benchmark,condition,step,phase,strip_index,airplane_index,wing_index,spanwise_index,chord_m,strip_width_m,v_perp_m_s,lift_direction_x_gp1,lift_direction_y_gp1,lift_direction_z_gp1,lift_direction_surface_normal_projection,lift_direction_surface_normal_angle_deg,gamma_eq_m2_s,delta_t_tilde,y_gamma,x_state,y_phi,normal_x_gp1,normal_y_gp1,normal_z_gp1
yang2025,aoa15_smoke,20,0.0,0,0,0,0,0.13,0.0625,5.592938583383239,0.18154374000534304,-0.05714470462169517,0.9817211178326416,0.9968618894105878,4.54030878235412,0.06652933230843962,1.720904179502535,0.1628995707306385,0.08849362426606047,0.14176805402841475,0.2588190451025208,-0.05613026998143504,0.9642935728729247
yang2025,aoa15_smoke,20,0.0,1,0,0,1,0.13,0.06250000000000001,5.7240387347975545,0.27703431731021383,-0.05583589457069266,0.9592363316252955,0.99982127075624,1.0832829500366161,0.025661699546938147,1.761242687630017,0.06283363586206549,0.041902137846019455,0.031377676117105346,0.2588190451025208,-0.056130269981435,0.9642935728729247
yang2025,aoa15_smoke,20,0.0,2,0,0,2,0.12999999999999995,0.06250000000000001,5.907535132715594,0.36498256714810245,-0.054101552700846885,0.9294410942460734,0.9937552478133187,6.406509860562992,-0.0409872611371552,1.8177031177586451,-0.1003588494427168,-0.038764936632483586,-0.13460231370934125,0.2588190451025208,-0.056130269981435,0.9642935728729247
yang2025,aoa15_smoke,20,0.0,3,0,0,3,0.13,0.062499999999999986,6.1387309533742975,0.44415360993491987,-0.052063989404689294,0.8944366449274355,0.9803772870293376,11.36919968324826,-0.10421181663427598,1.8888402933459376,-0.25516654993740345,-0.11764092969832084,-0.2849935857485461,0.2588190451025208,-0.056130269981435055,0.9642935728729247
yang2025,aoa15_smoke,21,0.04999999999999982,0,0,0,0,0.13000000000000003,0.062499999999999986,5.586739769721803,0.17553051091157643,-0.23590446490127645,0.9557918827750962,0.9963594928217077,4.890467965778863,0.04184054097181246,1.7189968522220929,0.10244813718927578,0.05557082853494397,0.08940785736835757,0.25881904510252074,-0.23145986300914229,0.9377841082616022
yang2025,aoa15_smoke,21,0.04999999999999982,1,0,0,1,0.13,0.0625,5.709477364090257,0.2683891017881778,-0.23083318697575766,0.9352450640511021,0.9999507872733397,0.568431485228819,-0.012287435353398426,1.7567622658739253,-0.030086247298699527,-0.008707820603136837,-0.0490921564373383,0.25881904510252074,-0.2314598630091423,0.9377841082616022
yang2025,aoa15_smoke,21,0.04999999999999982,2,0,0,2,0.13,0.0625,5.881614426818203,0.354338038080877,-0.22407739785007824,0.9078732700888008,0.9949634814741882,5.752879724786993,-0.08457421885616272,1.8097275159440624,-0.20708315367837044,-0.09679668365796856,-0.22731783322202037,0.25881904510252074,-0.2314598630091423,0.9377841082616022
yang2025,aoa15_smoke,21,0.04999999999999982,3,0,0,3,0.13000000000000003,0.06249999999999999,6.09896964566001,0.43217101989372714,-0.21609172245294522,0.8755184618563647,0.9829179511847859,10.605417618245928,-0.14374440425168777,1.8766060448184643,-0.35196357659162714,-0.1703942147330941,-0.36872629727978556,0.25881904510252085,-0.2314598630091421,0.9377841082616022
yang2025,aoa15_smoke,22,0.09999999999999987,0,0,0,0,0.13,0.0625,5.567560522905524,0.15531289221354433,-0.39658855137943055,0.9047626354061207,0.9944025672977538,6.065056579849469,0.031392704912477046,1.713095545509392,0.07686621790532226,0.04044668531525255,0.07082548881754802,0.25881904510252074,-0.38778071613382237,0.8846687617899478
yang2025,aoa15_smoke,22,0.09999999999999987,1,0,0,1,0.13000000000000003,0.0625,5.6637626768580684,0.23873039403153096,-0.389852274622724,0.8893947396612137,0.9997849099383678,1.1883806915992425,-0.026823637684527897,1.7426962082640207,-0.0656786850645947,-0.030107029023637735,-0.07387562559057358,0.2588190451025208,-0.38778071613382226,0.8846687617899478
yang2025,aoa15_smoke,22,0.09999999999999987,2,0,0,2,0.12999999999999998,0.06250000000000001,5.799465447944054,0.3171862441840253,-0.38073004871150135,0.868583626663875,0.9981424132941279,3.492845924732159,-0.0998505964745979,1.7844509070597092,-0.24448793845548367,-0.11950920439964227,-0.2526922329397824,0.25881904510252063,-0.3877807161338226,0.8846687617899476
yang2025,aoa15_smoke,22,0.09999999999999987,3,0,0,3,0.13000000000000003,0.062499999999999986,5.971976694746503,0.38963799606189986,-0.36973197910145733,0.8434930323687247,0.9904326022340273,7.9319763374933245,-0.15251677719152898,1.8375312906912313,-0.37344306145349343,-0.18507951363570824,-0.3783691127266088,0.2588190451025207,-0.3877807161338219,0.884668761789948
yang2025,aoa15_smoke,23,0.1499999999999999,0,0,0,0,0.13000000000000003,0.06249999999999999,5.538561054507657,0.11779686579941813,-0.5234656162575438,0.8438647089456601,0.9896888452858824,8.235029560822026,0.035496983908868615,1.7041726321562016,0.08691569929153704,0.04310008823512001,0.08798898352348258,0.25881904510252074,-0.5091739735187399,0.8208255396753666
yang2025,aoa15_smoke,23,0.1499999999999999,1,0,0,1,0.13000000000000003,0.0625,5.593956031119279,0.18250993197180573,-0.5182819206031152,0.8355082139079144,0.9969391918152466,4.484009497564032,-0.017761151362765223,1.7212172403443933,-0.043488846682883664,-0.022717053389009898,-0.04057095654017946,0.2588190451025208,-0.5091739735187395,0.820825539675367
yang2025,aoa15_smoke,23,0.1499999999999999,2,0,0,2,0.13000000000000003,0.06250000000000001,5.67279952870685,0.2449372534838581,-0.511078570802022,0.8238958892498169,0.9998971206620676,0.8218743638358872,-0.08619753008788993,1.7454767780636458,-0.21105789224307778,-0.10710638132461332,-0.20632558663385447,0.2588190451025208,-0.5091739735187398,0.8208255396753668
yang2025,aoa15_smoke,23,0.1499999999999999,3,0,0,3,0.13,0.0625,5.774131086051967,0.3044626648338077,-0.5021095351612851,0.8094371503843982,0.9988685291389385,2.725839465123058,-0.12984180350225275,1.7766557187852206,-0.31792253611307836,-0.1617956233056345,-0.3094194703657924,0.2588190451025207,-0.5091739735187395,0.820825539675367
yang2025,aoa15_smoke,24,0.19999999999999996,0,0,0,0,0.13000000000000003,0.0625,5.511204657819793,0.063733853476703,-0.6036270147917006,0.7947153093622082,0.9804575677997581,11.345842463406738,0.05774537483579598,1.6957552793291666,0.1413917207047888,0.06738248147475928,0.15133185733769416,0.2588190451025207,-0.5842467368005975,0.7691998780746607
yang2025,aoa15_smoke,24,0.19999999999999996,1,0,0,1,0.13000000000000003,0.06249999999999999,5.527428214951051,0.0994976402240989,-0.6018553088591013,0.792382740087107,0.9868845915232693,9.289756888915315,0.019327333725422877,1.7007471430618617,0.047323703064426875,0.018127852028371295,0.0639257015759533,0.2588190451025206,-0.5842467368005974,0.7691998780746608
yang2025,aoa15_smoke,24,0.19999999999999996,2,0,0,2,0.13000000000000003,0.06249999999999999,5.550722877615085,0.13488005691459293,-0.5993295087603484,0.7890573554411591,0.992008658894801,7.248315779222958,-0.037693012876116996,1.7079147315738719,-0.0922927587578535,-0.05335533816811869,-0.07066588239027768,0.25881904510252074,-0.5842467368005974,0.7691998780746607
yang2025,aoa15_smoke,24,0.19999999999999996,3,0,0,3,0.13,0.06250000000000003,5.581000103771918,0.1697540859681549,-0.5960781138953068,0.7847766767890915,0.9958424074561234,5.226478591996019,-0.07318780240078565,1.7172308011605901,-0.17920308501719878,-0.09804016900242829,-0.1538872055357121,0.2588190451025208,-0.5842467368005974,0.7691998780746606
yang2025,aoa15_smoke,25,0.25,0,0,0,0,0.13000000000000003,0.06249999999999999,5.500017908899544,0.0025519199241300717,-0.630772040091796,0.7759639947466215,0.9665831665647804,14.8537855999931,0.10265946943581099,1.6923132027383208,0.25136556947539485,0.1186525802611061,0.2724561829051688,0.2588190451025208,-0.6092809879377961,0.7495261033678298
yang2025,aoa15_smoke,25,0.25,1,0,0,1,0.13,0.0625,5.500043902220612,0.003995529090521877,-0.6307690590501076,0.7759603275247575,0.9669522351401882,14.771072437078978,0.08894150598138173,1.692321200683265,0.2177766203534504,0.09794397259207285,0.25060963310740747,0.2588190451025208,-0.6092809879377957,0.74952610336783
yang2025,aoa15_smoke,25,0.25,2,0,0,2,0.13,0.06249999999999999,5.500081357676571,0.005439113276823412,-0.6307647635240651,0.7759550432487646,0.967319284335667,14.688360228342118,0.05013614087917893,1.6923327254389449,0.1227602253611226,0.04754495314998817,0.164265703952842,0.25881904510252074,-0.6092809879377964,0.7495261033678295
yang2025,aoa15_smoke,25,0.25,3,0,0,3,0.13,0.06250000000000003,5.500130275033252,0.006882663458657146,-0.6307591535942308,0.7759481420177541,0.9676843119389074,14.605649318500124,0.015000412475433154,1.6923477769333082,0.03672907375203878,0.00432835743722342,0.07883761206842668,0.258819045102521,-0.609280987937796,0.7495261033678299
yang2025,aoa15_smoke,26,0.30000000000000004,0,0,0,0,0.13,0.0625,5.507672143449469,-0.05276403748065114,-0.6080492267319972,0.7921439857875338,0.9509239615062485,18.024561184726206,0.16765690452075435,1.6946683518306056,0.4105142322763691,0.19484451467569755,0.4417520366638299,0.2588190451025208,-0.5881497396606444,0.766219671914873
yang2025,aoa15_smoke,26,0.30000000000000004,1,0,0,1,0.12999999999999998,0.06250000000000001,5.518771001984549,-0.08240772651090149,-0.6068263725227113,0.7905508966677807,0.9413117326106203,19.726975433509015,0.18520952601888535,1.6980833852260153,0.45349248574788636,0.2113261065565431,0.49975289470008644,0.2588190451025207,-0.5881497396606445,0.766219671914873
yang2025,aoa15_smoke,26,0.30000000000000004,2,0,0,2,0.13000000000000006,0.06249999999999999,5.534720046612849,-0.11183433275660735,-0.605077720230367,0.7882728173023007,0.9309215878669852,21.42106763680083,0.167634789715019,1.7029907835731835,0.4104600833433181,0.1864675180854849,0.4667476541018407,0.25881904510252074,-0.5881497396606447,0.7662196719148726
yang2025,aoa15_smoke,26,0.30000000000000004,3,0,0,3,0.13,0.06249999999999999,5.555477504753939,-0.14096971407716724,-0.6028169108869685,0.7853275187217719,0.9197943561560937,23.10396329608579,0.1255150109736345,1.7093776937704428,0.3073282219798064,0.13603634920870092,0.3602115073234132,0.25881904510252074,-0.5881497396606447,0.7662196719148726
yang2025,aoa15_smoke,27,0.3500000000000001,0,0,0,0,0.13000000000000003,0.06249999999999999,5.525553520872392,-0.09606159310197172,-0.5433172729653051,0.8340134958310061,0.9365962278633935,20.512424081592503,0.23957953589926387,1.7001703141145819,0.5866194984927697,0.2815522573605171,0.621891974150373,0.2588190451025208,-0.5272424757745767,0.8093380465734417
yang2025,aoa15_smoke,27,0.3500000000000001,1,0,0,1,0.13000000000000003,0.0625,5.562314068484139,-0.14926587759977838,-0.5397265658899367,0.8285016184999424,0.916471800434034,23.58438549888945,0.2886718571691719,1.7114812518412732,0.7068238923075582,0.3366840155373618,0.7570076841568099,0.25881904510252074,-0.5272424757745765,0.8093380465734415
yang2025,aoa15_smoke,27,0.3500000000000001,2,0,0,2,0.13000000000000006,0.06249999999999999,5.614828465994956,-0.2012054178845438,-0.534678608396676,0.8207528041602419,0.8940959503471622,26.60745743895906,0.2904768063969534,1.727639527998447,0.7112433783326553,0.33610517194573886,0.7697929299944217,0.2588190451025208,-0.5272424757745764,0.8093380465734417
yang2025,aoa15_smoke,27,0.3500000000000001,3,0,0,3,0.12999999999999998,0.06250000000000003,5.682659978416565,-0.25150266428248513,-0.5282963756386406,0.8109558245341657,0.8697840125099563,29.5664499427654,0.2436170715905968,1.7485107625897125,0.5965055563879329,0.2800186872317172,0.6512078292746806,0.2588190451025208,-0.5272424757745765,0.8093380465734417
yang2025,aoa15_smoke,28,0.40000000000000013,0,0,0,0,0.13000000000000003,0.06249999999999999,5.546306134884846,-0.12895077791978277,-0.442621940210551,0.887388029510276,0.9244863900111896,22.408966002739273,0.3052765248723808,1.7065557338107213,0.7474810452823897,0.36282006169532643,0.7802424281199949,0.2588190451025207,-0.4311395493698548,0.86436762483412
yang2025,aoa15_smoke,28,0.40000000000000013,1,0,0,1,0.13,0.06250000000000003,5.612547004325524,-0.19925709033837274,-0.43739799070411994,0.8769148246425555,0.8949848269142844,26.49351906854907,0.38095917466449614,1.726937539792469,0.9327928579086661,0.4514174491684124,0.9777297972664281,0.25881904510252085,-0.43113954936985477,0.86436762483412
yang2025,aoa15_smoke,28,0.40000000000000013,2,0,0,2,0.12999999999999998,0.06250000000000001,5.706566269805382,-0.2666190154163817,-0.4301915839326848,0.8624671018258534,0.8619551669659796,30.463177178437935,0.39776431791893474,1.7558665445555024,0.9739408828057636,0.47016749919372053,1.0243497094332474,0.25881904510252074,-0.4311395493698544,0.8643676248341201
yang2025,aoa15_smoke,28,0.40000000000000013,3,0,0,3,0.13000000000000003,0.06249999999999999,5.827019468786128,-0.33029207905827856,-0.42129888111319763,0.8446386181581611,0.8262310054669209,34.286504454208014,0.35220728315082783,1.792929067318808,0.8623927708680164,0.4151209136269252,0.9106191862892652,0.2588190451025209,-0.4311395493698548,0.8643676248341198
yang2025,aoa15_smoke,29,0.44999999999999973,0,0,0,0,0.13000000000000003,0.062499999999999986,5.567014086963062,-0.15469488842356147,-0.3094995031903326,0.9382321402619712,0.914260310467315,23.8991012167386,0.36011948884535294,1.7129274113732496,0.881766103899455,0.4317092041657195,0.9092876472514788,0.25881904510252074,-0.3025961270083784,0.9173049034054864
yang2025,aoa15_smoke,29,0.44999999999999973,1,0,0,1,0.13,0.06250000000000001,5.662379009362791,-0.2377630650504975,-0.3042869598307839,0.9224305778619503,0.8766885382108542,28.754552170158696,0.4562134464391618,1.7422704644193203,1.1170557708581883,0.5463937530859965,1.1534581678874813,0.25881904510252074,-0.3025961270083782,0.9173049034054864
yang2025,aoa15_smoke,29,0.44999999999999973,2,0,0,2,0.13000000000000003,0.06250000000000001,5.796904453867614,-0.31593078151052667,-0.29722554647577426,0.9010242592829149,0.8346843671499845,33.41701336290852,0.4837477506069243,1.7836629088823424,1.184474549518114,0.579105771449648,1.2238690594463408,0.25881904510252085,-0.3025961270083784,0.9173049034054864
yang2025,aoa15_smoke,29,0.44999999999999973,3,0,0,3,0.13,0.06250000000000001,5.967942815513458,-0.388163323907703,-0.28870720572083963,0.8752013387431423,0.7897241009490557,37.84026422781639,0.4441894745736883,1.836290097081064,1.0876146238122193,0.5308453922419556,1.1265003828046813,0.2588190451025208,-0.3025961270083783,0.9173049034054864
yang2025,aoa15_smoke,30,0.4999999999999998,0,0,0,0,0.13000000000000003,0.0625,5.5853766629244115,-0.1741776187825178,-0.14805316696238066,0.9735206299137482,0.9060804420711833,25.030804165298594,0.4053835565255335,1.7185774347459724,0.9925968749109447,0.4887614245576727,1.015207913604344,0.2588190451025208,-0.14522830091512856,0.9549457798773312
yang2025,aoa15_smoke,30,0.4999999999999998,1,0,0,1,0.13000000000000003,0.062499999999999986,5.706288990537562,-0.26644966094464395,-0.14491602247888105,0.9528923992830379,0.8620442362789252,30.45310969499834,0.51734929213704,1.755781227857711,1.2667491869031218,0.6236858830272871,1.2958153181759429,0.25881904510252074,-0.1452283009151286,0.9549457798773312
yang2025,aoa15_smoke,30,0.4999999999999998,2,0,0,2,0.13,0.06250000000000004,5.8759465430284505,-0.35194839014724905,-0.14073182891781932,0.9253793184430941,0.8130343730681268,35.606533753677674,0.55300112169171,1.8079835517010616,1.3540440315784368,0.666804198147029,1.384697484505005,0.2588190451025207,-0.14522830091512842,0.9549457798773312
yang2025,aoa15_smoke,30,0.4999999999999998,3,0,0,3,0.13000000000000003,0.062499999999999986,6.090276977751838,-0.4294748983657807,-0.1357791618746683,0.8928131556346574,0.7611508490804837,40.434240491766886,0.5227720170914764,1.873931377769796,1.2800269327727576,0.6295229207387231,1.311498569715725,0.25881904510252074,-0.14522830091512856,0.9549457798773312
yang2025,aoa15_smoke,31,0.5499999999999998,0,0,0,0,0.13000000000000003,0.06249999999999999,5.596062351510084,-0.18449241093619503,0.03307076746236972,0.9822773919043439,0.901594534346249,25.63154029561036,0.4431174304711256,1.721865338926179,1.0849896835332136,0.5362503270771227,1.1037232276016655,0.2588190451025208,0.03250183692457364,0.9653788543824378
yang2025,aoa15_smoke,31,0.5499999999999998,1,0,0,1,0.13,0.06249999999999999,5.731572735443275,-0.2813780345586128,0.03228888217491998,0.9590536115128426,0.8540735305392493,31.34246734019185,0.5688823078813637,1.7635608416748538,1.3929297128745313,0.6884365304643811,1.4170146907931849,0.2588190451025208,0.03250183692457361,0.9653788543824378
yang2025,aoa15_smoke,31,0.5499999999999998,2,0,0,2,0.12999999999999998,0.06250000000000003,5.921102271261962,-0.3703780490538209,0.03125534203824338,0.9283551068277471,0.8013693525363603,36.73893443171849,0.6122434565436072,1.8218776219267578,1.4991011151474327,0.7410644282099642,1.524559503238689,0.25881904510252074,0.0325018369245736,0.9653788543824376
yang2025,aoa15_smoke,31,0.5499999999999998,3,0,0,3,0.13,0.06249999999999999,6.159666557305608,-0.45024416791493976,0.030044820610007975,0.8923998532121664,0.7459486942021876,41.75935058835035,0.5931366879468143,1.8952820176324947,1.4523174740906233,0.7171170396686917,1.479442566220483,0.25881904510252085,0.03250183692457359,0.9653788543824378
yang2025,aoa15_smoke,32,0.5999999999999999,0,0,0,0,0.13,0.06250000000000001,5.589882322088158,-0.17860678190643467,0.2172571567717121,0.9596347978728675,0.9041674181778602,25.288619304440356,0.47254573620070667,1.719963791411741,1.1570459962052502,0.5735986787481121,1.171818954268789,0.2588190451025208,0.21328378806553236,0.9420842465727981
yang2025,aoa15_smoke,32,0.5999999999999999,1,0,0,1,0.13000000000000003,0.06249999999999999,5.716454513675671,-0.27257396448122845,0.21244670749674965,0.9383868234160029,0.8588035488618233,30.817490316089373,0.6120852820387235,1.758909081130975,1.4987138189270728,0.742597527922523,1.5189919635501128,0.2588190451025207,0.21328378806553255,0.942084246572798
yang2025,aoa15_smoke,32,0.5999999999999999,2,0,0,2,0.12999999999999998,0.06250000000000004,5.893691159941486,-0.35935416174327894,0.20605795367081742,0.9101674055726128,0.808395494457925,36.060538189211,0.6648031947945776,1.81344343382815,1.6277956097667883,0.8063491451508014,1.6504415889645667,0.25881904510252074,0.2132837880655325,0.9420842465727981
yang2025,aoa15_smoke,32,0.5999999999999999,3,0,0,3,0.13000000000000012,0.06249999999999991,6.117190059197289,-0.43773173585050823,0.19852937839644166,0.876913344260893,0.7551760352204472,40.959246283687364,0.6551538974072121,1.8822123259068564,1.604168942435049,0.7940035763491755,1.6284116270400961,0.2588190451025207,0.2132837880655327,0.942084246572798
yang2025,aoa15_smoke,33,0.6499999999999999,0,0,0,0,0.13000000000000003,0.06250000000000001,5.56074593515319,-0.14740688419018405,0.3795664621848155,0.9133457785952945,0.9172222833564825,23.476681472074244,0.4872093034549358,1.7109987492779044,1.1929502917724963,0.5937802480104412,1.2010349853999176,0.2588190451025208,0.3706824063259107,0.8919681919960217
yang2025,aoa15_smoke,33,0.6499999999999999,1,0,0,1,0.13,0.062499999999999986,5.646458449349707,-0.22628175058443542,0.37380469202917327,0.8994813069594155,0.882305511229708,28.078261153827743,0.6401541693444709,1.7373718305691406,1.5674415444932122,0.7790334628483937,1.581503472687849,0.2588190451025209,0.3706824063259107,0.8919681919960216
yang2025,aoa15_smoke,33,0.6499999999999999,2,0,0,2,0.13,0.062499999999999986,5.767375097616547,-0.3009495209849265,0.3659676414296265,0.8806231153253814,0.843254106323857,32.51464247330707,0.7039145013194789,1.7745769531127837,1.723561113831716,0.8557494820913143,1.7416543383053473,0.2588190451025208,0.3706824063259108,0.8919681919960217
yang2025,aoa15_smoke,33,0.6499999999999999,3,0,0,3,0.12999999999999998,0.06250000000000001,5.921339615699061,-0.3704714111649678,0.35645188398225436,0.8577254735140719,0.8013092250577244,36.744693362684785,0.6944471242017396,1.821950650984327,1.7003798851178196,0.8444282238359246,1.717665041286775,0.2588190451025208,0.3706824063259106,0.8919681919960217
yang2025,aoa15_smoke,34,0.7,0,0,0,0,0.13000000000000006,0.0625,5.521038459786936,-0.0872162596482622,0.49231039753245687,0.8660391426110031,0.9396718419347878,20.003480617008627,0.4741751327627918,1.6987810645498258,1.1610356349300617,0.5821042041997686,1.1562764747258483,0.25881904510252085,0.477354333139138,0.8397294460274145
yang2025,aoa15_smoke,34,0.7,1,0,0,1,0.13000000000000006,0.06249999999999999,5.550872326560678,-0.13507589139172516,0.48966441291107915,0.8613845054870555,0.922113149670001,22.763008341385717,0.6338329724369257,1.7079607158648233,1.551963856276396,0.7763427733289543,1.5508813207041272,0.25881904510252085,0.47735433313913805,0.8397294460274144
yang2025,aoa15_smoke,34,0.7,2,0,0,2,0.13000000000000003,0.06249999999999998,5.593427696822719,-0.18200891946188202,0.48593899595299245,0.8548310040285833,0.9026844760841576,25.486795599104646,0.703668914178354,1.7210546759454517,1.722959784486026,0.860813269660859,1.7249596522324886,0.2588190451025208,0.47735433313913805,0.8397294460274142
yang2025,aoa15_smoke,34,0.7,3,0,0,3,0.13000000000000006,0.06249999999999998,5.648417045143315,-0.22773078272750893,0.4812082070439129,0.8465089202553622,0.8816042257118435,28.163510159337005,0.6759430914684319,1.7379744754287116,1.6550720654772006,0.829459988493588,1.649300198212238,0.2588190451025208,0.47735433313913805,0.8397294460274142
yang2025,aoa15_smoke,35,0.75,0,0,0,0,0.13000000000000003,0.06249999999999999,5.500233209136973,-0.009208579105258503,0.5361381514732788,0.8440800226315498,0.9635015155151634,15.527620175072546,0.4226208396371837,1.6923794489652222,1.0348030104908459,0.5252031034001139,1.011398216026773,0.25881904510252074,0.5178916455019681,0.8153532641815345
yang2025,aoa15_smoke,35,0.75,1,0,0,1,0.12999999999999998,0.06250000000000001,5.500565158839874,-0.014334595678540587,0.5361057964524841,0.8440290838453262,0.9621165152999064,15.821339963287224,0.5704986944484296,1.692481587335346,1.396887496137545,0.707835308466188,1.3687128149452983,0.25881904510252085,0.5178916455019679,0.8153532641815346
yang2025,aoa15_smoke,35,0.75,2,0,0,2,0.13,0.062499999999999986,5.501041642331517,-0.01945948230666301,0.5360593605993512,0.8439559766138109,0.9607064400763166,16.115016586057724,0.6286033875058485,1.6926281976404667,1.5391590210133224,0.7805767000896556,1.506167452264339,0.2588190451025208,0.5178916455019683,0.8153532641815344
yang2025,aoa15_smoke,35,0.75,3,0,0,3,0.13000000000000003,0.06250000000000001,5.501662622058909,-0.02458283554440894,0.5359988548907169,0.8438607182186151,0.9592714140391296,16.408634626153184,0.571034201145999,1.6928192683258176,1.3981987044141135,0.7148090882385091,1.3510694963197567,0.25881904510252085,0.5178916455019676,0.8153532641815349
yang2025,aoa15_smoke,36,0.7999999999999998,0,0,0,0,0.13,0.062499999999999986,5.511637847423479,0.06495036795543849,0.5087379017968269,0.8584679359054801,0.9806966618950537,11.275996586018083,0.3395121143771672,1.6958885684379934,0.8313081729647247,0.4288052650777248,0.7918546371786375,0.25881904510252085,0.49244287343894455,0.83097094912603
yang2025,aoa15_smoke,36,0.7999999999999998,1,0,0,1,0.13,0.0625,5.5281930134648585,0.10086482302241853,0.5072143948542734,0.8558970996149419,0.9871054764519753,9.211027004566487,0.452238035650803,1.700982465681495,1.107321828122986,0.5720518201991756,1.0521491097099382,0.25881904510252074,0.4924428734389445,0.83097094912603
yang2025,aoa15_smoke,36,0.7999999999999998,2,0,0,2,0.13,0.0625,5.551880614978409,0.13638937256749267,0.5050503186969383,0.8522453371152972,0.9921997140113572,7.161031754279016,0.47970132298539353,1.7082709584548952,1.1745667193976495,0.6101315116202661,1.1060222636333252,0.2588190451025206,0.49244287343894444,0.8309709491260301
yang2025,aoa15_smoke,36,0.7999999999999998,3,0,0,3,0.13000000000000003,0.06249999999999996,5.582609861678048,0.1713956090545341,0.5022702899606474,0.8475541876598055,0.9959927804569024,5.1310273711530705,0.4061686334804544,1.7177261112855529,0.9945191653429939,0.5226727845330179,0.918279559758431,0.2588190451025205,0.49244287343894494,0.8309709491260298
yang2025,aoa15_smoke,37,0.8499999999999999,0,0,0,0,0.13000000000000003,0.0625,5.540445655678736,0.12061034033577181,0.42100631166235003,0.8990032432336125,0.9900907507189534,8.072671648478376,0.2479418360629719,1.7047525094396108,0.6070949047492666,0.3184187567928377,0.5624809914946535,0.25881904510252074,0.4096513541025343,0.8747562346014914
yang2025,aoa15_smoke,37,0.8499999999999999,1,0,0,1,0.13,0.0625,5.597782309099692,0.18609394385086378,0.41669405161955075,0.8897949827948654,0.9972176480561983,4.2750816146114845,0.31254224434402494,1.722394556646059,0.7652714324982544,0.40463374852748457,0.6992773356631821,0.2588190451025208,0.4096513541025343,0.8747562346014914
yang2025,aoa15_smoke,37,0.8499999999999999,2,0,0,2,0.13,0.06249999999999999,5.679152018858718,0.24919067716363932,0.41072374585453514,0.8770461852182849,0.9999504503164682,0.5703741913261501,0.30506171735250837,1.7474313904180672,0.7469550809962204,0.4001147688325637,0.6670433959928599,0.25881904510252085,0.4096513541025348,0.8747562346014911
yang2025,aoa15_smoke,37,0.8499999999999999,3,0,0,3,0.13,0.06249999999999998,5.783540497242336,0.30926905218753287,0.40331049667157887,0.8612161729981326,0.9986156285219698,3.015185712569991,0.23231442070115285,1.779550922228411,0.5688305908633633,0.31017762480287686,0.4915436027497777,0.25881904510252063,0.40965135410253445,0.8747562346014913
yang2025,aoa15_smoke,38,0.8999999999999999,0,0,0,0,0.13000000000000003,0.062499999999999986,5.56825386093877,0.15609325626725698,0.2874665481680324,0.9449856501726579,0.9944857264040472,6.019792972536576,0.16801707998006812,1.713308880288852,0.41139613542606407,0.2189385222487225,0.3716747718189928,0.2588190451025208,0.2811172071790614,0.9241135307526149
yang2025,aoa15_smoke,38,0.8999999999999999,1,0,0,1,0.13,0.06250000000000001,5.664678581700564,0.23936816950306267,0.28257326406802996,0.9289000106915127,0.9997983164732727,1.1507477732351459,0.1865506757800965,1.7429780251386349,0.45677634134670575,0.24833670792174162,0.3969307296015394,0.2588190451025208,0.2811172071790613,0.9241135307526149
yang2025,aoa15_smoke,38,0.8999999999999999,2,0,0,2,0.12999999999999998,0.06250000000000004,5.800484397249432,0.3176839178891491,0.2759574213295748,0.9071518229754776,0.9981103019155424,3.5229157386500844,0.15073247310871607,1.7847644299229026,0.36907412584182087,0.20769565573235496,0.29959834740748725,0.2588190451025208,0.2811172071790612,0.9241135307526149
yang2025,aoa15_smoke,38,0.8999999999999999,3,0,0,3,0.13000000000000014,0.06249999999999991,5.972985726262082,0.39000553186975384,0.267987701642995,0.8809530503262336,0.9903774473517066,7.954843610861888,0.08180185046835584,1.8378417619267924,0.200294905478506,0.12126172019017843,0.13695210312572975,0.2588190451025209,0.28111720717906197,0.9241135307526147
yang2025,aoa15_smoke,39,0.95,0,0,0,0,0.13000000000000003,0.062499999999999986,5.586514046895231,0.17530726912257025,0.12287052237995577,0.9768163574197882,0.9963401358288265,4.903460237770813,0.10767889301810013,1.718927399044686,0.2636558167768309,0.14198852861240888,0.2331739561048507,0.25881904510252074,0.12055068663427146,0.9583737443420626
yang2025,aoa15_smoke,39,0.95,1,0,0,1,0.13,0.0625,5.708506696437416,0.26780048960254177,0.12024473925087265,0.9559414733398318,0.9999566620543316,0.5334249916603723,0.09058302176103258,1.7564635989038202,0.2217959334379855,0.12619408058849213,0.17590759182948734,0.25881904510252074,0.12055068663427143,0.9583737443420626
yang2025,aoa15_smoke,39,0.95,2,0,0,2,0.12999999999999995,0.06250000000000003,5.879507171115356,0.353452286807969,0.11674752309125278,0.9281387271320352,0.9950579646228462,5.698618395838955,0.035468171097652074,1.8090791295739563,0.08684515004031423,0.06054144319704166,0.0354885455096606,0.25881904510252074,0.12055068663427122,0.9583737443420626
yang2025,aoa15_smoke,39,0.95,3,0,0,3,0.13,0.0625,6.095392260711034,0.431064894477738,0.11261258830697571,0.8952661401525807,0.9831428921307099,10.535160018790883,-0.03054017986802753,1.8755053109880102,-0.07477877829095644,-0.022173718327714684,-0.12042579074424707,0.2588190451025208,0.12055068663427149,0.9583737443420626
izraelevitz2017_fig14,theta15_psi60_smoke,128,0.0,0,0,0,0,0.10160000000000002,0.010208864231625786,3.048,-1.0927391974657055e-15,0.0,1.0,0.9914448613738104,7.500000000000013,-0.007730800259818811,0.18749999999999994,-0.024220375500123473,-0.058502513753723416,0.11495660251086157,0.1305261922200516,-0.0,0.9914448613738105
izraelevitz2017_fig14,theta15_psi60_smoke,128,0.0,1,0,0,1,0.10160000000000001,0.02789113576837421,3.048,-1.0927391974657055e-15,0.0,1.0,0.9914448613738104,7.500000000000013,-0.015221241318277826,0.18749999999999994,-0.04768771251571876,-0.08852391280684414,0.14635245713123554,0.1305261922200516,-0.0,0.9914448613738105
izraelevitz2017_fig14,theta15_psi60_smoke,128,0.0,2,0,0,2,0.10160000000000001,0.038099999999999995,3.048,-1.0927391974657055e-15,0.0,1.0,0.9914448613738104,7.500000000000013,-0.02360219519206022,0.18749999999999994,-0.07394500064244389,-0.1172604065856967,0.16691871815098036,0.1305261922200516,-0.0,0.9914448613738105
izraelevitz2017_fig14,theta15_psi60_smoke,128,0.0,3,0,0,3,0.1016,0.03810000000000001,3.048,-1.0927391974657055e-15,0.0,1.0,0.9914448613738104,7.500000000000013,-0.029846666688691802,0.18749999999999997,-0.09350875075436048,-0.13461267154747097,0.17006613775651172,0.1305261922200516,-0.0,0.9914448613738105
izraelevitz2017_fig14,theta15_psi60_smoke,128,0.0,4,0,0,4,0.1016,0.027891135768374212,3.048,-1.0927391974657055e-15,0.0,1.0,0.9914448613738104,7.500000000000013,-0.03259194456875906,0.18749999999999997,-0.10210962761998141,-0.14154434151055356,0.16935895548170715,0.1305261922200516,-0.0,0.9914448613738105
izraelevitz2017_fig14,theta15_psi60_smoke,128,0.0,5,0,0,5,0.10160000000000001,0.010208864231625769,3.048,-1.0927391974657055e-15,0.0,1.0,0.9914448613738104,7.500000000000013,-0.033112359918095434,0.18749999999999994,-0.10374007398430776,-0.14282397591686694,0.16912174278983144,0.1305261922200516,-0.0,0.9914448613738105
izraelevitz2017_fig14,theta15_psi60_smoke,128,0.0,6,0,0,6,0.10160000000000001,0.010208864231625769,3.048,-1.0927391974657055e-15,0.0,1.0,0.9914448613738104,7.500000000000013,-0.03311235991809543,0.18749999999999994,-0.10374007398430773,-0.142823975916867,0.1691217427898316,0.1305261922200516,-0.0,0.9914448613738105
izraelevitz2017_fig14,theta15_psi60_smoke,128,0.0,7,0,0,7,0.1016,0.027891135768374212,3.048,-1.0927391974657055e-15,0.0,1.0,0.9914448613738104,7.500000000000013,-0.032591944568759135,0.18749999999999997,-0.10210962761998164,-0.1415443415105536,0.16935895548170665,0.1305261922200516,-0.0,0.9914448613738105
izraelevitz2017_fig14,theta15_psi60_smoke,128,0.0,8,0,0,8,0.1016,0.03810000000000001,3.048,-1.0927391974657055e-15,0.0,1.0,0.9914448613738104,7.500000000000013,-0.029846666688691816,0.18749999999999997,-0.09350875075436052,-0.13461267154747103,0.1700661377565118,0.1305261922200516,-0.0,0.9914448613738105
izraelevitz2017_fig14,theta15_psi60_smoke,128,0.0,9,0,0,9,0.10160000000000001,0.038099999999999995,3.048,-1.0927391974657055e-15,0.0,1.0,0.9914448613738104,7.500000000000013,-0.023602195192060253,0.18749999999999994,-0.07394500064244398,-0.1172604065856967,0.16691871815098014,0.1305261922200516,-0.0,0.9914448613738105
izraelevitz2017_fig14,theta15_psi60_smoke,128,0.0,10,0,0,10,0.10160000000000001,0.02789113576837421,3.048,-1.0927391974657055e-15,0.0,1.0,0.9914448613738104,7.500000000000013,-0.015221241318277888,0.18749999999999994,-0.047687712515718954,-0.08852391280684416,0.14635245713123513,0.1305261922200516,-0.0,0.9914448613738105
izraelevitz2017_fig14,theta15_psi60_smoke,128,0.0,11,0,0,11,0.10160000000000002,0.010208864231625786,3.048,-1.0927391974657055e-15,0.0,1.0,0.9914448613738104,7.500000000000013,-0.0077308002598188465,0.18749999999999994,-0.024220375500123584,-0.058502513753723395,0.11495660251086123,0.1305261922200516,-0.0,0.9914448613738105
izraelevitz2017_fig14,theta15_psi60_smoke,129,0.015625,0,0,0,0,0.10159999999999998,0.010208864231625786,3.0537562961081837,-0.061371200215911095,0.0,0.9981150113008314,0.98567661606309,9.70912727232867,0.00200808286141378,0.18785410286098572,0.006291266014411823,-0.04560048384376976,0.15252961656733885,0.10783634741687162,-0.0,0.9941686588179028
izraelevitz2017_fig14,theta15_psi60_smoke,129,0.015625,1,0,0,1,0.10159999999999998,0.02789113576837421,3.0537562961081837,-0.061371200215911095,0.0,0.9981150113008314,0.98567661606309,9.70912727232867,-0.001097045234054251,0.18785410286098572,-0.00343701125580983,-0.07035684666434366,0.20247801185350642,0.10783634741687162,-0.0,0.9941686588179028
izraelevitz2017_fig14,theta15_psi60_smoke,129,0.015625,2,0,0,2,0.10159999999999998,0.038099999999999995,3.0537562961081837,-0.061371200215911095,0.0,0.9981150113008314,0.98567661606309,9.70912727232867,-0.00588472461897351,0.18785410286098572,-0.01843667346150009,-0.09464882635105332,0.23785479539940974,0.10783634741687162,-0.0,0.9941686588179028
izraelevitz2017_fig14,theta15_psi60_smoke,129,0.015625,3,0,0,3,0.1016,0.03810000000000001,3.0537562961081837,-0.061371200215911095,0.0,0.9981150113008314,0.98567661606309,9.70912727232867,-0.010319645366046348,0.1878541028609857,-0.032331152971685984,-0.10982347603185205,0.2486425456663412,0.10783634741687162,-0.0,0.9941686588179028
izraelevitz2017_fig14,theta15_psi60_smoke,129,0.015625,4,0,0,4,0.10159999999999998,0.027891135768374212,3.0537562961081837,-0.061371200215911095,0.0,0.9981150113008314,0.98567661606309,9.70912727232867,-0.012417924758193694,0.18785410286098572,-0.0389050021301133,-0.11599235560418364,0.2507145614872677,0.10783634741687162,-0.0,0.9941686588179028
izraelevitz2017_fig14,theta15_psi60_smoke,129,0.015625,5,0,0,5,0.10159999999999998,0.010208864231625769,3.0537562961081837,-0.061371200215911095,0.0,0.9981150113008314,0.98567661606309,9.70912727232867,-0.012823329240528833,0.18785410286098572,-0.0401751227465552,-0.11713709034635918,0.2509734641726895,0.10783634741687162,-0.0,0.9941686588179028
izraelevitz2017_fig14,theta15_psi60_smoke,129,0.015625,6,0,0,6,0.10159999999999998,0.010208864231625769,3.0537562961081837,-0.061371200215911095,0.0,0.9981150113008314,0.98567661606309,9.70912727232867,-0.012823329240528833,0.18785410286098572,-0.0401751227465552,-0.11713709034635922,0.2509734641726896,0.10783634741687162,-0.0,0.9941686588179028
izraelevitz2017_fig14,theta15_psi60_smoke,129,0.015625,7,0,0,7,0.10159999999999998,0.027891135768374212,3.0537562961081837,-0.061371200215911095,0.0,0.9981150113008314,0.98567661606309,9.70912727232867,-0.012417924758193704,0.18785410286098572,-0.03890500213011334,-0.11599235560418368,0.2507145614872677,0.10783634741687162,-0.0,0.9941686588179028
izraelevitz2017_fig14,theta15_psi60_smoke,129,0.015625,8,0,0,8,0.1016,0.03810000000000001,3.0537562961081837,-0.061371200215911095,0.0,0.9981150113008314,0.98567661606309,9.70912727232867,-0.010319645366046269,0.1878541028609857,-0.032331152971685734,-0.10982347603185207,0.24864254566634186,0.10783634741687162,-0.0,0.9941686588179028
izraelevitz2017_fig14,theta15_psi60_smoke,129,0.015625,9,0,0,9,0.10159999999999998,0.038099999999999995,3.0537562961081837,-0.061371200215911095,0.0,0.9981150113008314,0.98567661606309,9.70912727232867,-0.005884724618973463,0.18785410286098572,-0.018436673461499943,-0.0946488263510533,0.23785479539941004,0.10783634741687162,-0.0,0.9941686588179028
izraelevitz2017_fig14,theta15_psi60_smoke,129,0.015625,10,0,0,10,0.10159999999999998,0.02789113576837421,3.0537562961081837,-0.061371200215911095,0.0,0.9981150113008314,0.98567661606309,9.70912727232867,-0.0010970452340543799,0.18785410286098572,-0.0034370112558102335,-0.07035684666434372,0.20247801185350559,0.10783634741687162,-0.0,0.9941686588179028
izraelevitz2017_fig14,theta15_psi60_smoke,129,0.015625,11,0,0,11,0.10159999999999998,0.010208864231625786,3.0537562961081837,-0.061371200215911095,0.0,0.9981150113008314,0.98567661606309,9.70912727232867,0.002008082861413763,0.18785410286098572,0.006291266014411769,-0.04560048384376975,0.15252961656733868,0.10783634741687162,-0.0,0.9941686588179028
izraelevitz2017_fig14,theta15_psi60_smoke,130,0.03125,0,0,0,0,0.10159999999999998,0.010208864231625786,3.0707406740163234,-0.1214757386153296,0.0,0.9925944010157726,0.9788714171264286,11.798871278056504,0.011773032298625384,0.18889890957285455,0.03688457254934585,-0.032131202730698576,0.18860503956546035,0.08405336684675113,-0.0,0.9964612544006544
izraelevitz2017_fig14,theta15_psi60_smoke,130,0.03125,1,0,0,1,0.10159999999999998,0.02789113576837421,3.0707406740163234,-0.1214757386153296,0.0,0.9925944010157726,0.9788714171264286,11.798871278056504,0.013135108671905269,0.18889890957285455,0.04115191876344379,-0.05123213477618433,0.25657620123716246,0.08405336684675113,-0.0,0.9964612544006544
izraelevitz2017_fig14,theta15_psi60_smoke,130,0.03125,2,0,0,2,0.1016,0.038099999999999995,3.0707406740163234,-0.1214757386153296,0.0,0.9925944010157726,0.9788714171264286,11.798871278056504,0.012029066769802822,0.18889890957285452,0.037686721204657034,-0.07077949391297823,0.3065552847505773,0.08405336684675113,-0.0,0.9964612544006544
izraelevitz2017_fig14,theta15_psi60_smoke,130,0.03125,3,0,0,3,0.1016,0.03810000000000001,3.0707406740163234,-0.1214757386153296,0.0,0.9925944010157726,0.9788714171264286,11.798871278056504,0.009470240221849413,0.18889890957285452,0.029669991015256334,-0.08360568449682418,0.3249920310286134,0.08405336684675113,-0.0,0.9964612544006544
izraelevitz2017_fig14,theta15_psi60_smoke,130,0.03125,4,0,0,4,0.10159999999999998,0.027891135768374212,3.0707406740163234,-0.1214757386153296,0.0,0.9925944010157726,0.9788714171264286,11.798871278056504,0.008047699089457032,0.18889890957285455,0.025213210444945514,-0.08894581231725837,0.32987046306413886,0.08405336684675113,-0.0,0.9964612544006544
izraelevitz2017_fig14,theta15_psi60_smoke,130,0.03125,5,0,0,5,0.10159999999999998,0.010208864231625769,3.0707406740163234,-0.1214757386153296,0.0,0.9925944010157726,0.9788714171264286,11.798871278056504,0.007762786771761139,0.18889890957285455,0.024320588324688235,-0.08994365670956118,0.33063244094040417,0.08405336684675113,-0.0,0.9964612544006544
izraelevitz2017_fig14,theta15_psi60_smoke,130,0.03125,6,0,0,6,0.10159999999999998,0.010208864231625769,3.0707406740163234,-0.1214757386153296,0.0,0.9925944010157726,0.9788714171264286,11.798871278056504,0.007762786771761144,0.18889890957285455,0.02432058832468825,-0.08994365670956123,0.3306324409404043,0.08405336684675113,-0.0,0.9964612544006544
izraelevitz2017_fig14,theta15_psi60_smoke,130,0.03125,7,0,0,7,0.10159999999999998,0.027891135768374212,3.0707406740163234,-0.1214757386153296,0.0,0.9925944010157726,0.9788714171264286,11.798871278056504,0.008047699089457034,0.18889890957285455,0.02521321044494552,-0.0889458123172584,0.32987046306413903,0.08405336684675113,-0.0,0.9964612544006544
izraelevitz2017_fig14,theta15_psi60_smoke,130,0.03125,8,0,0,8,0.1016,0.03810000000000001,3.0707406740163234,-0.1214757386153296,0.0,0.9925944010157726,0.9788714171264286,11.798871278056504,0.009470240221849401,0.18889890957285452,0.029669991015256296,-0.08360568449682419,0.3249920310286133,0.08405336684675113,-0.0,0.9964612544006544
izraelevitz2017_fig14,theta15_psi60_smoke,130,0.03125,9,0,0,9,0.1016,0.038099999999999995,3.0707406740163234,-0.1214757386153296,0.0,0.9925944010157726,0.9788714171264286,11.798871278056504,0.01202906676980287,0.18889890957285452,0.037686721204657186,-0.07077949391297819,0.30655528475057753,0.08405336684675113,-0.0,0.9964612544006544
izraelevitz2017_fig14,theta15_psi60_smoke,130,0.03125,10,0,0,10,0.10159999999999998,0.02789113576837421,3.0707406740163234,-0.1214757386153296,0.0,0.9925944010157726,0.9788714171264286,11.798871278056504,0.013135108671905324,0.18889890957285455,0.04115191876344396,-0.05123213477618436,0.25657620123716296,0.08405336684675113,-0.0,0.9964612544006544
izraelevitz2017_fig14,theta15_psi60_smoke,130,0.03125,11,0,0,11,0.10159999999999998,0.010208864231625786,3.0707406740163234,-0.1214757386153296,0.0,0.9925944010157726,0.9788714171264286,11.798871278056504,0.011773032298625408,0.18889890957285455,0.03688457254934593,-0.03213120273069856,0.1886050395654605,0.08405336684675113,-0.0,0.9964612544006544
izraelevitz2017_fig14,theta15_psi60_smoke,131,0.046875,0,0,0,0,0.10159999999999998,0.010208864231625786,3.098123440603704,-0.17915228791874854,0.0,0.983821354582974,0.9714393478924973,13.726530822302081,0.021462113313843064,0.19058338094264912,0.06724018549402565,-0.01819337692641857,0.22268059451431985,0.0594134165661833,-0.0,0.9982334626388425
izraelevitz2017_fig14,theta15_psi60_smoke,131,0.046875,1,0,0,1,0.10159999999999998,0.02789113576837421,3.098123440603704,-0.17915228791874854,0.0,0.983821354582974,0.9714393478924973,13.726530822302081,0.027280068670787028,0.19058338094264912,0.08546767277248242,-0.031313419440212806,0.30760944025184445,0.0594134165661833,-0.0,0.9982334626388425
izraelevitz2017_fig14,theta15_psi60_smoke,131,0.046875,2,0,0,2,0.1016,0.038099999999999995,3.098123440603704,-0.17915228791874854,0.0,0.983821354582974,0.9714393478924973,13.726530822302081,0.02989898627640019,0.1905833809426491,0.09367266652216205,-0.045847530229706945,0.37172425699452594,0.0594134165661833,-0.0,0.9982334626388425
izraelevitz2017_fig14,theta15_psi60_smoke,131,0.046875,3,0,0,3,0.1016,0.03810000000000001,3.098123440603704,-0.17915228791874854,0.0,0.983821354582974,0.9714393478924973,13.726530822302081,0.02926416621622248,0.1905833809426491,0.09168379347981603,-0.056165649666262425,0.3977064326983274,0.0594134165661833,-0.0,0.9982334626388425
izraelevitz2017_fig14,theta15_psi60_smoke,131,0.046875,4,0,0,4,0.10159999999999998,0.027891135768374212,3.098123440603704,-0.17915228791874854,0.0,0.983821354582974,0.9714393478924973,13.726530822302081,0.02854031280893947,0.19058338094264912,0.08941598151440264,-0.060614151141657115,0.40538240721097796,0.0594134165661833,-0.0,0.9982334626388425
izraelevitz2017_fig14,theta15_psi60_smoke,131,0.046875,5,0,0,5,0.10159999999999998,0.010208864231625769,3.098123440603704,-0.17915228791874854,0.0,0.983821354582974,0.9714393478924973,13.726530822302081,0.028380444858159905,0.19058338094264912,0.08891511980951013,-0.06145356033284952,0.4066484805223239,0.0594134165661833,-0.0,0.9982334626388425
izraelevitz2017_fig14,theta15_psi60_smoke,131,0.046875,6,0,0,6,0.10159999999999998,0.010208864231625769,3.098123440603704,-0.17915228791874854,0.0,0.983821354582974,0.9714393478924973,13.726530822302081,0.0283804448581599,0.19058338094264912,0.0889151198095101,-0.06145356033284955,0.40664848052232394,0.0594134165661833,-0.0,0.9982334626388425
izraelevitz2017_fig14,theta15_psi60_smoke,131,0.046875,7,0,0,7,0.10159999999999998,0.027891135768374212,3.098123440603704,-0.17915228791874854,0.0,0.983821354582974,0.9714393478924973,13.726530822302081,0.02854031280893951,0.19058338094264912,0.08941598151440276,-0.06061415114165713,0.4053824072109783,0.0594134165661833,-0.0,0.9982334626388425
izraelevitz2017_fig14,theta15_psi60_smoke,131,0.046875,8,0,0,8,0.1016,0.03810000000000001,3.098123440603704,-0.17915228791874854,0.0,0.983821354582974,0.9714393478924973,13.726530822302081,0.02926416621622249,0.1905833809426491,0.09168379347981608,-0.05616564966626243,0.3977064326983275,0.0594134165661833,-0.0,0.9982334626388425
izraelevitz2017_fig14,theta15_psi60_smoke,131,0.046875,9,0,0,9,0.1016,0.038099999999999995,3.098123440603704,-0.17915228791874854,0.0,0.983821354582974,0.9714393478924973,13.726530822302081,0.029898986276400176,0.1905833809426491,0.09367266652216201,-0.04584753022970692,0.37172425699452577,0.0594134165661833,-0.0,0.9982334626388425
izraelevitz2017_fig14,theta15_psi60_smoke,131,0.046875,10,0,0,10,0.10159999999999998,0.02789113576837421,3.098123440603704,-0.17915228791874854,0.0,0.983821354582974,0.9714393478924973,13.726530822302081,0.027280068670787055,0.19058338094264912,0.08546767277248252,-0.03131341944021282,0.3076094402518448,0.0594134165661833,-0.0,0.9982334626388425
izraelevitz2017_fig14,theta15_psi60_smoke,131,0.046875,11,0,0,11,0.10159999999999998,0.010208864231625786,3.098123440603704,-0.17915228791874854,0.0,0.983821354582974,0.9714393478924973,13.726530822302081,0.021462113313843057,0.19058338094264912,0.06724018549402562,-0.018193376926418564,0.22268059451431974,0.0594134165661833,-0.0,0.9982334626388425
izraelevitz2017_fig14,theta15_psi60_smoke,132,0.0625,0,0,0,0,0.1016,0.010208864231625786,3.1345968946380225,-0.23342906256979806,0.0,0.9723738338457001,0.9638310566385613,15.456932350693307,0.03098348718920622,0.19282707275086258,0.09707037677926347,-0.003901121380930357,0.2543793060909497,0.03416502720525514,-0.0,0.9994162050497601
izraelevitz2017_fig14,theta15_psi60_smoke,132,0.0625,1,0,0,1,0.1016,0.02789113576837421,3.1345968946380225,-0.23342906256979806,0.0,0.9723738338457001,0.9638310566385613,15.456932350693307,0.041145793461019084,0.19282707275086258,0.12890859088109,-0.010801414609891348,0.354675721032399,0.03416502720525514,-0.0,0.9994162050497601
izraelevitz2017_fig14,theta15_psi60_smoke,132,0.0625,2,0,0,2,0.1016,0.038099999999999995,3.1345968946380225,-0.23342906256979806,0.0,0.9723738338457001,0.9638310566385613,15.456932350693307,0.04748441249535762,0.19282707275086258,0.1487673025285576,-0.020095818615510214,0.4322057121679247,0.03416502720525514,-0.0,0.9994162050497601
izraelevitz2017_fig14,theta15_psi60_smoke,132,0.0625,3,0,0,3,0.1016,0.03810000000000001,3.1345968946380225,-0.23342906256979806,0.0,0.9723738338457001,0.9638310566385613,15.456932350693307,0.04880006659412966,0.19282707275086258,0.15288920908798048,-0.02776252677356618,0.4655106030406498,0.03416502720525514,-0.0,0.9994162050497601
izraelevitz2017_fig14,theta15_psi60_smoke,132,0.0625,4,0,0,4,0.1016,0.027891135768374212,3.1345968946380225,-0.23342906256979806,0.0,0.9723738338457001,0.9638310566385613,15.456932350693307,0.04879090304995186,0.19282707275086258,0.15286049996687542,-0.03126130063930823,0.47593515183511326,0.03416502720525514,-0.0,0.9994162050497601
izraelevitz2017_fig14,theta15_psi60_smoke,132,0.0625,5,0,0,5,0.10160000000000001,0.010208864231625769,3.1345968946380225,-0.23342906256979806,0.0,0.9723738338457001,0.9638310566385613,15.456932350693307,0.04875947341466396,0.19282707275086255,0.15276203182089812,-0.03193146619905787,0.47769947814941893,0.03416502720525514,-0.0,0.9994162050497601
izraelevitz2017_fig14,theta15_psi60_smoke,132,0.0625,6,0,0,6,0.10160000000000001,0.010208864231625769,3.1345968946380225,-0.23342906256979806,0.0,0.9723738338457001,0.9638310566385613,15.456932350693307,0.04875947341466398,0.19282707275086255,0.1527620318208982,-0.03193146619905788,0.47769947814941915,0.03416502720525514,-0.0,0.9994162050497601
izraelevitz2017_fig14,theta15_psi60_smoke,132,0.0625,7,0,0,7,0.1016,0.027891135768374212,3.1345968946380225,-0.23342906256979806,0.0,0.9723738338457001,0.9638310566385613,15.456932350693307,0.04879090304995188,0.19282707275086258,0.15286049996687548,-0.03126130063930824,0.47593515183511337,0.03416502720525514,-0.0,0.9994162050497601
izraelevitz2017_fig14,theta15_psi60_smoke,132,0.0625,8,0,0,8,0.1016,0.03810000000000001,3.1345968946380225,-0.23342906256979806,0.0,0.9723738338457001,0.9638310566385613,15.456932350693307,0.04880006659412964,0.19282707275086258,0.15288920908798043,-0.027762526773566186,0.4655106030406496,0.03416502720525514,-0.0,0.9994162050497601
izraelevitz2017_fig14,theta15_psi60_smoke,132,0.0625,9,0,0,9,0.1016,0.038099999999999995,3.1345968946380225,-0.23342906256979806,0.0,0.9723738338457001,0.9638310566385613,15.456932350693307,0.04748441249535761,0.19282707275086258,0.14876730252855758,-0.020095818615510196,0.4322057121679246,0.03416502720525514,-0.0,0.9994162050497601
izraelevitz2017_fig14,theta15_psi60_smoke,132,0.0625,10,0,0,10,0.1016,0.02789113576837421,3.1345968946380225,-0.23342906256979806,0.0,0.9723738338457001,0.9638310566385613,15.456932350693307,0.04114579346101911,0.19282707275086258,0.12890859088109008,-0.010801414609891348,0.35467572103239925,0.03416502720525514,-0.0,0.9994162050497601
izraelevitz2017_fig14,theta15_psi60_smoke,132,0.0625,11,0,0,11,0.1016,0.010208864231625786,3.1345968946380225,-0.23342906256979806,0.0,0.9723738338457001,0.9638310566385613,15.456932350693307,0.030983487189205926,0.19282707275086258,0.09707037677926254,-0.003901121380930451,0.2543793060909477,0.03416502720525514,-0.0,0.9994162050497601
izraelevitz2017_fig14,theta15_psi60_smoke,133,0.078125,0,0,0,0,0.1016,0.010208864231625786,3.178474269715697,-0.28357297283661775,0.0,0.9589506603973965,0.9564864699753678,16.964353421604283,0.040247171038290536,0.19552622230042424,0.12609323260253757,0.010615276385601388,0.28338725234953976,0.008565731101519543,-0.0,0.9999633134523969
izraelevitz2017_fig14,theta15_psi60_smoke,133,0.078125,1,0,0,1,0.1016,0.02789113576837421,3.178474269715697,-0.28357297283661775,0.0,0.9589506603973965,0.9564864699753678,16.964353421604283,0.05455128388406625,0.19552622230042424,0.17090760791650378,0.010069776683718926,0.39705968974010264,0.008565731101519543,-0.0,0.9999633134523969
izraelevitz2017_fig14,theta15_psi60_smoke,133,0.078125,2,0,0,2,0.1016,0.038099999999999995,3.178474269715697,-0.28357297283661775,0.0,0.9589506603973965,0.9564864699753678,16.964353421604283,0.06455486062599353,0.19552622230042424,0.2022485269534495,0.006188548711369576,0.487055671249515,0.008565731101519543,-0.0,0.9999633134523969
izraelevitz2017_fig14,theta15_psi60_smoke,133,0.078125,3,0,0,3,0.1016,0.03810000000000001,3.178474269715697,-0.28357297283661775,0.0,0.9589506603973965,0.9564864699753678,16.964353421604283,0.06782398538834566,0.19552622230042424,0.21249060107771053,0.0012946302334442064,0.5273426119939437,0.008565731101519543,-0.0,0.9999633134523969
izraelevitz2017_fig14,theta15_psi60_smoke,133,0.078125,4,0,0,4,0.1016,0.027891135768374212,3.178474269715697,-0.28357297283661775,0.0,0.9589506603973965,0.9564864699753678,16.964353421604283,0.06853757119163552,0.19552622230042424,0.21472624493428102,-0.0012031189047480607,0.5404249690499467,0.008565731101519543,-0.0,0.9999633134523969
izraelevitz2017_fig14,theta15_psi60_smoke,133,0.078125,5,0,0,5,0.10160000000000001,0.010208864231625769,3.178474269715697,-0.28357297283661775,0.0,0.9589506603973965,0.9564864699753678,16.964353421604283,0.06863660316927288,0.1955262223004242,0.2150365092800517,-0.0016943336802364567,0.5426742742408386,0.008565731101519543,-0.0,0.9999633134523969
izraelevitz2017_fig14,theta15_psi60_smoke,133,0.078125,6,0,0,6,0.10160000000000001,0.010208864231625769,3.178474269715697,-0.28357297283661775,0.0,0.9589506603973965,0.9564864699753678,16.964353421604283,0.06863660316927285,0.1955262223004242,0.2150365092800516,-0.001694333680236474,0.5426742742408385,0.008565731101519543,-0.0,0.9999633134523969
izraelevitz2017_fig14,theta15_psi60_smoke,133,0.078125,7,0,0,7,0.1016,0.027891135768374212,3.178474269715697,-0.28357297283661775,0.0,0.9589506603973965,0.9564864699753678,16.964353421604283,0.06853757119163553,0.19552622230042424,0.21472624493428108,-0.0012031189047480573,0.540424969049947,0.008565731101519543,-0.0,0.9999633134523969
izraelevitz2017_fig14,theta15_psi60_smoke,133,0.078125,8,0,0,8,0.1016,0.03810000000000001,3.178474269715697,-0.28357297283661775,0.0,0.9589506603973965,0.9564864699753678,16.964353421604283,0.06782398538834562,0.19552622230042424,0.21249060107771042,0.0012946302334441925,0.5273426119939435,0.008565731101519543,-0.0,0.9999633134523969
izraelevitz2017_fig14,theta15_psi60_smoke,133,0.078125,9,0,0,9,0.1016,0.038099999999999995,3.178474269715697,-0.28357297283661775,0.0,0.9589506603973965,0.9564864699753678,16.964353421604283,0.06455486062599347,0.19552622230042424,0.20224852695344933,0.006188548711369573,0.48705567124951465,0.008565731101519543,-0.0,0.9999633134523969
izraelevitz2017_fig14,theta15_psi60_smoke,133,0.078125,10,0,0,10,0.1016,0.02789113576837421,3.178474269715697,-0.28357297283661775,0.0,0.9589506603973965,0.9564864699753678,16.964353421604283,0.05455128388406623,0.19552622230042424,0.1709076079165037,0.010069776683718919,0.3970596897401025,0.008565731101519543,-0.0,0.9999633134523969
izraelevitz2017_fig14,theta15_psi60_smoke,133,0.078125,11,0,0,11,0.1016,0.010208864231625786,3.178474269715697,-0.28357297283661775,0.0,0.9589506603973965,0.9564864699753678,16.964353421604283,0.04024717103829049,0.19552622230042424,0.1260932326025374,0.010615276385601296,0.28338725234953965,0.008565731101519543,-0.0,0.9999633134523969
izraelevitz2017_fig14,theta15_psi60_smoke,134,0.09375,0,0,0,0,0.10160000000000002,0.010208864231625786,3.227805265900488,-0.3291005492962948,0.0,0.9442948842670266,0.9497912120195614,18.233144657119286,0.049163359114568685,0.1985608554318705,0.15402739413554314,0.025209446561605627,0.309440145654041,-0.017121662542540272,0.0,0.9998534135921022
izraelevitz2017_fig14,theta15_psi60_smoke,134,0.09375,1,0,0,1,0.10160000000000001,0.02789113576837421,3.227805265900488,-0.3291005492962948,0.0,0.9442948842670266,0.9497912120195614,18.233144657119286,0.067333157650886,0.19856085543187052,0.21095285185284207,0.031039866945884356,0.4342625287944521,-0.017121662542540272,0.0,0.9998534135921022
izraelevitz2017_fig14,theta15_psi60_smoke,134,0.09375,2,0,0,2,0.10160000000000001,0.038099999999999995,3.227805265900488,-0.3291005492962948,0.0,0.9442948842670266,0.9497912120195614,18.233144657119286,0.08089893152964453,0.19856085543187052,0.25345403235818326,0.03268253590120449,0.5355874731918446,-0.017121662542540272,0.0,0.9998534135921022
izraelevitz2017_fig14,theta15_psi60_smoke,134,0.09375,3,0,0,3,0.1016,0.03810000000000001,3.227805265900488,-0.3291005492962948,0.0,0.9442948842670266,0.9497912120195614,18.233144657119286,0.0860999879315444,0.19856085543187055,0.2697487929027131,0.03065505507828643,0.5824068170219234,-0.017121662542540272,0.0,0.9998534135921022
izraelevitz2017_fig14,theta15_psi60_smoke,134,0.09375,4,0,0,4,0.1016,0.027891135768374212,3.227805265900488,-0.3291005492962948,0.0,0.9442948842670266,0.9497912120195614,18.233144657119286,0.08753569758453777,0.19856085543187055,0.27424683007040296,0.02920063099526339,0.5980151821902172,-0.017121662542540272,0.0,0.9998534135921022
izraelevitz2017_fig14,theta15_psi60_smoke,134,0.09375,5,0,0,5,0.10160000000000001,0.010208864231625769,3.227805265900488,-0.3291005492962948,0.0,0.9442948842670266,0.9497912120195614,18.233144657119286,0.08776567064470826,0.19856085543187052,0.2749673290724522,0.028896565468545545,0.6007286262754938,-0.017121662542540272,0.0,0.9998534135921022
izraelevitz2017_fig14,theta15_psi60_smoke,134,0.09375,6,0,0,6,0.10160000000000001,0.010208864231625769,3.227805265900488,-0.3291005492962948,0.0,0.9442948842670266,0.9497912120195614,18.233144657119286,0.08776567064470828,0.19856085543187052,0.27496732907245225,0.028896565468545538,0.600728626275494,-0.017121662542540272,0.0,0.9998534135921022
izraelevitz2017_fig14,theta15_psi60_smoke,134,0.09375,7,0,0,7,0.1016,0.027891135768374212,3.227805265900488,-0.3291005492962948,0.0,0.9442948842670266,0.9497912120195614,18.233144657119286,0.08753569758453779,0.19856085543187055,0.274246830070403,0.0292006309952634,0.5980151821902173,-0.017121662542540272,0.0,0.9998534135921022
izraelevitz2017_fig14,theta15_psi60_smoke,134,0.09375,8,0,0,8,0.1016,0.03810000000000001,3.227805265900488,-0.3291005492962948,0.0,0.9442948842670266,0.9497912120195614,18.233144657119286,0.08609998793154436,0.19856085543187055,0.269748792902713,0.03065505507828641,0.5824068170219232,-0.017121662542540272,0.0,0.9998534135921022
izraelevitz2017_fig14,theta15_psi60_smoke,134,0.09375,9,0,0,9,0.10160000000000001,0.038099999999999995,3.227805265900488,-0.3291005492962948,0.0,0.9442948842670266,0.9497912120195614,18.233144657119286,0.08089893152964452,0.19856085543187052,0.25345403235818326,0.032682535901204485,0.5355874731918447,-0.017121662542540272,0.0,0.9998534135921022
izraelevitz2017_fig14,theta15_psi60_smoke,134,0.09375,10,0,0,10,0.10160000000000001,0.02789113576837421,3.227805265900488,-0.3291005492962948,0.0,0.9442948842670266,0.9497912120195614,18.233144657119286,0.06733315765088604,0.19856085543187052,0.2109528518528422,0.031039866945884363,0.43426252879445243,-0.017121662542540272,0.0,0.9998534135921022
izraelevitz2017_fig14,theta15_psi60_smoke,134,0.09375,11,0,0,11,0.10160000000000002,0.010208864231625786,3.227805265900488,-0.3291005492962948,0.0,0.9442948842670266,0.9497912120195614,18.233144657119286,0.04916335911456879,0.1985608554318705,0.15402739413554348,0.025209446561605592,0.3094401456540419,-0.017121662542540272,0.0,0.9998534135921022
izraelevitz2017_fig14,theta15_psi60_smoke,135,0.109375,0,0,0,0,0.1016,0.010208864231625786,3.280493463069221,-0.36975696590418855,0.0,0.9291285089616661,0.9440475976146641,19.257197424652468,0.05763891560917648,0.20180200929313608,0.18058106956017797,0.039719372832717356,0.33229455540229286,-0.04263300986371178,0.0,0.9990907999125809
izraelevitz2017_fig14,theta15_psi60_smoke,135,0.109375,1,0,0,1,0.1016,0.02789113576837421,3.280493463069221,-0.36975696590418855,0.0,0.9291285089616661,0.9440475976146641,19.257197424652468,0.07934783366143058,0.20180200929313608,0.24859448722145988,0.05183173900403936,0.46599100104153157,-0.04263300986371178,0.0,0.9990907999125809
izraelevitz2017_fig14,theta15_psi60_smoke,135,0.109375,2,0,0,2,0.10160000000000001,0.038099999999999995,3.280493463069221,-0.36975696590418855,0.0,0.9291285089616661,0.9440475976146641,19.257197424652468,0.09632831920477837,0.20180200929313605,0.3017938614404415,0.05903861260431145,0.5773688157881695,-0.04263300986371178,0.0,0.9990907999125809
izraelevitz2017_fig14,theta15_psi60_smoke,135,0.109375,3,0,0,3,0.1016,0.03810000000000001,3.280493463069221,-0.36975696590418855,0.0,0.9291285089616661,0.9440475976146641,19.257197424652468,0.10341523290007917,0.20180200929313608,0.3239969588001418,0.05993826860886755,0.6301775911737517,-0.04263300986371178,0.0,0.9990907999125809
izraelevitz2017_fig14,theta15_psi60_smoke,135,0.109375,4,0,0,4,0.1016,0.027891135768374212,3.280493463069221,-0.36975696590418855,0.0,0.9291285089616661,0.9440475976146641,19.257197424652468,0.10556340579991966,0.20180200929313608,0.3307271228872612,0.059558360648333475,0.6481427252731526,-0.04263300986371178,0.0,0.9990907999125809
izraelevitz2017_fig14,theta15_psi60_smoke,135,0.109375,5,0,0,5,0.10160000000000001,0.010208864231625769,3.280493463069221,-0.36975696590418855,0.0,0.9291285089616661,0.9440475976146641,19.257197424652468,0.10592315543351559,0.20180200929313605,0.3318542081719519,0.059447729664736035,0.6512923314356717,-0.04263300986371178,0.0,0.9990907999125809
izraelevitz2017_fig14,theta15_psi60_smoke,135,0.109375,6,0,0,6,0.10160000000000001,0.010208864231625769,3.280493463069221,-0.36975696590418855,0.0,0.9291285089616661,0.9440475976146641,19.257197424652468,0.10592315543351559,0.20180200929313605,0.3318542081719519,0.05944772966473602,0.6512923314356717,-0.04263300986371178,0.0,0.9990907999125809
izraelevitz2017_fig14,theta15_psi60_smoke,135,0.109375,7,0,0,7,0.1016,0.027891135768374212,3.280493463069221,-0.36975696590418855,0.0,0.9291285089616661,0.9440475976146641,19.257197424652468,0.10556340579991971,0.20180200929313608,0.33072712288726136,0.0595583606483335,0.6481427252731529,-0.04263300986371178,0.0,0.9990907999125809
izraelevitz2017_fig14,theta15_psi60_smoke,135,0.109375,8,0,0,8,0.1016,0.03810000000000001,3.280493463069221,-0.36975696590418855,0.0,0.9291285089616661,0.9440475976146641,19.257197424652468,0.10341523290007915,0.20180200929313608,0.32399695880014173,0.059938268608867536,0.6301775911737517,-0.04263300986371178,0.0,0.9990907999125809
izraelevitz2017_fig14,theta15_psi60_smoke,135,0.109375,9,0,0,9,0.10160000000000001,0.038099999999999995,3.280493463069221,-0.36975696590418855,0.0,0.9291285089616661,0.9440475976146641,19.257197424652468,0.09632831920477837,0.20180200929313605,0.3017938614404415,0.059038612604311445,0.5773688157881696,-0.04263300986371178,0.0,0.9990907999125809
izraelevitz2017_fig14,theta15_psi60_smoke,135,0.109375,10,0,0,10,0.1016,0.02789113576837421,3.280493463069221,-0.36975696590418855,0.0,0.9291285089616661,0.9440475976146641,19.257197424652468,0.07934783366143061,0.20180200929313608,0.24859448722145996,0.051831739004039375,0.4659910010415318,-0.04263300986371178,0.0,0.9990907999125809
izraelevitz2017_fig14,theta15_psi60_smoke,135,0.109375,11,0,0,11,0.1016,0.010208864231625786,3.280493463069221,-0.36975696590418855,0.0,0.9291285089616661,0.9440475976146641,19.257197424652468,0.0576389156091765,0.20180200929313608,0.18058106956017803,0.03971937283271734,0.332294555402293,-0.04263300986371178,0.0,0.9990907999125809
izraelevitz2017_fig14,theta15_psi60_smoke,136,0.125,0,0,0,0,0.10159999999999998,0.010208864231625786,3.3344043552044424,-0.405474644786254,0.0,0.9141062916507364,0.9394620579579452,20.038588566293367,0.0655820405497611,0.20511837814987957,0.20546665219581897,0.05397099019572814,0.351753659902363,-0.06770683010934024,0.0,0.9977052596616623
izraelevitz2017_fig14,theta15_psi60_smoke,136,0.125,1,0,0,1,0.10159999999999998,0.02789113576837421,3.3344043552044424,-0.405474644786254,0.0,0.9141062916507364,0.9394620579579452,20.038588566293367,0.09047171506488286,0.20511837814987957,0.2834452886334174,0.07216201064307412,0.4921271896543211,-0.06770683010934024,0.0,0.9977052596616623
izraelevitz2017_fig14,theta15_psi60_smoke,136,0.125,2,0,0,2,0.1016,0.038099999999999995,3.3344043552044424,-0.405474644786254,0.0,0.9141062916507364,0.9394620579579452,20.038588566293367,0.11067869130040554,0.20511837814987954,0.3467531656575098,0.08489798052627609,0.6121889725649462,-0.06770683010934024,0.0,0.9977052596616623
izraelevitz2017_fig14,theta15_psi60_smoke,136,0.125,3,0,0,3,0.1016,0.03810000000000001,3.3344043552044424,-0.405474644786254,0.0,0.9141062916507364,0.9394620579579452,20.038588566293367,0.11958147208439646,0.20511837814987954,0.37464532252829114,0.08874829445349837,0.6703684229602327,-0.06770683010934024,0.0,0.9977052596616623
izraelevitz2017_fig14,theta15_psi60_smoke,136,0.125,4,0,0,4,0.1016,0.027891135768374212,3.3344043552044424,-0.405474644786254,0.0,0.9141062916507364,0.9394620579579452,20.038588566293367,0.12242331868419604,0.20511837814987954,0.38354874642331077,0.08946113491779584,0.6904884613048894,-0.06770683010934024,0.0,0.9977052596616623
izraelevitz2017_fig14,theta15_psi60_smoke,136,0.125,5,0,0,5,0.10159999999999998,0.010208864231625769,3.3344043552044424,-0.405474644786254,0.0,0.9141062916507364,0.9394620579579452,20.038588566293367,0.12290998637672929,0.20511837814987957,0.385073462346732,0.08954794440199938,0.6940398226608319,-0.06770683010934024,0.0,0.9977052596616623
izraelevitz2017_fig14,theta15_psi60_smoke,136,0.125,6,0,0,6,0.10159999999999998,0.010208864231625769,3.3344043552044424,-0.405474644786254,0.0,0.9141062916507364,0.9394620579579452,20.038588566293367,0.12290998637672929,0.20511837814987957,0.385073462346732,0.08954794440199937,0.694039822660832,-0.06770683010934024,0.0,0.9977052596616623
izraelevitz2017_fig14,theta15_psi60_smoke,136,0.125,7,0,0,7,0.1016,0.027891135768374212,3.3344043552044424,-0.405474644786254,0.0,0.9141062916507364,0.9394620579579452,20.038588566293367,0.12242331868419597,0.20511837814987954,0.38354874642331055,0.08946113491779584,0.6904884613048888,-0.06770683010934024,0.0,0.9977052596616623
izraelevitz2017_fig14,theta15_psi60_smoke,136,0.125,8,0,0,8,0.1016,0.03810000000000001,3.3344043552044424,-0.405474644786254,0.0,0.9141062916507364,0.9394620579579452,20.038588566293367,0.11958147208439643,0.20511837814987954,0.374645322528291,0.08874829445349836,0.6703684229602325,-0.06770683010934024,0.0,0.9977052596616623
izraelevitz2017_fig14,theta15_psi60_smoke,136,0.125,9,0,0,9,0.1016,0.038099999999999995,3.3344043552044424,-0.405474644786254,0.0,0.9141062916507364,0.9394620579579452,20.038588566293367,0.11067869130040557,0.20511837814987954,0.34675316565750985,0.08489798052627609,0.6121889725649463,-0.06770683010934024,0.0,0.9977052596616623
izraelevitz2017_fig14,theta15_psi60_smoke,136,0.125,10,0,0,10,0.10159999999999998,0.02789113576837421,3.3344043552044424,-0.405474644786254,0.0,0.9141062916507364,0.9394620579579452,20.038588566293367,0.0904717150648829,0.20511837814987957,0.28344528863341756,0.07216201064307415,0.49212718965432145,-0.06770683010934024,0.0,0.9977052596616623
izraelevitz2017_fig14,theta15_psi60_smoke,136,0.125,11,0,0,11,0.10159999999999998,0.010208864231625786,3.3344043552044424,-0.405474644786254,0.0,0.9141062916507364,0.9394620579579452,20.038588566293367,0.0655820405497611,0.20511837814987957,0.20546665219581897,0.05397099019572813,0.351753659902363,-0.06770683010934024,0.0,0.9977052596616623
izraelevitz2017_fig14,theta15_psi60_smoke,137,0.140625,0,0,0,0,0.10160000000000002,0.010208864231625786,3.387457371949178,-0.4363233876949559,0.0,0.8997899206761528,0.9361468148519068,20.58578230826197,0.0728929119734002,0.2083819741602594,0.2283714026954536,0.06777921571386095,0.3675908595970512,-0.09208819276829944,0.0,0.9957508547586935
izraelevitz2017_fig14,theta15_psi60_smoke,137,0.140625,1,0,0,1,0.1016,0.02789113576837421,3.387457371949178,-0.4363233876949559,0.0,0.8997899206761528,0.9361468148519068,20.58578230826197,0.10059926776346508,0.20838197416025944,0.3151746207870202,0.091751439560711,0.5126822332854175,-0.09208819276829944,0.0,0.9957508547586935
izraelevitz2017_fig14,theta15_psi60_smoke,137,0.140625,2,0,0,2,0.1016,0.038099999999999995,3.387457371949178,-0.4363233876949559,0.0,0.8997899206761528,0.9361468148519068,20.58578230826197,0.12380856246723115,0.20838197416025944,0.3878886754677469,0.109904107159558,0.6400093671906932,-0.09208819276829944,0.0,0.9957508547586935
izraelevitz2017_fig14,theta15_psi60_smoke,137,0.140625,3,0,0,3,0.1016,0.03810000000000001,3.387457371949178,-0.4363233876949559,0.0,0.8997899206761528,0.9361468148519068,20.58578230826197,0.13443455229367274,0.20838197416025944,0.4211795968481085,0.11668855908496073,0.702883314865389,-0.09208819276829944,0.0,0.9957508547586935
izraelevitz2017_fig14,theta15_psi60_smoke,137,0.140625,4,0,0,4,0.1016,0.027891135768374212,3.387457371949178,-0.4363233876949559,0.0,0.8997899206761528,0.9361468148519068,20.58578230826197,0.13794231091299197,0.20838197416025944,0.43216930400239706,0.11849799395666433,0.7249292781359997,-0.09208819276829944,0.0,0.9957508547586935
izraelevitz2017_fig14,theta15_psi60_smoke,137,0.140625,5,0,0,5,0.10160000000000001,0.010208864231625769,3.387457371949178,-0.4363233876949559,0.0,0.8997899206761528,0.9361468148519068,20.58578230826197,0.13855134505711864,0.20838197416025941,0.4340773905092769,0.11878367443490666,0.7288424529684723,-0.09208819276829944,0.0,0.9957508547586935
izraelevitz2017_fig14,theta15_psi60_smoke,137,0.140625,6,0,0,6,0.10160000000000001,0.010208864231625769,3.387457371949178,-0.4363233876949559,0.0,0.8997899206761528,0.9361468148519068,20.58578230826197,0.13855134505711855,0.20838197416025941,0.4340773905092767,0.11878367443490662,0.7288424529684718,-0.09208819276829944,0.0,0.9957508547586935
izraelevitz2017_fig14,theta15_psi60_smoke,137,0.140625,7,0,0,7,0.1016,0.027891135768374212,3.387457371949178,-0.4363233876949559,0.0,0.8997899206761528,0.9361468148519068,20.58578230826197,0.13794231091299194,0.20838197416025944,0.432169304002397,0.11849799395666433,0.7249292781359995,-0.09208819276829944,0.0,0.9957508547586935
izraelevitz2017_fig14,theta15_psi60_smoke,137,0.140625,8,0,0,8,0.1016,0.03810000000000001,3.387457371949178,-0.4363233876949559,0.0,0.8997899206761528,0.9361468148519068,20.58578230826197,0.1344345522936727,0.20838197416025944,0.42117959684810846,0.1166885590849607,0.7028833148653889,-0.09208819276829944,0.0,0.9957508547586935
izraelevitz2017_fig14,theta15_psi60_smoke,137,0.140625,9,0,0,9,0.1016,0.038099999999999995,3.387457371949178,-0.4363233876949559,0.0,0.8997899206761528,0.9361468148519068,20.58578230826197,0.12380856246723104,0.20838197416025944,0.3878886754677466,0.10990410715955798,0.6400093671906926,-0.09208819276829944,0.0,0.9957508547586935
izraelevitz2017_fig14,theta15_psi60_smoke,137,0.140625,10,0,0,10,0.1016,0.02789113576837421,3.387457371949178,-0.4363233876949559,0.0,0.8997899206761528,0.9361468148519068,20.58578230826197,0.1005992677634651,0.20838197416025944,0.3151746207870203,0.09175143956071104,0.5126822332854176,-0.09208819276829944,0.0,0.9957508547586935
izraelevitz2017_fig14,theta15_psi60_smoke,137,0.140625,11,0,0,11,0.10160000000000002,0.010208864231625786,3.387457371949178,-0.4363233876949559,0.0,0.8997899206761528,0.9361468148519068,20.58578230826197,0.07289291197340023,0.2083819741602594,0.2283714026954537,0.06777921571386096,0.3675908595970514,-0.09208819276829944,0.0,0.9957508547586935
izraelevitz2017_fig14,theta15_psi60_smoke,138,0.15625,0,0,0,0,0.10159999999999998,0.010208864231625786,3.437699517618983,-0.46246133961516467,0.0,0.8866394472170451,0.9341314999527994,20.911717294080944,0.07948147669557752,0.2114726573338449,0.2490131870146545,0.08095631379645316,0.3796640261472768,-0.11553233663237794,0.0,0.9933037195099307
izraelevitz2017_fig14,theta15_psi60_smoke,138,0.15625,1,0,0,1,0.10159999999999998,0.02789113576837421,3.437699517618983,-0.46246133961516467,0.0,0.8866394472170451,0.9341314999527994,20.911717294080944,0.10964204625809844,0.2114726573338449,0.343505386470209,0.11033478339577968,0.5277591159881836,-0.11553233663237794,0.0,0.9933037195099307
izraelevitz2017_fig14,theta15_psi60_smoke,138,0.15625,2,0,0,2,0.1016,0.038099999999999995,3.437699517618983,-0.46246133961516467,0.0,0.8866394472170451,0.9341314999527994,20.911717294080944,0.13559788890495192,0.21147265733384488,0.4248242970875742,0.1337155112489955,0.660914208971949,-0.11553233663237794,0.0,0.9933037195099307
izraelevitz2017_fig14,theta15_psi60_smoke,138,0.15625,3,0,0,3,0.1016,0.03810000000000001,3.437699517618983,-0.46246133961516467,0.0,0.8866394472170451,0.9341314999527994,20.911717294080944,0.1478333403128897,0.21147265733384488,0.4631576154445425,0.14337620328630468,0.727765428752442,-0.11553233663237794,0.0,0.9933037195099307
izraelevitz2017_fig14,theta15_psi60_smoke,138,0.15625,4,0,0,4,0.1016,0.027891135768374212,3.437699517618983,-0.46246133961516467,0.0,0.8866394472170451,0.9341314999527994,20.911717294080944,0.15197064900916135,0.21147265733384488,0.47611968493487156,0.14627079548643868,0.7514868258778629,-0.11553233663237794,0.0,0.9933037195099307
izraelevitz2017_fig14,theta15_psi60_smoke,138,0.15625,5,0,0,5,0.10159999999999998,0.010208864231625769,3.437699517618983,-0.46246133961516467,0.0,0.8866394472170451,0.9341314999527994,20.911717294080944,0.15269585429495267,0.2114726573338449,0.4783917322968807,0.14675400062072025,0.755717328880041,-0.11553233663237794,0.0,0.9933037195099307
izraelevitz2017_fig14,theta15_psi60_smoke,138,0.15625,6,0,0,6,0.10159999999999998,0.010208864231625769,3.437699517618983,-0.46246133961516467,0.0,0.8866394472170451,0.9341314999527994,20.911717294080944,0.15269585429495264,0.2114726573338449,0.4783917322968806,0.1467540006207202,0.755717328880041,-0.11553233663237794,0.0,0.9933037195099307
izraelevitz2017_fig14,theta15_psi60_smoke,138,0.15625,7,0,0,7,0.1016,0.027891135768374212,3.437699517618983,-0.46246133961516467,0.0,0.8866394472170451,0.9341314999527994,20.911717294080944,0.15197064900916138,0.21147265733384488,0.47611968493487167,0.14627079548643868,0.7514868258778631,-0.11553233663237794,0.0,0.9933037195099307
izraelevitz2017_fig14,theta15_psi60_smoke,138,0.15625,8,0,0,8,0.1016,0.03810000000000001,3.437699517618983,-0.46246133961516467,0.0,0.8866394472170451,0.9341314999527994,20.911717294080944,0.14783334031288964,0.21147265733384488,0.46315761544454226,0.14337620328630463,0.7277654287524418,-0.11553233663237794,0.0,0.9933037195099307
izraelevitz2017_fig14,theta15_psi60_smoke,138,0.15625,9,0,0,9,0.1016,0.038099999999999995,3.437699517618983,-0.46246133961516467,0.0,0.8866394472170451,0.9341314999527994,20.911717294080944,0.1355978889049519,0.21147265733384488,0.42482429708757413,0.13371551124899547,0.6609142089719489,-0.11553233663237794,0.0,0.9933037195099307
izraelevitz2017_fig14,theta15_psi60_smoke,138,0.15625,10,0,0,10,0.10159999999999998,0.02789113576837421,3.437699517618983,-0.46246133961516467,0.0,0.8866394472170451,0.9341314999527994,20.911717294080944,0.10964204625809844,0.2114726573338449,0.343505386470209,0.1103347833957797,0.5277591159881835,-0.11553233663237794,0.0,0.9933037195099307
izraelevitz2017_fig14,theta15_psi60_smoke,138,0.15625,11,0,0,11,0.10159999999999998,0.010208864231625786,3.437699517618983,-0.46246133961516467,0.0,0.8866394472170451,0.9341314999527994,20.911717294080944,0.0794814766955775,0.2114726573338449,0.2490131870146544,0.08095631379645317,0.3796640261472765,-0.11553233663237794,0.0,0.9933037195099307
izraelevitz2017_fig14,theta15_psi60_smoke,139,0.171875,0,0,0,0,0.10159999999999998,0.010208864231625786,3.4833613256117983,-0.4840923869899382,0.0,0.8750168917560299,0.9333800840318448,21.032007415595608,0.08526337640163464,0.21428157760899347,0.2671277129729334,0.09331798066303809,0.3878653404432193,-0.13780788448546327,0.0,0.990458977935806
izraelevitz2017_fig14,theta15_psi60_smoke,139,0.171875,1,0,0,1,0.10159999999999998,0.02789113576837421,3.4833613256117983,-0.4840923869899382,0.0,0.8750168917560299,0.9333800840318448,21.032007415595608,0.11752723127151088,0.21428157760899347,0.3682094449756957,0.12766916864159572,0.537516106514452,-0.13780788448546327,0.0,0.990458977935806
izraelevitz2017_fig14,theta15_psi60_smoke,139,0.171875,2,0,0,2,0.1016,0.038099999999999995,3.4833613256117983,-0.4840923869899382,0.0,0.8750168917560299,0.9333800840318448,21.032007415595608,0.14594687099304535,0.21428157760899344,0.45724736116807724,0.15601693633456498,0.6750675939164981,-0.13780788448546327,0.0,0.990458977935806
izraelevitz2017_fig14,theta15_psi60_smoke,139,0.171875,3,0,0,3,0.1016,0.03810000000000001,3.4833613256117983,-0.4840923869899382,0.0,0.8750168917560299,0.9333800840318448,21.032007415595608,0.1596589400428873,0.21428157760899344,0.5002068802487807,0.16845486083086195,0.745152618129366,-0.13780788448546327,0.0,0.990458977935806
izraelevitz2017_fig14,theta15_psi60_smoke,139,0.171875,4,0,0,4,0.1016,0.027891135768374212,3.4833613256117983,-0.4840923869899382,0.0,0.8750168917560299,0.9333800840318448,21.032007415595608,0.1643814128139901,0.21428157760899344,0.5150022520034636,0.17240758540252052,0.7702828738010974,-0.13780788448546327,0.0,0.990458977935806
izraelevitz2017_fig14,theta15_psi60_smoke,139,0.171875,5,0,0,5,0.10159999999999998,0.010208864231625769,3.4833613256117983,-0.4840923869899382,0.0,0.8750168917560299,0.9333800840318448,21.032007415595608,0.16521504381868077,0.21428157760899347,0.5176139940332114,0.17308409972857164,0.7747826858973135,-0.13780788448546327,0.0,0.990458977935806
izraelevitz2017_fig14,theta15_psi60_smoke,139,0.171875,6,0,0,6,0.10159999999999998,0.010208864231625769,3.4833613256117983,-0.4840923869899382,0.0,0.8750168917560299,0.9333800840318448,21.032007415595608,0.16521504381868066,0.21428157760899347,0.5176139940332111,0.17308409972857156,0.774782685897313,-0.13780788448546327,0.0,0.990458977935806
izraelevitz2017_fig14,theta15_psi60_smoke,139,0.171875,7,0,0,7,0.1016,0.027891135768374212,3.4833613256117983,-0.4840923869899382,0.0,0.8750168917560299,0.9333800840318448,21.032007415595608,0.16438141281399007,0.21428157760899344,0.5150022520034635,0.1724075854025205,0.7702828738010972,-0.13780788448546327,0.0,0.990458977935806
izraelevitz2017_fig14,theta15_psi60_smoke,139,0.171875,8,0,0,8,0.1016,0.03810000000000001,3.4833613256117983,-0.4840923869899382,0.0,0.8750168917560299,0.9333800840318448,21.032007415595608,0.15965894004288722,0.21428157760899344,0.5002068802487805,0.1684548608308619,0.7451526181293655,-0.13780788448546327,0.0,0.990458977935806
izraelevitz2017_fig14,theta15_psi60_smoke,139,0.171875,9,0,0,9,0.1016,0.038099999999999995,3.4833613256117983,-0.4840923869899382,0.0,0.8750168917560299,0.9333800840318448,21.032007415595608,0.14594687099304532,0.21428157760899344,0.4572473611680771,0.15601693633456495,0.675067593916498,-0.13780788448546327,0.0,0.990458977935806
izraelevitz2017_fig14,theta15_psi60_smoke,139,0.171875,10,0,0,10,0.10159999999999998,0.02789113576837421,3.4833613256117983,-0.4840923869899382,0.0,0.8750168917560299,0.9333800840318448,21.032007415595608,0.11752723127151085,0.21428157760899347,0.3682094449756956,0.12766916864159572,0.5375161065144518,-0.13780788448546327,0.0,0.990458977935806
izraelevitz2017_fig14,theta15_psi60_smoke,139,0.171875,11,0,0,11,0.10159999999999998,0.010208864231625786,3.4833613256117983,-0.4840923869899382,0.0,0.8750168917560299,0.9333800840318448,21.032007415595608,0.08526337640163538,0.21428157760899347,0.2671277129729357,0.09331798066303837,0.3878653404432241,-0.13780788448546327,0.0,0.990458977935806
izraelevitz2017_fig14,theta15_psi60_smoke,140,0.1875,0,0,0,0,0.10160000000000002,0.010208864231625786,3.522897545506884,-0.5014322901584016,0.0,0.8651968899542465,0.9338092614145527,20.963383446585162,0.09015869224385566,0.21671367775017733,0.2824645971124124,0.10468810630849851,0.3920971738555355,-0.1586995485802358,0.0,0.9873269232024565
izraelevitz2017_fig14,theta15_psi60_smoke,140,0.1875,1,0,0,1,0.1016,0.02789113576837421,3.522897545506884,-0.5014322901584016,0.0,0.8651968899542465,0.9338092614145527,20.963383446585162,0.12419673595501994,0.21671367775017739,0.38910481187244783,0.143540641826514,0.5421401042015777,-0.1586995485802358,0.0,0.9873269232024565
izraelevitz2017_fig14,theta15_psi60_smoke,140,0.1875,2,0,0,2,0.10160000000000001,0.038099999999999995,3.522897545506884,-0.5014322901584016,0.0,0.8651968899542465,0.9338092614145527,20.963383446585162,0.1547753045814604,0.21671367775017736,0.4849065904073444,0.17652838894188652,0.6826813091927014,-0.1586995485802358,0.0,0.9873269232024565
izraelevitz2017_fig14,theta15_psi60_smoke,140,0.1875,3,0,0,3,0.10160000000000001,0.03810000000000001,3.522897545506884,-0.5014322901584016,0.0,0.8651968899542465,0.9338092614145527,20.963383446585162,0.16981447783898848,0.21671367775017736,0.5320238889103175,0.19160527488634627,0.7552438976167549,-0.1586995485802358,0.0,0.9873269232024565
izraelevitz2017_fig14,theta15_psi60_smoke,140,0.1875,4,0,0,4,0.1016,0.027891135768374212,3.522897545506884,-0.5014322901584016,0.0,0.8651968899542465,0.9338092614145527,20.963383446585162,0.17507050112474692,0.21671367775017739,0.548490859125565,0.19657382911586568,0.7815056604663153,-0.1586995485802358,0.0,0.9873269232024565
izraelevitz2017_fig14,theta15_psi60_smoke,140,0.1875,5,0,0,5,0.10160000000000002,0.010208864231625769,3.522897545506884,-0.5014322901584016,0.0,0.8651968899542465,0.9338092614145527,20.963383446585162,0.17600340351324878,0.21671367775017733,0.5514136155537598,0.19743659259277752,0.7862242611060668,-0.1586995485802358,0.0,0.9873269232024565
izraelevitz2017_fig14,theta15_psi60_smoke,140,0.1875,6,0,0,6,0.10160000000000002,0.010208864231625769,3.522897545506884,-0.5014322901584016,0.0,0.8651968899542465,0.9338092614145527,20.963383446585162,0.1760034035132488,0.21671367775017733,0.5514136155537599,0.19743659259277746,0.7862242611060675,-0.1586995485802358,0.0,0.9873269232024565
izraelevitz2017_fig14,theta15_psi60_smoke,140,0.1875,7,0,0,7,0.1016,0.027891135768374212,3.522897545506884,-0.5014322901584016,0.0,0.8651968899542465,0.9338092614145527,20.963383446585162,0.17507050112474692,0.21671367775017739,0.548490859125565,0.19657382911586568,0.7815056604663153,-0.1586995485802358,0.0,0.9873269232024565
izraelevitz2017_fig14,theta15_psi60_smoke,140,0.1875,8,0,0,8,0.10160000000000001,0.03810000000000001,3.522897545506884,-0.5014322901584016,0.0,0.8651968899542465,0.9338092614145527,20.963383446585162,0.16981447783898848,0.21671367775017736,0.5320238889103175,0.19160527488634627,0.7552438976167549,-0.1586995485802358,0.0,0.9873269232024565
izraelevitz2017_fig14,theta15_psi60_smoke,140,0.1875,9,0,0,9,0.10160000000000001,0.038099999999999995,3.522897545506884,-0.5014322901584016,0.0,0.8651968899542465,0.9338092614145527,20.963383446585162,0.15477530458146044,0.21671367775017736,0.4849065904073445,0.17652838894188652,0.6826813091927016,-0.1586995485802358,0.0,0.9873269232024565
izraelevitz2017_fig14,theta15_psi60_smoke,140,0.1875,10,0,0,10,0.1016,0.02789113576837421,3.522897545506884,-0.5014322901584016,0.0,0.8651968899542465,0.9338092614145527,20.963383446585162,0.12419673595501989,0.21671367775017739,0.38910481187244766,0.14354064182651396,0.5421401042015772,-0.1586995485802358,0.0,0.9873269232024565
izraelevitz2017_fig14,theta15_psi60_smoke,140,0.1875,11,0,0,11,0.10160000000000002,0.010208864231625786,3.522897545506884,-0.5014322901584016,0.0,0.8651968899542465,0.9338092614145527,20.963383446585162,0.09015869224385575,0.21671367775017733,0.28246459711241273,0.10468810630849876,0.39209717385553555,-0.1586995485802358,0.0,0.9873269232024565
izraelevitz2017_fig14,theta15_psi60_smoke,141,0.203125,0,0,0,0,0.10159999999999998,0.010208864231625786,3.5550156054220934,-0.5146835806596647,0.0,0.8573802025935439,0.9353056256482599,20.722422892950256,0.09411200785980477,0.21868944423118192,0.29485022155888263,0.11491005116069988,0.3923954004151069,-0.17801026090291047,0.0,0.9840286311959006
izraelevitz2017_fig14,theta15_psi60_smoke,141,0.203125,1,0,0,1,0.10159999999999998,0.02789113576837421,3.5550156054220934,-0.5146835806596647,0.0,0.8573802025935439,0.9353056256482599,20.722422892950256,0.1296080377292919,0.21868944423118192,0.4060582651389307,0.15776924954581695,0.5418379142098759,-0.17801026090291047,0.0,0.9840286311959006
izraelevitz2017_fig14,theta15_psi60_smoke,141,0.203125,2,0,0,2,0.1016,0.038099999999999995,3.5550156054220934,-0.5146835806596647,0.0,0.8573802025935439,0.9353056256482599,20.722422892950256,0.16202278022480202,0.2186894442311819,0.5076127237454534,0.19501193001753772,0.6839960193110203,-0.17801026090291047,0.0,0.9840286311959006
izraelevitz2017_fig14,theta15_psi60_smoke,141,0.203125,3,0,0,3,0.10159999999999998,0.03810000000000001,3.5550156054220934,-0.5146835806596647,0.0,0.8573802025935439,0.9353056256482599,20.722422892950256,0.17822541824677568,0.21868944423118192,0.5583751239880873,0.21255342789630383,0.7582775262813067,-0.17801026090291047,0.0,0.9840286311959006
izraelevitz2017_fig14,theta15_psi60_smoke,141,0.203125,4,0,0,4,0.10159999999999998,0.027891135768374212,3.5550156054220934,-0.5146835806596647,0.0,0.8573802025935439,0.9353056256482599,20.722422892950256,0.18395709297394328,0.21868944423118192,0.5763322965279222,0.21848111173445972,0.7853874061164262,-0.17801026090291047,0.0,0.9840286311959006
izraelevitz2017_fig14,theta15_psi60_smoke,141,0.203125,5,0,0,5,0.10159999999999998,0.010208864231625769,3.5550156054220934,-0.5146835806596647,0.0,0.8573802025935439,0.9353056256482599,20.722422892950256,0.1849788795867755,0.21868944423118192,0.5795335246818075,0.21952035618461818,0.7902727431506642,-0.17801026090291047,0.0,0.9840286311959006
izraelevitz2017_fig14,theta15_psi60_smoke,141,0.203125,6,0,0,6,0.10159999999999998,0.010208864231625769,3.5550156054220934,-0.5146835806596647,0.0,0.8573802025935439,0.9353056256482599,20.722422892950256,0.18497887958677556,0.21868944423118192,0.5795335246818076,0.21952035618461818,0.7902727431506646,-0.17801026090291047,0.0,0.9840286311959006
izraelevitz2017_fig14,theta15_psi60_smoke,141,0.203125,7,0,0,7,0.10159999999999998,0.027891135768374212,3.5550156054220934,-0.5146835806596647,0.0,0.8573802025935439,0.9353056256482599,20.722422892950256,0.18395709297394333,0.21868944423118192,0.5763322965279224,0.21848111173445972,0.7853874061164269,-0.17801026090291047,0.0,0.9840286311959006
izraelevitz2017_fig14,theta15_psi60_smoke,141,0.203125,8,0,0,8,0.10159999999999998,0.03810000000000001,3.5550156054220934,-0.5146835806596647,0.0,0.8573802025935439,0.9353056256482599,20.722422892950256,0.1782254182467758,0.21868944423118192,0.5583751239880876,0.21255342789630388,0.7582775262813075,-0.17801026090291047,0.0,0.9840286311959006
izraelevitz2017_fig14,theta15_psi60_smoke,141,0.203125,9,0,0,9,0.1016,0.038099999999999995,3.5550156054220934,-0.5146835806596647,0.0,0.8573802025935439,0.9353056256482599,20.722422892950256,0.1620227802248019,0.2186894442311819,0.507612723745453,0.19501193001753767,0.6839960193110194,-0.17801026090291047,0.0,0.9840286311959006
izraelevitz2017_fig14,theta15_psi60_smoke,141,0.203125,10,0,0,10,0.10159999999999998,0.02789113576837421,3.5550156054220934,-0.5146835806596647,0.0,0.8573802025935439,0.9353056256482599,20.722422892950256,0.12960803772929186,0.21868944423118192,0.40605826513893056,0.15776924954581692,0.5418379142098756,-0.17801026090291047,0.0,0.9840286311959006
izraelevitz2017_fig14,theta15_psi60_smoke,141,0.203125,11,0,0,11,0.10159999999999998,0.010208864231625786,3.5550156054220934,-0.5146835806596647,0.0,0.8573802025935439,0.9353056256482599,20.722422892950256,0.09411200785980493,0.21868944423118192,0.29485022155888313,0.11491005116070013,0.3923954004151074,-0.17801026090291047,0.0,0.9840286311959006
izraelevitz2017_fig14,theta15_psi60_smoke,142,0.21875,0,0,0,0,0.1016,0.010208864231625786,3.578694806903003,-0.5240180427046813,0.0,0.8517071626562469,0.9377401046637225,20.324564755143555,0.09707510530404914,0.22014608802306856,0.3041335208721592,0.12384871324865124,0.3887876624344443,-0.19556270486845717,0.0,0.9806911993408184
izraelevitz2017_fig14,theta15_psi60_smoke,142,0.21875,1,0,0,1,0.10160000000000001,0.02789113576837421,3.578694806903003,-0.5240180427046813,0.0,0.8517071626562469,0.9377401046637225,20.324564755143555,0.13373322350021435,0.2201460880230685,0.4189823538518176,0.1702118161886746,0.5368204360635203,-0.19556270486845717,0.0,0.9806911993408184
izraelevitz2017_fig14,theta15_psi60_smoke,142,0.21875,2,0,0,2,0.10160000000000001,0.038099999999999995,3.578694806903003,-0.5240180427046813,0.0,0.8517071626562469,0.9377401046637225,20.324564755143555,0.1676485703303142,0.2201460880230685,0.5252381628023379,0.21127595050623255,0.679267555487147,-0.19556270486845717,0.0,0.9806911993408184
izraelevitz2017_fig14,theta15_psi60_smoke,142,0.21875,3,0,0,3,0.1016,0.03810000000000001,3.578694806903003,-0.5240180427046813,0.0,0.8517071626562469,0.9377401046637225,20.324564755143555,0.18483989939483023,0.22014608802306856,0.5790981037262966,0.23107600102811296,0.7545172562314025,-0.19556270486845717,0.0,0.9806911993408184
izraelevitz2017_fig14,theta15_psi60_smoke,142,0.21875,4,0,0,4,0.1016,0.027891135768374212,3.578694806903003,-0.5240180427046813,0.0,0.8517071626562469,0.9377401046637225,20.324564755143555,0.1909841640214625,0.22014608802306856,0.5983479085883675,0.23789311206021413,0.7821904352902764,-0.19556270486845717,0.0,0.9806911993408184
izraelevitz2017_fig14,theta15_psi60_smoke,142,0.21875,5,0,0,5,0.10160000000000001,0.010208864231625769,3.578694806903003,-0.5240180427046813,0.0,0.8517071626562469,0.9377401046637225,20.324564755143555,0.19208342663545827,0.2201460880230685,0.6017918668319412,0.23909659964827223,0.7871898681350363,-0.19556270486845717,0.0,0.9806911993408184
izraelevitz2017_fig14,theta15_psi60_smoke,142,0.21875,6,0,0,6,0.10160000000000001,0.010208864231625769,3.578694806903003,-0.5240180427046813,0.0,0.8517071626562469,0.9377401046637225,20.324564755143555,0.1920834266354583,0.2201460880230685,0.6017918668319412,0.23909659964827223,0.7871898681350363,-0.19556270486845717,0.0,0.9806911993408184
izraelevitz2017_fig14,theta15_psi60_smoke,142,0.21875,7,0,0,7,0.1016,0.027891135768374212,3.578694806903003,-0.5240180427046813,0.0,0.8517071626562469,0.9377401046637225,20.324564755143555,0.19098416402146245,0.22014608802306856,0.5983479085883674,0.23789311206021413,0.7821904352902762,-0.19556270486845717,0.0,0.9806911993408184
izraelevitz2017_fig14,theta15_psi60_smoke,142,0.21875,8,0,0,8,0.1016,0.03810000000000001,3.578694806903003,-0.5240180427046813,0.0,0.8517071626562469,0.9377401046637225,20.324564755143555,0.18483989939483006,0.22014608802306856,0.579098103726296,0.23107600102811293,0.7545172562314013,-0.19556270486845717,0.0,0.9806911993408184
izraelevitz2017_fig14,theta15_psi60_smoke,142,0.21875,9,0,0,9,0.10160000000000001,0.038099999999999995,3.578694806903003,-0.5240180427046813,0.0,0.8517071626562469,0.9377401046637225,20.324564755143555,0.16764857033031408,0.2201460880230685,0.5252381628023375,0.21127595050623243,0.6792675554871466,-0.19556270486845717,0.0,0.9806911993408184
izraelevitz2017_fig14,theta15_psi60_smoke,142,0.21875,10,0,0,10,0.10160000000000001,0.02789113576837421,3.578694806903003,-0.5240180427046813,0.0,0.8517071626562469,0.9377401046637225,20.324564755143555,0.13373322350021433,0.2201460880230685,0.4189823538518175,0.1702118161886746,0.5368204360635198,-0.19556270486845717,0.0,0.9806911993408184
izraelevitz2017_fig14,theta15_psi60_smoke,142,0.21875,11,0,0,11,0.1016,0.010208864231625786,3.578694806903003,-0.5240180427046813,0.0,0.8517071626562469,0.9377401046637225,20.324564755143555,0.09707510530404914,0.22014608802306856,0.3041335208721592,0.12384871324865143,0.38878766243444374,-0.19556270486845717,0.0,0.9806911993408184
izraelevitz2017_fig14,theta15_psi60_smoke,143,0.234375,0,0,0,0,0.1016,0.010208864231625786,3.5931987548690327,-0.5295651854042421,0.0,0.8482692464116395,0.9409789848195871,19.783380595583385,0.09902696772648036,0.22103830923160878,0.3102486498636011,0.13139905486051195,0.381424460077467,-0.2112002677111155,0.0,0.9774428100501601
izraelevitz2017_fig14,theta15_psi60_smoke,143,0.234375,1,0,0,1,0.1016,0.02789113576837421,3.5931987548690327,-0.5295651854042421,0.0,0.8482692464116395,0.9409789848195871,19.783380595583385,0.136559890222962,0.22103830923160878,0.4278382196273817,0.18076332837465606,0.5273055639444861,-0.2112002677111155,0.0,0.9774428100501601
izraelevitz2017_fig14,theta15_psi60_smoke,143,0.234375,2,0,0,2,0.1016,0.038099999999999995,3.5931987548690327,-0.5295651854042421,0.0,0.8482692464116395,0.9409789848195871,19.783380595583385,0.17163176536179237,0.22103830923160878,0.5377173986007401,0.22517717900178724,0.6687619594964885,-0.2112002677111155,0.0,0.9774428100501601
izraelevitz2017_fig14,theta15_psi60_smoke,143,0.234375,3,0,0,3,0.1016,0.03810000000000001,3.5931987548690327,-0.5295651854042421,0.0,0.8482692464116395,0.9409789848195871,19.783380595583385,0.18962881449180097,0.22103830923160878,0.5941016373824047,0.24700318468108468,0.7442445394127579,-0.2112002677111155,0.0,0.9774428100501601
izraelevitz2017_fig14,theta15_psi60_smoke,143,0.234375,4,0,0,4,0.1016,0.027891135768374212,3.5931987548690327,-0.5295651854042421,0.0,0.8482692464116395,0.9409789848195871,19.783380595583385,0.19611863426413736,0.22103830923160878,0.6144340566056893,0.25462881190220593,0.7721987058076054,-0.2112002677111155,0.0,0.9774428100501601
izraelevitz2017_fig14,theta15_psi60_smoke,143,0.234375,5,0,0,5,0.10160000000000001,0.010208864231625769,3.5931987548690327,-0.5295651854042421,0.0,0.8482692464116395,0.9409789848195871,19.783380595583385,0.19728317420241406,0.22103830923160875,0.6180825268341276,0.25598215605980823,0.7772598489058943,-0.2112002677111155,0.0,0.9774428100501601
izraelevitz2017_fig14,theta15_psi60_smoke,143,0.234375,6,0,0,6,0.10160000000000001,0.010208864231625769,3.5931987548690327,-0.5295651854042421,0.0,0.8482692464116395,0.9409789848195871,19.783380595583385,0.19728317420241426,0.22103830923160875,0.6180825268341281,0.2559821560598083,0.7772598489058955,-0.2112002677111155,0.0,0.9774428100501601
izraelevitz2017_fig14,theta15_psi60_smoke,143,0.234375,7,0,0,7,0.1016,0.027891135768374212,3.5931987548690327,-0.5295651854042421,0.0,0.8482692464116395,0.9409789848195871,19.783380595583385,0.19611863426413753,0.22103830923160878,0.6144340566056898,0.254628811902206,0.7721987058076067,-0.2112002677111155,0.0,0.9774428100501601
izraelevitz2017_fig14,theta15_psi60_smoke,143,0.234375,8,0,0,8,0.1016,0.03810000000000001,3.5931987548690327,-0.5295651854042421,0.0,0.8482692464116395,0.9409789848195871,19.783380595583385,0.189628814491801,0.22103830923160878,0.5941016373824048,0.24700318468108468,0.7442445394127581,-0.2112002677111155,0.0,0.9774428100501601
izraelevitz2017_fig14,theta15_psi60_smoke,143,0.234375,9,0,0,9,0.1016,0.038099999999999995,3.5931987548690327,-0.5295651854042421,0.0,0.8482692464116395,0.9409789848195871,19.783380595583385,0.17163176536179225,0.22103830923160878,0.5377173986007397,0.22517717900178713,0.668761959496488,-0.2112002677111155,0.0,0.9774428100501601
izraelevitz2017_fig14,theta15_psi60_smoke,143,0.234375,10,0,0,10,0.1016,0.02789113576837421,3.5931987548690327,-0.5295651854042421,0.0,0.8482692464116395,0.9409789848195871,19.783380595583385,0.13655989022296208,0.22103830923160878,0.427838219627382,0.18076332837465608,0.5273055639444868,-0.2112002677111155,0.0,0.9774428100501601
izraelevitz2017_fig14,theta15_psi60_smoke,143,0.234375,11,0,0,11,0.1016,0.010208864231625786,3.5931987548690327,-0.5295651854042421,0.0,0.8482692464116395,0.9409789848195871,19.783380595583385,0.09902696772648051,0.22103830923160878,0.3102486498636016,0.13139905486051215,0.38142446007746766,-0.2112002677111155,0.0,0.9774428100501601
izraelevitz2017_fig14,theta15_psi60_smoke,144,0.25,0,0,0,0,0.1016,0.010208864231625786,3.598082935121527,-0.5314051939084133,0.0,0.8471177721469203,0.9448914085556401,19.11006631399381,0.09995773367722252,0.22133876323336163,0.31316471289356657,0.1374858065440753,0.3704543626016905,-0.22478747175526595,0.0,0.9744078163386599
izraelevitz2017_fig14,theta15_psi60_smoke,144,0.25,1,0,0,1,0.10160000000000001,0.02789113576837421,3.598082935121527,-0.5314051939084133,0.0,0.8471177721469203,0.9448914085556401,19.11006631399381,0.1380897100854742,0.2213387632333616,0.4326311013824797,0.18935622666079077,0.5135090734738269,-0.22478747175526595,0.0,0.9744078163386599
izraelevitz2017_fig14,theta15_psi60_smoke,144,0.25,2,0,0,2,0.10160000000000001,0.038099999999999995,3.598082935121527,-0.5314051939084133,0.0,0.8471177721469203,0.9448914085556401,19.11006631399381,0.1739703873096117,0.2213387632333616,0.545044234093233,0.23662035218403854,0.6527495286809669,-0.22478747175526595,0.0,0.9744078163386599
izraelevitz2017_fig14,theta15_psi60_smoke,144,0.25,3,0,0,3,0.1016,0.03810000000000001,3.598082935121527,-0.5314051939084133,0.0,0.8471177721469203,0.9448914085556401,19.11006631399381,0.19258513408132932,0.22133876323336163,0.6033637018712402,0.26021890473826836,0.7277525404632954,-0.22478747175526595,0.0,0.9744078163386599
izraelevitz2017_fig14,theta15_psi60_smoke,144,0.25,4,0,0,4,0.1016,0.027891135768374212,3.598082935121527,-0.5314051939084133,0.0,0.8471177721469203,0.9448914085556401,19.11006631399381,0.19935076741874852,0.22133876323336163,0.624560237083791,0.26856301296582086,0.755711553812015,-0.22478747175526595,0.0,0.9744078163386599
izraelevitz2017_fig14,theta15_psi60_smoke,144,0.25,5,0,0,5,0.10160000000000001,0.010208864231625769,3.598082935121527,-0.5314051939084133,0.0,0.8471177721469203,0.9448914085556401,19.11006631399381,0.2005678394674512,0.2213387632333616,0.62837328890761,0.27005006000439014,0.7607830422558547,-0.22478747175526595,0.0,0.9744078163386599
izraelevitz2017_fig14,theta15_psi60_smoke,144,0.25,6,0,0,6,0.10160000000000001,0.010208864231625769,3.598082935121527,-0.5314051939084133,0.0,0.8471177721469203,0.9448914085556401,19.11006631399381,0.20056783946745116,0.2213387632333616,0.6283732889076099,0.2700500600043902,0.7607830422558541,-0.22478747175526595,0.0,0.9744078163386599
izraelevitz2017_fig14,theta15_psi60_smoke,144,0.25,7,0,0,7,0.1016,0.027891135768374212,3.598082935121527,-0.5314051939084133,0.0,0.8471177721469203,0.9448914085556401,19.11006631399381,0.1993507674187486,0.22133876323336163,0.6245602370837913,0.2685630129658209,0.7557115538120156,-0.22478747175526595,0.0,0.9744078163386599
izraelevitz2017_fig14,theta15_psi60_smoke,144,0.25,8,0,0,8,0.1016,0.03810000000000001,3.598082935121527,-0.5314051939084133,0.0,0.8471177721469203,0.9448914085556401,19.11006631399381,0.1925851340813292,0.22133876323336163,0.6033637018712399,0.2602189047382683,0.727752540463295,-0.22478747175526595,0.0,0.9744078163386599
izraelevitz2017_fig14,theta15_psi60_smoke,144,0.25,9,0,0,9,0.10160000000000001,0.038099999999999995,3.598082935121527,-0.5314051939084133,0.0,0.8471177721469203,0.9448914085556401,19.11006631399381,0.17397038730961178,0.2213387632333616,0.5450442340932333,0.23662035218403848,0.6527495286809679,-0.22478747175526595,0.0,0.9744078163386599
izraelevitz2017_fig14,theta15_psi60_smoke,144,0.25,10,0,0,10,0.10160000000000001,0.02789113576837421,3.598082935121527,-0.5314051939084133,0.0,0.8471177721469203,0.9448914085556401,19.11006631399381,0.1380897100854743,0.2213387632333616,0.43263110138248,0.18935622666079083,0.5135090734738277,-0.22478747175526595,0.0,0.9744078163386599
izraelevitz2017_fig14,theta15_psi60_smoke,144,0.25,11,0,0,11,0.1016,0.010208864231625786,3.598082935121527,-0.5314051939084133,0.0,0.8471177721469203,0.9448914085556401,19.11006631399381,0.09995773367722252,0.22133876323336163,0.31316471289356657,0.13748580654407544,0.3704543626016901,-0.22478747175526595,0.0,0.9744078163386599
izraelevitz2017_fig14,theta15_psi60_smoke,145,0.265625,0,0,0,0,0.1016,0.010208864231625786,3.593198754869036,-0.5295651854042412,0.0,0.8482692464116399,0.9493535333556042,18.31312349063995,0.0998804309208458,0.22103830923160897,0.3129225255748267,0.14206672979921692,0.356106124539416,-0.2362099747649643,0.0,0.9717020365428566
izraelevitz2017_fig14,theta15_psi60_smoke,145,0.265625,1,0,0,1,0.1016,0.02789113576837421,3.593198754869036,-0.5295651854042412,0.0,0.8482692464116399,0.9493535333556042,18.31312349063995,0.13833794198262256,0.22103830923160897,0.4334088047971302,0.19595843388133405,0.49564671034882335,-0.2362099747649643,0.0,0.9717020365428566
izraelevitz2017_fig14,theta15_psi60_smoke,145,0.265625,2,0,0,2,0.1016,0.038099999999999995,3.593198754869036,-0.5295651854042412,0.0,0.8482692464116399,0.9493535333556042,18.31312349063995,0.17468012311702175,0.22103830923160897,0.5472678160231274,0.24555590854017728,0.6315018144372866,-0.2362099747649643,0.0,0.9717020365428566
izraelevitz2017_fig14,theta15_psi60_smoke,145,0.265625,3,0,0,3,0.1016,0.03810000000000001,3.593198754869036,-0.5295651854042412,0.0,0.8482692464116399,0.9493535333556042,18.31312349063995,0.19372240656497453,0.22103830923160897,0.6069267439463294,0.2706586845818806,0.7053408061201818,-0.2362099747649643,0.0,0.9717020365428566
izraelevitz2017_fig14,theta15_psi60_smoke,145,0.265625,4,0,0,4,0.1016,0.027891135768374212,3.593198754869036,-0.5295651854042412,0.0,0.8482692464116399,0.9493535333556042,18.31312349063995,0.20069263442253815,0.22103830923160897,0.6287642679228664,0.2796243478927551,0.7330376261289009,-0.2362099747649643,0.0,0.9717020365428566
izraelevitz2017_fig14,theta15_psi60_smoke,145,0.265625,5,0,0,5,0.10160000000000001,0.010208864231625769,3.593198754869036,-0.5295651854042412,0.0,0.8482692464116399,0.9493535333556042,18.31312349063995,0.20194918772224152,0.22103830923160894,0.6327010133737763,0.2812275932458248,0.7380697536969663,-0.2362099747649643,0.0,0.9717020365428566
izraelevitz2017_fig14,theta15_psi60_smoke,145,0.265625,6,0,0,6,0.10160000000000001,0.010208864231625769,3.593198754869036,-0.5295651854042412,0.0,0.8482692464116399,0.9493535333556042,18.31312349063995,0.20194918772224152,0.22103830923160894,0.6327010133737763,0.2812275932458248,0.7380697536969663,-0.2362099747649643,0.0,0.9717020365428566
izraelevitz2017_fig14,theta15_psi60_smoke,145,0.265625,7,0,0,7,0.1016,0.027891135768374212,3.593198754869036,-0.5295651854042412,0.0,0.8482692464116399,0.9493535333556042,18.31312349063995,0.20069263442253812,0.22103830923160897,0.6287642679228663,0.27962434789275514,0.7330376261289004,-0.2362099747649643,0.0,0.9717020365428566
izraelevitz2017_fig14,theta15_psi60_smoke,145,0.265625,8,0,0,8,0.1016,0.03810000000000001,3.593198754869036,-0.5295651854042412,0.0,0.8482692464116399,0.9493535333556042,18.31312349063995,0.19372240656497444,0.22103830923160897,0.6069267439463292,0.2706586845818805,0.7053408061201814,-0.2362099747649643,0.0,0.9717020365428566
izraelevitz2017_fig14,theta15_psi60_smoke,145,0.265625,9,0,0,9,0.1016,0.038099999999999995,3.593198754869036,-0.5295651854042412,0.0,0.8482692464116399,0.9493535333556042,18.31312349063995,0.17468012311702183,0.22103830923160897,0.5472678160231276,0.24555590854017728,0.631501814437287,-0.2362099747649643,0.0,0.9717020365428566
izraelevitz2017_fig14,theta15_psi60_smoke,145,0.265625,10,0,0,10,0.1016,0.02789113576837421,3.593198754869036,-0.5295651854042412,0.0,0.8482692464116399,0.9493535333556042,18.31312349063995,0.13833794198262256,0.22103830923160897,0.4334088047971302,0.1959584338813341,0.4956467103488231,-0.2362099747649643,0.0,0.9717020365428566
izraelevitz2017_fig14,theta15_psi60_smoke,145,0.265625,11,0,0,11,0.1016,0.010208864231625786,3.593198754869036,-0.5295651854042412,0.0,0.8482692464116399,0.9493535333556042,18.31312349063995,0.09988043092084553,0.22103830923160897,0.31292252557482586,0.14206672979921692,0.35610612453941387,-0.2362099747649643,0.0,0.9717020365428566
izraelevitz2017_fig14,theta15_psi60_smoke,146,0.28125,0,0,0,0,0.1016,0.010208864231625786,3.578694806902999,-0.5240180427046819,0.0,0.8517071626562467,0.9542496708936085,17.39820992490167,0.09881726286824055,0.22014608802306831,0.309591650556923,0.1451289246327521,0.3385923524940512,-0.2453742522135436,0.0,0.9694284276575782
izraelevitz2017_fig14,theta15_psi60_smoke,146,0.28125,1,0,0,1,0.10159999999999998,0.02789113576837421,3.578694806902999,-0.5240180427046819,0.0,0.8517071626562467,0.9542496708936085,17.39820992490167,0.1373309781740455,0.22014608802306834,0.4302540160638688,0.20056975200884075,0.4739257841331499,-0.2453742522135436,0.0,0.9694284276575782
izraelevitz2017_fig14,theta15_psi60_smoke,146,0.28125,2,0,0,2,0.1016,0.038099999999999995,3.578694806902999,-0.5240180427046819,0.0,0.8517071626562467,0.9542496708936085,17.39820992490167,0.17379191476280367,0.22014608802306831,0.5444850847225501,0.2519758204926533,0.6052852503284153,-0.2453742522135436,0.0,0.9694284276575782
izraelevitz2017_fig14,theta15_psi60_smoke,146,0.28125,3,0,0,3,0.1016,0.03810000000000001,3.578694806902999,-0.5240180427046819,0.0,0.8517071626562467,0.9542496708936085,17.39820992490167,0.1930722711481763,0.22014608802306831,0.6048898883309249,0.27830539601027415,0.6773085327964898,-0.2453742522135436,0.0,0.9694284276575782
izraelevitz2017_fig14,theta15_psi60_smoke,146,0.28125,4,0,0,4,0.1016,0.027891135768374212,3.578694806902999,-0.5240180427046819,0.0,0.8517071626562467,0.9542496708936085,17.39820992490167,0.2001755868811503,0.22014608802306831,0.6271443728042565,0.28779106294824297,0.7044877431659122,-0.2453742522135436,0.0,0.9694284276575782
izraelevitz2017_fig14,theta15_psi60_smoke,146,0.28125,5,0,0,5,0.10160000000000001,0.010208864231625769,3.578694806902999,-0.5240180427046819,0.0,0.8517071626562467,0.9542496708936085,17.39820992490167,0.20145849639363592,0.2201460880230683,0.6311636915139355,0.28949207792355525,0.7094329950141729,-0.2453742522135436,0.0,0.9694284276575782
izraelevitz2017_fig14,theta15_psi60_smoke,146,0.28125,6,0,0,6,0.10160000000000001,0.010208864231625769,3.578694806902999,-0.5240180427046819,0.0,0.8517071626562467,0.9542496708936085,17.39820992490167,0.2014584963936359,0.2201460880230683,0.6311636915139354,0.28949207792355525,0.7094329950141727,-0.2453742522135436,0.0,0.9694284276575782
izraelevitz2017_fig14,theta15_psi60_smoke,146,0.28125,7,0,0,7,0.1016,0.027891135768374212,3.578694806902999,-0.5240180427046819,0.0,0.8517071626562467,0.9542496708936085,17.39820992490167,0.2001755868811503,0.22014608802306831,0.6271443728042565,0.28779106294824297,0.7044877431659122,-0.2453742522135436,0.0,0.9694284276575782
izraelevitz2017_fig14,theta15_psi60_smoke,146,0.28125,8,0,0,8,0.1016,0.03810000000000001,3.578694806902999,-0.5240180427046819,0.0,0.8517071626562467,0.9542496708936085,17.39820992490167,0.19307227114817632,0.22014608802306831,0.6048898883309249,0.2783053960102741,0.6773085327964901,-0.2453742522135436,0.0,0.9694284276575782
izraelevitz2017_fig14,theta15_psi60_smoke,146,0.28125,9,0,0,9,0.1016,0.038099999999999995,3.578694806902999,-0.5240180427046819,0.0,0.8517071626562467,0.9542496708936085,17.39820992490167,0.1737919147628035,0.22014608802306831,0.5444850847225495,0.2519758204926532,0.6052852503284143,-0.2453742522135436,0.0,0.9694284276575782
izraelevitz2017_fig14,theta15_psi60_smoke,146,0.28125,10,0,0,10,0.10159999999999998,0.02789113576837421,3.578694806902999,-0.5240180427046819,0.0,0.8517071626562467,0.9542496708936085,17.39820992490167,0.13733097817404535,0.22014608802306834,0.43025401606386837,0.20056975200884075,0.47392578413314856,-0.2453742522135436,0.0,0.9694284276575782
izraelevitz2017_fig14,theta15_psi60_smoke,146,0.28125,11,0,0,11,0.1016,0.010208864231625786,3.578694806902999,-0.5240180427046819,0.0,0.8517071626562467,0.9542496708936085,17.39820992490167,0.09881726286823961,0.22014608802306831,0.30959165055692,0.14512892463275173,0.33859235249404485,-0.2453742522135436,0.0,0.9694284276575782
izraelevitz2017_fig14,theta15_psi60_smoke,147,0.296875,0,0,0,0,0.10159999999999998,0.010208864231625786,3.5550156054220903,-0.5146835806596657,0.0,0.8573802025935434,0.9594707629139962,16.368152734133353,0.09680849037611512,0.21868944423118172,0.30329822394926975,0.14668843953698602,0.3181802412622163,-0.25220708603465253,0.0,0.967673284613102
izraelevitz2017_fig14,theta15_psi60_smoke,147,0.296875,1,0,0,1,0.10159999999999998,0.02789113576837421,3.5550156054220903,-0.5146835806596657,0.0,0.8573802025935434,0.9594707629139962,16.368152734133353,0.13510458523650143,0.21868944423118172,0.42327879084191955,0.20321741732588813,0.4485447251271346,-0.25220708603465253,0.0,0.967673284613102
izraelevitz2017_fig14,theta15_psi60_smoke,147,0.296875,2,0,0,2,0.1016,0.038099999999999995,3.5550156054220903,-0.5146835806596657,0.0,0.8573802025935434,0.9594707629139962,16.368152734133353,0.17134916562100286,0.2186894442311817,0.5368320217176075,0.255908026817426,0.5743559738417408,-0.25220708603465253,0.0,0.967673284613102
izraelevitz2017_fig14,theta15_psi60_smoke,147,0.296875,3,0,0,3,0.1016,0.03810000000000001,3.5550156054220903,-0.5146835806596657,0.0,0.8573802025935434,0.9594707629139962,16.368152734133353,0.1906812144176192,0.2186894442311817,0.597398776167907,0.28318328263040726,0.6439470925285458,-0.25220708603465253,0.0,0.967673284613102
izraelevitz2017_fig14,theta15_psi60_smoke,147,0.296875,4,0,0,4,0.1016,0.027891135768374212,3.5550156054220903,-0.5146835806596657,0.0,0.8573802025935434,0.9594707629139962,16.368152734133353,0.19784687426079742,0.2186894442311817,0.6198485829505234,0.2930849445434816,0.6703666237458636,-0.25220708603465253,0.0,0.967673284613102
izraelevitz2017_fig14,theta15_psi60_smoke,147,0.296875,5,0,0,5,0.10159999999999998,0.010208864231625769,3.5550156054220903,-0.5146835806596657,0.0,0.8573802025935434,0.9594707629139962,16.368152734133353,0.19914314792949286,0.21868944423118172,0.6239097711783335,0.294864789090984,0.6751800606728816,-0.25220708603465253,0.0,0.967673284613102
izraelevitz2017_fig14,theta15_psi60_smoke,147,0.296875,6,0,0,6,0.10159999999999998,0.010208864231625769,3.5550156054220903,-0.5146835806596657,0.0,0.8573802025935434,0.9594707629139962,16.368152734133353,0.1991431479294928,0.21868944423118172,0.6239097711783332,0.29486478909098396,0.675180060672881,-0.25220708603465253,0.0,0.967673284613102
izraelevitz2017_fig14,theta15_psi60_smoke,147,0.296875,7,0,0,7,0.1016,0.027891135768374212,3.5550156054220903,-0.5146835806596657,0.0,0.8573802025935434,0.9594707629139962,16.368152734133353,0.19784687426079745,0.2186894442311817,0.6198485829505235,0.2930849445434816,0.6703666237458639,-0.25220708603465253,0.0,0.967673284613102
izraelevitz2017_fig14,theta15_psi60_smoke,147,0.296875,8,0,0,8,0.1016,0.03810000000000001,3.5550156054220903,-0.5146835806596657,0.0,0.8573802025935434,0.9594707629139962,16.368152734133353,0.19068121441761923,0.2186894442311817,0.5973987761679072,0.28318328263040726,0.643947092528546,-0.25220708603465253,0.0,0.967673284613102
izraelevitz2017_fig14,theta15_psi60_smoke,147,0.296875,9,0,0,9,0.1016,0.038099999999999995,3.5550156054220903,-0.5146835806596657,0.0,0.8573802025935434,0.9594707629139962,16.368152734133353,0.17134916562100283,0.2186894442311817,0.5368320217176074,0.2559080268174259,0.5743559738417405,-0.25220708603465253,0.0,0.967673284613102
izraelevitz2017_fig14,theta15_psi60_smoke,147,0.296875,10,0,0,10,0.10159999999999998,0.02789113576837421,3.5550156054220903,-0.5146835806596657,0.0,0.8573802025935434,0.9594707629139962,16.368152734133353,0.1351045852365013,0.21868944423118172,0.4232787908419191,0.20321741732588808,0.4485447251271334,-0.25220708603465253,0.0,0.967673284613102
izraelevitz2017_fig14,theta15_psi60_smoke,147,0.296875,11,0,0,11,0.10159999999999998,0.010208864231625786,3.5550156054220903,-0.5146835806596657,0.0,0.8573802025935434,0.9594707629139962,16.368152734133353,0.096808490376115,0.21868944423118172,0.30329822394926936,0.14668843953698568,0.3181802412622164,-0.25220708603465253,0.0,0.967673284613102
izraelevitz2017_fig14,theta15_psi60_smoke,148,0.3125,0,0,0,0,0.10159999999999998,0.010208864231625786,3.5228975455068756,-0.5014322901584026,0.0,0.865196889954246,0.9649105624833506,15.223131961108843,0.0938965225327619,0.2167136777501769,0.29417511220922427,0.14678315038169032,0.2950883293779897,-0.2566549846389002,0.0,0.9665030878688418
izraelevitz2017_fig14,theta15_psi60_smoke,148,0.3125,1,0,0,1,0.1016,0.02789113576837421,3.5228975455068756,-0.5014322901584026,0.0,0.865196889954246,0.9649105624833506,15.223131961108843,0.13170045366033084,0.21671367775017686,0.41261374424186525,0.20395054868912593,0.41968271453728545,-0.2566549846389002,0.0,0.9665030878688418
izraelevitz2017_fig14,theta15_psi60_smoke,148,0.3125,2,0,0,2,0.1016,0.038099999999999995,3.5228975455068756,-0.5014322901584026,0.0,0.865196889954246,0.9649105624833506,15.223131961108843,0.16740409135116996,0.21671367775017686,0.5244722171721634,0.2574096882824768,0.538951478082978,-0.2566549846389002,0.0,0.9665030878688418
izraelevitz2017_fig14,theta15_psi60_smoke,148,0.3125,3,0,0,3,0.1016,0.03810000000000001,3.5228975455068756,-0.5014322901584026,0.0,0.865196889954246,0.9649105624833506,15.223131961108843,0.18660666739791237,0.21671367775017686,0.584633337210295,0.2853506461799172,0.6055314044859859,-0.2566549846389002,0.0,0.9665030878688418
izraelevitz2017_fig14,theta15_psi60_smoke,148,0.3125,4,0,0,4,0.10159999999999998,0.027891135768374212,3.5228975455068756,-0.5014322901584026,0.0,0.865196889954246,0.9649105624833506,15.223131961108843,0.1937656204459031,0.2167136777501769,0.6070621317959352,0.29556382178792145,0.6309638641260735,-0.2566549846389002,0.0,0.9665030878688418
izraelevitz2017_fig14,theta15_psi60_smoke,148,0.3125,5,0,0,5,0.10159999999999998,0.010208864231625769,3.5228975455068756,-0.5014322901584026,0.0,0.865196889954246,0.9649105624833506,15.223131961108843,0.195062582101586,0.2167136777501769,0.6111254754672458,0.29740342525578745,0.6356034129007523,-0.2566549846389002,0.0,0.9665030878688418
izraelevitz2017_fig14,theta15_psi60_smoke,148,0.3125,6,0,0,6,0.10159999999999998,0.010208864231625769,3.5228975455068756,-0.5014322901584026,0.0,0.865196889954246,0.9649105624833506,15.223131961108843,0.19506258210158609,0.2167136777501769,0.611125475467246,0.29740342525578745,0.6356034129007527,-0.2566549846389002,0.0,0.9665030878688418
izraelevitz2017_fig14,theta15_psi60_smoke,148,0.3125,7,0,0,7,0.10159999999999998,0.027891135768374212,3.5228975455068756,-0.5014322901584026,0.0,0.865196889954246,0.9649105624833506,15.223131961108843,0.19376562044590312,0.2167136777501769,0.6070621317959353,0.2955638217879215,0.6309638641260735,-0.2566549846389002,0.0,0.9665030878688418
izraelevitz2017_fig14,theta15_psi60_smoke,148,0.3125,8,0,0,8,0.1016,0.03810000000000001,3.5228975455068756,-0.5014322901584026,0.0,0.865196889954246,0.9649105624833506,15.223131961108843,0.18660666739791237,0.21671367775017686,0.584633337210295,0.2853506461799172,0.6055314044859859,-0.2566549846389002,0.0,0.9665030878688418
izraelevitz2017_fig14,theta15_psi60_smoke,148,0.3125,9,0,0,9,0.1016,0.038099999999999995,3.5228975455068756,-0.5014322901584026,0.0,0.865196889954246,0.9649105624833506,15.223131961108843,0.16740409135116985,0.21671367775017686,0.5244722171721631,0.2574096882824767,0.5389514780829777,-0.2566549846389002,0.0,0.9665030878688418
izraelevitz2017_fig14,theta15_psi60_smoke,148,0.3125,10,0,0,10,0.1016,0.02789113576837421,3.5228975455068756,-0.5014322901584026,0.0,0.865196889954246,0.9649105624833506,15.223131961108843,0.13170045366033076,0.21671367775017686,0.412613744241865,0.20395054868912582,0.419682714537285,-0.2566549846389002,0.0,0.9665030878688418
izraelevitz2017_fig14,theta15_psi60_smoke,148,0.3125,11,0,0,11,0.10159999999999998,0.010208864231625786,3.5228975455068756,-0.5014322901584026,0.0,0.865196889954246,0.9649105624833506,15.223131961108843,0.09389652253276183,0.2167136777501769,0.29417511220922404,0.14678315038169004,0.29508832937798996,-0.2566549846389002,0.0,0.9665030878688418
izraelevitz2017_fig14,theta15_psi60_smoke,149,0.328125,0,0,0,0,0.1016,0.010208864231625786,3.4833613256118,-0.4840923869899379,0.0,0.8750168917560301,0.9704599351589411,13.961056363205632,0.09013279474004023,0.21428157760899358,0.28238346097568084,0.14546928422287259,0.2695507997705843,-0.2586836480892318,0.0,0.9659620956389783
izraelevitz2017_fig14,theta15_psi60_smoke,149,0.328125,1,0,0,1,0.10160000000000001,0.02789113576837421,3.4833613256118,-0.4840923869899379,0.0,0.8750168917560301,0.9704599351589411,13.961056363205632,0.1271638505737462,0.21428157760899355,0.3984006968781665,0.20283435146648426,0.3874986877959634,-0.2586836480892318,0.0,0.9659620956389783
izraelevitz2017_fig14,theta15_psi60_smoke,149,0.328125,2,0,0,2,0.10160000000000001,0.038099999999999995,3.4833613256118,-0.4840923869899379,0.0,0.8750168917560301,0.9704599351589411,13.961056363205632,0.16201417833141685,0.21428157760899355,0.5075857742601738,0.256559816026858,0.4992849875698606,-0.2586836480892318,0.0,0.9659620956389783
izraelevitz2017_fig14,theta15_psi60_smoke,149,0.328125,3,0,0,3,0.1016,0.03810000000000001,3.4833613256118,-0.4840923869899379,0.0,0.8750168917560301,0.9704599351589411,13.961056363205632,0.18091288057733837,0.21428157760899358,0.5667948663952194,0.28489168218022903,0.5623121194473613,-0.2586836480892318,0.0,0.9659620956389783
izraelevitz2017_fig14,theta15_psi60_smoke,149,0.328125,4,0,0,4,0.1016,0.027891135768374212,3.4833613256118,-0.4840923869899379,0.0,0.8750168917560301,0.9704599351589411,13.961056363205632,0.18799849505740357,0.21428157760899358,0.5889938933508471,0.2953131285592592,0.5865453476993401,-0.2586836480892318,0.0,0.9659620956389783
izraelevitz2017_fig14,theta15_psi60_smoke,149,0.328125,5,0,0,5,0.10160000000000001,0.010208864231625769,3.4833613256118,-0.4840923869899379,0.0,0.8750168917560301,0.9704599351589411,13.961056363205632,0.18928392953111245,0.21428157760899355,0.5930211226916245,0.29719362100248203,0.5909719437216153,-0.2586836480892318,0.0,0.9659620956389783
izraelevitz2017_fig14,theta15_psi60_smoke,149,0.328125,6,0,0,6,0.10160000000000001,0.010208864231625769,3.4833613256118,-0.4840923869899379,0.0,0.8750168917560301,0.9704599351589411,13.961056363205632,0.18928392953111245,0.21428157760899355,0.5930211226916245,0.29719362100248203,0.5909719437216153,-0.2586836480892318,0.0,0.9659620956389783
izraelevitz2017_fig14,theta15_psi60_smoke,149,0.328125,7,0,0,7,0.1016,0.027891135768374212,3.4833613256118,-0.4840923869899379,0.0,0.8750168917560301,0.9704599351589411,13.961056363205632,0.1879984950574037,0.21428157760899358,0.5889938933508475,0.29531312855925923,0.586545347699341,-0.2586836480892318,0.0,0.9659620956389783
izraelevitz2017_fig14,theta15_psi60_smoke,149,0.328125,8,0,0,8,0.1016,0.03810000000000001,3.4833613256118,-0.4840923869899379,0.0,0.8750168917560301,0.9704599351589411,13.961056363205632,0.18091288057733843,0.21428157760899358,0.5667948663952196,0.28489168218022903,0.5623121194473617,-0.2586836480892318,0.0,0.9659620956389783
izraelevitz2017_fig14,theta15_psi60_smoke,149,0.328125,9,0,0,9,0.10160000000000001,0.038099999999999995,3.4833613256118,-0.4840923869899379,0.0,0.8750168917560301,0.9704599351589411,13.961056363205632,0.16201417833141685,0.21428157760899355,0.5075857742601738,0.2565598160268579,0.49928498756986084,-0.2586836480892318,0.0,0.9659620956389783
izraelevitz2017_fig14,theta15_psi60_smoke,149,0.328125,10,0,0,10,0.10160000000000001,0.02789113576837421,3.4833613256118,-0.4840923869899379,0.0,0.8750168917560301,0.9704599351589411,13.961056363205632,0.12716385057374624,0.21428157760899355,0.3984006968781666,0.2028343514664842,0.38749868779596386,-0.2586836480892318,0.0,0.9659620956389783
izraelevitz2017_fig14,theta15_psi60_smoke,149,0.328125,11,0,0,11,0.1016,0.010208864231625786,3.4833613256118,-0.4840923869899379,0.0,0.8750168917560301,0.9704599351589411,13.961056363205632,0.09013279474004013,0.21428157760899358,0.2823834609756805,0.14546928422287234,0.26955079977058427,-0.2586836480892318,0.0,0.9659620956389783
izraelevitz2017_fig14,theta15_psi60_smoke,150,0.34375,0,0,0,0,0.1016,0.010208864231625786,3.4376995176189897,-0.4624613396151642,0.0,0.8866394472170454,0.975999828419597,12.578163798786875,0.08557143469216233,0.2114726573338453,0.26809285076226247,0.14281588938609296,0.24178445874737725,-0.25827757157013914,0.0,0.9660707510445763
izraelevitz2017_fig14,theta15_psi60_smoke,150,0.34375,1,0,0,1,0.1016,0.02789113576837421,3.4376995176189897,-0.4624613396151642,0.0,0.8866394472170454,0.975999828419597,12.578163798786875,0.1215406975235166,0.2114726573338453,0.3807835196398533,0.19994408477505937,0.35212654477445504,-0.25827757157013914,0.0,0.9660707510445763
izraelevitz2017_fig14,theta15_psi60_smoke,150,0.34375,2,0,0,2,0.1016,0.038099999999999995,3.4376995176189897,-0.4624613396151642,0.0,0.8866394472170454,0.975999828419597,12.578163798786875,0.15523856234473044,0.2114726573338453,0.48635796369376416,0.2534516067058068,0.45554008911699007,-0.25827757157013914,0.0,0.9660707510445763
izraelevitz2017_fig14,theta15_psi60_smoke,150,0.34375,3,0,0,3,0.1016,0.03810000000000001,3.4376995176189897,-0.4624613396151642,0.0,0.8866394472170454,0.975999828419597,12.578163798786875,0.17366683703248462,0.2114726573338453,0.5440932197806014,0.2819079240016187,0.5145092774466475,-0.25827757157013914,0.0,0.9660707510445763
izraelevitz2017_fig14,theta15_psi60_smoke,150,0.34375,4,0,0,4,0.1016,0.027891135768374212,3.4376995176189897,-0.4624613396151642,0.0,0.8866394472170454,0.975999828419597,12.578163798786875,0.1806154362597563,0.2114726573338453,0.5658629818787276,0.2924370207663961,0.5373463923976308,-0.25827757157013914,0.0,0.9660707510445763
izraelevitz2017_fig14,theta15_psi60_smoke,150,0.34375,5,0,0,5,0.10160000000000001,0.010208864231625769,3.4376995176189897,-0.4624613396151642,0.0,0.8866394472170454,0.975999828419597,12.578163798786875,0.18187769835253959,0.21147265733384527,0.5698176128146327,0.2943400040516629,0.5415240198815932,-0.25827757157013914,0.0,0.9660707510445763
izraelevitz2017_fig14,theta15_psi60_smoke,150,0.34375,6,0,0,6,0.10160000000000001,0.010208864231625769,3.4376995176189897,-0.4624613396151642,0.0,0.8866394472170454,0.975999828419597,12.578163798786875,0.1818776983525396,0.21147265733384527,0.5698176128146327,0.2943400040516629,0.5415240198815932,-0.25827757157013914,0.0,0.9660707510445763
izraelevitz2017_fig14,theta15_psi60_smoke,150,0.34375,7,0,0,7,0.1016,0.027891135768374212,3.4376995176189897,-0.4624613396151642,0.0,0.8866394472170454,0.975999828419597,12.578163798786875,0.18061543625975626,0.2114726573338453,0.5658629818787275,0.29243702076639616,0.5373463923976305,-0.25827757157013914,0.0,0.9660707510445763
izraelevitz2017_fig14,theta15_psi60_smoke,150,0.34375,8,0,0,8,0.1016,0.03810000000000001,3.4376995176189897,-0.4624613396151642,0.0,0.8866394472170454,0.975999828419597,12.578163798786875,0.1736668370324847,0.2114726573338453,0.5440932197806017,0.28190792400161874,0.514509277446648,-0.25827757157013914,0.0,0.9660707510445763
izraelevitz2017_fig14,theta15_psi60_smoke,150,0.34375,9,0,0,9,0.1016,0.038099999999999995,3.4376995176189897,-0.4624613396151642,0.0,0.8866394472170454,0.975999828419597,12.578163798786875,0.15523856234473044,0.2114726573338453,0.48635796369376416,0.25345160670580674,0.4555400891169903,-0.25827757157013914,0.0,0.9660707510445763
izraelevitz2017_fig14,theta15_psi60_smoke,150,0.34375,10,0,0,10,0.1016,0.02789113576837421,3.4376995176189897,-0.4624613396151642,0.0,0.8866394472170454,0.975999828419597,12.578163798786875,0.12154069752351654,0.2114726573338453,0.38078351963985313,0.1999440847750593,0.35212654477445493,-0.25827757157013914,0.0,0.9660707510445763
izraelevitz2017_fig14,theta15_psi60_smoke,150,0.34375,11,0,0,11,0.1016,0.010208864231625786,3.4376995176189897,-0.4624613396151642,0.0,0.8866394472170454,0.975999828419597,12.578163798786875,0.08557143469216236,0.2114726573338453,0.2680928507622626,0.14281588938609277,0.2417844587473782,-0.25827757157013914,0.0,0.9660707510445763
izraelevitz2017_fig14,theta15_psi60_smoke,151,0.359375,0,0,0,0,0.1016,0.010208864231625786,3.387457371949174,-0.4363233876949564,0.0,0.8997899206761526,0.9813937256719387,11.069883045807291,0.08026632911130901,0.2083819741602592,0.25147210712412854,0.13889920158075683,0.2119826630680509,-0.2554398516270273,0.0,0.9668249490992474
izraelevitz2017_fig14,theta15_psi60_smoke,151,0.359375,1,0,0,1,0.1016,0.02789113576837421,3.387457371949174,-0.4363233876949564,0.0,0.8997899206761526,0.9813937256719387,11.069883045807291,0.11487526882328389,0.2083819741602592,0.35990092268180957,0.19535921745573376,0.31367465433732256,-0.2554398516270273,0.0,0.9668249490992474
izraelevitz2017_fig14,theta15_psi60_smoke,151,0.359375,2,0,0,2,0.1016,0.038099999999999995,3.387457371949174,-0.4363233876949564,0.0,0.8997899206761526,0.9813937256719387,11.069883045807291,0.14713494682008565,0.2083819741602592,0.4609695686610193,0.24818493587527715,0.4078691140267168,-0.2554398516270273,0.0,0.9668249490992474
izraelevitz2017_fig14,theta15_psi60_smoke,151,0.359375,3,0,0,3,0.1016,0.03810000000000001,3.387457371949174,-0.4363233876949564,0.0,0.8997899206761526,0.9813937256719387,11.069883045807291,0.16493466211722402,0.2083819741602592,0.5167355662036963,0.27650978178597074,0.46230957015132845,-0.2554398516270273,0.0,0.9668249490992474
izraelevitz2017_fig14,theta15_psi60_smoke,151,0.359375,4,0,0,4,0.1016,0.027891135768374212,3.387457371949174,-0.4363233876949564,0.0,0.8997899206761526,0.9813937256719387,11.069883045807291,0.171685853810233,0.2083819741602592,0.5378868561584861,0.28704955282294825,0.48356848192737045,-0.2554398516270273,0.0,0.9668249490992474
izraelevitz2017_fig14,theta15_psi60_smoke,151,0.359375,5,0,0,5,0.10160000000000001,0.010208864231625769,3.387457371949174,-0.4363233876949564,0.0,0.8997899206761526,0.9813937256719387,11.069883045807291,0.17291393804507332,0.20838197416025916,0.5417344088456527,0.2889573042991264,0.48746410921675265,-0.2554398516270273,0.0,0.9668249490992474
izraelevitz2017_fig14,theta15_psi60_smoke,151,0.359375,6,0,0,6,0.10160000000000001,0.010208864231625769,3.387457371949174,-0.4363233876949564,0.0,0.8997899206761526,0.9813937256719387,11.069883045807291,0.17291393804507324,0.20838197416025916,0.5417344088456524,0.2889573042991264,0.48746410921675176,-0.2554398516270273,0.0,0.9668249490992474
izraelevitz2017_fig14,theta15_psi60_smoke,151,0.359375,7,0,0,7,0.1016,0.027891135768374212,3.387457371949174,-0.4363233876949564,0.0,0.8997899206761526,0.9813937256719387,11.069883045807291,0.17168585381023296,0.2083819741602592,0.5378868561584861,0.2870495528229483,0.48356848192737034,-0.2554398516270273,0.0,0.9668249490992474
izraelevitz2017_fig14,theta15_psi60_smoke,151,0.359375,8,0,0,8,0.1016,0.03810000000000001,3.387457371949174,-0.4363233876949564,0.0,0.8997899206761526,0.9813937256719387,11.069883045807291,0.16493466211722393,0.2083819741602592,0.5167355662036961,0.27650978178597074,0.462309570151328,-0.2554398516270273,0.0,0.9668249490992474
izraelevitz2017_fig14,theta15_psi60_smoke,151,0.359375,9,0,0,9,0.1016,0.038099999999999995,3.387457371949174,-0.4363233876949564,0.0,0.8997899206761526,0.9813937256719387,11.069883045807291,0.1471349468200856,0.2083819741602592,0.4609695686610191,0.24818493587527707,0.40786911402671655,-0.2554398516270273,0.0,0.9668249490992474
izraelevitz2017_fig14,theta15_psi60_smoke,151,0.359375,10,0,0,10,0.1016,0.02789113576837421,3.387457371949174,-0.4363233876949564,0.0,0.8997899206761526,0.9813937256719387,11.069883045807291,0.1148752688232839,0.2083819741602592,0.3599009226818096,0.1953592174557337,0.313674654337323,-0.2554398516270273,0.0,0.9668249490992474
izraelevitz2017_fig14,theta15_psi60_smoke,151,0.359375,11,0,0,11,0.1016,0.010208864231625786,3.387457371949174,-0.4363233876949564,0.0,0.8997899206761526,0.9813937256719387,11.069883045807291,0.08026632911130946,0.2083819741602592,0.25147210712412993,0.13889920158075683,0.21198266306805436,-0.2554398516270273,0.0,0.9668249490992474
izraelevitz2017_fig14,theta15_psi60_smoke,152,0.375,0,0,0,0,0.1016,0.010208864231625786,3.3344043552044456,-0.40547464478625433,0.0,0.9141062916507362,0.9864808269322202,9.431986848495168,0.0742709045996808,0.20511837814987974,0.23268861407373595,0.13379805000961545,0.1803273851554935,-0.2501922256037612,0.0,0.9681961837600047
izraelevitz2017_fig14,theta15_psi60_smoke,152,0.375,1,0,0,1,0.1016,0.02789113576837421,3.3344043552044456,-0.40547464478625433,0.0,0.9141062916507362,0.9864808269322202,9.431986848495168,0.10720884764164977,0.20511837814987974,0.3358822449872923,0.18915817502029253,0.27223108740735313,-0.2501922256037612,0.0,0.9681961837600047
izraelevitz2017_fig14,theta15_psi60_smoke,152,0.375,2,0,0,2,0.1016,0.038099999999999995,3.3344043552044456,-0.40547464478625433,0.0,0.9141062916507362,0.9864808269322202,9.431986848495168,0.1377574962546333,0.20511837814987974,0.43159028497811314,0.2408594640093122,0.3563973204173462,-0.2501922256037612,0.0,0.9681961837600047
izraelevitz2017_fig14,theta15_psi60_smoke,152,0.375,3,0,0,3,0.1016,0.03810000000000001,3.3344043552044456,-0.40547464478625433,0.0,0.9141062916507362,0.9864808269322202,9.431986848495168,0.15477900066472863,0.20511837814987974,0.48491817013022276,0.26880866996130326,0.4058694154416471,-0.2501922256037612,0.0,0.9681961837600047
izraelevitz2017_fig14,theta15_psi60_smoke,152,0.375,4,0,0,4,0.1016,0.027891135768374212,3.3344043552044456,-0.40547464478625433,0.0,0.9141062916507362,0.9864808269322202,9.431986848495168,0.1612757939587967,0.20511837814987974,0.505272437197097,0.27926642470388663,0.4253818188810826,-0.2501922256037612,0.0,0.9681961837600047
izraelevitz2017_fig14,theta15_psi60_smoke,152,0.375,5,0,0,5,0.10160000000000001,0.010208864231625769,3.3344043552044456,-0.40547464478625433,0.0,0.9141062916507362,0.9864808269322202,9.431986848495168,0.16245936369537675,0.2051183781498797,0.5089805272378585,0.28116202960270714,0.4289652292865247,-0.2501922256037612,0.0,0.9681961837600047
izraelevitz2017_fig14,theta15_psi60_smoke,152,0.375,6,0,0,6,0.10160000000000001,0.010208864231625769,3.3344043552044456,-0.40547464478625433,0.0,0.9141062916507362,0.9864808269322202,9.431986848495168,0.1624593636953767,0.2051183781498797,0.5089805272378584,0.28116202960270714,0.4289652292865245,-0.2501922256037612,0.0,0.9681961837600047
izraelevitz2017_fig14,theta15_psi60_smoke,152,0.375,7,0,0,7,0.1016,0.027891135768374212,3.3344043552044456,-0.40547464478625433,0.0,0.9141062916507362,0.9864808269322202,9.431986848495168,0.1612757939587967,0.20511837814987974,0.505272437197097,0.27926642470388674,0.4253818188810823,-0.2501922256037612,0.0,0.9681961837600047
izraelevitz2017_fig14,theta15_psi60_smoke,152,0.375,8,0,0,8,0.1016,0.03810000000000001,3.3344043552044456,-0.40547464478625433,0.0,0.9141062916507362,0.9864808269322202,9.431986848495168,0.15477900066472852,0.20511837814987974,0.4849181701302224,0.26880866996130326,0.40586941544164623,-0.2501922256037612,0.0,0.9681961837600047
izraelevitz2017_fig14,theta15_psi60_smoke,152,0.375,9,0,0,9,0.1016,0.038099999999999995,3.3344043552044456,-0.40547464478625433,0.0,0.9141062916507362,0.9864808269322202,9.431986848495168,0.1377574962546331,0.20511837814987974,0.4315902849781125,0.2408594640093121,0.35639732041734495,-0.2501922256037612,0.0,0.9681961837600047
izraelevitz2017_fig14,theta15_psi60_smoke,152,0.375,10,0,0,10,0.1016,0.02789113576837421,3.3344043552044456,-0.40547464478625433,0.0,0.9141062916507362,0.9864808269322202,9.431986848495168,0.10720884764164967,0.20511837814987974,0.33588224498729197,0.18915817502029247,0.27223108740735247,-0.2501922256037612,0.0,0.9681961837600047
izraelevitz2017_fig14,theta15_psi60_smoke,152,0.375,11,0,0,11,0.1016,0.010208864231625786,3.3344043552044456,-0.40547464478625433,0.0,0.9141062916507362,0.9864808269322202,9.431986848495168,0.07427090459968072,0.20511837814987974,0.2326886140737357,0.13379805000961542,0.18032738515549296,-0.2501922256037612,0.0,0.9681961837600047
izraelevitz2017_fig14,theta15_psi60_smoke,153,0.390625,0,0,0,0,0.10159999999999998,0.010208864231625786,3.280493463069228,-0.3697569659041881,0.0,0.9291285089616661,0.9910717502270391,7.662040624211447,0.0676378237546178,0.20180200929313655,0.2119073620182253,0.12759010616106464,0.1469980865623693,-0.2425753381361563,0.0,0.9701325710067308
izraelevitz2017_fig14,theta15_psi60_smoke,153,0.390625,1,0,0,1,0.10159999999999998,0.02789113576837421,3.280493463069228,-0.3697569659041881,0.0,0.9291285089616661,0.9910717502270391,7.662040624211447,0.09857957704718794,0.20180200929313655,0.3088469876962266,0.1814140257342983,0.2278753920376716,-0.2425753381361563,0.0,0.9701325710067308
izraelevitz2017_fig14,theta15_psi60_smoke,153,0.390625,2,0,0,2,0.1016,0.038099999999999995,3.280493463069228,-0.3697569659041881,0.0,0.9291285089616661,0.9910717502270391,7.662040624211447,0.12715616383011005,0.20180200929313652,0.39837661453080486,0.2315688170865653,0.3012350850673162,-0.2425753381361563,0.0,0.9701325710067308
izraelevitz2017_fig14,theta15_psi60_smoke,153,0.390625,3,0,0,3,0.1016,0.03810000000000001,3.280493463069228,-0.3697569659041881,0.0,0.9291285089616661,0.9910717502270391,7.662040624211447,0.14325789372684086,0.20180200929313652,0.44882287251102654,0.25891024008948416,0.3453264610091139,-0.2425753381361563,0.0,0.9701325710067308
izraelevitz2017_fig14,theta15_psi60_smoke,153,0.390625,4,0,0,4,0.10159999999999998,0.027891135768374212,3.280493463069228,-0.3697569659041881,0.0,0.9291285089616661,0.9910717502270391,7.662040624211447,0.1494466166080848,0.20180200929313655,0.46821196380976465,0.26919783621955623,0.36293640086574297,-0.2425753381361563,0.0,0.9701325710067308
izraelevitz2017_fig14,theta15_psi60_smoke,153,0.390625,5,0,0,5,0.10159999999999998,0.010208864231625769,3.280493463069228,-0.3697569659041881,0.0,0.9291285089616661,0.9910717502270391,7.662040624211447,0.15057599341562844,0.20180200929313655,0.47175026895807,0.27106524838285295,0.3661799272466161,-0.2425753381361563,0.0,0.9701325710067308
izraelevitz2017_fig14,theta15_psi60_smoke,153,0.390625,6,0,0,6,0.10159999999999998,0.010208864231625769,3.280493463069228,-0.3697569659041881,0.0,0.9291285089616661,0.9910717502270391,7.662040624211447,0.15057599341562844,0.20180200929313655,0.47175026895807,0.27106524838285295,0.3661799272466161,-0.2425753381361563,0.0,0.9701325710067308
izraelevitz2017_fig14,theta15_psi60_smoke,153,0.390625,7,0,0,7,0.10159999999999998,0.027891135768374212,3.280493463069228,-0.3697569659041881,0.0,0.9291285089616661,0.9910717502270391,7.662040624211447,0.1494466166080849,0.20180200929313655,0.4682119638097649,0.26919783621955634,0.3629364008657432,-0.2425753381361563,0.0,0.9701325710067308
izraelevitz2017_fig14,theta15_psi60_smoke,153,0.390625,8,0,0,8,0.1016,0.03810000000000001,3.280493463069228,-0.3697569659041881,0.0,0.9291285089616661,0.9910717502270391,7.662040624211447,0.1432578937268409,0.20180200929313652,0.44882287251102665,0.25891024008948416,0.3453264610091141,-0.2425753381361563,0.0,0.9701325710067308
izraelevitz2017_fig14,theta15_psi60_smoke,153,0.390625,9,0,0,9,0.1016,0.038099999999999995,3.280493463069228,-0.3697569659041881,0.0,0.9291285089616661,0.9910717502270391,7.662040624211447,0.12715616383011002,0.20180200929313652,0.39837661453080475,0.2315688170865652,0.3012350850673162,-0.2425753381361563,0.0,0.9701325710067308
izraelevitz2017_fig14,theta15_psi60_smoke,153,0.390625,10,0,0,10,0.10159999999999998,0.02789113576837421,3.280493463069228,-0.3697569659041881,0.0,0.9291285089616661,0.9910717502270391,7.662040624211447,0.09857957704718792,0.20180200929313655,0.30884698769622654,0.18141402573429827,0.2278753920376715,-0.2425753381361563,0.0,0.9701325710067308
izraelevitz2017_fig14,theta15_psi60_smoke,153,0.390625,11,0,0,11,0.10159999999999998,0.010208864231625786,3.280493463069228,-0.3697569659041881,0.0,0.9291285089616661,0.9910717502270391,7.662040624211447,0.06763782375461776,0.20180200929313655,0.21190736201822516,0.12759010616106461,0.146998086562369,-0.2425753381361563,0.0,0.9701325710067308
izraelevitz2017_fig14,theta15_psi60_smoke,154,0.40625,0,0,0,0,0.1016,0.010208864231625786,3.227805265900483,-0.32910054929629456,0.0,0.9442948842670266,0.9949490891633828,5.761100472581098,0.06041888731858842,0.19856085543187024,0.18929064119814126,0.12034894286284156,0.11217977440682847,-0.23264919249691868,0.0,0.9725607195597259
izraelevitz2017_fig14,theta15_psi60_smoke,154,0.40625,1,0,0,1,0.10160000000000001,0.02789113576837421,3.227805265900483,-0.32910054929629456,0.0,0.9442948842670266,0.9949490891633828,5.761100472581098,0.08902392516381781,0.19856085543187021,0.27890940439497186,0.17219149450727628,0.18069902746560074,-0.23264919249691868,0.0,0.9725607195597259
izraelevitz2017_fig14,theta15_psi60_smoke,154,0.40625,2,0,0,2,0.10160000000000001,0.038099999999999995,3.227805265900483,-0.32910054929629456,0.0,0.9442948842670266,0.9949490891633828,5.761100472581098,0.11537798358517769,0.19856085543187021,0.36147591361331866,0.22039634916494732,0.24250073653845472,-0.23264919249691868,0.0,0.9725607195597259
izraelevitz2017_fig14,theta15_psi60_smoke,154,0.40625,3,0,0,3,0.1016,0.03810000000000001,3.227805265900483,-0.32910054929629456,0.0,0.9442948842670266,0.9949490891633828,5.761100472581098,0.13042573534251986,0.19856085543187024,0.4086200883101841,0.2469092836974044,0.28082236968324714,-0.23264919249691868,0.0,0.9725607195597259
izraelevitz2017_fig14,theta15_psi60_smoke,154,0.40625,4,0,0,4,0.1016,0.027891135768374212,3.227805265900483,-0.32910054929629456,0.0,0.9442948842670266,0.9949490891633828,5.761100472581098,0.1362557816485754,0.19856085543187024,0.4268854561854476,0.2569430336530999,0.2963845395043193,-0.23264919249691868,0.0,0.9725607195597259
izraelevitz2017_fig14,theta15_psi60_smoke,154,0.40625,5,0,0,5,0.10160000000000001,0.010208864231625769,3.227805265900483,-0.32910054929629456,0.0,0.9442948842670266,0.9949490891633828,5.761100472581098,0.13732189784082957,0.19856085543187021,0.4302255676403207,0.25876706747425104,0.2992627166780486,-0.23264919249691868,0.0,0.9725607195597259
izraelevitz2017_fig14,theta15_psi60_smoke,154,0.40625,6,0,0,6,0.10160000000000001,0.010208864231625769,3.227805265900483,-0.32910054929629456,0.0,0.9442948842670266,0.9949490891633828,5.761100472581098,0.1373218978408295,0.19856085543187021,0.43022556764032044,0.25876706747425104,0.29926271667804794,-0.23264919249691868,0.0,0.9725607195597259
izraelevitz2017_fig14,theta15_psi60_smoke,154,0.40625,7,0,0,7,0.1016,0.027891135768374212,3.227805265900483,-0.32910054929629456,0.0,0.9442948842670266,0.9949490891633828,5.761100472581098,0.13625578164857535,0.19856085543187024,0.4268854561854474,0.25694303365309995,0.29638453950431853,-0.23264919249691868,0.0,0.9725607195597259
izraelevitz2017_fig14,theta15_psi60_smoke,154,0.40625,8,0,0,8,0.1016,0.03810000000000001,3.227805265900483,-0.32910054929629456,0.0,0.9442948842670266,0.9949490891633828,5.761100472581098,0.13042573534251986,0.19856085543187024,0.4086200883101841,0.2469092836974044,0.28082236968324714,-0.23264919249691868,0.0,0.9725607195597259
izraelevitz2017_fig14,theta15_psi60_smoke,154,0.40625,9,0,0,9,0.10160000000000001,0.038099999999999995,3.227805265900483,-0.32910054929629456,0.0,0.9442948842670266,0.9949490891633828,5.761100472581098,0.11537798358517762,0.19856085543187021,0.36147591361331843,0.22039634916494724,0.24250073653845428,-0.23264919249691868,0.0,0.9725607195597259
izraelevitz2017_fig14,theta15_psi60_smoke,154,0.40625,10,0,0,10,0.10160000000000001,0.02789113576837421,3.227805265900483,-0.32910054929629456,0.0,0.9442948842670266,0.9949490891633828,5.761100472581098,0.08902392516381773,0.19856085543187021,0.2789094043949716,0.17219149450727622,0.1806990274656003,-0.23264919249691868,0.0,0.9725607195597259
izraelevitz2017_fig14,theta15_psi60_smoke,154,0.40625,11,0,0,11,0.1016,0.010208864231625786,3.227805265900483,-0.32910054929629456,0.0,0.9442948842670266,0.9949490891633828,5.761100472581098,0.06041888731858838,0.19856085543187024,0.18929064119814115,0.12034894286284153,0.1121797744068283,-0.23264919249691868,0.0,0.9725607195597259
izraelevitz2017_fig14,theta15_psi60_smoke,155,0.421875,0,0,0,0,0.1016,0.010208864231625786,3.1784742697156942,-0.28357297283661764,0.0,0.9589506603973966,0.9978754038530363,3.7355344563788537,0.05266561360268507,0.19552622230042407,0.16499985700462777,0.11214207334714946,0.07607342247012105,-0.22049371203075746,0.0,0.9753883959505042
izraelevitz2017_fig14,theta15_psi60_smoke,155,0.421875,1,0,0,1,0.10159999999999998,0.02789113576837421,3.1784742697156942,-0.28357297283661764,0.0,0.9589506603973966,0.9978754038530363,3.7355344563788537,0.07858008288158407,0.1955262223004241,0.24618914604675066,0.16154572116157012,0.13083570163216623,-0.22049371203075746,0.0,0.9753883959505042
izraelevitz2017_fig14,theta15_psi60_smoke,155,0.421875,2,0,0,2,0.1016,0.038099999999999995,3.1784742697156942,-0.28357297283661764,0.0,0.9589506603973966,0.9978754038530363,3.7355344563788537,0.10247076686724582,0.19552622230042407,0.3210379738058934,0.20741303355341725,0.18035583385448162,-0.22049371203075746,0.0,0.9753883959505042
izraelevitz2017_fig14,theta15_psi60_smoke,155,0.421875,3,0,0,3,0.1016,0.03810000000000001,3.1784742697156942,-0.28357297283661764,0.0,0.9589506603973966,0.9978754038530363,3.7355344563788537,0.11633681939076862,0.19552622230042407,0.3644799186935017,0.23288691837083783,0.21253904162124082,-0.22049371203075746,0.0,0.9753883959505042
izraelevitz2017_fig14,theta15_psi60_smoke,155,0.421875,4,0,0,4,0.1016,0.027891135768374212,3.1784742697156942,-0.28357297283661764,0.0,0.9589506603973966,0.9978754038530363,3.7355344563788537,0.12176028017492707,0.19552622230042407,0.38147146578924707,0.24258718614977215,0.22591710602380122,-0.22049371203075746,0.0,0.9753883959505042
izraelevitz2017_fig14,theta15_psi60_smoke,155,0.421875,5,0,0,5,0.10160000000000001,0.010208864231625769,3.1784742697156942,-0.28357297283661764,0.0,0.9589506603973966,0.9978754038530363,3.7355344563788537,0.12275460162711688,0.19552622230042405,0.384586646382521,0.24435344654469454,0.22840627632221888,-0.22049371203075746,0.0,0.9753883959505042
izraelevitz2017_fig14,theta15_psi60_smoke,155,0.421875,6,0,0,6,0.10160000000000001,0.010208864231625769,3.1784742697156942,-0.28357297283661764,0.0,0.9589506603973966,0.9978754038530363,3.7355344563788537,0.12275460162711688,0.19552622230042405,0.384586646382521,0.24435344654469454,0.22840627632221888,-0.22049371203075746,0.0,0.9753883959505042
izraelevitz2017_fig14,theta15_psi60_smoke,155,0.421875,7,0,0,7,0.1016,0.027891135768374212,3.1784742697156942,-0.28357297283661764,0.0,0.9589506603973966,0.9978754038530363,3.7355344563788537,0.12176028017492697,0.19552622230042407,0.38147146578924673,0.24258718614977212,0.22591710602380044,-0.22049371203075746,0.0,0.9753883959505042
izraelevitz2017_fig14,theta15_psi60_smoke,155,0.421875,8,0,0,8,0.1016,0.03810000000000001,3.1784742697156942,-0.28357297283661764,0.0,0.9589506603973966,0.9978754038530363,3.7355344563788537,0.11633681939076852,0.19552622230042407,0.3644799186935014,0.2328869183708378,0.21253904162124004,-0.22049371203075746,0.0,0.9753883959505042
izraelevitz2017_fig14,theta15_psi60_smoke,155,0.421875,9,0,0,9,0.1016,0.038099999999999995,3.1784742697156942,-0.28357297283661764,0.0,0.9589506603973966,0.9978754038530363,3.7355344563788537,0.10247076686724572,0.19552622230042407,0.32103797380589305,0.20741303355341711,0.18035583385448128,-0.22049371203075746,0.0,0.9753883959505042
izraelevitz2017_fig14,theta15_psi60_smoke,155,0.421875,10,0,0,10,0.10159999999999998,0.02789113576837421,3.1784742697156942,-0.28357297283661764,0.0,0.9589506603973966,0.9978754038530363,3.7355344563788537,0.078580082881584,0.1955262223004241,0.24618914604675043,0.16154572116157004,0.13083570163216596,-0.22049371203075746,0.0,0.9753883959505042
izraelevitz2017_fig14,theta15_psi60_smoke,155,0.421875,11,0,0,11,0.1016,0.010208864231625786,3.1784742697156942,-0.28357297283661764,0.0,0.9589506603973966,0.9978754038530363,3.7355344563788537,0.0526656136026848,0.19552622230042407,0.16499985700462694,0.11214207334714935,0.07607342247011928,-0.22049371203075746,0.0,0.9753883959505042
izraelevitz2017_fig14,theta15_psi60_smoke,156,0.4375,0,0,0,0,0.1016,0.010208864231625786,3.1345968946380274,-0.2334290625697984,0.0,0.9723738338457,0.9996107291377184,1.5987393630241569,0.044429912262524386,0.19282707275086286,0.13919764089999945,0.10302994813866481,0.0389042578340042,-0.20620931063729314,0.0,0.9785079050301497
izraelevitz2017_fig14,theta15_psi60_smoke,156,0.4375,1,0,0,1,0.10159999999999998,0.02789113576837421,3.1345968946380274,-0.2334290625697984,0.0,0.9723738338457,0.9996107291377184,1.5987393630241569,0.06729330069120963,0.1928270727508629,0.2108279811412455,0.1495231483096501,0.07850050792416341,-0.20620931063729314,0.0,0.9785079050301497
izraelevitz2017_fig14,theta15_psi60_smoke,156,0.4375,2,0,0,2,0.1016,0.038099999999999995,3.1345968946380274,-0.2334290625697984,0.0,0.9723738338457,0.9996107291377184,1.5987393630241569,0.088489336362163,0.19282707275086286,0.27723455301101646,0.19267801661551318,0.11505233268100168,-0.20620931063729314,0.0,0.9785079050301497
izraelevitz2017_fig14,theta15_psi60_smoke,156,0.4375,3,0,0,3,0.10159999999999998,0.03810000000000001,3.1345968946380274,-0.2334290625697984,0.0,0.9723738338457,0.9996107291377184,1.5987393630241569,0.10105169320790142,0.1928270727508629,0.31659205672919727,0.21691067107276873,0.140748128604687,-0.20620931063729314,0.0,0.9785079050301497
izraelevitz2017_fig14,theta15_psi60_smoke,156,0.4375,4,0,0,4,0.10159999999999998,0.027891135768374212,3.1345968946380274,-0.2334290625697984,0.0,0.9723738338457,0.9996107291377184,1.5987393630241569,0.10602295927652129,0.1928270727508629,0.33216689074978517,0.22620123497336694,0.15181352195436215,-0.20620931063729314,0.0,0.9785079050301497
izraelevitz2017_fig14,theta15_psi60_smoke,156,0.4375,5,0,0,5,0.10159999999999998,0.010208864231625769,3.1345968946380274,-0.2334290625697984,0.0,0.9723738338457,0.9996107291377184,1.5987393630241569,0.10693739288304321,0.1928270727508629,0.33503178501370867,0.22789599758565143,0.15389146977731727,-0.20620931063729314,0.0,0.9785079050301497
izraelevitz2017_fig14,theta15_psi60_smoke,156,0.4375,6,0,0,6,0.10159999999999998,0.010208864231625769,3.1345968946380274,-0.2334290625697984,0.0,0.9723738338457,0.9996107291377184,1.5987393630241569,0.10693739288304312,0.1928270727508629,0.33503178501370834,0.22789599758565138,0.15389146977731671,-0.20620931063729314,0.0,0.9785079050301497
izraelevitz2017_fig14,theta15_psi60_smoke,156,0.4375,7,0,0,7,0.10159999999999998,0.027891135768374212,3.1345968946380274,-0.2334290625697984,0.0,0.9723738338457,0.9996107291377184,1.5987393630241569,0.10602295927652114,0.1928270727508629,0.33216689074978467,0.22620123497336686,0.15181352195436104,-0.20620931063729314,0.0,0.9785079050301497
izraelevitz2017_fig14,theta15_psi60_smoke,156,0.4375,8,0,0,8,0.10159999999999998,0.03810000000000001,3.1345968946380274,-0.2334290625697984,0.0,0.9723738338457,0.9996107291377184,1.5987393630241569,0.10105169320790144,0.1928270727508629,0.3165920567291973,0.21691067107276873,0.1407481286046871,-0.20620931063729314,0.0,0.9785079050301497
izraelevitz2017_fig14,theta15_psi60_smoke,156,0.4375,9,0,0,9,0.1016,0.038099999999999995,3.1345968946380274,-0.2334290625697984,0.0,0.9723738338457,0.9996107291377184,1.5987393630241569,0.08848933636216309,0.19282707275086286,0.2772345530110168,0.1926780166155131,0.11505233268100268,-0.20620931063729314,0.0,0.9785079050301497
izraelevitz2017_fig14,theta15_psi60_smoke,156,0.4375,10,0,0,10,0.10159999999999998,0.02789113576837421,3.1345968946380274,-0.2334290625697984,0.0,0.9723738338457,0.9996107291377184,1.5987393630241569,0.06729330069120967,0.1928270727508629,0.21082798114124565,0.14952314830965002,0.07850050792416402,-0.20620931063729314,0.0,0.9785079050301497
izraelevitz2017_fig14,theta15_psi60_smoke,156,0.4375,11,0,0,11,0.1016,0.010208864231625786,3.1345968946380274,-0.2334290625697984,0.0,0.9723738338457,0.9996107291377184,1.5987393630241569,0.04442991226252446,0.19282707275086286,0.13919764089999967,0.10302994813866473,0.038904257834004974,-0.20620931063729314,0.0,0.9785079050301497
izraelevitz2017_fig14,theta15_psi60_smoke,157,0.453125,0,0,0,0,0.1016,0.010208864231625786,3.098123440603702,-0.17915228791874935,0.0,0.9838213545829738,0.9999400139066882,0.6275742136811744,0.035762979642434176,0.19058338094264898,0.11204438956276029,0.09306534024791246,0.0009149531631633123,-0.18991735360403017,0.0,0.981800080871886
izraelevitz2017_fig14,theta15_psi60_smoke,157,0.453125,1,0,0,1,0.1016,0.02789113576837421,3.098123440603702,-0.17915228791874935,0.0,0.9838213545829738,0.9999400139066882,0.6275742136811744,0.055222588491712535,0.19058338094264898,0.17301078599971778,0.1361647727871123,0.02403264663795751,-0.18991735360403017,0.0,0.981800080871886
izraelevitz2017_fig14,theta15_psi60_smoke,157,0.453125,2,0,0,2,0.10160000000000001,0.038099999999999995,3.098123440603702,-0.17915228791874935,0.0,0.9838213545829738,0.9999400139066882,0.6275742136811744,0.07350380450712125,0.19058338094264896,0.23028531148363546,0.17624222861045577,0.046986592877721334,-0.18991735360403017,0.0,0.981800080871886
izraelevitz2017_fig14,theta15_psi60_smoke,157,0.453125,3,0,0,3,0.1016,0.03810000000000001,3.098123440603702,-0.17915228791874935,0.0,0.9838213545829738,0.9999400139066882,0.6275742136811744,0.08464590921761359,0.19058338094264898,0.2651932059939179,0.19903794651041848,0.06586917545353932,-0.18991735360403017,0.0,0.981800080871886
izraelevitz2017_fig14,theta15_psi60_smoke,157,0.453125,4,0,0,4,0.1016,0.027891135768374212,3.098123440603702,-0.17915228791874935,0.0,0.9838213545829738,0.9999400139066882,0.6275742136811744,0.0891213692111354,0.19058338094264898,0.2792146938005915,0.20784523880768052,0.07450101807843723,-0.18991735360403017,0.0,0.981800080871886
izraelevitz2017_fig14,theta15_psi60_smoke,157,0.453125,5,0,0,5,0.10160000000000001,0.010208864231625769,3.098123440603702,-0.17915228791874935,0.0,0.9838213545829738,0.9999400139066882,0.6275742136811744,0.08994817915582634,0.19058338094264896,0.2818050656449832,0.20945529996638235,0.0761467642133109,-0.18991735360403017,0.0,0.981800080871886
izraelevitz2017_fig14,theta15_psi60_smoke,157,0.453125,6,0,0,6,0.10160000000000001,0.010208864231625769,3.098123440603702,-0.17915228791874935,0.0,0.9838213545829738,0.9999400139066882,0.6275742136811744,0.08994817915582626,0.19058338094264896,0.2818050656449829,0.20945529996638226,0.07614676421331046,-0.18991735360403017,0.0,0.981800080871886
izraelevitz2017_fig14,theta15_psi60_smoke,157,0.453125,7,0,0,7,0.1016,0.027891135768374212,3.098123440603702,-0.17915228791874935,0.0,0.9838213545829738,0.9999400139066882,0.6275742136811744,0.08912136921113538,0.19058338094264898,0.27921469380059144,0.20784523880768044,0.07450101807843734,-0.18991735360403017,0.0,0.981800080871886
izraelevitz2017_fig14,theta15_psi60_smoke,157,0.453125,8,0,0,8,0.1016,0.03810000000000001,3.098123440603702,-0.17915228791874935,0.0,0.9838213545829738,0.9999400139066882,0.6275742136811744,0.08464590921761353,0.19058338094264898,0.2651932059939177,0.19903794651041845,0.06586917545353888,-0.18991735360403017,0.0,0.981800080871886
izraelevitz2017_fig14,theta15_psi60_smoke,157,0.453125,9,0,0,9,0.10160000000000001,0.038099999999999995,3.098123440603702,-0.17915228791874935,0.0,0.9838213545829738,0.9999400139066882,0.6275742136811744,0.07350380450712123,0.19058338094264896,0.23028531148363537,0.17624222861045571,0.04698659287772122,-0.18991735360403017,0.0,0.981800080871886
izraelevitz2017_fig14,theta15_psi60_smoke,157,0.453125,10,0,0,10,0.1016,0.02789113576837421,3.098123440603702,-0.17915228791874935,0.0,0.9838213545829738,0.9999400139066882,0.6275742136811744,0.05522258849171249,0.19058338094264898,0.17301078599971764,0.13616477278711223,0.024032646637957455,-0.18991735360403017,0.0,0.981800080871886
izraelevitz2017_fig14,theta15_psi60_smoke,157,0.453125,11,0,0,11,0.1016,0.010208864231625786,3.098123440603702,-0.17915228791874935,0.0,0.9838213545829738,0.9999400139066882,0.6275742136811744,0.03576297964243453,0.19058338094264898,0.1120443895627614,0.09306534024791253,0.0009149531631658658,-0.18991735360403017,0.0,0.981800080871886
izraelevitz2017_fig14,theta15_psi60_smoke,158,0.46875,0,0,0,0,0.1016,0.010208864231625786,3.0707406740163217,-0.12147573861532968,0.0,0.9925944010157725,0.9987079339667675,2.9129079279917334,0.02671704339582743,0.1888989095728544,0.08370373073320105,0.08229427758654029,-0.037623505926618256,-0.17176038280676076,0.0,0.9851387571799595
izraelevitz2017_fig14,theta15_psi60_smoke,158,0.46875,1,0,0,1,0.1016,0.02789113576837421,3.0707406740163217,-0.12147573861532968,0.0,0.9925944010157725,0.9987079339667675,2.9129079279917334,0.04244787541968811,0.1888989095728544,0.13298797631480952,0.12151182473676665,-0.03206553342327617,-0.17176038280676076,0.0,0.9851387571799595
izraelevitz2017_fig14,theta15_psi60_smoke,158,0.46875,2,0,0,2,0.1016,0.038099999999999995,3.0707406740163217,-0.12147573861532968,0.0,0.9925944010157725,0.9987079339667675,2.9129079279917334,0.057608654448376394,0.1888989095728544,0.18048626221126002,0.15815515933439797,-0.023249822475043924,-0.17176038280676076,0.0,0.9851387571799595
izraelevitz2017_fig14,theta15_psi60_smoke,158,0.46875,3,0,0,3,0.1016,0.03810000000000001,3.0707406740163217,-0.12147573861532968,0.0,0.9925944010157725,0.9987079339667675,2.9129079279917334,0.06721987672291767,0.1888989095728544,0.2105979459543343,0.17932304998993667,-0.0114742850839743,-0.17176038280676076,0.0,0.9851387571799595
izraelevitz2017_fig14,theta15_psi60_smoke,158,0.46875,4,0,0,4,0.1016,0.027891135768374212,3.0707406740163217,-0.12147573861532968,0.0,0.9925944010157725,0.9987079339667675,2.9129079279917334,0.07115784029527539,0.1888989095728544,0.22293547288851834,0.1875754149086238,-0.005387562504575616,-0.17176038280676076,0.0,0.9851387571799595
izraelevitz2017_fig14,theta15_psi60_smoke,158,0.46875,5,0,0,5,0.10160000000000001,0.010208864231625769,3.0707406740163217,-0.12147573861532968,0.0,0.9925944010157725,0.9987079339667675,2.9129079279917334,0.07188960130917472,0.18889890957285438,0.2252280591586761,0.18908793778361493,-0.004193665454154449,-0.17176038280676076,0.0,0.9851387571799595
izraelevitz2017_fig14,theta15_psi60_smoke,158,0.46875,6,0,0,6,0.10160000000000001,0.010208864231625769,3.0707406740163217,-0.12147573861532968,0.0,0.9925944010157725,0.9987079339667675,2.9129079279917334,0.07188960130917464,0.18889890957285438,0.22522805915867586,0.18908793778361488,-0.0041936654541550045,-0.17176038280676076,0.0,0.9851387571799595
izraelevitz2017_fig14,theta15_psi60_smoke,158,0.46875,7,0,0,7,0.1016,0.027891135768374212,3.0707406740163217,-0.12147573861532968,0.0,0.9925944010157725,0.9987079339667675,2.9129079279917334,0.07115784029527537,0.1888989095728544,0.22293547288851828,0.18757541490862376,-0.005387562504575616,-0.17176038280676076,0.0,0.9851387571799595
izraelevitz2017_fig14,theta15_psi60_smoke,158,0.46875,8,0,0,8,0.1016,0.03810000000000001,3.0707406740163217,-0.12147573861532968,0.0,0.9925944010157725,0.9987079339667675,2.9129079279917334,0.06721987672291758,0.1888989095728544,0.21059794595433404,0.17932304998993662,-0.011474285083974745,-0.17176038280676076,0.0,0.9851387571799595
izraelevitz2017_fig14,theta15_psi60_smoke,158,0.46875,9,0,0,9,0.1016,0.038099999999999995,3.0707406740163217,-0.12147573861532968,0.0,0.9925944010157725,0.9987079339667675,2.9129079279917334,0.057608654448376345,0.1888989095728544,0.18048626221125985,0.15815515933439794,-0.023249822475044202,-0.17176038280676076,0.0,0.9851387571799595
izraelevitz2017_fig14,theta15_psi60_smoke,158,0.46875,10,0,0,10,0.1016,0.02789113576837421,3.0707406740163217,-0.12147573861532968,0.0,0.9925944010157725,0.9987079339667675,2.9129079279917334,0.042447875419688114,0.1888989095728544,0.13298797631480955,0.1215118247367666,-0.03206553342327595,-0.17176038280676076,0.0,0.9851387571799595
izraelevitz2017_fig14,theta15_psi60_smoke,158,0.46875,11,0,0,11,0.1016,0.010208864231625786,3.0707406740163217,-0.12147573861532968,0.0,0.9925944010157725,0.9987079339667675,2.9129079279917334,0.026717043395827426,0.1888989095728544,0.08370373073320103,0.08229427758654034,-0.03762350592661845,-0.17176038280676076,0.0,0.9851387571799595
izraelevitz2017_fig14,theta15_psi60_smoke,159,0.484375,0,0,0,0,0.10159999999999998,0.010208864231625786,3.0537562961081774,-0.06137120021591194,0.0,0.9981150113008311,0.995854854715205,5.218643627754324,0.017351337118990437,0.1878541028609853,0.05436124156970895,0.07075981814431537,-0.07637635050867372,-0.15190198435331298,0.0,0.9883955620851026
izraelevitz2017_fig14,theta15_psi60_smoke,159,0.484375,1,0,0,1,0.1016,0.02789113576837421,3.0537562961081774,-0.06137120021591194,0.0,0.9981150113008311,0.995854854715205,5.218643627754324,0.0290760556041302,0.18785410286098528,0.09109444832701037,0.10561357636776532,-0.08910460828577005,-0.15190198435331298,0.0,0.9883955620851026
izraelevitz2017_fig14,theta15_psi60_smoke,159,0.484375,2,0,0,2,0.1016,0.038099999999999995,3.0537562961081774,-0.06137120021591194,0.0,0.9981150113008311,0.995854854715205,5.218643627754324,0.040930569311615116,0.18785410286098528,0.12823429979348389,0.13847441831971302,-0.09483750547542935,-0.15190198435331298,0.0,0.9883955620851026
izraelevitz2017_fig14,theta15_psi60_smoke,159,0.484375,3,0,0,3,0.1016,0.03810000000000001,3.0537562961081774,-0.06137120021591194,0.0,0.9981150113008311,0.995854854715205,5.218643627754324,0.04890760202466934,0.18785410286098528,0.15322611450782114,0.1578273933002018,-0.09041689363105254,-0.15190198435331298,0.0,0.9883955620851026
izraelevitz2017_fig14,theta15_psi60_smoke,159,0.484375,4,0,0,4,0.1016,0.027891135768374212,3.0537562961081774,-0.06137120021591194,0.0,0.9981150113008311,0.995854854715205,5.218643627754324,0.05226854169507434,0.18785410286098528,0.1637558421058251,0.1654545191674755,-0.0869739522378637,-0.15190198435331298,0.0,0.9883955620851026
izraelevitz2017_fig14,theta15_psi60_smoke,159,0.484375,5,0,0,5,0.10159999999999998,0.010208864231625769,3.0537562961081774,-0.06137120021591194,0.0,0.9981150113008311,0.995854854715205,5.218643627754324,0.0528981513033856,0.1878541028609853,0.16572839095190564,0.16685690615641208,-0.0862497410894722,-0.15190198435331298,0.0,0.9883955620851026
izraelevitz2017_fig14,theta15_psi60_smoke,159,0.484375,6,0,0,6,0.10159999999999998,0.010208864231625769,3.0537562961081774,-0.06137120021591194,0.0,0.9981150113008311,0.995854854715205,5.218643627754324,0.052898151303385536,0.1878541028609853,0.16572839095190542,0.16685690615641202,-0.08624974108947253,-0.15190198435331298,0.0,0.9883955620851026
izraelevitz2017_fig14,theta15_psi60_smoke,159,0.484375,7,0,0,7,0.1016,0.027891135768374212,3.0537562961081774,-0.06137120021591194,0.0,0.9981150113008311,0.995854854715205,5.218643627754324,0.052268541695074305,0.18785410286098528,0.163755842105825,0.16545451916747547,-0.08697395223786397,-0.15190198435331298,0.0,0.9883955620851026
izraelevitz2017_fig14,theta15_psi60_smoke,159,0.484375,8,0,0,8,0.1016,0.03810000000000001,3.0537562961081774,-0.06137120021591194,0.0,0.9981150113008311,0.995854854715205,5.218643627754324,0.04890760202466928,0.18785410286098528,0.15322611450782098,0.15782739330020173,-0.09041689363105276,-0.15190198435331298,0.0,0.9883955620851026
izraelevitz2017_fig14,theta15_psi60_smoke,159,0.484375,9,0,0,9,0.1016,0.038099999999999995,3.0537562961081774,-0.06137120021591194,0.0,0.9981150113008311,0.995854854715205,5.218643627754324,0.0409305693116151,0.18785410286098528,0.12823429979348386,0.13847441831971297,-0.09483750547542924,-0.15190198435331298,0.0,0.9883955620851026
izraelevitz2017_fig14,theta15_psi60_smoke,159,0.484375,10,0,0,10,0.1016,0.02789113576837421,3.0537562961081774,-0.06137120021591194,0.0,0.9981150113008311,0.995854854715205,5.218643627754324,0.029076055604130097,0.18785410286098528,0.09109444832701004,0.10561357636776524,-0.0891046082857706,-0.15190198435331298,0.0,0.9883955620851026
izraelevitz2017_fig14,theta15_psi60_smoke,159,0.484375,11,0,0,11,0.10159999999999998,0.010208864231625786,3.0537562961081774,-0.06137120021591194,0.0,0.9981150113008311,0.995854854715205,5.218643627754324,0.01735133711899041,0.1878541028609853,0.05436124156970887,0.0707598181443154,-0.076376350508674,-0.15190198435331298,0.0,0.9883955620851026
izraelevitz2017_fig14,theta15_psi60_smoke,160,0.5,0,0,0,0,0.1016,0.010208864231625786,3.047999999999998,7.284927983104708e-16,-0.0,1.0,0.9914448613738104,7.500000000000013,0.007746340885676077,0.18749999999999983,0.02426906383524012,0.05851095046517113,-0.11486019180741308,-0.13052619222005146,0.0,0.9914448613738105
izraelevitz2017_fig14,theta15_psi60_smoke,160,0.5,1,0,0,1,0.1016,0.02789113576837421,3.047999999999998,7.284927983104708e-16,-0.0,1.0,0.9914448613738104,7.500000000000013,0.015244342485467676,0.18749999999999983,0.047760087809999414,0.08853658982284367,-0.14620954994353247,-0.13052619222005146,0.0,0.9914448613738105
izraelevitz2017_fig14,theta15_psi60_smoke,160,0.5,2,0,0,2,0.10160000000000001,0.038099999999999995,3.047999999999998,7.284927983104708e-16,-0.0,1.0,0.9914448613738104,7.500000000000013,0.02363267623545809,0.18749999999999983,0.07404049687723463,0.11727710258183108,-0.16673006555240663,-0.13052619222005146,0.0,0.9914448613738105
izraelevitz2017_fig14,theta15_psi60_smoke,160,0.5,3,0,0,3,0.1016,0.03810000000000001,3.047999999999998,7.284927983104708e-16,-0.0,1.0,0.9914448613738104,7.500000000000013,0.029881678538144586,0.18749999999999983,0.09361844187458095,0.1346318237639542,-0.16984936660541017,-0.13052619222005146,0.0,0.9914448613738105
izraelevitz2017_fig14,theta15_psi60_smoke,160,0.5,4,0,0,4,0.1016,0.027891135768374212,3.047999999999998,7.284927983104708e-16,-0.0,1.0,0.9914448613738104,7.500000000000013,0.03262879962964152,0.18749999999999983,0.10222509346874906,0.14156449183200706,-0.16913074182414856,-0.13052619222005146,0.0,0.9914448613738105
izraelevitz2017_fig14,theta15_psi60_smoke,160,0.5,5,0,0,5,0.10160000000000001,0.010208864231625769,3.047999999999998,7.284927983104708e-16,-0.0,1.0,0.9914448613738104,7.500000000000013,0.03314955712290151,0.18749999999999983,0.10385661176017565,0.14284431179754764,-0.1688914059922038,-0.13052619222005146,0.0,0.9914448613738105
izraelevitz2017_fig14,theta15_psi60_smoke,160,0.5,6,0,0,6,0.10160000000000001,0.010208864231625769,3.047999999999998,7.284927983104708e-16,-0.0,1.0,0.9914448613738104,7.500000000000013,0.03314955712290154,0.18749999999999983,0.10385661176017574,0.14284431179754764,-0.16889140599220354,-0.13052619222005146,0.0,0.9914448613738105
izraelevitz2017_fig14,theta15_psi60_smoke,160,0.5,7,0,0,7,0.1016,0.027891135768374212,3.047999999999998,7.284927983104708e-16,-0.0,1.0,0.9914448613738104,7.500000000000013,0.0326287996296415,0.18749999999999983,0.10222509346874899,0.14156449183200703,-0.1691307418241486,-0.13052619222005146,0.0,0.9914448613738105
izraelevitz2017_fig14,theta15_psi60_smoke,160,0.5,8,0,0,8,0.1016,0.03810000000000001,3.047999999999998,7.284927983104708e-16,-0.0,1.0,0.9914448613738104,7.500000000000013,0.029881678538144454,0.18749999999999983,0.09361844187458053,0.1346318237639541,-0.169849366605411,-0.13052619222005146,0.0,0.9914448613738105
izraelevitz2017_fig14,theta15_psi60_smoke,160,0.5,9,0,0,9,0.10160000000000001,0.038099999999999995,3.047999999999998,7.284927983104708e-16,-0.0,1.0,0.9914448613738104,7.500000000000013,0.023632676235457922,0.18749999999999983,0.0740404968772341,0.11727710258183097,-0.1667300655524076,-0.13052619222005146,0.0,0.9914448613738105
izraelevitz2017_fig14,theta15_psi60_smoke,160,0.5,10,0,0,10,0.1016,0.02789113576837421,3.047999999999998,7.284927983104708e-16,-0.0,1.0,0.9914448613738104,7.500000000000013,0.015244342485467624,0.18749999999999983,0.047760087809999255,0.08853658982284358,-0.14620954994353264,-0.13052619222005146,0.0,0.9914448613738105
izraelevitz2017_fig14,theta15_psi60_smoke,160,0.5,11,0,0,11,0.1016,0.010208864231625786,3.047999999999998,7.284927983104708e-16,-0.0,1.0,0.9914448613738104,7.500000000000013,0.0077463408856760195,0.18749999999999983,0.024269063835239944,0.05851095046517113,-0.11486019180741353,-0.13052619222005146,0.0,0.9914448613738105
izraelevitz2017_fig14,theta15_psi60_smoke,161,0.5156250000000004,0,0,0,0,0.10159999999999998,0.010208864231625786,3.0537562961081863,0.06137120021591177,-0.0,0.9981150113008311,0.9856766160630898,9.709127272328747,-0.0019934325115172602,0.18785410286098586,-0.006245366888347709,0.04561195787677632,-0.15244929085119824,-0.10783634741687169,0.0,0.9941686588179028
izraelevitz2017_fig14,theta15_psi60_smoke,161,0.5156250000000004,1,0,0,1,0.10159999999999998,0.02789113576837421,3.0537562961081863,0.06137120021591177,-0.0,0.9981150113008311,0.9856766160630898,9.709127272328747,0.0011186917894317105,0.18785410286098586,0.003504829292999498,0.07037396721915053,-0.20235982842495284,-0.10783634741687169,0.0,0.9941686588179028
izraelevitz2017_fig14,theta15_psi60_smoke,161,0.5156250000000004,2,0,0,2,0.10159999999999998,0.038099999999999995,3.0537562961081863,0.06137120021591177,-0.0,0.9981150113008311,0.9856766160630898,9.709127272328747,0.005913295266854793,0.18785410286098586,0.01852618448192616,0.09467139478146062,-0.23769872313956647,-0.10783634741687169,0.0,0.9941686588179028
izraelevitz2017_fig14,theta15_psi60_smoke,161,0.5156250000000004,3,0,0,3,0.1016,0.03810000000000001,3.0537562961081863,0.06137120021591177,-0.0,0.9981150113008311,0.9856766160630898,9.709127272328747,0.010352478165346448,0.18785410286098583,0.03243401719027172,0.10984938394440076,-0.24846310885752299,-0.10783634741687169,0.0,0.9941686588179028
izraelevitz2017_fig14,theta15_psi60_smoke,161,0.5156250000000004,4,0,0,4,0.10159999999999998,0.027891135768374212,3.0537562961081863,0.06137120021591177,-0.0,0.9981150113008311,0.9856766160630898,9.709127272328747,0.012452493861938094,0.18785410286098586,0.039013306140727046,0.11601962196667186,-0.25052560054819795,-0.10783634741687169,0.0,0.9941686588179028
izraelevitz2017_fig14,theta15_psi60_smoke,161,0.5156250000000004,5,0,0,5,0.10159999999999998,0.010208864231625769,3.0537562961081863,0.06137120021591177,-0.0,0.9981150113008311,0.9856766160630898,9.709127272328747,0.012858220825659272,0.18785410286098586,0.04028443708210286,0.11716460915622573,-0.25078273476342006,-0.10783634741687169,0.0,0.9941686588179028
izraelevitz2017_fig14,theta15_psi60_smoke,161,0.5156250000000004,6,0,0,6,0.10159999999999998,0.010208864231625769,3.0537562961081863,0.06137120021591177,-0.0,0.9981150113008311,0.9856766160630898,9.709127272328747,0.012858220825659277,0.18785410286098586,0.04028443708210288,0.11716460915622574,-0.25078273476342006,-0.10783634741687169,0.0,0.9941686588179028
izraelevitz2017_fig14,theta15_psi60_smoke,161,0.5156250000000004,7,0,0,7,0.10159999999999998,0.027891135768374212,3.0537562961081863,0.06137120021591177,-0.0,0.9981150113008311,0.9856766160630898,9.709127272328747,0.012452493861938146,0.18785410286098586,0.039013306140727205,0.11601962196667184,-0.25052560054819756,-0.10783634741687169,0.0,0.9941686588179028
izraelevitz2017_fig14,theta15_psi60_smoke,161,0.5156250000000004,8,0,0,8,0.1016,0.03810000000000001,3.0537562961081863,0.06137120021591177,-0.0,0.9981150113008311,0.9856766160630898,9.709127272328747,0.01035247816534639,0.18785410286098583,0.03243401719027153,0.10984938394440069,-0.24846310885752326,-0.10783634741687169,0.0,0.9941686588179028
izraelevitz2017_fig14,theta15_psi60_smoke,161,0.5156250000000004,9,0,0,9,0.10159999999999998,0.038099999999999995,3.0537562961081863,0.06137120021591177,-0.0,0.9981150113008311,0.9856766160630898,9.709127272328747,0.005913295266854808,0.18785410286098586,0.018526184481926205,0.09467139478146054,-0.23769872313956614,-0.10783634741687169,0.0,0.9941686588179028
izraelevitz2017_fig14,theta15_psi60_smoke,161,0.5156250000000004,10,0,0,10,0.10159999999999998,0.02789113576837421,3.0537562961081863,0.06137120021591177,-0.0,0.9981150113008311,0.9856766160630898,9.709127272328747,0.0011186917894317767,0.18785410286098586,0.003504829292999705,0.07037396721915047,-0.20235982842495218,-0.10783634741687169,0.0,0.9941686588179028
izraelevitz2017_fig14,theta15_psi60_smoke,161,0.5156250000000004,11,0,0,11,0.10159999999999998,0.010208864231625786,3.0537562961081863,0.06137120021591177,-0.0,0.9981150113008311,0.9856766160630898,9.709127272328747,-0.0019934325115172425,0.18785410286098586,-0.006245366888347654,0.04561195787677633,-0.15244929085119813,-0.10783634741687169,0.0,0.9941686588179028
izraelevitz2017_fig14,theta15_psi60_smoke,162,0.53125,0,0,0,0,0.10159999999999998,0.010208864231625786,3.0707406740163234,0.12147573861532852,-0.0,0.9925944010157726,0.9788714171264287,11.798871278056474,-0.011759170050252529,0.18889890957285455,-0.03684114252275318,0.03214483061560975,-0.1885373481537122,-0.08405336684675113,0.0,0.9964612544006544
izraelevitz2017_fig14,theta15_psi60_smoke,162,0.53125,1,0,0,1,0.10159999999999998,0.02789113576837421,3.0707406740163234,0.12147573861532852,-0.0,0.9925944010157726,0.9788714171264287,11.798871278056474,-0.013114724195054828,0.18889890957285455,-0.04108805478208375,0.051252370427247874,-0.256477248236953,-0.08405336684675113,0.0,0.9964612544006544
izraelevitz2017_fig14,theta15_psi60_smoke,162,0.53125,2,0,0,2,0.1016,0.038099999999999995,3.0707406740163234,0.12147573861532852,-0.0,0.9925944010157726,0.9788714171264287,11.798871278056474,-0.012002161535291203,0.18889890957285452,-0.037602427876555246,0.0708061799780874,-0.3064246096256503,-0.08405336684675113,0.0,0.9964612544006544
izraelevitz2017_fig14,theta15_psi60_smoke,162,0.53125,3,0,0,3,0.1016,0.03810000000000001,3.0707406740163234,0.12147573861532852,-0.0,0.9925944010157726,0.9788714171264287,11.798871278056474,-0.009439313582263138,0.18889890957285452,-0.029573098740386702,0.08363633258045261,-0.3248417445923246,-0.08405336684675113,0.0,0.9964612544006544
izraelevitz2017_fig14,theta15_psi60_smoke,162,0.53125,4,0,0,4,0.10159999999999998,0.027891135768374212,3.0707406740163234,0.12147573861532852,-0.0,0.9925944010157726,0.9788714171264287,11.798871278056474,-0.00801513247992349,0.18889890957285455,-0.025111180191264276,0.08897807344781423,-0.3297121708216034,-0.08405336684675113,0.0,0.9964612544006544
izraelevitz2017_fig14,theta15_psi60_smoke,162,0.53125,5,0,0,5,0.10159999999999998,0.010208864231625769,3.0707406740163234,0.12147573861532852,-0.0,0.9925944010157726,0.9788714171264287,11.798871278056474,-0.007729915351555465,0.18889890957285455,-0.02421760310791296,0.08997621761599901,-0.33047266061777947,-0.08405336684675113,0.0,0.9964612544006544
izraelevitz2017_fig14,theta15_psi60_smoke,162,0.53125,6,0,0,6,0.10159999999999998,0.010208864231625769,3.0707406740163234,0.12147573861532852,-0.0,0.9925944010157726,0.9788714171264287,11.798871278056474,-0.007729915351555451,0.18889890957285455,-0.024217603107912915,0.08997621761599903,-0.33047266061777936,-0.08405336684675113,0.0,0.9964612544006544
izraelevitz2017_fig14,theta15_psi60_smoke,162,0.53125,7,0,0,7,0.10159999999999998,0.027891135768374212,3.0707406740163234,0.12147573861532852,-0.0,0.9925944010157726,0.9788714171264287,11.798871278056474,-0.008015132479923463,0.18889890957285455,-0.025111180191264192,0.08897807344781422,-0.32971217082160315,-0.08405336684675113,0.0,0.9964612544006544
izraelevitz2017_fig14,theta15_psi60_smoke,162,0.53125,8,0,0,8,0.1016,0.03810000000000001,3.0707406740163234,0.12147573861532852,-0.0,0.9925944010157726,0.9788714171264287,11.798871278056474,-0.009439313582263175,0.18889890957285452,-0.029573098740386817,0.08363633258045254,-0.3248417445923246,-0.08405336684675113,0.0,0.9964612544006544
izraelevitz2017_fig14,theta15_psi60_smoke,162,0.53125,9,0,0,9,0.1016,0.038099999999999995,3.0707406740163234,0.12147573861532852,-0.0,0.9925944010157726,0.9788714171264287,11.798871278056474,-0.012002161535291204,0.18889890957285452,-0.03760242787655525,0.07080617997808733,-0.3064246096256501,-0.08405336684675113,0.0,0.9964612544006544
izraelevitz2017_fig14,theta15_psi60_smoke,162,0.53125,10,0,0,10,0.10159999999999998,0.02789113576837421,3.0707406740163234,0.12147573861532852,-0.0,0.9925944010157726,0.9788714171264287,11.798871278056474,-0.013114724195054881,0.18889890957285455,-0.04108805478208392,0.05125237042724782,-0.2564772482369533,-0.08405336684675113,0.0,0.9964612544006544
izraelevitz2017_fig14,theta15_psi60_smoke,162,0.53125,11,0,0,11,0.10159999999999998,0.010208864231625786,3.0707406740163234,0.12147573861532852,-0.0,0.9925944010157726,0.9788714171264287,11.798871278056474,-0.011759170050252558,0.18889890957285455,-0.03684114252275327,0.03214483061560975,-0.18853734815371243,-0.08405336684675113,0.0,0.9964612544006544
izraelevitz2017_fig14,theta15_psi60_smoke,163,0.546875,0,0,0,0,0.10159999999999998,0.010208864231625786,3.098123440603706,0.1791522879187484,-0.0,0.983821354582974,0.9714393478924971,13.726530822302134,-0.021449068952050523,0.19058338094264923,-0.0671993178826327,0.018208447516567014,-0.22262363725628276,-0.05941341656618342,0.0,0.9982334626388424
izraelevitz2017_fig14,theta15_psi60_smoke,163,0.546875,1,0,0,1,0.10159999999999998,0.02789113576837421,3.098123440603706,0.1791522879187484,-0.0,0.983821354582974,0.9714393478924971,13.726530822302134,-0.02726096820700273,0.19058338094264923,-0.08540783156723403,0.031335708087598224,-0.3075267031808797,-0.05941341656618342,0.0,0.9982334626388424
izraelevitz2017_fig14,theta15_psi60_smoke,163,0.546875,2,0,0,2,0.1016,0.038099999999999995,3.098123440603706,0.1791522879187484,-0.0,0.983821354582974,0.9714393478924971,13.726530822302134,-0.029873755599424436,0.19058338094264923,-0.093593619534795,0.045876937546799716,-0.37161486147738665,-0.05941341656618342,0.0,0.9982334626388424
izraelevitz2017_fig14,theta15_psi60_smoke,163,0.546875,3,0,0,3,0.1016,0.03810000000000001,3.098123440603706,0.1791522879187484,-0.0,0.983821354582974,0.9714393478924971,13.726530822302134,-0.029235144520702843,0.19058338094264923,-0.09159286934007474,0.05619943798854639,-0.397580487315826,-0.05941341656618342,0.0,0.9982334626388424
izraelevitz2017_fig14,theta15_psi60_smoke,163,0.546875,4,0,0,4,0.10159999999999998,0.027891135768374212,3.098123440603706,0.1791522879187484,-0.0,0.983821354582974,0.9714393478924971,13.726530822302134,-0.028509742936863633,0.19058338094264923,-0.08932020698191137,0.06064972466865559,-0.4052496914607452,-0.05941341656618342,0.0,0.9982334626388424
izraelevitz2017_fig14,theta15_psi60_smoke,163,0.546875,5,0,0,5,0.10159999999999998,0.010208864231625769,3.098123440603706,0.1791522879187484,-0.0,0.983821354582974,0.9714393478924971,13.726530822302134,-0.028349586937180316,0.19058338094264923,-0.08881844282806443,0.06148946573949496,-0.406514504288646,-0.05941341656618342,0.0,0.9982334626388424
izraelevitz2017_fig14,theta15_psi60_smoke,163,0.546875,6,0,0,6,0.10159999999999998,0.010208864231625769,3.098123440603706,0.1791522879187484,-0.0,0.983821354582974,0.9714393478924971,13.726530822302134,-0.02834958693718032,0.19058338094264923,-0.08881844282806445,0.06148946573949497,-0.406514504288646,-0.05941341656618342,0.0,0.9982334626388424
izraelevitz2017_fig14,theta15_psi60_smoke,163,0.546875,7,0,0,7,0.10159999999999998,0.027891135768374212,3.098123440603706,0.1791522879187484,-0.0,0.983821354582974,0.9714393478924971,13.726530822302134,-0.028509742936863616,0.19058338094264923,-0.08932020698191132,0.060649724668655584,-0.4052496914607451,-0.05941341656618342,0.0,0.9982334626388424
izraelevitz2017_fig14,theta15_psi60_smoke,163,0.546875,8,0,0,8,0.1016,0.03810000000000001,3.098123440603706,0.1791522879187484,-0.0,0.983821354582974,0.9714393478924971,13.726530822302134,-0.02923514452070287,0.19058338094264923,-0.09159286934007484,0.056199437988546326,-0.39758048731582607,-0.05941341656618342,0.0,0.9982334626388424
izraelevitz2017_fig14,theta15_psi60_smoke,163,0.546875,9,0,0,9,0.1016,0.038099999999999995,3.098123440603706,0.1791522879187484,-0.0,0.983821354582974,0.9714393478924971,13.726530822302134,-0.029873755599424425,0.19058338094264923,-0.09359361953479496,0.04587693754679967,-0.3716148614773864,-0.05941341656618342,0.0,0.9982334626388424
izraelevitz2017_fig14,theta15_psi60_smoke,163,0.546875,10,0,0,10,0.10159999999999998,0.02789113576837421,3.098123440603706,0.1791522879187484,-0.0,0.983821354582974,0.9714393478924971,13.726530822302134,-0.02726096820700272,0.19058338094264923,-0.085407831567234,0.03133570808759818,-0.30752670318087955,-0.05941341656618342,0.0,0.9982334626388424
izraelevitz2017_fig14,theta15_psi60_smoke,163,0.546875,11,0,0,11,0.10159999999999998,0.010208864231625786,3.098123440603706,0.1791522879187484,-0.0,0.983821354582974,0.9714393478924971,13.726530822302134,-0.02144906895205051,0.19058338094264923,-0.06719931788263266,0.018208447516567017,-0.2226236372562827,-0.05941341656618342,0.0,0.9982334626388424
izraelevitz2017_fig14,theta15_psi60_smoke,164,0.5625,0,0,0,0,0.1016,0.010208864231625786,3.134596894638023,0.23342906256979873,-0.0,0.9723738338457,0.9638310566385611,15.456932350693355,-0.030971200926250372,0.19282707275086258,-0.09703188426978414,0.003917086335660555,-0.25433096968144203,-0.03416502720525514,0.0,0.9994162050497601
izraelevitz2017_fig14,theta15_psi60_smoke,164,0.5625,1,0,0,1,0.1016,0.02789113576837421,3.134596894638023,0.23342906256979873,-0.0,0.9723738338457,0.9638310566385611,15.456932350693355,-0.04112786879571063,0.19282707275086258,-0.12885243341874533,0.01082494340618032,-0.3546059137654043,-0.03416502720525514,0.0,0.9994162050497601
izraelevitz2017_fig14,theta15_psi60_smoke,164,0.5625,2,0,0,2,0.1016,0.038099999999999995,3.134596894638023,0.23342906256979873,-0.0,0.9723738338457,0.9638310566385611,15.456932350693355,-0.04746072073655719,0.19282707275086258,-0.14869307692769876,0.020126876331295472,-0.4321133213131333,-0.03416502720525514,0.0,0.9994162050497601
izraelevitz2017_fig14,theta15_psi60_smoke,164,0.5625,3,0,0,3,0.1016,0.03810000000000001,3.134596894638023,0.23342906256979873,-0.0,0.9723738338457,0.9638310566385611,15.456932350693355,-0.04877279919401671,0.19282707275086258,-0.15280378110543638,0.027798226839965842,-0.46540413328348845,-0.03416502720525514,0.0,0.9994162050497601
izraelevitz2017_fig14,theta15_psi60_smoke,164,0.5625,4,0,0,4,0.1016,0.027891135768374212,3.134596894638023,0.23342906256979873,-0.0,0.9723738338457,0.9638310566385611,15.456932350693355,-0.048762173437574725,0.19282707275086258,-0.15277049091524283,0.0312988941444752,-0.47582290972153274,-0.03416502720525514,0.0,0.9994162050497601
izraelevitz2017_fig14,theta15_psi60_smoke,164,0.5625,5,0,0,5,0.10160000000000001,0.010208864231625769,3.134596894638023,0.23342906256979873,-0.0,0.9723738338457,0.9638310566385611,15.456932350693355,-0.048730471420143494,0.19282707275086255,-0.15267116940382222,0.031969411889265206,-0.47758615917735114,-0.03416502720525514,0.0,0.9994162050497601
izraelevitz2017_fig14,theta15_psi60_smoke,164,0.5625,6,0,0,6,0.10160000000000001,0.010208864231625769,3.134596894638023,0.23342906256979873,-0.0,0.9723738338457,0.9638310566385611,15.456932350693355,-0.04873047142014347,0.19282707275086255,-0.15267116940382217,0.03196941188926522,-0.4775861591773511,-0.03416502720525514,0.0,0.9994162050497601
izraelevitz2017_fig14,theta15_psi60_smoke,164,0.5625,7,0,0,7,0.1016,0.027891135768374212,3.134596894638023,0.23342906256979873,-0.0,0.9723738338457,0.9638310566385611,15.456932350693355,-0.04876217343757481,0.19282707275086258,-0.15277049091524308,0.03129889414447516,-0.4758229097215332,-0.03416502720525514,0.0,0.9994162050497601
izraelevitz2017_fig14,theta15_psi60_smoke,164,0.5625,8,0,0,8,0.1016,0.03810000000000001,3.134596894638023,0.23342906256979873,-0.0,0.9723738338457,0.9638310566385611,15.456932350693355,-0.048772799194016836,0.19282707275086258,-0.15280378110543677,0.027798226839965752,-0.4654041332834892,-0.03416502720525514,0.0,0.9994162050497601
izraelevitz2017_fig14,theta15_psi60_smoke,164,0.5625,9,0,0,9,0.1016,0.038099999999999995,3.134596894638023,0.23342906256979873,-0.0,0.9723738338457,0.9638310566385611,15.456932350693355,-0.047460720736557285,0.19282707275086258,-0.14869307692769906,0.020126876331295403,-0.43211332131313385,-0.03416502720525514,0.0,0.9994162050497601
izraelevitz2017_fig14,theta15_psi60_smoke,164,0.5625,10,0,0,10,0.1016,0.02789113576837421,3.134596894638023,0.23342906256979873,-0.0,0.9723738338457,0.9638310566385611,15.456932350693355,-0.04112786879571063,0.19282707275086258,-0.12885243341874533,0.010824943406180286,-0.3546059137654042,-0.03416502720525514,0.0,0.9994162050497601
izraelevitz2017_fig14,theta15_psi60_smoke,164,0.5625,11,0,0,11,0.1016,0.010208864231625786,3.134596894638023,0.23342906256979873,-0.0,0.9723738338457,0.9638310566385611,15.456932350693355,-0.030971200926250542,0.19282707275086258,-0.09703188426978468,0.003917086335660501,-0.2543309696814432,-0.03416502720525514,0.0,0.9994162050497601
izraelevitz2017_fig14,theta15_psi60_smoke,165,0.578125,0,0,0,0,0.1016,0.010208864231625786,3.1784742697156947,0.2835729728366179,-0.0,0.9589506603973964,0.9564864699753678,16.964353421604283,-0.040235608586474805,0.1955262223004241,-0.12605700777260184,-0.010598845793224905,-0.2833459820518299,-0.008565731101519406,0.0,0.9999633134523969
izraelevitz2017_fig14,theta15_psi60_smoke,165,0.578125,1,0,0,1,0.1016,0.02789113576837421,3.1784742697156947,0.2835729728366179,-0.0,0.9589506603973964,0.9564864699753678,16.964353421604283,-0.054534466965948096,0.1955262223004241,-0.1708549209943369,-0.010045637578625633,-0.3970003897499654,-0.008565731101519406,0.0,0.9999633134523969
izraelevitz2017_fig14,theta15_psi60_smoke,165,0.578125,2,0,0,2,0.1016,0.038099999999999995,3.1784742697156947,0.2835729728366179,-0.0,0.9589506603973964,0.9564864699753678,16.964353421604283,-0.06453262035620531,0.1955262223004241,-0.20217884882603826,-0.006156671079147899,-0.486977108827652,-0.008565731101519406,0.0,0.9999633134523969
izraelevitz2017_fig14,theta15_psi60_smoke,165,0.578125,3,0,0,3,0.1016,0.03810000000000001,3.1784742697156947,0.2835729728366179,-0.0,0.9589506603973964,0.9564864699753678,16.964353421604283,-0.06779837452274522,0.1955262223004241,-0.21241036297028587,-0.0012579719901176165,-0.5272519914553618,-0.008565731101519406,0.0,0.9999633134523969
izraelevitz2017_fig14,theta15_psi60_smoke,165,0.578125,4,0,0,4,0.1016,0.027891135768374212,3.1784742697156947,0.2835729728366179,-0.0,0.9589506603973964,0.9564864699753678,16.964353421604283,-0.06851058014691569,0.1955262223004241,-0.2146416827652579,0.0012417288261328957,-0.5403293933915435,-0.008565731101519406,0.0,0.9999633134523969
izraelevitz2017_fig14,theta15_psi60_smoke,165,0.578125,5,0,0,5,0.10160000000000001,0.010208864231625769,3.1784742697156947,0.2835729728366179,-0.0,0.9589506603973964,0.9564864699753678,16.964353421604283,-0.06860935468746826,0.19552622230042407,-0.21495114056802503,0.0017333068638305006,-0.5425777720115541,-0.008565731101519406,0.0,0.9999633134523969
izraelevitz2017_fig14,theta15_psi60_smoke,165,0.578125,6,0,0,6,0.10160000000000001,0.010208864231625769,3.1784742697156947,0.2835729728366179,-0.0,0.9589506603973964,0.9564864699753678,16.964353421604283,-0.06860935468746825,0.19552622230042407,-0.214951140568025,0.0017333068638305145,-0.542577772011554,-0.008565731101519406,0.0,0.9999633134523969
izraelevitz2017_fig14,theta15_psi60_smoke,165,0.578125,7,0,0,7,0.1016,0.027891135768374212,3.1784742697156947,0.2835729728366179,-0.0,0.9589506603973964,0.9564864699753678,16.964353421604283,-0.06851058014691573,0.1955262223004241,-0.21464168276525802,0.0012417288261328506,-0.5403293933915436,-0.008565731101519406,0.0,0.9999633134523969
izraelevitz2017_fig14,theta15_psi60_smoke,165,0.578125,8,0,0,8,0.1016,0.03810000000000001,3.1784742697156947,0.2835729728366179,-0.0,0.9589506603973964,0.9564864699753678,16.964353421604283,-0.06779837452274526,0.1955262223004241,-0.212410362970286,-0.0012579719901177032,-0.5272519914553618,-0.008565731101519406,0.0,0.9999633134523969
izraelevitz2017_fig14,theta15_psi60_smoke,165,0.578125,9,0,0,9,0.1016,0.038099999999999995,3.1784742697156947,0.2835729728366179,-0.0,0.9589506603973964,0.9564864699753678,16.964353421604283,-0.0645326203562053,0.1955262223004241,-0.20217884882603823,-0.006156671079147951,-0.4869771088276517,-0.008565731101519406,0.0,0.9999633134523969
izraelevitz2017_fig14,theta15_psi60_smoke,165,0.578125,10,0,0,10,0.1016,0.02789113576837421,3.1784742697156947,0.2835729728366179,-0.0,0.9589506603973964,0.9564864699753678,16.964353421604283,-0.054534466965948075,0.1955262223004241,-0.17085492099433686,-0.010045637578625657,-0.39700038974996515,-0.008565731101519406,0.0,0.9999633134523969
izraelevitz2017_fig14,theta15_psi60_smoke,165,0.578125,11,0,0,11,0.1016,0.010208864231625786,3.1784742697156947,0.2835729728366179,-0.0,0.9589506603973964,0.9564864699753678,16.964353421604283,-0.040235608586474805,0.1955262223004241,-0.12605700777260184,-0.010598845793224947,-0.28334598205182976,-0.008565731101519406,0.0,0.9999633134523969
izraelevitz2017_fig14,theta15_psi60_smoke,166,0.5937500000000004,0,0,0,0,0.10160000000000002,0.010208864231625786,3.2278052659004866,0.32910054929629384,-0.0,0.9442948842670269,0.9497912120195617,18.233144657119226,-0.04915249475364878,0.19856085543187038,-0.1539933564043633,-0.025192886668572605,-0.3094047310051904,0.017121662542540203,-0.0,0.9998534135921022
izraelevitz2017_fig14,theta15_psi60_smoke,166,0.5937500000000004,1,0,0,1,0.10160000000000001,0.02789113576837421,3.2278052659004866,0.32910054929629384,-0.0,0.9442948842670269,0.9497912120195617,18.233144657119226,-0.06731738922685349,0.1985608554318704,-0.21090344983257545,-0.03101560433577855,-0.43421181157410293,0.017121662542540203,-0.0,0.9998534135921022
izraelevitz2017_fig14,theta15_psi60_smoke,166,0.5937500000000004,2,0,0,2,0.10160000000000001,0.038099999999999995,3.2278052659004866,0.32910054929629384,-0.0,0.9442948842670269,0.9497912120195617,18.233144657119226,-0.08087806693683974,0.1985608554318704,-0.25338866418730766,-0.032650481013027706,-0.535520217429186,0.017121662542540203,-0.0,0.9998534135921022
izraelevitz2017_fig14,theta15_psi60_smoke,166,0.5937500000000004,3,0,0,3,0.1016,0.03810000000000001,3.2278052659004866,0.32910054929629384,-0.0,0.9442948842670269,0.9497912120195617,18.233144657119226,-0.0860759493276333,0.19856085543187044,-0.2696734806460698,-0.03061817750288409,-0.5823291691065221,0.017121662542540203,-0.0,0.9998534135921022
izraelevitz2017_fig14,theta15_psi60_smoke,166,0.5937500000000004,4,0,0,4,0.1016,0.027891135768374212,3.2278052659004866,0.32910054929629384,-0.0,0.9442948842670269,0.9497912120195617,18.233144657119226,-0.08751035769795795,0.19856085543187044,-0.2741674409324784,-0.029161782671652058,-0.5979332543162399,0.017121662542540203,-0.0,0.9998534135921022
izraelevitz2017_fig14,theta15_psi60_smoke,166,0.5937500000000004,5,0,0,5,0.10160000000000001,0.010208864231625769,3.2278052659004866,0.32910054929629384,-0.0,0.9442948842670269,0.9497912120195617,18.233144657119226,-0.08774008770831004,0.1985608554318704,-0.2748871784664171,-0.02885735004246657,-0.6006458960386429,0.017121662542540203,-0.0,0.9998534135921022
izraelevitz2017_fig14,theta15_psi60_smoke,166,0.5937500000000004,6,0,0,6,0.10160000000000001,0.010208864231625769,3.2278052659004866,0.32910054929629384,-0.0,0.9442948842670269,0.9497912120195617,18.233144657119226,-0.0877400877083101,0.1985608554318704,-0.27488717846641725,-0.028857350042466576,-0.6006458960386434,0.017121662542540203,-0.0,0.9998534135921022
izraelevitz2017_fig14,theta15_psi60_smoke,166,0.5937500000000004,7,0,0,7,0.1016,0.027891135768374212,3.2278052659004866,0.32910054929629384,-0.0,0.9442948842670269,0.9497912120195617,18.233144657119226,-0.0875103576979581,0.19856085543187044,-0.2741674409324789,-0.029161782671652144,-0.5979332543162408,0.017121662542540203,-0.0,0.9998534135921022
izraelevitz2017_fig14,theta15_psi60_smoke,166,0.5937500000000004,8,0,0,8,0.1016,0.03810000000000001,3.2278052659004866,0.32910054929629384,-0.0,0.9442948842670269,0.9497912120195617,18.233144657119226,-0.08607594932763332,0.19856085543187044,-0.26967348064606983,-0.030618177502884165,-0.5823291691065221,0.017121662542540203,-0.0,0.9998534135921022
izraelevitz2017_fig14,theta15_psi60_smoke,166,0.5937500000000004,9,0,0,9,0.10160000000000001,0.038099999999999995,3.2278052659004866,0.32910054929629384,-0.0,0.9442948842670269,0.9497912120195617,18.233144657119226,-0.08087806693683973,0.1985608554318704,-0.2533886641873076,-0.03265048101302774,-0.5355202174291858,0.017121662542540203,-0.0,0.9998534135921022
izraelevitz2017_fig14,theta15_psi60_smoke,166,0.5937500000000004,10,0,0,10,0.10160000000000001,0.02789113576837421,3.2278052659004866,0.32910054929629384,-0.0,0.9442948842670269,0.9497912120195617,18.233144657119226,-0.06731738922685349,0.1985608554318704,-0.21090344983257545,-0.031015604335778567,-0.4342118115741029,0.017121662542540203,-0.0,0.9998534135921022
izraelevitz2017_fig14,theta15_psi60_smoke,166,0.5937500000000004,11,0,0,11,0.10160000000000002,0.010208864231625786,3.2278052659004866,0.32910054929629384,-0.0,0.9442948842670269,0.9497912120195617,18.233144657119226,-0.04915249475364888,0.19856085543187038,-0.1539933564043636,-0.025192886668572674,-0.30940473100519095,0.017121662542540203,-0.0,0.9998534135921022
izraelevitz2017_fig14,theta15_psi60_smoke,167,0.609375,0,0,0,0,0.1016,0.010208864231625786,3.2804934630692184,0.36975696590418816,-0.0,0.9291285089616662,0.9440475976146641,19.257197424652468,-0.05762872637168673,0.20180200929313594,-0.18054914697134272,-0.03970294639814381,-0.33226402823392537,0.04263300986371171,-0.0,0.9990907999125809
izraelevitz2017_fig14,theta15_psi60_smoke,167,0.609375,1,0,0,1,0.1016,0.02789113576837421,3.2804934630692184,0.36975696590418816,-0.0,0.9291285089616662,0.9440475976146641,19.257197424652468,-0.07933305956029213,0.20180200929313594,-0.2485482003863039,-0.05180772591958694,-0.46594732320699894,0.04263300986371171,-0.0,0.9990907999125809
izraelevitz2017_fig14,theta15_psi60_smoke,167,0.609375,2,0,0,2,0.10160000000000001,0.038099999999999995,3.2804934630692184,0.36975696590418816,-0.0,0.9291285089616662,0.9440475976146641,19.257197424652468,-0.09630876126812146,0.2018020092931359,-0.3017325869858032,-0.05900687378575002,-0.5773108461072579,0.04263300986371171,-0.0,0.9990907999125809
izraelevitz2017_fig14,theta15_psi60_smoke,167,0.609375,3,0,0,3,0.1016,0.03810000000000001,3.2804934630692184,0.36975696590418816,-0.0,0.9291285089616662,0.9440475976146641,19.257197424652468,-0.10339269018449496,0.20180200929313594,-0.3239263331187256,-0.05990173989341313,-0.6301106131165746,0.04263300986371171,-0.0,0.9990907999125809
izraelevitz2017_fig14,theta15_psi60_smoke,167,0.609375,4,0,0,4,0.1016,0.027891135768374212,3.2804934630692184,0.36975696590418816,-0.0,0.9291285089616662,0.9440475976146641,19.257197424652468,-0.10553963803627836,0.20180200929313594,-0.33065265916541564,-0.059519872717504,-0.6480720297610272,0.04263300986371171,-0.0,0.9990907999125809
izraelevitz2017_fig14,theta15_psi60_smoke,167,0.609375,5,0,0,5,0.10160000000000001,0.010208864231625769,3.2804934630692184,0.36975696590418816,-0.0,0.9291285089616662,0.9440475976146641,19.257197424652468,-0.10589915855172416,0.2018020092931359,-0.331779026629513,-0.05940887645789572,-0.6512209372000952,0.04263300986371171,-0.0,0.9990907999125809
izraelevitz2017_fig14,theta15_psi60_smoke,167,0.609375,6,0,0,6,0.10160000000000001,0.010208864231625769,3.2804934630692184,0.36975696590418816,-0.0,0.9291285089616662,0.9440475976146641,19.257197424652468,-0.10589915855172417,0.2018020092931359,-0.331779026629513,-0.05940887645789573,-0.6512209372000952,0.04263300986371171,-0.0,0.9990907999125809
izraelevitz2017_fig14,theta15_psi60_smoke,167,0.609375,7,0,0,7,0.1016,0.027891135768374212,3.2804934630692184,0.36975696590418816,-0.0,0.9291285089616662,0.9440475976146641,19.257197424652468,-0.10553963803627836,0.20180200929313594,-0.33065265916541564,-0.05951987271750407,-0.648072029761027,0.04263300986371171,-0.0,0.9990907999125809
izraelevitz2017_fig14,theta15_psi60_smoke,167,0.609375,8,0,0,8,0.1016,0.03810000000000001,3.2804934630692184,0.36975696590418816,-0.0,0.9291285089616662,0.9440475976146641,19.257197424652468,-0.10339269018449501,0.20180200929313594,-0.32392633311872576,-0.0599017398934132,-0.6301106131165748,0.04263300986371171,-0.0,0.9990907999125809
izraelevitz2017_fig14,theta15_psi60_smoke,167,0.609375,9,0,0,9,0.10160000000000001,0.038099999999999995,3.2804934630692184,0.36975696590418816,-0.0,0.9291285089616662,0.9440475976146641,19.257197424652468,-0.09630876126812153,0.2018020092931359,-0.3017325869858034,-0.05900687378575008,-0.5773108461072582,0.04263300986371171,-0.0,0.9990907999125809
izraelevitz2017_fig14,theta15_psi60_smoke,167,0.609375,10,0,0,10,0.1016,0.02789113576837421,3.2804934630692184,0.36975696590418816,-0.0,0.9291285089616662,0.9440475976146641,19.257197424652468,-0.07933305956029213,0.20180200929313594,-0.2485482003863039,-0.051807725919586954,-0.4659473232069989,0.04263300986371171,-0.0,0.9990907999125809
izraelevitz2017_fig14,theta15_psi60_smoke,167,0.609375,11,0,0,11,0.1016,0.010208864231625786,3.2804934630692184,0.36975696590418816,-0.0,0.9291285089616662,0.9440475976146641,19.257197424652468,-0.05762872637168674,0.20180200929313594,-0.18054914697134275,-0.03970294639814387,-0.33226402823392526,0.04263300986371171,-0.0,0.9990907999125809
izraelevitz2017_fig14,theta15_psi60_smoke,168,0.625,0,0,0,0,0.10159999999999998,0.010208864231625786,3.334404355204442,0.4054746447862537,-0.0,0.9141062916507365,0.9394620579579452,20.038588566293367,-0.06557250264914416,0.20511837814987954,-0.20543677022672632,-0.05395489971953053,-0.3517272264082242,0.06770683010934012,-0.0,0.9977052596616623
izraelevitz2017_fig14,theta15_psi60_smoke,168,0.625,1,0,0,1,0.10159999999999998,0.02789113576837421,3.334404355204442,0.4054746447862537,-0.0,0.9141062916507365,0.9394620579579452,20.038588566293367,-0.09045788394457978,0.20511837814987954,-0.2834019561301746,-0.07213852833255016,-0.49208930532778605,0.06770683010934012,-0.0,0.9977052596616623
izraelevitz2017_fig14,theta15_psi60_smoke,168,0.625,2,0,0,2,0.1016,0.038099999999999995,3.334404355204442,0.4054746447862537,-0.0,0.9141062916507365,0.9394620579579452,20.038588566293367,-0.11066037475825266,0.20511837814987952,-0.34669578045625027,-0.08486693065881384,-0.6121386591641842,0.06770683010934012,-0.0,0.9977052596616623
izraelevitz2017_fig14,theta15_psi60_smoke,168,0.625,3,0,0,3,0.1016,0.03810000000000001,3.334404355204442,0.4054746447862537,-0.0,0.9141062916507365,0.9394620579579452,20.038588566293367,-0.11956035315512692,0.20511837814987952,-0.37457915752856563,-0.08871254515503682,-0.6703102583563035,0.06770683010934012,-0.0,0.9977052596616623
izraelevitz2017_fig14,theta15_psi60_smoke,168,0.625,4,0,0,4,0.1016,0.027891135768374212,3.334404355204442,0.4054746447862537,-0.0,0.9141062916507365,0.9394620579579452,20.038588566293367,-0.12240104849514333,0.20511837814987952,-0.3834789745597019,-0.08942346163688414,-0.6904270514886024,0.06770683010934012,-0.0,0.9977052596616623
izraelevitz2017_fig14,theta15_psi60_smoke,168,0.625,5,0,0,5,0.10159999999999998,0.010208864231625769,3.334404355204442,0.4054746447862537,-0.0,0.9141062916507365,0.9394620579579452,20.038588566293367,-0.12288750059421795,0.20511837814987954,-0.38500301503500034,-0.08950991207639263,-0.693977801358323,0.06770683010934012,-0.0,0.9977052596616623
izraelevitz2017_fig14,theta15_psi60_smoke,168,0.625,6,0,0,6,0.10159999999999998,0.010208864231625769,3.334404355204442,0.4054746447862537,-0.0,0.9141062916507365,0.9394620579579452,20.038588566293367,-0.1228875005942179,0.20511837814987954,-0.3850030150350002,-0.08950991207639261,-0.6939778013583225,0.06770683010934012,-0.0,0.9977052596616623
izraelevitz2017_fig14,theta15_psi60_smoke,168,0.625,7,0,0,7,0.1016,0.027891135768374212,3.334404355204442,0.4054746447862537,-0.0,0.9141062916507365,0.9394620579579452,20.038588566293367,-0.12240104849514333,0.20511837814987952,-0.3834789745597019,-0.0894234616368842,-0.6904270514886023,0.06770683010934012,-0.0,0.9977052596616623
izraelevitz2017_fig14,theta15_psi60_smoke,168,0.625,8,0,0,8,0.1016,0.03810000000000001,3.334404355204442,0.4054746447862537,-0.0,0.9141062916507365,0.9394620579579452,20.038588566293367,-0.11956035315512686,0.20511837814987952,-0.37457915752856547,-0.08871254515503685,-0.6703102583563032,0.06770683010934012,-0.0,0.9977052596616623
izraelevitz2017_fig14,theta15_psi60_smoke,168,0.625,9,0,0,9,0.1016,0.038099999999999995,3.334404355204442,0.4054746447862537,-0.0,0.9141062916507365,0.9394620579579452,20.038588566293367,-0.11066037475825273,0.20511837814987952,-0.3466957804562505,-0.08486693065881393,-0.6121386591641844,0.06770683010934012,-0.0,0.9977052596616623
izraelevitz2017_fig14,theta15_psi60_smoke,168,0.625,10,0,0,10,0.10159999999999998,0.02789113576837421,3.334404355204442,0.4054746447862537,-0.0,0.9141062916507365,0.9394620579579452,20.038588566293367,-0.09045788394457978,0.20511837814987954,-0.2834019561301746,-0.07213852833255016,-0.49208930532778605,0.06770683010934012,-0.0,0.9977052596616623
izraelevitz2017_fig14,theta15_psi60_smoke,168,0.625,11,0,0,11,0.10159999999999998,0.010208864231625786,3.334404355204442,0.4054746447862537,-0.0,0.9141062916507365,0.9394620579579452,20.038588566293367,-0.06557250264914419,0.20511837814987954,-0.2054367702267264,-0.05395489971953058,-0.35172722640822424,0.06770683010934012,-0.0,0.9977052596616623
izraelevitz2017_fig14,theta15_psi60_smoke,169,0.640625,0,0,0,0,0.1016,0.010208864231625786,3.387457371949181,0.4363233876949561,-0.0,0.8997899206761526,0.9361468148519064,20.585782308262022,-0.07288400537292349,0.2083819741602596,-0.2283434985715951,-0.06776361561129306,-0.36756789959510866,0.09208819276829923,-0.0,0.9957508547586935
izraelevitz2017_fig14,theta15_psi60_smoke,169,0.640625,1,0,0,1,0.1016,0.02789113576837421,3.387457371949181,0.4363233876949561,-0.0,0.8997899206761526,0.9361468148519064,20.585782308262022,-0.10058633023670278,0.2083819741602596,-0.31513408788671304,-0.0917286946999627,-0.5126491356168945,0.09208819276829923,-0.0,0.9957508547586935
izraelevitz2017_fig14,theta15_psi60_smoke,169,0.640625,2,0,0,2,0.1016,0.038099999999999995,3.387457371949181,0.4363233876949561,-0.0,0.8997899206761526,0.9361468148519064,20.585782308262022,-0.12379142407658392,0.2083819741602596,-0.3878349813813661,-0.10987402106895776,-0.639965390246542,0.09208819276829923,-0.0,0.9957508547586935
izraelevitz2017_fig14,theta15_psi60_smoke,169,0.640625,3,0,0,3,0.1016,0.03810000000000001,3.387457371949181,0.4363233876949561,-0.0,0.8997899206761526,0.9361468148519064,20.585782308262022,-0.13441478703547557,0.2083819741602596,-0.42111767286103047,-0.11665390759440578,-0.7028324593693588,0.09208819276829923,-0.0,0.9957508547586935
izraelevitz2017_fig14,theta15_psi60_smoke,169,0.640625,4,0,0,4,0.1016,0.027891135768374212,3.387457371949181,0.4363233876949561,-0.0,0.8997899206761526,0.9361468148519064,20.585782308262022,-0.13792146572952987,0.2083819741602596,-0.4321039966404355,-0.11846147175273253,-0.7248755763428911,0.09208819276829923,-0.0,0.9957508547586935
izraelevitz2017_fig14,theta15_psi60_smoke,169,0.640625,5,0,0,5,0.10160000000000001,0.010208864231625769,3.387457371949181,0.4363233876949561,-0.0,0.8997899206761526,0.9361468148519064,20.585782308262022,-0.1385302974014881,0.20838197416025958,-0.43401144880781833,-0.11874680278889507,-0.7287882136528605,0.09208819276829923,-0.0,0.9957508547586935
izraelevitz2017_fig14,theta15_psi60_smoke,169,0.640625,6,0,0,6,0.10160000000000001,0.010208864231625769,3.387457371949181,0.4363233876949561,-0.0,0.8997899206761526,0.9361468148519064,20.585782308262022,-0.13853029740148812,0.20838197416025958,-0.4340114488078184,-0.11874680278889507,-0.7287882136528607,0.09208819276829923,-0.0,0.9957508547586935
izraelevitz2017_fig14,theta15_psi60_smoke,169,0.640625,7,0,0,7,0.1016,0.027891135768374212,3.387457371949181,0.4363233876949561,-0.0,0.8997899206761526,0.9361468148519064,20.585782308262022,-0.1379214657295299,0.2083819741602596,-0.43210399664043553,-0.11846147175273257,-0.7248755763428911,0.09208819276829923,-0.0,0.9957508547586935
izraelevitz2017_fig14,theta15_psi60_smoke,169,0.640625,8,0,0,8,0.1016,0.03810000000000001,3.387457371949181,0.4363233876949561,-0.0,0.8997899206761526,0.9361468148519064,20.585782308262022,-0.13441478703547563,0.2083819741602596,-0.42111767286103063,-0.1166539075944058,-0.7028324593693591,0.09208819276829923,-0.0,0.9957508547586935
izraelevitz2017_fig14,theta15_psi60_smoke,169,0.640625,9,0,0,9,0.1016,0.038099999999999995,3.387457371949181,0.4363233876949561,-0.0,0.8997899206761526,0.9361468148519064,20.585782308262022,-0.12379142407658396,0.2083819741602596,-0.3878349813813662,-0.10987402106895784,-0.6399653902465419,0.09208819276829923,-0.0,0.9957508547586935
izraelevitz2017_fig14,theta15_psi60_smoke,169,0.640625,10,0,0,10,0.1016,0.02789113576837421,3.387457371949181,0.4363233876949561,-0.0,0.8997899206761526,0.9361468148519064,20.585782308262022,-0.10058633023670278,0.2083819741602596,-0.31513408788671304,-0.0917286946999627,-0.5126491356168945,0.09208819276829923,-0.0,0.9957508547586935
izraelevitz2017_fig14,theta15_psi60_smoke,169,0.640625,11,0,0,11,0.1016,0.010208864231625786,3.387457371949181,0.4363233876949561,-0.0,0.8997899206761526,0.9361468148519064,20.585782308262022,-0.07288400537292353,0.2083819741602596,-0.22834349857159525,-0.06776361561129311,-0.3675678995951088,0.09208819276829923,-0.0,0.9957508547586935
izraelevitz2017_fig14,theta15_psi60_smoke,170,0.65625,0,0,0,0,0.10159999999999998,0.010208864231625786,3.437699517618987,0.4624613396151653,-0.0,0.8866394472170447,0.934131499952799,20.911717294081015,-0.07947317675812718,0.21147265733384515,-0.24898718354865892,-0.08094131726436593,-0.3796440070785495,0.11553233663237814,-0.0,0.9933037195099306
izraelevitz2017_fig14,theta15_psi60_smoke,170,0.65625,1,0,0,1,0.10159999999999998,0.02789113576837421,3.437699517618987,0.4624613396151653,-0.0,0.8866394472170447,0.934131499952799,20.911717294081015,-0.10962995362811533,0.21147265733384515,-0.34346750060728,-0.1103129216781807,-0.5277299864836579,0.11553233663237814,-0.0,0.9933037195099306
izraelevitz2017_fig14,theta15_psi60_smoke,170,0.65625,2,0,0,2,0.1016,0.038099999999999995,3.437699517618987,0.4624613396151653,-0.0,0.8866394472170447,0.934131499952799,20.911717294081015,-0.13558186623267815,0.21147265733384513,-0.4247740985148594,-0.133686583533966,-0.6608754956852505,0.11553233663237814,-0.0,0.9933037195099306
izraelevitz2017_fig14,theta15_psi60_smoke,170,0.65625,3,0,0,3,0.1016,0.03810000000000001,3.437699517618987,0.4624613396151653,-0.0,0.8866394472170447,0.934131499952799,20.911717294081015,-0.14781485924074533,0.21147265733384513,-0.46309971477553824,-0.1433428761067864,-0.7277206586184863,0.11553233663237814,-0.0,0.9933037195099306
izraelevitz2017_fig14,theta15_psi60_smoke,170,0.65625,4,0,0,4,0.1016,0.027891135768374212,3.437699517618987,0.4624613396151653,-0.0,0.8866394472170447,0.934131499952799,20.911717294081015,-0.15195115678587073,0.21147265733384513,-0.47605861635832525,-0.14623566420440412,-0.7514395482826008,0.11553233663237814,-0.0,0.9933037195099306
izraelevitz2017_fig14,theta15_psi60_smoke,170,0.65625,5,0,0,5,0.10159999999999998,0.010208864231625769,3.437699517618987,0.4624613396151653,-0.0,0.8866394472170447,0.934131499952799,20.911717294081015,-0.1526761722972101,0.21147265733384515,-0.478330069162419,-0.14671853201348145,-0.755669576865603,0.11553233663237814,-0.0,0.9933037195099306
izraelevitz2017_fig14,theta15_psi60_smoke,170,0.65625,6,0,0,6,0.10159999999999998,0.010208864231625769,3.437699517618987,0.4624613396151653,-0.0,0.8866394472170447,0.934131499952799,20.911717294081015,-0.15267617229721012,0.21147265733384515,-0.47833006916241905,-0.14671853201348145,-0.7556695768656032,0.11553233663237814,-0.0,0.9933037195099306
izraelevitz2017_fig14,theta15_psi60_smoke,170,0.65625,7,0,0,7,0.1016,0.027891135768374212,3.437699517618987,0.4624613396151653,-0.0,0.8866394472170447,0.934131499952799,20.911717294081015,-0.15195115678587073,0.21147265733384513,-0.47605861635832525,-0.14623566420440415,-0.7514395482826007,0.11553233663237814,-0.0,0.9933037195099306
izraelevitz2017_fig14,theta15_psi60_smoke,170,0.65625,8,0,0,8,0.1016,0.03810000000000001,3.437699517618987,0.4624613396151653,-0.0,0.8866394472170447,0.934131499952799,20.911717294081015,-0.1478148592407453,0.21147265733384513,-0.4630997147755382,-0.14334287610678642,-0.7277206586184862,0.11553233663237814,-0.0,0.9933037195099306
izraelevitz2017_fig14,theta15_psi60_smoke,170,0.65625,9,0,0,9,0.1016,0.038099999999999995,3.437699517618987,0.4624613396151653,-0.0,0.8866394472170447,0.934131499952799,20.911717294081015,-0.1355818662326782,0.21147265733384513,-0.4247740985148596,-0.1336865835339661,-0.6608754956852507,0.11553233663237814,-0.0,0.9933037195099306
izraelevitz2017_fig14,theta15_psi60_smoke,170,0.65625,10,0,0,10,0.10159999999999998,0.02789113576837421,3.437699517618987,0.4624613396151653,-0.0,0.8866394472170447,0.934131499952799,20.911717294081015,-0.10962995362811537,0.21147265733384515,-0.3434675006072801,-0.11031292167818071,-0.5277299864836581,0.11553233663237814,-0.0,0.9933037195099306
izraelevitz2017_fig14,theta15_psi60_smoke,170,0.65625,11,0,0,11,0.10159999999999998,0.010208864231625786,3.437699517618987,0.4624613396151653,-0.0,0.8866394472170447,0.934131499952799,20.911717294081015,-0.07947317675812714,0.21147265733384515,-0.24898718354865879,-0.08094131726436596,-0.37964400707854906,0.11553233663237814,-0.0,0.9933037195099306
izraelevitz2017_fig14,theta15_psi60_smoke,171,0.6718750000000004,0,0,0,0,0.1016,0.010208864231625786,3.483361325611798,0.48409238698993695,-0.0,0.8750168917560307,0.9333800840318454,21.03200741559552,-0.08525565618365136,0.21428157760899344,-0.2671035257514021,-0.09330366625645004,-0.38784781560915516,0.13780788448546333,-0.0,0.9904589779358058
izraelevitz2017_fig14,theta15_psi60_smoke,171,0.6718750000000004,1,0,0,1,0.10159999999999998,0.02789113576837421,3.483361325611798,0.48409238698993695,-0.0,0.8750168917560307,0.9333800840318454,21.03200741559552,-0.11751593539160052,0.21428157760899347,-0.3681740553078944,-0.12764828605408943,-0.5374902801074677,0.13780788448546333,-0.0,0.9904589779358058
izraelevitz2017_fig14,theta15_psi60_smoke,171,0.6718750000000004,2,0,0,2,0.1016,0.038099999999999995,3.483361325611798,0.48409238698993695,-0.0,0.8750168917560307,0.9333800840318454,21.03200741559552,-0.14593190202054307,0.21428157760899344,-0.4572004638065271,-0.15598929607743106,-0.6750332712840247,0.13780788448546333,-0.0,0.9904589779358058
izraelevitz2017_fig14,theta15_psi60_smoke,171,0.6718750000000004,3,0,0,3,0.1016,0.03810000000000001,3.483361325611798,0.48409238698993695,-0.0,0.8750168917560307,0.9333800840318454,21.03200741559552,-0.15964167373104324,0.21428157760899344,-0.5001527853889589,-0.16842300926051837,-0.7451129356908422,0.13780788448546333,-0.0,0.9904589779358058
izraelevitz2017_fig14,theta15_psi60_smoke,171,0.6718750000000004,4,0,0,4,0.1016,0.027891135768374212,3.483361325611798,0.48409238698993695,-0.0,0.8750168917560307,0.9333800840318454,21.03200741559552,-0.16436320137862712,0.21428157760899344,-0.5149451960987624,-0.17237400576417788,-0.7702409729543724,0.13780788448546333,-0.0,0.9904589779358058
izraelevitz2017_fig14,theta15_psi60_smoke,171,0.6718750000000004,5,0,0,5,0.10159999999999998,0.010208864231625769,3.483361325611798,0.48409238698993695,-0.0,0.8750168917560307,0.9333800840318454,21.03200741559552,-0.16519665484549684,0.21428157760899347,-0.5175563819076089,-0.17305019667924731,-0.7747403647312803,0.13780788448546333,-0.0,0.9904589779358058
izraelevitz2017_fig14,theta15_psi60_smoke,171,0.6718750000000004,6,0,0,6,0.10159999999999998,0.010208864231625769,3.483361325611798,0.48409238698993695,-0.0,0.8750168917560307,0.9333800840318454,21.03200741559552,-0.1651966548454969,0.21428157760899347,-0.517556381907609,-0.17305019667924734,-0.7747403647312805,0.13780788448546333,-0.0,0.9904589779358058
izraelevitz2017_fig14,theta15_psi60_smoke,171,0.6718750000000004,7,0,0,7,0.1016,0.027891135768374212,3.483361325611798,0.48409238698993695,-0.0,0.8750168917560307,0.9333800840318454,21.03200741559552,-0.16436320137862706,0.21428157760899344,-0.5149451960987623,-0.1723740057641779,-0.770240972954372,0.13780788448546333,-0.0,0.9904589779358058
izraelevitz2017_fig14,theta15_psi60_smoke,171,0.6718750000000004,8,0,0,8,0.1016,0.03810000000000001,3.483361325611798,0.48409238698993695,-0.0,0.8750168917560307,0.9333800840318454,21.03200741559552,-0.15964167373104318,0.21428157760899344,-0.5001527853889587,-0.16842300926051837,-0.7451129356908416,0.13780788448546333,-0.0,0.9904589779358058
izraelevitz2017_fig14,theta15_psi60_smoke,171,0.6718750000000004,9,0,0,9,0.1016,0.038099999999999995,3.483361325611798,0.48409238698993695,-0.0,0.8750168917560307,0.9333800840318454,21.03200741559552,-0.1459319020205431,0.21428157760899344,-0.45720046380652724,-0.15598929607743114,-0.6750332712840247,0.13780788448546333,-0.0,0.9904589779358058
izraelevitz2017_fig14,theta15_psi60_smoke,171,0.6718750000000004,10,0,0,10,0.10159999999999998,0.02789113576837421,3.483361325611798,0.48409238698993695,-0.0,0.8750168917560307,0.9333800840318454,21.03200741559552,-0.11751593539160046,0.21428157760899347,-0.3681740553078942,-0.12764828605408943,-0.5374902801074672,0.13780788448546333,-0.0,0.9904589779358058
izraelevitz2017_fig14,theta15_psi60_smoke,171,0.6718750000000004,11,0,0,11,0.1016,0.010208864231625786,3.483361325611798,0.48409238698993695,-0.0,0.8750168917560307,0.9333800840318454,21.03200741559552,-0.08525565618365137,0.21428157760899344,-0.26710352575140217,-0.09330366625645006,-0.38784781560915516,0.13780788448546333,-0.0,0.9904589779358058
izraelevitz2017_fig14,theta15_psi60_smoke,172,0.6875,0,0,0,0,0.10160000000000002,0.010208864231625786,3.522897545506882,0.5014322901584017,-0.0,0.8651968899542464,0.9338092614145527,20.963383446585162,-0.0901515242142482,0.2167136777501772,-0.2824421398812263,-0.10467452416384951,-0.39208177721151716,0.15869954858023583,-0.0,0.9873269232024565
izraelevitz2017_fig14,theta15_psi60_smoke,172,0.6875,1,0,0,1,0.1016,0.02789113576837421,3.522897545506882,0.5014322901584017,-0.0,0.8651968899542464,0.9338092614145527,20.963383446585162,-0.12418618931845547,0.21671367775017725,-0.38907176956256145,-0.14352079421223524,-0.5421170412696978,0.15869954858023583,-0.0,0.9873269232024565
izraelevitz2017_fig14,theta15_psi60_smoke,172,0.6875,2,0,0,2,0.10160000000000001,0.038099999999999995,3.522897545506882,0.5014322901584017,-0.0,0.8651968899542464,0.9338092614145527,20.963383446585162,-0.15476132769985643,0.21671367775017722,-0.4848628012381262,-0.17650211213979897,-0.6826506666759186,0.15869954858023583,-0.0,0.9873269232024565
izraelevitz2017_fig14,theta15_psi60_smoke,172,0.6875,3,0,0,3,0.10160000000000001,0.03810000000000001,3.522897545506882,0.5014322901584017,-0.0,0.8651968899542464,0.9338092614145527,20.963383446585162,-0.1697983568653475,0.21671367775017722,-0.5319733823622385,-0.19157498909970416,-0.7552084886064837,0.15869954858023583,-0.0,0.9873269232024565
izraelevitz2017_fig14,theta15_psi60_smoke,172,0.6875,4,0,0,4,0.1016,0.027891135768374212,3.522897545506882,0.5014322901584017,-0.0,0.8651968899542464,0.9338092614145527,20.963383446585162,-0.17505349809656548,0.21671367775017725,-0.5484375891259072,-0.19654189744865014,-0.7814682804688176,0.15869954858023583,-0.0,0.9873269232024565
izraelevitz2017_fig14,theta15_psi60_smoke,172,0.6875,5,0,0,5,0.10160000000000002,0.010208864231625769,3.522897545506882,0.5014322901584017,-0.0,0.8651968899542464,0.9338092614145527,20.963383446585162,-0.17598623467891752,0.2167136777501772,-0.55135982608819,-0.19740435262545286,-0.7861865073441164,0.15869954858023583,-0.0,0.9873269232024565
izraelevitz2017_fig14,theta15_psi60_smoke,172,0.6875,6,0,0,6,0.10160000000000002,0.010208864231625769,3.522897545506882,0.5014322901584017,-0.0,0.8651968899542464,0.9338092614145527,20.963383446585162,-0.1759862346789175,0.2167136777501772,-0.5513598260881899,-0.19740435262545286,-0.7861865073441162,0.15869954858023583,-0.0,0.9873269232024565
izraelevitz2017_fig14,theta15_psi60_smoke,172,0.6875,7,0,0,7,0.1016,0.027891135768374212,3.522897545506882,0.5014322901584017,-0.0,0.8651968899542464,0.9338092614145527,20.963383446585162,-0.1750534980965654,0.21671367775017725,-0.548437589125907,-0.19654189744865017,-0.781468280468817,0.15869954858023583,-0.0,0.9873269232024565
izraelevitz2017_fig14,theta15_psi60_smoke,172,0.6875,8,0,0,8,0.10160000000000001,0.03810000000000001,3.522897545506882,0.5014322901584017,-0.0,0.8651968899542464,0.9338092614145527,20.963383446585162,-0.16979835686534742,0.21671367775017722,-0.5319733823622382,-0.1915749890997041,-0.7552084886064832,0.15869954858023583,-0.0,0.9873269232024565
izraelevitz2017_fig14,theta15_psi60_smoke,172,0.6875,9,0,0,9,0.10160000000000001,0.038099999999999995,3.522897545506882,0.5014322901584017,-0.0,0.8651968899542464,0.9338092614145527,20.963383446585162,-0.15476132769985637,0.21671367775017722,-0.48486280123812603,-0.176502112139799,-0.682650666675918,0.15869954858023583,-0.0,0.9873269232024565
izraelevitz2017_fig14,theta15_psi60_smoke,172,0.6875,10,0,0,10,0.1016,0.02789113576837421,3.522897545506882,0.5014322901584017,-0.0,0.8651968899542464,0.9338092614145527,20.963383446585162,-0.12418618931845538,0.21671367775017725,-0.3890717695625612,-0.1435207942122352,-0.5421170412696973,0.15869954858023583,-0.0,0.9873269232024565
izraelevitz2017_fig14,theta15_psi60_smoke,172,0.6875,11,0,0,11,0.10160000000000002,0.010208864231625786,3.522897545506882,0.5014322901584017,-0.0,0.8651968899542464,0.9338092614145527,20.963383446585162,-0.09015152421424841,0.2167136777501772,-0.2824421398812269,-0.10467452416384959,-0.3920817772115185,0.15869954858023583,-0.0,0.9873269232024565
izraelevitz2017_fig14,theta15_psi60_smoke,173,0.703125,0,0,0,0,0.1016,0.010208864231625786,3.555015605422091,0.5146835806596659,-0.0,0.8573802025935432,0.9353056256482596,20.72242289295031,-0.09410536052788503,0.21868944423118175,-0.2948293956586188,-0.11489722703201342,-0.39238180805050676,0.17801026090291033,-0.0,0.9840286311959007
izraelevitz2017_fig14,theta15_psi60_smoke,173,0.703125,1,0,0,1,0.1016,0.02789113576837421,3.555015605422091,0.5146835806596659,-0.0,0.8573802025935432,0.9353056256482596,20.72242289295031,-0.12959819333028885,0.21868944423118175,-0.4060274229191845,-0.1577504606740608,-0.5418171752757788,0.17801026090291033,-0.0,0.9840286311959007
izraelevitz2017_fig14,theta15_psi60_smoke,173,0.703125,2,0,0,2,0.10160000000000001,0.038099999999999995,3.555015605422091,0.5146835806596659,-0.0,0.8573802025935432,0.9353056256482596,20.72242289295031,-0.16200973436345192,0.21868944423118172,-0.5075718514359895,-0.19498705019626125,-0.6839684780011901,0.17801026090291033,-0.0,0.9840286311959007
izraelevitz2017_fig14,theta15_psi60_smoke,173,0.703125,3,0,0,3,0.1016,0.03810000000000001,3.555015605422091,0.5146835806596659,-0.0,0.8573802025935432,0.9353056256482596,20.72242289295031,-0.17821037344220705,0.21868944423118175,-0.558327989046848,-0.21252474901348506,-0.7582457255766649,0.17801026090291033,-0.0,0.9840286311959007
izraelevitz2017_fig14,theta15_psi60_smoke,173,0.703125,4,0,0,4,0.1016,0.027891135768374212,3.555015605422091,0.5146835806596659,-0.0,0.8573802025935432,0.9353056256482596,20.72242289295031,-0.18394122604693822,0.21868944423118175,-0.5762825859006675,-0.21845087260739826,-0.785353846929474,0.17801026090291033,-0.0,0.9840286311959007
izraelevitz2017_fig14,theta15_psi60_smoke,173,0.703125,5,0,0,5,0.10160000000000001,0.010208864231625769,3.555015605422091,0.5146835806596659,-0.0,0.8573802025935432,0.9353056256482596,20.72242289295031,-0.1849628580396589,0.21868944423118172,-0.5794833296341776,-0.21948982456500227,-0.7902388503904372,0.17801026090291033,-0.0,0.9840286311959007
izraelevitz2017_fig14,theta15_psi60_smoke,173,0.703125,6,0,0,6,0.10160000000000001,0.010208864231625769,3.555015605422091,0.5146835806596659,-0.0,0.8573802025935432,0.9353056256482596,20.72242289295031,-0.18496285803965887,0.21868944423118172,-0.5794833296341776,-0.21948982456500227,-0.7902388503904372,0.17801026090291033,-0.0,0.9840286311959007
izraelevitz2017_fig14,theta15_psi60_smoke,173,0.703125,7,0,0,7,0.1016,0.027891135768374212,3.555015605422091,0.5146835806596659,-0.0,0.8573802025935432,0.9353056256482596,20.72242289295031,-0.18394122604693808,0.21868944423118175,-0.576282585900667,-0.21845087260739823,-0.785353846929473,0.17801026090291033,-0.0,0.9840286311959007
izraelevitz2017_fig14,theta15_psi60_smoke,173,0.703125,8,0,0,8,0.1016,0.03810000000000001,3.555015605422091,0.5146835806596659,-0.0,0.8573802025935432,0.9353056256482596,20.72242289295031,-0.17821037344220694,0.21868944423118175,-0.5583279890468477,-0.21252474901348495,-0.7582457255766644,0.17801026090291033,-0.0,0.9840286311959007
izraelevitz2017_fig14,theta15_psi60_smoke,173,0.703125,9,0,0,9,0.10160000000000001,0.038099999999999995,3.555015605422091,0.5146835806596659,-0.0,0.8573802025935432,0.9353056256482596,20.72242289295031,-0.16200973436345192,0.21868944423118172,-0.5075718514359895,-0.19498705019626125,-0.6839684780011901,0.17801026090291033,-0.0,0.9840286311959007
izraelevitz2017_fig14,theta15_psi60_smoke,173,0.703125,10,0,0,10,0.1016,0.02789113576837421,3.555015605422091,0.5146835806596659,-0.0,0.8573802025935432,0.9353056256482596,20.72242289295031,-0.12959819333028888,0.21868944423118175,-0.4060274229191846,-0.1577504606740608,-0.541817175275779,0.17801026090291033,-0.0,0.9840286311959007
izraelevitz2017_fig14,theta15_psi60_smoke,173,0.703125,11,0,0,11,0.1016,0.010208864231625786,3.555015605422091,0.5146835806596659,-0.0,0.8573802025935432,0.9353056256482596,20.72242289295031,-0.0941053605278849,0.21868944423118175,-0.29482939565861843,-0.11489722703201344,-0.3923818080505057,0.17801026090291033,-0.0,0.9840286311959007
izraelevitz2017_fig14,theta15_psi60_smoke,174,0.71875,0,0,0,0,0.1016,0.010208864231625786,3.5786948069030036,0.5240180427046827,-0.0,0.8517071626562462,0.937740104663722,20.32456475514363,-0.09706894637106399,0.2201460880230686,-0.30411422511175057,-0.12383665321916631,-0.3887756031218775,0.19556270486845703,-0.0,0.9806911993408184
izraelevitz2017_fig14,theta15_psi60_smoke,174,0.71875,1,0,0,1,0.10160000000000001,0.02789113576837421,3.5786948069030036,0.5240180427046827,-0.0,0.8517071626562462,0.937740104663722,20.32456475514363,-0.133724035269855,0.22014608802306856,-0.41895356738961365,-0.17019408476111184,-0.5368016641906986,0.19556270486845703,-0.0,0.9806911993408184
izraelevitz2017_fig14,theta15_psi60_smoke,174,0.71875,2,0,0,2,0.10160000000000001,0.038099999999999995,3.5786948069030036,0.5240180427046827,-0.0,0.8517071626562462,0.937740104663722,20.32456475514363,-0.16763639538459726,0.22014608802306856,-0.5252000190465755,-0.2112524678819751,-0.6792426439705137,0.19556270486845703,-0.0,0.9806911993408184
izraelevitz2017_fig14,theta15_psi60_smoke,174,0.71875,3,0,0,3,0.1016,0.03810000000000001,3.5786948069030036,0.5240180427046827,-0.0,0.8517071626562462,0.937740104663722,20.32456475514363,-0.18482586232414688,0.2201460880230686,-0.5790541259864189,-0.23104893153874329,-0.7544885203498174,0.19556270486845703,-0.0,0.9806911993408184
izraelevitz2017_fig14,theta15_psi60_smoke,174,0.71875,4,0,0,4,0.1016,0.027891135768374212,3.5786948069030036,0.5240180427046827,-0.0,0.8517071626562462,0.937740104663722,20.32456475514363,-0.19096936147521296,0.2201460880230686,-0.5983015326354942,-0.23786456920427018,-0.782160123975925,0.19556270486845703,-0.0,0.9806911993408184
izraelevitz2017_fig14,theta15_psi60_smoke,174,0.71875,5,0,0,5,0.10160000000000001,0.010208864231625769,3.5786948069030036,0.5240180427046827,-0.0,0.8517071626562462,0.937740104663722,20.32456475514363,-0.19206848007551455,0.22014608802306856,-0.6017450396882943,-0.23906778039299603,-0.7871592580417476,0.19556270486845703,-0.0,0.9806911993408184
izraelevitz2017_fig14,theta15_psi60_smoke,174,0.71875,6,0,0,6,0.10160000000000001,0.010208864231625769,3.5786948069030036,0.5240180427046827,-0.0,0.8517071626562462,0.937740104663722,20.32456475514363,-0.19206848007551452,0.22014608802306856,-0.6017450396882942,-0.239067780392996,-0.7871592580417475,0.19556270486845703,-0.0,0.9806911993408184
izraelevitz2017_fig14,theta15_psi60_smoke,174,0.71875,7,0,0,7,0.1016,0.027891135768374212,3.5786948069030036,0.5240180427046827,-0.0,0.8517071626562462,0.937740104663722,20.32456475514363,-0.19096936147521304,0.2201460880230686,-0.5983015326354946,-0.2378645692042702,-0.7821601239759258,0.19556270486845703,-0.0,0.9806911993408184
izraelevitz2017_fig14,theta15_psi60_smoke,174,0.71875,8,0,0,8,0.1016,0.03810000000000001,3.5786948069030036,0.5240180427046827,-0.0,0.8517071626562462,0.937740104663722,20.32456475514363,-0.18482586232414686,0.2201460880230686,-0.5790541259864188,-0.2310489315387432,-0.7544885203498174,0.19556270486845703,-0.0,0.9806911993408184
izraelevitz2017_fig14,theta15_psi60_smoke,174,0.71875,9,0,0,9,0.10160000000000001,0.038099999999999995,3.5786948069030036,0.5240180427046827,-0.0,0.8517071626562462,0.937740104663722,20.32456475514363,-0.1676363953845973,0.22014608802306856,-0.5252000190465757,-0.2112524678819751,-0.6792426439705139,0.19556270486845703,-0.0,0.9806911993408184
izraelevitz2017_fig14,theta15_psi60_smoke,174,0.71875,10,0,0,10,0.10160000000000001,0.02789113576837421,3.5786948069030036,0.5240180427046827,-0.0,0.8517071626562462,0.937740104663722,20.32456475514363,-0.13372403526985505,0.22014608802306856,-0.4189535673896138,-0.17019408476111186,-0.536801664190699,0.19556270486845703,-0.0,0.9806911993408184
izraelevitz2017_fig14,theta15_psi60_smoke,174,0.71875,11,0,0,11,0.1016,0.010208864231625786,3.5786948069030036,0.5240180427046827,-0.0,0.8517071626562462,0.937740104663722,20.32456475514363,-0.09706894637106403,0.2201460880230686,-0.30411422511175074,-0.12383665321916636,-0.3887756031218778,0.19556270486845703,-0.0,0.9806911993408184
izraelevitz2017_fig14,theta15_psi60_smoke,175,0.734375,0,0,0,0,0.1016,0.010208864231625786,3.593198754869035,0.5295651854042419,-0.0,0.8482692464116396,0.9409789848195871,19.783380595583385,-0.09902126335162773,0.22103830923160891,-0.31023077822078526,-0.13138774905570813,-0.38141369838483885,0.21120026771111555,-0.0,0.97744281005016
izraelevitz2017_fig14,theta15_psi60_smoke,175,0.734375,1,0,0,1,0.1016,0.02789113576837421,3.593198754869035,0.5295651854042419,-0.0,0.8482692464116396,0.9409789848195871,19.783380595583385,-0.1365513132512905,0.22103830923160891,-0.4278113482211164,-0.1807466339911405,-0.5272884685793695,0.21120026771111555,-0.0,0.97744281005016
izraelevitz2017_fig14,theta15_psi60_smoke,175,0.734375,2,0,0,2,0.1016,0.038099999999999995,3.593198754869035,0.5295651854042419,-0.0,0.8482692464116396,0.9409789848195871,19.783380595583385,-0.17162040259920283,0.22103830923160891,-0.5376817993914231,-0.22515506833277066,-0.668739293480246,0.21120026771111555,-0.0,0.97744281005016
izraelevitz2017_fig14,theta15_psi60_smoke,175,0.734375,3,0,0,3,0.1016,0.03810000000000001,3.593198754869035,0.5295651854042419,-0.0,0.8482692464116396,0.9409789848195871,19.783380595583385,-0.1896157180019714,0.22103830923160891,-0.5940606064553668,-0.24697769741925407,-0.7442184238806548,0.21120026771111555,-0.0,0.97744281005016
izraelevitz2017_fig14,theta15_psi60_smoke,175,0.734375,4,0,0,4,0.1016,0.027891135768374212,3.593198754869035,0.5295651854042419,-0.0,0.8482692464116396,0.9409789848195871,19.783380595583385,-0.19610482557221934,0.22103830923160891,-0.6143907943699337,-0.2546019376302072,-0.7721711730342126,0.21120026771111555,-0.0,0.97744281005016
izraelevitz2017_fig14,theta15_psi60_smoke,175,0.734375,5,0,0,5,0.10160000000000001,0.010208864231625769,3.593198754869035,0.5295651854042419,-0.0,0.8482692464116396,0.9409789848195871,19.783380595583385,-0.19726923150045705,0.22103830923160886,-0.6180388447487631,-0.2559550214362975,-0.7772320475630154,0.21120026771111555,-0.0,0.97744281005016
izraelevitz2017_fig14,theta15_psi60_smoke,175,0.734375,6,0,0,6,0.10160000000000001,0.010208864231625769,3.593198754869035,0.5295651854042419,-0.0,0.8482692464116396,0.9409789848195871,19.783380595583385,-0.19726923150045717,0.22103830923160886,-0.6180388447487635,-0.2559550214362975,-0.7772320475630163,0.21120026771111555,-0.0,0.97744281005016
izraelevitz2017_fig14,theta15_psi60_smoke,175,0.734375,7,0,0,7,0.1016,0.027891135768374212,3.593198754869035,0.5295651854042419,-0.0,0.8482692464116396,0.9409789848195871,19.783380595583385,-0.1961048255722194,0.22103830923160891,-0.6143907943699338,-0.2546019376302073,-0.7721711730342127,0.21120026771111555,-0.0,0.97744281005016
izraelevitz2017_fig14,theta15_psi60_smoke,175,0.734375,8,0,0,8,0.1016,0.03810000000000001,3.593198754869035,0.5295651854042419,-0.0,0.8482692464116396,0.9409789848195871,19.783380595583385,-0.1896157180019713,0.22103830923160891,-0.5940606064553665,-0.24697769741925396,-0.7442184238806544,0.21120026771111555,-0.0,0.97744281005016
izraelevitz2017_fig14,theta15_psi60_smoke,175,0.734375,9,0,0,9,0.1016,0.038099999999999995,3.593198754869035,0.5295651854042419,-0.0,0.8482692464116396,0.9409789848195871,19.783380595583385,-0.17162040259920264,0.22103830923160891,-0.5376817993914225,-0.22515506833277057,-0.6687392934802444,0.21120026771111555,-0.0,0.97744281005016
izraelevitz2017_fig14,theta15_psi60_smoke,175,0.734375,10,0,0,10,0.1016,0.02789113576837421,3.593198754869035,0.5295651854042419,-0.0,0.8482692464116396,0.9409789848195871,19.783380595583385,-0.13655131325129044,0.22103830923160891,-0.4278113482211162,-0.1807466339911405,-0.5272884685793691,0.21120026771111555,-0.0,0.97744281005016
izraelevitz2017_fig14,theta15_psi60_smoke,175,0.734375,11,0,0,11,0.1016,0.010208864231625786,3.593198754869035,0.5295651854042419,-0.0,0.8482692464116396,0.9409789848195871,19.783380595583385,-0.09902126335162766,0.22103830923160891,-0.31023077822078504,-0.13138774905570813,-0.3814136983848382,0.21120026771111555,-0.0,0.97744281005016
izraelevitz2017_fig14,theta15_psi60_smoke,176,0.7499999999999996,0,0,0,0,0.1016,0.010208864231625786,3.5980829351215236,0.531405193908411,-0.0,0.8471177721469217,0.9448914085556411,19.110066313993634,-0.09995244974065175,0.22133876323336138,-0.31314815847182986,-0.13747523274413476,-0.3704446979471704,0.22478747175526595,-0.0,0.9744078163386599
izraelevitz2017_fig14,theta15_psi60_smoke,176,0.7499999999999996,1,0,0,1,0.10160000000000001,0.02789113576837421,3.5980829351215236,0.531405193908411,-0.0,0.8471177721469217,0.9448914085556411,19.110066313993634,-0.1380817009281506,0.22133876323336135,-0.4326060089222819,-0.1893405348773396,-0.5134934176736861,0.22478747175526595,-0.0,0.9744078163386599
izraelevitz2017_fig14,theta15_psi60_smoke,176,0.7499999999999996,2,0,0,2,0.10160000000000001,0.038099999999999995,3.5980829351215236,0.531405193908411,-0.0,0.8471177721469217,0.9448914085556411,19.110066313993634,-0.17395977980390276,0.22133876323336135,-0.5450110010820627,-0.23659956944291105,-0.6527287943764235,0.22478747175526595,-0.0,0.9744078163386599
izraelevitz2017_fig14,theta15_psi60_smoke,176,0.7499999999999996,3,0,0,3,0.1016,0.03810000000000001,3.5980829351215236,0.531405193908411,-0.0,0.8471177721469217,0.9448914085556411,19.110066313993634,-0.19257291285949635,0.22133876323336138,-0.6033254131337336,-0.2601949505405193,-0.7277286812127759,0.22478747175526595,-0.0,0.9744078163386599
izraelevitz2017_fig14,theta15_psi60_smoke,176,0.7499999999999996,4,0,0,4,0.1016,0.027891135768374212,3.5980829351215236,0.531405193908411,-0.0,0.8471177721469217,0.9448914085556411,19.110066313993634,-0.19933788386427337,0.22133876323336138,-0.6245198732771117,-0.2685377562254258,-0.7556864145165019,0.22478747175526595,-0.0,0.9744078163386599
izraelevitz2017_fig14,theta15_psi60_smoke,176,0.7499999999999996,5,0,0,5,0.10160000000000001,0.010208864231625769,3.5980829351215236,0.531405193908411,-0.0,0.8471177721469217,0.9448914085556411,19.110066313993634,-0.20055483129140264,0.22133876323336135,-0.6283325346651152,-0.27002455865514,-0.7607576606973678,0.22478747175526595,-0.0,0.9744078163386599
izraelevitz2017_fig14,theta15_psi60_smoke,176,0.7499999999999996,6,0,0,6,0.10160000000000001,0.010208864231625769,3.5980829351215236,0.531405193908411,-0.0,0.8471177721469217,0.9448914085556411,19.110066313993634,-0.20055483129140278,0.22133876323336135,-0.6283325346651156,-0.2700245586551401,-0.7607576606973688,0.22478747175526595,-0.0,0.9744078163386599
izraelevitz2017_fig14,theta15_psi60_smoke,176,0.7499999999999996,7,0,0,7,0.1016,0.027891135768374212,3.5980829351215236,0.531405193908411,-0.0,0.8471177721469217,0.9448914085556411,19.110066313993634,-0.19933788386427329,0.22133876323336138,-0.6245198732771113,-0.26853775622542586,-0.7556864145165008,0.22478747175526595,-0.0,0.9744078163386599
izraelevitz2017_fig14,theta15_psi60_smoke,176,0.7499999999999996,8,0,0,8,0.1016,0.03810000000000001,3.5980829351215236,0.531405193908411,-0.0,0.8471177721469217,0.9448914085556411,19.110066313993634,-0.19257291285949635,0.22133876323336138,-0.6033254131337336,-0.2601949505405192,-0.7277286812127761,0.22478747175526595,-0.0,0.9744078163386599
izraelevitz2017_fig14,theta15_psi60_smoke,176,0.7499999999999996,9,0,0,9,0.10160000000000001,0.038099999999999995,3.5980829351215236,0.531405193908411,-0.0,0.8471177721469217,0.9448914085556411,19.110066313993634,-0.17395977980390262,0.22133876323336135,-0.5450110010820622,-0.2365995694429109,-0.6527287943764228,0.22478747175526595,-0.0,0.9744078163386599
izraelevitz2017_fig14,theta15_psi60_smoke,176,0.7499999999999996,10,0,0,10,0.10160000000000001,0.02789113576837421,3.5980829351215236,0.531405193908411,-0.0,0.8471177721469217,0.9448914085556411,19.110066313993634,-0.1380817009281506,0.22133876323336135,-0.4326060089222819,-0.1893405348773396,-0.5134934176736861,0.22478747175526595,-0.0,0.9744078163386599
izraelevitz2017_fig14,theta15_psi60_smoke,176,0.7499999999999996,11,0,0,11,0.1016,0.010208864231625786,3.5980829351215236,0.531405193908411,-0.0,0.8471177721469217,0.9448914085556411,19.110066313993634,-0.09995244974065179,0.22133876323336138,-0.31314815847183003,-0.13747523274413478,-0.3704446979471707,0.22478747175526595,-0.0,0.9744078163386599
izraelevitz2017_fig14,theta15_psi60_smoke,177,0.765625,0,0,0,0,0.1016,0.010208864231625786,3.593198754869036,0.5295651854042412,-0.0,0.8482692464116399,0.9493535333556042,18.31312349063995,-0.09987553283684476,0.22103830923160897,-0.31290718001812506,-0.1420568563438211,-0.3560973810138494,0.23620997476496425,-0.0,0.9717020365428566
izraelevitz2017_fig14,theta15_psi60_smoke,177,0.765625,1,0,0,1,0.1016,0.02789113576837421,3.593198754869036,0.5295651854042412,-0.0,0.8482692464116399,0.9493535333556042,18.31312349063995,-0.13833045890870688,0.22103830923160897,-0.4333853605411616,-0.19594370042461873,-0.4956323000790479,0.23620997476496425,-0.0,0.9717020365428566
izraelevitz2017_fig14,theta15_psi60_smoke,177,0.765625,2,0,0,2,0.1016,0.038099999999999995,3.593198754869036,0.5295651854042412,-0.0,0.8482692464116399,0.9493535333556042,18.31312349063995,-0.17467021613309217,0.22103830923160897,-0.5472367777266013,-0.24553639649919262,-0.6314827548189252,0.23620997476496425,-0.0,0.9717020365428566
izraelevitz2017_fig14,theta15_psi60_smoke,177,0.765625,3,0,0,3,0.1016,0.03810000000000001,3.593198754869036,0.5295651854042412,-0.0,0.8482692464116399,0.9493535333556042,18.31312349063995,-0.1937109976451326,0.22103830923160897,-0.6068910001276644,-0.27063619872808564,-0.705318904134904,0.23620997476496425,-0.0,0.9717020365428566
izraelevitz2017_fig14,theta15_psi60_smoke,177,0.765625,4,0,0,4,0.10159999999999998,0.027891135768374212,3.593198754869036,0.5295651854042412,-0.0,0.8482692464116399,0.9493535333556042,18.31312349063995,-0.2006806096626972,0.221038309231609,-0.6287265946951465,-0.2796006410548535,-0.7330145635733056,0.23620997476496425,-0.0,0.9717020365428566
izraelevitz2017_fig14,theta15_psi60_smoke,177,0.765625,5,0,0,5,0.10159999999999998,0.010208864231625769,3.593198754869036,0.5295651854042412,-0.0,0.8482692464116399,0.9493535333556042,18.31312349063995,-0.20193704711322805,0.221038309231609,-0.6326629771939214,-0.2812036570401485,-0.7380464718643579,0.23620997476496425,-0.0,0.9717020365428566
izraelevitz2017_fig14,theta15_psi60_smoke,177,0.765625,6,0,0,6,0.10159999999999998,0.010208864231625769,3.593198754869036,0.5295651854042412,-0.0,0.8482692464116399,0.9493535333556042,18.31312349063995,-0.20193704711322805,0.221038309231609,-0.6326629771939214,-0.28120365704014855,-0.7380464718643578,0.23620997476496425,-0.0,0.9717020365428566
izraelevitz2017_fig14,theta15_psi60_smoke,177,0.765625,7,0,0,7,0.10159999999999998,0.027891135768374212,3.593198754869036,0.5295651854042412,-0.0,0.8482692464116399,0.9493535333556042,18.31312349063995,-0.2006806096626973,0.221038309231609,-0.6287265946951468,-0.27960064105485355,-0.7330145635733063,0.23620997476496425,-0.0,0.9717020365428566
izraelevitz2017_fig14,theta15_psi60_smoke,177,0.765625,8,0,0,8,0.1016,0.03810000000000001,3.593198754869036,0.5295651854042412,-0.0,0.8482692464116399,0.9493535333556042,18.31312349063995,-0.19371099764513253,0.22103830923160897,-0.6068910001276642,-0.27063619872808553,-0.7053189041349038,0.23620997476496425,-0.0,0.9717020365428566
izraelevitz2017_fig14,theta15_psi60_smoke,177,0.765625,9,0,0,9,0.1016,0.038099999999999995,3.593198754869036,0.5295651854042412,-0.0,0.8482692464116399,0.9493535333556042,18.31312349063995,-0.17467021613309242,0.22103830923160897,-0.5472367777266021,-0.24553639649919262,-0.6314827548189272,0.23620997476496425,-0.0,0.9717020365428566
izraelevitz2017_fig14,theta15_psi60_smoke,177,0.765625,10,0,0,10,0.1016,0.02789113576837421,3.593198754869036,0.5295651854042412,-0.0,0.8482692464116399,0.9493535333556042,18.31312349063995,-0.1383304589087069,0.22103830923160897,-0.4333853605411617,-0.19594370042461876,-0.495632300079048,0.23620997476496425,-0.0,0.9717020365428566
izraelevitz2017_fig14,theta15_psi60_smoke,177,0.765625,11,0,0,11,0.1016,0.010208864231625786,3.593198754869036,0.5295651854042412,-0.0,0.8482692464116399,0.9493535333556042,18.31312349063995,-0.09987553283684493,0.22103830923160897,-0.31290718001812556,-0.1420568563438212,-0.3560973810138503,0.23620997476496425,-0.0,0.9717020365428566
izraelevitz2017_fig14,theta15_psi60_smoke,178,0.78125,0,0,0,0,0.1016,0.010208864231625786,3.578694806903004,0.5240180427046828,-0.0,0.8517071626562461,0.9542496708936082,17.39820992490171,-0.09881271739698287,0.22014608802306862,-0.3095774097258336,-0.1451197134667092,-0.3385843839144564,0.2453742522135436,-0.0,0.9694284276575782
izraelevitz2017_fig14,theta15_psi60_smoke,178,0.78125,1,0,0,1,0.10159999999999998,0.02789113576837421,3.578694806903004,0.5240180427046828,-0.0,0.8517071626562461,0.9542496708936082,17.39820992490171,-0.13732398148748645,0.22014608802306865,-0.4302320956455394,-0.20055592626934493,-0.4739124603058137,0.2453742522135436,-0.0,0.9694284276575782
izraelevitz2017_fig14,theta15_psi60_smoke,178,0.78125,2,0,0,2,0.1016,0.038099999999999995,3.578694806903004,0.5240180427046828,-0.0,0.8517071626562461,0.9542496708936082,17.39820992490171,-0.1737826561107147,0.22014608802306862,-0.5444560776310869,-0.25195751332819055,-0.6052676540931456,0.2453742522135436,-0.0,0.9694284276575782
izraelevitz2017_fig14,theta15_psi60_smoke,178,0.78125,3,0,0,3,0.1016,0.03810000000000001,3.578694806903004,0.5240180427046828,-0.0,0.8517071626562461,0.9542496708936082,17.39820992490171,-0.1930616143409175,0.22014608802306862,-0.6048565008594128,-0.27828430354644657,-0.6772883415091924,0.2453742522135436,-0.0,0.9694284276575782
izraelevitz2017_fig14,theta15_psi60_smoke,178,0.78125,4,0,0,4,0.1016,0.027891135768374212,3.578694806903004,0.5240180427046828,-0.0,0.8517071626562461,0.9542496708936082,17.39820992490171,-0.2001643574203098,0.22014608802306862,-0.6271091912254961,-0.28776882742715365,-0.7044664957822795,0.2453742522135436,-0.0,0.9694284276575782
izraelevitz2017_fig14,theta15_psi60_smoke,178,0.78125,5,0,0,5,0.10160000000000001,0.010208864231625769,3.578694806903004,0.5240180427046828,-0.0,0.8517071626562461,0.9542496708936082,17.39820992490171,-0.20144715924937248,0.2201460880230686,-0.6311281725660994,-0.2894696276330494,-0.7094115485161004,0.2453742522135436,-0.0,0.9694284276575782
izraelevitz2017_fig14,theta15_psi60_smoke,178,0.78125,6,0,0,6,0.10160000000000001,0.010208864231625769,3.578694806903004,0.5240180427046828,-0.0,0.8517071626562461,0.9542496708936082,17.39820992490171,-0.20144715924937248,0.2201460880230686,-0.6311281725660994,-0.2894696276330494,-0.7094115485161004,0.2453742522135436,-0.0,0.9694284276575782
izraelevitz2017_fig14,theta15_psi60_smoke,178,0.78125,7,0,0,7,0.1016,0.027891135768374212,3.578694806903004,0.5240180427046828,-0.0,0.8517071626562461,0.9542496708936082,17.39820992490171,-0.2001643574203099,0.22014608802306862,-0.6271091912254966,-0.2877688274271537,-0.7044664957822804,0.2453742522135436,-0.0,0.9694284276575782
izraelevitz2017_fig14,theta15_psi60_smoke,178,0.78125,8,0,0,8,0.1016,0.03810000000000001,3.578694806903004,0.5240180427046828,-0.0,0.8517071626562461,0.9542496708936082,17.39820992490171,-0.19306161434091765,0.22014608802306862,-0.6048565008594132,-0.2782843035464465,-0.6772883415091936,0.2453742522135436,-0.0,0.9694284276575782
izraelevitz2017_fig14,theta15_psi60_smoke,178,0.78125,9,0,0,9,0.1016,0.038099999999999995,3.578694806903004,0.5240180427046828,-0.0,0.8517071626562461,0.9542496708936082,17.39820992490171,-0.1737826561107149,0.22014608802306862,-0.5444560776310875,-0.2519575133281906,-0.605267654093147,0.2453742522135436,-0.0,0.9694284276575782
izraelevitz2017_fig14,theta15_psi60_smoke,178,0.78125,10,0,0,10,0.10159999999999998,0.02789113576837421,3.578694806903004,0.5240180427046828,-0.0,0.8517071626562461,0.9542496708936082,17.39820992490171,-0.13732398148748648,0.22014608802306865,-0.43023209564553944,-0.200555926269345,-0.4739124603058138,0.2453742522135436,-0.0,0.9694284276575782
izraelevitz2017_fig14,theta15_psi60_smoke,178,0.78125,11,0,0,11,0.1016,0.010208864231625786,3.578694806903004,0.5240180427046828,-0.0,0.8517071626562461,0.9542496708936082,17.39820992490171,-0.09881271739698261,0.22014608802306862,-0.30957740972583275,-0.1451197134667092,-0.3385843839144543,0.2453742522135436,-0.0,0.9694284276575782
izraelevitz2017_fig14,theta15_psi60_smoke,179,0.796875,0,0,0,0,0.10159999999999998,0.010208864231625786,3.5550156054220903,0.5146835806596666,-0.0,0.8573802025935428,0.9594707629139958,16.368152734133442,-0.09680426500460498,0.21868944423118172,-0.30328498598150916,-0.1466798483756309,-0.31817291982688023,0.25220708603465253,-0.0,0.967673284613102
izraelevitz2017_fig14,theta15_psi60_smoke,179,0.796875,1,0,0,1,0.10159999999999998,0.02789113576837421,3.5550156054220903,0.5146835806596666,-0.0,0.8573802025935428,0.9594707629139958,16.368152734133442,-0.13509803736892048,0.21868944423118172,-0.42325827656057663,-0.20320444513288755,-0.44853235600277896,0.25220708603465253,-0.0,0.967673284613102
izraelevitz2017_fig14,theta15_psi60_smoke,179,0.796875,2,0,0,2,0.1016,0.038099999999999995,3.5550156054220903,0.5146835806596666,-0.0,0.8573802025935428,0.9594707629139958,16.368152734133442,-0.17134050586615016,0.2186894442311817,-0.5368048909540096,-0.2558908538045373,-0.5743396659714122,0.25220708603465253,-0.0,0.967673284613102
izraelevitz2017_fig14,theta15_psi60_smoke,179,0.796875,3,0,0,3,0.1016,0.03810000000000001,3.5550156054220903,0.5146835806596666,-0.0,0.8573802025935428,0.9594707629139958,16.368152734133442,-0.19067125261328688,0.2186894442311817,-0.5973675661206314,-0.2831635026664073,-0.6439284073023566,0.25220708603465253,-0.0,0.967673284613102
izraelevitz2017_fig14,theta15_psi60_smoke,179,0.796875,4,0,0,4,0.1016,0.027891135768374212,3.5550156054220903,0.5146835806596666,-0.0,0.8573802025935428,0.9594707629139958,16.368152734133442,-0.1978363797967206,0.2186894442311817,-0.6198157040955445,-0.2930640953467234,-0.6703469741986912,0.25220708603465253,-0.0,0.967673284613102
izraelevitz2017_fig14,theta15_psi60_smoke,179,0.796875,5,0,0,5,0.10159999999999998,0.010208864231625769,3.5550156054220903,0.5146835806596666,-0.0,0.8573802025935428,0.9594707629139958,16.368152734133442,-0.19913255335769578,0.21868944423118172,-0.623876578688738,-0.29484373898594113,-0.6751602297640216,0.25220708603465253,-0.0,0.967673284613102
izraelevitz2017_fig14,theta15_psi60_smoke,179,0.796875,6,0,0,6,0.10159999999999998,0.010208864231625769,3.5550156054220903,0.5146835806596666,-0.0,0.8573802025935428,0.9594707629139958,16.368152734133442,-0.1991325533576958,0.21868944423118172,-0.6238765786887381,-0.29484373898594113,-0.6751602297640218,0.25220708603465253,-0.0,0.967673284613102
izraelevitz2017_fig14,theta15_psi60_smoke,179,0.796875,7,0,0,7,0.1016,0.027891135768374212,3.5550156054220903,0.5146835806596666,-0.0,0.8573802025935428,0.9594707629139958,16.368152734133442,-0.19783637979672053,0.2186894442311817,-0.6198157040955443,-0.2930640953467234,-0.6703469741986907,0.25220708603465253,-0.0,0.967673284613102
izraelevitz2017_fig14,theta15_psi60_smoke,179,0.796875,8,0,0,8,0.1016,0.03810000000000001,3.5550156054220903,0.5146835806596666,-0.0,0.8573802025935428,0.9594707629139958,16.368152734133442,-0.1906712526132868,0.2186894442311817,-0.5973675661206311,-0.2831635026664072,-0.6439284073023561,0.25220708603465253,-0.0,0.967673284613102
izraelevitz2017_fig14,theta15_psi60_smoke,179,0.796875,9,0,0,9,0.1016,0.038099999999999995,3.5550156054220903,0.5146835806596666,-0.0,0.8573802025935428,0.9594707629139958,16.368152734133442,-0.17134050586614993,0.2186894442311817,-0.536804890954009,-0.2558908538045373,-0.5743396659714104,0.25220708603465253,-0.0,0.967673284613102
izraelevitz2017_fig14,theta15_psi60_smoke,179,0.796875,10,0,0,10,0.10159999999999998,0.02789113576837421,3.5550156054220903,0.5146835806596666,-0.0,0.8573802025935428,0.9594707629139958,16.368152734133442,-0.13509803736892037,0.21868944423118172,-0.4232582765605763,-0.20320444513288755,-0.4485323560027781,0.25220708603465253,-0.0,0.967673284613102
izraelevitz2017_fig14,theta15_psi60_smoke,179,0.796875,11,0,0,11,0.10159999999999998,0.010208864231625786,3.5550156054220903,0.5146835806596666,-0.0,0.8573802025935428,0.9594707629139958,16.368152734133442,-0.09680426500460504,0.21868944423118172,-0.3032849859815093,-0.14667984837563092,-0.3181729198268806,0.25220708603465253,-0.0,0.967673284613102
izraelevitz2017_fig14,theta15_psi60_smoke,180,0.8125,0,0,0,0,0.10159999999999998,0.010208864231625786,3.5228975455068756,0.5014322901584026,-0.0,0.865196889954246,0.9649105624833506,15.223131961108843,-0.0938925864324017,0.2167136777501769,-0.2941627805196803,-0.1467751347508967,-0.29508154704651063,0.2566549846389002,-0.0,0.9665030878688418
izraelevitz2017_fig14,theta15_psi60_smoke,180,0.8125,1,0,0,1,0.1016,0.02789113576837421,3.5228975455068756,0.5014322901584026,-0.0,0.865196889954246,0.9649105624833506,15.223131961108843,-0.13169431931029027,0.21671367775017686,-0.41259452549911696,-0.2039383744977686,-0.4196711902544865,0.2566549846389002,-0.0,0.9665030878688418
izraelevitz2017_fig14,theta15_psi60_smoke,180,0.8125,2,0,0,2,0.1016,0.038099999999999995,3.5228975455068756,0.5014322901584026,-0.0,0.865196889954246,0.9649105624833506,15.223131961108843,-0.16739598396846558,0.21671367775017686,-0.5244468169746647,-0.2573935766975286,-0.5389363123440758,0.2566549846389002,-0.0,0.9665030878688418
izraelevitz2017_fig14,theta15_psi60_smoke,180,0.8125,3,0,0,3,0.1016,0.03810000000000001,3.5228975455068756,0.5014322901584026,-0.0,0.865196889954246,0.9649105624833506,15.223131961108843,-0.18659734676121018,0.21671367775017686,-0.5846041359228162,-0.28533209527488557,-0.6055140539823839,0.2566549846389002,-0.0,0.9665030878688418
izraelevitz2017_fig14,theta15_psi60_smoke,180,0.8125,4,0,0,4,0.10159999999999998,0.027891135768374212,3.5228975455068756,0.5014322901584026,-0.0,0.865196889954246,0.9649105624833506,15.223131961108843,-0.19375580408900367,0.2167136777501769,-0.6070313774312954,-0.29554427110681436,-0.6309456302577954,0.2566549846389002,-0.0,0.9665030878688418
izraelevitz2017_fig14,theta15_psi60_smoke,180,0.8125,5,0,0,5,0.10159999999999998,0.010208864231625769,3.5228975455068756,0.5014322901584026,-0.0,0.865196889954246,0.9649105624833506,15.223131961108843,-0.19505267264554776,0.2167136777501769,-0.6110944294256743,-0.29738368673453036,-0.6355850133605945,0.2566549846389002,-0.0,0.9665030878688418
izraelevitz2017_fig14,theta15_psi60_smoke,180,0.8125,6,0,0,6,0.10159999999999998,0.010208864231625769,3.5228975455068756,0.5014322901584026,-0.0,0.865196889954246,0.9649105624833506,15.223131961108843,-0.19505267264554776,0.2167136777501769,-0.6110944294256743,-0.29738368673453036,-0.6355850133605945,0.2566549846389002,-0.0,0.9665030878688418
izraelevitz2017_fig14,theta15_psi60_smoke,180,0.8125,7,0,0,7,0.10159999999999998,0.027891135768374212,3.5228975455068756,0.5014322901584026,-0.0,0.865196889954246,0.9649105624833506,15.223131961108843,-0.19375580408900375,0.2167136777501769,-0.6070313774312956,-0.2955442711068144,-0.6309456302577958,0.2566549846389002,-0.0,0.9665030878688418
izraelevitz2017_fig14,theta15_psi60_smoke,180,0.8125,8,0,0,8,0.1016,0.03810000000000001,3.5228975455068756,0.5014322901584026,-0.0,0.865196889954246,0.9649105624833506,15.223131961108843,-0.18659734676121015,0.21671367775017686,-0.5846041359228162,-0.28533209527488557,-0.6055140539823839,0.2566549846389002,-0.0,0.9665030878688418
izraelevitz2017_fig14,theta15_psi60_smoke,180,0.8125,9,0,0,9,0.1016,0.038099999999999995,3.5228975455068756,0.5014322901584026,-0.0,0.865196889954246,0.9649105624833506,15.223131961108843,-0.16739598396846567,0.21671367775017686,-0.5244468169746649,-0.25739357669752866,-0.5389363123440762,0.2566549846389002,-0.0,0.9665030878688418
izraelevitz2017_fig14,theta15_psi60_smoke,180,0.8125,10,0,0,10,0.1016,0.02789113576837421,3.5228975455068756,0.5014322901584026,-0.0,0.865196889954246,0.9649105624833506,15.223131961108843,-0.1316943193102903,0.21671367775017686,-0.41259452549911707,-0.2039383744977686,-0.41967119025448696,0.2566549846389002,-0.0,0.9665030878688418
izraelevitz2017_fig14,theta15_psi60_smoke,180,0.8125,11,0,0,11,0.10159999999999998,0.010208864231625786,3.5228975455068756,0.5014322901584026,-0.0,0.865196889954246,0.9649105624833506,15.223131961108843,-0.09389258643240181,0.2167136777501769,-0.29416278051968064,-0.14677513475089676,-0.29508154704651135,0.2566549846389002,-0.0,0.9665030878688418
izraelevitz2017_fig14,theta15_psi60_smoke,181,0.8281249999999996,0,0,0,0,0.1016,0.010208864231625786,3.4833613256118,0.4840923869899366,-0.0,0.8750168917560308,0.9704599351589416,13.961056363205525,-0.0901291188090367,0.21428157760899358,-0.2823719443892699,-0.14546179901896916,-0.2695444639162672,0.2586836480892318,-0.0,0.9659620956389783
izraelevitz2017_fig14,theta15_psi60_smoke,181,0.8281249999999996,1,0,0,1,0.10160000000000001,0.02789113576837421,3.4833613256118,0.4840923869899366,-0.0,0.8750168917560308,0.9704599351589416,13.961056363205525,-0.12715809674116202,0.21428157760899355,-0.39838267028569607,-0.20282292001904734,-0.38748791565709817,0.2586836480892318,-0.0,0.9659620956389783
izraelevitz2017_fig14,theta15_psi60_smoke,181,0.8281249999999996,2,0,0,2,0.10160000000000001,0.038099999999999995,3.4833613256118,0.4840923869899366,-0.0,0.8750168917560308,0.9704599351589416,13.961056363205525,-0.16200657975389696,0.21428157760899355,-0.5075619681347258,-0.2565446933561809,-0.4992708402682716,0.2586836480892318,-0.0,0.9659620956389783
izraelevitz2017_fig14,theta15_psi60_smoke,181,0.8281249999999996,3,0,0,3,0.1016,0.03810000000000001,3.4833613256118,0.4840923869899366,-0.0,0.8750168917560308,0.9704599351589416,13.961056363205525,-0.1809041506235816,0.21428157760899358,-0.5667675157004683,-0.2848742769287758,-0.5622959584648435,0.2586836480892318,-0.0,0.9659620956389783
izraelevitz2017_fig14,theta15_psi60_smoke,181,0.8281249999999996,4,0,0,4,0.1016,0.027891135768374212,3.4833613256118,0.4840923869899366,-0.0,0.8750168917560308,0.9704599351589416,13.961056363205525,-0.1879893034239523,0.21428157760899358,-0.5889650962268538,-0.2952947885178597,-0.5865283750135555,0.2586836480892318,-0.0,0.9659620956389783
izraelevitz2017_fig14,theta15_psi60_smoke,181,0.8281249999999996,5,0,0,5,0.10160000000000001,0.010208864231625769,3.4833613256118,0.4840923869899366,-0.0,0.8750168917560308,0.9704599351589416,13.961056363205525,-0.18927465126655516,0.21428157760899355,-0.5929920541548606,-0.29717510537127156,-0.5909548192733368,0.2586836480892318,-0.0,0.9659620956389783
izraelevitz2017_fig14,theta15_psi60_smoke,181,0.8281249999999996,6,0,0,6,0.10160000000000001,0.010208864231625769,3.4833613256118,0.4840923869899366,-0.0,0.8750168917560308,0.9704599351589416,13.961056363205525,-0.1892746512665552,0.21428157760899355,-0.5929920541548608,-0.29717510537127156,-0.5909548192733373,0.2586836480892318,-0.0,0.9659620956389783
izraelevitz2017_fig14,theta15_psi60_smoke,181,0.8281249999999996,7,0,0,7,0.1016,0.027891135768374212,3.4833613256118,0.4840923869899366,-0.0,0.8750168917560308,0.9704599351589416,13.961056363205525,-0.1879893034239522,0.21428157760899358,-0.5889650962268536,-0.29529478851785973,-0.5865283750135547,0.2586836480892318,-0.0,0.9659620956389783
izraelevitz2017_fig14,theta15_psi60_smoke,181,0.8281249999999996,8,0,0,8,0.1016,0.03810000000000001,3.4833613256118,0.4840923869899366,-0.0,0.8750168917560308,0.9704599351589416,13.961056363205525,-0.18090415062358153,0.21428157760899358,-0.5667675157004681,-0.28487427692877576,-0.562295958464843,0.2586836480892318,-0.0,0.9659620956389783
izraelevitz2017_fig14,theta15_psi60_smoke,181,0.8281249999999996,9,0,0,9,0.10160000000000001,0.038099999999999995,3.4833613256118,0.4840923869899366,-0.0,0.8750168917560308,0.9704599351589416,13.961056363205525,-0.16200657975389682,0.21428157760899355,-0.5075619681347253,-0.2565446933561809,-0.4992708402682705,0.2586836480892318,-0.0,0.9659620956389783
izraelevitz2017_fig14,theta15_psi60_smoke,181,0.8281249999999996,10,0,0,10,0.10160000000000001,0.02789113576837421,3.4833613256118,0.4840923869899366,-0.0,0.8750168917560308,0.9704599351589416,13.961056363205525,-0.12715809674116196,0.21428157760899355,-0.3983826702856959,-0.20282292001904734,-0.3874879156570977,0.2586836480892318,-0.0,0.9659620956389783
izraelevitz2017_fig14,theta15_psi60_smoke,181,0.8281249999999996,11,0,0,11,0.1016,0.010208864231625786,3.4833613256118,0.4840923869899366,-0.0,0.8750168917560308,0.9704599351589416,13.961056363205525,-0.09012911880903644,0.21428157760899358,-0.2823719443892691,-0.1454617990189691,-0.26954446391626546,0.2586836480892318,-0.0,0.9659620956389783
izraelevitz2017_fig14,theta15_psi60_smoke,182,0.84375,0,0,0,0,0.1016,0.010208864231625786,3.4376995176189893,0.4624613396151653,-0.0,0.8866394472170448,0.9759998284195966,12.578163798786964,-0.08556799183791299,0.21147265733384527,-0.2680820643986379,-0.1428088901341471,-0.24177849059415346,0.25827757157013914,-0.0,0.9660707510445763
izraelevitz2017_fig14,theta15_psi60_smoke,182,0.84375,1,0,0,1,0.1016,0.02789113576837421,3.4376995176189893,0.4624613396151653,-0.0,0.8866394472170448,0.9759998284195966,12.578163798786964,-0.12153529350058898,0.21147265733384527,-0.38076658899100463,-0.19993334232287274,-0.3521164455088933,0.25827757157013914,-0.0,0.9660707510445763
izraelevitz2017_fig14,theta15_psi60_smoke,182,0.84375,2,0,0,2,0.1016,0.038099999999999995,3.4376995176189893,0.4624613396151653,-0.0,0.8866394472170448,0.9759998284195966,12.578163798786964,-0.15523143193409047,0.21147265733384527,-0.48633562432172434,-0.2534374022666534,-0.45552685400435067,0.25827757157013914,-0.0,0.9660707510445763
izraelevitz2017_fig14,theta15_psi60_smoke,182,0.84375,3,0,0,3,0.1016,0.03810000000000001,3.4376995176189893,0.4624613396151653,-0.0,0.8866394472170448,0.9759998284195966,12.578163798786964,-0.1736586506023432,0.21147265733384527,-0.5440675719297494,-0.28189158293794847,-0.5144941810105281,0.25827757157013914,-0.0,0.9660707510445763
izraelevitz2017_fig14,theta15_psi60_smoke,182,0.84375,4,0,0,4,0.1016,0.027891135768374212,3.4376995176189893,0.4624613396151653,-0.0,0.8866394472170448,0.9759998284195966,12.578163798786964,-0.18060681945308651,0.21147265733384527,-0.5658359856705552,-0.29241980544969515,-0.5373305478273025,0.25827757157013914,-0.0,0.9660707510445763
izraelevitz2017_fig14,theta15_psi60_smoke,182,0.84375,5,0,0,5,0.10160000000000001,0.010208864231625769,3.4376995176189893,0.4624613396151653,-0.0,0.8866394472170448,0.9759998284195966,12.578163798786964,-0.1818690008704873,0.21147265733384524,-0.5697903638528005,-0.29432262457674363,-0.5415080359017703,0.25827757157013914,-0.0,0.9660707510445763
izraelevitz2017_fig14,theta15_psi60_smoke,182,0.84375,6,0,0,6,0.10160000000000001,0.010208864231625769,3.4376995176189893,0.4624613396151653,-0.0,0.8866394472170448,0.9759998284195966,12.578163798786964,-0.18186900087048735,0.21147265733384524,-0.5697903638528007,-0.29432262457674363,-0.5415080359017708,0.25827757157013914,-0.0,0.9660707510445763
izraelevitz2017_fig14,theta15_psi60_smoke,182,0.84375,7,0,0,7,0.1016,0.027891135768374212,3.4376995176189893,0.4624613396151653,-0.0,0.8866394472170448,0.9759998284195966,12.578163798786964,-0.1806068194530864,0.21147265733384527,-0.5658359856705548,-0.29241980544969515,-0.5373305478273016,0.25827757157013914,-0.0,0.9660707510445763
izraelevitz2017_fig14,theta15_psi60_smoke,182,0.84375,8,0,0,8,0.1016,0.03810000000000001,3.4376995176189893,0.4624613396151653,-0.0,0.8866394472170448,0.9759998284195966,12.578163798786964,-0.17365865060234312,0.21147265733384527,-0.5440675719297491,-0.2818915829379484,-0.5144941810105275,0.25827757157013914,-0.0,0.9660707510445763
izraelevitz2017_fig14,theta15_psi60_smoke,182,0.84375,9,0,0,9,0.1016,0.038099999999999995,3.4376995176189893,0.4624613396151653,-0.0,0.8866394472170448,0.9759998284195966,12.578163798786964,-0.15523143193409056,0.21147265733384527,-0.48633562432172456,-0.25343740226665346,-0.4555268540043511,0.25827757157013914,-0.0,0.9660707510445763
izraelevitz2017_fig14,theta15_psi60_smoke,182,0.84375,10,0,0,10,0.1016,0.02789113576837421,3.4376995176189893,0.4624613396151653,-0.0,0.8866394472170448,0.9759998284195966,12.578163798786964,-0.12153529350058914,0.21147265733384527,-0.3807665889910052,-0.19993334232287283,-0.35211644550889454,0.25827757157013914,-0.0,0.9660707510445763
izraelevitz2017_fig14,theta15_psi60_smoke,182,0.84375,11,0,0,11,0.1016,0.010208864231625786,3.4376995176189893,0.4624613396151653,-0.0,0.8866394472170448,0.9759998284195966,12.578163798786964,-0.08556799183791303,0.21147265733384527,-0.2680820643986381,-0.14280889013414708,-0.24177849059415402,0.25827757157013914,-0.0,0.9660707510445763
izraelevitz2017_fig14,theta15_psi60_smoke,183,0.859375,0,0,0,0,0.1016,0.010208864231625786,3.387457371949175,0.43632338769495693,-0.0,0.8997899206761524,0.9813937256719386,11.069883045807325,-0.08026309449850288,0.20838197416025925,-0.2514619731749733,-0.13889264543185262,-0.21197699664187553,0.2554398516270273,-0.0,0.9668249490992474
izraelevitz2017_fig14,theta15_psi60_smoke,183,0.859375,1,0,0,1,0.1016,0.02789113576837421,3.387457371949175,0.43632338769495693,-0.0,0.8997899206761524,0.9813937256719386,11.069883045807325,-0.11487018613364522,0.20838197416025925,-0.3598849987609396,-0.19534911261612423,-0.3136651590539763,0.2554398516270273,-0.0,0.9668249490992474
izraelevitz2017_fig14,theta15_psi60_smoke,183,0.859375,2,0,0,2,0.1016,0.038099999999999995,3.387457371949175,0.43632338769495693,-0.0,0.8997899206761524,0.9813937256719386,11.069883045807325,-0.14712824677435904,0.20838197416025925,-0.46094857760991037,-0.24817158195112946,-0.4078566981713875,0.2554398516270273,-0.0,0.9668249490992474
izraelevitz2017_fig14,theta15_psi60_smoke,183,0.859375,3,0,0,3,0.1016,0.03810000000000001,3.387457371949175,0.43632338769495693,-0.0,0.8997899206761524,0.9813937256719386,11.069883045807325,-0.16492697527167344,0.20838197416025925,-0.5167114835370397,-0.2764944267213212,-0.4622954286786356,0.2554398516270273,-0.0,0.9668249490992474
izraelevitz2017_fig14,theta15_psi60_smoke,183,0.859375,4,0,0,4,0.1016,0.027891135768374212,3.387457371949175,0.43632338769495693,-0.0,0.8997899206761524,0.9813937256719386,11.069883045807325,-0.17167776531279202,0.20838197416025925,-0.537861515127976,-0.2870333797041105,-0.4835536487076084,0.2554398516270273,-0.0,0.9668249490992474
izraelevitz2017_fig14,theta15_psi60_smoke,183,0.859375,5,0,0,5,0.10160000000000001,0.010208864231625769,3.387457371949175,0.43632338769495693,-0.0,0.8997899206761524,0.9813937256719386,11.069883045807325,-0.17290577434339077,0.20838197416025922,-0.5417088322024105,-0.28894097765131393,-0.48744914755208435,0.2554398516270273,-0.0,0.9668249490992474
izraelevitz2017_fig14,theta15_psi60_smoke,183,0.859375,6,0,0,6,0.10160000000000001,0.010208864231625769,3.387457371949175,0.43632338769495693,-0.0,0.8997899206761524,0.9813937256719386,11.069883045807325,-0.17290577434339074,0.20838197416025922,-0.5417088322024104,-0.28894097765131393,-0.4874491475520841,0.2554398516270273,-0.0,0.9668249490992474
izraelevitz2017_fig14,theta15_psi60_smoke,183,0.859375,7,0,0,7,0.1016,0.027891135768374212,3.387457371949175,0.43632338769495693,-0.0,0.8997899206761524,0.9813937256719386,11.069883045807325,-0.17167776531279194,0.20838197416025925,-0.5378615151279758,-0.2870333797041105,-0.48355364870760775,0.2554398516270273,-0.0,0.9668249490992474
izraelevitz2017_fig14,theta15_psi60_smoke,183,0.859375,8,0,0,8,0.1016,0.03810000000000001,3.387457371949175,0.43632338769495693,-0.0,0.8997899206761524,0.9813937256719386,11.069883045807325,-0.16492697527167352,0.20838197416025925,-0.51671148353704,-0.2764944267213212,-0.4622954286786365,0.2554398516270273,-0.0,0.9668249490992474
izraelevitz2017_fig14,theta15_psi60_smoke,183,0.859375,9,0,0,9,0.1016,0.038099999999999995,3.387457371949175,0.43632338769495693,-0.0,0.8997899206761524,0.9813937256719386,11.069883045807325,-0.14712824677435885,0.20838197416025925,-0.46094857760990976,-0.24817158195112943,-0.40785669817138603,0.2554398516270273,-0.0,0.9668249490992474
izraelevitz2017_fig14,theta15_psi60_smoke,183,0.859375,10,0,0,10,0.1016,0.02789113576837421,3.387457371949175,0.43632338769495693,-0.0,0.8997899206761524,0.9813937256719386,11.069883045807325,-0.11487018613364522,0.20838197416025925,-0.3598849987609396,-0.19534911261612428,-0.3136651590539762,0.2554398516270273,-0.0,0.9668249490992474
izraelevitz2017_fig14,theta15_psi60_smoke,183,0.859375,11,0,0,11,0.1016,0.010208864231625786,3.387457371949175,0.43632338769495693,-0.0,0.8997899206761524,0.9813937256719386,11.069883045807325,-0.08026309449850262,0.20838197416025925,-0.2514619731749725,-0.13889264543185248,-0.2119769966418738,0.2554398516270273,-0.0,0.9668249490992474
izraelevitz2017_fig14,theta15_psi60_smoke,184,0.875,0,0,0,0,0.1016,0.010208864231625786,3.3344043552044424,0.40547464478625234,-0.0,0.9141062916507371,0.9864808269322205,9.431986848495052,-0.07426785518717582,0.20511837814987954,-0.23267906035181285,-0.13379189627524998,-0.18032196205378226,0.25019222560376114,-0.0,0.9681961837600047
izraelevitz2017_fig14,theta15_psi60_smoke,184,0.875,1,0,0,1,0.1016,0.02789113576837421,3.3344043552044424,0.40547464478625234,-0.0,0.9141062916507371,0.9864808269322205,9.431986848495052,-0.10720405990447335,0.20511837814987954,-0.33586724514402744,-0.18914865932471142,-0.2722221348859343,0.25019222560376114,-0.0,0.9681961837600047
izraelevitz2017_fig14,theta15_psi60_smoke,184,0.875,2,0,0,2,0.1016,0.038099999999999995,3.3344043552044424,0.40547464478625234,-0.0,0.9141062916507371,0.9864808269322205,9.431986848495052,-0.13775119145695536,0.20511837814987954,-0.43157053222780534,-0.24084689658870942,-0.3563856408033851,0.25019222560376114,-0.0,0.9681961837600047
izraelevitz2017_fig14,theta15_psi60_smoke,184,0.875,3,0,0,3,0.1016,0.03810000000000001,3.3344043552044424,0.40547464478625234,-0.0,0.9141062916507371,0.9864808269322205,9.431986848495052,-0.15477177252316282,0.20511837814987954,-0.4848955245699951,-0.26879422686254895,-0.40585613083734096,0.25019222560376114,-0.0,0.9681961837600047
izraelevitz2017_fig14,theta15_psi60_smoke,184,0.875,4,0,0,4,0.1016,0.027891135768374212,3.3344043552044424,0.40547464478625234,-0.0,0.9141062916507371,0.9864808269322205,9.431986848495052,-0.16126819046642593,0.20511837814987954,-0.5052486156735622,-0.2792512155855422,-0.4253678924272788,0.25019222560376114,-0.0,0.9681961837600047
izraelevitz2017_fig14,theta15_psi60_smoke,184,0.875,5,0,0,5,0.10160000000000001,0.010208864231625769,3.3344043552044424,0.40547464478625234,-0.0,0.9141062916507371,0.9864808269322205,9.431986848495052,-0.16245169001245352,0.20511837814987952,-0.5089564858093358,-0.2811466768109088,-0.42895118409061306,0.25019222560376114,-0.0,0.9681961837600047
izraelevitz2017_fig14,theta15_psi60_smoke,184,0.875,6,0,0,6,0.10160000000000001,0.010208864231625769,3.3344043552044424,0.40547464478625234,-0.0,0.9141062916507371,0.9864808269322205,9.431986848495052,-0.16245169001245358,0.20511837814987952,-0.508956485809336,-0.2811466768109088,-0.4289511840906133,0.25019222560376114,-0.0,0.9681961837600047
izraelevitz2017_fig14,theta15_psi60_smoke,184,0.875,7,0,0,7,0.1016,0.027891135768374212,3.3344043552044424,0.40547464478625234,-0.0,0.9141062916507371,0.9864808269322205,9.431986848495052,-0.16126819046642601,0.20511837814987954,-0.5052486156735624,-0.2792512155855422,-0.42536789242727924,0.25019222560376114,-0.0,0.9681961837600047
izraelevitz2017_fig14,theta15_psi60_smoke,184,0.875,8,0,0,8,0.1016,0.03810000000000001,3.3344043552044424,0.40547464478625234,-0.0,0.9141062916507371,0.9864808269322205,9.431986848495052,-0.15477177252316282,0.20511837814987954,-0.4848955245699951,-0.26879422686254895,-0.40585613083734096,0.25019222560376114,-0.0,0.9681961837600047
izraelevitz2017_fig14,theta15_psi60_smoke,184,0.875,9,0,0,9,0.1016,0.038099999999999995,3.3344043552044424,0.40547464478625234,-0.0,0.9141062916507371,0.9864808269322205,9.431986848495052,-0.1377511914569553,0.20511837814987954,-0.4315705322278051,-0.2408468965887094,-0.35638564080338453,0.25019222560376114,-0.0,0.9681961837600047
izraelevitz2017_fig14,theta15_psi60_smoke,184,0.875,10,0,0,10,0.1016,0.02789113576837421,3.3344043552044424,0.40547464478625234,-0.0,0.9141062916507371,0.9864808269322205,9.431986848495052,-0.1072040599044734,0.20511837814987954,-0.33586724514402766,-0.18914865932471148,-0.2722221348859347,0.25019222560376114,-0.0,0.9681961837600047
izraelevitz2017_fig14,theta15_psi60_smoke,184,0.875,11,0,0,11,0.1016,0.010208864231625786,3.3344043552044424,0.40547464478625234,-0.0,0.9141062916507371,0.9864808269322205,9.431986848495052,-0.0742678551871759,0.20511837814987954,-0.23267906035181307,-0.1337918962752499,-0.18032196205378292,0.25019222560376114,-0.0,0.9681961837600047
izraelevitz2017_fig14,theta15_psi60_smoke,185,0.890625,0,0,0,0,0.10159999999999998,0.010208864231625786,3.280493463069228,0.3697569659041881,-0.0,0.9291285089616661,0.9910717502270391,7.662040624211447,-0.06763493872834045,0.20180200929313655,-0.21189832331363886,-0.12758431681463456,-0.14699285784019345,0.24257533813615645,-0.0,0.9701325710067308
izraelevitz2017_fig14,theta15_psi60_smoke,185,0.890625,1,0,0,1,0.10159999999999998,0.02789113576837421,3.280493463069228,0.3697569659041881,-0.0,0.9291285089616661,0.9910717502270391,7.662040624211447,-0.0985750599113727,0.20180200929313655,-0.3088328356392657,-0.18140505396615797,-0.22786692719969048,0.24257533813615645,-0.0,0.9701325710067308
izraelevitz2017_fig14,theta15_psi60_smoke,185,0.890625,2,0,0,2,0.1016,0.038099999999999995,3.280493463069228,0.3697569659041881,-0.0,0.9291285089616661,0.9910717502270391,7.662040624211447,-0.12715022171457227,0.20180200929313652,-0.3983579980532406,-0.23155697630543975,-0.3012240662167822,0.24257533813615645,-0.0,0.9701325710067308
izraelevitz2017_fig14,theta15_psi60_smoke,185,0.890625,3,0,0,3,0.1016,0.03810000000000001,3.280493463069228,0.3697569659041881,-0.0,0.9291285089616661,0.9910717502270391,7.662040624211447,-0.14325108629657332,0.20180200929313652,-0.44880154502723063,-0.2588966396040118,-0.3453139437560411,0.24257533813615645,-0.0,0.9701325710067308
izraelevitz2017_fig14,theta15_psi60_smoke,185,0.890625,4,0,0,4,0.1016,0.027891135768374212,3.280493463069228,0.3697569659041881,-0.0,0.9291285089616661,0.9910717502270391,7.662040624211447,-0.14943945784638094,0.20180200929313652,-0.46818953561465454,-0.26918351779709127,-0.36292328564536247,0.24257533813615645,-0.0,0.9701325710067308
izraelevitz2017_fig14,theta15_psi60_smoke,185,0.890625,5,0,0,5,0.10159999999999998,0.010208864231625769,3.280493463069228,0.3697569659041881,-0.0,0.9291285089616661,0.9910717502270391,7.662040624211447,-0.15056876904413177,0.20180200929313655,-0.47172763520936084,-0.27105079540490457,-0.3661667018086885,0.24257533813615645,-0.0,0.9701325710067308
izraelevitz2017_fig14,theta15_psi60_smoke,185,0.890625,6,0,0,6,0.10159999999999998,0.010208864231625769,3.280493463069228,0.3697569659041881,-0.0,0.9291285089616661,0.9910717502270391,7.662040624211447,-0.1505687690441318,0.20180200929313655,-0.4717276352093609,-0.27105079540490457,-0.3661667018086887,0.24257533813615645,-0.0,0.9701325710067308
izraelevitz2017_fig14,theta15_psi60_smoke,185,0.890625,7,0,0,7,0.1016,0.027891135768374212,3.280493463069228,0.3697569659041881,-0.0,0.9291285089616661,0.9910717502270391,7.662040624211447,-0.14943945784638102,0.20180200929313652,-0.4681895356146548,-0.2691835177970913,-0.362923285645363,0.24257533813615645,-0.0,0.9701325710067308
izraelevitz2017_fig14,theta15_psi60_smoke,185,0.890625,8,0,0,8,0.1016,0.03810000000000001,3.280493463069228,0.3697569659041881,-0.0,0.9291285089616661,0.9910717502270391,7.662040624211447,-0.1432510862965734,0.20180200929313652,-0.4488015450272309,-0.2588966396040119,-0.34531394375604163,0.24257533813615645,-0.0,0.9701325710067308
izraelevitz2017_fig14,theta15_psi60_smoke,185,0.890625,9,0,0,9,0.1016,0.038099999999999995,3.280493463069228,0.3697569659041881,-0.0,0.9291285089616661,0.9910717502270391,7.662040624211447,-0.12715022171457227,0.20180200929313652,-0.3983579980532406,-0.23155697630543975,-0.3012240662167822,0.24257533813615645,-0.0,0.9701325710067308
izraelevitz2017_fig14,theta15_psi60_smoke,185,0.890625,10,0,0,10,0.10159999999999998,0.02789113576837421,3.280493463069228,0.3697569659041881,-0.0,0.9291285089616661,0.9910717502270391,7.662040624211447,-0.0985750599113727,0.20180200929313655,-0.3088328356392657,-0.18140505396615803,-0.22786692719969026,0.24257533813615645,-0.0,0.9701325710067308
izraelevitz2017_fig14,theta15_psi60_smoke,185,0.890625,11,0,0,11,0.10159999999999998,0.010208864231625786,3.280493463069228,0.3697569659041881,-0.0,0.9291285089616661,0.9910717502270391,7.662040624211447,-0.06763493872834045,0.20180200929313655,-0.21189832331363886,-0.12758431681463447,-0.14699285784019367,0.24257533813615645,-0.0,0.9701325710067308
izraelevitz2017_fig14,theta15_psi60_smoke,186,0.9062499999999996,0,0,0,0,0.1016,0.010208864231625786,3.227805265900484,0.3291005492962955,-0.0,0.9442948842670263,0.9949490891633828,5.761100472581098,-0.06041614786281853,0.19856085543187027,-0.18928205856177988,-0.12034348277844777,-0.11217469806910635,0.23264919249691868,-0.0,0.9725607195597259
izraelevitz2017_fig14,theta15_psi60_smoke,186,0.9062499999999996,1,0,0,1,0.10160000000000001,0.02789113576837421,3.227805265900484,0.3291005492962955,-0.0,0.9442948842670263,0.9949490891633828,5.761100472581098,-0.08901965619952293,0.19856085543187024,-0.27889602985226686,-0.1721830248645562,-0.18069100003699856,0.23264919249691868,-0.0,0.9725607195597259
izraelevitz2017_fig14,theta15_psi60_smoke,186,0.9062499999999996,2,0,0,2,0.10160000000000001,0.038099999999999995,3.227805265900484,0.3291005492962955,-0.0,0.9442948842670263,0.9949490891633828,5.761100472581098,-0.1153723740015705,0.19856085543187024,-0.3614583389487562,-0.2203851795225567,-0.2424903088042203,0.23264919249691868,-0.0,0.9725607195597259
izraelevitz2017_fig14,theta15_psi60_smoke,186,0.9062499999999996,3,0,0,3,0.1016,0.03810000000000001,3.227805265900484,0.3291005492962955,-0.0,0.9442948842670263,0.9949490891633828,5.761100472581098,-0.13041931336283677,0.19856085543187027,-0.4085999684320148,-0.24689646141322008,-0.2808105368403768,0.23264919249691868,-0.0,0.9725607195597259
izraelevitz2017_fig14,theta15_psi60_smoke,186,0.9062499999999996,4,0,0,4,0.1016,0.027891135768374212,3.227805265900484,0.3291005492962955,-0.0,0.9442948842670263,0.9949490891633828,5.761100472581098,-0.13624903020753024,0.19856085543187027,-0.4268643041142796,-0.2569295377958472,-0.2963721468981573,0.23264919249691868,-0.0,0.9725607195597259
izraelevitz2017_fig14,theta15_psi60_smoke,186,0.9062499999999996,5,0,0,5,0.10160000000000001,0.010208864231625769,3.227805265900484,0.3291005492962955,-0.0,0.9442948842670263,0.9949490891633828,5.761100472581098,-0.13731508496064457,0.19856085543187024,-0.4302042230820897,-0.25875344548236506,-0.29925022125812895,0.23264919249691868,-0.0,0.9725607195597259
izraelevitz2017_fig14,theta15_psi60_smoke,186,0.9062499999999996,6,0,0,6,0.10160000000000001,0.010208864231625769,3.227805265900484,0.3291005492962955,-0.0,0.9442948842670263,0.9949490891633828,5.761100472581098,-0.13731508496064462,0.19856085543187024,-0.4302042230820899,-0.2587534454823651,-0.2992502212581293,0.23264919249691868,-0.0,0.9725607195597259
izraelevitz2017_fig14,theta15_psi60_smoke,186,0.9062499999999996,7,0,0,7,0.1016,0.027891135768374212,3.227805265900484,0.3291005492962955,-0.0,0.9442948842670263,0.9949490891633828,5.761100472581098,-0.13624903020753015,0.19856085543187027,-0.42686430411427934,-0.25692953779584726,-0.2963721468981565,0.23264919249691868,-0.0,0.9725607195597259
izraelevitz2017_fig14,theta15_psi60_smoke,186,0.9062499999999996,8,0,0,8,0.1016,0.03810000000000001,3.227805265900484,0.3291005492962955,-0.0,0.9442948842670263,0.9949490891633828,5.761100472581098,-0.13041931336283683,0.19856085543187027,-0.40859996843201496,-0.24689646141322014,-0.28081053684037705,0.23264919249691868,-0.0,0.9725607195597259
izraelevitz2017_fig14,theta15_psi60_smoke,186,0.9062499999999996,9,0,0,9,0.10160000000000001,0.038099999999999995,3.227805265900484,0.3291005492962955,-0.0,0.9442948842670263,0.9949490891633828,5.761100472581098,-0.11537237400157048,0.19856085543187024,-0.3614583389487561,-0.2203851795225567,-0.24249030880422007,0.23264919249691868,-0.0,0.9725607195597259
izraelevitz2017_fig14,theta15_psi60_smoke,186,0.9062499999999996,10,0,0,10,0.10160000000000001,0.02789113576837421,3.227805265900484,0.3291005492962955,-0.0,0.9442948842670263,0.9949490891633828,5.761100472581098,-0.08901965619952304,0.19856085543187024,-0.27889602985226725,-0.17218302486455628,-0.18069100003699934,0.23264919249691868,-0.0,0.9725607195597259
izraelevitz2017_fig14,theta15_psi60_smoke,186,0.9062499999999996,11,0,0,11,0.1016,0.010208864231625786,3.227805265900484,0.3291005492962955,-0.0,0.9442948842670263,0.9949490891633828,5.761100472581098,-0.06041614786281854,0.19856085543187027,-0.1892820585617799,-0.1203434827784477,-0.11217469806910668,0.23264919249691868,-0.0,0.9725607195597259
izraelevitz2017_fig14,theta15_psi60_smoke,187,0.921875,0,0,0,0,0.1016,0.010208864231625786,3.1784742697156965,0.2835729728366174,-0.0,0.9589506603973966,0.9978754038530363,3.7355344563788537,-0.052663002680671915,0.1955262223004242,-0.16499167706083998,-0.11213691034670087,-0.07606846161199732,0.22049371203075746,-0.0,0.9753883959505042
izraelevitz2017_fig14,theta15_psi60_smoke,187,0.921875,1,0,0,1,0.10159999999999998,0.02789113576837421,3.1784742697156965,0.2835729728366174,-0.0,0.9589506603973966,0.9978754038530363,3.7355344563788537,-0.07857604149242735,0.19552622230042424,-0.24617648449042684,-0.16153771529267974,-0.13082806534802788,0.22049371203075746,-0.0,0.9753883959505042
izraelevitz2017_fig14,theta15_psi60_smoke,187,0.921875,2,0,0,2,0.1016,0.038099999999999995,3.1784742697156965,0.2835729728366174,-0.0,0.9589506603973966,0.9978754038530363,3.7355344563788537,-0.10246546198424213,0.1955262223004242,-0.3210213537595831,-0.2074024839673828,-0.1803459324968092,0.22049371203075746,-0.0,0.9753883959505042
izraelevitz2017_fig14,theta15_psi60_smoke,187,0.921875,3,0,0,3,0.1016,0.03810000000000001,3.1784742697156965,0.2835729728366174,-0.0,0.9589506603973966,0.9978754038530363,3.7355344563788537,-0.11633075022717518,0.1955262223004242,-0.3644609041780228,-0.23287481488976988,-0.21252781577574742,0.22049371203075746,-0.0,0.9753883959505042
izraelevitz2017_fig14,theta15_psi60_smoke,187,0.921875,4,0,0,4,0.1016,0.027891135768374212,3.1784742697156965,0.2835729728366174,-0.0,0.9589506603973966,0.9978754038530363,3.7355344563788537,-0.12175390139834694,0.1955262223004242,-0.3814514812651603,-0.24257444998333844,-0.22590535321288552,0.22049371203075746,-0.0,0.9753883959505042
izraelevitz2017_fig14,theta15_psi60_smoke,187,0.921875,5,0,0,5,0.10160000000000001,0.010208864231625769,3.1784742697156965,0.2835729728366174,-0.0,0.9589506603973966,0.9978754038530363,3.7355344563788537,-0.12274816519359497,0.19552622230042419,-0.3845664812208892,-0.24434059200964475,-0.22839442702328883,0.22049371203075746,-0.0,0.9753883959505042
izraelevitz2017_fig14,theta15_psi60_smoke,187,0.921875,6,0,0,6,0.10160000000000001,0.010208864231625769,3.1784742697156965,0.2835729728366174,-0.0,0.9589506603973966,0.9978754038530363,3.7355344563788537,-0.12274816519359504,0.19552622230042419,-0.38456648122088943,-0.24434059200964478,-0.22839442702328916,0.22049371203075746,-0.0,0.9753883959505042
izraelevitz2017_fig14,theta15_psi60_smoke,187,0.921875,7,0,0,7,0.1016,0.027891135768374212,3.1784742697156965,0.2835729728366174,-0.0,0.9589506603973966,0.9978754038530363,3.7355344563788537,-0.12175390139834695,0.1955262223004242,-0.3814514812651604,-0.24257444998333852,-0.2259053532128854,0.22049371203075746,-0.0,0.9753883959505042
izraelevitz2017_fig14,theta15_psi60_smoke,187,0.921875,8,0,0,8,0.1016,0.03810000000000001,3.1784742697156965,0.2835729728366174,-0.0,0.9589506603973966,0.9978754038530363,3.7355344563788537,-0.1163307502271753,0.1955262223004242,-0.3644609041780232,-0.23287481488976997,-0.21252781577574797,0.22049371203075746,-0.0,0.9753883959505042
izraelevitz2017_fig14,theta15_psi60_smoke,187,0.921875,9,0,0,9,0.1016,0.038099999999999995,3.1784742697156965,0.2835729728366174,-0.0,0.9589506603973966,0.9978754038530363,3.7355344563788537,-0.10246546198424199,0.1955262223004242,-0.3210213537595827,-0.20740248396738276,-0.18034593249680841,0.22049371203075746,-0.0,0.9753883959505042
izraelevitz2017_fig14,theta15_psi60_smoke,187,0.921875,10,0,0,10,0.10159999999999998,0.02789113576837421,3.1784742697156965,0.2835729728366174,-0.0,0.9589506603973966,0.9978754038530363,3.7355344563788537,-0.07857604149242735,0.19552622230042424,-0.24617648449042684,-0.1615377152926798,-0.1308280653480277,0.22049371203075746,-0.0,0.9753883959505042
izraelevitz2017_fig14,theta15_psi60_smoke,187,0.921875,11,0,0,11,0.1016,0.010208864231625786,3.1784742697156965,0.2835729728366174,-0.0,0.9589506603973966,0.9978754038530363,3.7355344563788537,-0.05266300268067184,0.1955262223004242,-0.16499167706083973,-0.1121369103467008,-0.07606846161199693,0.22049371203075746,-0.0,0.9753883959505042
izraelevitz2017_fig14,theta15_psi60_smoke,188,0.9375,0,0,0,0,0.1016,0.010208864231625786,3.1345968946380274,0.23342906256979876,-0.0,0.9723738338457,0.9996107291377185,1.598739363023929,-0.04442741480356241,0.19282707275086286,-0.13918981643269693,-0.10302505303366115,-0.038899381980758874,0.20620931063729314,-0.0,0.9785079050301497
izraelevitz2017_fig14,theta15_psi60_smoke,188,0.9375,1,0,0,1,0.10159999999999998,0.02789113576837421,3.1345968946380274,0.23342906256979876,-0.0,0.9723738338457,0.9996107291377185,1.598739363023929,-0.06728946810466162,0.1928270727508629,-0.21081597375750646,-0.14951557127697843,-0.07849322056283092,0.20620931063729314,-0.0,0.9785079050301497
izraelevitz2017_fig14,theta15_psi60_smoke,188,0.9375,2,0,0,2,0.1016,0.038099999999999995,3.1345968946380274,0.23342906256979876,-0.0,0.9723738338457,0.9996107291377185,1.598739363023929,-0.08848431064786982,0.19282707275086286,-0.2772188075922699,-0.1926680403762175,-0.11504289785202237,0.20620931063729314,-0.0,0.9785079050301497
izraelevitz2017_fig14,theta15_psi60_smoke,188,0.9375,3,0,0,3,0.10159999999999998,0.03810000000000001,3.1345968946380274,0.23342906256979876,-0.0,0.9723738338457,0.9996107291377185,1.598739363023929,-0.10104594682727266,0.1928270727508629,-0.3165740534834895,-0.21689923196309935,-0.14073743781942571,0.20620931063729314,-0.0,0.9785079050301497
izraelevitz2017_fig14,theta15_psi60_smoke,188,0.9375,4,0,0,4,0.10159999999999998,0.027891135768374212,3.1345968946380274,0.23342906256979876,-0.0,0.9723738338457,0.9996107291377185,1.598739363023929,-0.10601692123437326,0.1928270727508629,-0.33214797373690214,-0.22618920083242977,-0.15180233184496605,0.20620931063729314,-0.0,0.9785079050301497
izraelevitz2017_fig14,theta15_psi60_smoke,188,0.9375,5,0,0,5,0.10159999999999998,0.010208864231625769,3.1345968946380274,0.23342906256979876,-0.0,0.9723738338457,0.9996107291377185,1.598739363023929,-0.10693130059913465,0.1928270727508629,-0.33501269806294554,-0.22788385222980667,-0.15388018846794382,0.20620931063729314,-0.0,0.9785079050301497
izraelevitz2017_fig14,theta15_psi60_smoke,188,0.9375,6,0,0,6,0.10159999999999998,0.010208864231625769,3.1345968946380274,0.23342906256979876,-0.0,0.9723738338457,0.9996107291377185,1.598739363023929,-0.10693130059913467,0.1928270727508629,-0.3350126980629456,-0.2278838522298067,-0.15388018846794382,0.20620931063729314,-0.0,0.9785079050301497
izraelevitz2017_fig14,theta15_psi60_smoke,188,0.9375,7,0,0,7,0.10159999999999998,0.027891135768374212,3.1345968946380274,0.23342906256979876,-0.0,0.9723738338457,0.9996107291377185,1.598739363023929,-0.10601692123437322,0.1928270727508629,-0.332147973736902,-0.2261892008324298,-0.1518023318449656,0.20620931063729314,-0.0,0.9785079050301497
izraelevitz2017_fig14,theta15_psi60_smoke,188,0.9375,8,0,0,8,0.10159999999999998,0.03810000000000001,3.1345968946380274,0.23342906256979876,-0.0,0.9723738338457,0.9996107291377185,1.598739363023929,-0.1010459468272728,0.1928270727508629,-0.31657405348348994,-0.21689923196309943,-0.1407374378194266,0.20620931063729314,-0.0,0.9785079050301497
izraelevitz2017_fig14,theta15_psi60_smoke,188,0.9375,9,0,0,9,0.1016,0.038099999999999995,3.1345968946380274,0.23342906256979876,-0.0,0.9723738338457,0.9996107291377185,1.598739363023929,-0.08848431064786998,0.19282707275086286,-0.27721880759227036,-0.19266804037621751,-0.11504289785202337,0.20620931063729314,-0.0,0.9785079050301497
izraelevitz2017_fig14,theta15_psi60_smoke,188,0.9375,10,0,0,10,0.10159999999999998,0.02789113576837421,3.1345968946380274,0.23342906256979876,-0.0,0.9723738338457,0.9996107291377185,1.598739363023929,-0.06728946810466166,0.1928270727508629,-0.2108159737575066,-0.14951557127697845,-0.07849322056283115,0.20620931063729314,-0.0,0.9785079050301497
izraelevitz2017_fig14,theta15_psi60_smoke,188,0.9375,11,0,0,11,0.1016,0.010208864231625786,3.1345968946380274,0.23342906256979876,-0.0,0.9723738338457,0.9996107291377185,1.598739363023929,-0.044427414803562444,0.19282707275086286,-0.13918981643269704,-0.10302505303366111,-0.03889938198075926,0.20620931063729314,-0.0,0.9785079050301497
izraelevitz2017_fig14,theta15_psi60_smoke,189,0.953125,0,0,0,0,0.1016,0.010208864231625786,3.0981234406037,0.17915228791874913,-0.0,0.9838213545829738,0.9999400139066882,0.6275742136811744,-0.03576058269212691,0.19058338094264884,-0.11203687998619047,-0.09306068686492618,-0.0009101393706976713,0.18991735360403025,-0.0,0.981800080871886
izraelevitz2017_fig14,theta15_psi60_smoke,189,0.953125,1,0,0,1,0.1016,0.02789113576837421,3.0981234406037,0.17915228791874913,-0.0,0.9838213545829738,0.9999400139066882,0.6275742136811744,-0.05521894777201118,0.19058338094264884,-0.1729993797293067,-0.1361575929794119,-0.024025670385031006,0.18991735360403025,-0.0,0.981800080871886
izraelevitz2017_fig14,theta15_psi60_smoke,189,0.953125,2,0,0,2,0.10160000000000001,0.038099999999999995,3.0981234406037,0.17915228791874913,-0.0,0.9838213545829738,0.9999400139066882,0.6275742136811744,-0.07349903476440992,0.19058338094264882,-0.23027036801651368,-0.1762327832711888,-0.04697757022771776,0.18991735360403025,-0.0,0.981800080871886
izraelevitz2017_fig14,theta15_psi60_smoke,189,0.953125,3,0,0,3,0.1016,0.03810000000000001,3.0981234406037,0.17915228791874913,-0.0,0.9838213545829738,0.9999400139066882,0.6275742136811744,-0.08464045824167178,0.19058338094264884,-0.2651761282426224,-0.1990271221864547,-0.06585895404719178,0.18991735360403025,-0.0,0.981800080871886
izraelevitz2017_fig14,theta15_psi60_smoke,189,0.953125,4,0,0,4,0.1016,0.027891135768374212,3.0981234406037,0.17915228791874913,-0.0,0.9838213545829738,0.9999400139066882,0.6275742136811744,-0.08911564276035441,0.19058338094264884,-0.27919675299452523,-0.20783385411166921,-0.07449032015130541,0.18991735360403025,-0.0,0.981800080871886
izraelevitz2017_fig14,theta15_psi60_smoke,189,0.953125,5,0,0,5,0.10160000000000001,0.010208864231625769,3.0981234406037,0.17915228791874913,-0.0,0.9838213545829738,0.9999400139066882,0.6275742136811744,-0.08994240153491406,0.19058338094264882,-0.2817869645243631,-0.20944381063899675,-0.07613597939391747,0.18991735360403025,-0.0,0.981800080871886
izraelevitz2017_fig14,theta15_psi60_smoke,189,0.953125,6,0,0,6,0.10160000000000001,0.010208864231625769,3.0981234406037,0.17915228791874913,-0.0,0.9838213545829738,0.9999400139066882,0.6275742136811744,-0.08994240153491409,0.19058338094264882,-0.2817869645243632,-0.2094438106389968,-0.07613597939391759,0.18991735360403025,-0.0,0.981800080871886
izraelevitz2017_fig14,theta15_psi60_smoke,189,0.953125,7,0,0,7,0.1016,0.027891135768374212,3.0981234406037,0.17915228791874913,-0.0,0.9838213545829738,0.9999400139066882,0.6275742136811744,-0.08911564276035432,0.19058338094264884,-0.27919675299452495,-0.20783385411166921,-0.07449032015130475,0.18991735360403025,-0.0,0.981800080871886
izraelevitz2017_fig14,theta15_psi60_smoke,189,0.953125,8,0,0,8,0.1016,0.03810000000000001,3.0981234406037,0.17915228791874913,-0.0,0.9838213545829738,0.9999400139066882,0.6275742136811744,-0.08464045824167174,0.19058338094264884,-0.26517612824262227,-0.19902712218645477,-0.06585895404719133,0.18991735360403025,-0.0,0.981800080871886
izraelevitz2017_fig14,theta15_psi60_smoke,189,0.953125,9,0,0,9,0.10160000000000001,0.038099999999999995,3.0981234406037,0.17915228791874913,-0.0,0.9838213545829738,0.9999400139066882,0.6275742136811744,-0.07349903476440989,0.19058338094264882,-0.2302703680165136,-0.17623278327118883,-0.046977570227717536,0.18991735360403025,-0.0,0.981800080871886
izraelevitz2017_fig14,theta15_psi60_smoke,189,0.953125,10,0,0,10,0.1016,0.02789113576837421,3.0981234406037,0.17915228791874913,-0.0,0.9838213545829738,0.9999400139066882,0.6275742136811744,-0.05521894777201118,0.19058338094264884,-0.1729993797293067,-0.13615759297941193,-0.02402567038503095,0.18991735360403025,-0.0,0.981800080871886
izraelevitz2017_fig14,theta15_psi60_smoke,189,0.953125,11,0,0,11,0.1016,0.010208864231625786,3.0981234406037,0.17915228791874913,-0.0,0.9838213545829738,0.9999400139066882,0.6275742136811744,-0.0357605826921269,0.19058338094264884,-0.11203687998619043,-0.09306068686492615,-0.0009101393706976157,0.18991735360403025,-0.0,0.981800080871886
izraelevitz2017_fig14,theta15_psi60_smoke,190,0.96875,0,0,0,0,0.1016,0.010208864231625786,3.07074067401632,0.12147573861533083,-0.0,0.9925944010157722,0.9987079339667675,2.9129079279917334,-0.026714736783037256,0.18889890957285427,-0.08369650418148145,-0.08228984295572928,0.03762826841348421,0.17176038280676081,-0.0,0.9851387571799595
izraelevitz2017_fig14,theta15_psi60_smoke,190,0.96875,1,0,0,1,0.1016,0.02789113576837421,3.07074067401632,0.12147573861533083,-0.0,0.9925944010157722,0.9987079339667675,2.9129079279917334,-0.0424444115496866,0.18889890957285427,-0.13297712410943616,-0.12150501376298421,0.03207223101536222,0.17176038280676081,-0.0,0.9851387571799595
izraelevitz2017_fig14,theta15_psi60_smoke,190,0.96875,2,0,0,2,0.1016,0.038099999999999995,3.07074067401632,0.12147573861533083,-0.0,0.9925944010157722,0.9987079339667675,2.9129079279917334,-0.05760411991347002,0.18889890957285427,-0.1804720556434456,-0.15814620656910877,0.023258480598712328,0.17176038280676081,-0.0,0.9851387571799595
izraelevitz2017_fig14,theta15_psi60_smoke,190,0.96875,3,0,0,3,0.1016,0.03810000000000001,3.07074067401632,0.12147573861533083,-0.0,0.9925944010157722,0.9987079339667675,2.9129079279917334,-0.0672146965488674,0.18889890957285427,-0.21058171661759853,-0.17931279555251708,0.01148409511355486,0.17176038280676081,-0.0,0.9851387571799595
izraelevitz2017_fig14,theta15_psi60_smoke,190,0.96875,4,0,0,4,0.1016,0.027891135768374212,3.07074067401632,0.12147573861533083,-0.0,0.9925944010157722,0.9987079339667675,2.9129079279917334,-0.0711523992108608,0.18889890957285427,-0.22291842612709392,-0.18756463199576534,0.005397830669561232,0.17176038280676081,-0.0,0.9851387571799595
izraelevitz2017_fig14,theta15_psi60_smoke,190,0.96875,5,0,0,5,0.10160000000000001,0.010208864231625769,3.07074067401632,0.12147573861533083,-0.0,0.9925944010157722,0.9987079339667675,2.9129079279917334,-0.07188411180846221,0.18889890957285424,-0.22521086071037882,-0.18907705629397395,0.004204017105974733,0.17176038280676081,-0.0,0.9851387571799595
izraelevitz2017_fig14,theta15_psi60_smoke,190,0.96875,6,0,0,6,0.10160000000000001,0.010208864231625769,3.07074067401632,0.12147573861533083,-0.0,0.9925944010157722,0.9987079339667675,2.9129079279917334,-0.07188411180846217,0.18889890957285424,-0.22521086071037869,-0.18907705629397398,0.004204017105975177,0.17176038280676081,-0.0,0.9851387571799595
izraelevitz2017_fig14,theta15_psi60_smoke,190,0.96875,7,0,0,7,0.1016,0.027891135768374212,3.07074067401632,0.12147573861533083,-0.0,0.9925944010157722,0.9987079339667675,2.9129079279917334,-0.07115239921086083,0.18889890957285427,-0.222918426127094,-0.18756463199576534,0.00539783066956101,0.17176038280676081,-0.0,0.9851387571799595
izraelevitz2017_fig14,theta15_psi60_smoke,190,0.96875,8,0,0,8,0.1016,0.03810000000000001,3.07074067401632,0.12147573861533083,-0.0,0.9925944010157722,0.9987079339667675,2.9129079279917334,-0.06721469654886754,0.18889890957285427,-0.21058171661759897,-0.17931279555251717,0.011484095113554083,0.17176038280676081,-0.0,0.9851387571799595
izraelevitz2017_fig14,theta15_psi60_smoke,190,0.96875,9,0,0,9,0.1016,0.038099999999999995,3.07074067401632,0.12147573861533083,-0.0,0.9925944010157722,0.9987079339667675,2.9129079279917334,-0.05760411991347,0.18889890957285427,-0.18047205564344554,-0.15814620656910877,0.02325848059871244,0.17176038280676081,-0.0,0.9851387571799595
izraelevitz2017_fig14,theta15_psi60_smoke,190,0.96875,10,0,0,10,0.1016,0.02789113576837421,3.07074067401632,0.12147573861533083,-0.0,0.9925944010157722,0.9987079339667675,2.9129079279917334,-0.04244441154968662,0.18889890957285427,-0.1329771241094362,-0.12150501376298424,0.03207223101536222,0.17176038280676081,-0.0,0.9851387571799595
izraelevitz2017_fig14,theta15_psi60_smoke,190,0.96875,11,0,0,11,0.1016,0.010208864231625786,3.07074067401632,0.12147573861533083,-0.0,0.9925944010157722,0.9987079339667675,2.9129079279917334,-0.026714736783037166,0.18889890957285427,-0.08369650418148117,-0.08228984295572922,0.03762826841348474,0.17176038280676081,-0.0,0.9851387571799595
izraelevitz2017_fig14,theta15_psi60_smoke,191,0.9843749999999996,0,0,0,0,0.10159999999999998,0.010208864231625786,3.0537562961081797,0.06137120021591154,-0.0,0.9981150113008311,0.9958548547152049,5.218643627754394,-0.017349114311052835,0.18785410286098544,-0.054354277576189006,-0.07075558288548331,0.07638105471597742,0.15190198435331279,-0.0,0.9883955620851026
izraelevitz2017_fig14,theta15_psi60_smoke,191,0.9843749999999996,1,0,0,1,0.1016,0.02789113576837421,3.0537562961081797,0.06137120021591154,-0.0,0.9981150113008311,0.9958548547152049,5.218643627754394,-0.02907275558291071,0.18785410286098542,-0.09108410945517198,-0.10560710894316841,0.0891110531915753,0.15190198435331279,-0.0,0.9883955620851026
izraelevitz2017_fig14,theta15_psi60_smoke,191,0.9843749999999996,2,0,0,2,0.10159999999999998,0.038099999999999995,3.0537562961081797,0.06137120021591154,-0.0,0.9981150113008311,0.9958548547152049,5.218643627754394,-0.040926251767239366,0.18785410286098544,-0.1282207730507788,-0.13846592376164557,0.09484583865798968,0.15190198435331279,-0.0,0.9883955620851026
izraelevitz2017_fig14,theta15_psi60_smoke,191,0.9843749999999996,3,0,0,3,0.10159999999999998,0.03810000000000001,3.0537562961081797,0.06137120021591154,-0.0,0.9981150113008311,0.9958548547152049,5.218643627754394,-0.04890267096451654,0.18785410286098544,-0.15321066563778177,-0.15781766835423247,0.09042634096824298,0.15190198435331279,-0.0,0.9883955620851026
izraelevitz2017_fig14,theta15_psi60_smoke,191,0.9843749999999996,4,0,0,4,0.1016,0.027891135768374212,3.0537562961081797,0.06137120021591154,-0.0,0.9981150113008311,0.9958548547152049,5.218643627754394,-0.052263362822605096,0.18785410286098542,-0.16373961684690538,-0.1654442951047705,0.086983843197048,0.15190198435331279,-0.0,0.9883955620851026
izraelevitz2017_fig14,theta15_psi60_smoke,191,0.9843749999999996,5,0,0,5,0.10159999999999998,0.010208864231625769,3.0537562961081797,0.06137120021591154,-0.0,0.9981150113008311,0.9958548547152049,5.218643627754394,-0.05289292647938519,0.18785410286098544,-0.1657120217281566,-0.16684658908272573,0.08625971292778567,0.15190198435331279,-0.0,0.9883955620851026
izraelevitz2017_fig14,theta15_psi60_smoke,191,0.9843749999999996,6,0,0,6,0.10159999999999998,0.010208864231625769,3.0537562961081797,0.06137120021591154,-0.0,0.9981150113008311,0.9958548547152049,5.218643627754394,-0.05289292647938523,0.18785410286098544,-0.16571202172815674,-0.1668465890827258,0.08625971292778556,0.15190198435331279,-0.0,0.9883955620851026
izraelevitz2017_fig14,theta15_psi60_smoke,191,0.9843749999999996,7,0,0,7,0.1016,0.027891135768374212,3.0537562961081797,0.06137120021591154,-0.0,0.9981150113008311,0.9958548547152049,5.218643627754394,-0.05226336282260514,0.18785410286098542,-0.1637396168469055,-0.1654442951047705,0.08698384319704772,0.15190198435331279,-0.0,0.9883955620851026
izraelevitz2017_fig14,theta15_psi60_smoke,191,0.9843749999999996,8,0,0,8,0.10159999999999998,0.03810000000000001,3.0537562961081797,0.06137120021591154,-0.0,0.9981150113008311,0.9958548547152049,5.218643627754394,-0.048902670964516504,0.18785410286098544,-0.15321066563778166,-0.15781766835423253,0.09042634096824348,0.15190198435331279,-0.0,0.9883955620851026
izraelevitz2017_fig14,theta15_psi60_smoke,191,0.9843749999999996,9,0,0,9,0.10159999999999998,0.038099999999999995,3.0537562961081797,0.06137120021591154,-0.0,0.9981150113008311,0.9958548547152049,5.218643627754394,-0.04092625176723925,0.18785410286098544,-0.12822077305077845,-0.13846592376164554,0.09484583865799046,0.15190198435331279,-0.0,0.9883955620851026
izraelevitz2017_fig14,theta15_psi60_smoke,191,0.9843749999999996,10,0,0,10,0.1016,0.02789113576837421,3.0537562961081797,0.06137120021591154,-0.0,0.9981150113008311,0.9958548547152049,5.218643627754394,-0.02907275558291068,0.18785410286098542,-0.09108410945517188,-0.10560710894316841,0.08911105319157556,0.15190198435331279,-0.0,0.9883955620851026
izraelevitz2017_fig14,theta15_psi60_smoke,191,0.9843749999999996,11,0,0,11,0.10159999999999998,0.010208864231625786,3.0537562961081797,0.06137120021591154,-0.0,0.9981150113008311,0.9958548547152049,5.218643627754394,-0.017349114311052818,0.18785410286098544,-0.05435427757618895,-0.07075558288548327,0.07638105471597742,0.15190198435331279,-0.0,0.9883955620851026
baik2012,W2_smoke,32,0.0,0,0,0,0,0.076,0.022836140246613977,0.07281028411126207,0.5327831212594724,-0.0,0.8462518216825382,0.9121652362514663,24.193692701908226,-0.0026781267416461146,0.21316168703626068,-0.011216766030515012,-0.002298567596151026,-0.02114621228783445,0.1391731009600655,-0.0,0.9902680687415704
baik2012,W2_smoke,32,0.0,1,0,0,1,0.076,0.06503182539742178,0.07281028411126207,0.5327831212594724,-0.0,0.8462518216825382,0.9121652362514663,24.193692701908226,-0.0030507859236046475,0.21316168703626068,-0.012777570001496133,-0.0019385369575334842,-0.02612831413113988,0.1391731009600655,-0.0,0.9902680687415704
baik2012,W2_smoke,32,0.0,2,0,0,2,0.076,0.09732700464643732,0.07281028411126207,0.5327831212594724,-0.0,0.8462518216825382,0.9121652362514663,24.193692701908226,-0.0030628555041563804,0.21316168703626068,-0.012828120880597557,-0.0012249121423157398,-0.028395565774546674,0.1391731009600655,-0.0,0.9902680687415704
baik2012,W2_smoke,32,0.0,3,0,0,3,0.076,0.11480502970952691,0.07281028411126207,0.5327831212594724,-0.0,0.8462518216825382,0.9121652362514663,24.193692701908226,-0.0029875812559483662,0.21316168703626068,-0.012512850651917776,-0.0008812581022729812,-0.028638352322975496,0.1391731009600655,-0.0,0.9902680687415704
baik2012,W2_smoke,32,0.0,4,0,0,4,0.076,0.11480502970952694,0.07281028411126207,0.5327831212594724,-0.0,0.8462518216825382,0.9121652362514663,24.193692701908226,-0.0029875812559483567,0.21316168703626068,-0.012512850651917734,-0.0008812581022729731,-0.028638352322975416,0.1391731009600655,-0.0,0.9902680687415704
baik2012,W2_smoke,32,0.0,5,0,0,5,0.076,0.09732700464643729,0.07281028411126207,0.5327831212594724,-0.0,0.8462518216825382,0.9121652362514663,24.193692701908226,-0.003062855504156379,0.21316168703626068,-0.012828120880597552,-0.0012249121423157444,-0.028395565774546647,0.1391731009600655,-0.0,0.9902680687415704
baik2012,W2_smoke,32,0.0,6,0,0,6,0.076,0.0650318253974218,0.07281028411126207,0.5327831212594724,-0.0,0.8462518216825382,0.9121652362514663,24.193692701908226,-0.0030507859236046505,0.21316168703626068,-0.012777570001496145,-0.0019385369575334926,-0.02612831413113989,0.1391731009600655,-0.0,0.9902680687415704
baik2012,W2_smoke,32,0.0,7,0,0,7,0.076,0.022836140246613956,0.07281028411126207,0.5327831212594724,-0.0,0.8462518216825382,0.9121652362514663,24.193692701908226,-0.0026781267416461155,0.21316168703626068,-0.011216766030515015,-0.0022985675961510275,-0.021146212287834455,0.1391731009600655,-0.0,0.9902680687415704
baik2012,W2_smoke,33,0.03125,0,0,0,0,0.076,0.022836140246613977,0.07148672021748696,0.3830468226216732,-0.0,0.9237289275969658,0.9329032736863074,21.107997933044686,-0.0030027716875523467,0.20928677958409014,-0.012576472553956533,-0.0032169399906378194,-0.021790361412977875,0.02468587418057696,-0.0,0.9996952573739364
baik2012,W2_smoke,33,0.03125,1,0,0,1,0.07599999999999998,0.06503182539742178,0.07148672021748696,0.3830468226216732,-0.0,0.9237289275969658,0.9329032736863074,21.107997933044686,-0.003527940227413997,0.20928677958409017,-0.014776029634886398,-0.0031929393731923096,-0.027361255967639067,0.02468587418057696,-0.0,0.9996952573739364
baik2012,W2_smoke,33,0.03125,2,0,0,2,0.07599999999999998,0.09732700464643732,0.07148672021748696,0.3830468226216732,-0.0,0.9237289275969658,0.9329032736863074,21.107997933044686,-0.0036409841479452198,0.20928677958409017,-0.015249490128018807,-0.0026980745412025966,-0.030029501696439226,0.02468587418057696,-0.0,0.9996952573739364
baik2012,W2_smoke,33,0.03125,3,0,0,3,0.076,0.11480502970952691,0.07148672021748696,0.3830468226216732,-0.0,0.9237289275969658,0.9329032736863074,21.107997933044686,-0.003594213910857528,0.20928677958409014,-0.01505360290638496,-0.002410980003537294,-0.030401067255350522,0.02468587418057696,-0.0,0.9996952573739364
baik2012,W2_smoke,33,0.03125,4,0,0,4,0.07599999999999997,0.11480502970952694,0.07148672021748696,0.3830468226216732,-0.0,0.9237289275969658,0.9329032736863074,21.107997933044686,-0.0035942139108575194,0.2092867795840902,-0.015053602906384928,-0.002410980003537284,-0.030401067255350467,0.02468587418057696,-0.0,0.9996952573739364
baik2012,W2_smoke,33,0.03125,5,0,0,5,0.076,0.09732700464643729,0.07148672021748696,0.3830468226216732,-0.0,0.9237289275969658,0.9329032736863074,21.107997933044686,-0.003640984147945225,0.20928677958409014,-0.015249490128018824,-0.0026980745412026022,-0.030029501696439254,0.02468587418057696,-0.0,0.9996952573739364
baik2012,W2_smoke,33,0.03125,6,0,0,6,0.076,0.0650318253974218,0.07148672021748696,0.3830468226216732,-0.0,0.9237289275969658,0.9329032736863074,21.107997933044686,-0.003527940227413999,0.20928677958409014,-0.014776029634886403,-0.003192939373192317,-0.027361255967639057,0.02468587418057696,-0.0,0.9996952573739364
baik2012,W2_smoke,33,0.03125,7,0,0,7,0.076,0.022836140246613956,0.07148672021748696,0.3830468226216732,-0.0,0.9237289275969658,0.9329032736863074,21.107997933044686,-0.0030027716875523436,0.20928677958409014,-0.012576472553956521,-0.0032169399906378186,-0.021790361412977848,0.02468587418057696,-0.0,0.9996952573739364
baik2012,W2_smoke,34,0.0625,0,0,0,0,0.076,0.022836140246613977,0.07138171849917112,0.19474674224013616,-0.0,0.9808535601132586,0.9605475932284151,16.14777363720006,-0.003174260505863305,0.20897937323770494,-0.013294717109724349,-0.004005564988788904,-0.021220097807944163,-0.08572722210746436,0.0,0.9963186455094262
baik2012,W2_smoke,34,0.0625,1,0,0,1,0.07599999999999998,0.06503182539742178,0.07138171849917112,0.19474674224013616,-0.0,0.9808535601132586,0.9605475932284151,16.14777363720006,-0.0038711418392766575,0.208979373237705,-0.01621345681922978,-0.004322579035878713,-0.02756590494043831,-0.08572722210746436,0.0,0.9963186455094262
baik2012,W2_smoke,34,0.0625,2,0,0,2,0.076,0.09732700464643732,0.07138171849917112,0.19474674224013616,-0.0,0.9808535601132586,0.9605475932284151,16.14777363720006,-0.004074666550889385,0.20897937323770494,-0.017065876921717092,-0.004039461739790983,-0.030546307084919785,-0.08572722210746436,0.0,0.9963186455094262
baik2012,W2_smoke,34,0.0625,3,0,0,3,0.076,0.11480502970952691,0.07138171849917112,0.19474674224013616,-0.0,0.9808535601132586,0.9605475932284151,16.14777363720006,-0.004054500033957612,0.20897937323770494,-0.01698141374133188,-0.0038086591787118043,-0.03102755681719429,-0.08572722210746436,0.0,0.9963186455094262
baik2012,W2_smoke,34,0.0625,4,0,0,4,0.076,0.11480502970952694,0.07138171849917112,0.19474674224013616,-0.0,0.9808535601132586,0.9605475932284151,16.14777363720006,-0.0040545000339576,0.20897937323770494,-0.01698141374133183,-0.003808659178711791,-0.031027556817194202,-0.08572722210746436,0.0,0.9963186455094262
baik2012,W2_smoke,34,0.0625,5,0,0,5,0.076,0.09732700464643729,0.07138171849917112,0.19474674224013616,-0.0,0.9808535601132586,0.9605475932284151,16.14777363720006,-0.004074666550889386,0.20897937323770494,-0.0170658769217171,-0.004039461739790988,-0.03054630708491978,-0.08572722210746436,0.0,0.9963186455094262
baik2012,W2_smoke,34,0.0625,6,0,0,6,0.076,0.0650318253974218,0.07138171849917112,0.19474674224013616,-0.0,0.9808535601132586,0.9605475932284151,16.14777363720006,-0.0038711418392766636,0.20897937323770494,-0.016213456819229803,-0.004322579035878721,-0.027565904940438347,-0.08572722210746436,0.0,0.9963186455094262
baik2012,W2_smoke,34,0.0625,7,0,0,7,0.07599999999999998,0.022836140246613956,0.07138171849917112,0.19474674224013616,-0.0,0.9808535601132586,0.9605475932284151,16.14777363720006,-0.003174260505863308,0.208979373237705,-0.013294717109724364,-0.0040055649887889054,-0.02122009780794419,-0.08572722210746436,0.0,0.9963186455094262
baik2012,W2_smoke,35,0.09375,0,0,0,0,0.076,0.022836140246613977,0.07296187101175805,-0.019630032029919857,0.0,0.9998073123569883,0.9859114638597792,9.629012902974985,-0.003077576155253547,0.21360547763310744,-0.012889775206588218,-0.004577176753088229,-0.018492907757205856,-0.18658924793691825,0.0,0.9824380146117796
baik2012,W2_smoke,35,0.09375,1,0,0,1,0.076,0.06503182539742178,0.07296187101175805,-0.019630032029919857,0.0,0.9998073123569883,0.9859114638597792,9.629012902974985,-0.003935819553706701,0.21360547763310744,-0.01648434571289892,-0.005241065965729786,-0.025487666385057943,-0.18658924793691825,0.0,0.9824380146117796
baik2012,W2_smoke,35,0.09375,2,0,0,2,0.076,0.09732700464643732,0.07296187101175805,-0.019630032029919857,0.0,0.9998073123569883,0.9859114638597792,9.629012902974985,-0.004210076672841999,0.21360547763310744,-0.017633013507333803,-0.005158877069391733,-0.02860590256015931,-0.18658924793691825,0.0,0.9824380146117796
baik2012,W2_smoke,35,0.09375,3,0,0,3,0.076,0.11480502970952691,0.07296187101175805,-0.019630032029919857,0.0,0.9998073123569883,0.9859114638597792,9.629012902974985,-0.004212564363036963,0.21360547763310744,-0.017643432670265635,-0.004983379746083913,-0.02915844243741235,-0.18658924793691825,0.0,0.9824380146117796
baik2012,W2_smoke,35,0.09375,4,0,0,4,0.076,0.11480502970952694,0.07296187101175805,-0.019630032029919857,0.0,0.9998073123569883,0.9859114638597792,9.629012902974985,-0.004212564363036946,0.21360547763310744,-0.017643432670265566,-0.004983379746083896,-0.029158442437412228,-0.18658924793691825,0.0,0.9824380146117796
baik2012,W2_smoke,35,0.09375,5,0,0,5,0.076,0.09732700464643729,0.07296187101175805,-0.019630032029919857,0.0,0.9998073123569883,0.9859114638597792,9.629012902974985,-0.004210076672842003,0.21360547763310744,-0.017633013507333817,-0.005158877069391738,-0.028605902560159328,-0.18658924793691825,0.0,0.9824380146117796
baik2012,W2_smoke,35,0.09375,6,0,0,6,0.076,0.0650318253974218,0.07296187101175805,-0.019630032029919857,0.0,0.9998073123569883,0.9859114638597792,9.629012902974985,-0.003935819553706699,0.21360547763310744,-0.01648434571289891,-0.00524106596572979,-0.025487666385057912,-0.18658924793691825,0.0,0.9824380146117796
baik2012,W2_smoke,35,0.09375,7,0,0,7,0.076,0.022836140246613956,0.07296187101175805,-0.019630032029919857,0.0,0.9998073123569883,0.9859114638597792,9.629012902974985,-0.003077576155253544,0.21360547763310744,-0.012889775206588206,-0.004577176753088228,-0.01849290775720583,-0.18658924793691825,0.0,0.9824380146117796
baik2012,W2_smoke,36,0.125,0,0,0,0,0.076,0.022836140246613977,0.07658885559888626,-0.235404737791829,0.0,0.9718974274197665,0.9992265798656607,2.2535819842620257,-0.0026488811160655405,0.22422395224673938,-0.011094276928542297,-0.004814262363405411,-0.01329290523113951,-0.2734398985651735,0.0,0.9618890902139746
baik2012,W2_smoke,36,0.125,1,0,0,1,0.076,0.06503182539742178,0.07658885559888626,-0.235404737791829,0.0,0.9718974274197665,0.9992265798656607,2.2535819842620257,-0.0035998040986525877,0.22422395224673938,-0.015077016222711162,-0.005802624702517274,-0.020284666449226083,-0.2734398985651735,0.0,0.9618890902139746
baik2012,W2_smoke,36,0.125,2,0,0,2,0.07599999999999998,0.09732700464643732,0.07658885559888626,-0.235404737791829,0.0,0.9718974274197665,0.9992265798656607,2.2535819842620257,-0.003913508486307158,0.22422395224673944,-0.016390900537575404,-0.005901099985978414,-0.023273951386003265,-0.2734398985651735,0.0,0.9618890902139746
baik2012,W2_smoke,36,0.125,3,0,0,3,0.076,0.11480502970952691,0.07658885559888626,-0.235404737791829,0.0,0.9718974274197665,0.9992265798656607,2.2535819842620257,-0.003932163402174439,0.22422395224673938,-0.01646903269739754,-0.0057780479239807996,-0.02383843797155145,-0.2734398985651735,0.0,0.9618890902139746
baik2012,W2_smoke,36,0.125,4,0,0,4,0.076,0.11480502970952694,0.07658885559888626,-0.235404737791829,0.0,0.9718974274197665,0.9992265798656607,2.2535819842620257,-0.003932163402174441,0.22422395224673938,-0.016469032697397547,-0.005778047923980787,-0.02383843797155151,-0.2734398985651735,0.0,0.9618890902139746
baik2012,W2_smoke,36,0.125,5,0,0,5,0.076,0.09732700464643729,0.07658885559888626,-0.235404737791829,0.0,0.9718974274197665,0.9992265798656607,2.2535819842620257,-0.003913508486307162,0.22422395224673938,-0.016390900537575415,-0.0059010999859784195,-0.02327395138600328,-0.2734398985651735,0.0,0.9618890902139746
baik2012,W2_smoke,36,0.125,6,0,0,6,0.07599999999999998,0.0650318253974218,0.07658885559888626,-0.235404737791829,0.0,0.9718974274197665,0.9992265798656607,2.2535819842620257,-0.003599804098652593,0.22422395224673944,-0.015077016222711188,-0.00580262470251728,-0.02028466644922613,-0.2734398985651735,0.0,0.9618890902139746
baik2012,W2_smoke,36,0.125,7,0,0,7,0.07599999999999998,0.022836140246613956,0.07658885559888626,-0.235404737791829,0.0,0.9718974274197665,0.9992265798656607,2.2535819842620257,-0.0026488811160655414,0.22422395224673944,-0.011094276928542304,-0.004814262363405412,-0.013292905231139525,-0.2734398985651735,0.0,0.9618890902139746
baik2012,W2_smoke,37,0.15625,0,0,0,0,0.076,0.022836140246613977,0.08213853433154888,-0.42494053833459405,0.0,0.9052212651500767,0.9960722666608627,5.079849897358703,-0.001941989697042785,0.2404713669574951,-0.00813361209783925,-0.004620209139859759,-0.006473402825018848,-0.343119575286872,0.0,0.9392917316015066
baik2012,W2_smoke,37,0.15625,1,0,0,1,0.076,0.06503182539742178,0.08213853433154888,-0.42494053833459405,0.0,0.9052212651500767,0.9960722666608627,5.079849897358703,-0.002865687766556323,0.2404713669574951,-0.012002325615931902,-0.005854168797619965,-0.01244330764696986,-0.343119575286872,0.0,0.9392917316015066
baik2012,W2_smoke,37,0.15625,2,0,0,2,0.076,0.09732700464643732,0.08213853433154888,-0.42494053833459405,0.0,0.9052212651500767,0.9960722666608627,5.079849897358703,-0.0031813241012326097,0.2404713669574951,-0.01332430148127766,-0.0060986825728956235,-0.015014705984507284,-0.343119575286872,0.0,0.9392917316015066
baik2012,W2_smoke,37,0.15625,3,0,0,3,0.076,0.11480502970952691,0.08213853433154888,-0.42494053833459405,0.0,0.9052212651500767,0.9960722666608627,5.079849897358703,-0.0032081714472643164,0.2404713669574951,-0.013436745897852521,-0.006022173364805853,-0.01552534465021374,-0.343119575286872,0.0,0.9392917316015066
baik2012,W2_smoke,37,0.15625,4,0,0,4,0.076,0.11480502970952694,0.08213853433154888,-0.42494053833459405,0.0,0.9052212651500767,0.9960722666608627,5.079849897358703,-0.0032081714472643047,0.2404713669574951,-0.013436745897852471,-0.006022173364805837,-0.015525344650213664,-0.343119575286872,0.0,0.9392917316015066
baik2012,W2_smoke,37,0.15625,5,0,0,5,0.076,0.09732700464643729,0.08213853433154888,-0.42494053833459405,0.0,0.9052212651500767,0.9960722666608627,5.079849897358703,-0.0031813241012326075,0.2404713669574951,-0.013324301481277652,-0.006098682572895626,-0.01501470598450725,-0.343119575286872,0.0,0.9392917316015066
baik2012,W2_smoke,37,0.15625,6,0,0,6,0.07599999999999998,0.0650318253974218,0.08213853433154888,-0.42494053833459405,0.0,0.9052212651500767,0.9960722666608627,5.079849897358703,-0.0028656877665563267,0.24047136695749516,-0.01200232561593192,-0.005854168797619971,-0.012443307646969885,-0.343119575286872,0.0,0.9392917316015066
baik2012,W2_smoke,37,0.15625,7,0,0,7,0.076,0.022836140246613956,0.08213853433154888,-0.42494053833459405,0.0,0.9052212651500767,0.9960722666608627,5.079849897358703,-0.001941989697042784,0.2404713669574951,-0.008133612097839247,-0.00462020913985976,-0.006473402825018838,-0.343119575286872,0.0,0.9392917316015066
baik2012,W2_smoke,38,0.1875,0,0,0,0,0.076,0.022836140246613977,0.08874166827334454,-0.5712601335324936,0.0,0.8207690660815852,0.9793933735043064,11.651710678147358,-0.0010894479580850127,0.2598029104055153,-0.004562921783436889,-0.003971686830424809,0.000507756032682204,-0.39372428716517416,0.0,0.9192285818534341
baik2012,W2_smoke,38,0.1875,1,0,0,1,0.07600000000000001,0.06503182539742178,0.08874166827334454,-0.5712601335324936,0.0,0.8207690660815852,0.9793933735043064,11.651710678147358,-0.0018555698688937118,0.25980291040551523,-0.007771660970705641,-0.005308359171023657,-0.0035040749136931344,-0.39372428716517416,0.0,0.9192285818534341
baik2012,W2_smoke,38,0.1875,2,0,0,2,0.07600000000000001,0.09732700464643732,0.08874166827334454,-0.5712601335324936,0.0,0.8207690660815852,0.9793933735043064,11.651710678147358,-0.0021378140109749866,0.25980291040551523,-0.008953780717310013,-0.005648968315262797,-0.005437546847486641,-0.39372428716517416,0.0,0.9192285818534341
baik2012,W2_smoke,38,0.1875,3,0,0,3,0.076,0.11480502970952691,0.08874166827334454,-0.5712601335324936,0.0,0.8207690660815852,0.9793933735043064,11.651710678147358,-0.002165141516819124,0.2598029104055153,-0.009068236181453885,-0.005609543641329005,-0.005841959529647698,-0.39372428716517416,0.0,0.9192285818534341
baik2012,W2_smoke,38,0.1875,4,0,0,4,0.07600000000000001,0.11480502970952694,0.08874166827334454,-0.5712601335324936,0.0,0.8207690660815852,0.9793933735043064,11.651710678147358,-0.0021651415168191133,0.25980291040551523,-0.00906823618145384,-0.005609543641328988,-0.0058419595296476355,-0.39372428716517416,0.0,0.9192285818534341
baik2012,W2_smoke,38,0.1875,5,0,0,5,0.07600000000000001,0.09732700464643729,0.08874166827334454,-0.5712601335324936,0.0,0.8207690660815852,0.9793933735043064,11.651710678147358,-0.0021378140109749918,0.25980291040551523,-0.008953780717310034,-0.005648968315262801,-0.0054375468474866795,-0.39372428716517416,0.0,0.9192285818534341
baik2012,W2_smoke,38,0.1875,6,0,0,6,0.076,0.0650318253974218,0.08874166827334454,-0.5712601335324936,0.0,0.8207690660815852,0.9793933735043064,11.651710678147358,-0.0018555698688937153,0.2598029104055153,-0.007771660970705657,-0.005308359171023664,-0.0035040749136931518,-0.39372428716517416,0.0,0.9192285818534341
baik2012,W2_smoke,38,0.1875,7,0,0,7,0.07600000000000001,0.022836140246613956,0.08874166827334454,-0.5712601335324936,0.0,0.8207690660815852,0.9793933735043064,11.651710678147358,-0.00108944795808501,0.25980291040551523,-0.004562921783436877,-0.003971686830424808,0.0005077560326822335,-0.39372428716517416,0.0,0.9192285818534341
baik2012,W2_smoke,39,0.21875,0,0,0,0,0.076,0.022836140246613977,0.0949241826120526,-0.6726502505917026,0.0,0.7399605667729328,0.9554608779409752,17.16460078406167,-0.00019711245546472116,0.2779030346208119,-0.0008255637271629329,-0.002927282200670586,0.006717937284104425,-0.424315470884417,0.0,0.9055144290226056
baik2012,W2_smoke,39,0.21875,1,0,0,1,0.07600000000000001,0.06503182539742178,0.0949241826120526,-0.6726502505917026,0.0,0.7399605667729328,0.9554608779409752,17.16460078406167,-0.0007079913760972221,0.27790303462081184,-0.002965271767692264,-0.004185653408854698,0.0051437808073334325,-0.424315470884417,0.0,0.9055144290226056
baik2012,W2_smoke,39,0.21875,2,0,0,2,0.076,0.09732700464643732,0.0949241826120526,-0.6726502505917026,0.0,0.7399605667729328,0.9554608779409752,17.16460078406167,-0.0009274401726990693,0.2779030346208119,-0.0038843865238699466,-0.004561169381820962,0.00397254183578802,-0.424315470884417,0.0,0.9055144290226056
baik2012,W2_smoke,39,0.21875,3,0,0,3,0.07600000000000001,0.11480502970952691,0.0949241826120526,-0.6726502505917026,0.0,0.7399605667729328,0.9554608779409752,17.16460078406167,-0.0009485570945863673,0.27790303462081184,-0.003972830273902812,-0.004546291821058351,0.0037067997784180212,-0.424315470884417,0.0,0.9055144290226056
baik2012,W2_smoke,39,0.21875,4,0,0,4,0.07600000000000001,0.11480502970952694,0.0949241826120526,-0.6726502505917026,0.0,0.7399605667729328,0.9554608779409752,17.16460078406167,-0.0009485570945863675,0.27790303462081184,-0.003972830273902813,-0.0045462918210583386,0.003706799778417983,-0.424315470884417,0.0,0.9055144290226056
baik2012,W2_smoke,39,0.21875,5,0,0,5,0.076,0.09732700464643729,0.0949241826120526,-0.6726502505917026,0.0,0.7399605667729328,0.9554608779409752,17.16460078406167,-0.0009274401726990804,0.2779030346208119,-0.0038843865238699926,-0.004561169381820972,0.003972541835787935,-0.424315470884417,0.0,0.9055144290226056
baik2012,W2_smoke,39,0.21875,6,0,0,6,0.076,0.0650318253974218,0.0949241826120526,-0.6726502505917026,0.0,0.7399605667729328,0.9554608779409752,17.16460078406167,-0.0007079913760972229,0.2779030346208119,-0.0029652717676922676,-0.004185653408854703,0.005143780807333439,-0.424315470884417,0.0,0.9055144290226056
baik2012,W2_smoke,39,0.21875,7,0,0,7,0.076,0.022836140246613956,0.0949241826120526,-0.6726502505917026,0.0,0.7399605667729328,0.9554608779409752,17.16460078406167,-0.00019711245546472005,0.2779030346208119,-0.0008255637271629283,-0.0029272822006705846,0.006717937284104433,-0.424315470884417,0.0,0.9055144290226056
baik2012,W2_smoke,40,0.25,0,0,0,0,0.076,0.022836140246613977,0.09918043684387577,-0.7367005452766427,0.0,0.6762191261633298,0.9291638530446698,21.695152116791345,0.0006752050366898038,0.29036377891792575,0.0028279531365717585,-0.001605880860743728,0.01188752542366058,-0.4345388501636296,0.0,0.9006530895402906
baik2012,W2_smoke,40,0.25,1,0,0,1,0.07600000000000001,0.06503182539742178,0.09918043684387577,-0.7367005452766427,0.0,0.6762191261633298,0.9291638530446698,21.695152116791345,0.00047756794124116945,0.2903637789179257,0.0020001920660724193,-0.0026072042479707075,0.012822092909093169,-0.4345388501636296,0.0,0.9006530895402906
baik2012,W2_smoke,40,0.25,2,0,0,2,0.076,0.09732700464643732,0.09918043684387577,-0.7367005452766427,0.0,0.6762191261633298,0.9291638530446698,21.695152116791345,0.00034624624820752927,0.29036377891792575,0.0014501789981381998,-0.002952126949621632,0.012481828344210395,-0.4345388501636296,0.0,0.9006530895402906
baik2012,W2_smoke,40,0.25,3,0,0,3,0.076,0.11480502970952691,0.09918043684387577,-0.7367005452766427,0.0,0.6762191261633298,0.9291638530446698,21.695152116791345,0.00033742535881526177,0.29036377891792575,0.0014132345731580355,-0.0029474004619481193,0.012375287818739446,-0.4345388501636296,0.0,0.9006530895402906
baik2012,W2_smoke,40,0.25,4,0,0,4,0.076,0.11480502970952694,0.09918043684387577,-0.7367005452766427,0.0,0.6762191261633298,0.9291638530446698,21.695152116791345,0.0003374253588152582,0.29036377891792575,0.0014132345731580206,-0.0029474004619481128,0.01237528781873939,-0.4345388501636296,0.0,0.9006530895402906
baik2012,W2_smoke,40,0.25,5,0,0,5,0.076,0.09732700464643729,0.09918043684387577,-0.7367005452766427,0.0,0.6762191261633298,0.9291638530446698,21.695152116791345,0.0003462462482075278,0.29036377891792575,0.0014501789981381937,-0.00295212694962164,0.012481828344210404,-0.4345388501636296,0.0,0.9006530895402906
baik2012,W2_smoke,40,0.25,6,0,0,6,0.07599999999999998,0.0650318253974218,0.09918043684387577,-0.7367005452766427,0.0,0.6762191261633298,0.9291638530446698,21.695152116791345,0.0004775679412411706,0.2903637789179258,0.002000192066072425,-0.002607204247970709,0.01282209290909319,-0.4345388501636296,0.0,0.9006530895402906
baik2012,W2_smoke,40,0.25,7,0,0,7,0.07599999999999998,0.022836140246613956,0.09918043684387577,-0.7367005452766427,0.0,0.6762191261633298,0.9291638530446698,21.695152116791345,0.0006752050366898041,0.2903637789179258,0.0028279531365717606,-0.0016058808607437268,0.011887525423660582,-0.4345388501636296,0.0,0.9006530895402906
baik2012,W2_smoke,41,0.28125,0,0,0,0,0.076,0.022836140246613977,0.10066870973425465,-0.7727518265547281,0.0,0.6347082909150719,0.9026280708052379,25.49430505092392,0.001494034439214099,0.2947208936298903,0.006257446477643466,-0.00014686344980545905,0.01608420654352504,-0.424315470884417,0.0,0.9055144290226056
baik2012,W2_smoke,41,0.28125,1,0,0,1,0.07600000000000001,0.06503182539742178,0.10066870973425465,-0.7727518265547281,0.0,0.6347082909150719,0.9026280708052379,25.49430505092392,0.001618843202791808,0.29472089362989023,0.006780181521448205,-0.0007590755233278202,0.01922768037360397,-0.424315470884417,0.0,0.9055144290226056
baik2012,W2_smoke,41,0.28125,2,0,0,2,0.076,0.09732700464643732,0.10066870973425465,-0.7727518265547281,0.0,0.6347082909150719,0.9026280708052379,25.49430505092392,0.0015970012758828624,0.2947208936298903,0.006688701241600558,-0.0010118020122797738,0.019757159140840717,-0.424315470884417,0.0,0.9055144290226056
baik2012,W2_smoke,41,0.28125,3,0,0,3,0.07600000000000001,0.11480502970952691,0.10066870973425465,-0.7727518265547281,0.0,0.6347082909150719,0.9026280708052379,25.49430505092392,0.0016062538298876727,0.29472089362989023,0.006727453602287143,-0.0010025610697076853,0.019826317214840915,-0.424315470884417,0.0,0.9055144290226056
baik2012,W2_smoke,41,0.28125,4,0,0,4,0.07600000000000001,0.11480502970952694,0.10066870973425465,-0.7727518265547281,0.0,0.6347082909150719,0.9026280708052379,25.49430505092392,0.0016062538298876605,0.29472089362989023,0.006727453602287093,-0.0010025610697076883,0.019826317214840794,-0.424315470884417,0.0,0.9055144290226056
baik2012,W2_smoke,41,0.28125,5,0,0,5,0.076,0.09732700464643729,0.10066870973425465,-0.7727518265547281,0.0,0.6347082909150719,0.9026280708052379,25.49430505092392,0.0015970012758828637,0.2947208936298903,0.006688701241600563,-0.0010118020122797781,0.01975715914084074,-0.424315470884417,0.0,0.9055144290226056
baik2012,W2_smoke,41,0.28125,6,0,0,6,0.076,0.0650318253974218,0.10066870973425465,-0.7727518265547281,0.0,0.6347082909150719,0.9026280708052379,25.49430505092392,0.0016188432027918083,0.2947208936298903,0.006780181521448206,-0.0007590755233278204,0.019227680373603975,-0.424315470884417,0.0,0.9055144290226056
baik2012,W2_smoke,41,0.28125,7,0,0,7,0.076,0.022836140246613956,0.10066870973425465,-0.7727518265547281,0.0,0.6347082909150719,0.9026280708052379,25.49430505092392,0.0014940344392140993,0.2947208936298903,0.006257446477643467,-0.00014686344980545808,0.016084206543525045,-0.424315470884417,0.0,0.9055144290226056
baik2012,W2_smoke,42,0.3125,0,0,0,0,0.076,0.022836140246613977,0.09954225585860416,-0.7878956024767252,0.0,0.6158088336471297,0.8762827152919923,28.80285003954806,0.0022269086735905333,0.2914230516913082,0.009326934821477617,0.0013217427035321786,0.019352108943097506,-0.39372428716517416,0.0,0.919228581853434
baik2012,W2_smoke,42,0.3125,1,0,0,1,0.07600000000000001,0.06503182539742178,0.09954225585860416,-0.7878956024767252,0.0,0.6158088336471297,0.8762827152919923,28.80285003954806,0.002630601539266293,0.29142305169130817,0.011017716796825765,0.0011545405236857496,0.024080670421007165,-0.39372428716517416,0.0,0.919228581853434
baik2012,W2_smoke,42,0.3125,2,0,0,2,0.076,0.09732700464643732,0.09954225585860416,-0.7878956024767252,0.0,0.6158088336471297,0.8762827152919923,28.80285003954806,0.0027313943066082443,0.2914230516913082,0.01143986593236216,0.0010434136680169516,0.025469423826854545,-0.39372428716517416,0.0,0.919228581853434
baik2012,W2_smoke,42,0.3125,3,0,0,3,0.076,0.11480502970952691,0.09954225585860416,-0.7878956024767252,0.0,0.6158088336471297,0.8762827152919923,28.80285003954806,0.00276352078608352,0.2914230516913082,0.011574420880062962,0.0010703733100765965,0.025724932269927614,-0.39372428716517416,0.0,0.919228581853434
baik2012,W2_smoke,42,0.3125,4,0,0,4,0.076,0.11480502970952694,0.09954225585860416,-0.7878956024767252,0.0,0.6158088336471297,0.8762827152919923,28.80285003954806,0.0027635207860835175,0.2914230516913082,0.01157442088006295,0.0010703733100765926,0.025724932269927597,-0.39372428716517416,0.0,0.919228581853434
baik2012,W2_smoke,42,0.3125,5,0,0,5,0.076,0.09732700464643729,0.09954225585860416,-0.7878956024767252,0.0,0.6158088336471297,0.8762827152919923,28.80285003954806,0.0027313943066082443,0.2914230516913082,0.01143986593236216,0.0010434136680169486,0.025469423826854555,-0.39372428716517416,0.0,0.919228581853434
baik2012,W2_smoke,42,0.3125,6,0,0,6,0.076,0.0650318253974218,0.09954225585860416,-0.7878956024767252,0.0,0.6158088336471297,0.8762827152919923,28.80285003954806,0.002630601539266295,0.2914230516913082,0.011017716796825776,0.0011545405236857514,0.024080670421007186,-0.39372428716517416,0.0,0.919228581853434
baik2012,W2_smoke,42,0.3125,7,0,0,7,0.076,0.022836140246613956,0.09954225585860416,-0.7878956024767252,0.0,0.6158088336471297,0.8762827152919923,28.80285003954806,0.0022269086735905346,0.2914230516913082,0.009326934821477622,0.00132174270353218,0.019352108943097517,-0.39372428716517416,0.0,0.919228581853434
baik2012,W2_smoke,43,0.34375,0,0,0,0,0.076,0.022836140246613977,0.09668679433496766,-0.7859387317713316,0.0,0.6183043828905559,0.8504391583089533,31.740533171384143,0.00284827403031762,0.28306331236224086,0.011929391873824321,0.0027053664478123535,0.021707380341123746,-0.3431195752868721,0.0,0.9392917316015066
baik2012,W2_smoke,43,0.34375,1,0,0,1,0.076,0.06503182539742178,0.09668679433496766,-0.7859387317713316,0.0,0.6183043828905559,0.8504391583089533,31.740533171384143,0.0034467035155679674,0.28306331236224086,0.014435786891443566,0.00296145061973518,0.027205115369403378,-0.3431195752868721,0.0,0.9392917316015066
baik2012,W2_smoke,43,0.34375,2,0,0,2,0.07599999999999998,0.09732700464643732,0.09668679433496766,-0.7859387317713316,0.0,0.6183043828905559,0.8504391583089533,31.740533171384143,0.003671384492788605,0.2830633123622409,0.015376815526795725,0.003023655800302529,0.029371071416081727,-0.3431195752868721,0.0,0.9392917316015066
baik2012,W2_smoke,43,0.34375,3,0,0,3,0.076,0.11480502970952691,0.09668679433496766,-0.7859387317713316,0.0,0.6183043828905559,0.8504391583089533,31.740533171384143,0.0037291998913585606,0.28306331236224086,0.015618963065459842,0.003078661932305283,0.02981142186673376,-0.3431195752868721,0.0,0.9392917316015066
baik2012,W2_smoke,43,0.34375,4,0,0,4,0.076,0.11480502970952694,0.09668679433496766,-0.7859387317713316,0.0,0.6183043828905559,0.8504391583089533,31.740533171384143,0.0037291998913585585,0.28306331236224086,0.015618963065459833,0.0030786619323052784,0.029811421866733752,-0.3431195752868721,0.0,0.9392917316015066
baik2012,W2_smoke,43,0.34375,5,0,0,5,0.076,0.09732700464643729,0.09668679433496766,-0.7859387317713316,0.0,0.6183043828905559,0.8504391583089533,31.740533171384143,0.003671384492788606,0.28306331236224086,0.015376815526795727,0.003023655800302527,0.02937107141608174,-0.3431195752868721,0.0,0.9392917316015066
baik2012,W2_smoke,43,0.34375,6,0,0,6,0.076,0.0650318253974218,0.09668679433496766,-0.7859387317713316,0.0,0.6183043828905559,0.8504391583089533,31.740533171384143,0.003446703515567963,0.28306331236224086,0.014435786891443547,0.002961450619735178,0.027205115369403333,-0.3431195752868721,0.0,0.9392917316015066
baik2012,W2_smoke,43,0.34375,7,0,0,7,0.07599999999999998,0.022836140246613956,0.09668679433496766,-0.7859387317713316,0.0,0.6183043828905559,0.8504391583089533,31.740533171384143,0.0028482740303176204,0.2830633123622409,0.011929391873824326,0.0027053664478123556,0.021707380341123753,-0.3431195752868721,0.0,0.9392917316015066
baik2012,W2_smoke,44,0.375,0,0,0,0,0.076,0.022836140246613977,0.09314303826922792,-0.7675927216759169,0.0,0.6409379171418699,0.8264016659576613,34.269142918154664,0.003362032422854742,0.2726885001960949,0.014081159971909302,0.003957558115206969,0.023330225584152348,-0.2734398985651737,0.0,0.9618890902139745
baik2012,W2_smoke,44,0.375,1,0,0,1,0.076,0.06503182539742178,0.09314303826922792,-0.7675927216759169,0.0,0.6409379171418699,0.8264016659576613,34.269142918154664,0.0040554924630513915,0.2726885001960949,0.01698557032017249,0.004559132247193754,0.028786529058849965,-0.2734398985651737,0.0,0.9618890902139745
baik2012,W2_smoke,44,0.375,2,0,0,2,0.07599999999999998,0.09732700464643732,0.09314303826922792,-0.7675927216759169,0.0,0.6409379171418699,0.8264016659576613,34.269142918154664,0.004394800731915746,0.272688500196095,0.01840669106284923,0.004808609625601539,0.031590898780318455,-0.2734398985651737,0.0,0.9618890902139745
baik2012,W2_smoke,44,0.375,3,0,0,3,0.076,0.11480502970952691,0.09314303826922792,-0.7675927216759169,0.0,0.6409379171418699,0.8264016659576613,34.269142918154664,0.004478819279251219,0.2726885001960949,0.018758584934423984,0.0048985485389805026,0.03220081671911845,-0.2734398985651737,0.0,0.9618890902139745
baik2012,W2_smoke,44,0.375,4,0,0,4,0.076,0.11480502970952694,0.09314303826922792,-0.7675927216759169,0.0,0.6409379171418699,0.8264016659576613,34.269142918154664,0.004478819279251208,0.2726885001960949,0.018758584934423943,0.004898548538980493,0.03220081671911838,-0.2734398985651737,0.0,0.9618890902139745
baik2012,W2_smoke,44,0.375,5,0,0,5,0.076,0.09732700464643729,0.09314303826922792,-0.7675927216759169,0.0,0.6409379171418699,0.8264016659576613,34.269142918154664,0.004394800731915747,0.2726885001960949,0.01840669106284923,0.004808609625601536,0.03159089878031846,-0.2734398985651737,0.0,0.9618890902139745
baik2012,W2_smoke,44,0.375,6,0,0,6,0.07599999999999998,0.0650318253974218,0.09314303826922792,-0.7675927216759169,0.0,0.6409379171418699,0.8264016659576613,34.269142918154664,0.004055492463051395,0.272688500196095,0.01698557032017251,0.0045591322471937555,0.028786529058850003,-0.2734398985651737,0.0,0.9618890902139745
baik2012,W2_smoke,44,0.375,7,0,0,7,0.076,0.022836140246613956,0.09314303826922792,-0.7675927216759169,0.0,0.6409379171418699,0.8264016659576613,34.269142918154664,0.003362032422854742,0.2726885001960949,0.014081159971909302,0.003957558115206971,0.02333022558415234,-0.2734398985651737,0.0,0.9618890902139745
baik2012,W2_smoke,45,0.4062499999999998,0,0,0,0,0.076,0.022836140246613977,0.08966996961474409,-0.7310120936767724,0.0,0.682364505889852,0.8067798271999153,36.21750553420633,0.003805132201943322,0.2625206347273758,0.01593698944887968,0.005079599975900753,0.02460367369449694,-0.18658924793691842,0.0,0.9824380146117796
baik2012,W2_smoke,45,0.4062499999999998,1,0,0,1,0.076,0.06503182539742178,0.08966996961474409,-0.7310120936767724,0.0,0.682364505889852,0.8067798271999153,36.21750553420633,0.004506475601196749,0.2625206347273758,0.01887441757509167,0.00592375268655547,0.029414785878062767,-0.18658924793691842,0.0,0.9824380146117796
baik2012,W2_smoke,45,0.4062499999999998,2,0,0,2,0.076,0.09732700464643732,0.08966996961474409,-0.7310120936767724,0.0,0.682364505889852,0.8067798271999153,36.21750553420633,0.004946729848893028,0.2625206347273758,0.020718329147146053,0.006361352939312542,0.03271176404992751,-0.18658924793691842,0.0,0.9824380146117796
baik2012,W2_smoke,45,0.4062499999999998,3,0,0,3,0.076,0.11480502970952691,0.08966996961474409,-0.7310120936767724,0.0,0.682364505889852,0.8067798271999153,36.21750553420633,0.005055898068628342,0.2625206347273758,0.021175557089235984,0.0064900855896399285,0.03346863595417018,-0.18658924793691842,0.0,0.9824380146117796
baik2012,W2_smoke,45,0.4062499999999998,4,0,0,4,0.076,0.11480502970952694,0.08966996961474409,-0.7310120936767724,0.0,0.682364505889852,0.8067798271999153,36.21750553420633,0.005055898068628335,0.2625206347273758,0.021175557089235953,0.006490085589639916,0.03346863595417013,-0.18658924793691842,0.0,0.9824380146117796
baik2012,W2_smoke,45,0.4062499999999998,5,0,0,5,0.076,0.09732700464643729,0.08966996961474409,-0.7310120936767724,0.0,0.682364505889852,0.8067798271999153,36.21750553420633,0.004946729848893026,0.2625206347273758,0.020718329147146042,0.006361352939312538,0.03271176404992749,-0.18658924793691842,0.0,0.9824380146117796
baik2012,W2_smoke,45,0.4062499999999998,6,0,0,6,0.076,0.0650318253974218,0.08966996961474409,-0.7310120936767724,0.0,0.682364505889852,0.8067798271999153,36.21750553420633,0.004506475601196746,0.2625206347273758,0.01887441757509166,0.005923752686555469,0.029414785878062743,-0.18658924793691842,0.0,0.9824380146117796
baik2012,W2_smoke,45,0.4062499999999998,7,0,0,7,0.076,0.022836140246613956,0.08966996961474409,-0.7310120936767724,0.0,0.682364505889852,0.8067798271999153,36.21750553420633,0.0038051322019433207,0.2625206347273758,0.015936989448879675,0.005079599975900754,0.02460367369449692,-0.18658924793691842,0.0,0.9824380146117796
baik2012,W2_smoke,46,0.4375,0,0,0,0,0.076,0.022836140246613977,0.08663822102141419,-0.6725037355170895,0.0,0.7400937276558696,0.7950210573908911,37.342755385474945,0.0042301036301923105,0.25364479180611393,0.01771689217200203,0.006106350338615564,0.02597317941415838,-0.08572722210746431,0.0,0.9963186455094262
baik2012,W2_smoke,46,0.4375,1,0,0,1,0.076,0.06503182539742178,0.08663822102141419,-0.6725037355170895,0.0,0.7400937276558696,0.7950210573908911,37.342755385474945,0.004884665780496566,0.25364479180611393,0.020458386955733144,0.0070935841021058975,0.029865215083015165,-0.08572722210746431,0.0,0.9963186455094262
baik2012,W2_smoke,46,0.4375,2,0,0,2,0.07600000000000001,0.09732700464643732,0.08663822102141419,-0.6725037355170895,0.0,0.7400937276558696,0.7950210573908911,37.342755385474945,0.005414257989879969,0.2536447918061139,0.022676471638531214,0.007713621900073518,0.033550313396107485,-0.08572722210746431,0.0,0.9963186455094262
baik2012,W2_smoke,46,0.4375,3,0,0,3,0.076,0.11480502970952691,0.08663822102141419,-0.6725037355170895,0.0,0.7400937276558696,0.7950210573908911,37.342755385474945,0.005547137511157314,0.25364479180611393,0.023233009339767376,0.007882985034790594,0.03443356824504666,-0.08572722210746431,0.0,0.9963186455094262
baik2012,W2_smoke,46,0.4375,4,0,0,4,0.076,0.11480502970952694,0.08663822102141419,-0.6725037355170895,0.0,0.7400937276558696,0.7950210573908911,37.342755385474945,0.0055471375111572985,0.25364479180611393,0.02323300933976731,0.007882985034790577,0.03443356824504654,-0.08572722210746431,0.0,0.9963186455094262
baik2012,W2_smoke,46,0.4375,5,0,0,5,0.076,0.09732700464643729,0.08663822102141419,-0.6725037355170895,0.0,0.7400937276558696,0.7950210573908911,37.342755385474945,0.005414257989879973,0.25364479180611393,0.022676471638531228,0.007713621900073518,0.03355031339610752,-0.08572722210746431,0.0,0.9963186455094262
baik2012,W2_smoke,46,0.4375,6,0,0,6,0.076,0.0650318253974218,0.08663822102141419,-0.6725037355170895,0.0,0.7400937276558696,0.7950210573908911,37.342755385474945,0.004884665780496571,0.25364479180611393,0.020458386955733165,0.0070935841021059,0.029865215083015213,-0.08572722210746431,0.0,0.9963186455094262
baik2012,W2_smoke,46,0.4375,7,0,0,7,0.076,0.022836140246613956,0.08663822102141419,-0.6725037355170895,0.0,0.7400937276558696,0.7950210573908911,37.342755385474945,0.004230103630192312,0.25364479180611393,0.017716892172002036,0.006106350338615565,0.025973179414158394,-0.08572722210746431,0.0,0.9963186455094262
baik2012,W2_smoke,47,0.46875,0,0,0,0,0.076,0.022836140246613977,0.08415333848651196,-0.5874648051072358,0.0,0.8092497159470107,0.7945010207990371,37.39184881788233,0.00468032238923043,0.24636997122695936,0.019602537987097175,0.0070857147462011424,0.027749200729139507,0.024685874180577327,-0.0,0.9996952573739364
baik2012,W2_smoke,47,0.46875,1,0,0,1,0.076,0.06503182539742178,0.08415333848651196,-0.5874648051072358,0.0,0.8092497159470107,0.7945010207990371,37.39184881788233,0.0052751286517086615,0.24636997122695936,0.022093757904345226,0.008141432953575913,0.030810095900135327,0.024685874180577327,-0.0,0.9996952573739364
baik2012,W2_smoke,47,0.46875,2,0,0,2,0.07600000000000001,0.09732700464643732,0.08415333848651196,-0.5874648051072358,0.0,0.8092497159470107,0.7945010207990371,37.39184881788233,0.00588814012598495,0.2463699712269593,0.024661226491269474,0.008937388217076582,0.034840901576943945,0.024685874180577327,-0.0,0.9996952573739364
baik2012,W2_smoke,47,0.46875,3,0,0,3,0.076,0.11480502970952691,0.08415333848651196,-0.5874648051072358,0.0,0.8092497159470107,0.7945010207990371,37.39184881788233,0.006043752891122839,0.24636997122695936,0.025312977564424563,0.00914823607447442,0.03583773568763815,0.024685874180577327,-0.0,0.9996952573739364
baik2012,W2_smoke,47,0.46875,4,0,0,4,0.076,0.11480502970952694,0.08415333848651196,-0.5874648051072358,0.0,0.8092497159470107,0.7945010207990371,37.39184881788233,0.006043752891122841,0.24636997122695936,0.02531297756442457,0.00914823607447441,0.0358377356876382,0.024685874180577327,-0.0,0.9996952573739364
baik2012,W2_smoke,47,0.46875,5,0,0,5,0.076,0.09732700464643729,0.08415333848651196,-0.5874648051072358,0.0,0.8092497159470107,0.7945010207990371,37.39184881788233,0.005888140125984938,0.24636997122695936,0.02466122649126943,0.008937388217076576,0.03484090157694384,0.024685874180577327,-0.0,0.9996952573739364
baik2012,W2_smoke,47,0.46875,6,0,0,6,0.076,0.0650318253974218,0.08415333848651196,-0.5874648051072358,0.0,0.8092497159470107,0.7945010207990371,37.39184881788233,0.00527512865170867,0.24636997122695936,0.022093757904345264,0.00814143295357592,0.030810095900135396,0.024685874180577327,-0.0,0.9996952573739364
baik2012,W2_smoke,47,0.46875,7,0,0,7,0.07600000000000001,0.022836140246613956,0.08415333848651196,-0.5874648051072358,0.0,0.8092497159470107,0.7945010207990371,37.39184881788233,0.004680322389230429,0.2463699712269593,0.01960253798709717,0.0070857147462011424,0.0277492007291395,0.024685874180577327,-0.0,0.9996952573739364
baik2012,W2_smoke,48,0.5,0,0,0,0,0.076,0.022836140246613977,0.08224302963341432,-0.47167633052304797,0.0,0.8817717614123921,0.8075457616763451,36.1431659035345,0.005170014518398817,0.24077729070308798,0.02165350964368517,0.008058015620870473,0.02995972724660151,0.13917310096006527,-0.0,0.9902680687415704
baik2012,W2_smoke,48,0.5,1,0,0,1,0.076,0.06503182539742178,0.08224302963341432,-0.47167633052304797,0.0,0.8817717614123921,0.8075457616763451,36.1431659035345,0.005734107391132444,0.24077729070308798,0.02401609303996054,0.00914637053152438,0.032601121005328214,0.13917310096006527,-0.0,0.9902680687415704
baik2012,W2_smoke,48,0.5,2,0,0,2,0.076,0.09732700464643732,0.08224302963341432,-0.47167633052304797,0.0,0.8817717614123921,0.8075457616763451,36.1431659035345,0.0064303079291323974,0.24077729070308798,0.026931981382221845,0.010114377518849381,0.03698682089900648,0.13917310096006527,-0.0,0.9902680687415704
baik2012,W2_smoke,48,0.5,3,0,0,3,0.076,0.11480502970952691,0.08224302963341432,-0.47167633052304797,0.0,0.8817717614123921,0.8075457616763451,36.1431659035345,0.006608271712255924,0.24077729070308798,0.027677344955259826,0.010367286211644363,0.038091503753216474,0.13917310096006527,-0.0,0.9902680687415704
baik2012,W2_smoke,48,0.5,4,0,0,4,0.076,0.11480502970952694,0.08224302963341432,-0.47167633052304797,0.0,0.8817717614123921,0.8075457616763451,36.1431659035345,0.006608271712255911,0.24077729070308798,0.02767734495525977,0.010367286211644348,0.03809150375321638,0.13917310096006527,-0.0,0.9902680687415704
baik2012,W2_smoke,48,0.5,5,0,0,5,0.076,0.09732700464643729,0.08224302963341432,-0.47167633052304797,0.0,0.8817717614123921,0.8075457616763451,36.1431659035345,0.006430307929132401,0.24077729070308798,0.02693198138222186,0.010114377518849381,0.036986820899006505,0.13917310096006527,-0.0,0.9902680687415704
baik2012,W2_smoke,48,0.5,6,0,0,6,0.076,0.0650318253974218,0.08224302963341432,-0.47167633052304797,0.0,0.8817717614123921,0.8075457616763451,36.1431659035345,0.005734107391132442,0.24077729070308798,0.024016093039960534,0.009146370531524384,0.03260112100532818,0.13917310096006527,-0.0,0.9902680687415704
baik2012,W2_smoke,48,0.5,7,0,0,7,0.076,0.022836140246613956,0.08224302963341432,-0.47167633052304797,0.0,0.8817717614123921,0.8075457616763451,36.1431659035345,0.005170014518398814,0.24077729070308798,0.021653509643685155,0.008058015620870471,0.02995972724660147,0.13917310096006527,-0.0,0.9902680687415704
baik2012,W2_smoke,49,0.53125,0,0,0,0,0.076,0.022836140246613977,0.08100848646301281,-0.3231717800235865,0.0,0.946340319650593,0.834460375327928,33.44030947095383,0.005665400139246228,0.23716300313184674,0.02372832728301446,0.009034482864653129,0.03221736961357677,0.2518237720848048,-0.0,0.9677731076099295
baik2012,W2_smoke,49,0.53125,1,0,0,1,0.07599999999999998,0.06503182539742178,0.08100848646301281,-0.3231717800235865,0.0,0.946340319650593,0.834460375327928,33.44030947095383,0.006266458256841841,0.2371630031318468,0.026245731769878978,0.010166540382147841,0.03511470827825392,0.2518237720848048,-0.0,0.9677731076099295
baik2012,W2_smoke,49,0.53125,2,0,0,2,0.07599999999999998,0.09732700464643732,0.08100848646301281,-0.3231717800235865,0.0,0.946340319650593,0.834460375327928,33.44030947095383,0.0070486183645971905,0.2371630031318468,0.02952164354457775,0.011306422754333096,0.03988484059844509,0.2518237720848048,-0.0,0.9677731076099295
baik2012,W2_smoke,49,0.53125,3,0,0,3,0.076,0.11480502970952691,0.08100848646301281,-0.3231717800235865,0.0,0.946340319650593,0.834460375327928,33.44030947095383,0.007248687123899474,0.23716300313184674,0.030359589123557247,0.011601935189786429,0.04109316723953383,0.2518237720848048,-0.0,0.9677731076099295
baik2012,W2_smoke,49,0.53125,4,0,0,4,0.07599999999999997,0.11480502970952694,0.08100848646301281,-0.3231717800235865,0.0,0.946340319650593,0.834460375327928,33.44030947095383,0.007248687123899478,0.23716300313184682,0.03035958912355727,0.01160193518978642,0.04109316723953392,0.2518237720848048,-0.0,0.9677731076099295
baik2012,W2_smoke,49,0.53125,5,0,0,5,0.076,0.09732700464643729,0.08100848646301281,-0.3231717800235865,0.0,0.946340319650593,0.834460375327928,33.44030947095383,0.007048618364597179,0.23716300313184674,0.029521643544577696,0.011306422754333089,0.03988484059844498,0.2518237720848048,-0.0,0.9677731076099295
baik2012,W2_smoke,49,0.53125,6,0,0,6,0.076,0.0650318253974218,0.08100848646301281,-0.3231717800235865,0.0,0.946340319650593,0.834460375327928,33.44030947095383,0.00626645825684183,0.23716300313184674,0.026245731769878926,0.01016654038214784,0.0351147082782538,0.2518237720848048,-0.0,0.9677731076099295
baik2012,W2_smoke,49,0.53125,7,0,0,7,0.07599999999999998,0.022836140246613956,0.08100848646301281,-0.3231717800235865,0.0,0.946340319650593,0.834460375327928,33.44030947095383,0.0056654001392462145,0.2371630031318468,0.023728327283014407,0.00903448286465312,0.03221736961357666,0.2518237720848048,-0.0,0.9677731076099295
baik2012,W2_smoke,50,0.5625,0,0,0,0,0.076,0.022836140246613977,0.08069802046662754,-0.144875647413162,0.0,0.9894498707800296,0.8725137231049759,29.24792254890303,0.006072175271709868,0.23625407307663984,0.025432018679289427,0.009975866972629328,0.03365244578033558,0.35702893191049473,-0.0,0.9340933260541215
baik2012,W2_smoke,50,0.5625,1,0,0,1,0.07599999999999998,0.06503182539742178,0.08069802046662754,-0.144875647413162,0.0,0.9894498707800296,0.8725137231049759,29.24792254890303,0.006806050375363924,0.2362540730766399,0.0285056989518847,0.011211429361571948,0.03762995929499591,0.35702893191049473,-0.0,0.9340933260541215
baik2012,W2_smoke,50,0.5625,2,0,0,2,0.076,0.09732700464643732,0.08069802046662754,-0.144875647413162,0.0,0.9894498707800296,0.8725137231049759,29.24792254890303,0.007675408885509173,0.23625407307663984,0.03214682274684843,0.01252536477726831,0.04279096253531615,0.35702893191049473,-0.0,0.9340933260541215
baik2012,W2_smoke,50,0.5625,3,0,0,3,0.076,0.11480502970952691,0.08069802046662754,-0.144875647413162,0.0,0.9894498707800296,0.8725137231049759,29.24792254890303,0.007896735822120915,0.23625407307663984,0.03307380369424699,0.012863830008733822,0.04409301920941602,0.35702893191049473,-0.0,0.9340933260541215
baik2012,W2_smoke,50,0.5625,4,0,0,4,0.076,0.11480502970952694,0.08069802046662754,-0.144875647413162,0.0,0.9894498707800296,0.8725137231049759,29.24792254890303,0.007896735822120873,0.23625407307663984,0.03307380369424682,0.012863830008733795,0.04409301920941566,0.35702893191049473,-0.0,0.9340933260541215
baik2012,W2_smoke,50,0.5625,5,0,0,5,0.076,0.09732700464643729,0.08069802046662754,-0.144875647413162,0.0,0.9894498707800296,0.8725137231049759,29.24792254890303,0.007675408885509169,0.23625407307663984,0.032146822746848415,0.012525364777268302,0.04279096253531613,0.35702893191049473,-0.0,0.9340933260541215
baik2012,W2_smoke,50,0.5625,6,0,0,6,0.076,0.0650318253974218,0.08069802046662754,-0.144875647413162,0.0,0.9894498707800296,0.8725137231049759,29.24792254890303,0.006806050375363921,0.23625407307663984,0.028505698951884678,0.011211429361571941,0.03762995929499587,0.35702893191049473,-0.0,0.9340933260541215
baik2012,W2_smoke,50,0.5625,7,0,0,7,0.07599999999999998,0.022836140246613956,0.08069802046662754,-0.144875647413162,0.0,0.9894498707800296,0.8725137231049759,29.24792254890303,0.006072175271709867,0.2362540730766399,0.025432018679289427,0.009975866972629324,0.03365244578033559,0.35702893191049473,-0.0,0.9340933260541215
baik2012,W2_smoke,51,0.59375,0,0,0,0,0.076,0.022836140246613977,0.08166963919280212,0.05258898526656256,-0.0,0.9986162419211061,0.9153867770356264,23.73928564804587,0.0062475956907884645,0.23909861474208519,0.026166729911279173,0.010778678528510105,0.03308078919266762,0.45015771351739076,-0.0,0.8929490651547796
baik2012,W2_smoke,51,0.59375,1,0,0,1,0.07599999999999998,0.06503182539742178,0.08166963919280212,0.05258898526656256,-0.0,0.9986162419211061,0.9153867770356264,23.73928564804587,0.007212049171174927,0.2390986147420852,0.03020613882669202,0.012216821359241467,0.038864882989005645,0.45015771351739076,-0.0,0.8929490651547796
baik2012,W2_smoke,51,0.59375,2,0,0,2,0.07599999999999998,0.09732700464643732,0.08166963919280212,0.05258898526656256,-0.0,0.9986162419211061,0.9153867770356264,23.73928564804587,0.008162947176967614,0.2390986147420852,0.034188773510853386,0.013705756096327355,0.0443546654881514,0.45015771351739076,-0.0,0.8929490651547796
baik2012,W2_smoke,51,0.59375,3,0,0,3,0.076,0.11480502970952691,0.08166963919280212,0.05258898526656256,-0.0,0.9986162419211061,0.9153867770356264,23.73928564804587,0.008403477047612599,0.23909861474208519,0.03519618187596926,0.014086910249923756,0.04572972394015189,0.45015771351739076,-0.0,0.8929490651547796
baik2012,W2_smoke,51,0.59375,4,0,0,4,0.07600000000000001,0.11480502970952694,0.08166963919280212,0.05258898526656256,-0.0,0.9986162419211061,0.9153867770356264,23.73928564804587,0.008403477047612573,0.23909861474208513,0.035196181875969144,0.014086910249923722,0.0457297239401517,0.45015771351739076,-0.0,0.8929490651547796
baik2012,W2_smoke,51,0.59375,5,0,0,5,0.076,0.09732700464643729,0.08166963919280212,0.05258898526656256,-0.0,0.9986162419211061,0.9153867770356264,23.73928564804587,0.00816294717696761,0.23909861474208519,0.03418877351085336,0.013705756096327345,0.04435466548815137,0.45015771351739076,-0.0,0.8929490651547796
baik2012,W2_smoke,51,0.59375,6,0,0,6,0.076,0.0650318253974218,0.08166963919280212,0.05258898526656256,-0.0,0.9986162419211061,0.9153867770356264,23.73928564804587,0.007212049171174919,0.23909861474208519,0.03020613882669198,0.012216821359241455,0.03886488298900559,0.45015771351739076,-0.0,0.8929490651547796
baik2012,W2_smoke,51,0.59375,7,0,0,7,0.076,0.022836140246613956,0.08166963919280212,0.05258898526656256,-0.0,0.9986162419211061,0.9153867770356264,23.73928564804587,0.006247595690788467,0.23909861474208519,0.026166729911279187,0.010778678528510104,0.03308078919266765,0.45015771351739076,-0.0,0.8929490651547796
baik2012,W2_smoke,52,0.625,0,0,0,0,0.076,0.022836140246613977,0.08420519050819072,0.25053204372566956,-0.0,0.9681083075083279,0.9544485229311048,17.360065842370812,0.0060624676594302485,0.24652177484305837,0.02539136040350203,0.011287060741774367,0.029617218783431966,0.5279798660477597,-0.0,0.8492568875482787
baik2012,W2_smoke,52,0.625,1,0,0,1,0.076,0.06503182539742178,0.08420519050819072,0.25053204372566956,-0.0,0.9681083075083279,0.9544485229311048,17.360065842370812,0.007313533930836743,0.24652177484305837,0.03063118622534125,0.013038604910293756,0.037462150832471855,0.5279798660477597,-0.0,0.8492568875482787
baik2012,W2_smoke,52,0.625,2,0,0,2,0.076,0.09732700464643732,0.08420519050819072,0.25053204372566956,-0.0,0.9681083075083279,0.9544485229311048,17.360065842370812,0.008329709654457004,0.24652177484305837,0.03488722279018725,0.014697022393156269,0.04312698979599932,0.5279798660477597,-0.0,0.8492568875482787
baik2012,W2_smoke,52,0.625,3,0,0,3,0.076,0.11480502970952691,0.08420519050819072,0.25053204372566956,-0.0,0.9681083075083279,0.9544485229311048,17.360065842370812,0.008586175765205524,0.24652177484305837,0.03596137671811305,0.015119526736759804,0.04454486158500322,0.5279798660477597,-0.0,0.8492568875482787
baik2012,W2_smoke,52,0.625,4,0,0,4,0.076,0.11480502970952694,0.08420519050819072,0.25053204372566956,-0.0,0.9681083075083279,0.9544485229311048,17.360065842370812,0.008586175765205515,0.24652177484305837,0.03596137671811302,0.015119526736759774,0.04454486158500321,0.5279798660477597,-0.0,0.8492568875482787
baik2012,W2_smoke,52,0.625,5,0,0,5,0.076,0.09732700464643729,0.08420519050819072,0.25053204372566956,-0.0,0.9681083075083279,0.9544485229311048,17.360065842370812,0.008329709654456997,0.24652177484305837,0.034887222790187224,0.014697022393156258,0.043126989795999285,0.5279798660477597,-0.0,0.8492568875482787
baik2012,W2_smoke,52,0.625,6,0,0,6,0.07599999999999998,0.0650318253974218,0.08420519050819072,0.25053204372566956,-0.0,0.9681083075083279,0.9544485229311048,17.360065842370812,0.0073135339308367546,0.24652177484305843,0.030631186225341306,0.013038604910293756,0.037462150832471994,0.5279798660477597,-0.0,0.8492568875482787
baik2012,W2_smoke,52,0.625,7,0,0,7,0.07599999999999998,0.022836140246613956,0.08420519050819072,0.25053204372566956,-0.0,0.9681083075083279,0.9544485229311048,17.360065842370812,0.006062467659430248,0.24652177484305843,0.025391360403502032,0.011287060741774367,0.02961721878343198,0.5279798660477597,-0.0,0.8492568875482787
baik2012,W2_smoke,53,0.65625,0,0,0,0,0.076,0.022836140246613977,0.08820068709710956,0.4275254867066416,-0.0,0.9040032954675824,0.9824294708801096,10.756426334545164,0.005490780787390278,0.25821911683035365,0.022996971151241368,0.011345384910998192,0.023456273145108848,0.5887315940893042,-0.0,0.8083285904389792
baik2012,W2_smoke,53,0.65625,1,0,0,1,0.07600000000000001,0.06503182539742178,0.08820068709710956,0.4275254867066416,-0.0,0.9040032954675824,0.9824294708801096,10.756426334545164,0.007003768421948346,0.2582191168303536,0.0293337990690527,0.013487790228225799,0.032871126987954344,0.5887315940893042,-0.0,0.8083285904389792
baik2012,W2_smoke,53,0.65625,2,0,0,2,0.076,0.09732700464643732,0.08820068709710956,0.4275254867066416,-0.0,0.9040032954675824,0.9824294708801096,10.756426334545164,0.008059503639564834,0.25821911683035365,0.033755522186943804,0.015298606278437257,0.03849298663204774,0.5887315940893042,-0.0,0.8083285904389792
baik2012,W2_smoke,53,0.65625,3,0,0,3,0.076,0.11480502970952691,0.08820068709710956,0.4275254867066416,-0.0,0.9040032954675824,0.9824294708801096,10.756426334545164,0.008328192561727803,0.25821911683035365,0.03488086876895091,0.01575977796900925,0.03992283801534953,0.5887315940893042,-0.0,0.8083285904389792
baik2012,W2_smoke,53,0.65625,4,0,0,4,0.07600000000000001,0.11480502970952694,0.08820068709710956,0.4275254867066416,-0.0,0.9040032954675824,0.9824294708801096,10.756426334545164,0.008328192561727767,0.2582191168303536,0.03488086876895075,0.01575977796900921,0.03992283801534925,0.5887315940893042,-0.0,0.8083285904389792
baik2012,W2_smoke,53,0.65625,5,0,0,5,0.076,0.09732700464643729,0.08820068709710956,0.4275254867066416,-0.0,0.9040032954675824,0.9824294708801096,10.756426334545164,0.008059503639564817,0.25821911683035365,0.033755522186943734,0.015298606278437241,0.0384929866320476,0.5887315940893042,-0.0,0.8083285904389792
baik2012,W2_smoke,53,0.65625,6,0,0,6,0.076,0.0650318253974218,0.08820068709710956,0.4275254867066416,-0.0,0.9040032954675824,0.9824294708801096,10.756426334545164,0.0070037684219483465,0.25821911683035365,0.029333799069052705,0.0134877902282258,0.032871126987954365,0.5887315940893042,-0.0,0.8083285904389792
baik2012,W2_smoke,53,0.65625,7,0,0,7,0.07600000000000001,0.022836140246613956,0.08820068709710956,0.4275254867066416,-0.0,0.9040032954675824,0.9824294708801096,10.756426334545164,0.00549078078739027,0.2582191168303536,0.022996971151241333,0.011345384910998187,0.023456273145108772,0.5887315940893042,-0.0,0.8083285904389792
baik2012,W2_smoke,54,0.6875,0,0,0,0,0.076,0.022836140246613977,0.09291122022816,0.5685194849546682,-0.0,0.8226697972010877,0.9968631648836515,4.539385509952227,0.004632375775506309,0.2720098223784947,0.019401723761341607,0.010871370197199602,0.015890198811755213,0.6318458117059916,-0.0,0.7750941041122662
baik2012,W2_smoke,54,0.6875,1,0,0,1,0.076,0.06503182539742178,0.09291122022816,0.5685194849546682,-0.0,0.8226697972010877,0.9968631648836515,4.539385509952227,0.006301403974394193,0.2720098223784947,0.026392094498519758,0.01340369869400767,0.025769140164276387,0.6318458117059916,-0.0,0.7750941041122662
baik2012,W2_smoke,54,0.6875,2,0,0,2,0.07599999999999998,0.09732700464643732,0.09291122022816,0.5685194849546682,-0.0,0.8226697972010877,0.9968631648836515,4.539385509952227,0.007366760649115959,0.27200982237849475,0.030854115049517492,0.015335630862246236,0.03112839503705503,0.6318458117059916,-0.0,0.7750941041122662
baik2012,W2_smoke,54,0.6875,3,0,0,3,0.076,0.11480502970952691,0.09291122022816,0.5685194849546682,-0.0,0.8226697972010877,0.9968631648836515,4.539385509952227,0.007644328618880656,0.2720098223784947,0.03201664963983415,0.01583141871968646,0.032547367940526,0.6318458117059916,-0.0,0.7750941041122662
baik2012,W2_smoke,54,0.6875,4,0,0,4,0.076,0.11480502970952694,0.09291122022816,0.5685194849546682,-0.0,0.8226697972010877,0.9968631648836515,4.539385509952227,0.007644328618880624,0.2720098223784947,0.03201664963983402,0.01583141871968641,0.03254736794052582,0.6318458117059916,-0.0,0.7750941041122662
baik2012,W2_smoke,54,0.6875,5,0,0,5,0.076,0.09732700464643729,0.09291122022816,0.5685194849546682,-0.0,0.8226697972010877,0.9968631648836515,4.539385509952227,0.007366760649115953,0.2720098223784947,0.03085411504951746,0.01533563086224622,0.031128395037054994,0.6318458117059916,-0.0,0.7750941041122662
baik2012,W2_smoke,54,0.6875,6,0,0,6,0.07599999999999998,0.0650318253974218,0.09291122022816,0.5685194849546682,-0.0,0.8226697972010877,0.9968631648836515,4.539385509952227,0.006301403974394188,0.27200982237849475,0.026392094498519748,0.013403698694007668,0.025769140164276366,0.6318458117059916,-0.0,0.7750941041122662
baik2012,W2_smoke,54,0.6875,7,0,0,7,0.076,0.022836140246613956,0.09291122022816,0.5685194849546682,-0.0,0.8226697972010877,0.9968631648836515,4.539385509952227,0.0046323757755063035,0.2720098223784947,0.019401723761341586,0.010871370197199595,0.015890198811755178,0.6318458117059916,-0.0,0.7750941041122662
baik2012,W2_smoke,55,0.71875,0,0,0,0,0.076,0.022836140246613977,0.09702547752059648,0.6698781514849598,-0.0,0.7424710513973548,0.999862452348819,0.9503185303217628,0.003636022769374026,0.2840548519517463,0.01522871044580418,0.00989793104840558,0.00837798296929371,0.6574718120251518,-0.0,0.7534791413120628
baik2012,W2_smoke,55,0.71875,1,0,0,1,0.07600000000000001,0.06503182539742178,0.09702547752059648,0.6698781514849598,-0.0,0.7424710513973548,0.999862452348819,0.9503185303217628,0.005310507059924326,0.28405485195174623,0.022241932866088537,0.012721447931707708,0.01744048837009822,0.6574718120251518,-0.0,0.7534791413120628
baik2012,W2_smoke,55,0.71875,2,0,0,2,0.07599999999999998,0.09732700464643732,0.09702547752059648,0.6698781514849598,-0.0,0.7424710513973548,0.999862452348819,0.9503185303217628,0.006355003045078344,0.28405485195174635,0.026616582841796466,0.014729710534683724,0.022352325500439987,0.6574718120251518,-0.0,0.7534791413120628
baik2012,W2_smoke,55,0.71875,3,0,0,3,0.076,0.11480502970952691,0.09702547752059648,0.6698781514849598,-0.0,0.7424710513973548,0.999862452348819,0.9503185303217628,0.0066382839854042894,0.2840548519517463,0.02780304499802263,0.015254621698751669,0.02374374739880157,0.6574718120251518,-0.0,0.7534791413120628
baik2012,W2_smoke,55,0.71875,4,0,0,4,0.07600000000000001,0.11480502970952694,0.09702547752059648,0.6698781514849598,-0.0,0.7424710513973548,0.999862452348819,0.9503185303217628,0.006638283985404274,0.28405485195174623,0.02780304499802256,0.015254621698751622,0.02374374739880153,0.6574718120251518,-0.0,0.7534791413120628
baik2012,W2_smoke,55,0.71875,5,0,0,5,0.076,0.09732700464643729,0.09702547752059648,0.6698781514849598,-0.0,0.7424710513973548,0.999862452348819,0.9503185303217628,0.006355003045078327,0.2840548519517463,0.02661658284179639,0.014729710534683704,0.022352325500439862,0.6574718120251518,-0.0,0.7534791413120628
baik2012,W2_smoke,55,0.71875,6,0,0,6,0.076,0.0650318253974218,0.09702547752059648,0.6698781514849598,-0.0,0.7424710513973548,0.999862452348819,0.9503185303217628,0.005310507059924315,0.2840548519517463,0.022241932866088495,0.012721447931707701,0.017440488370098137,0.6574718120251518,-0.0,0.7534791413120628
baik2012,W2_smoke,55,0.71875,7,0,0,7,0.07600000000000001,0.022836140246613956,0.09702547752059648,0.6698781514849598,-0.0,0.7424710513973548,0.999862452348819,0.9503185303217628,0.0036360227693740185,0.28405485195174623,0.015228710445804147,0.00989793104840557,0.008377982969293658,0.6574718120251518,-0.0,0.7534791413120628
baik2012,W2_smoke,56,0.75,0,0,0,0,0.076,0.022836140246613977,0.09918043684387583,0.7367005452766429,-0.0,0.6762191261633295,0.9950639699947237,5.695152116791385,0.0026194191264702635,0.290363778917926,0.010970881631768343,0.008554848127995028,0.0017626596954357712,0.6659591881686743,-0.0,0.7459881766447243
baik2012,W2_smoke,56,0.75,1,0,0,1,0.076,0.06503182539742178,0.09918043684387583,0.7367005452766429,-0.0,0.6762191261633295,0.9950639699947237,5.695152116791385,0.004145544047690583,0.290363778917926,0.017362732289345796,0.011491719465628466,0.008931672326479088,0.6659591881686743,-0.0,0.7459881766447243
baik2012,W2_smoke,56,0.75,2,0,0,2,0.07599999999999998,0.09732700464643732,0.09918043684387583,0.7367005452766429,-0.0,0.6762191261633295,0.9950639699947237,5.695152116791385,0.005137317426486441,0.29036377891792603,0.02151656480677505,0.013520879010600336,0.013228774985136624,0.6659591881686743,-0.0,0.7459881766447243
baik2012,W2_smoke,56,0.75,3,0,0,3,0.076,0.11480502970952691,0.09918043684387583,0.7367005452766429,-0.0,0.6762191261633295,0.9950639699947237,5.695152116791385,0.005421984127443006,0.290363778917926,0.022708830927588197,0.014067468843059804,0.01456967078979108,0.6659591881686743,-0.0,0.7459881766447243
baik2012,W2_smoke,56,0.75,4,0,0,4,0.076,0.11480502970952694,0.09918043684387583,0.7367005452766429,-0.0,0.6762191261633295,0.9950639699947237,5.695152116791385,0.005421984127442987,0.290363778917926,0.022708830927588117,0.014067468843059759,0.014569670789791017,0.6659591881686743,-0.0,0.7459881766447243
baik2012,W2_smoke,56,0.75,5,0,0,5,0.076,0.09732700464643729,0.09918043684387583,0.7367005452766429,-0.0,0.6762191261633295,0.9950639699947237,5.695152116791385,0.0051373174264864475,0.290363778917926,0.021516564806775072,0.013520879010600326,0.013228774985136707,0.6659591881686743,-0.0,0.7459881766447243
baik2012,W2_smoke,56,0.75,6,0,0,6,0.076,0.0650318253974218,0.09918043684387583,0.7367005452766429,-0.0,0.6762191261633295,0.9950639699947237,5.695152116791385,0.004145544047690577,0.290363778917926,0.017362732289345772,0.011491719465628457,0.00893167232647906,0.6659591881686743,-0.0,0.7459881766447243
baik2012,W2_smoke,56,0.75,7,0,0,7,0.07599999999999998,0.022836140246613956,0.09918043684387583,0.7367005452766429,-0.0,0.6762191261633295,0.9950639699947237,5.695152116791385,0.0026194191264702557,0.29036377891792603,0.010970881631768311,0.008554848127995016,0.0017626596954357296,0.6659591881686743,-0.0,0.7459881766447243
baik2012,W2_smoke,57,0.7812500000000002,0,0,0,0,0.076,0.022836140246613977,0.0986450519591637,0.7770025510103606,-0.0,0.62949744695542,0.9851704709510529,9.879602548122708,0.0016264862244677668,0.28879636922255164,0.006812192697234714,0.006994684493831713,-0.003953571738408351,0.6574718120251518,-0.0,0.7534791413120628
baik2012,W2_smoke,57,0.7812500000000002,1,0,0,1,0.07600000000000001,0.06503182539742178,0.0986450519591637,0.7770025510103606,-0.0,0.62949744695542,0.9851704709510529,9.879602548122708,0.0029031460700779904,0.2887963692225516,0.012159211778176898,0.009851752508996524,0.0008427719184526741,0.6574718120251518,-0.0,0.7534791413120628
baik2012,W2_smoke,57,0.7812500000000002,2,0,0,2,0.076,0.09732700464643732,0.0986450519591637,0.7770025510103606,-0.0,0.62949744695542,0.9851704709510529,9.879602548122708,0.0038106083123054125,0.28879636922255164,0.015959924976065035,0.011841882463695552,0.00437416504907593,0.6574718120251518,-0.0,0.7534791413120628
baik2012,W2_smoke,57,0.7812500000000002,3,0,0,3,0.076,0.11480502970952691,0.0986450519591637,0.7770025510103606,-0.0,0.62949744695542,0.9851704709510529,9.879602548122708,0.004090521646998161,0.28879636922255164,0.017132282630109432,0.012400468467708144,0.005629301172149152,0.6574718120251518,-0.0,0.7534791413120628
baik2012,W2_smoke,57,0.7812500000000002,4,0,0,4,0.076,0.11480502970952694,0.0986450519591637,0.7770025510103606,-0.0,0.62949744695542,0.9851704709510529,9.879602548122708,0.004090521646998141,0.28879636922255164,0.017132282630109345,0.0124004684677081,0.005629301172149069,0.6574718120251518,-0.0,0.7534791413120628
baik2012,W2_smoke,57,0.7812500000000002,5,0,0,5,0.076,0.09732700464643729,0.0986450519591637,0.7770025510103606,-0.0,0.62949744695542,0.9851704709510529,9.879602548122708,0.0038106083123054103,0.28879636922255164,0.015959924976065024,0.011841882463695544,0.00437416504907593,0.6574718120251518,-0.0,0.7534791413120628
baik2012,W2_smoke,57,0.7812500000000002,6,0,0,6,0.076,0.0650318253974218,0.0986450519591637,0.7770025510103606,-0.0,0.62949744695542,0.9851704709510529,9.879602548122708,0.002903146070077986,0.28879636922255164,0.01215921177817688,0.009851752508996517,0.0008427719184526498,0.6574718120251518,-0.0,0.7534791413120628
baik2012,W2_smoke,57,0.7812500000000002,7,0,0,7,0.076,0.022836140246613956,0.0986450519591637,0.7770025510103606,-0.0,0.62949744695542,0.9851704709510529,9.879602548122708,0.0016264862244677655,0.28879636922255164,0.006812192697234708,0.006994684493831704,-0.003953571738408341,0.6574718120251518,-0.0,0.7534791413120628
baik2012,W2_smoke,58,0.8124999999999998,0,0,0,0,0.076,0.022836140246613977,0.09566216360228587,0.7976157027551051,-0.0,0.6031659727790354,0.9714805304389142,13.716583311223003,0.0007071878212893913,0.28006357107248164,0.0029619062487524876,0.005366105208967274,-0.008693550005020605,0.6318458117059916,-0.0,0.7750941041122662
baik2012,W2_smoke,58,0.8124999999999998,1,0,0,1,0.076,0.06503182539742178,0.09566216360228587,0.7976157027551051,-0.0,0.6031659727790354,0.9714805304389142,13.716583311223003,0.0016770750384816407,0.28006357107248164,0.007024073218694309,0.007979203903656265,-0.006377428664233024,0.6318458117059916,-0.0,0.7750941041122662
baik2012,W2_smoke,58,0.8124999999999998,2,0,0,2,0.076,0.09732700464643732,0.09566216360228587,0.7976157027551051,-0.0,0.6031659727790354,0.9714805304389142,13.716583311223003,0.002470989748114841,0.28006357107248164,0.010349216651101957,0.009872583667594248,-0.0037447093750278514,0.6318458117059916,-0.0,0.7750941041122662
baik2012,W2_smoke,58,0.8124999999999998,3,0,0,3,0.076,0.11480502970952691,0.09566216360228587,0.7976157027551051,-0.0,0.6031659727790354,0.9714805304389142,13.716583311223003,0.002738191517858187,0.28006357107248164,0.011468334610511322,0.0104314570573989,-0.002623534645918399,0.6318458117059916,-0.0,0.7750941041122662
baik2012,W2_smoke,58,0.8124999999999998,4,0,0,4,0.076,0.11480502970952694,0.09566216360228587,0.7976157027551051,-0.0,0.6031659727790354,0.9714805304389142,13.716583311223003,0.0027381915178582104,0.28006357107248164,0.011468334610511421,0.010431457057398882,-0.0026235346459180936,0.6318458117059916,-0.0,0.7750941041122662
baik2012,W2_smoke,58,0.8124999999999998,5,0,0,5,0.076,0.09732700464643729,0.09566216360228587,0.7976157027551051,-0.0,0.6031659727790354,0.9714805304389142,13.716583311223003,0.002470989748114841,0.28006357107248164,0.010349216651101957,0.009872583667594241,-0.0037447093750278306,0.6318458117059916,-0.0,0.7750941041122662
baik2012,W2_smoke,58,0.8124999999999998,6,0,0,6,0.07599999999999998,0.0650318253974218,0.09566216360228587,0.7976157027551051,-0.0,0.6031659727790354,0.9714805304389142,13.716583311223003,0.0016770750384816288,0.2800635710724817,0.00702407321869426,0.007979203903656251,-0.0063774286642331035,0.6318458117059916,-0.0,0.7750941041122662
baik2012,W2_smoke,58,0.8124999999999998,7,0,0,7,0.076,0.022836140246613956,0.09566216360228587,0.7976157027551051,-0.0,0.6031659727790354,0.9714805304389142,13.716583311223003,0.0007071878212893855,0.28006357107248164,0.0029619062487524633,0.005366105208967265,-0.008693550005020638,0.6318458117059916,-0.0,0.7750941041122662
baik2012,W2_smoke,59,0.84375,0,0,0,0,0.076,0.022836140246613977,0.09119053578362865,0.8025596867872593,-0.0,0.5965718306657933,0.9547183107317578,17.30818451509308,-9.943030154063872e-05,0.2669722922612813,-0.00041644273640290393,0.003784432546772073,-0.012394404481323479,0.5887315940893042,-0.0,0.8083285904389791
baik2012,W2_smoke,59,0.84375,1,0,0,1,0.07600000000000001,0.06503182539742178,0.09119053578362865,0.8025596867872593,-0.0,0.5965718306657933,0.9547183107317578,17.30818451509308,0.0005537934642540178,0.2669722922612812,0.0023194465075792575,0.006044228267596265,-0.012334068533840652,0.5887315940893042,-0.0,0.8083285904389791
baik2012,W2_smoke,59,0.84375,2,0,0,2,0.07600000000000001,0.09732700464643732,0.09119053578362865,0.8025596867872593,-0.0,0.5965718306657933,0.9547183107317578,17.30818451509308,0.0012131566563488808,0.2669722922612812,0.00508104943691474,0.007792167847510793,-0.010673879950245529,0.5887315940893042,-0.0,0.8083285904389791
baik2012,W2_smoke,59,0.84375,3,0,0,3,0.076,0.11480502970952691,0.09119053578362865,0.8025596867872593,-0.0,0.5965718306657933,0.9547183107317578,17.30818451509308,0.0014592890427552276,0.2669722922612813,0.00611192275142986,0.008338716395659017,-0.009736342308402403,0.5887315940893042,-0.0,0.8083285904389791
baik2012,W2_smoke,59,0.84375,4,0,0,4,0.07600000000000001,0.11480502970952694,0.09119053578362865,0.8025596867872593,-0.0,0.5965718306657933,0.9547183107317578,17.30818451509308,0.0014592890427552175,0.2669722922612812,0.0061119227514298165,0.008338716395659,-0.009736342308402457,0.5887315940893042,-0.0,0.8083285904389791
baik2012,W2_smoke,59,0.84375,5,0,0,5,0.076,0.09732700464643729,0.09119053578362865,0.8025596867872593,-0.0,0.5965718306657933,0.9547183107317578,17.30818451509308,0.0012131566563488778,0.2669722922612813,0.005081049436914728,0.0077921678475107855,-0.010673879950245536,0.5887315940893042,-0.0,0.8083285904389791
baik2012,W2_smoke,59,0.84375,6,0,0,6,0.076,0.0650318253974218,0.09119053578362865,0.8025596867872593,-0.0,0.5965718306657933,0.9547183107317578,17.30818451509308,0.0005537934642540133,0.2669722922612813,0.0023194465075792384,0.006044228267596251,-0.01233406853384066,0.5887315940893042,-0.0,0.8083285904389791
baik2012,W2_smoke,59,0.84375,7,0,0,7,0.076,0.022836140246613956,0.09119053578362865,0.8025596867872593,-0.0,0.5965718306657933,0.9547183107317578,17.30818451509308,-9.943030154063964e-05,0.2669722922612813,-0.0004164427364029078,0.0037844325467720655,-0.012394404481323465,0.5887315940893042,-0.0,0.8083285904389791
baik2012,W2_smoke,60,0.875,0,0,0,0,0.07599999999999998,0.022836140246613977,0.08631896820194986,0.7927481140628426,-0.0,0.6095493644076796,0.9362190390964114,20.574009935010526,-0.0007781702969280139,0.2527101371701822,-0.0032592012979837204,0.00231799481862182,-0.01510198770082476,0.5279798660477595,-0.0,0.849256887548279
baik2012,W2_smoke,60,0.875,1,0,0,1,0.07599999999999998,0.06503182539742178,0.08631896820194986,0.7927481140628426,-0.0,0.6095493644076796,0.9362190390964114,20.574009935010526,-0.0004107758883754982,0.2527101371701822,-0.001720447714155926,0.0041740976788604105,-0.016823412321971046,0.5279798660477595,-0.0,0.849256887548279
baik2012,W2_smoke,60,0.875,2,0,0,2,0.07599999999999998,0.09732700464643732,0.08631896820194986,0.7927481140628426,-0.0,0.6095493644076796,0.9362190390964114,20.574009935010526,0.00010544747252146633,0.2527101371701822,0.00044164438127205726,0.005741403376248428,-0.01612009917556514,0.5279798660477595,-0.0,0.849256887548279
baik2012,W2_smoke,60,0.875,3,0,0,3,0.076,0.11480502970952691,0.08631896820194986,0.7927481140628426,-0.0,0.6095493644076796,0.9362190390964114,20.574009935010526,0.00032376174447415934,0.25271013717018215,0.0013560074215030946,0.006263746091735273,-0.015401219721448083,0.5279798660477595,-0.0,0.849256887548279
baik2012,W2_smoke,60,0.875,4,0,0,4,0.07599999999999997,0.11480502970952694,0.08631896820194986,0.7927481140628426,-0.0,0.6095493644076796,0.9362190390964114,20.574009935010526,0.00032376174447416097,0.25271013717018226,0.0013560074215031017,0.00626374609173526,-0.015401219721448025,0.5279798660477595,-0.0,0.849256887548279
baik2012,W2_smoke,60,0.875,5,0,0,5,0.07599999999999998,0.09732700464643729,0.08631896820194986,0.7927481140628426,-0.0,0.6095493644076796,0.9362190390964114,20.574009935010526,0.00010544747252147405,0.2527101371701822,0.00044164438127208957,0.0057414033762484265,-0.016120099175565054,0.5279798660477595,-0.0,0.849256887548279
baik2012,W2_smoke,60,0.875,6,0,0,6,0.07599999999999997,0.0650318253974218,0.08631896820194986,0.7927481140628426,-0.0,0.6095493644076796,0.9362190390964114,20.574009935010526,-0.0004107758883755019,0.25271013717018226,-0.0017204477141559416,0.004174097678860399,-0.01682341232197105,0.5279798660477595,-0.0,0.849256887548279
baik2012,W2_smoke,60,0.875,7,0,0,7,0.07599999999999998,0.022836140246613956,0.08631896820194986,0.7927481140628426,-0.0,0.6095493644076796,0.9362190390964114,20.574009935010526,-0.0007781702969280089,0.2527101371701822,-0.0032592012979836995,0.002317994818621817,-0.0151019877008247,0.5279798660477595,-0.0,0.849256887548279
baik2012,W2_smoke,61,0.90625,0,0,0,0,0.076,0.022836140246613977,0.08181814044796565,0.7661766974594352,-0.0,0.6426299621634157,0.9187361742329185,23.257986987472176,-0.00134153459554698,0.23953337170621522,-0.0056187332160549585,0.0009912923832224871,-0.017020710189804857,0.45015771351739103,-0.0,0.8929490651547795
baik2012,W2_smoke,61,0.90625,1,0,0,1,0.07599999999999998,0.06503182539742178,0.08181814044796565,0.7661766974594352,-0.0,0.6426299621634157,0.9187361742329185,23.257986987472176,-0.0012078301250658613,0.23953337170621525,-0.005058740389987738,0.0024395784176201286,-0.01996558622782973,0.45015771351739103,-0.0,0.8929490651547795
baik2012,W2_smoke,61,0.90625,2,0,0,2,0.07599999999999998,0.09732700464643732,0.08181814044796565,0.7661766974594352,-0.0,0.6426299621634157,0.9187361742329185,23.257986987472176,-0.0008318989121752464,0.23953337170621525,-0.0034842322111963424,0.0038050461164848247,-0.020125718877445332,0.45015771351739103,-0.0,0.8929490651547795
baik2012,W2_smoke,61,0.90625,3,0,0,3,0.076,0.11480502970952691,0.08181814044796565,0.7661766974594352,-0.0,0.6426299621634157,0.9187361742329185,23.257986987472176,-0.0006453155657073814,0.23953337170621522,-0.002702767424644014,0.004293334721002804,-0.019636922724618446,0.45015771351739103,-0.0,0.8929490651547795
baik2012,W2_smoke,61,0.90625,4,0,0,4,0.07599999999999997,0.11480502970952694,0.08181814044796565,0.7661766974594352,-0.0,0.6426299621634157,0.9187361742329185,23.257986987472176,-0.0006453155657073762,0.2395333717062153,-0.002702767424643993,0.004293334721002796,-0.019636922724618373,0.45015771351739103,-0.0,0.8929490651547795
baik2012,W2_smoke,61,0.90625,5,0,0,5,0.076,0.09732700464643729,0.08181814044796565,0.7661766974594352,-0.0,0.6426299621634157,0.9187361742329185,23.257986987472176,-0.0008318989121752528,0.23953337170621522,-0.0034842322111963684,0.003805046116484821,-0.02012571887744538,0.45015771351739103,-0.0,0.8929490651547795
baik2012,W2_smoke,61,0.90625,6,0,0,6,0.07599999999999998,0.0650318253974218,0.08181814044796565,0.7661766974594352,-0.0,0.6426299621634157,0.9187361742329185,23.257986987472176,-0.0012078301250658561,0.23953337170621525,-0.005058740389987716,0.002439578417620123,-0.01996558622782966,0.45015771351739103,-0.0,0.8929490651547795
baik2012,W2_smoke,61,0.90625,7,0,0,7,0.07599999999999998,0.022836140246613956,0.08181814044796565,0.7661766974594352,-0.0,0.6426299621634157,0.9187361742329185,23.257986987472176,-0.001341534595546979,0.23953337170621525,-0.005618733216054956,0.0009912923832224854,-0.017020710189804847,0.45015771351739103,-0.0,0.8929490651547795
baik2012,W2_smoke,62,0.9375,0,0,0,0,0.076,0.022836140246613977,0.07803435506504891,0.7183291007605185,-0.0,0.6957034590977572,0.9063162296607353,24.998855380531385,-0.0018222371459493988,0.22845584213122874,-0.00763205392798722,-0.00020291363807566954,-0.01847139390574104,0.35702893191049406,-0.0,0.9340933260541219
baik2012,W2_smoke,62,0.9375,1,0,0,1,0.07600000000000001,0.06503182539742178,0.07803435506504891,0.7183291007605185,-0.0,0.6957034590977572,0.9063162296607353,24.998855380531385,-0.0018710113391178912,0.2284558421312287,-0.007836334294778917,0.0008602246266112443,-0.022171509616781025,0.35702893191049406,-0.0,0.9340933260541219
baik2012,W2_smoke,62,0.9375,2,0,0,2,0.07600000000000001,0.09732700464643732,0.07803435506504891,0.7183291007605185,-0.0,0.6957034590977572,0.9063162296607353,24.998855380531385,-0.0016260347948348674,0.2284558421312287,-0.006810301979931184,0.002013931323111274,-0.02306754891916178,0.35702893191049406,-0.0,0.9340933260541219
baik2012,W2_smoke,62,0.9375,3,0,0,3,0.076,0.11480502970952691,0.07803435506504891,0.7183291007605185,-0.0,0.6957034590977572,0.9063162296607353,24.998855380531385,-0.0014724092526960074,0.22845584213122874,-0.006166873968968769,0.0024608404446372946,-0.022799706256333804,0.35702893191049406,-0.0,0.9340933260541219
baik2012,W2_smoke,62,0.9375,4,0,0,4,0.07600000000000001,0.11480502970952694,0.07803435506504891,0.7183291007605185,-0.0,0.6957034590977572,0.9063162296607353,24.998855380531385,-0.0014724092526959994,0.2284558421312287,-0.006166873968968734,0.0024608404446372937,-0.022799706256333718,0.35702893191049406,-0.0,0.9340933260541219
baik2012,W2_smoke,62,0.9375,5,0,0,5,0.076,0.09732700464643729,0.07803435506504891,0.7183291007605185,-0.0,0.6957034590977572,0.9063162296607353,24.998855380531385,-0.0016260347948348723,0.22845584213122874,-0.006810301979931206,0.002013931323111268,-0.02306754891916182,0.35702893191049406,-0.0,0.9340933260541219
baik2012,W2_smoke,62,0.9375,6,0,0,6,0.076,0.0650318253974218,0.07803435506504891,0.7183291007605185,-0.0,0.6957034590977572,0.9063162296607353,24.998855380531385,-0.0018710113391179016,0.22845584213122874,-0.007836334294778962,0.0008602246266112339,-0.022171509616781108,0.35702893191049406,-0.0,0.9340933260541219
baik2012,W2_smoke,62,0.9375,7,0,0,7,0.07600000000000001,0.022836140246613956,0.07803435506504891,0.7183291007605185,-0.0,0.6957034590977572,0.9063162296607353,24.998855380531385,-0.0018222371459493986,0.2284558421312287,-0.007632053927987218,-0.0002029136380756703,-0.018471393905741033,0.35702893191049406,-0.0,0.9340933260541219
baik2012,W2_smoke,63,0.96875,0,0,0,0,0.076,0.022836140246613977,0.07503173106660015,0.6428482941251041,-0.0,0.7659935187326612,0.9031924103378381,25.419079099962307,-0.002254872268726175,0.21966526529366492,-0.009444054410752824,-0.0012879979575648591,-0.019746142154187483,0.25182377208480466,-0.0,0.9677731076099296
baik2012,W2_smoke,63,0.96875,1,0,0,1,0.076,0.06503182539742178,0.07503173106660015,0.6428482941251041,-0.0,0.7659935187326612,0.9031924103378381,25.419079099962307,-0.0024530224238621403,0.21966526529366492,-0.010273964322971634,-0.0005797646433165636,-0.023945616877479394,0.25182377208480466,-0.0,0.9677731076099296
baik2012,W2_smoke,63,0.96875,2,0,0,2,0.076,0.09732700464643732,0.07503173106660015,0.6428482941251041,-0.0,0.7659935187326612,0.9031924103378381,25.419079099962307,-0.0023286463251233178,0.21966526529366492,-0.009753041404109286,0.00035946494705029397,-0.025460998351424097,0.25182377208480466,-0.0,0.9677731076099296
baik2012,W2_smoke,63,0.96875,3,0,0,3,0.076,0.11480502970952691,0.07503173106660015,0.6428482941251041,-0.0,0.7659935187326612,0.9031924103378381,25.419079099962307,-0.0022076330126521273,0.21966526529366492,-0.009246202802537863,0.0007599152293948314,-0.025395252694529153,0.25182377208480466,-0.0,0.9677731076099296
baik2012,W2_smoke,63,0.96875,4,0,0,4,0.076,0.11480502970952694,0.07503173106660015,0.6428482941251041,-0.0,0.7659935187326612,0.9031924103378381,25.419079099962307,-0.002207633012652118,0.21966526529366492,-0.009246202802537825,0.0007599152293948355,-0.025395252694529066,0.25182377208480466,-0.0,0.9677731076099296
baik2012,W2_smoke,63,0.96875,5,0,0,5,0.076,0.09732700464643729,0.07503173106660015,0.6428482941251041,-0.0,0.7659935187326612,0.9031924103378381,25.419079099962307,-0.0023286463251233217,0.21966526529366492,-0.009753041404109302,0.00035946494705028746,-0.025460998351424118,0.25182377208480466,-0.0,0.9677731076099296
baik2012,W2_smoke,63,0.96875,6,0,0,6,0.07599999999999998,0.0650318253974218,0.07503173106660015,0.6428482941251041,-0.0,0.7659935187326612,0.9031924103378381,25.419079099962307,-0.002453022423862141,0.21966526529366498,-0.01027396432297164,-0.000579764643316573,-0.023945616877479384,0.25182377208480466,-0.0,0.9677731076099296
baik2012,W2_smoke,63,0.96875,7,0,0,7,0.076,0.022836140246613956,0.07503173106660015,0.6428482941251041,-0.0,0.7659935187326612,0.9031924103378381,25.419079099962307,-0.0022548722687261756,0.21966526529366492,-0.009444054410752826,-0.00128799795756486,-0.019746142154187487,0.25182377208480466,-0.0,0.9677731076099296
