figure,case_id,model,phase,CL,CD,persistence,ldvm_delta_CL,ldvm_delta_CD,ldvm_shedding
9,razak2014_fig9,old,0.0,0.2665008142566375,0.04646873667058871,,,,
9,razak2014_fig9,old,0.0078125,0.26475568531149424,0.0462099191222253,,,,
9,razak2014_fig9,old,0.015625,0.26315846882262933,0.04593136510876382,,,,
9,razak2014_fig9,old,0.0234375,0.2617162724824697,0.04563457913604103,,,,
9,razak2014_fig9,old,0.03125,0.26043595239511896,0.045320455074394986,,,,
9,razak2014_fig9,old,0.0390625,0.25932437845915274,0.04498929138224694,,,,
9,razak2014_fig9,old,0.046875,0.2583883357579463,0.04464078145279176,,,,
9,razak2014_fig9,old,0.0546875,0.2576345389809134,0.04427401865190619,,,,
9,razak2014_fig9,old,0.0625,0.25706964987853387,0.043887507567033635,,,,
9,razak2014_fig9,old,0.0703125,0.25670030408675615,0.04347918152646203,,,,
9,razak2014_fig9,old,0.078125,0.2565331469247129,0.04304642607463758,,,,
9,razak2014_fig9,old,0.0859375,0.25657487697581016,0.042586109349933204,,,,
9,razak2014_fig9,old,0.09375,0.2568322893999063,0.042094619331437946,,,,
9,razak2014_fig9,old,0.1015625,0.25731231954182554,0.041567908326529214,,,,
9,razak2014_fig9,old,0.109375,0.2580220915517781,0.04100154374828379,,,,
9,razak2014_fig9,old,0.1171875,0.25896895677581533,0.04039076454888566,,,,
9,razak2014_fig9,old,0.125,0.2601605225177921,0.039730542881165655,,,,
9,razak2014_fig9,old,0.1328125,0.2616046780695179,0.03901565458085239,,,,
9,razak2014_fig9,old,0.140625,0.26330960340244813,0.03824075398602061,,,,
9,razak2014_fig9,old,0.1484375,0.26528374927236975,0.037400446895808855,,,,
9,razak2014_fig9,old,0.15625,0.26753581203108945,0.036489370864354956,,,,
9,razak2014_fig9,old,0.1640625,0.27007467544010755,0.035502282667674384,,,,
9,razak2014_fig9,old,0.171875,0.2729093025727216,0.034434137996076024,,,,
9,razak2014_fig9,old,0.1796875,0.27604864827814507,0.03328017632545074,,,,
9,razak2014_fig9,old,0.1875,0.27950152925516564,0.03203601093999506,,,,
9,razak2014_fig9,old,0.1953125,0.2832764414791109,0.030697707616236705,,,,
9,razak2014_fig9,old,0.203125,0.287381414326628,0.029261869939922035,,,,
9,razak2014_fig9,old,0.2109375,0.29182379774272255,0.027725717091304686,,,,
9,razak2014_fig9,old,0.21875,0.29661005105732613,0.026087154638978042,,,,
9,razak2014_fig9,old,0.2265625,0.3017455088779403,0.024344843466137342,,,,
9,razak2014_fig9,old,0.234375,0.3072341152984016,0.022498259325187443,,,,
9,razak2014_fig9,old,0.2421875,0.3130781341866669,0.020547748074843834,,,,
9,razak2014_fig9,old,0.25,0.31927785654471513,0.01849457215986848,,,,
9,razak2014_fig9,old,0.2578125,0.3258313522228485,0.016340947139780654,,,,
9,razak2014_fig9,old,0.265625,0.33273420414149746,0.01409006851703838,,,,
9,razak2014_fig9,old,0.2734375,0.33997924122719,0.01174612880710775,,,,
9,razak2014_fig9,old,0.28125,0.3475562937539676,0.009314324300247891,,,,
9,razak2014_fig9,old,0.2890625,0.35545197391366873,0.00680085110517321,,,,
9,razak2014_fig9,old,0.296875,0.36364948510412953,0.004212890502996181,,,,
9,razak2014_fig9,old,0.3046875,0.37212846575981595,0.0015585838134927364,,,,
9,razak2014_fig9,old,0.3125,0.38086487813965486,-0.0011530035892598745,,,,
9,razak2014_fig9,old,0.3203125,0.38983094579457944,-0.003911928688356507,,,,
9,razak2014_fig9,old,0.328125,0.39899514523251955,-0.006707427254202174,,,,
9,razak2014_fig9,old,0.3359375,0.408322256301277,-0.009527979806437386,,,,
9,razak2014_fig9,old,0.34375,0.41777347521327324,-0.012361386511280088,,,,
9,razak2014_fig9,old,0.3515625,0.427306592839348,-0.015194850269622218,,,,
9,razak2014_fig9,old,0.359375,0.43687624003293596,-0.018015067245781266,,,,
9,razak2014_fig9,old,0.3671875,0.4464342002324614,-0.020808323856964052,,,,
9,razak2014_fig9,old,0.375,0.45592978879339396,-0.02356059952633472,,,,
9,razak2014_fig9,old,0.3828125,0.4653102944721122,-0.02625767399400627,,,,
9,razak2014_fig9,old,0.390625,0.47452147954366747,-0.028885238169927444,,,,
9,razak2014_fig9,old,0.3984375,0.4835081304597732,-0.03142900733423205,,,,
9,razak2014_fig9,old,0.40625,0.4922146570990953,-0.03387483589313189,,,,
9,razak2014_fig9,old,0.4140625,0.5005857253261029,-0.0362088322310788,,,,
9,razak2014_fig9,old,0.421875,0.5085669178072297,-0.03841747302286489,,,,
9,razak2014_fig9,old,0.4296875,0.5161054046596026,-0.04048771516541949,,,,
9,razak2014_fig9,old,0.4375,0.5231506192433065,-0.04240710504962044,,,,
9,razak2014_fig9,old,0.4453125,0.5296549212354897,-0.04416388338476729,,,,
9,razak2014_fig9,old,0.453125,0.5355742359437968,-0.04574708519365464,,,,
9,razak2014_fig9,old,0.4609375,0.5408686584497518,-0.04714663421752092,,,,
9,razak2014_fig9,old,0.46875,0.545503006348021,-0.04835343038405934,,,,
9,razak2014_fig9,old,0.4765625,0.5494473114742497,-0.04935942957504139,,,,
9,razak2014_fig9,old,0.484375,0.5526772390333128,-0.05015771459167525,,,,
9,razak2014_fig9,old,0.4921875,0.5551744253116532,-0.050742557195388734,,,,
9,razak2014_fig9,old,0.5,0.5569267294127423,-0.05110947090191722,,,,
9,razak2014_fig9,old,0.5078125,0.5579283874973123,-0.051255253534847944,,,,
9,razak2014_fig9,old,0.515625,0.5581800689874614,-0.05117801908163978,,,,
9,razak2014_fig9,old,0.5234375,0.557688833828325,-0.05087721861827403,,,,
9,razak2014_fig9,old,0.53125,0.5564679929390463,-0.05035365055603312,,,,
9,razak2014_fig9,old,0.5390625,0.5545368738010654,-0.04960945929806722,,,,
9,razak2014_fig9,old,0.546875,0.5519204928814959,-0.048648121990756896,,,,
9,razak2014_fig9,old,0.5546875,0.5486491462523223,-0.04747442404782029,,,,
9,razak2014_fig9,old,0.5625,0.5447579280385235,-0.04609442349302859,,,,
9,razak2014_fig9,old,0.5703125,0.5402861832285631,-0.04451540412682574,,,,
9,razak2014_fig9,old,0.578125,0.5352769121764235,-0.04274581883431159,,,,
9,razak2014_fig9,old,0.5859375,0.5297761391252369,-0.04079522285901027,,,,
9,razak2014_fig9,old,0.59375,0.5238322427222636,-0.03867419532710695,,,,
9,razak2014_fig9,old,0.6015625,0.5174952684321301,-0.036394250574014235,,,,
9,razak2014_fig9,old,0.609375,0.5108162502502333,-0.03396774316896054,,,,
9,razak2014_fig9,old,0.6171875,0.5038465471163381,-0.031407767880381,,,,
9,razak2014_fig9,old,0.625,0.49663720801722083,-0.028728053465299556,,,,
9,razak2014_fig9,old,0.6328125,0.48923836976226465,-0.02594285065779464,,,,
9,razak2014_fig9,old,0.640625,0.4816986891813304,-0.02306681720780668,,,,
9,razak2014_fig9,old,0.6484375,0.4740648161612242,-0.02011489939478868,,,,
9,razak2014_fig9,old,0.65625,0.466380938185028,-0.01710221145064521,,,,
9,razak2014_fig9,old,0.6640625,0.45868840524446985,-0.014043917175630355,,,,
9,razak2014_fig9,old,0.671875,0.4510254140200516,-0.010955111729405251,,,,
9,razak2014_fig9,old,0.6796875,0.44342674555811573,-0.007850703727260148,,,,
9,razak2014_fig9,old,0.6875,0.43592358202240117,-0.004745303318003973,,,,
9,razak2014_fig9,old,0.6953125,0.428543399536477,-0.0016531155109029557,,,,
9,razak2014_fig9,old,0.703125,0.421309908848864,0.0014121623107193405,,,,
9,razak2014_fig9,old,0.7109375,0.4142430670789898,0.004437434737007324,,,,
9,razak2014_fig9,old,0.71875,0.4073591482808891,0.007410294944569615,,,,
9,razak2014_fig9,old,0.7265625,0.40067085561600396,0.010319103235574011,,,,
9,razak2014_fig9,old,0.734375,0.39418748850218094,0.013153056228236822,,,,
9,razak2014_fig9,old,0.7421875,0.38791514922140174,0.01590224495368644,,,,
9,razak2014_fig9,old,0.75,0.38185698021741704,0.01855770212310174,,,,
9,razak2014_fig9,old,0.7578125,0.3760134333863891,0.021111439456447407,,,,
9,razak2014_fig9,old,0.765625,0.37038256205913067,0.023556475051266217,,,,
9,razak2014_fig9,old,0.7734375,0.3649603265073771,0.0258868502599497,,,,
9,razak2014_fig9,old,0.78125,0.3597409072677838,0.02809763606093711,,,,
9,razak2014_fig9,old,0.7890625,0.35471701862997057,0.03018492919728054,,,,
9,razak2014_fig9,old,0.796875,0.3498802233636072,0.032145838409562616,,,,
9,razak2014_fig9,old,0.8046875,0.3452212372448091,0.03397846146386182,,,,
9,razak2014_fig9,old,0.8125,0.3407302238588659,0.03568185350597287,,,,
9,razak2014_fig9,old,0.8203125,0.3363970727915178,0.03725598760412359,,,,
9,razak2014_fig9,old,0.828125,0.33221165890735277,0.038701708087974074,,,,
9,razak2014_fig9,old,0.8359375,0.32816408030324734,0.04002067745850301,,,,
9,razak2014_fig9,old,0.84375,0.32424487222771625,0.041215317518211746,,,,
9,razak2014_fig9,old,0.8515625,0.3204451971623652,0.04228874535581774,,,,
9,razak2014_fig9,old,0.859375,0.3167570065276046,0.04324470545065299,,,,
9,razak2014_fig9,old,0.8671875,0.3131731745467725,0.044087498680581365,,,,
9,razak2014_fig9,old,0.875,0.3096875984644415,0.04482190930547684,,,,
9,razak2014_fig9,old,0.8828125,0.306295271229817,0.045453130424117055,,,,
9,razak2014_fig9,old,0.890625,0.3029923251199877,0.045986688474279426,,,,
9,razak2014_fig9,old,0.8984375,0.2997760541845708,0.04642836757013617,,,,
9,razak2014_fig9,old,0.90625,0.2966449117065932,0.0467841342534223,,,,
9,razak2014_fig9,old,0.9140625,0.2935984879479609,0.04706006352755266,,,,
9,razak2014_fig9,old,0.921875,0.2906374670943136,0.04726226660475367,,,,
9,razak2014_fig9,old,0.9296875,0.2877635658016969,0.04739682089489232,,,,
9,razak2014_fig9,old,0.9375,0.2849794580813444,0.04746970270661153,,,,
9,razak2014_fig9,old,0.9453125,0.2822886871906647,0.047486722906072795,,,,
9,razak2014_fig9,old,0.953125,0.2796955693624636,0.04745346601049238,,,,
9,razak2014_fig9,old,0.9609375,0.27720509197724785,0.04737523286957251,,,,
9,razak2014_fig9,old,0.96875,0.27482280925251296,0.0472569873485328,,,,
9,razak2014_fig9,old,0.9765625,0.27255473846072736,0.047103307248849514,,,,
9,razak2014_fig9,old,0.984375,0.27040725961685064,0.046918339772835944,,,,
9,razak2014_fig9,old,0.9921875,0.26838702082117666,0.046705761712967656,,,,
9,razak2014_fig9,v4b,0.0,0.2665008142566375,0.04646873667058871,0.8156117907802692,0.0,0.0,0.0
9,razak2014_fig9,v4b,0.0078125,0.26475568531149424,0.0462099191222253,0.8067476035075103,0.0,0.0,0.0
9,razak2014_fig9,v4b,0.015625,0.26315846882262933,0.04593136510876382,0.7977399112439056,0.0,0.0,0.0
9,razak2014_fig9,v4b,0.0234375,0.2617162724824697,0.045634579136041034,0.7886293940945422,0.0,0.0,0.0
9,razak2014_fig9,v4b,0.03125,0.26043595239511896,0.045320455074394986,0.7794563764486149,0.0,0.0,0.0
9,razak2014_fig9,v4b,0.0390625,0.25932437845915274,0.04498929138224694,0.7702605427383621,0.0,0.0,0.0
9,razak2014_fig9,v4b,0.046875,0.2583883357579463,0.04464078145279176,0.7610807012056331,0.0,0.0,0.0
9,razak2014_fig9,v4b,0.0546875,0.2576345389809134,0.04427401865190619,0.7519545955843616,0.0,0.0,0.0
9,razak2014_fig9,v4b,0.0625,0.25706964987853387,0.043887507567033635,0.7429187636614139,0.0,0.0,0.0
9,razak2014_fig9,v4b,0.0703125,0.25670030408675615,0.04347918152646203,0.7340084409299649,0.0,0.0,0.0
9,razak2014_fig9,v4b,0.078125,0.2565331469247129,0.04304642607463758,0.725257507001551,0.0,0.0,0.0
9,razak2014_fig9,v4b,0.0859375,0.25657487697581016,0.042586109349933204,0.716698472089391,0.0,0.0,0.0
9,razak2014_fig9,v4b,0.09375,0.2568322893999063,0.042094619331437946,0.7083625007044534,0.0,0.0,0.0
9,razak2014_fig9,v4b,0.1015625,0.25731231954182554,0.041567908326529214,0.7002794697011575,0.0,0.0,0.0
9,razak2014_fig9,v4b,0.109375,0.2580220915517781,0.04100154374828379,0.692478057953986,0.0,0.0,0.0
9,razak2014_fig9,v4b,0.1171875,0.25896895677581533,0.04039076454888566,0.6849858652222387,0.0,0.0,0.0
9,razak2014_fig9,v4b,0.125,0.2601605225177921,0.039730542881165655,0.677829558152092,0.0,0.0,0.0
9,razak2014_fig9,v4b,0.1328125,0.2616046780695179,0.03901565458085239,0.671035041860538,0.0,0.0,0.0
9,razak2014_fig9,v4b,0.140625,0.26330960340244813,0.03824075398602061,0.6646276561364408,0.0,0.0,0.0
9,razak2014_fig9,v4b,0.1484375,0.26528374927236975,0.037400446895808855,0.6586273694851607,0.0,0.0,0.0
9,razak2014_fig9,v4b,0.15625,0.26753581203108945,0.036489370864354956,0.6530420843713931,0.0,0.0,0.0
9,razak2014_fig9,v4b,0.1640625,0.27007467544010755,0.035502282667674384,0.647881041977492,0.0,0.0,0.0
9,razak2014_fig9,v4b,0.171875,0.2729093025727216,0.034434137996076024,0.6431547279531457,0.0,0.0,0.0
9,razak2014_fig9,v4b,0.1796875,0.27604864827814507,0.03328017632545074,0.638872019994545,0.0,0.0,0.0
9,razak2014_fig9,v4b,0.1875,0.27950152925516564,0.03203601093999506,0.6350365786964103,0.0,0.0,0.0
9,razak2014_fig9,v4b,0.1953125,0.2832764414791109,0.030697707616236705,0.6317566665457942,0.0,0.0,0.0
9,razak2014_fig9,v4b,0.203125,0.287381414326628,0.029261869939922032,0.629117752751574,0.0,0.0,0.0
9,razak2014_fig9,v4b,0.2109375,0.29182379774272255,0.027725717091304686,0.626908669894806,0.0,0.0,0.0
9,razak2014_fig9,v4b,0.21875,0.29661005105732613,0.026087154638978042,0.6256437867355307,0.0,0.0,0.0
9,razak2014_fig9,v4b,0.2265625,0.3017455088779403,0.024344843466137342,0.62484963077809,0.0,0.0,0.0
9,razak2014_fig9,v4b,0.234375,0.3072341152984016,0.022498259325187443,0.6244033629908883,0.0,0.0,0.0
9,razak2014_fig9,v4b,0.2421875,0.3130781341866669,0.020547748074843834,0.6243100730737317,0.0,0.0,0.0
9,razak2014_fig9,v4b,0.25,0.31927785654471513,0.01849457215986848,0.6245738752923446,0.0,0.0,0.0
9,razak2014_fig9,v4b,0.2578125,0.3258313522228485,0.016340947139780654,0.6251973927173027,0.0,0.0,0.0
9,razak2014_fig9,v4b,0.265625,0.33273420414149746,0.01409006851703838,0.6261813049652817,0.0,0.0,0.0
9,razak2014_fig9,v4b,0.2734375,0.33997924122719,0.01174612880710775,0.6275239689867155,0.0,0.0,0.0
9,razak2014_fig9,v4b,0.28125,0.3475562937539676,0.009314324300247891,0.6292211223784592,0.0,0.0,0.0
9,razak2014_fig9,v4b,0.2890625,0.35545197391366873,0.00680085110517321,0.6312656774106732,0.0,0.0,0.0
9,razak2014_fig9,v4b,0.296875,0.36364948510412953,0.004212890502996181,0.6336476115857098,0.0,0.0,0.0
9,razak2014_fig9,v4b,0.3046875,0.37212846575981595,0.0015585838134927364,0.6367271701012096,0.0,0.0,0.0
9,razak2014_fig9,v4b,0.3125,0.38086487813965486,-0.0011530035892598745,0.6406103931307744,0.0,0.0,0.0
9,razak2014_fig9,v4b,0.3203125,0.38983094579457944,-0.003911928688356507,0.6449133829588947,0.0,0.0,0.0
9,razak2014_fig9,v4b,0.328125,0.39899514523251955,-0.006707427254202175,0.6499802713023717,0.0,0.0,0.0
9,razak2014_fig9,v4b,0.3359375,0.40832225630127694,-0.009527979806437386,0.6554649539435181,0.0,0.0,0.0
9,razak2014_fig9,v4b,0.34375,0.41777347521327324,-0.012361386511280086,0.6613226013549247,0.0,0.0,0.0
9,razak2014_fig9,v4b,0.3515625,0.427306592839348,-0.015194850269622218,0.6675165593433307,0.0,0.0,0.0
9,razak2014_fig9,v4b,0.359375,0.436876240032936,-0.018015067245781266,0.6740081802876959,0.0,0.0,0.0
9,razak2014_fig9,v4b,0.3671875,0.4464342002324614,-0.020808323856964052,0.6807574967006377,0.0,0.0,0.0
9,razak2014_fig9,v4b,0.375,0.45592978879339396,-0.02356059952633472,0.687723896776334,0.0,0.0,0.0
9,razak2014_fig9,v4b,0.3828125,0.46531029447211214,-0.02625767399400627,0.6948667779246114,0.0,0.0,0.0
9,razak2014_fig9,v4b,0.390625,0.4745214795436674,-0.028885238169927444,0.7021461574296197,0.0,0.0,0.0
9,razak2014_fig9,v4b,0.3984375,0.48350813045977326,-0.03142900733423205,0.7095232233391987,0.0,0.0,0.0
9,razak2014_fig9,v4b,0.40625,0.4922146570990953,-0.03387483589313189,0.7169608131259169,0.0,0.0,0.0
9,razak2014_fig9,v4b,0.4140625,0.5005857253261029,-0.0362088322310788,0.7244238122090758,0.0,0.0,0.0
9,razak2014_fig9,v4b,0.421875,0.5085669178072297,-0.03841747302286489,0.731879468776196,0.0,0.0,0.0
9,razak2014_fig9,v4b,0.4296875,0.5161054046596026,-0.04048771516541949,0.7392976252443322,0.0,0.0,0.0
9,razak2014_fig9,v4b,0.4375,0.5231506192433065,-0.04240710504962044,0.7466500590995739,0.0,0.0,0.0
9,razak2014_fig9,v4b,0.4453125,0.5296549212354897,-0.04416388338476729,0.7539112305445358,0.0,0.0,0.0
9,razak2014_fig9,v4b,0.453125,0.5355742359437968,-0.04574708519365464,0.7610586335083838,0.0,0.0,0.0
9,razak2014_fig9,v4b,0.4609375,0.5408686584497518,-0.04714663421752092,0.7680727384445238,0.0,0.0,0.0
9,razak2014_fig9,v4b,0.46875,0.545503006348021,-0.04835343038405934,0.7749368906011059,0.0,0.0,0.0
9,razak2014_fig9,v4b,0.4765625,0.5494473114742497,-0.04935942957504139,0.7816371727224223,0.0,0.0,0.0
9,razak2014_fig9,v4b,0.484375,0.5526772390333128,-0.05015771459167524,0.7881622408544535,0.0,0.0,0.0
9,razak2014_fig9,v4b,0.4921875,0.5551744253116532,-0.050742557195388734,0.7945031413096686,0.0,0.0,0.0
9,razak2014_fig9,v4b,0.5,0.5569267294127423,-0.05110947090191722,0.8006531160088735,0.0,0.0,0.0
9,razak2014_fig9,v4b,0.5078125,0.5579283874973123,-0.051255253534847944,0.8066074024589702,0.0,0.0,0.0
9,razak2014_fig9,v4b,0.515625,0.5581800689874614,-0.05117801908163978,0.8123630336238781,0.0,0.0,0.0
9,razak2014_fig9,v4b,0.5234375,0.557688833828325,-0.05087721861827403,0.817918641961886,0.0,0.0,0.0
9,razak2014_fig9,v4b,0.53125,0.5564679929390463,-0.05035365055603312,0.8232742709792854,0.0,0.0,0.0
9,razak2014_fig9,v4b,0.5390625,0.5545368738010654,-0.04960945929806722,0.8284311968152609,0.0,0.0,0.0
9,razak2014_fig9,v4b,0.546875,0.5519204928814959,-0.048648121990756896,0.8333917616421267,0.0,0.0,0.0
9,razak2014_fig9,v4b,0.5546875,0.5486491462523223,-0.04747442404782029,0.8381592200439969,0.0,0.0,0.0
9,razak2014_fig9,v4b,0.5625,0.5447579280385235,-0.04609442349302859,0.842737599024584,0.0,0.0,0.0
9,razak2014_fig9,v4b,0.5703125,0.5402861832285631,-0.04451540412682574,0.8471311711583248,0.0,0.0,0.0
9,razak2014_fig9,v4b,0.578125,0.5352769121764235,-0.04274581883431159,0.8513435978813629,0.0,0.0,0.0
9,razak2014_fig9,v4b,0.5859375,0.5297761391252369,-0.04079522285901027,0.855378924368898,0.0,0.0,0.0
9,razak2014_fig9,v4b,0.59375,0.5238322427222636,-0.03867419532710695,0.8592414890563038,0.0,0.0,0.0
9,razak2014_fig9,v4b,0.6015625,0.5174952684321301,-0.036394250574014235,0.8629358445009946,0.0,0.0,0.0
9,razak2014_fig9,v4b,0.609375,0.5108162502502333,-0.03396774316896054,0.8664666886428256,0.0,0.0,0.0
9,razak2014_fig9,v4b,0.6171875,0.5038465471163381,-0.031407767880381,0.8698388055065235,0.0,0.0,0.0
9,razak2014_fig9,v4b,0.625,0.49663720801722083,-0.028728053465299556,0.873057014402293,0.0,0.0,0.0
9,razak2014_fig9,v4b,0.6328125,0.48923836976226465,-0.02594285065779464,0.8761261267134689,0.0,0.0,0.0
9,razak2014_fig9,v4b,0.640625,0.4816986891813304,-0.02306681720780668,0.8790509094070897,0.0,0.0,0.0
9,razak2014_fig9,v4b,0.6484375,0.4740648161612242,-0.02011489939478868,0.8818360544597982,0.0,0.0,0.0
9,razak2014_fig9,v4b,0.65625,0.466380938185028,-0.01710221145064521,0.8844861534537127,0.0,0.0,0.0
9,razak2014_fig9,v4b,0.6640625,0.45868840524446985,-0.014043917175630355,0.8870056766617986,0.0,0.0,0.0
9,razak2014_fig9,v4b,0.671875,0.4510254140200516,-0.010955111729405251,0.8893989560074564,0.0,0.0,0.0
9,razak2014_fig9,v4b,0.6796875,0.44342674555811573,-0.007850703727260148,0.8916701713467132,0.0,0.0,0.0
9,razak2014_fig9,v4b,0.6875,0.4359235820224012,-0.004745303318003973,0.8938233395821985,0.0,0.0,0.0
9,razak2014_fig9,v4b,0.6953125,0.428543399536477,-0.0016531155109029557,0.895862306175005,0.0,0.0,0.0
9,razak2014_fig9,v4b,0.703125,0.421309908848864,0.0014121623107193405,0.8977907386728712,0.0,0.0,0.0
9,razak2014_fig9,v4b,0.7109375,0.4142430670789898,0.004437434737007324,0.8996121219204307,0.0,0.0,0.0
9,razak2014_fig9,v4b,0.71875,0.4073591482808891,0.007410294944569615,0.9013297546592808,0.0,0.0,0.0
9,razak2014_fig9,v4b,0.7265625,0.40067085561600396,0.010319103235574011,0.9029467472622578,0.0,0.0,0.0
9,razak2014_fig9,v4b,0.734375,0.394187488502181,0.013153056228236822,0.9044660203776748,0.0,0.0,0.0
9,razak2014_fig9,v4b,0.7421875,0.3879151492214018,0.01590224495368644,0.905890304285584,0.0,0.0,0.0
9,razak2014_fig9,v4b,0.75,0.38185698021741704,0.01855770212310174,0.9072221387897753,0.0,0.0,0.0
9,razak2014_fig9,v4b,0.7578125,0.3760134333863891,0.021111439456447407,0.9084638734866597,0.0,0.0,0.0
9,razak2014_fig9,v4b,0.765625,0.37038256205913067,0.023556475051266217,0.9096176682660106,0.0,0.0,0.0
9,razak2014_fig9,v4b,0.7734375,0.3649603265073771,0.0258868502599497,0.9106854939093446,0.0,0.0,0.0
9,razak2014_fig9,v4b,0.78125,0.35974090726778374,0.02809763606093711,0.9116691326601527,0.0,0.0,0.0
9,razak2014_fig9,v4b,0.7890625,0.35471701862997057,0.03018492919728054,0.9125701786468642,0.0,0.0,0.0
9,razak2014_fig9,v4b,0.796875,0.3498802233636072,0.032145838409562616,0.9133863861098388,0.0,0.0,0.0
9,razak2014_fig9,v4b,0.8046875,0.3452212372448091,0.03397846146386182,0.9140995771014678,0.0,0.0,0.0
9,razak2014_fig9,v4b,0.8125,0.3407302238588659,0.03568185350597287,0.914678703218828,0.0,0.0,0.0
9,razak2014_fig9,v4b,0.8203125,0.3363970727915178,0.03725598760412359,0.9150897045298898,0.0,0.0,0.0
9,razak2014_fig9,v4b,0.828125,0.33221165890735277,0.038701708087974074,0.9152886859613213,0.0,0.0,0.0
9,razak2014_fig9,v4b,0.8359375,0.32816408030324734,0.04002067745850301,0.9152311016173337,0.0,0.0,0.0
9,razak2014_fig9,v4b,0.84375,0.32424487222771625,0.041215317518211746,0.9148776189453783,0.0,0.0,0.0
9,razak2014_fig9,v4b,0.8515625,0.3204451971623652,0.04228874535581774,0.914193991130083,0.0,0.0,0.0
9,razak2014_fig9,v4b,0.859375,0.3167570065276046,0.04324470545065299,0.913138696953384,0.0,0.0,0.0
9,razak2014_fig9,v4b,0.8671875,0.3131731745467725,0.044087498680581365,0.911671674428546,0.0,0.0,0.0
9,razak2014_fig9,v4b,0.875,0.3096875984644415,0.04482190930547684,0.9097598591077571,0.0,0.0,0.0
9,razak2014_fig9,v4b,0.8828125,0.306295271229817,0.045453130424117055,0.9073770181486794,0.0,0.0,0.0
9,razak2014_fig9,v4b,0.890625,0.3029923251199877,0.045986688474279426,0.904503599472021,0.0,0.0,0.0
9,razak2014_fig9,v4b,0.8984375,0.2997760541845708,0.04642836757013617,0.9011265707510138,0.0,0.0,0.0
9,razak2014_fig9,v4b,0.90625,0.2966449117065932,0.0467841342534223,0.897239229948011,0.0,0.0,0.0
9,razak2014_fig9,v4b,0.9140625,0.2935984879479609,0.04706006352755266,0.8928409751040004,0.0,0.0,0.0
9,razak2014_fig9,v4b,0.921875,0.2906374670943136,0.04726226660475367,0.887937026291459,0.0,0.0,0.0
9,razak2014_fig9,v4b,0.9296875,0.28776356580169693,0.04739682089489232,0.8825380971508212,0.0,0.0,0.0
9,razak2014_fig9,v4b,0.9375,0.2849794580813444,0.04746970270661153,0.8766600172751422,0.0,0.0,0.0
9,razak2014_fig9,v4b,0.9453125,0.2822886871906647,0.047486722906072795,0.8703233098853829,0.0,0.0,0.0
9,razak2014_fig9,v4b,0.953125,0.2796955693624636,0.04745346601049238,0.8635527317421309,0.0,0.0,0.0
9,razak2014_fig9,v4b,0.9609375,0.27720509197724785,0.04737523286957251,0.856376784068602,0.0,0.0,0.0
9,razak2014_fig9,v4b,0.96875,0.27482280925251296,0.0472569873485328,0.8488272044319398,0.0,0.0,0.0
9,razak2014_fig9,v4b,0.9765625,0.27255473846072736,0.047103307248849514,0.8409384500840585,0.0,0.0,0.0
9,razak2014_fig9,v4b,0.984375,0.27040725961685064,0.04691833977283595,0.8327471832598139,0.0,0.0,0.0
9,razak2014_fig9,v4b,0.9921875,0.26838702082117666,0.046705761712967656,0.8242917684475164,0.0,0.0,0.0
10,razak2014_fig10,old,0.0,-0.3271472224629759,-0.06853946848946019,,,,
10,razak2014_fig10,old,0.0078125,-0.32770226709310246,-0.06901505854835474,,,,
10,razak2014_fig10,old,0.015625,-0.3270602404241956,-0.06912797320690496,,,,
10,razak2014_fig10,old,0.0234375,-0.3252407467977491,-0.06887758940649844,,,,
10,razak2014_fig10,old,0.03125,-0.32227120002701226,-0.06826697409038218,,,,
10,razak2014_fig10,old,0.0390625,-0.31818669414495265,-0.06730286085449919,,,,
10,razak2014_fig10,old,0.046875,-0.31302924605671634,-0.06599558274705675,,,,
10,razak2014_fig10,old,0.0546875,-0.3068469471595973,-0.06435897692379544,,,,
10,razak2014_fig10,old,0.0625,-0.29969301141377425,-0.06241025219743841,,,,
10,razak2014_fig10,old,0.0703125,-0.2916247826946225,-0.06016981497888653,,,,
10,razak2014_fig10,old,0.078125,-0.28270266725069226,-0.05766106755136573,,,,
10,razak2014_fig10,old,0.0859375,-0.2729890420127604,-0.054910178392462546,,,,
10,razak2014_fig10,old,0.09375,-0.2625471812717661,-0.051945824612882364,,,,
10,razak2014_fig10,old,0.1015625,-0.2514401865032357,-0.04879890847921428,,,,
10,razak2014_fig10,old,0.109375,-0.2397299877737595,-0.04550225187977306,,,,
10,razak2014_fig10,old,0.1171875,-0.22747641467731664,-0.04209027226535728,,,,
10,razak2014_fig10,old,0.125,-0.21473631868033885,-0.03859864299516199,,,,
10,razak2014_fig10,old,0.1328125,-0.20156283928019958,-0.03506393065563156,,,,
10,razak2014_fig10,old,0.140625,-0.18800472587896216,-0.031523234794261445,,,,
10,razak2014_fig10,old,0.1484375,-0.17410585490685856,-0.02801382265030906,,,,
10,razak2014_fig10,old,0.15625,-0.15990486691282355,-0.024572758311889115,,,,
10,razak2014_fig10,old,0.1640625,-0.14543497880540027,-0.021236530831525366,,,,
10,razak2014_fig10,old,0.171875,-0.13072389729846226,-0.018040707680780588,,,,
10,razak2014_fig10,old,0.1796875,-0.11579390637508286,-0.015019582678820968,,,,
10,razak2014_fig10,old,0.1875,-0.1006620470080297,-0.012205831007642663,,,,
10,razak2014_fig10,old,0.1953125,-0.08534043713476935,-0.009630201227353013,,,,
10,razak2014_fig10,old,0.203125,-0.06983672551847163,-0.007321211365547609,,,,
10,razak2014_fig10,old,0.2109375,-0.05415464393417825,-0.005304872349808891,,,,
10,razak2014_fig10,old,0.21875,-0.0382946435324993,-0.0036044370471550367,,,,
10,razak2014_fig10,old,0.2265625,-0.022254631065687362,-0.0022401712964658957,,,,
10,razak2014_fig10,old,0.234375,-0.006030753437583153,-0.0012291611271860303,,,,
10,razak2014_fig10,old,0.2421875,0.010381779118304327,-0.0005851462510033506,,,,
10,razak2014_fig10,old,0.25,0.026987834803718604,-0.0003183819240712311,,,,
10,razak2014_fig10,old,0.2578125,0.04379149011621916,-0.000435533821464579,,,,
10,razak2014_fig10,old,0.265625,0.06079516371266901,-0.0009396060362821749,,,,
10,razak2014_fig10,old,0.2734375,0.07799879383427419,-0.001829907904860687,,,,
10,razak2014_fig10,old,0.28125,0.09539901390880863,-0.003102057010262657,,,,
10,razak2014_fig10,old,0.2890625,0.1129883615187466,-0.004748005872843379,,,,
10,razak2014_fig10,old,0.296875,0.13075471233215372,-0.006756095839908742,,,,
10,razak2014_fig10,old,0.3046875,0.14868064377023602,-0.0091111689959119,,,,
10,razak2014_fig10,old,0.3125,0.1667429221442536,-0.011794703874345756,,,,
10,razak2014_fig10,old,0.3203125,0.18491208197834152,-0.0147849727138582,,,,
10,razak2014_fig10,old,0.328125,0.20315213204620228,-0.01805723011898673,,,,
10,razak2014_fig10,old,0.3359375,0.22142039718600948,-0.021583929325139667,,,,
10,razak2014_fig10,old,0.34375,0.239667508035835,-0.02533496671778046,,,,
10,razak2014_fig10,old,0.3515625,0.25783753143121085,-0.029277947853208114,,,,
10,razak2014_fig10,old,0.359375,0.2758682616619357,-0.03337847979119045,,,,
10,razak2014_fig10,old,0.3671875,0.2936916519239417,-0.037600480895626974,,,,
10,razak2014_fig10,old,0.375,0.31123439280334847,-0.04190650930525417,,,,
10,razak2014_fig10,old,0.3828125,0.3284186380340586,-0.04625810810329732,,,,
10,razak2014_fig10,old,0.390625,0.34516285038748407,-0.05061616027789113,,,,
10,razak2014_fig10,old,0.3984375,0.36138276987601203,-0.05494125422811214,,,,
10,razak2014_fig10,old,0.40625,0.37699248266473123,-0.059194054957777305,,,,
10,razak2014_fig10,old,0.4140625,0.3919055680044806,-0.06333567734523812,,,,
10,razak2014_fig10,old,0.421875,0.40603630366663473,-0.06732805730164725,,,,
10,razak2014_fig10,old,0.4296875,0.419300903399535,-0.07113431786947208,,,,
10,razak2014_fig10,old,0.4375,0.43161876892842715,-0.07471912699662338,,,,
10,razak2014_fig10,old,0.4453125,0.4429137129722097,-0.07804904140453597,,,,
10,razak2014_fig10,old,0.453125,0.45311514690704346,-0.08109283722582084,,,,
10,razak2014_fig10,old,0.4609375,0.46215918958943436,-0.08382181960717207,,,,
10,razak2014_fig10,old,0.46875,0.46998967549809123,-0.08621010875455917,,,,
10,razak2014_fig10,old,0.4765625,0.4765590327070985,-0.08823489788113134,,,,
10,razak2014_fig10,old,0.484375,0.4818290300632273,-0.0898766861441213,,,,
10,razak2014_fig10,old,0.4921875,0.4857713603267043,-0.09111948002972287,,,,
10,razak2014_fig10,old,0.5,0.48836804133456113,-0.09195095956194921,,,,
10,razak2014_fig10,old,0.5078125,0.48961162529111557,-0.09236260855347884,,,,
10,razak2014_fig10,old,0.515625,0.48950521543621706,-0.09234980806679109,,,,
10,razak2014_fig10,old,0.5234375,0.488062302774344,-0.09191189310228934,,,,
10,razak2014_fig10,old,0.53125,0.4853064157868926,-0.0910521703701025,,,,
10,razak2014_fig10,old,0.5390625,0.481270574014338,-0.08977789269454596,,,,
10,razak2014_fig10,old,0.546875,0.4759965810994882,-0.08810019298447329,,,,
10,razak2014_fig10,old,0.5546875,0.46953418268904884,-0.08603398348734158,,,,
10,razak2014_fig10,old,0.5625,0.4619400964102979,-0.08359781631055035,,,,
10,razak2014_fig10,old,0.5703125,0.4532769292385186,-0.08081370443149145,,,,
10,razak2014_fig10,old,0.578125,0.4436120316271602,-0.07770691065285229,,,,
10,razak2014_fig10,old,0.5859375,0.43301632192095085,-0.07430570333762972,,,,
10,razak2014_fig10,old,0.59375,0.4215630490342263,-0.07064107527497689,,,,
10,razak2014_fig10,old,0.6015625,0.4093265807604339,-0.0667464383376974,,,,
10,razak2014_fig10,old,0.609375,0.3963812208822774,-0.06265728850375561,,,,
10,razak2014_fig10,old,0.6171875,0.38280005513674026,-0.05841084873566877,,,,
10,razak2014_fig10,old,0.625,0.36865394236613463,-0.054045705011908154,,,,
10,razak2014_fig10,old,0.6328125,0.35401062817234785,-0.049601433961216586,,,,
10,razak2014_fig10,old,0.640625,0.3389339247931148,-0.04511821365118268,,,,
10,razak2014_fig10,old,0.6484375,0.32348297340275334,-0.040636414967083985,,,,
10,razak2014_fig10,old,0.65625,0.3077117206874368,-0.03619621103094606,,,,
10,razak2014_fig10,old,0.6640625,0.2916685915772005,-0.03183720093090547,,,,
10,razak2014_fig10,old,0.671875,0.2753962534886108,-0.02759801574972478,,,,
10,razak2014_fig10,old,0.6796875,0.2589315205196553,-0.02351594334644083,,,,
10,razak2014_fig10,old,0.6875,0.24230546778986295,-0.01962659328509879,,,,
10,razak2014_fig10,old,0.6953125,0.22554363100403269,-0.01596354652986108,,,,
10,razak2014_fig10,old,0.703125,0.20866633529177497,-0.012558043910325521,,,,
10,razak2014_fig10,old,0.7109375,0.19168921738427666,-0.009438714366654964,,,,
10,razak2014_fig10,old,0.71875,0.17462377603247703,-0.00663130220750839,,,,
10,razak2014_fig10,old,0.7265625,0.157477973971031,-0.004158442325485388,,,,
10,razak2014_fig10,old,0.734375,0.14025701770335533,-0.0020394674463355537,,,,
10,razak2014_fig10,old,0.7421875,0.12296416462827085,-0.0002902452335467258,,,,
10,razak2014_fig10,old,0.75,0.10560159221535874,0.001076939481131848,,,,
10,razak2014_fig10,old,0.7578125,0.08817133230844929,0.002053459810132981,,,,
10,razak2014_fig10,old,0.765625,0.07067604538880438,0.0026344298950786793,,,,
10,razak2014_fig10,old,0.7734375,0.05311979296590848,0.002818747079536607,,,,
10,razak2014_fig10,old,0.78125,0.035508890667354964,0.00260907327275685,,,,
10,razak2014_fig10,old,0.7890625,0.01785270562406316,0.002011781280326208,,,,
10,razak2014_fig10,old,0.796875,0.00016430533164979368,0.0010368777398709625,,,,
10,razak2014_fig10,old,0.8046875,-0.017539013002110703,-0.00030210247862006356,,,,
10,razak2014_fig10,old,0.8125,-0.03523522932899425,-0.0019882460633880127,,,,
10,razak2014_fig10,old,0.8203125,-0.05289723593626452,-0.0040014346768875685,,,,
10,razak2014_fig10,old,0.828125,-0.07049252506434925,-0.006318551208442438,,,,
10,razak2014_fig10,old,0.8359375,-0.08798309196873162,-0.008913709760199217,,,,
10,razak2014_fig10,old,0.84375,-0.10532548839886484,-0.011758507329333371,,,,
10,razak2014_fig10,old,0.8515625,-0.12247093994790122,-0.014822303800139333,,,,
10,razak2014_fig10,old,0.859375,-0.13936560024068323,-0.01807251900508015,,,,
10,razak2014_fig10,old,0.8671875,-0.15595096618912743,-0.021474945274820814,,,,
10,razak2014_fig10,old,0.875,-0.1721644015282463,-0.02499407759132878,,,,
10,razak2014_fig10,old,0.8828125,-0.18793980603064464,-0.028593452062193273,,,,
10,razak2014_fig10,old,0.890625,-0.20320838416186132,-0.03223599542433446,,,,
10,razak2014_fig10,old,0.8984375,-0.21789952486699904,-0.035884380508964184,,,,
10,razak2014_fig10,old,0.90625,-0.23194174789184735,-0.039501382838474576,,,,
10,razak2014_fig10,old,0.9140625,-0.24526373739937818,-0.04305023760054646,,,,
10,razak2014_fig10,old,0.921875,-0.25779538254021034,-0.04649499315888853,,,,
10,razak2014_fig10,old,0.9296875,-0.26946887360596283,-0.049800856783363434,,,,
10,razak2014_fig10,old,0.9375,-0.2802197684853094,-0.052934529724491336,,,,
10,razak2014_fig10,old,0.9453125,-0.28998802699249976,-0.05586453017379118,,,,
10,razak2014_fig10,old,0.953125,-0.2987190106006334,-0.05856149788508752,,,,
10,razak2014_fig10,old,0.9609375,-0.30636438524735343,-0.060998479978250676,,,,
10,razak2014_fig10,old,0.96875,-0.3128829270023835,-0.0631511925631559,,,,
10,razak2014_fig10,old,0.9765625,-0.3182412101204802,-0.06499825875201891,,,,
10,razak2014_fig10,old,0.984375,-0.32241415454155364,-0.06652141867718783,,,,
10,razak2014_fig10,old,0.9921875,-0.3253854165804142,-0.06770570893385591,,,,
10,razak2014_fig10,v4b,0.0,-0.31505321154156474,-0.05507973465459004,0.7159843489711876,0.03757840852685609,0.02263693417731414,0.4999999999999999
10,razak2014_fig10,v4b,0.0078125,-0.3163015015593461,-0.05552099262285575,0.7208842840175324,0.03578344340895236,0.023297866393865767,0.4999999999999999
10,razak2014_fig10,v4b,0.015625,-0.3270659254812741,-0.05619814022152273,0.7257522132245031,-0.00501425545707446,0.022430687130466156,0.4999999999999999
10,razak2014_fig10,v4b,0.0234375,-0.3249280259205533,-0.05632241246561783,0.7305777583796754,-0.0036346962829473723,0.022849639391534327,0.4999999999999999
10,razak2014_fig10,v4b,0.03125,-0.3195823489574873,-0.056219272296514945,0.7353514129824187,0.00568650899789144,0.02334582456618485,0.4999999999999999
10,razak2014_fig10,v4b,0.0390625,-0.32822244521579524,-0.05642425870146233,0.740064525778611,-0.04264999329882973,0.021790498719942496,0.4999999999999999
10,razak2014_fig10,v4b,0.046875,-0.3159120217785499,-0.055767290659253316,0.7447092767401519,-0.01481377989807207,0.022553215799577798,0.39644660940672627
10,razak2014_fig10,v4b,0.0546875,-0.3067311986761656,-0.055025522848671224,0.749278646853323,-0.0024864225906016313,0.02252716857941636,0.4999999999999999
10,razak2014_fig10,v4b,0.0625,-0.3018724795656586,-0.05417560812097883,0.7537663830026679,-0.011190212248882198,0.02174036040829315,0.4999999999999999
10,razak2014_fig10,v4b,0.0703125,-0.30060470674624173,-0.05316743242689382,0.7581669591395301,-0.03885099112557674,0.020328579834884404,0.4999999999999999
10,razak2014_fig10,v4b,0.078125,-0.26763615393350115,-0.05111013905483966,0.7624755348135873,0.062297313485338915,0.02186693870682874,0.4999999999999999
10,razak2014_fig10,v4b,0.0859375,-0.27687492211052256,-0.04971290144799888,0.766687912027489,-0.017299580565997244,0.019020716771508683,0.37940952255126037
10,razak2014_fig10,v4b,0.09375,-0.26940279571925896,-0.04745525039929012,0.7708004912540379,-0.030217508327078483,0.018035600255762795,0.37940952255126037
10,razak2014_fig10,v4b,0.1015625,-0.26503135323557453,-0.04497443608798947,0.7748102273361507,-0.06044507018884402,0.01651914555920966,0.37940952255126037
10,razak2014_fig10,v4b,0.109375,-0.25448749228457335,-0.04212080737352462,0.7787145858751824,-0.0666990479036973,0.015233999590609462,0.37940952255126037
10,razak2014_fig10,v4b,0.1171875,-0.23040012757146291,-0.038977934679302474,0.7825115006053445,-0.013443068954376778,0.01431035477608014,0.37940952255126037
10,razak2014_fig10,v4b,0.125,-0.22332480115909278,-0.03587709630630124,0.7861993321523837,-0.04017051286703779,0.012729364768871997,0.24999999999999997
10,razak2014_fig10,v4b,0.1328125,-0.2039018439824452,-0.032699897260000235,0.7897768284843774,-0.011126293478413214,0.01124535120742216,0.24999999999999997
10,razak2014_fig10,v4b,0.140625,-0.1942423151065342,-0.02950125220390206,0.7932430872818657,-0.030168709454834842,0.009779516262732619,0.24999999999999997
10,razak2014_fig10,v4b,0.1484375,-0.1787881477563457,-0.0263120095096216,0.796597520383629,-0.02301984153938628,0.00836672760281576,0.20004978874768492
10,razak2014_fig10,v4b,0.15625,-0.16411497059316044,-0.023170770537706057,0.799839820403019,-0.021033672575703453,0.007004329117839197,0.12059047744873952
10,razak2014_fig10,v4b,0.1640625,-0.14586533792077908,-0.020172236419086224,0.8029699295574066,-0.0021842306324718966,0.005401685184644109,0.12059047744873952
10,razak2014_fig10,v4b,0.171875,-0.13411576325288616,-0.017173280932495254,0.8059880107094471,-0.017482764682878543,0.004470995588763706,0.10355339059327363
10,razak2014_fig10,v4b,0.1796875,-0.11767353021139315,-0.014405326129794128,0.808894420582837,-0.009835525692357072,0.00321422614085999,0.0
10,razak2014_fig10,v4b,0.1875,-0.10180741380579103,-0.011777515639964962,0.8116896850863419,-0.006082337009985291,0.00227451888588305,0.0
10,razak2014_fig10,v4b,0.1953125,-0.08553047953186949,-0.00934645129289478,0.8143744766574076,-0.0010237945390159787,0.0015286148658260768,0.0
10,razak2014_fig10,v4b,0.203125,-0.07043485273194873,-0.0071179097612347995,0.8169495935199567,-0.003267554686049302,0.0011106318102329605,0.0
10,razak2014_fig10,v4b,0.2109375,-0.05484829375164717,-0.0051894064264706805,0.819415940739344,-0.0038411464461971137,0.0006394026350440298,0.0
10,razak2014_fig10,v4b,0.21875,-0.03908951208932415,-0.003550533189752322,0.8217745129503002,-0.004459903967625002,0.0003024475247341193,0.0
10,razak2014_fig10,v4b,0.2265625,-0.023117138951114946,-0.002229669528502465,0.8240263786304158,-0.00490134759241059,5.9678080621951694e-05,0.0
10,razak2014_fig10,v4b,0.234375,-0.007028207451053033,-0.001242374858290972,0.8261726657918064,-0.005738188519161351,-7.601641689514541e-05,0.0
10,razak2014_fig10,v4b,0.2421875,0.009254646433325804,-0.0006096127892846687,0.8282145489665038,-0.006561281401873463,-0.00014242497332645108,0.0
10,razak2014_fig10,v4b,0.25,0.025748912568404038,-0.00034493091595251275,0.8301532373663866,-0.007294352957360277,-0.00015631143902667167,0.0
10,razak2014_fig10,v4b,0.2578125,0.042456560745578395,-0.00045677388123270925,0.8319899641056197,-0.007945533512533555,-0.00012642137509858535,0.0
10,razak2014_fig10,v4b,0.265625,0.05937631135053715,-0.0009494926216605283,0.833725976382234,-0.008533217223356265,-5.945959063985142e-05,0.0
10,razak2014_fig10,v4b,0.2734375,0.07650648765257043,-0.0018236510471406867,0.8353625265252063,-0.009064195108243347,3.800384923277058e-05,0.0
10,razak2014_fig10,v4b,0.28125,0.09384506446277109,-0.003076136402399296,0.8369008638238827,-0.009527637499928644,0.0001589254760697918,0.0
10,razak2014_fig10,v4b,0.2890625,0.11137879735911835,-0.0046993090861704905,0.8383422270674666,-0.009956614707911305,0.0003012338088636894,0.0
10,razak2014_fig10,v4b,0.296875,0.1290944274409641,-0.006682210131578241,0.8396863339928133,-0.010356477601324372,0.000460882157901546,0.0
10,razak2014_fig10,v4b,0.3046875,0.14697525814269524,-0.0090104523107932,0.8409251269776556,-0.01072064742306113,0.0006331401258107655,0.0
10,razak2014_fig10,v4b,0.3125,0.1649955773820799,-0.011665812850613461,0.8420451166590076,-0.011062302888107152,0.0008159989802533959,0.0
10,razak2014_fig10,v4b,0.3203125,0.18312606538485451,-0.014627058735581285,0.8430267079233487,-0.011377837400612618,0.001005992651283664,0.0
10,razak2014_fig10,v4b,0.328125,0.20132894425288023,-0.01786960837374515,0.8438515786477069,-0.01167599247903176,0.0012015603079218993,0.0
10,razak2014_fig10,v4b,0.3359375,0.21956105453023744,-0.021366167214941927,0.8444953974753574,-0.011956833595824893,0.0014003579743771966,0.0
10,razak2014_fig10,v4b,0.34375,0.23777221649619903,-0.02508676351385725,0.8449358630243224,-0.012222629787913164,0.0016006486655398668,0.0
10,razak2014_fig10,v4b,0.3515625,0.25590536140084397,-0.028999024803956677,0.8451530613222744,-0.01247793496510919,0.001801282296138536,0.0
10,razak2014_fig10,v4b,0.359375,0.27389621778604134,-0.033068373970802756,0.8451268505939405,-0.012733284519990447,0.0020023213938436197,0.0
10,razak2014_fig10,v4b,0.3671875,0.29167606530044016,-0.0372586787857318,0.8448351179065114,-0.012989966520176602,0.002202831628417261,0.0
10,razak2014_fig10,v4b,0.375,0.3091602778207647,-0.04153068827188505,0.8442588383175846,-0.013317705866437816,0.0024131130737003173,0.0
10,razak2014_fig10,v4b,0.3828125,0.3262498078163088,-0.045842187734995994,0.8433820247829884,-0.013847901013562236,0.00265563622390741,0.0
10,razak2014_fig10,v4b,0.390625,0.34282837451227294,-0.05014710211620175,0.8421916815604797,-0.014793110390475196,0.002972328495275996,0.0
10,razak2014_fig10,v4b,0.3984375,0.35862894560212627,-0.05437445339641872,0.8406777556792352,-0.017284618890639467,0.0035575749896686153,0.0
10,razak2014_fig10,v4b,0.40625,0.37396888391690297,-0.058549918887895805,0.8388330822906824,-0.018760666213656074,0.003996701550396776,0.0
10,razak2014_fig10,v4b,0.4140625,0.38885189057621117,-0.06265018245307374,0.8366533208105229,-0.018694456743300666,0.004196564604593103,0.0
10,razak2014_fig10,v4b,0.421875,0.4023872269013093,-0.06650153574090904,0.8341368797294884,-0.022000531277682683,0.004983154539660162,0.0
10,razak2014_fig10,v4b,0.4296875,0.41553006145645055,-0.07024300362832994,0.8312825625361449,-0.022350042768355397,0.005282881571343705,0.0
10,razak2014_fig10,v4b,0.4375,0.42729247323871516,-0.07368484982968214,0.8280908754176652,-0.025166178352795426,0.006016418089813928,0.0
10,razak2014_fig10,v4b,0.4453125,0.4379525097386544,-0.07685318906974445,0.8245653106925215,-0.028279488242259492,0.006816510118449841,0.0
10,razak2014_fig10,v4b,0.453125,0.4476623747624891,-0.07975334520602836,0.8207121907233155,-0.030413513147117703,0.007471182927587227,0.0
10,razak2014_fig10,v4b,0.4609375,0.45646374851761745,-0.08237690636266876,0.8165405045961034,-0.031044678604822556,0.007875925099010297,0.0
10,razak2014_fig10,v4b,0.46875,0.46314225021178435,-0.08449703169264464,0.8120617382343,-0.03643443981004506,0.009115105385247223,0.0
10,razak2014_fig10,v4b,0.4765625,0.46941728431356766,-0.08640160149234517,0.8072896990709566,-0.03705950516968169,0.009513224669091252,0.0
10,razak2014_fig10,v4b,0.484375,0.4739572645982298,-0.08784051814871942,0.8022403367403727,-0.03980470706335664,0.010296174466724817,0.0
10,razak2014_fig10,v4b,0.4921875,0.47749037313350623,-0.088938227840144,0.7969315614808,-0.04077929221096134,0.010741463348439685,0.0
10,razak2014_fig10,v4b,0.5,0.47854691567037444,-0.08941556959474271,0.7913830620764727,-0.04707731674111144,0.012153327493167864,0.0
10,razak2014_fig10,v4b,0.5078125,0.47950482271310163,-0.08969551649779099,0.7856161252214996,-0.047143483102244525,0.012440730714674598,0.0
10,razak2014_fig10,v4b,0.515625,0.47797016291845085,-0.08934607248489887,0.7796534581725133,-0.05234959633175109,0.013631870765840775,0.0
10,razak2014_fig10,v4b,0.5234375,0.47543842546313925,-0.08863386974676486,0.7735190164836384,-0.055739237419431174,0.014473724480658957,0.0
10,razak2014_fig10,v4b,0.53125,0.47213112176138866,-0.08759968677753897,0.7672378384983365,-0.05660410584136013,0.01483266683162702,0.0
10,razak2014_fig10,v4b,0.5390625,0.4675800115761368,-0.08617103448077218,0.7608358881195926,-0.05724338125214639,0.015081101363474552,0.0
10,razak2014_fig10,v4b,0.546875,0.46179564322665434,-0.08434910381096396,0.7543399072036675,-0.05780726413959041,0.015269428301564737,0.0
10,razak2014_fig10,v4b,0.5546875,0.45348719875423904,-0.08191333343863134,0.747777278733275,-0.06362227738332946,0.016337346722830135,0.0
10,razak2014_fig10,v4b,0.5625,0.44485410060058933,-0.0792574620872519,0.7411759017326089,-0.06601392963052857,0.016769513551301688,0.0
10,razak2014_fig10,v4b,0.5703125,0.43550124225318343,-0.07632737552814785,0.7345640786969861,-0.06696790282971118,0.01690173990513567,0.0
10,razak2014_fig10,v4b,0.578125,0.42537242992600766,-0.07313661374224513,0.7279688880546075,-0.06704968990757923,0.016800640477934,0.0
10,razak2014_fig10,v4b,0.5859375,0.4134152762126293,-0.0695186904033048,0.7214146863023954,-0.07035922119569384,0.017183292510247212,0.0
10,razak2014_fig10,v4b,0.59375,0.4008860987457782,-0.06570433467446533,0.7149257771257043,-0.07253181322383444,0.017317386857135898,0.0
10,razak2014_fig10,v4b,0.6015625,0.3877352433457619,-0.06171431908764035,0.7085263533821289,-0.07407646511171125,0.017264405576447466,0.0
10,razak2014_fig10,v4b,0.609375,0.3739274671489718,-0.057562705799366204,0.702240451801789,-0.07540901331015838,0.01710972069650665,0.0
10,razak2014_fig10,v4b,0.6171875,0.35967466529204717,-0.05331387409603555,0.6960919201588588,-0.0760933696030102,0.016771435107278198,0.0
10,razak2014_fig10,v4b,0.625,0.34401706039918445,-0.048842225953730556,0.6901043966211067,-0.07950058567571201,0.016791070933057328,0.0
10,razak2014_fig10,v4b,0.6328125,0.3286750203153726,-0.04445403315189956,0.6843013009619405,-0.08025249370419765,0.016304789424223996,0.0
10,razak2014_fig10,v4b,0.640625,0.31339929163525587,-0.040135279365048834,0.6787058373222231,-0.07947431395903509,0.015508947453649164,0.0
10,razak2014_fig10,v4b,0.6484375,0.29734488356943894,-0.03578862240172231,0.6733360380219042,-0.08001522321298199,0.014840304195192309,0.0
10,razak2014_fig10,v4b,0.65625,0.2809953512732346,-0.03152044420685419,0.6682070988927894,-0.08052122069233013,0.014092425752596241,0.0
10,razak2014_fig10,v4b,0.6640625,0.2645203962734365,-0.02738727863447915,0.6633342894141444,-0.08063843287313559,0.013217628515487056,0.0
10,razak2014_fig10,v4b,0.671875,0.24806712905157718,-0.02343808563582097,0.6587326411098628,-0.08008127271800283,0.012189651326258249,0.0
10,razak2014_fig10,v4b,0.6796875,0.2310234591092868,-0.019623253059111796,0.6544107071878106,-0.08075499441336896,0.011263920405787909,0.0
10,razak2014_fig10,v4b,0.6875,0.21433915511375817,-0.016094907054292687,0.6503772969872148,-0.07998997901198102,0.010101421333262086,0.0
10,razak2014_fig10,v4b,0.6953125,0.19739305972363674,-0.01280088845043905,0.6466368619155382,-0.07966470818941879,0.008950164118890302,0.0
10,razak2014_fig10,v4b,0.703125,0.18039265293228368,-0.009792791832062607,0.6431914619541413,-0.0792404871092447,0.007749960506571487,0.0
10,razak2014_fig10,v4b,0.7109375,0.1635046575687879,-0.007112126205580418,0.6400407544569675,-0.07829930794795863,0.006463476601537677,0.0
10,razak2014_fig10,v4b,0.71875,0.14648331773649054,-0.0047468582753010065,0.6371852332217883,-0.07756150210167359,0.005193955992864378,0.0
10,razak2014_fig10,v4b,0.7265625,0.1293498921174734,-0.0027229881423842034,0.6346266046268662,-0.07698448275039871,0.003928732089634609,0.0
10,razak2014_fig10,v4b,0.734375,0.11213874310768912,-0.001061103151407383,0.6323674781597245,-0.07648473115194827,0.0026612561098531932,0.0
10,razak2014_fig10,v4b,0.7421875,0.09486149041752046,0.00022434297544117587,0.6304110718162282,-0.0760376517469074,0.001392325824035593,0.0
10,razak2014_fig10,v4b,0.75,0.07752097814913611,0.0011234131696264,0.6287609308235241,-0.07564024478488807,0.0001251853383795109,0.0
10,razak2014_fig10,v4b,0.7578125,0.060120061462639325,0.001629880753588348,0.6274206593845522,-0.07528938883050593,-0.0011368828337205742,0.0
10,razak2014_fig10,v4b,0.765625,0.04266034129937063,0.0017414657582155422,0.626393666166758,-0.07498723001291105,-0.002390120444964696,0.0
10,razak2014_fig10,v4b,0.7734375,0.02514578757998929,0.00145953542027206,0.6256829250719564,-0.07473344728208495,-0.003631177283392251,0.0
10,razak2014_fig10,v4b,0.78125,0.0075855150536582264,0.0007890359508911559,0.625290753429209,-0.0745201135793733,-0.004857198850901184,0.0
10,razak2014_fig10,v4b,0.7890625,-0.010013747795268053,-0.0002611190407479254,0.6252186101462173,-0.07435388782298671,-0.006064602946162516,0.0
10,razak2014_fig10,v4b,0.796875,-0.027635894065215785,-0.0016787486659194566,0.6254669165361242,-0.07422628500466487,-0.007250698337980988,0.0
10,razak2014_fig10,v4b,0.8046875,-0.04526635314428168,-0.0034480253449257602,0.6260349025085836,-0.07414419240770832,-0.008412343524592972,0.0
10,razak2014_fig10,v4b,0.8125,-0.06270671432411612,-0.005534718935372686,0.6269204805856748,-0.07363439579381811,-0.009505943605674375,0.017037086855465892
10,razak2014_fig10,v4b,0.8203125,-0.08038549890824118,-0.00781388857576885,0.6281201497915548,-0.0739170540070106,-0.010251843160484051,0.06698729810778094
10,razak2014_fig10,v4b,0.828125,-0.09869829357736286,-0.010030838987747131,0.6296289308947953,-0.07615543131151452,-0.010023158094592454,0.24999999999999997
10,razak2014_fig10,v4b,0.8359375,-0.12250476081614381,-0.012284695248094356,0.6314403337870849,-0.0936664318212975,-0.009146376548831957,0.24999999999999997
10,razak2014_fig10,v4b,0.84375,-0.1449780378069977,-0.014836376138663461,0.6335463570009134,-0.10820618150665152,-0.008399067298500729,0.24999999999999997
10,razak2014_fig10,v4b,0.8515625,-0.17459801492326468,-0.01756845558754855,0.635937518545803,-0.1431816724622354,-0.007543078255249201,0.23296291314453407
10,razak2014_fig10,v4b,0.859375,-0.22413789508019372,-0.02049970395443567,0.6386029164232405,-0.2345682870501227,-0.006716116592125164,0.23296291314453407
10,razak2014_fig10,v4b,0.8671875,-0.19281415951252034,-0.023701148650523612,0.6415303164091039,-0.10283489793090302,-0.006210297488485688,0.3535533905932736
10,razak2014_fig10,v4b,0.875,-0.22969154116695661,-0.026824496283284566,0.6447062640093384,-0.16191430867281695,-0.00515184622338485,0.3535533905932736
10,razak2014_fig10,v4b,0.8828125,-0.25178505478198276,-0.030055805192467845,0.6481162169335631,-0.18143845162447822,-0.0041557843829321175,0.3535533905932736
10,razak2014_fig10,v4b,0.890625,-0.25744526212532004,-0.03317044738512699,0.651744694017063,-0.15574370087381154,-0.0027081902244907186,0.25
10,razak2014_fig10,v4b,0.8984375,-0.2812890549409268,-0.0364357816235677,0.655575436269257,-0.18409496688532037,-0.001857720558584908,0.20004978874768495
10,razak2014_fig10,v4b,0.90625,-0.29564568338102193,-0.03943256258630154,0.6595915756407992,-0.18731624357253263,-0.0006948159749983523,0.12059047744873957
10,razak2014_fig10,v4b,0.9140625,-0.3108824231733382,-0.042268218151500454,0.6637758071766936,-0.19555056011342242,0.00037015679952068757,0.12059047744873957
10,razak2014_fig10,v4b,0.921875,-0.310001049813347,-0.0444378157672557,0.6681105604450566,-0.15800956445879255,0.0026157102011351236,0.24999999999999997
10,razak2014_fig10,v4b,0.9296875,-0.33798871477075665,-0.04698975002692849,0.6725781664793332,-0.21039666376343513,0.00293310914217075,0.24999999999999997
10,razak2014_fig10,v4b,0.9375,-0.2663713005814167,-0.04667686700175122,0.6771610169197583,0.041293224511449116,0.011365010642822923,0.24999999999999997
10,razak2014_fig10,v4b,0.9453125,-0.3355846935026821,-0.050022563083398745,0.6818417125588224,-0.14542851974206925,0.007820801864787407,0.24999999999999997
10,razak2014_fig10,v4b,0.953125,-0.33395699074272317,-0.051219079857472746,0.6866031990560536,-0.11508374187512474,0.010276361206232237,0.24999999999999997
10,razak2014_fig10,v4b,0.9609375,-0.3313860434684967,-0.052194171053431396,0.691428888161497,-0.08426944562805194,0.012744282685972805,0.24999999999999997
10,razak2014_fig10,v4b,0.96875,-0.3399744746391645,-0.05338071268055511,0.6963027633496526,-0.09289713463450673,0.013872001603581444,0.24999999999999997
10,razak2014_fig10,v4b,0.9765625,-0.31900989755245457,-0.05345437810348391,0.7012094692951203,-0.00672290321768466,0.01808001209068114,0.24999999999999997
10,razak2014_fig10,v4b,0.984375,-0.3142753312352473,-0.0539547856511155,0.7061343851012059,0.02316153271453762,0.020320821006199436,0.24999999999999997
10,razak2014_fig10,v4b,0.9921875,-0.3441396300434373,-0.05556456484829335,0.7110636816115423,-0.06973165475994124,0.018153208212081155,0.24999999999999997
11,razak2014_fig11,old,0.0,0.21708698277435576,0.02536834814798176,,,,
11,razak2014_fig11,old,0.0078125,0.21595118064149804,0.025281701205216063,,,,
11,razak2014_fig11,old,0.015625,0.2145975968272642,0.025138004016792056,,,,
11,razak2014_fig11,old,0.0234375,0.2130339274942989,0.02493848831100505,,,,
11,razak2014_fig11,old,0.03125,0.2112697831735553,0.024684612469593945,,,,
11,razak2014_fig11,old,0.0390625,0.2093165389708927,0.02437804767404598,,,,
11,razak2014_fig11,old,0.046875,0.2071871754745463,0.02402066181796052,,,,
11,razak2014_fig11,old,0.0546875,0.20489609793358343,0.023614501552613514,,,,
11,razak2014_fig11,old,0.0625,0.20245893894720685,0.023161772921290673,,,,
11,razak2014_fig11,old,0.0703125,0.19989234891757826,0.022664821031696536,,,,
11,razak2014_fig11,old,0.078125,0.19721377847806618,0.022126108765534433,,,,
11,razak2014_fig11,old,0.0859375,0.1944412572464203,0.02154819490551603,,,,
11,razak2014_fig11,old,0.09375,0.1915931733821039,0.02093371210665592,,,,
11,razak2014_fig11,old,0.1015625,0.1886880581798492,0.02028534498201356,,,,
11,razak2014_fig11,old,0.109375,0.18574438014146258,0.019605809236518303,,,,
11,razak2014_fig11,old,0.1171875,0.18278035192572112,0.018897831218450525,,,,
11,razak2014_fig11,old,0.125,0.1798137514766555,0.018164128093430182,,,,
11,razak2014_fig11,old,0.1328125,0.1768617624611299,0.017407389509873764,,,,
11,razak2014_fig11,old,0.140625,0.17394083213794534,0.01663026178455759,,,,
11,razak2014_fig11,old,0.1484375,0.1710665472992825,0.015835332328330693,,,,
11,razak2014_fig11,old,0.15625,0.1682535333210325,0.015025115311428259,,,,
11,razak2014_fig11,old,0.1640625,0.16551537027596228,0.014202041106493996,,,,
11,razak2014_fig11,old,0.171875,0.16286452424615575,0.01336844776973906,,,,
11,razak2014_fig11,old,0.1796875,0.16031230789788115,0.012526572013536763,,,,
11,razak2014_fig11,old,0.1875,0.15786885464682615,0.011678544821961317,,,,
11,razak2014_fig11,old,0.1953125,0.15554310550848163,0.010826388119087418,,,,
11,razak2014_fig11,old,0.203125,0.15334282026882295,0.009972011863793375,,,,
11,razak2014_fig11,old,0.2109375,0.15127459300692764,0.00911721486022593,,,,
11,razak2014_fig11,old,0.21875,0.14934388408207086,0.008263685119806494,,,,
11,razak2014_fig11,old,0.2265625,0.14755506042836425,0.007413001770515008,,,,
11,razak2014_fig11,old,0.234375,0.14591144006022913,0.006566638798630216,,,,
11,razak2014_fig11,old,0.2421875,0.1444153397258746,0.005725970577018658,,,,
11,razak2014_fig11,old,0.25,0.14306812867550275,0.004892277560206094,,,,
11,razak2014_fig11,old,0.2578125,0.1418702896499853,0.004066751706826947,,,,
11,razak2014_fig11,old,0.265625,0.14082147863518624,0.0032505029801488746,,,,
11,razak2014_fig11,old,0.2734375,0.13992058451721964,0.0024445662662082833,,,,
11,razak2014_fig11,old,0.28125,0.13916578812764863,0.0016499083435163441,,,,
11,razak2014_fig11,old,0.2890625,0.13855461997620785,0.0008674348434628771,,,,
11,razak2014_fig11,old,0.296875,0.1380840155908635,9.799719185959428e-05,,,,
11,razak2014_fig11,old,0.3046875,0.13775036801817647,-0.0006576005206088331,,,,
11,razak2014_fig11,old,0.3125,0.13754957701425521,-0.0013985947603208457,,,,
11,razak2014_fig11,old,0.3203125,0.13747709482345666,-0.0021242559408779418,,,,
11,razak2014_fig11,old,0.328125,0.13752796845803053,-0.0028338819840468773,,,,
11,razak2014_fig11,old,0.3359375,0.13769687848180473,-0.003526792035638536,,,,
11,razak2014_fig11,old,0.34375,0.1379781743785527,-0.004202320382238403,,,,
11,razak2014_fig11,old,0.3515625,0.1383659068086536,-0.004859810518406902,,,,
11,razak2014_fig11,old,0.359375,0.13885385711157525,-0.005498609420401656,,,,
11,razak2014_fig11,old,0.3671875,0.13943556428291426,-0.006118061992433487,,,,
11,razak2014_fig11,old,0.375,0.1401043501998532,-0.006717505718938777,,,,
11,razak2014_fig11,old,0.3828125,0.1408533433810778,-0.007296265549686317,,,,
11,razak2014_fig11,old,0.390625,0.1416755021647826,-0.007853649025976997,,,,
11,razak2014_fig11,old,0.3984375,0.1425636377545048,-0.008388941726666491,,,,
11,razak2014_fig11,old,0.40625,0.14351043813874048,-0.008901403077176673,,,,
11,razak2014_fig11,old,0.4140625,0.14450849325632892,-0.009390262588653388,,,,
11,razak2014_fig11,old,0.421875,0.14555032262751225,-0.00985471666119237,,,,
11,razak2014_fig11,old,0.4296875,0.1466284055127701,-0.010293925938351205,,,,
11,razak2014_fig11,old,0.4375,0.14773521495092934,-0.010707013481411726,,,,
11,razak2014_fig11,old,0.4453125,0.14886325550422283,-0.01109306366609068,,,,
11,razak2014_fig11,old,0.453125,0.15000510572210593,-0.01145112210318889,,,,
11,razak2014_fig11,old,0.4609375,0.1511534652088051,-0.011780196580826609,,,,
11,razak2014_fig11,old,0.46875,0.15230120641136305,-0.012079259101149159,,,,
11,razak2014_fig11,old,0.4765625,0.15344143098508028,-0.012347249132028853,,,,
11,razak2014_fig11,old,0.484375,0.15456753038711907,-0.012583078110183247,,,,
11,razak2014_fig11,old,0.4921875,0.15567325001501467,-0.012785635266059725,,,,
11,razak2014_fig11,old,0.5,0.15675275611836634,-0.012953794759981764,,,,
11,razak2014_fig11,old,0.5078125,0.15780070434288468,-0.013086424176757249,,,,
11,razak2014_fig11,old,0.515625,0.1588123085954247,-0.013182394252334537,,,,
11,razak2014_fig11,old,0.5234375,0.15978340857760598,-0.013240589717022888,,,,
11,razak2014_fig11,old,0.53125,0.16071053421997417,-0.013259921107888147,,,,
11,razak2014_fig11,old,0.5390625,0.16159096554190988,-0.013239337472801828,,,,
11,razak2014_fig11,old,0.546875,0.16242278636246127,-0.013177839895913951,,,,
11,razak2014_fig11,old,0.5546875,0.16320493010708262,-0.013074495606092628,,,,
11,razak2014_fig11,old,0.5625,0.16393721609349382,-0.012928452426826798,,,,
11,razak2014_fig11,old,0.5703125,0.1646203746434787,-0.012738953261980967,,,,
11,razak2014_fig11,old,0.578125,0.16525606018933822,-0.012505350475662499,,,,
11,razak2014_fig11,old,0.5859375,0.16584685143959885,-0.01222711998264005,,,,
11,razak2014_fig11,old,0.59375,0.16639623677239337,-0.011903874481900459,,,,
11,razak2014_fig11,old,0.6015625,0.1669085848010193,-0.011535375787013429,,,,
11,razak2014_fig11,old,0.609375,0.16738910078789285,-0.011121546370214026,,,,
11,razak2014_fig11,old,0.6171875,0.16784376868406276,-0.01066247951506745,,,,
11,razak2014_fig11,old,0.625,0.1682792777495826,-0.010158447711314524,,,,
11,razak2014_fig11,old,0.6328125,0.16870293689874358,-0.009609909722825457,,,,
11,razak2014_fig11,old,0.640625,0.1691225772953742,-0.009017515828684585,,,,
11,razak2014_fig11,old,0.6484375,0.16954644311280934,-0.008382111574831149,,,,
11,razak2014_fig11,old,0.65625,0.16998307779979183,-0.007704740756662939,,,,
11,razak2014_fig11,old,0.6640625,0.1704412021608031,-0.006986645917991427,,,,
11,razak2014_fig11,old,0.671875,0.17092958031591404,-0.006229265615209342,,,,
11,razak2014_fig11,old,0.6796875,0.1714568915103869,-0.005434232214137729,,,,
11,razak2014_fig11,old,0.6875,0.17203159713771127,-0.004603367597777724,,,,
11,razak2014_fig11,old,0.6953125,0.17266179821025324,-0.003738675686292485,,,,
11,razak2014_fig11,old,0.703125,0.1733551090721725,-0.002842336111290415,,,,
11,razak2014_fig11,old,0.7109375,0.17411852527828664,-0.0019166953154550984,,,,
11,razak2014_fig11,old,0.71875,0.17495829501204832,-0.0009642563737635237,,,,
11,razak2014_fig11,old,0.7265625,0.17587980567695902,1.2330611819232252e-05,,,,
11,razak2014_fig11,old,0.734375,0.17688746904891037,0.0010102802042615626,,,,
11,razak2014_fig11,old,0.7421875,0.17798462018228378,0.002026683103315026,,,,
11,razak2014_fig11,old,0.75,0.17917342553806517,0.00305851827363291,,,,
11,razak2014_fig11,old,0.7578125,0.18045480183324214,0.004102665643024377,,,,
11,razak2014_fig11,old,0.765625,0.18182834848720442,0.005155918883678096,,,,
11,razak2014_fig11,old,0.7734375,0.18329229267926436,0.006214998585943989,,,,
11,razak2014_fig11,old,0.78125,0.18484344887396248,0.007276565540632212,,,,
11,razak2014_fig11,old,0.7890625,0.18647719380618785,0.008337234080857753,,,,
11,razak2014_fig11,old,0.796875,0.18818745749865287,0.009393585548444017,,,,
11,razak2014_fig11,old,0.8046875,0.1899667318939003,0.010442181798203918,,,,
11,razak2014_fig11,old,0.8125,0.19180609754061734,0.011479578805393723,,,,
11,razak2014_fig11,old,0.8203125,0.19369526885948374,0.012502340428903157,,,,
11,razak2014_fig11,old,0.828125,0.19562265869080941,0.013507052341276598,,,,
11,razak2014_fig11,old,0.8359375,0.1975754623905495,0.014490336136776189,,,,
11,razak2014_fig11,old,0.84375,0.1995397613095874,0.015448863694499911,,,,
11,razak2014_fig11,old,0.8515625,0.2015006458831087,0.01637937175552984,,,,
11,razak2014_fig11,old,0.859375,0.20344235740068306,0.017278676730839708,,,,
11,razak2014_fig11,old,0.8671875,0.20534844757325024,0.018143689762012676,,,,
11,razak2014_fig11,old,0.875,0.20720195516571713,0.018971431903257428,,,,
11,razak2014_fig11,old,0.8828125,0.20898559667730324,0.01975904947235059,,,,
11,razak2014_fig11,old,0.890625,0.2106819707040757,0.02050382936994119,,,,
11,razak2014_fig11,old,0.8984375,0.21227377127198369,0.02120321434303403,,,,
11,razak2014_fig11,old,0.90625,0.21374400919953007,0.021854817982209302,,,,
11,razak2014_fig11,old,0.9140625,0.21507623618013,0.022456439333358547,,,,
11,razak2014_fig11,old,0.921875,0.21625476948775582,0.023006076903770895,,,,
11,razak2014_fig11,old,0.9296875,0.21726491220589272,0.02350194188358361,,,,
11,razak2014_fig11,old,0.9375,0.21809316539405324,0.023942470366937425,,,,
11,razak2014_fig11,old,0.9453125,0.21872742811254986,0.02432633434592689,,,,
11,razak2014_fig11,old,0.953125,0.21915718089634817,0.024652451260602438,,,,
11,razak2014_fig11,old,0.9609375,0.21937364911259888,0.024919991900810536,,,,
11,razak2014_fig11,old,0.96875,0.21936994253289752,0.025128386446249717,,,,
11,razak2014_fig11,old,0.9765625,0.2191411679571285,0.025277328486103645,,,,
11,razak2014_fig11,old,0.984375,0.2186845123635226,0.02536677686124222,,,,
11,razak2014_fig11,old,0.9921875,0.21799929458238596,0.02539695523002961,,,,
11,razak2014_fig11,v4b,0.0,0.21708698277435576,0.02536834814798176,0.9575575164801033,0.0,0.0,0.0
11,razak2014_fig11,v4b,0.0078125,0.21595118064149804,0.025281701205216063,0.9533656883068945,0.0,0.0,0.0
11,razak2014_fig11,v4b,0.015625,0.2145975968272642,0.025138004016792056,0.9490461783821271,0.0,0.0,0.0
11,razak2014_fig11,v4b,0.0234375,0.2130339274942989,0.02493848831100505,0.9446358255384201,0.0,0.0,0.0
11,razak2014_fig11,v4b,0.03125,0.21126978317355527,0.024684612469593945,0.940172652767286,0.0,0.0,0.0
11,razak2014_fig11,v4b,0.0390625,0.2093165389708927,0.02437804767404598,0.9356954820018585,0.0,0.0,0.0
11,razak2014_fig11,v4b,0.046875,0.2071871754745463,0.02402066181796052,0.9312436211079071,0.0,0.0,0.0
11,razak2014_fig11,v4b,0.0546875,0.20489609793358343,0.023614501552613514,0.9268566297509901,0.0,0.0,0.0
11,razak2014_fig11,v4b,0.0625,0.20245893894720685,0.023161772921290673,0.9225741693893662,0.0,0.0,0.0
11,razak2014_fig11,v4b,0.0703125,0.19989234891757826,0.022664821031696536,0.9184359416390178,0.0,0.0,0.0
11,razak2014_fig11,v4b,0.078125,0.19721377847806618,0.022126108765534433,0.9144817188072717,0.0,0.0,0.0
11,razak2014_fig11,v4b,0.0859375,0.1944412572464203,0.02154819490551603,0.9107514706201281,0.0,0.0,0.0
11,razak2014_fig11,v4b,0.09375,0.1915931733821039,0.02093371210665592,0.9072855922011606,0.0,0.0,0.0
11,razak2014_fig11,v4b,0.1015625,0.1886880581798492,0.02028534498201356,0.9040931103368477,0.0,0.0,0.0
11,razak2014_fig11,v4b,0.109375,0.18574438014146258,0.019605809236518303,0.9011819157895534,0.0,0.0,0.0
11,razak2014_fig11,v4b,0.1171875,0.18278035192572112,0.018897831218450525,0.8985625293420739,0.0,0.0,0.0
11,razak2014_fig11,v4b,0.125,0.1798137514766555,0.018164128093430182,0.8962478676813213,0.0,0.0,0.0
11,razak2014_fig11,v4b,0.1328125,0.1768617624611299,0.017407389509873764,0.8942531620252846,0.0,0.0,0.0
11,razak2014_fig11,v4b,0.140625,0.17394083213794534,0.01663026178455759,0.8925728940842649,0.0,0.0,0.0
11,razak2014_fig11,v4b,0.1484375,0.1710665472992825,0.015835332328330693,0.8912057121011748,0.0,0.0,0.0
11,razak2014_fig11,v4b,0.15625,0.1682535333210325,0.015025115311428259,0.8901456008967078,0.0,0.0,0.0
11,razak2014_fig11,v4b,0.1640625,0.16551537027596228,0.014202041106493996,0.889387171591492,0.0,0.0,0.0
11,razak2014_fig11,v4b,0.171875,0.16286452424615575,0.01336844776973906,0.8889291438056441,0.0,0.0,0.0
11,razak2014_fig11,v4b,0.1796875,0.16031230789788115,0.012526572013536763,0.8887726898288044,0.0,0.0,0.0
11,razak2014_fig11,v4b,0.1875,0.15786885464682615,0.011678544821961317,0.8889199872272437,0.0,0.0,0.0
11,razak2014_fig11,v4b,0.1953125,0.15554310550848163,0.010826388119087418,0.8893729376587096,0.0,0.0,0.0
11,razak2014_fig11,v4b,0.203125,0.15334282026882295,0.009972011863793375,0.8901320406388168,0.0,0.0,0.0
11,razak2014_fig11,v4b,0.2109375,0.15127459300692764,0.00911721486022593,0.8911954316575856,0.0,0.0,0.0
11,razak2014_fig11,v4b,0.21875,0.14934388408207086,0.008263685119806494,0.8925581061030282,0.0,0.0,0.0
11,razak2014_fig11,v4b,0.2265625,0.14755506042836425,0.007413001770515008,0.8942113547124713,0.0,0.0,0.0
11,razak2014_fig11,v4b,0.234375,0.14591144006022913,0.006566638798630216,0.8961424333777449,0.0,0.0,0.0
11,razak2014_fig11,v4b,0.2421875,0.1444153397258746,0.005725970577018658,0.8983344810337964,0.0,0.0,0.0
11,razak2014_fig11,v4b,0.25,0.14306812867550275,0.004892277560206094,0.9007666855857217,0.0,0.0,0.0
11,razak2014_fig11,v4b,0.2578125,0.1418702896499853,0.004066751706826947,0.9034146814794929,0.0,0.0,0.0
11,razak2014_fig11,v4b,0.265625,0.14082147863518624,0.0032505029801488746,0.9062511460714899,0.0,0.0,0.0
11,razak2014_fig11,v4b,0.2734375,0.13992058451721964,0.0024445662662082833,0.9092465478834119,0.0,0.0,0.0
11,razak2014_fig11,v4b,0.28125,0.13916578812764863,0.0016499083435163441,0.9123699902093991,0.0,0.0,0.0
11,razak2014_fig11,v4b,0.2890625,0.13855461997620785,0.0008674348434628771,0.9155900896614281,0.0,0.0,0.0
11,razak2014_fig11,v4b,0.296875,0.1380840155908635,9.799719185959428e-05,0.9188758314088629,0.0,0.0,0.0
11,razak2014_fig11,v4b,0.3046875,0.13775036801817647,-0.0006576005206088331,0.9221973504315552,0.0,0.0,0.0
11,razak2014_fig11,v4b,0.3125,0.13754957701425521,-0.0013985947603208457,0.925526599646887,0.0,0.0,0.0
11,razak2014_fig11,v4b,0.3203125,0.13747709482345666,-0.0021242559408779418,0.9288378794548885,0.0,0.0,0.0
11,razak2014_fig11,v4b,0.328125,0.13752796845803053,-0.0028338819840468773,0.9321082171949224,0.0,0.0,0.0
11,razak2014_fig11,v4b,0.3359375,0.13769687848180473,-0.003526792035638536,0.9353175976235072,0.0,0.0,0.0
11,razak2014_fig11,v4b,0.34375,0.1379781743785527,-0.004202320382238403,0.9384490556898769,0.0,0.0,0.0
11,razak2014_fig11,v4b,0.3515625,0.1383659068086536,-0.004859810518406902,0.9414886500412848,0.0,0.0,0.0
11,razak2014_fig11,v4b,0.359375,0.13885385711157525,-0.005498609420401656,0.9444253397786674,0.0,0.0,0.0
11,razak2014_fig11,v4b,0.3671875,0.13943556428291426,-0.006118061992433487,0.9472507883352856,0.0,0.0,0.0
11,razak2014_fig11,v4b,0.375,0.1401043501998532,-0.006717505718938777,0.9499591175299541,0.0,0.0,0.0
11,razak2014_fig11,v4b,0.3828125,0.1408533433810778,-0.007296265549686317,0.952546632505213,0.0,0.0,0.0
11,razak2014_fig11,v4b,0.390625,0.1416755021647826,-0.007853649025976997,0.955011535028448,0.0,0.0,0.0
11,razak2014_fig11,v4b,0.3984375,0.1425636377545048,-0.008388941726666491,0.9573523054543934,0.0,0.0,0.0
11,razak2014_fig11,v4b,0.40625,0.14351043813874048,-0.008901403077176673,0.9595661681496925,0.0,0.0,0.0
11,razak2014_fig11,v4b,0.4140625,0.14450849325632892,-0.009390262588653388,0.9616521347795818,0.0,0.0,0.0
11,razak2014_fig11,v4b,0.421875,0.14555032262751225,-0.00985471666119237,0.9636047564476737,0.0,0.0,0.0
11,razak2014_fig11,v4b,0.4296875,0.1466284055127701,-0.010293925938351205,0.9654171361855378,0.0,0.0,0.0
11,razak2014_fig11,v4b,0.4375,0.14773521495092934,-0.010707013481411726,0.9670851445987412,0.0,0.0,0.0
11,razak2014_fig11,v4b,0.4453125,0.14886325550422283,-0.01109306366609068,0.9686070378881592,0.0,0.0,0.0
11,razak2014_fig11,v4b,0.453125,0.15000510572210593,-0.01145112210318889,0.9699831508876255,0.0,0.0,0.0
11,razak2014_fig11,v4b,0.4609375,0.1511534652088051,-0.011780196580826609,0.971215645320029,0.0,0.0,0.0
11,razak2014_fig11,v4b,0.46875,0.15230120641136305,-0.012079259101149159,0.9723082987570338,0.0,0.0,0.0
11,razak2014_fig11,v4b,0.4765625,0.15344143098508028,-0.012347249132028853,0.97326632369645,0.0,0.0,0.0
11,razak2014_fig11,v4b,0.484375,0.15456753038711907,-0.012583078110183247,0.9740962091816269,0.0,0.0,0.0
11,razak2014_fig11,v4b,0.4921875,0.15567325001501467,-0.012785635266059725,0.9748055797418959,0.0,0.0,0.0
11,razak2014_fig11,v4b,0.5,0.15675275611836634,-0.012953794759981764,0.9754030682940771,0.0,0.0,0.0
11,razak2014_fig11,v4b,0.5078125,0.15780070434288468,-0.013086424176757249,0.9758982011170038,0.0,0.0,0.0
11,razak2014_fig11,v4b,0.515625,0.1588123085954247,-0.013182394252334537,0.9763012941667041,0.0,0.0,0.0
11,razak2014_fig11,v4b,0.5234375,0.15978340857760598,-0.013240589717022888,0.9766233608958008,0.0,0.0,0.0
11,razak2014_fig11,v4b,0.53125,0.16071053421997417,-0.013259921107888147,0.9768760324258816,0.0,0.0,0.0
11,razak2014_fig11,v4b,0.5390625,0.16159096554190988,-0.013239337472801828,0.9770714914427091,0.0,0.0,0.0
11,razak2014_fig11,v4b,0.546875,0.16242278636246127,-0.013177839895913951,0.9772224215880383,0.0,0.0,0.0
11,razak2014_fig11,v4b,0.5546875,0.16320493010708262,-0.013074495606092628,0.9773419744569992,0.0,0.0,0.0
11,razak2014_fig11,v4b,0.5625,0.16393721609349382,-0.012928452426826796,0.9774437566275825,0.0,0.0,0.0
11,razak2014_fig11,v4b,0.5703125,0.1646203746434787,-0.012738953261980967,0.9775418395034511,0.0,0.0,0.0
11,razak2014_fig11,v4b,0.578125,0.16525606018933822,-0.012505350475662499,0.9776507952032722,0.0,0.0,0.0
11,razak2014_fig11,v4b,0.5859375,0.16584685143959885,-0.01222711998264005,0.9777798494478004,0.0,0.0,0.0
11,razak2014_fig11,v4b,0.59375,0.16639623677239337,-0.011903874481900459,0.9779294858590775,0.0,0.0,0.0
11,razak2014_fig11,v4b,0.6015625,0.1669085848010193,-0.011535375787013429,0.9781012139576934,0.0,0.0,0.0
11,razak2014_fig11,v4b,0.609375,0.16738910078789285,-0.011121546370214026,0.9782933626735848,0.0,0.0,0.0
11,razak2014_fig11,v4b,0.6171875,0.16784376868406276,-0.01066247951506745,0.9785032973065297,0.0,0.0,0.0
11,razak2014_fig11,v4b,0.625,0.1682792777495826,-0.010158447711314524,0.9787293162490203,0.0,0.0,0.0
11,razak2014_fig11,v4b,0.6328125,0.16870293689874358,-0.009609909722825457,0.9789704361657198,0.0,0.0,0.0
11,razak2014_fig11,v4b,0.640625,0.1691225772953742,-0.009017515828684585,0.9792262105512664,0.0,0.0,0.0
11,razak2014_fig11,v4b,0.6484375,0.16954644311280934,-0.008382111574831149,0.979496572163759,0.0,0.0,0.0
11,razak2014_fig11,v4b,0.65625,0.16998307779979183,-0.007704740756662939,0.9797816931954754,0.0,0.0,0.0
11,razak2014_fig11,v4b,0.6640625,0.1704412021608031,-0.006986645917991427,0.9800818596511053,0.0,0.0,0.0
11,razak2014_fig11,v4b,0.671875,0.17092958031591404,-0.006229265615209342,0.9803973584617655,0.0,0.0,0.0
11,razak2014_fig11,v4b,0.6796875,0.1714568915103869,-0.005434232214137729,0.9807283774593533,0.0,0.0,0.0
11,razak2014_fig11,v4b,0.6875,0.17203159713771127,-0.004603367597777724,0.9810749194864683,0.0,0.0,0.0
11,razak2014_fig11,v4b,0.6953125,0.17266179821025324,-0.003738675686292485,0.9814367326009449,0.0,0.0,0.0
11,razak2014_fig11,v4b,0.703125,0.1733551090721725,-0.002842336111290415,0.9818132585245564,0.0,0.0,0.0
11,razak2014_fig11,v4b,0.7109375,0.17411852527828664,-0.0019166953154550984,0.9822036011797596,0.0,0.0,0.0
11,razak2014_fig11,v4b,0.71875,0.17495829501204832,-0.0009642563737635237,0.9826065163990008,0.0,0.0,0.0
11,razak2014_fig11,v4b,0.7265625,0.17587980567695902,1.2330611819232252e-05,0.9830204227771301,0.0,0.0,0.0
11,razak2014_fig11,v4b,0.734375,0.17688746904891037,0.0010102802042615626,0.9834434323209943,0.0,0.0,0.0
11,razak2014_fig11,v4b,0.7421875,0.17798462018228378,0.002026683103315026,0.9838733982184936,0.0,0.0,0.0
11,razak2014_fig11,v4b,0.75,0.17917342553806517,0.00305851827363291,0.9843079758952912,0.0,0.0,0.0
11,razak2014_fig11,v4b,0.7578125,0.18045480183324214,0.004102665643024377,0.984744692715904,0.0,0.0,0.0
11,razak2014_fig11,v4b,0.765625,0.18182834848720442,0.005155918883678096,0.9851810213250463,0.0,0.0,0.0
11,razak2014_fig11,v4b,0.7734375,0.18329229267926436,0.006214998585943989,0.9856144517479576,0.0,0.0,0.0
11,razak2014_fig11,v4b,0.78125,0.18484344887396248,0.007276565540632212,0.9860425579324849,0.0,0.0,0.0
11,razak2014_fig11,v4b,0.7890625,0.18647719380618785,0.008337234080857753,0.9864630553164422,0.0,0.0,0.0
11,razak2014_fig11,v4b,0.796875,0.18818745749865287,0.009393585548444017,0.9868738471003161,0.0,0.0,0.0
11,razak2014_fig11,v4b,0.8046875,0.1899667318939003,0.010442181798203918,0.9872730580486904,0.0,0.0,0.0
11,razak2014_fig11,v4b,0.8125,0.19180609754061734,0.011479578805393723,0.9876590557026069,0.0,0.0,0.0
11,razak2014_fig11,v4b,0.8203125,0.19369526885948374,0.012502340428903157,0.9880304597632,0.0,0.0,0.0
11,razak2014_fig11,v4b,0.828125,0.19562265869080941,0.013507052341276598,0.9883861410505186,0.0,0.0,0.0
11,razak2014_fig11,v4b,0.8359375,0.1975754623905495,0.014490336136776189,0.9887252118373401,0.0,0.0,0.0
11,razak2014_fig11,v4b,0.84375,0.1995397613095874,0.015448863694499911,0.9890470095251959,0.0,0.0,0.0
11,razak2014_fig11,v4b,0.8515625,0.2015006458831087,0.01637937175552984,0.9893423352192549,0.0,0.0,0.0
11,razak2014_fig11,v4b,0.859375,0.20344235740068306,0.017278676730839708,0.9895882912648667,0.0,0.0,0.0
11,razak2014_fig11,v4b,0.8671875,0.20534844757325024,0.018143689762012676,0.989764385294857,0.0,0.0,0.0
11,razak2014_fig11,v4b,0.875,0.20720195516571713,0.018971431903257428,0.9898291046179727,0.0,0.0,0.0
11,razak2014_fig11,v4b,0.8828125,0.20898559667730324,0.01975904947235059,0.989747545926579,0.0,0.0,0.0
11,razak2014_fig11,v4b,0.890625,0.2106819707040757,0.02050382936994119,0.9894907527098532,0.0,0.0,0.0
11,razak2014_fig11,v4b,0.8984375,0.21227377127198369,0.02120321434303403,0.9890352711298214,0.0,0.0,0.0
11,razak2014_fig11,v4b,0.90625,0.21374400919953007,0.021854817982209302,0.9883603356930274,0.0,0.0,0.0
11,razak2014_fig11,v4b,0.9140625,0.21507623618013,0.022456439333358547,0.9874291586330789,0.0,0.0,0.0
11,razak2014_fig11,v4b,0.921875,0.21625476948775582,0.023006076903770895,0.9862139682893258,0.0,0.0,0.0
11,razak2014_fig11,v4b,0.9296875,0.21726491220589272,0.02350194188358361,0.9846953029497987,0.0,0.0,0.0
11,razak2014_fig11,v4b,0.9375,0.21809316539405324,0.023942470366937425,0.9828614194687288,0.0,0.0,0.0
11,razak2014_fig11,v4b,0.9453125,0.21872742811254986,0.02432633434592689,0.9807077570058045,0.0,0.0,0.0
11,razak2014_fig11,v4b,0.953125,0.21915718089634817,0.024652451260602438,0.9782364170297709,0.0,0.0,0.0
11,razak2014_fig11,v4b,0.9609375,0.21937364911259888,0.024919991900810536,0.9754556362603272,0.0,0.0,0.0
11,razak2014_fig11,v4b,0.96875,0.21936994253289752,0.025128386446249717,0.9723792409999217,0.0,0.0,0.0
11,razak2014_fig11,v4b,0.9765625,0.2191411679571285,0.025277328486103645,0.969026080218379,0.0,0.0,0.0
11,razak2014_fig11,v4b,0.984375,0.2186845123635226,0.02536677686124222,0.9654194413405297,0.0,0.0,0.0
11,razak2014_fig11,v4b,0.9921875,0.21799929458238596,0.02539695523002961,0.9615864573136504,0.0,0.0,0.0
13,razak2014_fig13,old,0.0,-0.4482368292322544,-0.04562615617007897,,,,
13,razak2014_fig13,old,0.0078125,-0.4461802254286959,-0.04621766285944388,,,,
13,razak2014_fig13,old,0.015625,-0.4418983671667054,-0.04654075119176612,,,,
13,razak2014_fig13,old,0.0234375,-0.4354310821833138,-0.04659272003469377,,,,
13,razak2014_fig13,old,0.03125,-0.4268329716895035,-0.04637330969369291,,,,
13,razak2014_fig13,old,0.0390625,-0.41617235928888,-0.0458846936325919,,,,
13,razak2014_fig13,old,0.046875,-0.403529904160814,-0.045131458126114875,,,,
13,razak2014_fig13,old,0.0546875,-0.38899700830802264,-0.044120559062136216,,,,
13,razak2014_fig13,old,0.0625,-0.3726740486237773,-0.04286125543739666,,,,
13,razak2014_fig13,old,0.0703125,-0.3546684770016775,-0.04136502148617259,,,,
13,razak2014_fig13,old,0.078125,-0.3350928463815669,-0.03964543765454684,,,,
13,razak2014_fig13,old,0.0859375,-0.314062800392681,-0.037718061232259126,,,,
13,razak2014_fig13,old,0.09375,-0.2916950768854138,-0.03560027915109894,,,,
13,razak2014_fig13,old,0.1015625,-0.2681055761993134,-0.03331114246810981,,,,
13,razak2014_fig13,old,0.109375,-0.24340752590776668,-0.030871184761268145,,,,
13,razak2014_fig13,old,0.1171875,-0.21770980263955803,-0.028302225366380128,,,,
13,razak2014_fig13,old,0.125,-0.19111544351750584,-0.02562715842215627,,,,
13,razak2014_fig13,old,0.1328125,-0.1637203717409153,-0.022869733847109858,,,,
13,razak2014_fig13,old,0.140625,-0.1356123672572365,-0.020054330954825984,,,,
13,razak2014_fig13,old,0.1484375,-0.10687028286370122,-0.017205723794314492,,,,
13,razak2014_fig13,old,0.15625,-0.07756350906028946,-0.014348843475566078,,,,
13,razak2014_fig13,old,0.1640625,-0.04775170912486369,-0.011508540564806758,,,,
13,razak2014_fig13,old,0.171875,-0.017484824882107706,-0.008709347790706316,,,,
13,razak2014_fig13,old,0.1796875,0.01319665398130814,-0.00597524645776914,,,,
13,razak2014_fig13,old,0.1875,0.044261179497761705,-0.0033294384271841276,,,,
13,razak2014_fig13,old,0.1953125,0.07568544765832041,-0.0007941236822454153,,,,
13,razak2014_fig13,old,0.203125,0.10745347999885406,0.0016097151124850318,,,,
13,razak2014_fig13,old,0.2109375,0.1395555278293182,0.003862510879866452,,,,
13,razak2014_fig13,old,0.21875,0.1719869243409073,0.005946286164718291,,,,
13,razak2014_fig13,old,0.2265625,0.20474684781798638,0.007844847600715198,,,,
13,razak2014_fig13,old,0.234375,0.23783668348765208,0.00954395877477122,,,,
13,razak2014_fig13,old,0.2421875,0.2712585609003677,0.011031431679092447,,,,
13,razak2014_fig13,old,0.25,0.30501377970247084,0.01229722908219832,,,,
13,razak2014_fig13,old,0.2578125,0.33910108154060903,0.01333355852742306,,,,
13,razak2014_fig13,old,0.265625,0.37351499758305506,0.014134927606372322,,,,
13,razak2014_fig13,old,0.2734375,0.40824428093482834,0.014698177076963673,,,,
13,razak2014_fig13,old,0.28125,0.44327042775610065,0.015022490638532308,,,,
13,razak2014_fig13,old,0.2890625,0.47856632000226995,0.01510938054706203,,,,
13,razak2014_fig13,old,0.296875,0.5140950134967449,0.01496265010598055,,,,
13,razak2014_fig13,old,0.3046875,0.5498086930521032,0.014588333453248904,,,,
13,razak2014_fig13,old,0.3125,0.5856478265655236,0.013994614612719615,,,,
13,razak2014_fig13,old,0.3203125,0.6215405547864614,0.013191725217743328,,,,
13,razak2014_fig13,old,0.328125,0.6574023029811757,0.012191822519572456,,,,
13,razak2014_fig13,old,0.3359375,0.693135650691738,0.011008848594705835,,,,
13,razak2014_fig13,old,0.34375,0.7286305085619722,0.009658373518718419,,,,
13,razak2014_fig13,old,0.3515625,0.7637645640996686,0.008157426571132394,,,,
13,razak2014_fig13,old,0.359375,0.7984040108766955,0.006524312379355677,,,,
13,razak2014_fig13,old,0.3671875,0.8324045912055285,0.004778416729731685,,,,
13,razak2014_fig13,old,0.375,0.8656129113079053,0.0029400081859605274,,,,
13,razak2014_fig13,old,0.3828125,0.8978680266638946,0.0010300325340460883,,,,
13,razak2014_fig13,old,0.390625,0.9290032749444437,-0.0009300962857160222,,,,
13,razak2014_fig13,old,0.3984375,0.958848320268491,-0.0029187042455572207,,,,
13,razak2014_fig13,old,0.40625,0.9872313851493736,-0.004914066405720244,,,,
13,razak2014_fig13,old,0.4140625,1.0139816170681506,-0.006894612304929855,,,,
13,razak2014_fig13,old,0.421875,1.0389315564694532,-0.008839126257542436,,,,
13,razak2014_fig13,old,0.4296875,1.061919652670519,-0.010726942392855205,,,,
13,razak2014_fig13,old,0.4375,1.0827927682474787,-0.012538132585570131,,,,
13,razak2014_fig13,old,0.4453125,1.101408621600669,-0.014253684584214178,,,,
13,razak2014_fig13,old,0.453125,1.117638115064933,-0.01585567033683609,,,,
13,razak2014_fig13,old,0.4609375,1.1313674811635617,-0.01732740352069245,,,,
13,razak2014_fig13,old,0.46875,1.142500203002522,-0.01865358481082471,,,,
13,razak2014_fig13,old,0.4765625,1.1509586608395603,-0.019820434842468353,,,,
13,razak2014_fig13,old,0.484375,1.1566854584878905,-0.020815814226685936,,,,
13,razak2014_fig13,old,0.4921875,1.1596444020536931,-0.02162932984504176,,,,
13,razak2014_fig13,old,0.5,1.1598210980342607,-0.022252427552876528,,,,
13,razak2014_fig13,old,0.5078125,1.157223163676314,-0.02267846995278848,,,,
13,razak2014_fig13,old,0.515625,1.1518800362389094,-0.02290279841321897,,,,
13,razak2014_fig13,old,0.5234375,1.143842383789255,-0.022922778868216892,,,,
13,razak2014_fig13,old,0.53125,1.1331811371208955,-0.022737830106883978,,,,
13,razak2014_fig13,old,0.5390625,1.1199861614863806,-0.02234943478647445,,,,
13,razak2014_fig13,old,0.546875,1.1043646076970373,-0.02176113506209281,,,,
13,razak2014_fig13,old,0.5546875,1.0864389931641503,-0.020978509891601493,,,,
13,razak2014_fig13,old,0.5625,1.0663450472900038,-0.02000913310292956,,,,
13,razak2014_fig13,old,0.5703125,1.0442293739522,-0.018862512938561688,,,,
13,razak2014_fig13,old,0.578125,1.020246987829442,-0.017550016371409606,,,,
13,razak2014_fig13,old,0.5859375,0.9945587850977601,-0.01608477951434746,,,,
13,razak2014_fig13,old,0.59375,0.9673290063997996,-0.014481602542737062,,,,
13,razak2014_fig13,old,0.6015625,0.9387227458617604,-0.012756826124269762,,,,
13,razak2014_fig13,old,0.609375,0.9089035693094644,-0.010928188293750753,,,,
13,razak2014_fig13,old,0.6171875,0.878031281634347,-0.009014666730473495,,,,
13,razak2014_fig13,old,0.625,0.8462598782951323,-0.007036307476878683,,,,
13,razak2014_fig13,old,0.6328125,0.813735731928277,-0.005014039570423722,,,,
13,razak2014_fig13,old,0.640625,0.7805960612227025,-0.0029694749955766833,,,,
13,razak2014_fig13,old,0.6484375,0.7469676677389683,-0.0009247004338544265,,,,
13,razak2014_fig13,old,0.65625,0.712965951477316,0.0010979368535428803,,,,
13,razak2014_fig13,old,0.6640625,0.678694236330501,0.003076051602200474,,,,
13,razak2014_fig13,old,0.671875,0.6442434023026846,0.004987448040404597,,,,
13,razak2014_fig13,old,0.6796875,0.6096918074243045,0.00681034816851025,,,,
13,razak2014_fig13,old,0.6875,0.5751054946212462,0.008523617857326906,,,,
13,razak2014_fig13,old,0.6953125,0.5405386718201423,0.010106988291670584,,,,
13,razak2014_fig13,old,0.703125,0.5060344359998624,0.011541269833285428,,,,
13,razak2014_fig13,old,0.7109375,0.4716257167991872,0.012808556660552691,,,,
13,razak2014_fig13,old,0.71875,0.4373364125186574,0.013892420644651887,,,,
13,razak2014_fig13,old,0.7265625,0.4031826875498807,0.014778091939133176,,,,
13,razak2014_fig13,old,0.734375,0.36917440056047096,0.015452623927215017,,,,
13,razak2014_fig13,old,0.7421875,0.3353166314530336,0.015905040971406697,,,,
13,razak2014_fig13,old,0.75,0.3016112718243163,0.01612646790221804,,,,
13,razak2014_fig13,old,0.7578125,0.268058643768391,0.016110239088998946,,,,
13,razak2014_fig13,old,0.765625,0.23465909635366108,0.015851987687888883,,,,
13,razak2014_fig13,old,0.7734375,0.20141459699315806,0.015349720884995349,,,,
13,razak2014_fig13,old,0.78125,0.16833050716968878,0.014603830115113773,,,,
13,razak2014_fig13,old,0.7890625,0.1354171344406004,0.01361707428863769,,,,
13,razak2014_fig13,old,0.796875,0.10269069984078996,0.01239463164230169,,,,
13,razak2014_fig13,old,0.8046875,0.07017462744360918,0.010944059784752042,,,,
13,razak2014_fig13,old,0.8125,0.03790069836638623,0.009275209608307623,,,,
13,razak2014_fig13,old,0.8203125,0.005909691568201648,0.007400140429831276,,,,
13,razak2014_fig13,old,0.828125,-0.025748180565939187,0.005333012863652947,,,,
13,razak2014_fig13,old,0.8359375,-0.05701293210241188,0.003089945778374945,,,,
13,razak2014_fig13,old,0.84375,-0.0878147194949644,0.0006888575275301992,,,,
13,razak2014_fig13,old,0.8515625,-0.11807393409709678,-0.0018507142189329176,,,,
13,razak2014_fig13,old,0.859375,-0.14770168046224472,-0.004507785151032904,,,,
13,razak2014_fig13,old,0.8671875,-0.17660048815893042,-0.007260120475057573,,,,
13,razak2014_fig13,old,0.875,-0.20466521581878153,-0.010084448769814363,,,,
13,razak2014_fig13,old,0.8828125,-0.23178417452879657,-0.012956685267786105,,,,
13,razak2014_fig13,old,0.890625,-0.2578404674313576,-0.0158521624422618,,,,
13,razak2014_fig13,old,0.8984375,-0.28271353469816163,-0.01874586423176455,,,,
13,razak2014_fig13,old,0.90625,-0.30628086107352503,-0.021612664389465124,,,,
13,razak2014_fig13,old,0.9140625,-0.3284198192834093,-0.024427565012836185,,,,
13,razak2014_fig13,old,0.921875,-0.34900960190882707,-0.027165934167583398,,,,
13,razak2014_fig13,old,0.9296875,-0.36793320246888456,-0.02980373981042282,,,,
13,razak2014_fig13,old,0.9375,-0.3850793980237983,-0.032317777549894185,,,,
13,razak2014_fig13,old,0.9453125,-0.4003446876338504,-0.03468589060131753,,,,
13,razak2014_fig13,old,0.953125,-0.41363513627723997,-0.036887179395711865,,,,
13,razak2014_fig13,old,0.9609375,-0.42486807741509613,-0.03890219881367238,,,,
13,razak2014_fig13,old,0.96875,-0.4339736337170981,-0.040713141093314587,,,,
13,razak2014_fig13,old,0.9765625,-0.44089600988921623,-0.04230400401272696,,,,
13,razak2014_fig13,old,0.984375,-0.4455945246340164,-0.04366074105432016,,,,
13,razak2014_fig13,old,0.9921875,-0.44804435891332056,-0.04477139299840592,,,,
13,razak2014_fig13,v4b,0.0,-0.5076155383535847,-0.013021164146890427,0.1323838703864944,-0.06908790948830139,0.035631496014224426,0.48296291314453405
13,razak2014_fig13,v4b,0.0078125,-0.42716449858502076,-0.019097620384441134,0.10826364005832681,0.020818016584640487,0.0288905390473579,0.48296291314453405
13,razak2014_fig13,v4b,0.015625,-0.3885586877898852,-0.021255961950224136,0.08439336127329812,0.057893947695457075,0.02652280932679194,0.36237243569579447
13,razak2014_fig13,v4b,0.0234375,-0.369330533759286,-0.021576459342845737,0.06084360732391545,0.07015310407499595,0.02593954495745624,0.48296291314453405
13,razak2014_fig13,v4b,0.03125,-0.31597155228081303,-0.02459885402877618,0.0376779053403711,0.11508235593995704,0.022260800061187344,0.48296291314453405
13,razak2014_fig13,v4b,0.0390625,-0.36336738970818994,-0.01898003601788479,0.02067501532407789,0.05386708680269101,0.02730959399511108,0.48296291314453405
13,razak2014_fig13,v4b,0.046875,-0.32267758014908615,-0.021025210154084435,0.020712239626972585,0.08252225182226304,0.02449018110071029,0.3535533905932736
13,razak2014_fig13,v4b,0.0546875,-0.38687099021973753,-0.014125895721354182,0.031807801724217655,0.0021527615543237423,0.0308426247134665,0.2241438680420132
13,razak2014_fig13,v4b,0.0625,-0.3084529854758018,-0.019174637294508436,0.05011189981643611,0.0675668652606512,0.024799094774512528,0.0
13,razak2014_fig13,v4b,0.0703125,-0.289033329262961,-0.019334191720753104,0.07063853731518045,0.07059248296969318,0.023600956431386412,0.0
13,razak2014_fig13,v4b,0.078125,-0.28708054880386297,-0.018067010946133014,0.09053595482528289,0.05277696883110023,0.023675897553055984,0.0
13,razak2014_fig13,v4b,0.0859375,-0.2880580737078872,-0.016339190102575875,0.1097825655581446,0.02920817604944984,0.024003162497975628,0.0
13,razak2014_fig13,v4b,0.09375,-0.21944931688131095,-0.019094436102090568,0.12836111251682863,0.08288494526092921,0.018936484469556904,0.0
13,razak2014_fig13,v4b,0.1015625,-0.18454961486626895,-0.018933457926917162,0.14625820505917544,0.09787029500978803,0.01684078796000518,0.0
13,razak2014_fig13,v4b,0.109375,-0.15284904397953686,-0.01789697286534157,0.16346386353231193,0.10825411835837379,0.01550944583304049,0.0
13,razak2014_fig13,v4b,0.1171875,-0.1383764039488939,-0.015578081096944047,0.17997107759651904,0.09674463488207251,0.015516701816006662,0.0
13,razak2014_fig13,v4b,0.125,-0.10121807439836619,-0.014378557039974047,0.19577538232297184,0.1117814191995325,0.01398689014851768,0.0
13,razak2014_fig13,v4b,0.1328125,-0.07372758684486665,-0.0122817535478742,0.21087445480355252,0.11404115028825428,0.01341735844655726,0.0
13,razak2014_fig13,v4b,0.140625,-0.04636818036455114,-0.010084032803288996,0.22526773285090385,0.11519358451544968,0.01286934670763909,0.0
13,razak2014_fig13,v4b,0.1484375,-0.02211682723207787,-0.007719472015790239,0.23895605638405762,0.1113647330651301,0.012464788476539602,0.0
13,razak2014_fig13,v4b,0.15625,0.0037752143040275903,-0.005502622665383018,0.2519413312745572,0.10873308039181416,0.011825570881031866,0.0
13,razak2014_fig13,v4b,0.1640625,0.031077956260399178,-0.0033542237773753003,0.26422621475158126,0.10713845337483405,0.01108264109284394,0.0
13,razak2014_fig13,v4b,0.171875,0.059053124362484846,-0.0012455216628885937,0.2758138209117371,0.10568822141973548,0.010306501757896764,0.0
13,razak2014_fig13,v4b,0.1796875,0.08756908648793436,0.0008061830134655909,0.28670744442862267,0.1042663797984696,0.009507220309908493,0.0
13,razak2014_fig13,v4b,0.1875,0.11663328064462065,0.002779161991427522,0.2969103001876204,0.10293437831072128,0.008688223451775409,0.0
13,razak2014_fig13,v4b,0.1953125,0.14618599853467512,0.004653421133375481,0.306425276261757,0.10164809711687507,0.00785430124422587,0.0
13,razak2014_fig13,v4b,0.203125,0.17621408536401703,0.00640841495965796,0.31525469737450784,0.10041778322759845,0.007008006960797629,0.0
13,razak2014_fig13,v4b,0.2109375,0.20671016712522503,0.00802513459168814,0.3234000957454008,0.09925310197891644,0.0061522676631289115,0.0
13,razak2014_fig13,v4b,0.21875,0.23766393351930779,0.00948585528677313,0.3308619859647418,0.09815166348468711,0.005289744488897519,0.0
13,razak2014_fig13,v4b,0.2265625,0.2690744351067551,0.010774440966283832,0.33763964027521554,0.09711871543082276,0.0044229599832724025,0.0
13,razak2014_fig13,v4b,0.234375,0.30094081570808723,0.011876580861399675,0.3437306612934425,0.09615584410023974,0.003554367009170082,0.0
13,razak2014_fig13,v4b,0.2421875,0.3332664226328007,0.012779983080267045,0.3490902419367891,0.09526337708769042,0.0026863192316818755,0.0
13,razak2014_fig13,v4b,0.25,0.36605820126993016,0.01347430580265847,0.35361818601976425,0.09444019037535278,0.0018210238824821585,0.0
13,razak2014_fig13,v4b,0.2578125,0.3993208404984249,0.013950988025339724,0.35721632200252834,0.0936858868996558,0.000960555656671625,0.0
13,razak2014_fig13,v4b,0.265625,0.43305330101906925,0.014203435627964759,0.35978976204689544,0.09299804955692594,0.0001070086317448988,0.0
13,razak2014_fig13,v4b,0.2734375,0.46725050346181196,0.01422704265181782,0.3612483154785749,0.09237740417262949,-0.0007375861959547586,0.0
13,razak2014_fig13,v4b,0.28125,0.5018951840220378,0.01401912794523099,0.36150800840197367,0.09181752792107906,-0.0015714569744094773,0.0
13,razak2014_fig13,v4b,0.2890625,0.5369640316023421,0.013579203074214896,0.36049265641113987,0.09131671776018904,-0.0023927441775100007,0.0
13,razak2014_fig13,v4b,0.296875,0.5724217615990816,0.012908876105545556,0.3581354327748461,0.09087080216078776,-0.0031996999138208682,0.0
13,razak2014_fig13,v4b,0.3046875,0.6082226298725006,0.01201194894670753,0.35438037115521426,0.09047732474447556,-0.00399056099200597,0.0
13,razak2014_fig13,v4b,0.3125,0.6443052080616145,0.010894260777569154,0.3491837406963292,0.09012894293521549,-0.004763792838346768,0.0
13,razak2014_fig13,v4b,0.3203125,0.6805973659732255,0.009563880189471092,0.34251523284542285,0.08982232613897134,-0.005517762858556562,0.0
13,razak2014_fig13,v4b,0.328125,0.7170115169519469,0.008030888278344764,0.33435890395446694,0.0895515831653122,-0.006251017651925542,0.0
13,razak2014_fig13,v4b,0.3359375,0.753446924783315,0.006307463556937218,0.32471382567561946,0.08931217072808884,-0.006962063220785354,0.0
13,razak2014_fig13,v4b,0.34375,0.7879466974514251,0.004582664809240406,0.3135944062146788,0.08641565486426461,-0.007394620258682625,0.0
13,razak2014_fig13,v4b,0.3515625,0.8286481581568793,0.003858804685361177,0.3010303591318097,0.0928274852919489,-0.006149940761993464,0.0
13,razak2014_fig13,v4b,0.359375,0.8923592293135669,0.005594473143537369,0.28706631178785924,0.13178675659511563,-0.001304243650135418,0.0
13,razak2014_fig13,v4b,0.3671875,0.9329981218307808,0.0062629559753546804,0.27176106172778264,0.1381325899215379,0.0020385331895945258,0.1294095225512604
13,razak2014_fig13,v4b,0.375,1.029334877347179,0.013352278407639799,0.2551865051594355,0.21981605754111688,0.01397970135316645,0.25881904510252085
13,razak2014_fig13,v4b,0.3828125,1.0691171968687858,0.01568599194807204,0.23742627611960287,0.22456968680858427,0.019211334494501013,0.25881904510252085
13,razak2014_fig13,v4b,0.390625,1.1206996322442393,0.01961403564662145,0.21857414693263177,0.24535615018145734,0.026161665574644843,0.25881904510252085
13,razak2014_fig13,v4b,0.3984375,1.1701519526657005,0.024258011470300548,0.1987322493935357,0.2638512728169861,0.033481272649318765,0.37940952255126037
13,razak2014_fig13,v4b,0.40625,1.1870226415267373,0.02589968253849905,0.17800918127214888,0.24335102634368222,0.03659639773954712,0.37940952255126037
13,razak2014_fig13,v4b,0.4140625,1.2655442806562474,0.03479248215852381,0.15651806408928953,0.2987068411709377,0.048050768653639435,0.482962913144534
13,razak2014_fig13,v4b,0.421875,1.3637940960860075,0.04668845491402859,0.13437461583201796,0.3759092444265015,0.06236374389651448,0.3535533905932736
13,razak2014_fig13,v4b,0.4296875,1.2343118878192265,0.032732812367045235,0.11169529680344767,0.19478385689125755,0.046899268836425465,0.3535533905932736
13,razak2014_fig13,v4b,0.4375,1.1122436125698252,0.019253576922907086,0.08859557880265637,0.03304262516576947,0.0328555376381719,0.3535533905932736
13,razak2014_fig13,v4b,0.4453125,1.2820068808871812,0.040020299978265984,0.06518837808555428,0.19384262637760227,0.056279014764358995,0.3535533905932736
13,razak2014_fig13,v4b,0.453125,1.3033150998022573,0.04346816990122573,0.04247031620038489,0.1944040536898215,0.06062845241781861,0.3535533905932736
13,razak2014_fig13,v4b,0.4609375,1.0689537056571912,0.016109527028095903,0.026247904035842293,-0.06375473036191176,0.033427214547308515,0.3535533905932736
13,razak2014_fig13,v4b,0.46875,1.161620507565207,0.028074557728760885,0.020201143139450106,0.019803473964136443,0.04692772620980631,0.43301270189221924
13,razak2014_fig13,v4b,0.4765625,1.0839257212326674,0.01947492870719444,0.029656494147581605,-0.06862058749552065,0.039286285300061626,0.43301270189221924
13,razak2014_fig13,v4b,0.484375,1.091498957496037,0.021192202001383793,0.052841660597640165,-0.06793835050050415,0.04204123135514102,0.43301270189221924
13,razak2014_fig13,v4b,0.4921875,1.0897327125286231,0.021781524285739276,0.07601149736062746,-0.0743196123521689,0.04348546024095437,0.43301270189221924
13,razak2014_fig13,v4b,0.5,1.0524775961030197,0.018002487900252766,0.0988581823356102,-0.11731087400861279,0.039968338376590015,0.43301270189221924
13,razak2014_fig13,v4b,0.5078125,1.0393557438398937,0.017155254358108343,0.12132078263285416,-0.13188695243007115,0.03946504155368723,0.43301270189221924
13,razak2014_fig13,v4b,0.515625,1.0342937383971045,0.017245391618480526,0.14334587624398007,-0.13460820920315678,0.03993660436078968,0.43301270189221924
13,razak2014_fig13,v4b,0.5234375,1.0857262776787484,0.02414950118713245,0.16488728402095928,-0.06661210363732789,0.04854913098290302,0.43301270189221924
13,razak2014_fig13,v4b,0.53125,1.0777654639032488,0.02368399550432289,0.1859057154674351,-0.06486991469869052,0.04856244350998867,0.3294593112989456
13,razak2014_fig13,v4b,0.5390625,1.058456466529403,0.02168831564138497,0.2063683498584611,-0.07423556965781644,0.04670055773987341,0.43301270189221924
13,razak2014_fig13,v4b,0.546875,1.0530070115527328,0.021239670429447792,0.2262483721878666,-0.06313427914477197,0.04682854303117939,0.43301270189221924
13,razak2014_fig13,v4b,0.5546875,0.9789472692694432,0.012525358237963205,0.2455244811151092,-0.13943654283693616,0.03610150980639763,0.43301270189221924
13,razak2014_fig13,v4b,0.5625,0.9973918296037558,0.014722572927065546,0.2641803836189804,-0.091017159991445,0.03971640800021092,0.43301270189221924
13,razak2014_fig13,v4b,0.5703125,0.9701786438118225,0.011533803899090544,0.2822042886019489,-0.10092831264960307,0.036014789654441715,0.43301270189221924
13,razak2014_fig13,v4b,0.578125,1.0142937820931603,0.01656646715360217,0.2995884093298369,-0.006799647979426572,0.04379462442031617,0.3036031793409588
13,razak2014_fig13,v4b,0.5859375,1.0025506056355311,0.015305201801348789,0.3163284824090682,0.012845892958247791,0.04249315769416587,0.3036031793409588
13,razak2014_fig13,v4b,0.59375,0.9972307731672692,0.01511692485116866,0.3324233090429389,0.045465819888355234,0.04229003316879983,0.22414386804201317
13,razak2014_fig13,v4b,0.6015625,0.973763467724901,0.0133580920483812,0.3478743225920378,0.05403340434733559,0.03910835714331826,0.3036031793409588
13,razak2014_fig13,v4b,0.609375,0.9043053472465441,0.0073610266978306384,0.362685184997587,-0.007133547622114907,0.028435037887896857,0.22414386804201317
13,razak2014_fig13,v4b,0.6171875,0.9163516597905633,0.010442895397299501,0.37686141340276813,0.06150026954802098,0.031210065822045305,0.12059047744873956
13,razak2014_fig13,v4b,0.625,0.8816363936077972,0.009178114516582861,0.39041003730994067,0.05803329693381421,0.02659889923697058,0.0
13,razak2014_fig13,v4b,0.6328125,0.8089195988108382,0.004869749064637418,0.4033392858193976,-0.008071812008023364,0.016565174143624663,0.0
13,razak2014_fig13,v4b,0.640625,0.779190940318117,0.005260363479533331,0.4156583038833932,-0.002404622011271394,0.014083948706387931,0.0
13,razak2014_fig13,v4b,0.6484375,0.7266003185408116,0.004365459561773834,0.4273768960521389,-0.035568507553637045,0.009238467604880198,0.0
13,razak2014_fig13,v4b,0.65625,0.6894624522932242,0.0052464038459326835,0.438505295861305,-0.041858808303713246,0.007388256668873387,0.0
13,razak2014_fig13,v4b,0.6640625,0.6563654258237245,0.006637095509191518,0.44905395878973986,-0.04052812587186742,0.006463507568125035,0.0
13,razak2014_fig13,v4b,0.671875,0.6235956639598894,0.008088137357917491,0.4590333765800902,-0.03816822970013071,0.005731757160748295,0.0
13,razak2014_fig13,v4b,0.6796875,0.5905074087117181,0.00950221549884322,0.46845391064454306,-0.036091693828185195,0.00506422186944707,0.0
13,razak2014_fig13,v4b,0.6875,0.5572037346041967,0.010847385529169255,0.47732564225613144,-0.0342503123633666,0.0044459186440156066,0.0
13,razak2014_fig13,v4b,0.6953125,0.5237168542843794,0.012095268726481256,0.4856582372383796,-0.032705525301781016,0.0038656795515400744,0.0
13,razak2014_fig13,v4b,0.703125,0.49017201195792115,0.013224608825161044,0.4934608228999959,-0.0313152955567139,0.0033232157905592388,0.0
13,razak2014_fig13,v4b,0.7109375,0.45659875909932673,0.01421142506748881,0.500741875006207,-0.030098574159503684,0.0028099060119523545,0.0
13,razak2014_fig13,v4b,0.71875,0.4230462495073389,0.015036333947574455,0.5075091126250504,-0.029016096292638537,0.0023227095815311427,0.0
13,razak2014_fig13,v4b,0.7265625,0.38954252484406826,0.01568157989842032,0.5137693987276194,-0.028052867651929915,0.0018581470539346416,0.0
13,razak2014_fig13,v4b,0.734375,0.35610872830407003,0.016131817940262104,0.5195286444489564,-0.027193446821436804,0.0014135993856868535,0.0
13,razak2014_fig13,v4b,0.7421875,0.32275888249715423,0.016374132068443376,0.5247917149245954,-0.02642577865385227,0.0009871273539817306,0.0
13,razak2014_fig13,v4b,0.75,0.28950126663856374,0.016397985598595094,0.5295623346006054,-0.0257419974556488,0.0005771597734346885,0.0
13,razak2014_fig13,v4b,0.7578125,0.25634635096530173,0.01619531797569522,0.5338429898661448,-0.025125210065437224,0.00018251122443024758,0.0
13,razak2014_fig13,v4b,0.765625,0.2232948802657392,0.015760521089840183,0.5375603144385088,-0.024574482776329034,-0.00019779141130078323,0.0
13,razak2014_fig13,v4b,0.7734375,0.19035282658728997,0.01509038945829826,0.5405824122455819,-0.024077812214235834,-0.0005644786651827409,0.0
13,razak2014_fig13,v4b,0.78125,0.15752672985500094,0.014184057217541318,0.5427851654596226,-0.02362954239126674,-0.000918108656720284,0.0
13,razak2014_fig13,v4b,0.7890625,0.12482682025931052,0.013042999784569981,0.5440528993045346,-0.02322706771275938,-0.001259081378502161,0.0
13,razak2014_fig13,v4b,0.796875,0.09227108229985831,0.011671088751753007,0.5442790002556368,-0.02286402765458808,-0.0015876882806685568,0.0
13,razak2014_fig13,v4b,0.8046875,0.0598843491106794,0.010074577656896873,0.5433667624032605,-0.022535105826039983,-0.00190411484812462,0.0
13,razak2014_fig13,v4b,0.8125,0.027699283819347872,0.008262053919959225,0.5412303709897868,-0.02223646445177227,-0.0022084192681504676,0.0
13,razak2014_fig13,v4b,0.8203125,-0.004242311285119383,0.006244331969151367,0.5377959401600942,-0.02196433076948176,-0.0025006454099088765,0.0
13,razak2014_fig13,v4b,0.828125,-0.035889645399618406,0.004034400714553852,0.5330025283762754,-0.021716316361238306,-0.0027807691219052877,0.0
13,razak2014_fig13,v4b,0.8359375,-0.06718101948669342,0.001647274441892238,0.52680306128875,-0.021488066706378733,-0.003048775717805395,0.0
13,razak2014_fig13,v4b,0.84375,-0.09804292247363128,-0.0009001343939071244,0.519165099161768,-0.02127175660676089,-0.0033046518018289826,0.0
13,razak2014_fig13,v4b,0.8515625,-0.12839043321455673,-0.003588791344931551,0.510071394825346,-0.0210571479364473,-0.0035476130759481343,0.0
13,razak2014_fig13,v4b,0.859375,-0.1580844759843125,-0.006399525196089443,0.49952019879245935,-0.02074568343620764,-0.0037798529341088547,0.0
13,razak2014_fig13,v4b,0.8671875,-0.18569143425920392,-0.00931372470691759,0.48752528052829297,-0.017739306457194737,-0.004007230315628073,0.0
13,razak2014_fig13,v4b,0.875,-0.21600688217156827,-0.011611552456596851,0.4741156484901411,-0.021566845106198447,-0.002903877406502103,0.0
13,razak2014_fig13,v4b,0.8828125,-0.24925780797815433,-0.013389703180300434,0.45933496585303585,-0.032318778440937695,-0.0008008986806360152,0.0
13,razak2014_fig13,v4b,0.890625,-0.30126080812785594,-0.013514490561702796,0.44324067303554227,-0.07798763054986989,0.004198711664705054,0.0
13,razak2014_fig13,v4b,0.8984375,-0.33957222932656866,-0.014107380930037846,0.42590284142709744,-0.09904019516443358,0.008079613759554393,0.0
13,razak2014_fig13,v4b,0.90625,-0.3589613862508109,-0.015508704907005323,0.40740279431504506,-0.08889779343854469,0.010299993700177841,0.0
13,razak2014_fig13,v4b,0.9140625,-0.43500747352041713,-0.012369697900487378,0.38783154025911293,-0.17413279133131174,0.01963443446896653,0.0
13,razak2014_fig13,v4b,0.921875,-0.4629768539918348,-0.012251227337077446,0.367288070592898,-0.1802118536973959,0.023277407661464616,0.0
13,razak2014_fig13,v4b,0.9296875,-0.3830301491857524,-0.01987743320247109,0.3458775761029315,-0.023298381858375537,0.014448825078216362,0.0
13,razak2014_fig13,v4b,0.9375,-0.45477993723004695,-0.015206617735073842,0.3237096382436478,-0.10344607995147118,0.024057356923725345,0.0
13,razak2014_fig13,v4b,0.9453125,-0.41609982266309475,-0.019057526149959255,0.30089644771464685,-0.02310087647562554,0.020554178969666465,0.0
13,razak2014_fig13,v4b,0.953125,-0.5003858135328563,-0.012340387994704565,0.2775510982667703,-0.12080745745844111,0.031689922300424694,0.0
13,razak2014_fig13,v4b,0.9609375,-0.42281371413859636,-0.018917156755672467,0.25378599676147656,0.0019044793460873755,0.02415506369172182,0.0
13,razak2014_fig13,v4b,0.96875,-0.4672779135667386,-0.014934659469144225,0.22971142240182307,-0.044147308851799814,0.03067684597639278,0.0
13,razak2014_fig13,v4b,0.9765625,-0.4381814305216765,-0.016955496107294868,0.205434259311979,0.0024993576931302,0.029119103865620277,0.0
13,razak2014_fig13,v4b,0.984375,-0.35704076415399244,-0.023501067929715,0.18105691785181657,0.10726307787790948,0.02199612494410554,0.0
13,razak2014_fig13,v4b,0.9921875,-0.402765999834306,-0.01880588796066794,0.15667645171614417,0.052915509282523386,0.028460318165024673,0.0
14,razak2014_fig14,old,0.0,-1.2752070313752495,-0.17903080095561577,,,,
14,razak2014_fig14,old,0.0078125,-1.2671236579350948,-0.18210072006225111,,,,
14,razak2014_fig14,old,0.015625,-1.2550892541401049,-0.1842875491244749,,,,
14,razak2014_fig14,old,0.0234375,-1.2392126752824082,-0.18557724497539382,,,,
14,razak2014_fig14,old,0.03125,-1.2196334600056966,-0.1859642125622263,,,,
14,razak2014_fig14,old,0.0390625,-1.196517087594769,-0.18545166966215754,,,,
14,razak2014_fig14,old,0.046875,-1.170052909301887,-0.1840513695039215,,,,
14,razak2014_fig14,old,0.0546875,-1.1404503949063016,-0.18178353917681483,,,,
14,razak2014_fig14,old,0.0625,-1.107935178330738,-0.17867670211215905,,,,
14,razak2014_fig14,old,0.0703125,-1.0727449657250503,-0.17476739463195046,,,,
14,razak2014_fig14,old,0.078125,-1.035125284277484,-0.1700998092371888,,,,
14,razak2014_fig14,old,0.0859375,-0.9953251868890911,-0.16472537194462028,,,,
14,razak2014_fig14,old,0.09375,-0.9535929908400325,-0.15870225478854116,,,,
14,razak2014_fig14,old,0.1015625,-0.9101721884163806,-0.15209481532180213,,,,
14,razak2014_fig14,old,0.109375,-0.8652977370800901,-0.14497296463087422,,,,
14,razak2014_fig14,old,0.1171875,-0.8191927152891286,-0.1374114774677549,,,,
14,razak2014_fig14,old,0.125,-0.7720653611621068,-0.12948923552609035,,,,
14,razak2014_fig14,old,0.1328125,-0.7241066432528038,-0.12128842844950023,,,,
14,razak2014_fig14,old,0.140625,-0.6754883513510008,-0.11289374669031553,,,,
14,razak2014_fig14,old,0.1484375,-0.6263617087815666,-0.10439153277871749,,,,
14,razak2014_fig14,old,0.15625,-0.576856423013586,-0.09586891450829609,,,,
14,razak2014_fig14,old,0.1640625,-0.5270803506362309,-0.08741293233820335,,,,
14,razak2014_fig14,old,0.171875,-0.47711972496939303,-0.07910966437382923,,,,
14,razak2014_fig14,old,0.1796875,-0.4270397819595822,-0.0710433727785705,,,,
14,razak2014_fig14,old,0.1875,-0.37688593248401564,-0.06329567038815266,,,,
14,razak2014_fig14,old,0.1953125,-0.3266854112284079,-0.05594471401004293,,,,
14,razak2014_fig14,old,0.203125,-0.2764493173815487,-0.04906443731615384,,,,
14,razak2014_fig14,old,0.2109375,-0.22617509256194473,-0.04272383391419225,,,,
14,razak2014_fig14,old,0.21875,-0.17584933510904047,-0.03698629841542432,,,,
14,razak2014_fig14,old,0.2265625,-0.12545077659378226,-0.03190902857173112,,,,
14,razak2014_fig14,old,0.234375,-0.07495319834668425,-0.02754248507405115,,,,
14,razak2014_fig14,old,0.2421875,-0.02432838744819641,-0.023929903493864552,,,,
14,razak2014_fig14,old,0.25,0.02645040546854374,-0.02110687118887108,,,,
14,razak2014_fig14,old,0.2578125,0.07740531959900766,-0.019101020193083663,,,,
14,razak2014_fig14,old,0.265625,0.1285512004327954,-0.01793169890845826,,,,
14,razak2014_fig14,old,0.2734375,0.1798939488259681,-0.017609832931930372,,,,
14,razak2014_fig14,old,0.28125,0.23142889973738384,-0.0181378475884749,,,,
14,razak2014_fig14,old,0.2890625,0.2831383603126655,-0.0195096495866116,,,,
14,razak2014_fig14,old,0.296875,0.3349881262550174,-0.021710845738115492,,,,
14,razak2014_fig14,old,0.3046875,0.3869266922348222,-0.024718686774333615,,,,
14,razak2014_fig14,old,0.3125,0.4388845237264972,-0.028502207789001224,,,,
14,razak2014_fig14,old,0.3203125,0.49077196957619923,-0.03302267360423558,,,,
14,razak2014_fig14,old,0.328125,0.542478313256058,-0.03823395999917764,,,,
14,razak2014_fig14,old,0.3359375,0.5938714321969283,-0.04408301211092808,,,,
14,razak2014_fig14,old,0.34375,0.6447979401718397,-0.0505103529221232,,,,
14,razak2014_fig14,old,0.3515625,0.6950839567960959,-0.057450668056211775,,,,
14,razak2014_fig14,old,0.359375,0.7445361885691906,-0.06483342543668544,,,,
14,razak2014_fig14,old,0.3671875,0.7929437743916583,-0.07258356273021313,,,,
14,razak2014_fig14,old,0.375,0.8400804293588614,-0.08062219793603745,,,,
14,razak2014_fig14,old,0.3828125,0.8857070828504109,-0.08886739576552499,,,,
14,razak2014_fig14,old,0.390625,0.9295750133875601,-0.09723494818093191,,,,
14,razak2014_fig14,old,0.3984375,0.9714292777844264,-0.10563918613633361,,,,
14,razak2014_fig14,old,0.40625,1.0110124721967657,-0.11399380200671565,,,,
14,razak2014_fig14,old,0.4140625,1.0480687469254775,-0.12221268591983837,,,,
14,razak2014_fig14,old,0.421875,1.0823479569642942,-0.1302107522030752,,,,
14,razak2014_fig14,old,0.4296875,1.1136098952023847,-0.1379047671222245,,,,
14,razak2014_fig14,old,0.4375,1.1416284715065792,-0.14521415870090282,,,,
14,razak2014_fig14,old,0.4453125,1.1661957860080978,-0.15206179963290878,,,,
14,razak2014_fig14,old,0.453125,1.1871259409406596,-0.15837475931290848,,,,
14,razak2014_fig14,old,0.4609375,1.2042585291459524,-0.1640850238453578,,,,
14,razak2014_fig14,old,0.46875,1.21746168744731,-0.1691301664496778,,,,
14,razak2014_fig14,old,0.4765625,1.2266346482280273,-0.1734539758425575,,,,
14,razak2014_fig14,old,0.484375,1.231709653190719,-0.17700702122700718,,,,
14,razak2014_fig14,old,0.4921875,1.232653349269344,-0.1797471639273293,,,,
14,razak2014_fig14,old,0.5,1.229467350127999,-0.18163999283920207,,,,
14,razak2014_fig14,old,0.5078125,1.2221882074631187,-0.18265919773845898,,,,
14,razak2014_fig14,old,0.515625,1.2108866388961446,-0.18278685838931483,,,,
14,razak2014_fig14,old,0.5234375,1.1956660646094854,-0.18201365113793883,,,,
14,razak2014_fig14,old,0.53125,1.1766604540446441,-0.18033897976374624,,,,
14,razak2014_fig14,old,0.5390625,1.1540315993555432,-0.1777710183878522,,,,
14,razak2014_fig14,old,0.546875,1.1279659115081255,-0.17432666600035399,,,,
14,razak2014_fig14,old,0.5546875,1.0986707774824687,-0.17003142591542633,,,,
14,razak2014_fig14,old,0.5625,1.066370563660658,-0.16491920113529468,,,,
14,razak2014_fig14,old,0.5703125,1.031302451815332,-0.1590319977532732,,,,
14,razak2014_fig14,old,0.578125,0.9937121397432526,-0.1524195413420909,,,,
14,razak2014_fig14,old,0.5859375,0.9538495118546424,-0.1451388222081649,,,,
14,razak2014_fig14,old,0.59375,0.9119643767537522,-0.1372535745324898,,,,
14,razak2014_fig14,old,0.6015625,0.8683023220402496,-0.12883367830519815,,,,
14,razak2014_fig14,old,0.609375,0.8231009076761152,-0.119954489489232,,,,
14,razak2014_fig14,old,0.6171875,0.7765862857143018,-0.11069611981508275,,,,
14,razak2014_fig14,old,0.625,0.728970242602034,-0.10114265627488002,,,,
14,razak2014_fig14,old,0.6328125,0.6804477466993908,-0.09138132243304892,,,,
14,razak2014_fig14,old,0.640625,0.6311950370954783,-0.0815016226424021,,,,
14,razak2014_fig14,old,0.6484375,0.5813682973111195,-0.07159447155399949,,,,
14,razak2014_fig14,old,0.65625,0.5311027386864301,-0.06175129969974778,,,,
14,razak2014_fig14,old,0.6640625,0.48051220980448583,-0.05206314444162017,,,,
14,razak2014_fig14,old,0.671875,0.42968945888290216,-0.042619744250214656,,,,
14,razak2014_fig14,old,0.6796875,0.37870673538095756,-0.033508655483490364,,,,
14,razak2014_fig14,old,0.6875,0.3276169435153774,-0.024814390131905468,,,,
14,razak2014_fig14,old,0.6953125,0.27645530332543655,-0.016617606016012487,,,,
14,razak2014_fig14,old,0.703125,0.22524130769758705,-0.00899434455500722,,,,
14,razak2014_fig14,old,0.7109375,0.17398096735884855,-0.0020152901494703643,,,,
14,razak2014_fig14,old,0.71875,0.12266927790076322,0.004254935334003521,,,,
14,razak2014_fig14,old,0.7265625,0.0712929176241704,0.00975842174321328,,,,
14,razak2014_fig14,old,0.734375,0.0198333321734872,0.014444513603500343,,,,
14,razak2014_fig14,old,0.7421875,-0.03172923990564119,0.0182700410148491,,,,
14,razak2014_fig14,old,0.75,-0.08341319702180572,0.02119992068301389,,,,
14,razak2014_fig14,old,0.7578125,-0.13523194715874928,0.02320744499589718,,,,
14,razak2014_fig14,old,0.765625,-0.18719150451457855,0.024274499160439417,,,,
14,razak2014_fig14,old,0.7734375,-0.23928893813101082,0.02439172555214526,,,,
14,razak2014_fig14,old,0.78125,-0.2915104450650703,0.023558511846394285,,,,
14,razak2014_fig14,old,0.7890625,-0.34382775629184265,0.021782619096383442,,,,
14,razak2014_fig14,old,0.796875,-0.396198894470376,0.019080671461272427,,,,
14,razak2014_fig14,old,0.8046875,-0.4485660129465774,0.015477861932388232,,,,
14,razak2014_fig14,old,0.8125,-0.5008534409028852,0.011007553715267782,,,,
14,razak2014_fig14,old,0.8203125,-0.5529665375856183,0.005710967055274303,,,,
14,razak2014_fig14,old,0.828125,-0.6047908967348807,-0.00036323979507993517,,,,
14,razak2014_fig14,old,0.8359375,-0.6561920641528121,-0.007159417309608992,,,,
14,razak2014_fig14,old,0.84375,-0.7070157302600919,-0.014615454698384055,,,,
14,razak2014_fig14,old,0.8515625,-0.7570883845493023,-0.022663356507876143,,,,
14,razak2014_fig14,old,0.859375,-0.8062185471403501,-0.031229888222339075,,,,
14,razak2014_fig14,old,0.8671875,-0.85419851559583,-0.040237228608347116,,,,
14,razak2014_fig14,old,0.875,-0.9008063641244736,-0.04960374087907407,,,,
14,razak2014_fig14,old,0.8828125,-0.945808780263132,-0.05924467765977084,,,,
14,razak2014_fig14,old,0.890625,-0.9889639432910831,-0.069072995645092,,,,
14,razak2014_fig14,old,0.8984375,-1.030024861019578,-0.07900016992717068,,,,
14,razak2014_fig14,old,0.90625,-1.0687431901584705,-0.08893696874265358,,,,
14,razak2014_fig14,old,0.9140625,-1.1048729149430576,-0.09879433324984141,,,,
14,razak2014_fig14,old,0.921875,-1.138174490621573,-0.10848415590369226,,,,
14,razak2014_fig14,old,0.9296875,-1.1684188556258397,-0.11792011539981066,,,,
14,razak2014_fig14,old,0.9375,-1.1953914550983016,-0.12701846958508223,,,,
14,razak2014_fig14,old,0.9453125,-1.218896110423204,-0.13569882765466088,,,,
14,razak2014_fig14,old,0.953125,-1.2387586791536978,-0.1438848928118673,,,,
14,razak2014_fig14,old,0.9609375,-1.2548303526279525,-0.15150516793406119,,,,
14,razak2014_fig14,old,0.96875,-1.2669905544228772,-0.15849361711039853,,,,
14,razak2014_fig14,old,0.9765625,-1.2751492956759374,-0.16479028295140682,,,,
14,razak2014_fig14,old,0.984375,-1.2792490378837311,-0.17034183788252175,,,,
14,razak2014_fig14,old,0.9921875,-1.279265858975963,-0.17510209285362807,,,,
14,razak2014_fig14,v4b,0.0,-0.8259004694699364,0.05877012063057703,0.35661978593967497,0.5842497781096074,0.15661894609909394,0.37059047744873963
14,razak2014_fig14,v4b,0.0078125,-0.8942583504864834,0.07568803343779751,0.36421614260709007,0.46889304867966203,0.18585631268796415,0.37059047744873963
14,razak2014_fig14,v4b,0.015625,-0.8661921083116778,0.07224563639303534,0.3718767930906785,0.4987239715505601,0.18305371301022855,0.37059047744873963
14,razak2014_fig14,v4b,0.0234375,-0.8529054525172475,0.07203337436599148,0.3795813287074494,0.5000814415478413,0.18508506365432803,0.37059047744873963
14,razak2014_fig14,v4b,0.03125,-0.8488997414507573,0.07383558808192497,0.3873101235894847,0.4811058170396706,0.1901885155444654,0.37059047744873963
14,razak2014_fig14,v4b,0.0390625,-0.9220892473370237,0.09192633579697998,0.39504439775588396,0.329026392363802,0.22211797626929883,0.37059047744873963
14,razak2014_fig14,v4b,0.046875,-0.9104508245184373,0.09203164948552302,0.40276626677512994,0.31027275042776287,0.224564602170742,0.37059047744873963
14,razak2014_fig14,v4b,0.0546875,-0.922208534224064,0.09696426175665968,0.4104587786620518,0.24683859565327468,0.23509926612013402,0.37059047744873963
14,razak2014_fig14,v4b,0.0625,-0.8011384741438068,0.0740569767241339,0.41810593880880936,0.4057955929886234,0.19794462121847428,0.37059047744873963
14,razak2014_fig14,v4b,0.0703125,-0.8029623464167109,0.07666052909649242,0.4256927238663347,0.35112210620530265,0.20424709657606757,0.37059047744873963
14,razak2014_fig14,v4b,0.078125,-0.7009173290636677,0.05761102315526419,0.433205085573828,0.4747139228447369,0.17258284184963926,0.37059047744873963
14,razak2014_fig14,v4b,0.0859375,-0.6652084610517893,0.052161725845622404,0.4406299455823406,0.4797611170005989,0.16445416997183296,0.37059047744873963
14,razak2014_fig14,v4b,0.09375,-0.6152088921992975,0.04369637904003289,0.447955182337861,0.5078620877375843,0.15068957672489544,0.37059047744873963
14,razak2014_fig14,v4b,0.1015625,-0.5600458954745671,0.03394511259481539,0.4551696110835588,0.5436588009911965,0.1345812988530634,0.37059047744873963
14,razak2014_fig14,v4b,0.109375,-0.530112641614362,0.029010310705236048,0.46226295801398104,0.5312193256732317,0.12739054770224095,0.37059047744873963
14,razak2014_fig14,v4b,0.1171875,-0.48514326633783916,0.021003674707619917,0.4692258295699771,0.5446459690103915,0.11434193691880798,0.37059047744873963
14,razak2014_fig14,v4b,0.125,-0.5643037053724367,0.0367649874911921,0.47604967780569113,0.3198208894511714,0.14691357293864266,0.37059047744873963
14,razak2014_fig14,v4b,0.1328125,-0.5331101069581067,0.030612030267855403,0.4827267626916077,0.3009504495615705,0.13836266715105822,0.37059047744873963
14,razak2014_fig14,v4b,0.140625,-0.5172372317465359,0.02719214464929253,0.4892501121434541,0.2502208747323371,0.13521338058113908,0.37059047744873963
14,razak2014_fig14,v4b,0.1484375,-0.5008140688203975,0.02323993051062448,0.49561348048854986,0.19823327981132607,0.13158990382288419,0.37059047744873963
14,razak2014_fig14,v4b,0.15625,-0.4373257420038136,0.010275309672828508,0.501811306001291,0.23854084765018804,0.11059132860641044,0.37059047744873963
14,razak2014_fig14,v4b,0.1640625,-0.4109189002695697,0.0037768356362843335,0.5078386680599134,0.20370891035949967,0.10304862893673924,0.37059047744873963
14,razak2014_fig14,v4b,0.171875,-0.3828110880140577,-0.003635752423524004,0.513691244399127,0.1709707789209308,0.09479592295685352,0.37059047744873963
14,razak2014_fig14,v4b,0.1796875,-0.36695586479627695,-0.009768163723500116,0.5193652688590219,0.11157324628559005,0.0908132810172362,0.2000497887476852
14,razak2014_fig14,v4b,0.1875,-0.29013968254327194,-0.024225676161821825,0.5248574899608665,0.1772163960081203,0.06699457579242774,0.0
14,razak2014_fig14,v4b,0.1953125,-0.2459601850848226,-0.027847219851633773,0.5301651305758741,0.1708409509355393,0.05689439287526525,0.0
14,razak2014_fig14,v4b,0.203125,-0.20620531891323773,-0.02562624947628123,0.5352858488942882,0.1511533177258959,0.05042954694880687,0.0
14,razak2014_fig14,v4b,0.2109375,-0.13970839375602945,-0.02586085273518999,0.5402177008496301,0.18806008618795633,0.03667601212609382,0.0
14,razak2014_fig14,v4b,0.21875,-0.09654730065299612,-0.022684291546466232,0.5449591041069095,0.17427452163481139,0.03143015715299196,0.0
14,razak2014_fig14,v4b,0.2265625,-0.0530830381917898,-0.019897040448352218,0.5495088036840672,0.16064184826209219,0.026664201701635044,0.0
14,razak2014_fig14,v4b,0.234375,-0.0096607895469848,-0.017552085076365298,0.5538658392428623,0.1463515115921435,0.022393263902345133,0.0
14,razak2014_fig14,v4b,0.2421875,0.03277789030364859,-0.0155522393003228,0.5580295140586256,0.129208351164471,0.018955257104323966,0.0
14,razak2014_fig14,v4b,0.25,0.07799777440908726,-0.014419305409337467,0.5619993656574694,0.1176878864979721,0.01526839290900141,0.0
14,razak2014_fig14,v4b,0.2578125,0.12563768504571984,-0.014096389763497733,0.565775138094267,0.11107693197259412,0.01152543501913163,0.0
14,razak2014_fig14,v4b,0.265625,0.17398065553038805,-0.014401825145433004,0.5693567558344726,0.10549208820313184,0.008196747100642937,0.0
14,razak2014_fig14,v4b,0.2734375,0.2227707341059466,-0.015351240302704064,0.5727442991970928,0.10035392201766681,0.005286278509524662,0.0
14,razak2014_fig14,v4b,0.28125,0.2719296353813921,-0.01697331424121452,0.5759378460056133,0.09550660265840265,0.0027461383580006864,0.0
14,razak2014_fig14,v4b,0.2890625,0.3214537429063291,-0.019291607511885,0.5789296963774375,0.090995214490378,0.0005178281936549244,0.0
14,razak2014_fig14,v4b,0.296875,0.3712014893165373,-0.022307242088145725,0.5817031486842711,0.08657335800547594,-0.0014257729843155692,0.0
14,razak2014_fig14,v4b,0.3046875,0.4211748256411019,-0.026023389531969806,0.5842353114096205,0.08237383872689043,-0.0031380797682931958,0.0
14,razak2014_fig14,v4b,0.3125,0.47130561395766535,-0.030424854692814796,0.5864996119962025,0.0784064324284753,-0.00464968585179639,0.0
14,razak2014_fig14,v4b,0.3203125,0.5214751027730108,-0.035483466323654636,0.5884672517243659,0.07460677995970168,-0.0059795793402348555,0.0
14,razak2014_fig14,v4b,0.328125,0.5713255354326903,-0.041147497232201014,0.5901083385570807,0.07037767510342378,-0.007108066611472419,0.0
14,razak2014_fig14,v4b,0.3359375,0.6206577118827931,-0.04736485200590197,0.5913947291574994,0.06555539440456634,-0.00803180998670696,0.0
14,razak2014_fig14,v4b,0.34375,0.6686200203438329,-0.054035315603398804,0.5923008305463696,0.05843053397415044,-0.008645989360242046,0.0
14,razak2014_fig14,v4b,0.3515625,0.7147162868528572,-0.0610711828860629,0.5928036656003657,0.048213425314122635,-0.008891324709956351,0.0
14,razak2014_fig14,v4b,0.359375,0.7603604569495126,-0.06850521362552603,0.5928829409391769,0.038869086981584804,-0.009018998607700252,0.0
14,razak2014_fig14,v4b,0.3671875,0.8062870764523067,-0.07628195941907082,0.5925211123244931,0.03274599608526024,-0.009076290332378821,0.0
14,razak2014_fig14,v4b,0.375,0.8521985466955411,-0.08419836424206206,0.5917034433235506,0.02975139273906156,-0.009163461163078673,0.0
14,razak2014_fig14,v4b,0.3828125,0.8929547177273183,-0.09111018707428632,0.5904180535913744,0.018306731249963515,-0.008716820199366775,0.0
14,razak2014_fig14,v4b,0.390625,0.932332943751244,-0.09629642663231325,0.5886559537119066,0.008639487404693448,-0.007414248311845593,0.0
14,razak2014_fig14,v4b,0.3984375,0.9728206563304793,-0.09937818249621902,0.5864110641154391,0.007515376166809074,-0.004716186155694537,0.0
14,razak2014_fig14,v4b,0.40625,1.0175251188001146,-0.10151526254713376,0.583680216160194,0.022593100250420398,-0.0018858711739746714,0.0
14,razak2014_fig14,v4b,0.4140625,1.0408950557392336,-0.10242981779535709,0.580463134027721,-0.0070725180796278805,0.002777899461247975,0.0
14,razak2014_fig14,v4b,0.421875,1.1130653598504656,-0.10402221857802953,0.5767623966306282,0.08561628836605631,0.00590575273062309,0.0
14,razak2014_fig14,v4b,0.4296875,1.130129852235298,-0.10490844431049803,0.5725833792606074,0.05446309757946245,0.01116662295588073,0.0
14,razak2014_fig14,v4b,0.4375,1.1712831600104443,-0.10586305536554103,0.567934175207287,0.08700736624212105,0.01615340020937628,0.0
14,razak2014_fig14,v4b,0.4453125,1.1734879054664002,-0.10641620044390318,0.5628254980461431,0.03737209951367151,0.021719211150974988,0.0
14,razak2014_fig14,v4b,0.453125,1.1765003461953065,-0.10713027918343515,0.5572705657187419,-0.0014038212996652687,0.026991037457739772,0.0
14,razak2014_fig14,v4b,0.4609375,1.2211312001971264,-0.10799032244242887,0.5512849679038222,0.061712178834427506,0.03167209724439617,0.0
14,razak2014_fig14,v4b,0.46875,1.253970593583647,-0.10872895477892311,0.5448865184972127,0.10544630276681419,0.03619831703579623,0.0
14,razak2014_fig14,v4b,0.4765625,1.2219021467438975,-0.10930582931864408,0.5380950952777801,0.015659015056143043,0.04067126699053524,0.0
14,razak2014_fig14,v4b,0.484375,1.2046051398846087,-0.10996162767844714,0.5309324690327363,-0.03165113492248488,0.044510495749988874,0.0
14,razak2014_fig14,v4b,0.4921875,1.2268717711565027,-0.11058613419254193,0.5234221245477144,0.013792841046018429,0.047866142836358,0.0
14,razak2014_fig14,v4b,0.5,1.246412220562108,-0.11109891614475667,0.5155890759359223,0.060287910552752996,0.0508068187794959,0.0
14,razak2014_fig14,v4b,0.5078125,1.1901786326058879,-0.11155711945277968,0.5074596787890211,-0.04066959196014476,0.05312553694771283,0.0
14,razak2014_fig14,v4b,0.515625,1.1054477993344838,-0.11186549046374555,0.49906144158438137,-0.1874814223642491,0.05494831747267739,0.0
14,razak2014_fig14,v4b,0.5234375,1.1616166859085815,-0.11212445198622684,0.490422838684601,-0.045418001397447186,0.056019233645115754,0.0
14,razak2014_fig14,v4b,0.53125,1.121417856279316,-0.11218147822488767,0.481573127122325,-0.08698531613356467,0.05658413697273828,0.0
14,razak2014_fig14,v4b,0.5390625,1.0372793999846412,-0.11177446334015481,0.4725421691838752,-0.20376785303388353,0.05705849568883349,0.0
14,razak2014_fig14,v4b,0.546875,1.0689889047837808,-0.11145286049559378,0.4633602625969213,-0.09440000784176053,0.05627785969624685,0.0
14,razak2014_fig14,v4b,0.5546875,1.0230571530303065,-0.1105156733287663,0.4540579798983926,-0.1251337631194669,0.055594582027658136,0.0
14,razak2014_fig14,v4b,0.5625,0.95849724832364,-0.10914030177737397,0.44466601831698205,-0.18305751202809364,0.05480180839050895,0.0
14,razak2014_fig14,v4b,0.5703125,0.8565135625664058,-0.10663806034449888,0.4352150612574093,-0.3003830746424847,0.05478458600095944,0.0
14,razak2014_fig14,v4b,0.578125,0.8707015461660154,-0.10496776683892298,0.42573565222800913,-0.20711198760890992,0.052181194545388776,0.0
14,razak2014_fig14,v4b,0.5859375,0.7479362230928819,-0.10016526310158412,0.41625808181535406,-0.347579531325122,0.054172459528944984,0.0
14,razak2014_fig14,v4b,0.59375,0.7718525190423287,-0.0976151738985637,0.4068122880847622,-0.23280199819320968,0.05123827217807293,0.0
14,razak2014_fig14,v4b,0.6015625,0.6982632774814255,-0.09257995148848555,0.39742777057806333,-0.28025760906376995,0.050929175596429795,0.0
14,razak2014_fig14,v4b,0.609375,0.6580703905481208,-0.0873373101208415,0.3881335178932588,-0.26885890841388865,0.04900979462249746,0.0
14,razak2014_fig14,v4b,0.6171875,0.6231714243698536,-0.08113556472048919,0.3789579486671912,-0.24676927472980376,0.04622638208597577,0.0
14,razak2014_fig14,v4b,0.625,0.5837323996645081,-0.07366364692316521,0.36992886564359934,-0.23048118399670803,0.04344858621368468,0.0
14,razak2014_fig14,v4b,0.6328125,0.5491839876710732,-0.06568718753026864,0.36107342239571155,-0.20544419911361744,0.04021453450742762,0.0
14,razak2014_fig14,v4b,0.640625,0.5021292364377722,-0.05718467652339197,0.3524181021848581,-0.19930421324801934,0.03755037965244609,0.0
14,razak2014_fig14,v4b,0.6484375,0.44669965372152387,-0.04833902223899283,0.3439887083738357,-0.20528403292536326,0.03544976986197831,0.0
14,razak2014_fig14,v4b,0.65625,0.39787484694586867,-0.03985795769555946,0.3358103657747874,-0.2005871288490881,0.03296248672975339,0.0
14,razak2014_fig14,v4b,0.6640625,0.3429059634291402,-0.03122321172048306,0.32790753229460307,-0.20474302716879064,0.03100753798400256,0.0
14,razak2014_fig14,v4b,0.671875,0.2908731920895461,-0.02303582763677509,0.3203040202443852,-0.20423287900462145,0.028812759228737793,0.0
14,razak2014_fig14,v4b,0.6796875,0.23708928234312437,-0.015108848486368783,0.31302243838846483,-0.20614567483925123,0.026783708850633626,0.0
14,razak2014_fig14,v4b,0.6875,0.18391158874777513,-0.007675669824757473,0.306082213114374,-0.2070927673039865,0.0246984882518552,0.0
14,razak2014_fig14,v4b,0.6953125,0.12780053662308763,-0.0005883148185704921,0.29949944815682383,-0.21221220498856774,0.022882624653564207,0.0
14,razak2014_fig14,v4b,0.703125,0.07608772864969075,0.0054998394870373665,0.2932867941698086,-0.21105248609679272,0.0205092871089312,0.0
14,razak2014_fig14,v4b,0.7109375,0.022507856609902205,0.01098976044128041,0.2874531087152172,-0.2125798492725544,0.018251501409684855,0.0
14,razak2014_fig14,v4b,0.71875,-0.028816939147681755,0.015475020999145783,0.28200362371012094,-0.21098465403296818,0.01562693912623918,0.0
14,razak2014_fig14,v4b,0.7265625,-0.08044767666792307,0.019128375630524722,0.2769418615667748,-0.2098594652719019,0.012958783518590821,0.0
14,razak2014_fig14,v4b,0.734375,-0.13170959182458494,0.021857833244606856,0.27227266522439775,-0.2082413518860069,0.010186946795659995,0.0
14,razak2014_fig14,v4b,0.7421875,-0.18264961521336057,0.023628095089523137,0.2680019382740046,-0.20617592203982163,0.007319765385771868,0.0
14,razak2014_fig14,v4b,0.75,-0.23465581760770246,0.02456383261646186,0.26413634677436704,-0.2055307663626678,0.004571379383534411,0.0
14,razak2014_fig14,v4b,0.7578125,-0.2862204944233999,0.02447774657720523,0.26068303237181145,-0.20422708239611861,0.0017182096947988596,0.0
14,razak2014_fig14,v4b,0.765625,-0.33788630719831003,0.023429143265005545,0.25764933606938084,-0.20299679114696062,-0.0011387554918559036,0.0
14,razak2014_fig14,v4b,0.7734375,-0.3897709024347853,0.0214322798398885,0.2550425327961124,-0.20200074625547584,-0.003972637153856179,0.0
14,razak2014_fig14,v4b,0.78125,-0.4354864219370158,0.01847080202569606,0.25286957759472706,-0.19270527949917599,-0.006809667586977805,0.0
14,razak2014_fig14,v4b,0.7890625,-0.49204585196600525,0.018471856668807567,0.2511368647802188,-0.19792414488484947,-0.004421051420302875,0.0
14,razak2014_fig14,v4b,0.796875,-0.5707667377518931,0.025689586392853583,0.24985000182412576,-0.23271115075872492,0.008808342657899934,0.0
14,razak2014_fig14,v4b,0.8046875,-0.6822213268378506,0.039536804120266084,0.24901359999013928,-0.3114177862181491,0.03118178525000089,0.0
14,razak2014_fig14,v4b,0.8125,-0.8568844167875457,0.06643686561059937,0.24863108388712174,-0.4754465035951775,0.06920777602262497,0.0
14,razak2014_fig14,v4b,0.8203125,-1.014556236486794,0.09374980940971722,0.24870452211826277,-0.6185078707084634,0.10594744386202318,0.0
14,razak2014_fig14,v4b,0.828125,-1.0279126357158803,0.09759702678516442,0.2492344810953256,-0.5708018587401364,0.11149761839198515,0.0
14,razak2014_fig14,v4b,0.8359375,-1.0988221838263659,0.11103245614995255,0.2502199038632732,-0.6007977160331206,0.13103854422902902,0.0
14,razak2014_fig14,v4b,0.84375,-1.1753391885423476,0.12543657184117513,0.25165801545503375,-0.6396816673364967,0.15293949671897153,0.0
14,razak2014_fig14,v4b,0.8515625,-1.0623475657868007,0.10494377019969611,0.2535442558842115,-0.42646308698001795,0.12896719444039223,0.0
14,razak2014_fig14,v4b,0.859375,-1.1167598086468424,0.11481553962072795,0.2558722414036617,-0.43872399711960636,0.1463455744527953,0.0
14,razak2014_fig14,v4b,0.8671875,-1.1037581089527762,0.1118798097324245,0.25863375413092304,-0.3621486632948333,0.14713179199706822,0.0
14,razak2014_fig14,v4b,0.875,-1.1804491168115685,0.12615777370513936,0.26181875959000694,-0.40877129406491586,0.171583567537937,0.0
14,razak2014_fig14,v4b,0.8828125,-1.1610259211772,0.12187354974352005,0.265415451165985,-0.3276023675476788,0.17130811322200326,0.0
14,razak2014_fig14,v4b,0.890625,-1.0462378061698172,0.09844042694103733,0.2694103199366991,-0.1179042298657754,0.14514097556926783,0.0
14,razak2014_fig14,v4b,0.8984375,-0.9953572932059662,0.08745051214159054,0.2737882478556498,0.0030728822906345207,0.13584345476016704,0.0
14,razak2014_fig14,v4b,0.90625,-0.9346578074717512,0.07434081174813803,0.27853262183004057,0.13584591939332058,0.12357288392062267,0.0
14,razak2014_fig14,v4b,0.9140625,-0.8845247345020253,0.06328102430483105,0.2836254658830629,0.2521014735600432,0.11402114342068286,0.0
14,razak2014_fig14,v4b,0.921875,-0.9767922196731089,0.08164509210179495,0.2890475883207623,0.1658580814151855,0.1455252412205642,0.0
14,razak2014_fig14,v4b,0.9296875,-0.9967597695209252,0.08554015391728871,0.2947787406479365,0.17651307484358908,0.1568037452048404,0.0
14,razak2014_fig14,v4b,0.9375,-1.0503714445522259,0.09674604738091697,0.3007977848967107,0.1346968326288612,0.17849820655959253,0.0
14,razak2014_fig14,v4b,0.9453125,-1.0028866195277146,0.08714982832833457,0.30708286604375973,0.23322284195376233,0.170292000146344,0.0
14,razak2014_fig14,v4b,0.953125,-1.0243710175766394,0.09227938755610635,0.3136115862917847,0.22805884221332684,0.18302130720888213,0.0
14,razak2014_fig14,v4b,0.9609375,-1.056539240118649,0.10000545789822003,0.3203611781687589,0.20181383065215056,0.19942877465365544,0.0
14,razak2014_fig14,v4b,0.96875,-1.0129403971797746,0.09203452081262958,0.3273086736430672,0.2822297179835769,0.1924368008916728,0.0
14,razak2014_fig14,v4b,0.9765625,-0.9651469626649378,0.08340814613753667,0.3344310667506844,0.3651021052999726,0.18390493704947358,0.0
14,razak2014_fig14,v4b,0.984375,-0.7511161053765407,0.03971238462573703,0.3417054675677738,0.6966980478176027,0.12150469163020425,0.0
14,razak2014_fig14,v4b,0.9921875,-0.7681280034246831,0.04526371304735135,0.34910924572416957,0.6752095837355695,0.13294521216465682,0.0
15,razak2014_fig15,old,0.0,-0.36643908204179076,-0.09356987512698851,,,,
15,razak2014_fig15,old,0.0078125,-0.3600962340427403,-0.09424233637254242,,,,
15,razak2014_fig15,old,0.015625,-0.3505347377592072,-0.09402886031922429,,,,
15,razak2014_fig15,old,0.0234375,-0.3378410499047757,-0.09292189566291767,,,,
15,razak2014_fig15,old,0.03125,-0.3221251013823587,-0.09092317654425196,,,,
15,razak2014_fig15,old,0.0390625,-0.30351544729550206,-0.08804355925572824,,,,
15,razak2014_fig15,old,0.046875,-0.28215751159527347,-0.08430296869342797,,,,
15,razak2014_fig15,old,0.0546875,-0.2582103866006589,-0.07973020321540626,,,,
15,razak2014_fig15,old,0.0625,-0.23184348525807813,-0.07436264815738858,,,,
15,razak2014_fig15,old,0.0703125,-0.2032331305960703,-0.06824588642826104,,,,
15,razak2014_fig15,old,0.078125,-0.17255907410508103,-0.06143322085171204,,,,
15,razak2014_fig15,old,0.0859375,-0.14000102653014623,-0.05398512051923194,,,,
15,razak2014_fig15,old,0.09375,-0.10573541035682898,-0.045968594437011435,,,,
15,razak2014_fig15,old,0.1015625,-0.06993227976528539,-0.037456497272635315,,,,
15,razak2014_fig15,old,0.109375,-0.0327524817004949,-0.028526743562872648,,,,
15,razak2014_fig15,old,0.1171875,0.0056548562194281005,-0.019261486727705893,,,,
15,razak2014_fig15,old,0.125,0.04515437171224108,-0.009746273407069642,,,,
15,razak2014_fig15,old,0.1328125,0.08562586712530146,-6.918625683503588e-05,,,,
15,razak2014_fig15,old,0.140625,0.12696549636126184,0.009680086199053988,,,,
15,razak2014_fig15,old,0.1484375,0.16908634741656658,0.019411121374461632,,,,
15,razak2014_fig15,old,0.15625,0.21191851356581487,0.029033660430051098,,,,
15,razak2014_fig15,old,0.1640625,0.25540867815532586,0.03845849854210412,,,,
15,razak2014_fig15,old,0.171875,0.299519572580186,0.04759837994985539,,,,
15,razak2014_fig15,old,0.1796875,0.3442288565289033,0.05636887876649624,,,,
15,razak2014_fig15,old,0.1875,0.38952827979960625,0.06468936190398669,,,,
15,razak2014_fig15,old,0.1953125,0.4354223246278488,0.07248397083541211,,,,
15,razak2014_fig15,old,0.203125,0.4819261681090271,0.07968230607466247,,,,
15,razak2014_fig15,old,0.2109375,0.5290635123385089,0.08622006817418798,,,,
15,razak2014_fig15,old,0.21875,0.5768637396082253,0.09203961248717961,,,,
15,razak2014_fig15,old,0.2265625,0.6253590771695684,0.09709040528951048,,,,
15,razak2014_fig15,old,0.234375,0.6745817474827432,0.10132941952892957,,,,
15,razak2014_fig15,old,0.2421875,0.7245610541751922,0.10472144040866116,,,,
15,razak2014_fig15,old,0.25,0.7753205081585083,0.10723928604000971,,,,
15,razak2014_fig15,old,0.2578125,0.8268750013474083,0.1088639495386576,,,,
15,razak2014_fig15,old,0.265625,0.8792280707763186,0.10958467373253401,,,,
15,razak2014_fig15,old,0.2734375,0.9323694400502615,0.10939895472356392,,,,
15,razak2014_fig15,old,0.28125,0.9862724783572352,0.10831242994256841,,,,
15,razak2014_fig15,old,0.2890625,1.0408921979930046,0.1063387346070284,,,,
15,razak2014_fig15,old,0.296875,1.0961634473477528,0.10349930287000109,,,,
15,razak2014_fig15,old,0.3046875,1.1519992552162694,0.09982305102640274,,,,
15,razak2014_fig15,old,0.3125,1.2082896785170372,0.09534600749772275,,,,
15,razak2014_fig15,old,0.3203125,1.2649009546768761,0.09011092191426938,,,,
15,razak2014_fig15,old,0.328125,1.3216752261270264,0.08416679390647641,,,,
15,razak2014_fig15,old,0.3359375,1.3784304797349223,0.07756836674369558,,,,
15,razak2014_fig15,old,0.34375,1.4349612991776208,0.07037560301206831,,,,
15,razak2014_fig15,old,0.3515625,1.4910398098319448,0.06265302950266144,,,,
15,razak2014_fig15,old,0.359375,1.546417041321208,0.05446916135065914,,,,
15,razak2014_fig15,old,0.3671875,1.6008257279585574,0.045895996476623346,,,,
15,razak2014_fig15,old,0.375,1.6539824180728038,0.037008229766537254,,,,
15,razak2014_fig15,old,0.3828125,1.7055902171635493,0.027882569475669788,,,,
15,razak2014_fig15,old,0.390625,1.7553431019125543,0.018597238277266902,,,,
15,razak2014_fig15,old,0.3984375,1.8029293087806886,0.009231210679216622,,,,
15,razak2014_fig15,old,0.40625,1.848035446121604,-0.0001364817799527326,,,,
15,razak2014_fig15,old,0.4140625,1.8903513390931523,-0.009427338039398296,,,,
15,razak2014_fig15,old,0.421875,1.9295744494599614,-0.01856403085395453,,,,
15,razak2014_fig15,old,0.4296875,1.9654146475834704,-0.027471077913388355,,,,
15,razak2014_fig15,old,0.4375,1.9975990021309313,-0.03607538498406857,,,,
15,razak2014_fig15,old,0.4453125,2.0258762694256887,-0.04430687501392526,,,,
15,razak2014_fig15,old,0.453125,2.050021301955929,-0.052098999503004687,,,,
15,razak2014_fig15,old,0.4609375,2.069838941039838,-0.059389304289033766,,,,
15,razak2014_fig15,old,0.46875,2.085167611919446,-0.06611988867342347,,,,
15,razak2014_fig15,old,0.4765625,2.0958822275468294,-0.07223789541400093,,,,
15,razak2014_fig15,old,0.484375,2.101896602180838,-0.07769591591279632,,,,
15,razak2014_fig15,old,0.4921875,2.1031650523801106,-0.08245239310880409,,,,
15,razak2014_fig15,old,0.5,2.0996833744569083,-0.0864719515099172,,,,
15,razak2014_fig15,old,0.5078125,2.0914889312401663,-0.08972571331325024,,,,
15,razak2014_fig15,old,0.515625,2.07866002298176,-0.09219153954581458,,,,
15,razak2014_fig15,old,0.5234375,2.061314359144222,-0.09385425284729315,,,,
15,razak2014_fig15,old,0.53125,2.039606897666144,-0.09470578905991998,,,,
15,razak2014_fig15,old,0.5390625,2.013727029591872,-0.09474528284546321,,,,
15,razak2014_fig15,old,0.546875,1.98389512306722,-0.09397908272996901,,,,
15,razak2014_fig15,old,0.5546875,1.9503585616054528,-0.0924206948746238,,,,
15,razak2014_fig15,old,0.5625,1.913387370617924,-0.09009069050983866,,,,
15,razak2014_fig15,old,0.5703125,1.8732694799130343,-0.0870165917184157,,,,
15,razak2014_fig15,old,0.578125,1.8303057496764248,-0.08323272072964423,,,,
15,razak2014_fig15,old,0.5859375,1.784804904379384,-0.07877997475691674,,,,
15,razak2014_fig15,old,0.59375,1.737078559417091,-0.0737055066895683,,,,
15,razak2014_fig15,old,0.6015625,1.6874364651908136,-0.06806232997278695,,,,
15,razak2014_fig15,old,0.609375,1.6361820295507705,-0.061908876713535156,,,,
15,razak2014_fig15,old,0.6171875,1.5836080775412982,-0.055308518920085675,,,,
15,razak2014_fig15,old,0.625,1.5299930910891373,-0.048329000239786576,,,,
15,razak2014_fig15,old,0.6328125,1.4755980907697777,-0.04104179277657206,,,,
15,razak2014_fig15,old,0.640625,1.4206640520910987,-0.0335214373399974,,,,
15,razak2014_fig15,old,0.6484375,1.3654097360166646,-0.025844887197404274,,,,
15,razak2014_fig15,old,0.65625,1.310030164501102,-0.018090779832085336,,,,
15,razak2014_fig15,old,0.6640625,1.25469574351677,-0.010338657437157983,,,,
15,razak2014_fig15,old,0.671875,1.1995518846759503,-0.0026681999830615246,,,,
15,razak2014_fig15,old,0.6796875,1.1447191410051836,0.004841539626674875,,,,
15,razak2014_fig15,old,0.6875,1.090293958651498,0.012112931867076411,,,,
15,razak2014_fig15,old,0.6953125,1.036349918408169,0.019070554481309822,,,,
15,razak2014_fig15,old,0.703125,0.9829393800692354,0.025641957242147316,,,,
15,razak2014_fig15,old,0.7109375,0.9300955320246354,0.03175841755528448,,,,
15,razak2014_fig15,old,0.71875,0.8778347517964286,0.0373556629558067,,,,
15,razak2014_fig15,old,0.7265625,0.8261592091143273,0.042374549418488554,,,,
15,razak2014_fig15,old,0.734375,0.7750596303245519,0.046761683160321824,,,,
15,razak2014_fig15,old,0.7421875,0.7245181793418264,0.05046998726012672,,,,
15,razak2014_fig15,old,0.75,0.6745114011590947,0.0534592074707982,,,,
15,razak2014_fig15,old,0.7578125,0.6250131658348881,0.05569635184929567,,,,
15,razak2014_fig15,old,0.765625,0.5759975969915754,0.05715606353262083,,,,
15,razak2014_fig15,old,0.7734375,0.5274418754186259,0.057820922230585374,,,,
15,razak2014_fig15,old,0.78125,0.47932899269990814,0.0576816800838897,,,,
15,razak2014_fig15,old,0.7890625,0.4316502980035768,0.05673742162857508,,,,
15,razak2014_fig15,old,0.796875,0.38440784565744346,0.054995649957732456,,,,
15,razak2014_fig15,old,0.8046875,0.3376164448645319,0.052472294986023335,,,,
15,razak2014_fig15,old,0.8125,0.291305250063402,0.049191652381921414,,,,
15,razak2014_fig15,old,0.8203125,0.2455197214181715,0.045186234430291024,,,,
15,razak2014_fig15,old,0.828125,0.20032269802140626,0.04049647975324771,,,,
15,razak2014_fig15,old,0.8359375,0.1557943387443083,0.03517045760931782,,,,
15,razak2014_fig15,old,0.84375,0.11203290988305528,0.02926348311205722,,,,
15,razak2014_fig15,old,0.8515625,0.06915410117078284,0.022837509989174127,,,,
15,razak2014_fig15,old,0.859375,0.02728970623670788,0.015960418696614243,,,,
15,razak2014_fig15,old,0.8671875,-0.013413969214366885,0.00870523642359936,,,,
15,razak2014_fig15,old,0.875,-0.05279805400823876,0.0011493471963005587,,,,
15,razak2014_fig15,old,0.8828125,-0.0906932259897242,-0.006626299755295674,,,,
15,razak2014_fig15,old,0.890625,-0.1269220527633692,-0.014537995070863764,,,,
15,razak2014_fig15,old,0.8984375,-0.16130162158080857,-0.022500100705955896,,,,
15,razak2014_fig15,old,0.90625,-0.19364664074470428,-0.03042592321042298,,,,
15,razak2014_fig15,old,0.9140625,-0.22377267458554131,-0.038228604854889735,,,,
15,razak2014_fig15,old,0.921875,-0.25149949184956344,-0.04582202662842369,,,,
15,razak2014_fig15,old,0.9296875,-0.27665440617698045,-0.05312170880972892,,,,
15,razak2014_fig15,old,0.9375,-0.2990755360599933,-0.06004570081009577,,,,
15,razak2014_fig15,old,0.9453125,-0.31861503732794283,-0.06651545775194904,,,,
15,razak2014_fig15,old,0.953125,-0.3351420301470497,-0.07245667820321974,,,,
15,razak2014_fig15,old,0.9609375,-0.3485452720479087,-0.0778001089162892,,,,
15,razak2014_fig15,old,0.96875,-0.3587354755233325,-0.08248230502516737,,,,
15,razak2014_fig15,old,0.9765625,-0.36564719250858935,-0.08644632182691274,,,,
15,razak2014_fig15,old,0.984375,-0.3692401753174367,-0.08964234519944715,,,,
15,razak2014_fig15,old,0.9921875,-0.3695002496069892,-0.09202826184245273,,,,
15,razak2014_fig15,v4b,0.0,-0.36136006836348616,-0.06642498045714267,0.7232815801197915,0.004482325292250273,0.019811908675707812,0.0
15,razak2014_fig15,v4b,0.0078125,-0.34073870878951606,-0.06605355427854917,0.7175554013464542,0.055258532238986316,0.024728544587909605,0.0
15,razak2014_fig15,v4b,0.015625,-0.31166189399198735,-0.06503808030199315,0.7115790731936349,0.1224764498841969,0.030537523265615294,0.0
15,razak2014_fig15,v4b,0.0234375,-0.3157849735362806,-0.06627075803381671,0.705375353143788,0.06385243734642217,0.027183607613922935,0.0
15,razak2014_fig15,v4b,0.03125,-0.31162695932322854,-0.06678535491883786,0.6989683549307621,0.025412368576928437,0.024984983155484305,0.0
15,razak2014_fig15,v4b,0.0390625,-0.2793222952881133,-0.06510666145704654,0.6923834024117571,0.07092396872577507,0.028621786370777474,0.0
15,razak2014_fig15,v4b,0.046875,-0.26050370118761795,-0.06413834675260602,0.6856468861080383,0.06297834893834599,0.02816480390766576,0.0
15,razak2014_fig15,v4b,0.0546875,-0.23186185352877342,-0.06200987430752221,0.678786123845684,0.07787741721691828,0.029140699254632123,0.0
15,razak2014_fig15,v4b,0.0625,-0.20624915978624025,-0.059445366742952255,0.6718292268271708,0.0753719036242027,0.02845870743334122,0.0
15,razak2014_fig15,v4b,0.0703125,-0.16105367936172393,-0.05429300725424086,0.6648049723468156,0.12439773290339323,0.03187512991965185,0.0
15,razak2014_fig15,v4b,0.078125,-0.12800492291528065,-0.049056172764412605,0.6577426842329989,0.1295761923995899,0.031880701019080734,0.0
15,razak2014_fig15,v4b,0.0859375,-0.07845101105200288,-0.04117101986650905,0.6506721219624826,0.1760321686534405,0.03544818302138187,0.0
15,razak2014_fig15,v4b,0.09375,-0.038246966870031304,-0.033005937826764434,0.6436233792516857,0.18936325158544343,0.03628745797927383,0.0
15,razak2014_fig15,v4b,0.1015625,0.001446984812904742,-0.024078331140026932,0.6366267927907051,0.1964351338019186,0.0368166003084065,0.0
15,razak2014_fig15,v4b,0.109375,0.04315163793181941,-0.014700040562000097,0.6297128616521186,0.20498718905273747,0.03734048949840243,0.0
15,razak2014_fig15,v4b,0.1171875,0.08174233723366471,-0.005503206224893345,0.6229118681447104,0.20177638749828317,0.036485583450004716,0.0
15,razak2014_fig15,v4b,0.125,0.12337749112844856,0.004049396474002455,0.6162529396190475,0.20384030913110843,0.03594990373965833,0.0
15,razak2014_fig15,v4b,0.1328125,0.16446454762523993,0.013489667940203107,0.6097641512587998,0.20202828816022833,0.034745280939143586,0.0
15,razak2014_fig15,v4b,0.140625,0.2077014896529615,0.023074419995835357,0.6034709292092316,0.20360674472288723,0.033778945311802866,0.0
15,razak2014_fig15,v4b,0.1484375,0.2510798446857559,0.032458132857110286,0.5973979385841814,0.2036589106892429,0.0324067180301229,0.0
15,razak2014_fig15,v4b,0.15625,0.29513645568450986,0.04165346885956555,0.5915656755276231,0.2037486497399488,0.03089801143872263,0.0
15,razak2014_fig15,v4b,0.1640625,0.34180501042124617,0.05084011616789063,0.5859928269892575,0.20868317724456073,0.029906770783087937,0.0
15,razak2014_fig15,v4b,0.171875,0.3864261694062566,0.059295142054106964,0.5806951874645896,0.20726353294295022,0.027895606619739846,0.0
15,razak2014_fig15,v4b,0.1796875,0.4350052565167859,0.06777292319273386,0.5756839803043695,0.2139358303110925,0.026876299495875593,0.0
15,razak2014_fig15,v4b,0.1875,0.482621362685668,0.07550027605894402,0.5709665401948,0.2169832696226772,0.02519830075692921,0.0
15,razak2014_fig15,v4b,0.1953125,0.5295659027349121,0.08241163843533722,0.5665455398891264,0.21719370030932958,0.02290360006305095,0.0
15,razak2014_fig15,v4b,0.203125,0.5784176485313892,0.08885122159742004,0.5624195097923311,0.22051138609166215,0.02095366618929047,0.0
15,razak2014_fig15,v4b,0.2109375,0.6274378328520354,0.09447171640412787,0.5585875956967321,0.22286261000934476,0.018693738892463646,0.0
15,razak2014_fig15,v4b,0.21875,0.6765237600708194,0.09917812602577335,0.5550500222113769,0.2239802796662645,0.016043406888279346,0.0
15,razak2014_fig15,v4b,0.2265625,0.7272269223187092,0.10318967102551671,0.5518078862289723,0.22728611686635578,0.013608596734752504,0.0
15,razak2014_fig15,v4b,0.234375,0.7768322718794461,0.10622581810235157,0.5488629581257958,0.2266506956997217,0.010853461629043791,0.14644660940672644
15,razak2014_fig15,v4b,0.2421875,0.8292951770979977,0.10940473883226645,0.546217489754715,0.2308024671691138,0.010320579391818789,0.37059047744873963
15,razak2014_fig15,v4b,0.25,0.8891184622139121,0.11475663470836803,0.5438740288621481,0.24948799510697342,0.01648086086746069,0.75
15,razak2014_fig15,v4b,0.2578125,0.9769484086894409,0.12657700103751027,0.5418352400567894,0.3275533617221766,0.0386608771504997,0.75
15,razak2014_fig15,v4b,0.265625,1.0211841279983025,0.12944222916941062,0.5401037328820745,0.30866973135397047,0.04317833576106146,0.6294095225512604
15,razak2014_fig15,v4b,0.2734375,1.1779123148982373,0.15705524389143444,0.5386818978942417,0.5322636890405062,0.10330461551440528,0.6294095225512604
15,razak2014_fig15,v4b,0.28125,1.2273741277011743,0.1618079805976406,0.5375717519205973,0.5220958836646444,0.11382567101878929,0.6294095225512604
15,razak2014_fig15,v4b,0.2890625,1.192174889469504,0.1527032303802195,0.5367747938652508,0.33319102469484085,0.08363594500673872,0.6294095225512604
15,razak2014_fig15,v4b,0.296875,1.3614281460150452,0.1983656368261671,0.5362918725397972,0.5913680365987769,0.15832843049803208,0.6294095225512604
15,razak2014_fig15,v4b,0.3046875,1.4034005071592026,0.21675891962792296,0.5361230680234028,0.5772548494270412,0.1704799577702859,0.6294095225512604
15,razak2014_fig15,v4b,0.3125,1.4057789325913197,0.22363660730157925,0.5362675880017906,0.4770522787221795,0.1620155807187726,0.5499502112523148
15,razak2014_fig15,v4b,0.3203125,1.4147258489461585,0.23037650708162147,0.5367236804015666,0.3905575903957996,0.15678896887903163,0.482962913144534
15,razak2014_fig15,v4b,0.328125,1.41149723266353,0.23266266062360913,0.5374885634318237,0.2776440432726394,0.144771807988531,0.232962913144534
15,razak2014_fig15,v4b,0.3359375,1.477337705237582,0.2514668462460569,0.5385583738782928,0.31440348561332915,0.17110678048513087,0.232962913144534
15,razak2014_fig15,v4b,0.34375,1.5127534839351684,0.26162205257918775,0.5399281341783394,0.28610193281045343,0.18119513081689792,0.1035533905932736
15,razak2014_fig15,v4b,0.3515625,1.5635105355147123,0.2752538167364979,0.5415917384516935,0.29259172969338454,0.20072689317845832,0.0
15,razak2014_fig15,v4b,0.359375,1.5107431162144533,0.260766548391659,0.5435419572872086,0.0742936726834778,0.16053173084042133,0.0
15,razak2014_fig15,v4b,0.3671875,1.5173838994331956,0.26157115297222244,0.5457704607062024,-0.012727665708662095,0.15487525549177408,0.0
15,razak2014_fig15,v4b,0.375,1.5032826898908578,0.25650845144986184,0.54826785835387,-0.1434816438835532,0.137092469830523,0.0
15,razak2014_fig15,v4b,0.3828125,1.515443909671637,0.25851183964724933,0.5510237556268882,-0.2135919482767635,0.13549718753753118,0.0
15,razak2014_fig15,v4b,0.390625,1.5231725517790609,0.25945593749499274,0.5540268241409518,-0.29018875460930443,0.1318649230184172,0.0
15,razak2014_fig15,v4b,0.3984375,1.6200243758180348,0.28542174116919583,0.5572648846876732,-0.16159538619925465,0.18493474093964835,0.0
15,razak2014_fig15,v4b,0.40625,1.5306218308774784,0.25987381896439143,0.5607250006343181,-0.44942081917685733,0.12182765392875311,0.0
15,razak2014_fig15,v4b,0.4140625,1.6618806233165944,0.2962997422049857,0.5643935795875392,-0.2293383893215567,0.20026168346478657,0.0
15,razak2014_fig15,v4b,0.421875,1.7088246840841128,0.30952439658612996,0.568256481075692,-0.19398734559721872,0.22672982921415408,0.0
15,razak2014_fig15,v4b,0.4296875,1.7166276518740826,0.3120129918958794,0.5722991280026077,-0.24223259740910252,0.22907675931203705,0.0
15,razak2014_fig15,v4b,0.4375,1.6292165903536606,0.2877201456877056,0.5765066196851194,-0.5085022206439975,0.16880788193530238,0.0
15,razak2014_fig15,v4b,0.4453125,1.68709207748768,0.3048508140231901,0.5808638444011953,-0.42546844024164543,0.20678839962484302,0.0
15,razak2014_fig15,v4b,0.453125,1.671755641524645,0.3013726728320075,0.5853555895372592,-0.5086679309554174,0.19664147237237298,0.0
15,razak2014_fig15,v4b,0.4609375,1.6460585880141616,0.2950812969463825,0.5899666476230392,-0.6100803494560488,0.18027336911524797,0.0
15,razak2014_fig15,v4b,0.46875,1.7071083080213898,0.3137148476128426,0.5946819167701395,-0.49062025149272936,0.22598812186208356,0.0
15,razak2014_fig15,v4b,0.4765625,1.7146868824067212,0.31717108650225523,0.5994864942764508,-0.49236859570235697,0.23597089662131468,0.0
15,razak2014_fig15,v4b,0.484375,1.7498442128595921,0.32858970518198083,0.6043657624127969,-0.4148195347713804,0.2674943423497373,0.0
15,razak2014_fig15,v4b,0.4921875,1.7677287698132544,0.33508395549928455,0.6093054656619166,-0.36978503762499815,0.2884638278434593,0.0
15,razak2014_fig15,v4b,0.5,1.7844091164692713,0.34121560291770414,0.6142917789251439,-0.3169353441939508,0.31036119530799894,0.0
15,razak2014_fig15,v4b,0.5078125,1.810516777684696,0.34999620789193076,0.6193113664424276,-0.22819935330051772,0.3411734832229714,0.0
15,razak2014_fig15,v4b,0.515625,1.7347398183981588,0.32948987014743625,0.6243514313814393,-0.398696620361904,0.2962609134336762,0.0
15,razak2014_fig15,v4b,0.5234375,1.7333272066417762,0.33020197674033874,0.6293997562377837,-0.363764104870599,0.308801310915909,0.0
15,razak2014_fig15,v4b,0.53125,1.6622457646858861,0.3108635739332381,0.6344447343483552,-0.5092989682680297,0.2682466326054775,0.0
15,razak2014_fig15,v4b,0.5390625,1.6789160184953205,0.3165134732475438,0.6394753929526639,-0.40666720108542,0.29724149881089496,0.0
15,razak2014_fig15,v4b,0.546875,1.6805412597296605,0.3177195978914425,0.6444814083424566,-0.3350059066482851,0.31586403739110996,0.0
15,razak2014_fig15,v4b,0.5546875,1.6156859771557666,0.2998658053652261,0.6494531137191906,-0.4429388403784136,0.28186431025160147,0.0
15,razak2014_fig15,v4b,0.5625,1.5952490967732977,0.29457489265341347,0.6543815004335316,-0.4178917094065684,0.28435208869212203,0.0
15,razak2014_fig15,v4b,0.5703125,1.5559323205935633,0.2838539688867657,0.6592582133132607,-0.4404889940694337,0.27195507372770344,0.0
15,razak2014_fig15,v4b,0.578125,1.4758651891759973,0.2616135919085533,0.6640755407983735,-0.5785325142492932,0.22573809649182885,0.0
15,razak2014_fig15,v4b,0.5859375,1.4669196319373148,0.2594414501605028,0.668826400597468,-0.49981617651372484,0.23945411740423128,0.0
15,razak2014_fig15,v4b,0.59375,1.4178404886237097,0.24601909347736212,0.6735043215605624,-0.5363292430029742,0.21959753249279834,0.0
15,razak2014_fig15,v4b,0.6015625,1.3926417227568613,0.23934529115050268,0.678103422433013,-0.4948359462031284,0.22043986388037043,0.0
15,razak2014_fig15,v4b,0.609375,1.3707650768892579,0.23366536195125953,0.6826183881157752,-0.437370015447927,0.22455364208733697,0.0
15,razak2014_fig15,v4b,0.6171875,1.3287661316063906,0.22254914800895348,0.6870444440112891,-0.43880990252108526,0.2113704301219102,0.0
15,razak2014_fig15,v4b,0.625,1.2967155410849034,0.2142496373083994,0.6913773289838704,-0.404945729471178,0.2069779628102013,0.0
15,razak2014_fig15,v4b,0.6328125,1.2417279965591694,0.19965910839353854,0.6956132674105306,-0.4431455355144311,0.18225146095493835,0.0
15,razak2014_fig15,v4b,0.640625,1.1917819400803826,0.18629581771803017,0.6997489407442051,-0.46393891418837807,0.1617553611346103,0.0
15,razak2014_fig15,v4b,0.6484375,1.1430244077308225,0.17293294164708486,0.7037814589577871,-0.48027251222350775,0.1420579550756843,0.0
15,razak2014_fig15,v4b,0.65625,1.1016915098374669,0.16093053980673874,0.7077083321851748,-0.4713590376932161,0.1286840745111005,0.0
15,razak2014_fig15,v4b,0.6640625,1.0583707279834647,0.14777340220688748,0.7115274428256526,-0.4691067047297201,0.11327442818516115,0.0
15,razak2014_fig15,v4b,0.671875,1.0151210382568876,0.13362254267835838,0.7152370183309362,-0.46732551054261867,0.09758627075924758,0.0
15,razak2014_fig15,v4b,0.6796875,0.9835497108856577,0.1212857637374476,0.718835604850668,-0.4250257691619246,0.09200498931924621,0.0
15,razak2014_fig15,v4b,0.6875,0.963173730848104,0.11037712693959874,0.722322041872345,-0.34266330287208635,0.09601908963201788,0.0
15,razak2014_fig15,v4b,0.6953125,0.917469899346286,0.09154683152973475,0.7256954379558597,-0.3525870728468336,0.07742098066358453,0.0
15,razak2014_fig15,v4b,0.703125,0.8803693809448753,0.0727871260368502,0.7289551476311553,-0.3335040074291501,0.0663791304105521,0.0
15,razak2014_fig15,v4b,0.7109375,0.8677475534151919,0.06308432066310951,0.7321007494999765,-0.21715163730104864,0.07812651007241858,0.0
15,razak2014_fig15,v4b,0.71875,0.8231405245920408,0.055929876342072665,0.735132025559326,-0.20479118650344263,0.0656895201223938,0.0
15,razak2014_fig15,v4b,0.7265625,0.7691661660097954,0.05519866091185747,0.7380489417449112,-0.21757134131915548,0.04895613546588825,0.0
15,razak2014_fig15,v4b,0.734375,0.7331135727958782,0.059496262608409026,0.7408516296774381,-0.1618611665451093,0.0491401100930578,0.0
15,razak2014_fig15,v4b,0.7421875,0.6878592024761458,0.061341930914197276,0.7435403695828733,-0.14294248496753845,0.04239241722522778,0.0
15,razak2014_fig15,v4b,0.75,0.6394118301615032,0.062042279474021966,0.7461155743494906,-0.13825019359757287,0.03380700482604235,0.0
15,razak2014_fig15,v4b,0.7578125,0.5906674023508988,0.062199733881948036,0.7485777746793179,-0.13660591636313063,0.0258663768660765,0.0
15,razak2014_fig15,v4b,0.765625,0.5416646875905625,0.06175375434191837,0.7509276052891768,-0.13784309353460816,0.018459254846911206,0.0
15,razak2014_fig15,v4b,0.7734375,0.4950221685764663,0.061158088807709954,0.7531657921164457,-0.1313420336676096,0.013519870708920991,0.0
15,razak2014_fig15,v4b,0.78125,0.44945738329208523,0.060081015588478295,0.7552931404865895,-0.12207099329876321,0.009804937668521333,0.0
15,razak2014_fig15,v4b,0.7890625,0.4046907973133828,0.05842324015632999,0.7573105242029486,-0.11108640208502013,0.006946401454856145,0.0
15,razak2014_fig15,v4b,0.796875,0.36124326229328424,0.05624036890446041,0.7592188755239002,-0.09620597716935471,0.005169503836466674,0.0
15,razak2014_fig15,v4b,0.8046875,0.3178883452873679,0.0533135128777055,0.7610182256041418,-0.08255064482233547,0.0035200085605219932,0.0
15,razak2014_fig15,v4b,0.8125,0.2733702112590992,0.04949763033413841,0.7627012644934421,-0.0755800015790946,0.0012894209131111881,0.0
15,razak2014_fig15,v4b,0.8203125,0.231587787916817,0.04539152270939997,0.7642542697179268,-0.05909728878094523,0.0008708038057076188,0.0
15,razak2014_fig15,v4b,0.828125,0.18843513818988206,0.040381657996566914,0.7656593697442085,-0.05072769420543282,-0.0004899780142925397,0.0
15,razak2014_fig15,v4b,0.8359375,0.14540402089481858,0.034764812151175106,0.7668948440415572,-0.044573522223344104,-0.001740182264415607,0.0
15,razak2014_fig15,v4b,0.84375,0.10439256912231427,0.028816495230599405,0.7679377672655671,-0.03292367168372658,-0.0019261552222042868,0.0
15,razak2014_fig15,v4b,0.8515625,0.06460609532620339,0.02243690029600129,0.7687654217844297,-0.019668363960426104,-0.0017324817778739295,0.0
15,razak2014_fig15,v4b,0.859375,0.025819336248305156,0.015661904068704643,0.7693534168199102,-0.006374991418167476,-0.001294251247054097,0.0
15,razak2014_fig15,v4b,0.8671875,-0.012082636130226268,0.008532034013008694,0.7696793097207089,0.005780345146266355,-0.0007520054337308488,0.0
15,razak2014_fig15,v4b,0.875,-0.04793064252209577,0.001234108444387629,0.7697209509252146,0.021137014008435706,0.00036808058930078006,0.0
15,razak2014_fig15,v4b,0.8828125,-0.08041916529856799,-0.006029149667268608,0.769458144392354,0.044564839057430874,0.002590202488190875,0.0
15,razak2014_fig15,v4b,0.890625,-0.11230964781199262,-0.01349538779161915,0.7688725852631597,0.06322229220628865,0.004510963272927702,0.0
15,razak2014_fig15,v4b,0.8984375,-0.14228421107692285,-0.020940201354811835,0.7679487066862775,0.08195347775189968,0.0067222178720424165,0.0
15,razak2014_fig15,v4b,0.90625,-0.17364846876516632,-0.02859737518542487,0.7666739385530768,0.08568968273496233,0.007680377278958301,0.0
15,razak2014_fig15,v4b,0.9140625,-0.20105332638156373,-0.03546752612104682,0.765038665584796,0.09640839555641384,0.00959412906307807,0.0
15,razak2014_fig15,v4b,0.921875,-0.22348541191049595,-0.04117082546094336,0.763036180362692,0.11721363620923622,0.012453079725973936,0.0
15,razak2014_fig15,v4b,0.9296875,-0.24685097183063381,-0.04599654320711973,0.7606626291813131,0.12222074725261727,0.014144834387928296,0.0
15,razak2014_fig15,v4b,0.9375,-0.2690351391837589,-0.0500042702554342,0.7579169491758653,0.12008604008456177,0.015485203913652516,0.0
15,razak2014_fig15,v4b,0.9453125,-0.28507918044842856,-0.052811752608872234,0.7548007956926444,0.13072361895670773,0.017975477179440813,0.0
15,razak2014_fig15,v4b,0.953125,-0.3017619602566247,-0.05525510506627186,0.7513184593405062,0.12604833832877257,0.019331051466041343,0.0
15,razak2014_fig15,v4b,0.9609375,-0.3163481966927802,-0.057316695439508736,0.7474767725832232,0.1173447377832071,0.02069721908898506,0.0
15,razak2014_fig15,v4b,0.96875,-0.3272601470509749,-0.05912443157491081,0.743285006107914,0.11080976390034365,0.02215601678214665,0.0
15,razak2014_fig15,v4b,0.9765625,-0.3330552219692674,-0.06063653880732897,0.7387547555334845,0.11175286637179484,0.024059496566944755,0.0
15,razak2014_fig15,v4b,0.984375,-0.346929550133276,-0.06272850070433801,0.7338998193048842,0.07009110895742139,0.022914760139957274,0.0
15,razak2014_fig15,v4b,0.9921875,-0.3400081832293552,-0.06331414646906247,0.7287360688538241,0.09468115803462519,0.026466396713204714,0.0
