figure,case_id,model,quantity,phase,experiment,experiment_std,prediction
9,razak2014_fig9,fluxv_old,CL,2.4340033400984433e-10,0.5518559517188066,0.14727631655102652,0.2665008142022676
9,razak2014_fig9,fluxv_old,CL,0.016492642818245664,0.5599567892582333,0.11640350174010275,0.26299830097660826
9,razak2014_fig9,fluxv_old,CL,0.03298343020791718,0.5638944636141159,0.11025488196471082,0.260189317407735
9,razak2014_fig9,fluxv_old,CL,0.04947704675497876,0.563301375885644,0.13248278469451039,0.2581372747073745
9,razak2014_fig9,fluxv_old,CL,0.06597010674648819,0.5580466833989273,0.16483726250793376,0.256905596205083
9,razak2014_fig9,fluxv_old,CL,0.08246325949725632,0.5482227788278864,0.19180057146112137,0.2565563195058961
9,razak2014_fig9,fluxv_old,CL,0.0989540005072985,0.5341113471539849,0.2052193397656034,0.2571520432689708
9,razak2014_fig9,fluxv_old,CL,0.11544715325806662,0.5161691405746665,0.2013132141276448,0.2587580289284293
9,razak2014_fig9,fluxv_old,CL,0.13194030600883475,0.4950012184301151,0.17972896158049,0.26144345134381897
9,razak2014_fig9,fluxv_old,CL,0.14843336600034418,0.4713388349322111,0.14455974658978957,0.2652827046492214
9,razak2014_fig9,fluxv_old,CL,0.16492419976964504,0.4460146508861614,0.11010446218460915,0.27038732792614956
9,razak2014_fig9,fluxv_old,CL,0.18141725976115447,0.41995231134618577,0.11133063690892109,0.2768131480636306
9,razak2014_fig9,fluxv_old,CL,0.1979104125119226,0.3941277139305656,0.16309335078769135,0.2846414796002843
9,razak2014_fig9,fluxv_old,CL,0.21440347250343203,0.3695574597374038,0.2371784727075423,0.2939471926077307
9,razak2014_fig9,fluxv_old,CL,0.23089421351347422,0.3472525161651738,0.31392777118207793,0.304788717914952
9,razak2014_fig9,fluxv_old,CL,0.24738736626424235,0.32819807643654547,0.3829798866956243,0.31720456326023927
9,razak2014_fig9,fluxv_old,CL,0.2638805190150105,0.3132939832248048,0.4374210022206432,0.3311928417204694
9,razak2014_fig9,fluxv_old,CL,0.2803735790065199,0.30332613762823585,0.47236839028844085,0.34670628570236195
9,razak2014_fig9,fluxv_old,CL,0.29686441277582076,0.29891523250349417,0.48479802178051273,0.36363837612637784
9,razak2014_fig9,fluxv_old,CL,0.3133575655265889,0.3004701336011743,0.4735765371739391,0.3818490689274855
9,razak2014_fig9,fluxv_old,CL,0.32985062551809835,0.3081632321299323,0.4394974430615036,0.40105531814392886
9,razak2014_fig9,fluxv_old,CL,0.34634368550960776,0.3218846709469972,0.3852243526279279,0.4209383915714347
9,razak2014_fig9,fluxv_old,CL,0.36283451927890864,0.34125417532739283,0.3152309867488202,0.4411086813228303
9,razak2014_fig9,fluxv_old,CL,0.37932757927041805,0.3656092221947163,0.23599412820297774,0.4611259336793152
9,razak2014_fig9,fluxv_old,CL,0.3958207320211862,0.3940209553225908,0.15770725225712193,0.4804980849744556
9,razak2014_fig9,fluxv_old,CL,0.4123138847719543,0.42536277562765173,0.10333120596282122,0.49871208982187826
9,razak2014_fig9,fluxv_old,CL,0.42880462578199646,0.4583347069204438,0.11249568599225539,0.5152534960919587
9,razak2014_fig9,fluxv_old,CL,0.4452977785327646,0.4915498731947298,0.16372122661137417,0.5296426648683004
9,razak2014_fig9,fluxv_old,CL,0.46179083852427405,0.5236139337922641,0.2170775732727759,0.5413748559021014
9,razak2014_fig9,fluxv_old,CL,0.4782839912750422,0.5532029693001665,0.2597511578546536,0.5501590288645788
9,razak2014_fig9,fluxv_old,CL,0.494774825044343,0.5791429167156961,0.2883603521545342,0.555754749188268
9,razak2014_fig9,fluxv_old,CL,0.5112678850358525,0.6004805540615794,0.30294938071450755,0.5580397035235347
9,razak2014_fig9,fluxv_old,CL,0.5277609450273619,0.6165405415947567,0.30538961770892853,0.5570132193039151
9,razak2014_fig9,fluxv_old,CL,0.54425409777813,0.6269555620993994,0.298486927238158,0.5527982245378618
9,razak2014_fig9,fluxv_old,CL,0.5607448387881722,0.6316944893850558,0.2851242142449873,0.5456321315938025
9,razak2014_fig9,fluxv_old,CL,0.5772379915389403,0.6310367549533378,0.26740763733582124,0.5358456501997181
9,razak2014_fig9,fluxv_old,CL,0.5937311442897084,0.625551080781821,0.24610844998990783,0.5238465885000015
9,razak2014_fig9,fluxv_old,CL,0.6102219780590094,0.616040269067677,0.22069342253733604,0.5100606424893094
9,razak2014_fig9,fluxv_old,CL,0.6267150380505188,0.6034821892240576,0.1901213064441249,0.49501297900769975
9,razak2014_fig9,fluxv_old,CL,0.6432080980420282,0.5889458357556179,0.1544326643476052,0.4791746517475604
9,razak2014_fig9,fluxv_old,CL,0.6597012507927963,0.5735137240461234,0.11792178379019266,0.46298268405258475
9,razak2014_fig9,fluxv_old,CL,0.6761919918028385,0.5582058354134545,0.09670498930135742,0.44682658016883053
9,razak2014_fig9,fluxv_old,CL,0.6926851445536066,0.5439160971462862,0.11556027774809086,0.43102536595564755
9,razak2014_fig9,fluxv_old,CL,0.7091782973043748,0.53135280613051,0.16737045554623778,0.41583436398665313
9,razak2014_fig9,fluxv_old,CL,0.7256713572958842,0.5210162348932048,0.23070267582618015,0.40143376418705085
9,razak2014_fig9,fluxv_old,CL,0.742162191065185,0.513169195522077,0.2933791334692748,0.38793546873832907
9,razak2014_fig9,fluxv_old,CL,0.7586552510566945,0.507849574647133,0.34797559826157093,0.3754060192729609
9,razak2014_fig9,fluxv_old,CL,0.7751483110482039,0.5048968118289385,0.38910456324759185,0.36381735817453814
9,razak2014_fig9,fluxv_old,CL,0.7916415565582308,0.5039871101813012,0.41290511322890383,0.3531202994552462
9,razak2014_fig9,fluxv_old,CL,0.808132297568273,0.5046851255653686,0.41715404948930385,0.34324099634996386
9,razak2014_fig9,fluxv_old,CL,0.8246254503190411,0.5064887545016812,0.401405323860644,0.33408648307669814
9,razak2014_fig9,fluxv_old,CL,0.8411185103105505,0.5088989920455764,0.36712299403408233,0.32556498174983683
9,razak2014_fig9,fluxv_old,CL,0.85761157030206,0.5114617620069339,0.3177534757578286,0.3175895012344207
9,razak2014_fig9,fluxv_old,CL,0.8741024040713609,0.5137987614556485,0.2588938496135685,0.31008806424370067
9,razak2014_fig9,fluxv_old,CL,0.8905956495813877,0.5156497134688471,0.1989814258510874,0.3030047338049128
9,razak2014_fig9,fluxv_old,CL,0.9070886168136384,0.5168723671308908,0.15117906196920752,0.2963178995868547
9,razak2014_fig9,fluxv_old,CL,0.9235815840458892,0.5174478495480213,0.1327365828628093,0.29000968417009726
9,razak2014_fig9,fluxv_old,CL,0.9400726960929661,0.5174636239069832,0.14660646966510557,0.284093373504382
9,razak2014_fig9,fluxv_old,CL,0.9565656633252169,0.5170770112699243,0.17331964235475333,0.2785987509046596
9,razak2014_fig9,fluxv_old,CL,0.9730586305574676,0.5164980077905255,0.19610387292294393,0.2735719575251546
9,razak2014_fig9,fluxv_old,CL,0.9895519688267531,0.5159416799521344,0.20783098207124504,0.2690685443185721
9,razak2014_fig9,fluxv_old,CD,3.561954686997794e-10,0.05153259612646531,0.008700629370457715,0.04646873665878844
9,razak2014_fig9,fluxv_old,CD,0.016492595047516698,0.05118927847105721,0.008448277185063673,0.04589840638363016
9,razak2014_fig9,fluxv_old,CD,0.032983520072333745,0.05090145275699749,0.007843724877846056,0.04524697297422644
9,razak2014_fig9,fluxv_old,CD,0.0494770423561573,0.050701118398180436,0.00700851012880711,0.044518626912943164
9,razak2014_fig9,fluxv_old,CD,0.06597019360297993,0.05059871651791896,0.006098198163709914,0.043706135354051656
9,razak2014_fig9,fluxv_old,CD,0.08246315933130209,0.05058543976579265,0.005271828323088931,0.04279081938092485
9,razak2014_fig9,fluxv_old,CD,0.09895408435611913,0.05063325109664642,0.0046418680305432775,0.04174376512333026
9,razak2014_fig9,fluxv_old,CD,0.1154470500844413,0.050697137250442406,0.004216448592537875,0.0405268324664559
9,razak2014_fig9,fluxv_old,CD,0.1319402013312639,0.050717906823075684,0.003898557701456589,0.03909547488327265
9,razak2014_fig9,fluxv_old,CD,0.14843335257808654,0.050626021182122186,0.00358740847093167,0.037400892989637974
9,razak2014_fig9,fluxv_old,CD,0.16492409208440312,0.050343340913723875,0.0033145308398883,0.03538448362843643
9,razak2014_fig9,fluxv_old,CD,0.18141724333122575,0.04978917266019074,0.0033448401438938053,0.0330047092178112
9,razak2014_fig9,fluxv_old,CD,0.19791039457804838,0.04888280428483406,0.004026348788047335,0.030220247787212006
9,razak2014_fig9,fluxv_old,CD,0.21440336030637053,0.047546828754747514,0.00538192959284375,0.026998801435237092
9,razak2014_fig9,fluxv_old,CD,0.23089428533118758,0.04571172621650589,0.007162460360676461,0.02332097068603233
9,razak2014_fig9,fluxv_old,CD,0.2473874365780102,0.04331918787894615,0.009106706439735936,0.019181170853548483
9,razak2014_fig9,fluxv_old,CD,0.26388040230633236,0.04032420048203039,0.010997075571340767,0.01459270885674551
9,razak2014_fig9,fluxv_old,CD,0.28037355355315496,0.03669925279256897,0.01264932699861486,0.009587136641938651
9,razak2014_fig9,fluxv_old,CD,0.29686447857797205,0.032436626642069796,0.01391208321251957,0.004216375818284145
9,razak2014_fig9,fluxv_old,CD,0.3133574443062942,0.02754937343467402,0.014672426093485437,-0.0014558035403270824
9,razak2014_fig9,fluxv_old,CD,0.3298505955531168,0.022074187333966988,0.014862976593946317,-0.0073304202707102474
9,razak2014_fig9,fluxv_old,CD,0.34634374679993946,0.016072306654918933,0.014467190415990908,-0.013302095318440961
9,razak2014_fig9,fluxv_old,CD,0.36283448630625603,0.009627542069014713,0.01352256922015142,-0.01925196106930075
9,razak2014_fig9,fluxv_old,CD,0.37932763755307863,0.0028482671781228514,0.012121749807331918,-0.025054610502302076
9,razak2014_fig9,fluxv_old,CD,0.3958207887999013,-0.004136900655220294,0.01040957459500109,-0.030576999748606244
9,razak2014_fig9,fluxv_old,CD,0.41231375452822344,-0.011180658964707907,0.008582396794237973,-0.035686391843606446
9,razak2014_fig9,fluxv_old,CD,0.42880467955304047,-0.018121996614935278,0.0068893386026491555,-0.04025377569743811
9,razak2014_fig9,fluxv_old,CD,0.4452978307998631,-0.02478951768418107,0.005612366686679907,-0.044160584756544004
9,razak2014_fig9,fluxv_old,CD,0.4617907965281853,-0.031009215969895705,0.004956735502823518,-0.04727844285485014
9,razak2014_fig9,fluxv_old,CD,0.4782839477750079,-0.03661039037331212,0.004836136772759482,-0.04953532793865182
9,razak2014_fig9,fluxv_old,CD,0.49477468728132445,-0.04143137249406885,0.0049009994344912135,-0.05086406432817262
9,razak2014_fig9,fluxv_old,CD,0.5112678385281471,-0.045327357472694736,0.004834765905849691,-0.05122109402356852
9,razak2014_fig9,fluxv_old,CD,0.5277609897749698,-0.04817586867924931,0.004500987981813846,-0.05058747254933332
9,razak2014_fig9,fluxv_old,CD,0.5442541410217924,-0.04988410030183965,0.0039580307905429804,-0.048970621768414525
9,razak2014_fig9,fluxv_old,CD,0.5607448805281089,-0.050391621522442365,0.003494339753056029,-0.04640444792118033
9,razak2014_fig9,fluxv_old,CD,0.577237846256431,-0.04967465812862193,0.0035992955771494426,-0.042946765294064354
9,razak2014_fig9,fluxv_old,CD,0.5937311830217542,-0.04774787651841321,0.004478847542270791,-0.03867930397720955
9,razak2014_fig9,fluxv_old,CD,0.6102219225280707,-0.04466357620337466,0.005811067272604475,-0.033690226273830635
9,razak2014_fig9,fluxv_old,CD,0.6267148882563929,-0.040510318941678496,0.007218196429008766,-0.028116685582257935
9,razak2014_fig9,fluxv_old,CD,0.6432080395032156,-0.03540898514837022,0.008445948589216906,-0.022090827406683958
9,razak2014_fig9,fluxv_old,CD,0.6597011907500382,-0.029508567399645434,0.009335040285710496,-0.01575120256580348
9,razak2014_fig9,fluxv_old,CD,0.6761919302563547,-0.022977964010389818,0.00979826184822834,-0.009239718086841427
9,razak2014_fig9,fluxv_old,CD,0.6926850815031774,-0.01600070213552643,0.009812947025261988,-0.002693047855226341
9,razak2014_fig9,fluxv_old,CD,0.70917823275,-0.008765717281622412,0.009422043386985284,0.003756185111164583
9,razak2014_fig9,fluxv_old,CD,0.7256711984783222,-0.0014605177513388606,0.00873283535333841,0.009987247202800727
9,razak2014_fig9,fluxv_old,CD,0.7421621235031393,0.0057366837570514695,0.007912305781333109,0.01589331506196664
9,razak2014_fig9,fluxv_old,CD,0.7586552747499619,0.01266425640118464,0.00716550255847627,0.02137519808199253
9,razak2014_fig9,fluxv_old,CD,0.775148240478284,0.019181338911330004,0.006674750983770029,0.026370956597045983
9,razak2014_fig9,fluxv_old,CD,0.7916415772436071,0.025174111775977392,0.006498885660342794,0.030832268247031086
9,razak2014_fig9,fluxv_old,CD,0.8081323167499237,0.03055626671680632,0.006523617601715315,0.03472954926397073
9,razak2014_fig9,fluxv_old,CD,0.8246252824782458,0.0352723117924684,0.006534359189008469,0.038054077584436095
9,razak2014_fig9,fluxv_old,CD,0.8411184337250684,0.03929586250969985,0.006332597626285327,0.040812914383259846
9,razak2014_fig9,fluxv_old,CD,0.857611584971891,0.042628346072406786,0.005798936039402767,0.04302892888777236
9,razak2014_fig9,fluxv_old,CD,0.8741023244782077,0.045296578890824515,0.004907046272093304,0.04473752371303999
9,razak2014_fig9,fluxv_old,CD,0.8905954757250303,0.047348109389824186,0.0037478937943709817,0.04598467210121251
9,razak2014_fig9,fluxv_old,CD,0.9070886269718529,0.048847593662151065,0.00264348209804646,0.04681375367506832
9,razak2014_fig9,fluxv_old,CD,0.923581592700175,0.04987149979077325,0.0024401055414295923,0.04729165916402763
9,razak2014_fig9,fluxv_old,CD,0.9400725177249921,0.05050262438124227,0.0035209120363074477,0.047475307156505546
9,razak2014_fig9,fluxv_old,CD,0.9565656689718147,0.050826825015908364,0.005049560093715225,0.04741901169490446
9,razak2014_fig9,fluxv_old,CD,0.9730586347001369,0.05092665417333912,0.006504970055942412,0.04717223196802516
9,razak2014_fig9,fluxv_old,CD,0.9895517859469595,0.05087931231745445,0.007656441923170154,0.04677747947037731
9,razak2014_fig9,fluxv_v4b,CL,2.4340033400984433e-10,0.5518559517188066,0.14727631655102652,0.2665008142022676
9,razak2014_fig9,fluxv_v4b,CL,0.016492642818245664,0.5599567892582333,0.11640350174010275,0.26299830097660826
9,razak2014_fig9,fluxv_v4b,CL,0.03298343020791718,0.5638944636141159,0.11025488196471082,0.260189317407735
9,razak2014_fig9,fluxv_v4b,CL,0.04947704675497876,0.563301375885644,0.13248278469451039,0.2581372747073745
9,razak2014_fig9,fluxv_v4b,CL,0.06597010674648819,0.5580466833989273,0.16483726250793376,0.256905596205083
9,razak2014_fig9,fluxv_v4b,CL,0.08246325949725632,0.5482227788278864,0.19180057146112137,0.2565563195058961
9,razak2014_fig9,fluxv_v4b,CL,0.0989540005072985,0.5341113471539849,0.2052193397656034,0.2571520432689708
9,razak2014_fig9,fluxv_v4b,CL,0.11544715325806662,0.5161691405746665,0.2013132141276448,0.2587580289284293
9,razak2014_fig9,fluxv_v4b,CL,0.13194030600883475,0.4950012184301151,0.17972896158049,0.26144345134381897
9,razak2014_fig9,fluxv_v4b,CL,0.14843336600034418,0.4713388349322111,0.14455974658978957,0.2652827046492214
9,razak2014_fig9,fluxv_v4b,CL,0.16492419976964504,0.4460146508861614,0.11010446218460915,0.27038732792614956
9,razak2014_fig9,fluxv_v4b,CL,0.18141725976115447,0.41995231134618577,0.11133063690892109,0.2768131480636306
9,razak2014_fig9,fluxv_v4b,CL,0.1979104125119226,0.3941277139305656,0.16309335078769135,0.2846414796002843
9,razak2014_fig9,fluxv_v4b,CL,0.21440347250343203,0.3695574597374038,0.2371784727075423,0.2939471926077307
9,razak2014_fig9,fluxv_v4b,CL,0.23089421351347422,0.3472525161651738,0.31392777118207793,0.304788717914952
9,razak2014_fig9,fluxv_v4b,CL,0.24738736626424235,0.32819807643654547,0.3829798866956243,0.31720456326023927
9,razak2014_fig9,fluxv_v4b,CL,0.2638805190150105,0.3132939832248048,0.4374210022206432,0.3311928417204694
9,razak2014_fig9,fluxv_v4b,CL,0.2803735790065199,0.30332613762823585,0.47236839028844085,0.34670628570236195
9,razak2014_fig9,fluxv_v4b,CL,0.29686441277582076,0.29891523250349417,0.48479802178051273,0.36363837612637784
9,razak2014_fig9,fluxv_v4b,CL,0.3133575655265889,0.3004701336011743,0.4735765371739391,0.3818490689274855
9,razak2014_fig9,fluxv_v4b,CL,0.32985062551809835,0.3081632321299323,0.4394974430615036,0.40105531814392886
9,razak2014_fig9,fluxv_v4b,CL,0.34634368550960776,0.3218846709469972,0.3852243526279279,0.4209383915714347
9,razak2014_fig9,fluxv_v4b,CL,0.36283451927890864,0.34125417532739283,0.3152309867488202,0.4411086813228304
9,razak2014_fig9,fluxv_v4b,CL,0.37932757927041805,0.3656092221947163,0.23599412820297774,0.4611259336793152
9,razak2014_fig9,fluxv_v4b,CL,0.3958207320211862,0.3940209553225908,0.15770725225712193,0.4804980849744557
9,razak2014_fig9,fluxv_v4b,CL,0.4123138847719543,0.42536277562765173,0.10333120596282122,0.49871208982187826
9,razak2014_fig9,fluxv_v4b,CL,0.42880462578199646,0.4583347069204438,0.11249568599225539,0.5152534960919587
9,razak2014_fig9,fluxv_v4b,CL,0.4452977785327646,0.4915498731947298,0.16372122661137417,0.5296426648683004
9,razak2014_fig9,fluxv_v4b,CL,0.46179083852427405,0.5236139337922641,0.2170775732727759,0.5413748559021014
9,razak2014_fig9,fluxv_v4b,CL,0.4782839912750422,0.5532029693001665,0.2597511578546536,0.5501590288645788
9,razak2014_fig9,fluxv_v4b,CL,0.494774825044343,0.5791429167156961,0.2883603521545342,0.555754749188268
9,razak2014_fig9,fluxv_v4b,CL,0.5112678850358525,0.6004805540615794,0.30294938071450755,0.5580397035235347
9,razak2014_fig9,fluxv_v4b,CL,0.5277609450273619,0.6165405415947567,0.30538961770892853,0.5570132193039151
9,razak2014_fig9,fluxv_v4b,CL,0.54425409777813,0.6269555620993994,0.298486927238158,0.5527982245378618
9,razak2014_fig9,fluxv_v4b,CL,0.5607448387881722,0.6316944893850558,0.2851242142449873,0.5456321315938025
9,razak2014_fig9,fluxv_v4b,CL,0.5772379915389403,0.6310367549533378,0.26740763733582124,0.5358456501997181
9,razak2014_fig9,fluxv_v4b,CL,0.5937311442897084,0.625551080781821,0.24610844998990783,0.5238465885000015
9,razak2014_fig9,fluxv_v4b,CL,0.6102219780590094,0.616040269067677,0.22069342253733604,0.5100606424893094
9,razak2014_fig9,fluxv_v4b,CL,0.6267150380505188,0.6034821892240576,0.1901213064441249,0.49501297900769975
9,razak2014_fig9,fluxv_v4b,CL,0.6432080980420282,0.5889458357556179,0.1544326643476052,0.4791746517475604
9,razak2014_fig9,fluxv_v4b,CL,0.6597012507927963,0.5735137240461234,0.11792178379019266,0.46298268405258475
9,razak2014_fig9,fluxv_v4b,CL,0.6761919918028385,0.5582058354134545,0.09670498930135742,0.44682658016883053
9,razak2014_fig9,fluxv_v4b,CL,0.6926851445536066,0.5439160971462862,0.11556027774809086,0.43102536595564755
9,razak2014_fig9,fluxv_v4b,CL,0.7091782973043748,0.53135280613051,0.16737045554623778,0.41583436398665313
9,razak2014_fig9,fluxv_v4b,CL,0.7256713572958842,0.5210162348932048,0.23070267582618015,0.40143376418705085
9,razak2014_fig9,fluxv_v4b,CL,0.742162191065185,0.513169195522077,0.2933791334692748,0.3879354687383291
9,razak2014_fig9,fluxv_v4b,CL,0.7586552510566945,0.507849574647133,0.34797559826157093,0.3754060192729609
9,razak2014_fig9,fluxv_v4b,CL,0.7751483110482039,0.5048968118289385,0.38910456324759185,0.36381735817453814
9,razak2014_fig9,fluxv_v4b,CL,0.7916415565582308,0.5039871101813012,0.41290511322890383,0.3531202994552462
9,razak2014_fig9,fluxv_v4b,CL,0.808132297568273,0.5046851255653686,0.41715404948930385,0.34324099634996386
9,razak2014_fig9,fluxv_v4b,CL,0.8246254503190411,0.5064887545016812,0.401405323860644,0.33408648307669814
9,razak2014_fig9,fluxv_v4b,CL,0.8411185103105505,0.5088989920455764,0.36712299403408233,0.32556498174983683
9,razak2014_fig9,fluxv_v4b,CL,0.85761157030206,0.5114617620069339,0.3177534757578286,0.3175895012344207
9,razak2014_fig9,fluxv_v4b,CL,0.8741024040713609,0.5137987614556485,0.2588938496135685,0.31008806424370067
9,razak2014_fig9,fluxv_v4b,CL,0.8905956495813877,0.5156497134688471,0.1989814258510874,0.3030047338049128
9,razak2014_fig9,fluxv_v4b,CL,0.9070886168136384,0.5168723671308908,0.15117906196920752,0.2963178995868547
9,razak2014_fig9,fluxv_v4b,CL,0.9235815840458892,0.5174478495480213,0.1327365828628093,0.29000968417009726
9,razak2014_fig9,fluxv_v4b,CL,0.9400726960929661,0.5174636239069832,0.14660646966510557,0.284093373504382
9,razak2014_fig9,fluxv_v4b,CL,0.9565656633252169,0.5170770112699243,0.17331964235475333,0.2785987509046596
9,razak2014_fig9,fluxv_v4b,CL,0.9730586305574676,0.5164980077905255,0.19610387292294393,0.2735719575251546
9,razak2014_fig9,fluxv_v4b,CL,0.9895519688267531,0.5159416799521344,0.20783098207124504,0.2690685443185721
9,razak2014_fig9,fluxv_v4b,CD,3.561954686997794e-10,0.05153259612646531,0.008700629370457715,0.04646873665878844
9,razak2014_fig9,fluxv_v4b,CD,0.016492595047516698,0.05118927847105721,0.008448277185063673,0.04589840638363016
9,razak2014_fig9,fluxv_v4b,CD,0.032983520072333745,0.05090145275699749,0.007843724877846056,0.04524697297422644
9,razak2014_fig9,fluxv_v4b,CD,0.0494770423561573,0.050701118398180436,0.00700851012880711,0.044518626912943164
9,razak2014_fig9,fluxv_v4b,CD,0.06597019360297993,0.05059871651791896,0.006098198163709914,0.043706135354051656
9,razak2014_fig9,fluxv_v4b,CD,0.08246315933130209,0.05058543976579265,0.005271828323088931,0.04279081938092485
9,razak2014_fig9,fluxv_v4b,CD,0.09895408435611913,0.05063325109664642,0.0046418680305432775,0.04174376512333026
9,razak2014_fig9,fluxv_v4b,CD,0.1154470500844413,0.050697137250442406,0.004216448592537875,0.0405268324664559
9,razak2014_fig9,fluxv_v4b,CD,0.1319402013312639,0.050717906823075684,0.003898557701456589,0.03909547488327265
9,razak2014_fig9,fluxv_v4b,CD,0.14843335257808654,0.050626021182122186,0.00358740847093167,0.037400892989637974
9,razak2014_fig9,fluxv_v4b,CD,0.16492409208440312,0.050343340913723875,0.0033145308398883,0.03538448362843643
9,razak2014_fig9,fluxv_v4b,CD,0.18141724333122575,0.04978917266019074,0.0033448401438938053,0.0330047092178112
9,razak2014_fig9,fluxv_v4b,CD,0.19791039457804838,0.04888280428483406,0.004026348788047335,0.030220247787212006
9,razak2014_fig9,fluxv_v4b,CD,0.21440336030637053,0.047546828754747514,0.00538192959284375,0.026998801435237092
9,razak2014_fig9,fluxv_v4b,CD,0.23089428533118758,0.04571172621650589,0.007162460360676461,0.02332097068603233
9,razak2014_fig9,fluxv_v4b,CD,0.2473874365780102,0.04331918787894615,0.009106706439735936,0.019181170853548483
9,razak2014_fig9,fluxv_v4b,CD,0.26388040230633236,0.04032420048203039,0.010997075571340767,0.01459270885674551
9,razak2014_fig9,fluxv_v4b,CD,0.28037355355315496,0.03669925279256897,0.01264932699861486,0.009587136641938651
9,razak2014_fig9,fluxv_v4b,CD,0.29686447857797205,0.032436626642069796,0.01391208321251957,0.004216375818284145
9,razak2014_fig9,fluxv_v4b,CD,0.3133574443062942,0.02754937343467402,0.014672426093485437,-0.0014558035403270824
9,razak2014_fig9,fluxv_v4b,CD,0.3298505955531168,0.022074187333966988,0.014862976593946317,-0.0073304202707102474
9,razak2014_fig9,fluxv_v4b,CD,0.34634374679993946,0.016072306654918933,0.014467190415990908,-0.013302095318440961
9,razak2014_fig9,fluxv_v4b,CD,0.36283448630625603,0.009627542069014713,0.01352256922015142,-0.01925196106930075
9,razak2014_fig9,fluxv_v4b,CD,0.37932763755307863,0.0028482671781228514,0.012121749807331918,-0.025054610502302076
9,razak2014_fig9,fluxv_v4b,CD,0.3958207887999013,-0.004136900655220294,0.01040957459500109,-0.030576999748606244
9,razak2014_fig9,fluxv_v4b,CD,0.41231375452822344,-0.011180658964707907,0.008582396794237973,-0.035686391843606446
9,razak2014_fig9,fluxv_v4b,CD,0.42880467955304047,-0.018121996614935278,0.0068893386026491555,-0.04025377569743811
9,razak2014_fig9,fluxv_v4b,CD,0.4452978307998631,-0.02478951768418107,0.005612366686679907,-0.044160584756544004
9,razak2014_fig9,fluxv_v4b,CD,0.4617907965281853,-0.031009215969895705,0.004956735502823518,-0.04727844285485014
9,razak2014_fig9,fluxv_v4b,CD,0.4782839477750079,-0.03661039037331212,0.004836136772759482,-0.04953532793865182
9,razak2014_fig9,fluxv_v4b,CD,0.49477468728132445,-0.04143137249406885,0.0049009994344912135,-0.05086406432817262
9,razak2014_fig9,fluxv_v4b,CD,0.5112678385281471,-0.045327357472694736,0.004834765905849691,-0.05122109402356852
9,razak2014_fig9,fluxv_v4b,CD,0.5277609897749698,-0.04817586867924931,0.004500987981813846,-0.05058747254933332
9,razak2014_fig9,fluxv_v4b,CD,0.5442541410217924,-0.04988410030183965,0.0039580307905429804,-0.048970621768414525
9,razak2014_fig9,fluxv_v4b,CD,0.5607448805281089,-0.050391621522442365,0.003494339753056029,-0.04640444792118033
9,razak2014_fig9,fluxv_v4b,CD,0.577237846256431,-0.04967465812862193,0.0035992955771494426,-0.042946765294064354
9,razak2014_fig9,fluxv_v4b,CD,0.5937311830217542,-0.04774787651841321,0.004478847542270791,-0.03867930397720955
9,razak2014_fig9,fluxv_v4b,CD,0.6102219225280707,-0.04466357620337466,0.005811067272604475,-0.033690226273830635
9,razak2014_fig9,fluxv_v4b,CD,0.6267148882563929,-0.040510318941678496,0.007218196429008766,-0.028116685582257935
9,razak2014_fig9,fluxv_v4b,CD,0.6432080395032156,-0.03540898514837022,0.008445948589216906,-0.022090827406683958
9,razak2014_fig9,fluxv_v4b,CD,0.6597011907500382,-0.029508567399645434,0.009335040285710496,-0.01575120256580348
9,razak2014_fig9,fluxv_v4b,CD,0.6761919302563547,-0.022977964010389818,0.00979826184822834,-0.009239718086841427
9,razak2014_fig9,fluxv_v4b,CD,0.6926850815031774,-0.01600070213552643,0.009812947025261988,-0.002693047855226341
9,razak2014_fig9,fluxv_v4b,CD,0.70917823275,-0.008765717281622412,0.009422043386985284,0.003756185111164583
9,razak2014_fig9,fluxv_v4b,CD,0.7256711984783222,-0.0014605177513388606,0.00873283535333841,0.009987247202800727
9,razak2014_fig9,fluxv_v4b,CD,0.7421621235031393,0.0057366837570514695,0.007912305781333109,0.01589331506196664
9,razak2014_fig9,fluxv_v4b,CD,0.7586552747499619,0.01266425640118464,0.00716550255847627,0.02137519808199253
9,razak2014_fig9,fluxv_v4b,CD,0.775148240478284,0.019181338911330004,0.006674750983770029,0.026370956597045983
9,razak2014_fig9,fluxv_v4b,CD,0.7916415772436071,0.025174111775977392,0.006498885660342794,0.030832268247031086
9,razak2014_fig9,fluxv_v4b,CD,0.8081323167499237,0.03055626671680632,0.006523617601715315,0.03472954926397073
9,razak2014_fig9,fluxv_v4b,CD,0.8246252824782458,0.0352723117924684,0.006534359189008469,0.038054077584436095
9,razak2014_fig9,fluxv_v4b,CD,0.8411184337250684,0.03929586250969985,0.006332597626285327,0.040812914383259846
9,razak2014_fig9,fluxv_v4b,CD,0.857611584971891,0.042628346072406786,0.005798936039402767,0.04302892888777236
9,razak2014_fig9,fluxv_v4b,CD,0.8741023244782077,0.045296578890824515,0.004907046272093304,0.04473752371303999
9,razak2014_fig9,fluxv_v4b,CD,0.8905954757250303,0.047348109389824186,0.0037478937943709817,0.04598467210121251
9,razak2014_fig9,fluxv_v4b,CD,0.9070886269718529,0.048847593662151065,0.00264348209804646,0.04681375367506832
9,razak2014_fig9,fluxv_v4b,CD,0.923581592700175,0.04987149979077325,0.0024401055414295923,0.04729165916402763
9,razak2014_fig9,fluxv_v4b,CD,0.9400725177249921,0.05050262438124227,0.0035209120363074477,0.047475307156505546
9,razak2014_fig9,fluxv_v4b,CD,0.9565656689718147,0.050826825015908364,0.005049560093715225,0.04741901169490446
9,razak2014_fig9,fluxv_v4b,CD,0.9730586347001369,0.05092665417333912,0.006504970055942412,0.04717223196802516
9,razak2014_fig9,fluxv_v4b,CD,0.9895517859469595,0.05087931231745445,0.007656441923170154,0.04677747947037732
10,razak2014_fig10,fluxv_old,CL,2.4340033400984433e-10,-0.014209355108113386,0.28665053144978514,-0.32714722248026845
10,razak2014_fig10,fluxv_old,CL,0.016796800427492643,-0.05321095152651745,0.2898937368157408,-0.3267873337478065
10,razak2014_fig10,fluxv_old,CL,0.03359471372268924,-0.09432739713333305,0.29024527860181715,-0.3210453444120273
10,razak2014_fig10,fluxv_old,CL,0.0503915602864109,-0.13582443320145665,0.2884741544650559,-0.310246471428834
10,razak2014_fig10,fluxv_old,CL,0.06718673718347612,-0.1759019925504416,0.2861125499844947,-0.2948528619682909
10,razak2014_fig10,fluxv_old,CL,0.08398395478423254,-0.2127703598913785,0.2851652462773035,-0.27541797079500935
10,razak2014_fig10,fluxv_old,CL,0.10078117238498896,-0.24471333949158047,0.2876315316202451,-0.2525509963249875
10,razak2014_fig10,fluxv_old,CL,0.11757848274500406,-0.27018057714604715,0.294888947008578,-0.2268388264911389
10,razak2014_fig10,fluxv_old,CL,0.1343757003457605,-0.2878425942130848,0.3071929095212484,-0.19885000119294527
10,razak2014_fig10,fluxv_old,CL,0.1511730107057756,-0.2966564904361034,0.3235374899428703,-0.16913344470650354
10,razak2014_fig10,fluxv_old,CL,0.167970228306532,-0.295911471140071,0.3419939618696074,-0.13807665437348207
10,razak2014_fig10,fluxv_old,CL,0.18476521968507983,-0.28525303685561465,0.3601775875122594,-0.10595898283204984
10,razak2014_fig10,fluxv_old,CL,0.20156243728583625,-0.2647240739905311,0.37570088266142243,-0.07293759229642673
10,razak2014_fig10,fluxv_old,CL,0.21835974764585137,-0.23473527799682292,0.3864613570196016,-0.039086887051674145
10,razak2014_fig10,fluxv_old,CL,0.23515696524660779,-0.1960767728407914,0.39078749699819376,-0.004387997588940227
10,razak2014_fig10,fluxv_old,CL,0.2519542756066229,-0.1498830413296659,0.3875786218847846,0.031191223434671504
10,razak2014_fig10,fluxv_old,CL,0.2687514932073793,-0.09757588407660367,0.37634058730579684,0.06767990390050445
10,razak2014_fig10,fluxv_old,CL,0.2855487108081357,-0.040834103246902176,0.3573041981898894,0.10507728829970736
10,razak2014_fig10,fluxv_old,CL,0.30234592840889213,0.018508009357991684,0.33154277667898574,0.1433078627398922
10,razak2014_fig10,fluxv_old,CL,0.31914091978743997,0.07849046039653773,0.301205185319405,0.1821873935763629
10,razak2014_fig10,fluxv_old,CL,0.3359381373881964,0.13714501726658457,0.26989166410358656,0.22142188588912293
10,razak2014_fig10,fluxv_old,CL,0.35273544774821153,0.1925565800337683,0.24308068754867626,0.2605446167973213
10,razak2014_fig10,fluxv_old,CL,0.3695327581082266,0.24292497588609607,0.22785675220171886,0.29895786060079893
10,razak2014_fig10,fluxv_old,CL,0.38632997570898303,0.28666794989158584,0.2303258895964104,0.3359575001421197
10,razak2014_fig10,fluxv_old,CL,0.40312719330973945,0.322457924776377,0.2513327295769414,0.370752979876935
10,razak2014_fig10,fluxv_old,CL,0.41992441091049587,0.3492845348001392,0.28594734224608626,0.40250820653904884
10,razak2014_fig10,fluxv_old,CL,0.4367194022890437,0.366494871375211,0.327365471549126,0.43038801083105493
10,razak2014_fig10,fluxv_old,CL,0.45351661988980013,0.37380499690514624,0.3697258342451346,0.45356850076286753
10,razak2014_fig10,fluxv_old,CL,0.47031383749055655,0.37132550761891747,0.4086670094190568,0.47130467160590606
10,razak2014_fig10,fluxv_old,CL,0.48711124060983035,0.35953364684269484,0.44104075446505786,0.4832097870762563
10,razak2014_fig10,fluxv_old,CL,0.5039084582105867,0.3392719317897426,0.46462437038595705,0.4889901848130314
10,razak2014_fig10,fluxv_old,CL,0.5207056758113432,0.3116867816320217,0.4779458815841061,0.48856685108945747
10,razak2014_fig10,fluxv_old,CL,0.5375028934120996,0.2781978843517636,0.4802050234647593,0.4820762476676116
10,razak2014_fig10,fluxv_old,CL,0.5542978847906475,0.24041907871329338,0.4712365882895081,0.46985646732387804
10,razak2014_fig10,fluxv_old,CL,0.5710951023914038,0.20010289770122358,0.4515022915472166,0.45230876642465334
10,razak2014_fig10,fluxv_old,CL,0.5878923199921603,0.15904412691868608,0.42214601725273465,0.4301505188086774
10,razak2014_fig10,fluxv_old,CL,0.6046897231114341,0.11902973523438665,0.3850440985629352,0.40414475310004316
10,razak2014_fig10,fluxv_old,CL,0.6214869407121905,0.08173873607671567,0.34298299003758587,0.3750150473715973
10,razak2014_fig10,fluxv_old,CL,0.6382841583129469,0.048685674556478764,0.29995894433619336,0.3434513232921154
10,razak2014_fig10,fluxv_old,CL,0.655081468672962,0.021147741699952816,0.2615739192535247,0.3100706586540903
10,razak2014_fig10,fluxv_old,CL,0.6718786862737185,0.00011724025305126506,0.23504888729444026,0.27538848471902033
10,razak2014_fig10,fluxv_old,CL,0.6886736776522663,-0.01374753398770312,0.2270722267073713,0.23978732465431557
10,razak2014_fig10,fluxv_old,CL,0.7054708952530226,-0.020136658065474933,0.23916587681136445,0.2035685381321966
10,razak2014_fig10,fluxv_old,CL,0.7222681128537791,-0.019116046065153713,0.2660738231257754,0.1669027051050241
10,razak2014_fig10,fluxv_old,CL,0.7390654232137942,-0.011102731331519733,0.30000088006007325,0.1298748353678534
10,razak2014_fig10,fluxv_old,CL,0.7558626408145507,0.003147809316311201,0.3344553553050319,0.09252161101363411
10,razak2014_fig10,fluxv_old,CL,0.7726599511745658,0.022559296053119127,0.3650132940701882,0.05486710092756604
10,razak2014_fig10,fluxv_old,CL,0.7894571687753222,0.045815031654312555,0.3889038752646263,0.016959130036118673
10,razak2014_fig10,fluxv_old,CL,0.8062520673946114,0.07139540069486316,0.4045449495879104,-0.02108293915545882
10,razak2014_fig10,fluxv_old,CL,0.8230492849953678,0.09766321983871451,0.4112751579286752,-0.05906101491545174
10,razak2014_fig10,fluxv_old,CL,0.8398466881146416,0.12292606045109644,0.4091866109952916,-0.09666081228925379
10,razak2014_fig10,fluxv_old,CL,0.8566439057153981,0.14552043694092454,0.39905041907572747,-0.13345956373944695
10,razak2014_fig10,fluxv_old,CL,0.8734411233161544,0.16388786147413337,0.3822522567943064,-0.16892923399990195
10,razak2014_fig10,fluxv_old,CL,0.8902383409169109,0.17664519458351036,0.3607572934383372,-0.20245270615606414
10,razak2014_fig10,fluxv_old,CL,0.9070355585176673,0.18265922104038168,0.33702674403653893,-0.23328129379007645
10,razak2014_fig10,fluxv_old,CL,0.9238329616369411,0.1810901700516866,0.3138680838263925,-0.2607209822427278
10,razak2014_fig10,fluxv_old,CL,0.9406277674969715,0.17143681993024584,0.29413389271564727,-0.2841305321922925
10,razak2014_fig10,fluxv_old,CL,0.9574251706162453,0.1535731522413274,0.2801695079267349,-0.30292719177260297
10,razak2014_fig10,fluxv_old,CL,0.9742223882170018,0.12774623917171957,0.27311374316028286,-0.316636220493434
10,razak2014_fig10,fluxv_old,CL,0.9910196058177582,0.0945906094200284,0.2724786863039455,-0.32494124126532925
10,razak2014_fig10,fluxv_old,CD,3.561954686997794e-10,0.010956503084606689,0.011633028488475219,-0.06853946851114377
10,razak2014_fig10,fluxv_old,CD,0.01679684538827898,0.011854669343828214,0.011527521352666116,-0.06909041658587377
10,razak2014_fig10,fluxv_old,CD,0.03359480353136528,0.013138336757576669,0.011222617067963776,-0.06797761010700497
10,razak2014_fig10,fluxv_old,CD,0.05039146304494833,0.014763633023623365,0.010725890589921539,-0.0652589345682861
10,razak2014_fig10,fluxv_old,CD,0.06718663841052766,0.016659951669055734,0.01006139774268277,-0.061066236949458765
10,razak2014_fig10,fluxv_old,CD,0.08398403999811256,0.01873484865929005,0.009269773808424059,-0.05559801864098007
10,razak2014_fig10,fluxv_old,CD,0.100781256067197,0.02087626887633065,0.008413236941598169,-0.04911359764868219
10,razak2014_fig10,fluxv_old,CD,0.11757847213628145,0.022958502564297212,0.007574676216584326,-0.04191553565673378
10,razak2014_fig10,fluxv_old,CD,0.13437568820536588,0.024846457538630545,0.00685814457490428,-0.034355479582443525
10,razak2014_fig10,fluxv_old,CD,0.15117290427445032,0.026403398457384625,0.006374267587627145,-0.026808996781512582
10,razak2014_fig10,fluxv_old,CD,0.16797030586203524,0.027494413883312835,0.006201612825204757,-0.019637982806884297
10,razak2014_fig10,fluxv_old,CD,0.18476511019061365,0.027995429002134725,0.006341001866330536,-0.013190829506413782
10,razak2014_fig10,fluxv_old,CD,0.20156251177819853,0.027796853431934915,0.006709775678659411,-0.007783005856853841
10,razak2014_fig10,fluxv_old,CD,0.21835972784728297,0.02680930762665612,0.00718753190467056,-0.003689382013058749
10,razak2014_fig10,fluxv_old,CD,0.23515694391636743,0.024968905627097984,0.00766222364215525,-0.0011647024373324401
10,razak2014_fig10,fluxv_old,CD,0.25195415998545184,0.02223933365501128,0.008051397253441764,-0.0003476854184847787
10,razak2014_fig10,fluxv_old,CD,0.2687513760545363,0.018615867632908845,0.008305486895956025,-0.001295883597015972
10,razak2014_fig10,fluxv_old,CD,0.28554859212362077,0.01412547177350873,0.008404462481152434,-0.00400769065078388
10,razak2014_fig10,fluxv_old,CD,0.30234599371120563,0.008827726963657842,0.008359366026670563,-0.008405323414426819
10,razak2014_fig10,fluxv_old,CD,0.3191409835582845,0.0028124399703339936,0.008210183767519209,-0.014336569627696498
10,razak2014_fig10,fluxv_old,CD,0.335938199627369,-0.0038008002118484624,0.008028754544651087,-0.02158426523917768
10,razak2014_fig10,fluxv_old,CD,0.3527354156964534,-0.0108691539112514,0.007914259337935959,-0.02989357387226321
10,razak2014_fig10,fluxv_old,CD,0.36953263176553786,-0.018228313604977578,0.00797589417151639,-0.0388930510084878
10,razak2014_fig10,fluxv_old,CD,0.38632984783462226,-0.025698904016892413,0.0083024306232165,-0.04822019263187055
10,razak2014_fig10,fluxv_old,CD,0.4031272494222072,-0.03309357234174824,0.008924464283579282,-0.05749415915799495
10,razak2014_fig10,fluxv_old,CD,0.41992446549129164,-0.04022150692799805,0.00980711913706902,-0.06633128611741025
10,razak2014_fig10,fluxv_old,CD,0.4367194553383705,-0.04689660377000817,0.010870373418946528,-0.07436096973234706
10,razak2014_fig10,fluxv_old,CD,0.45351667140745494,-0.05294209199610216,0.0120175108854223,-0.08122965186520946
10,razak2014_fig10,fluxv_old,CD,0.47031388747653935,-0.05819902077646391,0.013155668496778985,-0.08661542617634212
10,razak2014_fig10,fluxv_old,CD,0.4871111035456238,-0.06252981675888009,0.014203222409825219,-0.09031193897700117
10,razak2014_fig10,fluxv_old,CD,0.5039083196147083,-0.06582282739891479,0.015092162340319628,-0.09215689310792939
10,razak2014_fig10,fluxv_old,CD,0.5207057212022932,-0.0679983513475193,0.015769323931010947,-0.09206501781463806
10,razak2014_fig10,fluxv_old,CD,0.5375029372713777,-0.06900836733006313,0.016195657546600885,-0.09003226913854129
10,razak2014_fig10,fluxv_old,CD,0.554297741599956,-0.0688400012084204,0.01634647474735215,-0.08613706476833456
10,razak2014_fig10,fluxv_old,CD,0.571095143187541,-0.06751471261806326,0.016210569199886473,-0.08050247102529029
10,razak2014_fig10,fluxv_old,CD,0.5878923592566253,-0.06508740766307301,0.01579061103495748,-0.0733887328300629
10,razak2014_fig10,fluxv_old,CD,0.6046895753257098,-0.06164431102732418,0.01510220203195323,-0.06510969215544465
10,razak2014_fig10,fluxv_old,CD,0.6214869769132947,-0.057299424970315836,0.014174853297541397,-0.056008565898737955
10,razak2014_fig10,fluxv_old,CD,0.6382841929823792,-0.052189846328619116,0.013048945424503619,-0.046461490907280946
10,razak2014_fig10,fluxv_old,CD,0.6550814090514636,-0.04647169970134478,0.011777314138613786,-0.03686037514351264
10,razak2014_fig10,fluxv_old,CD,0.671878625120548,-0.040312940420788854,0.010425069551325501,-0.027596121605142708
10,razak2014_fig10,fluxv_old,CD,0.6886736149676269,-0.033888071801433925,0.009070376659530822,-0.019076320453218575
10,razak2014_fig10,fluxv_old,CD,0.7054708310367114,-0.027371761473501247,0.007806714686967172,-0.01162141414299456
10,razak2014_fig10,fluxv_old,CD,0.7222680471057957,-0.02093299174265363,0.0067430413999560205,-0.005517748600981748
10,razak2014_fig10,fluxv_old,CD,0.7390652631748802,-0.01472852803938271,0.005990803948259905,-0.0009893154425818403
10,razak2014_fig10,fluxv_old,CD,0.7558624792439647,-0.008898548120359923,0.0056248810139972,0.0018097177416219194
10,razak2014_fig10,fluxv_old,CD,0.7726598808315496,-0.0035620247961795776,0.005630393807030054,0.002800401021845817
10,razak2014_fig10,fluxv_old,CD,0.789457096900634,0.0011877598883073548,0.005900997181282074,0.0019625404591446668
10,razak2014_fig10,fluxv_old,CD,0.8062519012292124,0.005283863701160935,0.006304466261834112,-0.0006397415309899344
10,razak2014_fig10,fluxv_old,CD,0.8230491172982969,0.008688551532992347,0.006739377158983364,-0.004813090508237678
10,razak2014_fig10,fluxv_old,CD,0.8398467044043822,0.0113932296706684,0.007149780363707873,-0.010337184344114117
10,razak2014_fig10,fluxv_old,CD,0.8566439204734666,0.013415882471788099,0.007519367538943235,-0.01693631469109085
10,razak2014_fig10,fluxv_old,CD,0.8734411365425511,0.014801803569719704,0.007858745265621513,-0.0242918892047519
10,razak2014_fig10,fluxv_old,CD,0.8902383526116355,0.015618115943715705,0.008194269788227647,-0.0320557227999535
10,razak2014_fig10,fluxv_old,CD,0.90703556868072,0.01595036236733509,0.008556306655270473,-0.039858230090123556
10,razak2014_fig10,fluxv_old,CD,0.9238327847498045,0.01589893975691388,0.008968139406921533,-0.04732343084067161
10,razak2014_fig10,fluxv_old,CD,0.9406277745968833,0.01557241152100071,0.009437934535393435,-0.05410757048918595
10,razak2014_fig10,fluxv_old,CD,0.9574249906659678,0.015083621493136912,0.009954871849293823,-0.05990280991756523
10,razak2014_fig10,fluxv_old,CD,0.9742222067350521,0.014542825533979578,0.010490376841665523,-0.06444495615212015
10,razak2014_fig10,fluxv_old,CD,0.9910194228041366,0.014054240900789147,0.011004660456386163,-0.06752864110126747
10,razak2014_fig10,fluxv_v4b,CL,2.4340033400984433e-10,-0.014209355108113386,0.28665053144978514,-0.3150532115804555
10,razak2014_fig10,fluxv_v4b,CL,0.016796800427492643,-0.05321095152651745,0.2898937368157408,-0.3267452609540179
10,razak2014_fig10,fluxv_v4b,CL,0.03359471372268924,-0.09432739713333305,0.29024527860181715,-0.32217544364705025
10,razak2014_fig10,fluxv_v4b,CL,0.0503915602864109,-0.13582443320145665,0.2884741544650559,-0.3117795522849936
10,razak2014_fig10,fluxv_v4b,CL,0.06718673718347612,-0.1759019925504416,0.2861125499844947,-0.30111193965999955
10,razak2014_fig10,fluxv_v4b,CL,0.08398395478423254,-0.2127703598913785,0.2851652462773035,-0.2745647331349315
10,razak2014_fig10,fluxv_v4b,CL,0.10078117238498896,-0.24471333949158047,0.2876315316202451,-0.2654685409130062
10,razak2014_fig10,fluxv_v4b,CL,0.11757848274500406,-0.27018057714604715,0.294888947008578,-0.23004603726202186
10,razak2014_fig10,fluxv_v4b,CL,0.1343757003457605,-0.2878425942130848,0.3071929095212484,-0.20196907228597064
10,razak2014_fig10,fluxv_v4b,CL,0.1511730107057756,-0.2966564904361034,0.3235374899428703,-0.17365040270448837
10,razak2014_fig10,fluxv_v4b,CL,0.167970228306532,-0.295911471140071,0.3419939618696074,-0.13998832729429123
10,razak2014_fig10,fluxv_v4b,CL,0.18476521968507983,-0.28525303685561465,0.3601775875122594,-0.10736137768678591
10,razak2014_fig10,fluxv_v4b,CL,0.20156243728583625,-0.2647240739905311,0.37570088266142243,-0.07345409927076309
10,razak2014_fig10,fluxv_v4b,CL,0.21835974764585137,-0.23473527799682292,0.3864613570196016,-0.03987669949953035
10,razak2014_fig10,fluxv_v4b,CL,0.23515696524660779,-0.1960767728407914,0.39078749699819376,-0.005398431341846399
10,razak2014_fig10,fluxv_v4b,CL,0.2519542756066229,-0.1498830413296659,0.3875786218847846,0.029928285275820334
10,razak2014_fig10,fluxv_v4b,CL,0.2687514932073793,-0.09757588407660367,0.37634058730579684,0.06623165597127528
10,razak2014_fig10,fluxv_v4b,CL,0.2855487108081357,-0.040834103246902176,0.3573041981898894,0.10349273769265814
10,razak2014_fig10,fluxv_v4b,CL,0.30234592840889213,0.018508009357991684,0.33154277667898574,0.14161599475753262
10,razak2014_fig10,fluxv_v4b,CL,0.31914091978743997,0.07849046039653773,0.301205185319405,0.18040717629837671
10,razak2014_fig10,fluxv_v4b,CL,0.3359381373881964,0.13714501726658457,0.26989166410358656,0.21956254030043643
10,razak2014_fig10,fluxv_v4b,CL,0.35273544774821153,0.1925565800337683,0.24308068754867626,0.258606460214977
10,razak2014_fig10,fluxv_v4b,CL,0.3695327581082266,0.24292497588609607,0.22785675220171886,0.29692470417138395
10,razak2014_fig10,fluxv_v4b,CL,0.38632997570898303,0.28666794989158584,0.2303258895964104,0.3337140901385883
10,razak2014_fig10,fluxv_v4b,CL,0.40312719330973945,0.322457924776377,0.2513327295769414,0.36783721518121415
10,razak2014_fig10,fluxv_v4b,CL,0.41992441091049587,0.3492845348001392,0.28594734224608626,0.3990077863434206
10,razak2014_fig10,fluxv_v4b,CL,0.4367194022890437,0.366494871375211,0.327365471549126,0.42611721413950737
10,razak2014_fig10,fluxv_v4b,CL,0.45351661988980013,0.37380499690514624,0.3697258342451346,0.44810356426905845
10,razak2014_fig10,fluxv_v4b,CL,0.47031383749055655,0.37132550761891747,0.4086670094190568,0.4643983313103942
10,razak2014_fig10,fluxv_v4b,CL,0.48711124060983035,0.35953364684269484,0.44104075446505786,0.47519469628503447
10,razak2014_fig10,fluxv_v4b,CL,0.5039084582105867,0.3392719317897426,0.46462437038595705,0.47902613994507853
10,razak2014_fig10,fluxv_v4b,CL,0.5207056758113432,0.3116867816320217,0.4779458815841061,0.47632370695046705
10,razak2014_fig10,fluxv_v4b,CL,0.5375028934120996,0.2781978843517636,0.4802050234647593,0.4684885480788158
10,razak2014_fig10,fluxv_v4b,CL,0.5542978847906475,0.24041907871329338,0.4712365882895081,0.45390154708480085
10,razak2014_fig10,fluxv_v4b,CL,0.5710951023914038,0.20010289770122358,0.4515022915472166,0.4344866076612694
10,razak2014_fig10,fluxv_v4b,CL,0.5878923199921603,0.15904412691868608,0.42214601725273465,0.4102802635281461
10,razak2014_fig10,fluxv_v4b,CL,0.6046897231114341,0.11902973523438665,0.3850440985629352,0.3822082037502276
10,razak2014_fig10,fluxv_v4b,CL,0.6214869407121905,0.08173873607671567,0.34298299003758587,0.3510578404687811
10,razak2014_fig10,fluxv_v4b,CL,0.6382841583129469,0.048685674556478764,0.29995894433619336,0.31797632363455564
10,razak2014_fig10,fluxv_v4b,CL,0.655081468672962,0.021147741699952816,0.2615739192535247,0.28344078367906295
10,razak2014_fig10,fluxv_v4b,CL,0.6718786862737185,0.00011724025305126506,0.23504888729444026,0.24805908711460758
10,razak2014_fig10,fluxv_v4b,CL,0.6886736776522663,-0.01374753398770312,0.2270722267073713,0.21179333067183073
10,razak2014_fig10,fluxv_v4b,CL,0.7054708952530226,-0.020136658065474933,0.23916587681136445,0.17532161700827814
10,razak2014_fig10,fluxv_v4b,CL,0.7222681128537791,-0.019116046065153713,0.2660738231257754,0.13876782014935035
10,razak2014_fig10,fluxv_v4b,CL,0.7390654232137942,-0.011102731331519733,0.30000088006007325,0.10176592684035402
10,razak2014_fig10,fluxv_v4b,CL,0.7558626408145507,0.003147809316311201,0.3344553553050319,0.06446301662889906
10,razak2014_fig10,fluxv_v4b,CL,0.7726599511745658,0.022559296053119127,0.3650132940701882,0.026888945426070544
10,razak2014_fig10,fluxv_v4b,CL,0.7894571687753222,0.045815031654312555,0.3889038752646263,-0.010903976388792484
10,razak2014_fig10,fluxv_v4b,CL,0.8062520673946114,0.07139540069486316,0.4045449495879104,-0.04875904056216528
10,razak2014_fig10,fluxv_v4b,CL,0.8230492849953678,0.09766321983871451,0.4112751579286752,-0.08680062616247519
10,razak2014_fig10,fluxv_v4b,CL,0.8398466881146416,0.12292606045109644,0.4091866109952916,-0.13374985103178466
10,razak2014_fig10,fluxv_v4b,CL,0.8566439057153981,0.14552043694092454,0.39905041907572747,-0.2068197403849676
10,razak2014_fig10,fluxv_v4b,CL,0.8734411233161544,0.16388786147413337,0.3822522567943064,-0.22233316799289257
10,razak2014_fig10,fluxv_v4b,CL,0.8902383409169109,0.17664519458351036,0.3607572934383372,-0.257165125090892
10,razak2014_fig10,fluxv_v4b,CL,0.9070355585176673,0.18265922104038168,0.33702674403653893,-0.29717776027386467
10,razak2014_fig10,fluxv_v4b,CL,0.9238329616369411,0.1810901700516866,0.3138680838263925,-0.31701529292300046
10,razak2014_fig10,fluxv_v4b,CL,0.9406277674969715,0.17143681993024584,0.29413389271564727,-0.29408117587540106
10,razak2014_fig10,fluxv_v4b,CL,0.9574251706162453,0.1535731522413274,0.2801695079267349,-0.33254188521638145
10,razak2014_fig10,fluxv_v4b,CL,0.9742223882170018,0.12774623917171957,0.27311374316028286,-0.3252895076473261
10,razak2014_fig10,fluxv_v4b,CL,0.9910196058177582,0.0945906094200284,0.2724786863039455,-0.3396752024165807
10,razak2014_fig10,fluxv_v4b,CD,3.561954686997794e-10,0.010956503084606689,0.011633028488475219,-0.05507973467470832
10,razak2014_fig10,fluxv_v4b,CD,0.01679684538827898,0.011854669343828214,0.011527521352666116,-0.05621678058710787
10,razak2014_fig10,fluxv_v4b,CD,0.03359480353136528,0.013138336757576669,0.011222617067963776,-0.05628079586082887
10,razak2014_fig10,fluxv_v4b,CD,0.05039146304494833,0.014763633023623365,0.010725890589921539,-0.055433415575241264
10,razak2014_fig10,fluxv_v4b,CD,0.06718663841052766,0.016659951669055734,0.01006139774268277,-0.05357081388962406
10,razak2014_fig10,fluxv_v4b,CD,0.08398403999811256,0.01873484865929005,0.009269773808424059,-0.050062270763595214
10,razak2014_fig10,fluxv_v4b,CD,0.100781256067197,0.02087626887633065,0.008413236941598169,-0.045222515592516124
10,razak2014_fig10,fluxv_v4b,CD,0.11757847213628145,0.022958502564297212,0.007574676216584326,-0.038822754979724136
10,razak2014_fig10,fluxv_v4b,CD,0.13437568820536588,0.024846457538630545,0.00685814457490428,-0.03205988647922013
10,razak2014_fig10,fluxv_v4b,CD,0.15117290427445032,0.026403398457384625,0.006374267587627145,-0.025212162020233093
10,razak2014_fig10,fluxv_v4b,CD,0.16797030586203524,0.027494413883312835,0.006201612825204757,-0.01867216143278441
10,razak2014_fig10,fluxv_v4b,CD,0.18476511019061365,0.027995429002134725,0.006341001866330536,-0.012697422472557902
10,razak2014_fig10,fluxv_v4b,CD,0.20156251177819853,0.027796853431934915,0.006709775678659411,-0.007563614707796607
10,razak2014_fig10,fluxv_v4b,CD,0.21835972784728297,0.02680930762665612,0.00718753190467056,-0.0036324028327762454
10,razak2014_fig10,fluxv_v4b,CD,0.23515694391636743,0.024968905627097984,0.00766222364215525,-0.0011790424486439258
10,razak2014_fig10,fluxv_v4b,CD,0.25195415998545184,0.02223933365501128,0.008051397253441764,-0.0003729064740203322
10,razak2014_fig10,fluxv_v4b,CD,0.2687513760545363,0.018615867632908845,0.008305486895956025,-0.0012993099617299461
10,razak2014_fig10,fluxv_v4b,CD,0.28554859212362077,0.01412547177350873,0.008404462481152434,-0.003969238138557407
10,razak2014_fig10,fluxv_v4b,CD,0.30234599371120563,0.008827726963657842,0.008359366026670563,-0.008312648316621278
10,razak2014_fig10,fluxv_v4b,CD,0.3191409835582845,0.0028124399703339936,0.008210183767519209,-0.014183007760579415
10,razak2014_fig10,fluxv_v4b,CD,0.335938199627369,-0.0038008002118484624,0.008028754544651087,-0.021366500402909883
10,razak2014_fig10,fluxv_v4b,CD,0.3527354156964534,-0.0108691539112514,0.007914259337935959,-0.029609969253511018
10,razak2014_fig10,fluxv_v4b,CD,0.36953263176553786,-0.018228313604977578,0.00797589417151639,-0.038541037204759904
10,razak2014_fig10,fluxv_v4b,CD,0.38632984783462226,-0.025698904016892413,0.0083024306232165,-0.04778034853844794
10,razak2014_fig10,fluxv_v4b,CD,0.4031272494222072,-0.03309357234174824,0.008924464283579282,-0.05688093491655961
10,razak2014_fig10,fluxv_v4b,CD,0.41992446549129164,-0.04022150692799805,0.00980711913706902,-0.06553997446178582
10,razak2014_fig10,fluxv_v4b,CD,0.4367194553383705,-0.04689660377000817,0.010870373418946528,-0.07334097595081938
10,razak2014_fig10,fluxv_v4b,CD,0.45351667140745494,-0.05294209199610216,0.0120175108854223,-0.07988487466404634
10,razak2014_fig10,fluxv_v4b,CD,0.47031388747653935,-0.05819902077646391,0.013155668496778985,-0.08487828389846182
10,razak2014_fig10,fluxv_v4b,CD,0.4871111035456238,-0.06252981675888009,0.014203222409825219,-0.08822495941320228
10,razak2014_fig10,fluxv_v4b,CD,0.5039083196147083,-0.06582282739891479,0.015092162340319628,-0.08955561720719205
10,razak2014_fig10,fluxv_v4b,CD,0.5207057212022932,-0.0679983513475193,0.015769323931010947,-0.08888290403024687
10,razak2014_fig10,fluxv_v4b,CD,0.5375029372713777,-0.06900836733006313,0.016195657546600885,-0.08645622780866954
10,razak2014_fig10,fluxv_v4b,CD,0.554297741599956,-0.0688400012084204,0.01634647474735215,-0.08203485176992029
10,razak2014_fig10,fluxv_v4b,CD,0.571095143187541,-0.06751471261806326,0.016210569199886473,-0.0760077303473731
10,razak2014_fig10,fluxv_v4b,CD,0.5878923592566253,-0.06508740766307301,0.01579061103495748,-0.0685642547419181
10,razak2014_fig10,fluxv_v4b,CD,0.6046895753257098,-0.06164431102732418,0.01510220203195323,-0.060052570930757034
10,razak2014_fig10,fluxv_v4b,CD,0.6214869769132947,-0.057299424970315836,0.014174853297541397,-0.050852978358151724
10,razak2014_fig10,fluxv_v4b,CD,0.6382841929823792,-0.052189846328619116,0.013048945424503619,-0.04142927861901834
10,razak2014_fig10,fluxv_v4b,CD,0.6550814090514636,-0.04647169970134478,0.011777314138613786,-0.03215887677072789
10,razak2014_fig10,fluxv_v4b,CD,0.671878625120548,-0.040312940420788854,0.010425069551325501,-0.023436315494641976
10,razak2014_fig10,fluxv_v4b,CD,0.6886736149676269,-0.033888071801433925,0.009070376659530822,-0.015600070633540799
10,razak2014_fig10,fluxv_v4b,CD,0.7054708310367114,-0.027371761473501247,0.007806714686967172,-0.008987878087979757
10,razak2014_fig10,fluxv_v4b,CD,0.7222680471057957,-0.02093299174265363,0.0067430413999560205,-0.003835489255958366
10,razak2014_fig10,fluxv_v4b,CD,0.7390652631748802,-0.01472852803938271,0.005990803948259905,-0.00028938083050496124
10,razak2014_fig10,fluxv_v4b,CD,0.7558624792439647,-0.008898548120359923,0.0056248810139972,0.0015034650990622845
10,razak2014_fig10,fluxv_v4b,CD,0.7726598808315496,-0.0035620247961795776,0.005630393807030054,0.0014875974279459875
10,razak2014_fig10,fluxv_v4b,CD,0.789457096900634,0.0011877598883073548,0.005900997181282074,-0.0003327212495594041
10,razak2014_fig10,fluxv_v4b,CD,0.8062519012292124,0.005283863701160935,0.006304466261834112,-0.003865871875215021
10,razak2014_fig10,fluxv_v4b,CD,0.8230491172982969,0.008688551532992347,0.006739377158983364,-0.00859045751617028
10,razak2014_fig10,fluxv_v4b,CD,0.8398467044043822,0.0113932296706684,0.007149780363707873,-0.013561500646621174
10,razak2014_fig10,fluxv_v4b,CD,0.8566439204734666,0.013415882471788099,0.007519367538943235,-0.019475003486980967
10,razak2014_fig10,fluxv_v4b,CD,0.8734411365425511,0.014801803569719704,0.007858745265621513,-0.026201280604613117
10,razak2014_fig10,fluxv_v4b,CD,0.8902383526116355,0.015618115943715705,0.008194269788227647,-0.03301630104663337
10,razak2014_fig10,fluxv_v4b,CD,0.90703556868072,0.01595036236733509,0.008556306655270473,-0.039717695668071734
10,razak2014_fig10,fluxv_v4b,CD,0.9238327847498045,0.01589893975691388,0.008968139406921533,-0.04507732142819534
10,razak2014_fig10,fluxv_v4b,CD,0.9406277745968833,0.01557241152100071,0.009437934535393435,-0.04801633365302407
10,razak2014_fig10,fluxv_v4b,CD,0.9574249906659678,0.015083621493136912,0.009954871849293823,-0.05175576888673221
10,razak2014_fig10,fluxv_v4b,CD,0.9742222067350521,0.014542825533979578,0.010490376841665523,-0.05343231107076202
10,razak2014_fig10,fluxv_v4b,CD,0.9910194228041366,0.014054240900789147,0.011004660456386163,-0.05532388051285671
11,razak2014_fig11,fluxv_old,CL,2.4340033400984433e-10,0.17939855743124308,0.03153689250877539,0.21708698273896956
11,razak2014_fig11,fluxv_old,CL,0.01624427990310117,0.1966830749469421,0.03202965205290953,0.21447364815616007
11,razak2014_fig11,fluxv_old,CL,0.03248577678504128,0.21538981594110906,0.03352004310550883,0.21096082012188594
11,razak2014_fig11,fluxv_old,CL,0.048730010065112773,0.23485447519751895,0.03572872884420306,0.20664317907154597
11,razak2014_fig11,fluxv_old,CL,0.0649724345396398,0.25436805360836745,0.03830369792544059,0.2016466860398982
11,razak2014_fig11,fluxv_old,CL,0.08121666781971128,0.2732053082775242,0.040905427004787547,0.19611659900013392
11,razak2014_fig11,fluxv_old,CL,0.09745862849794486,0.2906484139925454,0.04324650431307574,0.1902141022744054
11,razak2014_fig11,fluxv_old,CL,0.1137029081576457,0.3060203897486277,0.04510477491863189,0.18410239077897944
11,razak2014_fig11,fluxv_old,CL,0.12994486883587925,0.31870430022093643,0.046325265569246904,0.177945310070354
11,razak2014_fig11,fluxv_old,CL,0.1461890557363214,0.32817367765719246,0.04681624111350708,0.17189376896426423
11,razak2014_fig11,fluxv_old,CL,0.16243101641455496,0.33401275619203274,0.04654915755342904,0.16608718058793723
11,razak2014_fig11,fluxv_old,CL,0.1786752960742558,0.3359299926881598,0.04555903762338055,0.16064297841398636
11,razak2014_fig11,fluxv_old,CL,0.19491725675248936,0.33377191620904795,0.04394686510570084,0.15566076779870044
11,razak2014_fig11,fluxv_old,CL,0.2111615364121902,0.3275328930708847,0.04188146272530476,0.15121922672206253
11,razak2014_fig11,fluxv_old,CL,0.22740349709042376,0.3173532958953316,0.039602731517875,0.1473781285951018
11,razak2014_fig11,fluxv_old,CL,0.2436477767501246,0.3035153722413955,0.03741620493550998,0.14416352520115536
11,razak2014_fig11,fluxv_old,CL,0.2598897374283582,0.28643742313215514,0.03567107747985505,0.1415914250745978
11,razak2014_fig11,fluxv_old,CL,0.276134017088059,0.26665370958249685,0.03469898533800659,0.13966006338282175
11,razak2014_fig11,fluxv_old,CL,0.2923759777662926,0.2448007439685039,0.03472705986233893,0.13835502481876039
11,razak2014_fig11,fluxv_old,CL,0.3086201646667347,0.22158855824001292,0.0357922955765542,0.137649293626302
11,razak2014_fig11,fluxv_old,CL,0.3248621253449683,0.19777873255374492,0.03773629207079071,0.1375067211885444
11,razak2014_fig11,fluxv_old,CL,0.34110631224541044,0.17415312832814597,0.04028553399595112,0.13788298608829364
11,razak2014_fig11,fluxv_old,CL,0.357348272923644,0.1514873160347382,0.04314162389943286,0.1387272725239468
11,razak2014_fig11,fluxv_old,CL,0.3735926453426035,0.1305199655160717,0.046048323062496975,0.13998387417105254
11,razak2014_fig11,fluxv_old,CL,0.38983683224304566,0.11192646156653617,0.048815682445931693,0.14159255828709777
11,razak2014_fig11,fluxv_old,CL,0.40607879292127924,0.09629270730263255,0.05132295342668891,0.14348968947596716
11,razak2014_fig11,fluxv_old,CL,0.42232307258098006,0.08409268332245327,0.05351117011419768,0.14561215422826845
11,razak2014_fig11,fluxv_old,CL,0.4385651260184723,0.07567398791723018,0.05536662387784758,0.14788900763485954
11,razak2014_fig11,fluxv_old,CL,0.45480931291891447,0.07124243833558024,0.056909595979363646,0.1502526829021386
11,razak2014_fig11,fluxv_old,CL,0.47105127359714805,0.07085540425766086,0.05817473357419279,0.15263707440577134
11,razak2014_fig11,fluxv_old,CL,0.48729555325684887,0.07442049326894688,0.05920203581740384,0.15498088245885183
11,razak2014_fig11,fluxv_old,CL,0.5035374211758238,0.0817019357018848,0.060016197023041624,0.15722725650116035
11,razak2014_fig11,fluxv_old,CL,0.5197817935947833,0.09232884737215108,0.06062209971707699,0.15932900135521033
11,razak2014_fig11,fluxv_old,CL,0.5360237542730169,0.10580856263034182,0.06100105884819844,0.16124851345647828
11,razak2014_fig11,fluxv_old,CL,0.552267941173459,0.1215515164654779,0.06111354473498821,0.16296269742856456
11,razak2014_fig11,fluxv_old,CL,0.5685099018516926,0.13888908450374474,0.06091063822300767,0.1644627477203167
11,razak2014_fig11,fluxv_old,CL,0.5847541815113934,0.1571047560589213,0.06034849047324946,0.16575736738080327
11,razak2014_fig11,fluxv_old,CL,0.6009960494303682,0.175463241498745,0.059403346118970836,0.1668714366624382
11,razak2014_fig11,fluxv_old,CL,0.6172404218493278,0.19323413371692397,0.058093139053641614,0.1678467188210415
11,razak2014_fig11,fluxv_old,CL,0.6334822897683027,0.20972796370953734,0.05648669411450462,0.16873891396677937
11,razak2014_fig11,fluxv_old,CL,0.6497265694280036,0.22431742078406217,0.0547228816075382,0.1696184882233623
11,razak2014_fig11,fluxv_old,CL,0.665968530106237,0.2364660843468174,0.05300798825501041,0.17056035268456246
11,razak2014_fig11,fluxv_old,CL,0.6822128097659379,0.24574832958576795,0.05160106961756644,0.17164265915623927
11,razak2014_fig11,fluxv_old,CL,0.6984547704441715,0.2518648201010092,0.05078118083338594,0.1729406551996973
11,razak2014_fig11,fluxv_old,CL,0.7146990501038724,0.25465602874591686,0.05077244862347655,0.17452285627723194
11,razak2014_fig11,fluxv_old,CL,0.7309409180228472,0.2541062751005462,0.051679190033099905,0.17644453802495452
11,razak2014_fig11,fluxv_old,CL,0.747185197682548,0.25034410105055255,0.053434270330156936,0.1787451052730472
11,razak2014_fig11,fluxv_old,CL,0.7634294773422489,0.2436357920508072,0.05581271774106811,0.1814423449287721
11,razak2014_fig11,fluxv_old,CL,0.7796714380204826,0.23437805333644107,0.05848374113130892,0.18453002856122733
11,razak2014_fig11,fluxv_old,CL,0.7959157176801833,0.2230730339246091,0.06107739526385794,0.1879774574061849
11,razak2014_fig11,fluxv_old,CL,0.8121575855991582,0.2103151813522612,0.06323828858487605,0.19172547990402858
11,razak2014_fig11,fluxv_old,CL,0.8284018652588591,0.19676128925720576,0.06465929143185128,0.1956918636190436
11,razak2014_fig11,fluxv_old,CL,0.8446438259370926,0.1831052396956835,0.06509777982192491,0.19976410556449403
11,razak2014_fig11,fluxv_old,CL,0.8608881055967935,0.17004814461816117,0.06439047081926438,0.20381152421132043
11,razak2014_fig11,fluxv_old,CL,0.8771301590342857,0.1582685812398555,0.06245821116630394,0.20768828349593565
11,razak2014_fig11,fluxv_old,CL,0.8933743459347279,0.14839348467436855,0.05931649349352799,0.21124215123787096
11,razak2014_fig11,fluxv_old,CL,0.9096163066129614,0.14097242077761063,0.05508972831846276,0.21431804881485925
11,razak2014_fig11,fluxv_old,CL,0.9258604935134036,0.13645289183375534,0.050020915202887824,0.21677008689585137
11,razak2014_fig11,fluxv_old,CL,0.9421026397101545,0.13515958581986365,0.04451305032885801,0.2184668335892306
11,razak2014_fig11,fluxv_old,CL,0.9583468266105967,0.13728320293298898,0.039170721864185756,0.21930186691131986
11,razak2014_fig11,fluxv_old,CL,0.9745887872888302,0.1428674981174085,0.034833160907474514,0.21919896447401654
11,razak2014_fig11,fluxv_old,CL,0.9908329741892724,0.15180683980163767,0.032464009074853986,0.2181180971642124
11,razak2014_fig11,fluxv_old,CD,3.561954686997794e-10,0.03493854365552029,0.002184756666700594,0.025368348144031265
11,razak2014_fig11,fluxv_old,CD,0.016244185775394323,0.03555454472778957,0.002132180312520352,0.0251221912440572
11,razak2014_fig11,fluxv_old,CD,0.03248577393558667,0.035858749569455534,0.0020800546530451106,0.024636120337253896
11,razak2014_fig11,fluxv_old,CD,0.04872995935478553,0.035848348380716696,0.0020360626245741796,0.023924225237640828
11,razak2014_fig11,fluxv_old,CD,0.0649724751074802,0.035527186150775075,0.0020080632160260087,0.02300449917068117
11,razak2014_fig11,fluxv_old,CD,0.08121666052667906,0.03490636123674133,0.002002464742737328,0.02189740944152296
11,razak2014_fig11,fluxv_old,CD,0.09745861972387233,0.03400329580580563,0.0020218023624237655,0.02062593007699076
11,razak2014_fig11,fluxv_old,CD,0.11370280514307118,0.03284126401421843,0.002063604296312584,0.019213618400323092
11,razak2014_fig11,fluxv_old,CD,0.12994476434026447,0.03144875821786147,0.0021214340606479907,0.017685165666182563
11,razak2014_fig11,fluxv_old,CD,0.1461891352779638,0.029858242519704346,0.002186235508701378,0.016064105620604355
11,razak2014_fig11,fluxv_old,CD,0.16243109447515705,0.028105392222489773,0.002248586304296323,0.014373915385570537
11,razak2014_fig11,fluxv_old,CD,0.17867527989435592,0.026227812165666244,0.002299923248037813,0.012635648950097696
11,razak2014_fig11,fluxv_old,CD,0.1949172390915492,0.02426382548336835,0.002334654908741932,0.010869501620850026
11,razak2014_fig11,fluxv_old,CD,0.21116161002924852,0.022251304615025693,0.0023495278340069565,0.009092730434614426
11,razak2014_fig11,fluxv_old,CD,0.22740338370794133,0.02022660090543849,0.002345063139585543,0.007321905087754979
11,razak2014_fig11,fluxv_old,CD,0.24364775464564065,0.018223431952224593,0.0023250353936320727,0.005570142852111303
11,razak2014_fig11,fluxv_old,CD,0.25988971384283394,0.016272036553247663,0.0022955712272926497,0.003849724743082785
11,razak2014_fig11,fluxv_old,CD,0.2761338992620328,0.01439856908560726,0.002265135250495569,0.002170298741559955
11,razak2014_fig11,fluxv_old,CD,0.29237585845922603,0.012624198116228901,0.0022424737573597505,0.0005411087312341728
11,razak2014_fig11,fluxv_old,CD,0.3086200438784249,0.010965190907121197,0.0022349527894700506,-0.0010305915428587644
11,razak2014_fig11,fluxv_old,CD,0.32486218859411864,0.00943232187857557,0.002246839862314445,-0.0025375138627589332
11,razak2014_fig11,fluxv_old,CD,0.3411063740133175,0.00803149231438563,0.0022778110390737146,-0.003973732312886458
11,razak2014_fig11,fluxv_old,CD,0.3573483332105108,0.006763730361847159,0.0023232044463930073,-0.0053328964578627834
11,razak2014_fig11,fluxv_old,CD,0.37359251862970966,0.005625655810672644,0.0023754991163826237,-0.006609511366606795
11,razak2014_fig11,fluxv_old,CD,0.3898367040489085,0.004610282892934584,0.0024257938286187993,-0.0077974079843686475
11,razak2014_fig11,fluxv_old,CD,0.40607884876460226,0.0037076681567038937,0.0024656662258018334,-0.008890176402842797
11,razak2014_fig11,fluxv_old,CD,0.4223230341838011,0.0029061498764886805,0.0024889474241570277,-0.009879904599753617
11,razak2014_fig11,fluxv_old,CD,0.43856499338099436,0.0021926297374248588,0.0024926234028446897,-0.010759639515512813
11,razak2014_fig11,fluxv_old,CD,0.4548093643186937,0.0015544882877724132,0.0024772293618270085,-0.011522070110654585
11,razak2014_fig11,fluxv_old,CD,0.4710511379973865,0.0009796835283821005,0.0024469483113347713,-0.01215819440265035
11,razak2014_fig11,fluxv_old,CD,0.48729550893508583,0.00045787764945796894,0.002409357556095804,-0.01265879906808441
11,razak2014_fig11,fluxv_old,CD,0.5035374681322791,-1.853482214687202e-05,0.002374625895391685,-0.013013848818893257
11,razak2014_fig11,fluxv_old,CD,0.519781653551478,-0.00045418759136820613,0.0023531897284850872,-0.01321335724561156
11,razak2014_fig11,fluxv_old,CD,0.5360236127486713,-0.0008500524686636951,0.002353372823208994,-0.013247344045121805
11,razak2014_fig11,fluxv_old,CD,0.5522677981678701,-0.0012033971173842709,0.002378921579298723,-0.013106503589122492
11,razak2014_fig11,fluxv_old,CD,0.5685099428835638,-0.0015075878748407046,0.0024275402706006774,-0.012782675894704368
11,razak2014_fig11,fluxv_old,CD,0.5847541283027627,-0.001752582699637198,0.002490426266157811,-0.012269263994256195
11,razak2014_fig11,fluxv_old,CD,0.6009960874999559,-0.0019245368138045109,0.002554974198439635,-0.011562092237193773
11,razak2014_fig11,fluxv_old,CD,0.6172404584376553,-0.0020073660500579266,0.0026066773316289382,-0.010659062844749967
11,razak2014_fig11,fluxv_old,CD,0.6334822321163481,-0.0019831271254546062,0.00263159229828976,-0.009559126335121819
11,razak2014_fig11,fluxv_old,CD,0.6497266030540474,-0.0018322570729556106,0.0026182122992350508,-0.008270341873656977
11,razak2014_fig11,fluxv_old,CD,0.6659683767327402,-0.001535671788646064,0.002557960050860265,-0.006801881310387187
11,razak2014_fig11,fluxv_old,CD,0.6822127476704396,-0.0010749068738304703,0.002446877890287115,-0.005165670430212763
11,razak2014_fig11,fluxv_old,CD,0.6984547068676329,-0.00043355422440489316,0.0022858531227160713,-0.0033781656871497458
11,razak2014_fig11,fluxv_old,CD,0.7146988922868317,0.000401907000780688,0.00208170250556027,-0.0014581357648686235
11,razak2014_fig11,fluxv_old,CD,0.730940851484025,0.0014407160431787885,0.0018494961430181721,0.0005716104939378896
11,razak2014_fig11,fluxv_old,CD,0.7471850369032238,0.0026876615340300433,0.0016157123490085723,0.002686732299053629
11,razak2014_fig11,fluxv_old,CD,0.7634294078409232,0.004142011094438819,0.001422941773154039,0.004859917020420295
11,razak2014_fig11,fluxv_old,CD,0.7796713670381165,0.005797074724877768,0.0013273381588557581,0.007062059993634816
11,razak2014_fig11,fluxv_old,CD,0.7959155524573153,0.007639838615739993,0.0013709851241931732,0.009263855779511275
11,razak2014_fig11,fluxv_old,CD,0.8121575116545086,0.00965150034730124,0.0015436434488370484,0.011434100868163617
11,razak2014_fig11,fluxv_old,CD,0.8284016970737074,0.011806778763452885,0.0017943142100746447,0.01354187752512794
11,razak2014_fig11,fluxv_old,CD,0.8446438417894011,0.014075223803188302,0.0020698154327158753,0.015555324749261273
11,razak2014_fig11,fluxv_old,CD,0.8608880272086,0.01642116016376478,0.0023306409090255195,0.017446201627090367
11,razak2014_fig11,fluxv_old,CD,0.8771299864057933,0.018805067553237572,0.0025496362830272827,0.019186166586794378
11,razak2014_fig11,fluxv_old,CD,0.8933743573434926,0.021184425743031764,0.002708477998120979,0.020749955349038937
11,razak2014_fig11,fluxv_old,CD,0.9096161310221854,0.023515052567847753,0.0027954902446051836,0.02211403542780451
11,razak2014_fig11,fluxv_old,CD,0.9258605019598848,0.025752005315071245,0.0028058139701916066,0.023259039572427767
11,razak2014_fig11,fluxv_old,CD,0.9421024611570781,0.027851298998336074,0.0027409280168810323,0.024168610405708682
11,razak2014_fig11,fluxv_old,CD,0.9583466465762769,0.029771399283734522,0.002610170215592694,0.024831267602101
11,razak2014_fig11,fluxv_old,CD,0.9745886057734702,0.03147368726873183,0.002432526080774748,0.025239697019536572
11,razak2014_fig11,fluxv_old,CD,0.990832791192669,0.032924628450434035,0.0022387977786720884,0.025391722218575254
11,razak2014_fig11,fluxv_v4b,CL,2.4340033400984433e-10,0.17939855743124308,0.03153689250877539,0.21708698273896956
11,razak2014_fig11,fluxv_v4b,CL,0.01624427990310117,0.1966830749469421,0.03202965205290953,0.21447364815616007
11,razak2014_fig11,fluxv_v4b,CL,0.03248577678504128,0.21538981594110906,0.03352004310550883,0.2109608201218859
11,razak2014_fig11,fluxv_v4b,CL,0.048730010065112773,0.23485447519751895,0.03572872884420306,0.20664317907154597
11,razak2014_fig11,fluxv_v4b,CL,0.0649724345396398,0.25436805360836745,0.03830369792544059,0.2016466860398982
11,razak2014_fig11,fluxv_v4b,CL,0.08121666781971128,0.2732053082775242,0.040905427004787547,0.19611659900013392
11,razak2014_fig11,fluxv_v4b,CL,0.09745862849794486,0.2906484139925454,0.04324650431307574,0.1902141022744054
11,razak2014_fig11,fluxv_v4b,CL,0.1137029081576457,0.3060203897486277,0.04510477491863189,0.18410239077897944
11,razak2014_fig11,fluxv_v4b,CL,0.12994486883587925,0.31870430022093643,0.046325265569246904,0.177945310070354
11,razak2014_fig11,fluxv_v4b,CL,0.1461890557363214,0.32817367765719246,0.04681624111350708,0.17189376896426423
11,razak2014_fig11,fluxv_v4b,CL,0.16243101641455496,0.33401275619203274,0.04654915755342904,0.16608718058793723
11,razak2014_fig11,fluxv_v4b,CL,0.1786752960742558,0.3359299926881598,0.04555903762338055,0.16064297841398636
11,razak2014_fig11,fluxv_v4b,CL,0.19491725675248936,0.33377191620904795,0.04394686510570084,0.15566076779870044
11,razak2014_fig11,fluxv_v4b,CL,0.2111615364121902,0.3275328930708847,0.04188146272530476,0.15121922672206253
11,razak2014_fig11,fluxv_v4b,CL,0.22740349709042376,0.3173532958953316,0.039602731517875,0.1473781285951018
11,razak2014_fig11,fluxv_v4b,CL,0.2436477767501246,0.3035153722413955,0.03741620493550998,0.14416352520115536
11,razak2014_fig11,fluxv_v4b,CL,0.2598897374283582,0.28643742313215514,0.03567107747985505,0.1415914250745978
11,razak2014_fig11,fluxv_v4b,CL,0.276134017088059,0.26665370958249685,0.03469898533800659,0.13966006338282175
11,razak2014_fig11,fluxv_v4b,CL,0.2923759777662926,0.2448007439685039,0.03472705986233893,0.13835502481876039
11,razak2014_fig11,fluxv_v4b,CL,0.3086201646667347,0.22158855824001292,0.0357922955765542,0.137649293626302
11,razak2014_fig11,fluxv_v4b,CL,0.3248621253449683,0.19777873255374492,0.03773629207079071,0.1375067211885444
11,razak2014_fig11,fluxv_v4b,CL,0.34110631224541044,0.17415312832814597,0.04028553399595112,0.13788298608829364
11,razak2014_fig11,fluxv_v4b,CL,0.357348272923644,0.1514873160347382,0.04314162389943286,0.1387272725239468
11,razak2014_fig11,fluxv_v4b,CL,0.3735926453426035,0.1305199655160717,0.046048323062496975,0.13998387417105254
11,razak2014_fig11,fluxv_v4b,CL,0.38983683224304566,0.11192646156653617,0.048815682445931693,0.14159255828709777
11,razak2014_fig11,fluxv_v4b,CL,0.40607879292127924,0.09629270730263255,0.05132295342668891,0.14348968947596716
11,razak2014_fig11,fluxv_v4b,CL,0.42232307258098006,0.08409268332245327,0.05351117011419768,0.14561215422826845
11,razak2014_fig11,fluxv_v4b,CL,0.4385651260184723,0.07567398791723018,0.05536662387784758,0.14788900763485954
11,razak2014_fig11,fluxv_v4b,CL,0.45480931291891447,0.07124243833558024,0.056909595979363646,0.1502526829021386
11,razak2014_fig11,fluxv_v4b,CL,0.47105127359714805,0.07085540425766086,0.05817473357419279,0.15263707440577134
11,razak2014_fig11,fluxv_v4b,CL,0.48729555325684887,0.07442049326894688,0.05920203581740384,0.15498088245885183
11,razak2014_fig11,fluxv_v4b,CL,0.5035374211758238,0.0817019357018848,0.060016197023041624,0.15722725650116035
11,razak2014_fig11,fluxv_v4b,CL,0.5197817935947833,0.09232884737215108,0.06062209971707699,0.15932900135521033
11,razak2014_fig11,fluxv_v4b,CL,0.5360237542730169,0.10580856263034182,0.06100105884819844,0.16124851345647828
11,razak2014_fig11,fluxv_v4b,CL,0.552267941173459,0.1215515164654779,0.06111354473498821,0.16296269742856456
11,razak2014_fig11,fluxv_v4b,CL,0.5685099018516926,0.13888908450374474,0.06091063822300767,0.1644627477203167
11,razak2014_fig11,fluxv_v4b,CL,0.5847541815113934,0.1571047560589213,0.06034849047324946,0.16575736738080327
11,razak2014_fig11,fluxv_v4b,CL,0.6009960494303682,0.175463241498745,0.059403346118970836,0.1668714366624382
11,razak2014_fig11,fluxv_v4b,CL,0.6172404218493278,0.19323413371692397,0.058093139053641614,0.1678467188210415
11,razak2014_fig11,fluxv_v4b,CL,0.6334822897683027,0.20972796370953734,0.05648669411450462,0.16873891396677937
11,razak2014_fig11,fluxv_v4b,CL,0.6497265694280036,0.22431742078406217,0.0547228816075382,0.1696184882233623
11,razak2014_fig11,fluxv_v4b,CL,0.665968530106237,0.2364660843468174,0.05300798825501041,0.17056035268456246
11,razak2014_fig11,fluxv_v4b,CL,0.6822128097659379,0.24574832958576795,0.05160106961756644,0.17164265915623927
11,razak2014_fig11,fluxv_v4b,CL,0.6984547704441715,0.2518648201010092,0.05078118083338594,0.1729406551996973
11,razak2014_fig11,fluxv_v4b,CL,0.7146990501038724,0.25465602874591686,0.05077244862347655,0.17452285627723194
11,razak2014_fig11,fluxv_v4b,CL,0.7309409180228472,0.2541062751005462,0.051679190033099905,0.17644453802495452
11,razak2014_fig11,fluxv_v4b,CL,0.747185197682548,0.25034410105055255,0.053434270330156936,0.1787451052730472
11,razak2014_fig11,fluxv_v4b,CL,0.7634294773422489,0.2436357920508072,0.05581271774106811,0.1814423449287721
11,razak2014_fig11,fluxv_v4b,CL,0.7796714380204826,0.23437805333644107,0.05848374113130892,0.18453002856122733
11,razak2014_fig11,fluxv_v4b,CL,0.7959157176801833,0.2230730339246091,0.06107739526385794,0.1879774574061849
11,razak2014_fig11,fluxv_v4b,CL,0.8121575855991582,0.2103151813522612,0.06323828858487605,0.19172547990402858
11,razak2014_fig11,fluxv_v4b,CL,0.8284018652588591,0.19676128925720576,0.06465929143185128,0.1956918636190436
11,razak2014_fig11,fluxv_v4b,CL,0.8446438259370926,0.1831052396956835,0.06509777982192491,0.19976410556449403
11,razak2014_fig11,fluxv_v4b,CL,0.8608881055967935,0.17004814461816117,0.06439047081926438,0.20381152421132043
11,razak2014_fig11,fluxv_v4b,CL,0.8771301590342857,0.1582685812398555,0.06245821116630394,0.20768828349593565
11,razak2014_fig11,fluxv_v4b,CL,0.8933743459347279,0.14839348467436855,0.05931649349352799,0.21124215123787096
11,razak2014_fig11,fluxv_v4b,CL,0.9096163066129614,0.14097242077761063,0.05508972831846276,0.21431804881485925
11,razak2014_fig11,fluxv_v4b,CL,0.9258604935134036,0.13645289183375534,0.050020915202887824,0.21677008689585137
11,razak2014_fig11,fluxv_v4b,CL,0.9421026397101545,0.13515958581986365,0.04451305032885801,0.2184668335892306
11,razak2014_fig11,fluxv_v4b,CL,0.9583468266105967,0.13728320293298898,0.039170721864185756,0.21930186691131986
11,razak2014_fig11,fluxv_v4b,CL,0.9745887872888302,0.1428674981174085,0.034833160907474514,0.21919896447401654
11,razak2014_fig11,fluxv_v4b,CL,0.9908329741892724,0.15180683980163767,0.032464009074853986,0.2181180971642124
11,razak2014_fig11,fluxv_v4b,CD,3.561954686997794e-10,0.03493854365552029,0.002184756666700594,0.025368348144031265
11,razak2014_fig11,fluxv_v4b,CD,0.016244185775394323,0.03555454472778957,0.002132180312520352,0.0251221912440572
11,razak2014_fig11,fluxv_v4b,CD,0.03248577393558667,0.035858749569455534,0.0020800546530451106,0.024636120337253896
11,razak2014_fig11,fluxv_v4b,CD,0.04872995935478553,0.035848348380716696,0.0020360626245741796,0.023924225237640828
11,razak2014_fig11,fluxv_v4b,CD,0.0649724751074802,0.035527186150775075,0.0020080632160260087,0.02300449917068117
11,razak2014_fig11,fluxv_v4b,CD,0.08121666052667906,0.03490636123674133,0.002002464742737328,0.02189740944152296
11,razak2014_fig11,fluxv_v4b,CD,0.09745861972387233,0.03400329580580563,0.0020218023624237655,0.02062593007699076
11,razak2014_fig11,fluxv_v4b,CD,0.11370280514307118,0.03284126401421843,0.002063604296312584,0.019213618400323092
11,razak2014_fig11,fluxv_v4b,CD,0.12994476434026447,0.03144875821786147,0.0021214340606479907,0.017685165666182563
11,razak2014_fig11,fluxv_v4b,CD,0.1461891352779638,0.029858242519704346,0.002186235508701378,0.016064105620604355
11,razak2014_fig11,fluxv_v4b,CD,0.16243109447515705,0.028105392222489773,0.002248586304296323,0.014373915385570537
11,razak2014_fig11,fluxv_v4b,CD,0.17867527989435592,0.026227812165666244,0.002299923248037813,0.012635648950097696
11,razak2014_fig11,fluxv_v4b,CD,0.1949172390915492,0.02426382548336835,0.002334654908741932,0.010869501620850026
11,razak2014_fig11,fluxv_v4b,CD,0.21116161002924852,0.022251304615025693,0.0023495278340069565,0.009092730434614426
11,razak2014_fig11,fluxv_v4b,CD,0.22740338370794133,0.02022660090543849,0.002345063139585543,0.007321905087754979
11,razak2014_fig11,fluxv_v4b,CD,0.24364775464564065,0.018223431952224593,0.0023250353936320727,0.005570142852111303
11,razak2014_fig11,fluxv_v4b,CD,0.25988971384283394,0.016272036553247663,0.0022955712272926497,0.003849724743082785
11,razak2014_fig11,fluxv_v4b,CD,0.2761338992620328,0.01439856908560726,0.002265135250495569,0.002170298741559955
11,razak2014_fig11,fluxv_v4b,CD,0.29237585845922603,0.012624198116228901,0.0022424737573597505,0.0005411087312341728
11,razak2014_fig11,fluxv_v4b,CD,0.3086200438784249,0.010965190907121197,0.0022349527894700506,-0.0010305915428587644
11,razak2014_fig11,fluxv_v4b,CD,0.32486218859411864,0.00943232187857557,0.002246839862314445,-0.0025375138627589332
11,razak2014_fig11,fluxv_v4b,CD,0.3411063740133175,0.00803149231438563,0.0022778110390737146,-0.003973732312886458
11,razak2014_fig11,fluxv_v4b,CD,0.3573483332105108,0.006763730361847159,0.0023232044463930073,-0.0053328964578627834
11,razak2014_fig11,fluxv_v4b,CD,0.37359251862970966,0.005625655810672644,0.0023754991163826237,-0.006609511366606795
11,razak2014_fig11,fluxv_v4b,CD,0.3898367040489085,0.004610282892934584,0.0024257938286187993,-0.0077974079843686475
11,razak2014_fig11,fluxv_v4b,CD,0.40607884876460226,0.0037076681567038937,0.0024656662258018334,-0.008890176402842797
11,razak2014_fig11,fluxv_v4b,CD,0.4223230341838011,0.0029061498764886805,0.0024889474241570277,-0.009879904599753617
11,razak2014_fig11,fluxv_v4b,CD,0.43856499338099436,0.0021926297374248588,0.0024926234028446897,-0.010759639515512813
11,razak2014_fig11,fluxv_v4b,CD,0.4548093643186937,0.0015544882877724132,0.0024772293618270085,-0.011522070110654585
11,razak2014_fig11,fluxv_v4b,CD,0.4710511379973865,0.0009796835283821005,0.0024469483113347713,-0.01215819440265035
11,razak2014_fig11,fluxv_v4b,CD,0.48729550893508583,0.00045787764945796894,0.002409357556095804,-0.01265879906808441
11,razak2014_fig11,fluxv_v4b,CD,0.5035374681322791,-1.853482214687202e-05,0.002374625895391685,-0.013013848818893257
11,razak2014_fig11,fluxv_v4b,CD,0.519781653551478,-0.00045418759136820613,0.0023531897284850872,-0.01321335724561156
11,razak2014_fig11,fluxv_v4b,CD,0.5360236127486713,-0.0008500524686636951,0.002353372823208994,-0.013247344045121805
11,razak2014_fig11,fluxv_v4b,CD,0.5522677981678701,-0.0012033971173842709,0.002378921579298723,-0.013106503589122492
11,razak2014_fig11,fluxv_v4b,CD,0.5685099428835638,-0.0015075878748407046,0.0024275402706006774,-0.012782675894704366
11,razak2014_fig11,fluxv_v4b,CD,0.5847541283027627,-0.001752582699637198,0.002490426266157811,-0.012269263994256195
11,razak2014_fig11,fluxv_v4b,CD,0.6009960874999559,-0.0019245368138045109,0.002554974198439635,-0.011562092237193773
11,razak2014_fig11,fluxv_v4b,CD,0.6172404584376553,-0.0020073660500579266,0.0026066773316289382,-0.010659062844749967
11,razak2014_fig11,fluxv_v4b,CD,0.6334822321163481,-0.0019831271254546062,0.00263159229828976,-0.009559126335121819
11,razak2014_fig11,fluxv_v4b,CD,0.6497266030540474,-0.0018322570729556106,0.0026182122992350508,-0.008270341873656977
11,razak2014_fig11,fluxv_v4b,CD,0.6659683767327402,-0.001535671788646064,0.002557960050860265,-0.006801881310387187
11,razak2014_fig11,fluxv_v4b,CD,0.6822127476704396,-0.0010749068738304703,0.002446877890287115,-0.005165670430212763
11,razak2014_fig11,fluxv_v4b,CD,0.6984547068676329,-0.00043355422440489316,0.0022858531227160713,-0.0033781656871497458
11,razak2014_fig11,fluxv_v4b,CD,0.7146988922868317,0.000401907000780688,0.00208170250556027,-0.0014581357648686235
11,razak2014_fig11,fluxv_v4b,CD,0.730940851484025,0.0014407160431787885,0.0018494961430181721,0.0005716104939378896
11,razak2014_fig11,fluxv_v4b,CD,0.7471850369032238,0.0026876615340300433,0.0016157123490085723,0.002686732299053629
11,razak2014_fig11,fluxv_v4b,CD,0.7634294078409232,0.004142011094438819,0.001422941773154039,0.004859917020420295
11,razak2014_fig11,fluxv_v4b,CD,0.7796713670381165,0.005797074724877768,0.0013273381588557581,0.007062059993634816
11,razak2014_fig11,fluxv_v4b,CD,0.7959155524573153,0.007639838615739993,0.0013709851241931732,0.009263855779511275
11,razak2014_fig11,fluxv_v4b,CD,0.8121575116545086,0.00965150034730124,0.0015436434488370484,0.011434100868163617
11,razak2014_fig11,fluxv_v4b,CD,0.8284016970737074,0.011806778763452885,0.0017943142100746447,0.01354187752512794
11,razak2014_fig11,fluxv_v4b,CD,0.8446438417894011,0.014075223803188302,0.0020698154327158753,0.015555324749261273
11,razak2014_fig11,fluxv_v4b,CD,0.8608880272086,0.01642116016376478,0.0023306409090255195,0.017446201627090367
11,razak2014_fig11,fluxv_v4b,CD,0.8771299864057933,0.018805067553237572,0.0025496362830272827,0.019186166586794378
11,razak2014_fig11,fluxv_v4b,CD,0.8933743573434926,0.021184425743031764,0.002708477998120979,0.020749955349038937
11,razak2014_fig11,fluxv_v4b,CD,0.9096161310221854,0.023515052567847753,0.0027954902446051836,0.02211403542780451
11,razak2014_fig11,fluxv_v4b,CD,0.9258605019598848,0.025752005315071245,0.0028058139701916066,0.023259039572427767
11,razak2014_fig11,fluxv_v4b,CD,0.9421024611570781,0.027851298998336074,0.0027409280168810323,0.024168610405708682
11,razak2014_fig11,fluxv_v4b,CD,0.9583466465762769,0.029771399283734522,0.002610170215592694,0.024831267602101
11,razak2014_fig11,fluxv_v4b,CD,0.9745886057734702,0.03147368726873183,0.002432526080774748,0.025239697019536572
11,razak2014_fig11,fluxv_v4b,CD,0.990832791192669,0.032924628450434035,0.0022387977786720884,0.025391722218575254
13,razak2014_fig13,fluxv_old,CL,0.0,-0.3220112598809054,0.17847506313956638,-0.4482368292322544
13,razak2014_fig13,fluxv_old,CL,0.01606989190734216,-0.3129274495626314,0.22092123135404657,-0.44153008009450234
13,razak2014_fig13,fluxv_old,CL,0.032138951061984264,-0.29522439488968005,0.25425690952763963,-0.4256199460619916
13,razak2014_fig13,fluxv_old,CL,0.04820884579767544,-0.2696561156416171,0.27696664706715485,-0.40104866997696753
13,razak2014_fig13,fluxv_old,CL,0.06427781210997877,-0.237093090704653,0.2882985416313289,-0.3685767016443393
13,razak2014_fig13,fluxv_old,CL,0.08034724263397601,-0.19852331679079382,0.28809632627342796,-0.32911091168832163
13,razak2014_fig13,fluxv_old,CL,0.09641667315797325,-0.15500106643091816,0.27672864700193944,-0.283643174384343
13,razak2014_fig13,fluxv_old,CL,0.11248610368197051,-0.10762084348365425,0.25513119980279475,-0.23317414587858482
13,razak2014_fig13,fluxv_old,CL,0.12855562704830653,-0.057473975650176756,0.22481498864874913,-0.17864739126801538
13,razak2014_fig13,fluxv_old,CL,0.1446250575723038,-0.005619393825629704,0.18810178463863417,-0.12089620824000061
13,razak2014_fig13,fluxv_old,CL,0.16069448809630105,0.046933307407293734,0.14867593041902252,-0.060603740747674016
13,razak2014_fig13,fluxv_old,CL,0.17676391862029828,0.09927362957846364,0.11333313247836838,0.0017150795420384363
13,razak2014_fig13,fluxv_old,CL,0.19283334914429553,0.150601604497147,0.09514137304517048,0.06571354349190305
13,razak2014_fig13,fluxv_old,CL,0.20890055145216194,0.20023689923670962,0.10613299527411224,0.13118557970632402
13,razak2014_fig13,fluxv_old,CL,0.22496998197615917,0.24765544781725113,0.13795534029281714,0.19806898943758383
13,razak2014_fig13,fluxv_old,CL,0.2410395053424952,0.2924661593842759,0.17604657315028238,0.2663474394010298
13,razak2014_fig13,fluxv_old,CL,0.25710893586649247,0.33443611572449505,0.21237609733996113,0.33603130835899503
13,razak2014_fig13,fluxv_old,CL,0.2731783663904897,0.373465797237685,0.24281999002365523,0.40709234179234505
13,razak2014_fig13,fluxv_old,CL,0.28924788975682575,0.4095909886311603,0.2649493377244201,0.47940941195072145
13,razak2014_fig13,fluxv_old,CL,0.3053172274384842,0.4429624515120677,0.27724254927798725,0.5526975104274504
13,razak2014_fig13,fluxv_old,CL,0.3213867508048202,0.4738154332758294,0.27881982906961483,0.6264716923045967
13,razak2014_fig13,fluxv_old,CL,0.3374561813288175,0.502466914436349,0.26937012541264677,0.7000355390650571
13,razak2014_fig13,fluxv_old,CL,0.3535256118528147,0.5292700837025045,0.24909713587179583,0.7724687059931632
13,razak2014_fig13,fluxv_old,CL,0.36959504237681196,0.5545876582555364,0.21873751723254634,0.8426382472579071
13,razak2014_fig13,fluxv_old,CL,0.38566447290080924,0.5787800260945516,0.17956215596413558,0.9092340278614746
13,razak2014_fig13,fluxv_old,CL,0.40173399626714523,0.6021595093691879,0.13359087646344037,0.9708245976995272
13,razak2014_fig13,fluxv_old,CL,0.4178033339488037,0.6249865529906687,0.08468927409573833,1.025928315350773
13,razak2014_fig13,fluxv_old,CL,0.43387285731513975,0.6474252584274477,0.047375141095337546,1.0731019178826515
13,razak2014_fig13,fluxv_old,CL,0.449942287839137,0.6695416897545664,0.06535960331870816,1.111026427869623
13,razak2014_fig13,fluxv_old,CL,0.46601171836313426,0.6912949804127845,0.1159231830101429,1.1385981834466872
13,razak2014_fig13,fluxv_old,CL,0.48208124172947026,0.7125216641651392,0.16984099671677058,1.1550040646357935
13,razak2014_fig13,fluxv_old,CL,0.4981505794111287,0.7329352516092845,0.22052209423400118,1.1597792695306532
13,razak2014_fig13,fluxv_old,CL,0.5142201027774648,0.7521344881868729,0.26496712420616214,1.1528408739856566
13,razak2014_fig13,fluxv_old,CL,0.530289533301462,0.7696228346159376,0.3010948565256005,1.1344918279867975
13,razak2014_fig13,fluxv_old,CL,0.5463589638254592,0.7848076199155737,0.3273148832832123,1.1053964524148403
13,razak2014_fig13,fluxv_old,CL,0.5624283943494566,0.7970341321626079,0.34250750310456796,1.0665292188184905
13,razak2014_fig13,fluxv_old,CL,0.5784978248734538,0.8056127217018748,0.3459720556553278,1.0190211061100571
13,razak2014_fig13,fluxv_old,CL,0.5945673482397899,0.8098285413624072,0.3374857864260555,0.9643362029824893
13,razak2014_fig13,fluxv_old,CL,0.6106366859214483,0.8089951176464928,0.31727695526577415,0.903917824576972
13,razak2014_fig13,fluxv_old,CL,0.6267039810716535,0.8024803952207974,0.2860275890517604,0.8391660504831887
13,razak2014_fig13,fluxv_old,CL,0.6427734115956507,0.789724523398106,0.24484510801628862,0.771348364518247
13,razak2014_fig13,fluxv_old,CL,0.6588428421196479,0.7702747938693167,0.19523543428018778,0.7015917247195255
13,razak2014_fig13,fluxv_old,CL,0.674912365485984,0.743819519716283,0.139095369074952,0.6308103371162151
13,razak2014_fig13,fluxv_old,CL,0.6909817031676424,0.7102104802578207,0.07892603052364552,0.5597005133166782
13,razak2014_fig13,fluxv_old,CL,0.7070511336916396,0.6694675794139745,0.023128990323435517,0.4887425023371503
13,razak2014_fig13,fluxv_old,CL,0.723120564215637,0.621798537882232,0.05448571065939251,0.41822971835171435
13,razak2014_fig13,fluxv_old,CL,0.739190087581973,0.5676118095111707,0.11432769324911272,0.34830680074190695
13,razak2014_fig13,fluxv_old,CL,0.755259610948309,0.5074987948187141,0.1711476678933223,0.27902262928127847
13,razak2014_fig13,fluxv_old,CL,0.7713290414723063,0.44225416839983855,0.221859468265941,0.2103867119596298
13,razak2014_fig13,fluxv_old,CL,0.7873984719963034,0.3728138379843059,0.2644790546774064,0.14242753750201564
13,razak2014_fig13,fluxv_old,CL,0.8034679025203006,0.3002900939124862,0.2974592149599883,0.07525066199661057
13,razak2014_fig13,fluxv_old,CL,0.8195373330442979,0.2259097799369224,0.31965992033155166,0.00908388310094976
13,razak2014_fig13,fluxv_old,CL,0.8356067635682951,0.1509926953516424,0.33036526490197815,-0.05568936188016381
13,razak2014_fig13,fluxv_old,CL,0.8516762869346312,0.0769194099299596,0.3293092984204576,-0.11850545415327848
13,razak2014_fig13,fluxv_old,CL,0.8677457174586284,0.005091032596723055,0.31667094442356203,-0.17860576444070705
13,razak2014_fig13,fluxv_old,CL,0.8838152408249644,-0.06310678502282763,0.2930896692786852,-0.23512852123479708
13,razak2014_fig13,fluxv_old,CL,0.899884578506623,-0.1263438681869815,0.25963308537801205,-0.2870788174445753
13,razak2014_fig13,fluxv_old,CL,0.9159539161882814,-0.18338892652276045,0.21780139775895452,-0.33340463184928576
13,razak2014_fig13,fluxv_old,CL,0.9320234395546174,-0.23313199887192687,0.1695523898761224,-0.3730599194490994
13,razak2014_fig13,fluxv_old,CL,0.9480929629209535,-0.27462087322978895,0.11757457314236244,-0.40507474838979035
13,razak2014_fig13,fluxv_old,CL,0.9641624862872895,-0.30709814191549667,0.0671498974035801,-0.42862683507424476
13,razak2014_fig13,fluxv_old,CL,0.9802318239689479,-0.32999908413373913,0.041921467003088964,-0.4431027776039747
13,razak2014_fig13,fluxv_old,CL,0.9963011616506064,-0.3429974026420814,0.07422870539309566,-0.44814570390786496
13,razak2014_fig13,fluxv_old,CD,0.0,0.023500243442118804,0.00498083600301641,-0.04562615617007897
13,razak2014_fig13,fluxv_old,CD,0.01606696609466703,0.023739062250144535,0.0066190556689936135,-0.04654369115548492
13,razak2014_fig13,fluxv_old,CD,0.03213597415566937,0.0235730268547078,0.00846780516727344,-0.04631789833981381
13,razak2014_fig13,fluxv_old,CD,0.0482059106424717,0.023052969891327033,0.010180008127544465,-0.0449592448368075
13,razak2014_fig13,fluxv_old,CD,0.06427491870347404,0.022235299916384205,0.011591548965097669,-0.0425213266534222
13,razak2014_fig13,fluxv_old,CD,0.08034448381995637,0.02117850057579794,0.012609839161086808,-0.03909788171416502
13,razak2014_fig13,fluxv_old,CD,0.09641386325127871,0.01994099905046541,0.013180855806284166,-0.03481974192396693
13,razak2014_fig13,fluxv_old,CD,0.11248342836776104,0.01857975443072729,0.013277340411607247,-0.029849050200155037
13,razak2014_fig13,fluxv_old,CD,0.12855280779908337,0.017146065188528598,0.012895679215686233,-0.02437319368159831
13,razak2014_fig13,fluxv_old,CD,0.1446223729155657,0.015685795037504252,0.012053813979072056,-0.018596801980680044
13,razak2014_fig13,fluxv_old,CD,0.16069193803204804,0.014235745055353924,0.010789900939978073,-0.012733937936770742
13,razak2014_fig13,fluxv_old,CD,0.17676131746337037,0.012824034822736502,0.00916410357870962,-0.006999307843217659
13,razak2014_fig13,fluxv_old,CD,0.1928308825798527,0.011468422588883379,0.007261006497329009,-0.0015994588805297303
13,razak2014_fig13,fluxv_old,CD,0.20889803378925506,0.010176206457810935,0.0052102675012338255,0.003274414771414148
13,razak2014_fig13,fluxv_old,CD,0.22496759890573742,0.0089445067134276,0.0032909649587104348,0.007457261333605285
13,razak2014_fig13,fluxv_old,CD,0.24103716402221975,0.007761211608642335,0.0024277700602611187,0.010812411698572257
13,razak2014_fig13,fluxv_old,CD,0.25710654345354206,0.0066052032254502735,0.0035640156859619862,0.013239913272236689
13,razak2014_fig13,fluxv_old,CD,0.2731759228848644,0.0054486725408102316,0.00546235558928936,0.01467931843099645
13,razak2014_fig13,fluxv_old,CD,0.28924548800134675,0.0042585734009458615,0.007371790869322504,0.015105943758562801
13,razak2014_fig13,fluxv_old,CD,0.3053150531178291,0.0029987258433929326,0.009066616719256628,0.014540641919234437
13,razak2014_fig13,fluxv_old,CD,0.3213844325491514,0.0016313547688325408,0.010438759088125601,0.01305453120197966
13,razak2014_fig13,fluxv_old,CD,0.3374539976656337,0.00012078839999310476,0.011421264576800328,0.010746705580276211
13,razak2014_fig13,fluxv_old,CD,0.3535233770969561,-0.001565341836644904,0.011973520718636404,0.0077475275355651735
13,razak2014_fig13,fluxv_old,CD,0.3695929422134384,-0.0034544779414835136,0.012076668196485087,0.0042123769835898635
13,razak2014_fig13,fluxv_old,CD,0.38566250732992075,-0.005565888603076663,0.011735238328314003,0.0003149757015454914
13,razak2014_fig13,fluxv_old,CD,0.40173188676124305,-0.007909977501617926,0.010976715463291263,-0.003760111565151
13,razak2014_fig13,fluxv_old,CD,0.41780145187772544,-0.0104867164045966,0.009855306021964142,-0.007825229149011024
13,razak2014_fig13,fluxv_old,CD,0.43387083130904774,-0.01328506640032831,0.008460478830746347,-0.01169677389875275
13,razak2014_fig13,fluxv_old,CD,0.4499403964255301,-0.01628232855020889,0.006938675922647629,-0.015202654073917736
13,razak2014_fig13,fluxv_old,CD,0.4660099615420124,-0.019444073307437623,0.005548605909483072,-0.018188459980459783
13,razak2014_fig13,fluxv_old,CD,0.48207934097333477,-0.02272531216621132,0.0047471413956830365,-0.02052332761313898
13,razak2014_fig13,fluxv_old,CD,0.4981489060898171,-0.02607065294053324,0.00499771904441603,-0.02210479076920653
13,razak2014_fig13,fluxv_old,CD,0.5142182855211395,-0.029416826573920862,0.006166516754955964,-0.02286240595327554
13,razak2014_fig13,fluxv_old,CD,0.5302878506376217,-0.03269363292851439,0.007740479226576085,-0.022760607493480984
13,razak2014_fig13,fluxv_old,CD,0.5463574157541041,-0.03582588882831519,0.009352640285175613,-0.021800110379751027
13,razak2014_fig13,fluxv_old,CD,0.5624267951854264,-0.03873708416932162,0.010798257763145778,-0.0200182163730821
13,razak2014_fig13,fluxv_old,CD,0.5784963603019088,-0.041350821777574875,0.011954943726594681,-0.01748036762880398
13,razak2014_fig13,fluxv_old,CD,0.5945657397332311,-0.0435933018701007,0.012744494120878596,-0.01430151055483513
13,razak2014_fig13,fluxv_old,CD,0.6106353048497134,-0.04539654056112937,0.013119337165465149,-0.010619500868953377
13,razak2014_fig13,fluxv_old,CD,0.6267026417442758,-0.04670000734771645,0.013056773921750168,-0.006595578164156831
13,razak2014_fig13,fluxv_old,CD,0.6427720211755981,-0.04745392831349481,0.012557510202501196,-0.002407532687308916
13,razak2014_fig13,fluxv_old,CD,0.6588414006069204,-0.04761993547642084,0.011646955267349768,0.0017540760868522604
13,razak2014_fig13,fluxv_old,CD,0.6749109657234028,-0.047173184227077045,0.010375193590280711,0.005695833615587363
13,razak2014_fig13,fluxv_old,CD,0.6909805308398851,-0.04610358144288755,0.008825242869012392,0.00922902196967192
13,razak2014_fig13,fluxv_old,CD,0.7070499102712074,-0.04441575725560745,0.007132308597295281,0.012177940180153547
13,razak2014_fig13,fluxv_old,CD,0.7231192897025298,-0.04212995437540986,0.005539246832185456,0.014387749216402715
13,razak2014_fig13,fluxv_old,CD,0.7391888548190121,-0.03928116699930955,0.0045160018305681685,0.015731391283168337
13,razak2014_fig13,fluxv_old,CD,0.7552584199354945,-0.03591844911465073,0.0046458996123067186,0.01611554464910307
13,razak2014_fig13,fluxv_old,CD,0.7713279850519767,-0.03210334759476312,0.005840092466222838,0.015485341919056117
13,razak2014_fig13,fluxv_old,CD,0.7873975501684591,-0.02790847645717151,0.0074907626694194936,0.013827365353861795
13,razak2014_fig13,fluxv_old,CD,0.8034669295997815,-0.023415314727761018,0.009183033477135115,0.01117068699405957
13,razak2014_fig13,fluxv_old,CD,0.8195363090311037,-0.018711651398558612,0.0107026342493991,0.007586433135417075
13,razak2014_fig13,fluxv_old,CD,0.8356058741475861,-0.013889665617005345,0.011928024027640604,0.0031851597347495753
13,razak2014_fig13,fluxv_old,CD,0.8516754392640684,-0.009042806993523889,0.012782523312793793,-0.0018891254362959824
13,razak2014_fig13,fluxv_old,CD,0.8677450043805508,-0.0042626053278091575,0.013220226042457695,-0.007461666125801954
13,razak2014_fig13,fluxv_old,CD,0.8838143838118732,0.00036267043542996535,0.013218701486879803,-0.013328004526506801
13,razak2014_fig13,fluxv_old,CD,0.8998837632431954,0.004751329526478096,0.012778415482486696,-0.0192765711365542
13,razak2014_fig13,fluxv_old,CD,0.9159533283596778,0.00883046148644806,0.011921205876306141,-0.025090321628140243
13,razak2014_fig13,fluxv_old,CD,0.9320228934761601,0.012536656096303833,0.010690353107243856,-0.03055526202937727
13,razak2014_fig13,fluxv_old,CD,0.9480922729074824,0.01581889720920744,0.009152514133066569,-0.03546913321919939
13,razak2014_fig13,fluxv_old,CD,0.9641618380239648,0.01863873214558316,0.007405881625994814,-0.03964960234025874
13,razak2014_fig13,fluxv_old,CD,0.9802312174552871,0.020971386877290235,0.005605720278632624,-0.04294112207566808
13,razak2014_fig13,fluxv_old,CD,0.9963007825717695,0.022805144912387443,0.004059369202478773,-0.045221425952906166
13,razak2014_fig13,fluxv_v4b,CL,0.0,-0.3220112598809054,0.17847506313956638,-0.5076155383535847
13,razak2014_fig13,fluxv_v4b,CL,0.01606989190734216,-0.3129274495626314,0.22092123135404657,-0.38746371817435343
13,razak2014_fig13,fluxv_v4b,CL,0.032138951061984264,-0.29522439488968005,0.25425690952763963,-0.32136452252269465
13,razak2014_fig13,fluxv_v4b,CL,0.04820884579767544,-0.2696561156416171,0.27696664706715485,-0.33363746626251906
13,razak2014_fig13,fluxv_v4b,CL,0.06427781210997877,-0.237093090704653,0.2882985416313289,-0.3040338494774898
13,razak2014_fig13,fluxv_v4b,CL,0.08034724263397601,-0.19852331679079382,0.28809632627342796,-0.28735860288610243
13,razak2014_fig13,fluxv_v4b,CL,0.09641667315797325,-0.15500106643091816,0.27672864700193944,-0.2075368562624594
13,razak2014_fig13,fluxv_v4b,CL,0.11248610368197051,-0.10762084348365425,0.25513119980279475,-0.14708573086757945
13,razak2014_fig13,fluxv_v4b,CL,0.12855562704830653,-0.057473975650176756,0.22481498864874913,-0.0887065964954725
13,razak2014_fig13,fluxv_v4b,CL,0.1446250575723038,-0.005619393825629704,0.18810178463863417,-0.03395130884632229
13,razak2014_fig13,fluxv_v4b,CL,0.16069448809630105,0.046933307407293734,0.14867593041902252,0.019307593391576096
13,razak2014_fig13,fluxv_v4b,CL,0.17676391862029828,0.09927362957846364,0.11333313247836838,0.07689788829347116
13,razak2014_fig13,fluxv_v4b,CL,0.19283334914429553,0.150601604497147,0.09514137304517048,0.1368079958664484
13,razak2014_fig13,fluxv_v4b,CL,0.20890055145216194,0.20023689923670962,0.10613299527411224,0.19875894159456986
13,razak2014_fig13,fluxv_v4b,CL,0.22496998197615917,0.24765544781725113,0.13795534029281714,0.2626716459975211
13,razak2014_fig13,fluxv_v4b,CL,0.2410395053424952,0.2924661593842759,0.17604657315028238,0.32851639075437883
13,razak2014_fig13,fluxv_v4b,CL,0.25710893586649247,0.33443611572449505,0.21237609733996113,0.39632533330521286
13,razak2014_fig13,fluxv_v4b,CL,0.2731783663904897,0.373465797237685,0.24281999002365523,0.4661162129652817
13,razak2014_fig13,fluxv_v4b,CL,0.28924788975682575,0.4095909886311603,0.2649493377244201,0.5378054395948783
13,razak2014_fig13,fluxv_v4b,CL,0.3053172274384842,0.4429624515120677,0.27724254927798725,0.6111310701332286
13,razak2014_fig13,fluxv_v4b,CL,0.3213867508048202,0.4738154332758294,0.27881982906961483,0.6856044611406797
13,razak2014_fig13,fluxv_v4b,CL,0.3374561813288175,0.502466914436349,0.26937012541264677,0.7601533773400518
13,razak2014_fig13,fluxv_v4b,CL,0.3535256118528147,0.5292700837025045,0.24909713587179583,0.8446573689016109
13,razak2014_fig13,fluxv_v4b,CL,0.36959504237681196,0.5545876582555364,0.21873751723254634,0.9626857789636194
13,razak2014_fig13,fluxv_v4b,CL,0.38566447290080924,0.5787800260945516,0.17956215596413558,1.0879474954733985
13,razak2014_fig13,fluxv_v4b,CL,0.40173399626714523,0.6021595093691879,0.13359087646344037,1.1772705655110862
13,razak2014_fig13,fluxv_v4b,CL,0.4178033339488037,0.6249865529906687,0.08468927409573833,1.3125889200192355
13,razak2014_fig13,fluxv_v4b,CL,0.43387285731513975,0.6474252584274477,0.047375141095337546,1.168916771177745
13,razak2014_fig13,fluxv_v4b,CL,0.449942287839137,0.6695416897545664,0.06535960331870816,1.2946344050864373
13,razak2014_fig13,fluxv_v4b,CL,0.46601171836313426,0.6912949804127845,0.1159231830101429,1.1291407889076974
13,razak2014_fig13,fluxv_v4b,CL,0.48208124172947026,0.7125216641651392,0.16984099671677058,1.089275447311873
13,razak2014_fig13,fluxv_v4b,CL,0.4981505794111287,0.7329352516092845,0.22052209423400118,1.061296844660883
13,razak2014_fig13,fluxv_v4b,CL,0.5142201027774648,0.7521344881868729,0.26496712420616214,1.0352040228626447
13,razak2014_fig13,fluxv_v4b,CL,0.530289533301462,0.7696228346159376,0.3010948565256005,1.0787441642584015
13,razak2014_fig13,fluxv_v4b,CL,0.5463589638254592,0.7848076199155737,0.3273148832832123,1.0533669623878679
13,razak2014_fig13,fluxv_v4b,CL,0.5624283943494566,0.7970341321626079,0.34250750310456796,0.9972227755568149
13,razak2014_fig13,fluxv_v4b,CL,0.5784978248734538,0.8056127217018748,0.3459720556553278,1.0137333791137348
13,razak2014_fig13,fluxv_v4b,CL,0.5945673482397899,0.8098285413624072,0.3374857864260555,0.9947756101853901
13,razak2014_fig13,fluxv_v4b,CL,0.6106366859214483,0.8089951176464928,0.31727695526577415,0.9062507761031399
13,razak2014_fig13,fluxv_v4b,CL,0.6267039810716535,0.8024803952207974,0.2860275890517604,0.8657761642413552
13,razak2014_fig13,fluxv_v4b,CL,0.6427734115956507,0.789724523398106,0.24484510801628862,0.764728693707065
13,razak2014_fig13,fluxv_v4b,CL,0.6588428421196479,0.7702747938693167,0.19523543428018778,0.6784780856672759
13,razak2014_fig13,fluxv_v4b,CL,0.674912365485984,0.743819519716283,0.139095369074952,0.6107315200261647
13,razak2014_fig13,fluxv_v4b,CL,0.6909817031676424,0.7102104802578207,0.07892603052364552,0.5422800383118486
13,razak2014_fig13,fluxv_v4b,CL,0.7070511336916396,0.6694675794139745,0.023128990323435517,0.47329993782210494
13,razak2014_fig13,fluxv_v4b,CL,0.723120564215637,0.621798537882232,0.05448571065939251,0.4043031864540468
13,razak2014_fig13,fluxv_v4b,CL,0.739190087581973,0.5676118095111707,0.11432769324911272,0.33555417746815386
13,razak2014_fig13,fluxv_v4b,CL,0.755259610948309,0.5074987948187141,0.1711476678933223,0.26718037608299905
13,razak2014_fig13,fluxv_v4b,CL,0.7713290414723063,0.44225416839983855,0.221859468265941,0.19924331669904294
13,razak2014_fig13,fluxv_v4b,CL,0.7873984719963034,0.3728138379843059,0.2644790546774064,0.13179175661586418
13,razak2014_fig13,fluxv_v4b,CL,0.8034679025203006,0.3002900939124862,0.2974592149599883,0.06494019271685131
13,razak2014_fig13,fluxv_v4b,CL,0.8195373330442979,0.2259097799369224,0.31965992033155166,-0.001073022448332222
13,razak2014_fig13,fluxv_v4b,CL,0.8356067635682951,0.1509926953516424,0.33036526490197815,-0.06585632221837955
13,razak2014_fig13,fluxv_v4b,CL,0.8516762869346312,0.0769194099299596,0.3293092984204576,-0.1288229188598146
13,razak2014_fig13,fluxv_v4b,CL,0.8677457174586284,0.005091032596723055,0.31667094442356203,-0.18785752863242905
13,razak2014_fig13,fluxv_v4b,CL,0.8838152408249644,-0.06310678502282763,0.2930896692786852,-0.2559324359808087
13,razak2014_fig13,fluxv_v4b,CL,0.899884578506623,-0.1263438681869815,0.25963308537801205,-0.34316360625413483
13,razak2014_fig13,fluxv_v4b,CL,0.9159539161882814,-0.18338892652276045,0.21780139775895452,-0.4417788961123967
13,razak2014_fig13,fluxv_v4b,CL,0.9320234395546174,-0.23313199887192687,0.1695523898761224,-0.4044833546805471
13,razak2014_fig13,fluxv_v4b,CL,0.9480929629209535,-0.27462087322978895,0.11757457314236244,-0.4460971439263516
13,razak2014_fig13,fluxv_v4b,CL,0.9641624862872895,-0.30709814191549667,0.0671498974035801,-0.4411684576177727
13,razak2014_fig13,fluxv_v4b,CL,0.9802318239689479,-0.32999908413373913,0.041921467003088964,-0.40007181235087974
13,razak2014_fig13,fluxv_v4b,CL,0.9963011616506064,-0.3429974026420814,0.07422870539309566,-0.4579743871226952
13,razak2014_fig13,fluxv_v4b,CD,0.0,0.023500243442118804,0.00498083600301641,-0.013021164146890427
13,razak2014_fig13,fluxv_v4b,CD,0.01606696609466703,0.023739062250144535,0.0066190556689936135,-0.02127409301978803
13,razak2014_fig13,fluxv_v4b,CD,0.03213597415566937,0.0235730268547078,0.00846780516727344,-0.02396165370326458
13,razak2014_fig13,fluxv_v4b,CD,0.0482059106424717,0.023052969891327033,0.010180008127544465,-0.019849866665536686
13,razak2014_fig13,fluxv_v4b,CD,0.06427491870347404,0.022235299916384205,0.011591548965097669,-0.019210886399834995
13,razak2014_fig13,fluxv_v4b,CD,0.08034448381995637,0.02117850057579794,0.012609839161086808,-0.01757614753415753
13,razak2014_fig13,fluxv_v4b,CD,0.09641386325127871,0.01994099905046541,0.013180855806284166,-0.019039546649917468
13,razak2014_fig13,fluxv_v4b,CD,0.11248342836776104,0.01857975443072729,0.013277340411607247,-0.016974334919145805
13,razak2014_fig13,fluxv_v4b,CD,0.12855280779908337,0.017146065188528598,0.012895679215686233,-0.013425015945589716
13,razak2014_fig13,fluxv_v4b,CD,0.1446223729155657,0.015685795037504252,0.012053813979072056,-0.008874172803396996
13,razak2014_fig13,fluxv_v4b,CD,0.16069193803204804,0.014235745055353924,0.010789900939978073,-0.004281111660115666
13,razak2014_fig13,fluxv_v4b,CD,0.17676131746337037,0.012824034822736502,0.00916410357870962,3.771422699916393e-05
13,razak2014_fig13,fluxv_v4b,CD,0.1928308825798527,0.011468422588883379,0.007261006497329009,0.004058068283899849
13,razak2014_fig13,fluxv_v4b,CD,0.20889803378925506,0.010176206457810935,0.0052102675012338255,0.007603087223781126
13,razak2014_fig13,fluxv_v4b,CD,0.22496759890573742,0.0089445067134276,0.0032909649587104348,0.010511379627365085
13,razak2014_fig13,fluxv_v4b,CD,0.24103716402221975,0.007761211608642335,0.0024277700602611187,0.012646963422696531
13,razak2014_fig13,fluxv_v4b,CD,0.25710654345354206,0.0066052032254502735,0.0035640156859619862,0.013907913857572434
13,razak2014_fig13,fluxv_v4b,CD,0.2731759228848644,0.0054486725408102316,0.00546235558928936,0.014226252244496678
13,razak2014_fig13,fluxv_v4b,CD,0.28924548800134675,0.0042585734009458615,0.007371790869322504,0.013563502364807455
13,razak2014_fig13,fluxv_v4b,CD,0.3053150531178291,0.0029987258433929326,0.009066616719256628,0.011922168633708687
13,razak2014_fig13,fluxv_v4b,CD,0.3213844325491514,0.0016313547688325408,0.010438759088125601,0.009353542406799463
13,razak2014_fig13,fluxv_v4b,CD,0.3374539976656337,0.00012078839999310476,0.011421264576800328,0.0059726599377922344
13,razak2014_fig13,fluxv_v4b,CD,0.3535233770969561,-0.001565341836644904,0.011973520718636404,0.004294444048887163
13,razak2014_fig13,fluxv_v4b,CD,0.3695929422134384,-0.0034544779414835136,0.012076668196485087,0.008445734272096378
13,razak2014_fig13,fluxv_v4b,CD,0.38566250732992075,-0.005565888603076663,0.011735238328314003,0.017118945974710736
13,razak2014_fig13,fluxv_v4b,CD,0.40173188676124305,-0.007909977501617926,0.010976715463291263,0.024950273797774324
13,razak2014_fig13,fluxv_v4b,CD,0.41780145187772544,-0.0104867164045966,0.009855306021964142,0.04048572627648417
13,razak2014_fig13,fluxv_v4b,CD,0.43387083130904774,-0.01328506640032831,0.008460478830746347,0.025515134587142618
13,razak2014_fig13,fluxv_v4b,CD,0.4499403964255301,-0.01628232855020889,0.006938675922647629,0.042062717244462214
13,razak2014_fig13,fluxv_v4b,CD,0.4660099615420124,-0.019444073307437623,0.005548605909483072,0.023878123262095378
13,razak2014_fig13,fluxv_v4b,CD,0.48207934097333477,-0.02272531216621132,0.0047471413956830365,0.020687590937184506
13,razak2014_fig13,fluxv_v4b,CD,0.4981489060898171,-0.02607065294053324,0.00499771904441603,0.018897892858913076
13,razak2014_fig13,fluxv_v4b,CD,0.5142182855211395,-0.029416826573920862,0.006166516754955964,0.01722916155265648
13,razak2014_fig13,fluxv_v4b,CD,0.5302878506376217,-0.03269363292851439,0.007740479226576085,0.02374132491179792
13,razak2014_fig13,fluxv_v4b,CD,0.5463574157541041,-0.03582588882831519,0.009352640285175613,0.02126939352624079
13,razak2014_fig13,fluxv_v4b,CD,0.5624267951854264,-0.03873708416932162,0.010798257763145778,0.01470198455024709
13,razak2014_fig13,fluxv_v4b,CD,0.5784963603019088,-0.041350821777574875,0.011954943726594681,0.016506514016706185
13,razak2014_fig13,fluxv_v4b,CD,0.5945657397332311,-0.0435933018701007,0.012744494120878596,0.01493327687659663
13,razak2014_fig13,fluxv_v4b,CD,0.6106353048497134,-0.04539654056112937,0.013119337165465149,0.007858190738550068
13,razak2014_fig13,fluxv_v4b,CD,0.6267026417442758,-0.04670000734771645,0.013056773921750168,0.008239157349468873
13,razak2014_fig13,fluxv_v4b,CD,0.6427720211755981,-0.04745392831349481,0.012557510202501196,0.005014427138854252
13,razak2014_fig13,fluxv_v4b,CD,0.6588414006069204,-0.04761993547642084,0.011646955267349768,0.005707695266119322
13,razak2014_fig13,fluxv_v4b,CD,0.6749109657234028,-0.047173184227077045,0.010375193590280711,0.008637653231973642
13,razak2014_fig13,fluxv_v4b,CD,0.6909805308398851,-0.04610358144288755,0.008825242869012392,0.011403327411130065
13,razak2014_fig13,fluxv_v4b,CD,0.7070499102712074,-0.04441575725560745,0.007132308597295281,0.013720373971440287
13,razak2014_fig13,fluxv_v4b,CD,0.7231192897025298,-0.04212995437540986,0.005539246832185456,0.01539720005811908
13,razak2014_fig13,fluxv_v4b,CD,0.7391888548190121,-0.03928116699930955,0.0045160018305681685,0.0162811254645706
13,razak2014_fig13,fluxv_v4b,CD,0.7552584199354945,-0.03591844911465073,0.0046458996123067186,0.016261574530622488
13,razak2014_fig13,fluxv_v4b,CD,0.7713279850519767,-0.03210334759476312,0.005840092466222838,0.015271337003115015
13,razak2014_fig13,fluxv_v4b,CD,0.7873975501684591,-0.02790847645717151,0.0074907626694194936,0.013286174617312903
13,razak2014_fig13,fluxv_v4b,CD,0.8034669295997815,-0.023415314727761018,0.009183033477135115,0.010324005392705107
13,razak2014_fig13,fluxv_v4b,CD,0.8195363090311037,-0.018711651398558612,0.0107026342493991,0.006444797576314347
13,razak2014_fig13,fluxv_v4b,CD,0.8356058741475861,-0.013889665617005345,0.011928024027640604,0.0017486034383710778
13,razak2014_fig13,fluxv_v4b,CD,0.8516754392640684,-0.009042806993523889,0.012782523312793793,-0.00362942394814972
13,razak2014_fig13,fluxv_v4b,CD,0.8677450043805508,-0.0042626053278091575,0.013220226042457695,-0.009477698983550853
13,razak2014_fig13,fluxv_v4b,CD,0.8838143838118732,0.00036267043542996535,0.013218701486879803,-0.013405706054841626
13,razak2014_fig13,fluxv_v4b,CD,0.8998837632431954,0.004751329526478096,0.012778415482486696,-0.014366796400078995
13,razak2014_fig13,fluxv_v4b,CD,0.9159533283596778,0.00883046148644806,0.011921205876306141,-0.012341024940348817
13,razak2014_fig13,fluxv_v4b,CD,0.9320228934761601,0.012536656096303833,0.010690353107243856,-0.01848118463019498
13,razak2014_fig13,fluxv_v4b,CD,0.9480922729074824,0.01581889720920744,0.009152514133066569,-0.016667494961505682
13,razak2014_fig13,fluxv_v4b,CD,0.9641618380239648,0.01863873214558316,0.007405881625994814,-0.017273519324467378
13,razak2014_fig13,fluxv_v4b,CD,0.9802312174552871,0.020971386877290235,0.005605720278632624,-0.020029269368062607
13,razak2014_fig13,fluxv_v4b,CD,0.9963007825717695,0.022805144912387443,0.004059369202478773,-0.01576022989401696
14,razak2014_fig14,fluxv_old,CL,1.4654926808931534e-10,-0.6837106439267611,0.10295194828167618,-1.275207031223619
14,razak2014_fig14,fluxv_old,CL,0.01626773653830417,-0.6950561889868423,0.11757723472736871,-1.253783083601211
14,razak2014_fig14,fluxv_old,CL,0.0325370948950491,-0.6986555444450921,0.13266368293226014,-1.2158250804956603
14,razak2014_fig14,fluxv_old,CL,0.048803924894603695,-0.6944649482235762,0.14721231028970885,-1.1627439778509419
14,razak2014_fig14,fluxv_old,CL,0.06507142276209536,-0.6825009997311662,0.16043781385636713,-1.0963525973774912
14,razak2014_fig14,fluxv_old,CL,0.08134097193825088,-0.6628661625917154,0.17175061280985598,-1.0187417967458714
14,razak2014_fig14,fluxv_old,CL,0.0976082312814793,-0.635737446865283,0.1806860746054852,-0.9321494710732656
14,razak2014_fig14,fluxv_old,CL,0.11387549062470773,-0.6013780286343438,0.18692458517061628,-0.8387383491348527
14,razak2014_fig14,fluxv_old,CL,0.13014513521056856,-0.5601209524023503,0.19025201213080448,-0.7404808378764902
14,razak2014_fig14,fluxv_old,CL,0.14641239455379698,-0.5123733563978101,0.19058052952274687,-0.6390959976034585
14,razak2014_fig14,fluxv_old,CL,0.1626796538970254,-0.4586080219661324,0.1879597846693415,-0.535890929542907
14,razak2014_fig14,fluxv_old,CL,0.17894920307318093,-0.3993695606220252,0.1825553189481542,-0.4317724370660676
14,razak2014_fig14,fluxv_old,CL,0.19521646241640936,-0.3352550983737186,0.17470168589980792,-0.3273025167332244
14,razak2014_fig14,fluxv_old,CL,0.21148372175963778,-0.2669165392787185,0.16488389007079002,-0.22265649751669295
14,razak2014_fig14,fluxv_old,CL,0.22775327093579328,-0.19506147086611014,0.15380891537531735,-0.11775400238519455
14,razak2014_fig14,fluxv_old,CL,0.244020625688727,-0.12042917044555135,0.14241311937747006,-0.012413647001703542
14,razak2014_fig14,fluxv_old,CL,0.26028788503195543,-0.04379271775931193,0.13189181041972667,0.09361085532536087
14,razak2014_fig14,fluxv_old,CL,0.27655743420811096,0.034050210144465076,0.12367766839143077,0.2004745128274843
14,razak2014_fig14,fluxv_old,CL,0.2928247889610447,0.11227582987459317,0.11919145178828179,0.30810780697348616
14,razak2014_fig14,fluxv_old,CL,0.3090919528945678,0.1900639797290935,0.11942112724557913,0.41621895736237097
14,razak2014_fig14,fluxv_old,CL,0.32535930764750154,0.266591027220497,0.12445391711175767,0.5241738218268046
14,razak2014_fig14,fluxv_old,CL,0.34162876141395176,0.34104118685461815,0.13345894552093096,0.630970449129398
14,razak2014_fig14,fluxv_old,CL,0.3578961161668855,0.4126193469465034,0.1450806443831502,0.7351750229908659
14,razak2014_fig14,fluxv_old,CL,0.3741634709198192,0.48055680396167677,0.15790866755919006,0.8350332379831797
14,razak2014_fig14,fluxv_old,CL,0.39043292468626944,0.544117449568537,0.1707258256676048,0.9284964922329191
14,razak2014_fig14,fluxv_old,CL,0.40670027943920317,0.602616331795552,0.18256256232657092,1.0131482390580524
14,razak2014_fig14,fluxv_old,CL,0.4229674433727263,0.6554226731055972,0.1926646607584457,1.086719399811882
14,razak2014_fig14,fluxv_old,CL,0.43923708795858707,0.7019497598469173,0.20048192601099127,1.1470909465395915
14,razak2014_fig14,fluxv_old,CL,0.45550425189211025,0.7416910082414918,0.2056239701682889,1.1923435720323958
14,razak2014_fig14,fluxv_old,CL,0.4717716066450439,0.7742130228140522,0.20784693282364186,1.221009473591277
14,razak2014_fig14,fluxv_old,CL,0.48804125123090475,0.7991583126589898,0.2070269220253805,1.232152511035181
14,razak2014_fig14,fluxv_old,CL,0.5043084151644279,0.8162468004775236,0.20315307270587976,1.2254530693418992
14,razak2014_fig14,fluxv_old,CL,0.5205757699173617,0.825291818371706,0.1963453533201668,1.2012413830493145
14,razak2014_fig14,fluxv_old,CL,0.5368452236838118,0.8261812448797945,0.1868046167155891,1.160453925571813
14,razak2014_fig14,fluxv_old,CL,0.5531125784367456,0.8189180980761293,0.174840215512028,1.1045763823817245
14,razak2014_fig14,fluxv_old,CL,0.5693799331896793,0.8035755662634627,0.1608606460714441,1.0354884815379004
14,razak2014_fig14,fluxv_old,CL,0.5856493869561296,0.7803246233531735,0.1453866771212573,0.9553195845660232
14,razak2014_fig14,fluxv_old,CL,0.6019167417090632,0.7494207493381684,0.12903837203468363,0.8662527570768673
14,razak2014_fig14,fluxv_old,CL,0.6181839056425864,0.711213588130772,0.11259514851010732,0.77051333927786
14,razak2014_fig14,fluxv_old,CL,0.6344535502284472,0.6661223502568527,0.09703757890069403,0.6701019968949564
14,razak2014_fig14,fluxv_old,CL,0.6507208095716756,0.6146462252122977,0.08359341584808055,0.5666775029260479
14,razak2014_fig14,fluxv_old,CL,0.666988068914904,0.5573646832704455,0.073710127805878,0.46148047089042565
14,razak2014_fig14,fluxv_old,CL,0.6832577135007648,0.4949154435394032,0.06866647287207435,0.3553593479032285
14,razak2014_fig14,fluxv_old,CL,0.6995248774342879,0.42798753239106246,0.06875007353130086,0.24884152034911988
14,razak2014_fig14,fluxv_old,CL,0.7157922321872217,0.3573166054458734,0.07289026791133367,0.14209559002855876
14,razak2014_fig14,fluxv_old,CL,0.7320617813633772,0.28369022920293885,0.07929326352801148,0.035070103001955
14,razak2014_fig14,fluxv_old,CL,0.7483290407066057,0.20790653342155307,0.08635238850627197,-0.0723588880985866
14,razak2014_fig14,fluxv_old,CL,0.764596300049834,0.13079971384937683,0.0929630276375629,-0.18034980287456737
14,razak2014_fig14,fluxv_old,CL,0.7808658492259896,0.0532086442492985,0.09846980607888661,-0.28894264572955536
14,razak2014_fig14,fluxv_old,CL,0.7971332039789233,-0.02405496428485676,0.10256231488434257,-0.3979296334598547
14,razak2014_fig14,fluxv_old,CL,0.8134004633221518,-0.10014484370806664,0.1051460883270792,-0.5068599602202036
14,razak2014_fig14,fluxv_old,CL,0.8296700124983073,-0.17427418203981326,0.10631589394138209,-0.6149560738341818
14,razak2014_fig14,fluxv_old,CL,0.8459372718415358,-0.2456774447236778,0.10628314783478977,-0.7210346111250833
14,razak2014_fig14,fluxv_old,CL,0.8622046265944695,-0.31363316108860995,0.10532475832802536,-0.8235965176675096
14,razak2014_fig14,fluxv_old,CL,0.878474175770625,-0.3774672442307021,0.10373574218785385,-0.9208186910068431
14,razak2014_fig14,fluxv_old,CL,0.8947414351138534,-0.43656370517709775,0.10176780681425682,-1.0105990925447947
14,razak2014_fig14,fluxv_old,CL,0.9110085036376713,-0.490383063139467,0.09957411948000486,-1.090749388790857
14,razak2014_fig14,fluxv_old,CL,0.927278148223532,-0.5384481605646074,0.09715769825943825,-1.1590915833632893
14,razak2014_fig14,fluxv_old,CL,0.9435455029764658,-0.5803725330332427,0.09438801143733873,-1.2135799304554216
14,razak2014_fig14,fluxv_old,CL,0.9598128577293995,-0.6158386791247725,0.0910495685058084,-1.2525167675593527
14,razak2014_fig14,fluxv_old,CL,0.9760800216629226,-0.6446332209833372,0.08697969525790473,-1.2746454344391476
14,razak2014_fig14,fluxv_old,CL,0.9923494754293729,-0.6666124982703382,0.08229700201520178,-1.2791817078920107
14,razak2014_fig14,fluxv_old,CD,0.0,0.10326323431666179,0.014748332593577473,-0.17903080095561577
14,razak2014_fig14,fluxv_old,CD,0.01626583490102409,0.10292401884383606,0.016256850951646428,-0.18439333883493567
14,razak2014_fig14,fluxv_old,CD,0.0325325976574235,0.10109050721805468,0.017527873777017436,-0.1858800671128878
14,razak2014_fig14,fluxv_old,CD,0.048802331376382874,0.09777627464585253,0.018522745845536474,-0.1834918993540661
14,razak2014_fig14,fluxv_old,CD,0.0650685370773023,0.0930109301348972,0.019226727353227595,-0.1773914283573442
14,razak2014_fig14,fluxv_old,CD,0.08133771374078168,0.08683764613578066,0.019637536159650786,-0.16788969358422184
14,razak2014_fig14,fluxv_old,CD,0.0976044764971811,0.0793154759732908,0.01976651238534301,-0.15544232261176133
14,razak2014_fig14,fluxv_old,CD,0.11387346747550048,0.07051544832772044,0.019630148612247034,-0.14061903130995176
14,razak2014_fig14,fluxv_old,CD,0.13014023023189988,0.06052110836095087,0.019254018929623615,-0.12409351885907377
14,razak2014_fig14,fluxv_old,CD,0.14640940689537926,0.049429623495840236,0.018668191125950435,-0.10659867279895717
14,razak2014_fig14,fluxv_old,CD,0.1626761696517787,0.03734721913534378,0.017907414906690358,-0.08891344878062483
14,razak2014_fig14,fluxv_old,CD,0.17894516063009808,0.02439204898347941,0.017012533527553286,-0.071809827283565
14,razak2014_fig14,fluxv_old,CD,0.19521192338649748,0.010688666148385595,0.016027307619656976,-0.05603934880025285
14,razak2014_fig14,fluxv_old,CD,0.21148091436481686,-0.00362840072008222,0.015000015040557146,-0.04232474793548157
14,razak2014_fig14,fluxv_old,CD,0.22775009102829624,-0.01841994105508321,0.013979004229472607,-0.031245263082769835
14,razak2014_fig14,fluxv_old,CD,0.24401685378469568,-0.033541544773928844,0.013014247003873313,-0.02326886991543793
14,razak2014_fig14,fluxv_old,CD,0.26028584476301503,-0.048844402203597675,0.012154562347398694,-0.018730826954605553
14,razak2014_fig14,fluxv_old,CD,0.2765527932045745,-0.06417965661662628,0.011439781845254321,-0.01782038275227583
14,razak2014_fig14,fluxv_old,CD,0.29282178418289384,-0.07939558096458538,0.010895479586700946,-0.02056883958671341
14,razak2014_fig14,fluxv_old,CD,0.3090885469392933,-0.0943439067005373,0.010530125371309748,-0.026850072832747013
14,razak2014_fig14,fluxv_old,CD,0.3253575379176126,-0.10887690640362807,0.010328967631494258,-0.03638793919937433
14,razak2014_fig14,fluxv_old,CD,0.34162430067401206,-0.12285249918605118,0.010259091785032036,-0.04876154088625091
14,razak2014_fig14,fluxv_old,CD,0.35789329165233147,-0.13613206266149167,0.01027617254750058,-0.06343322150203465
14,razak2014_fig14,fluxv_old,CD,0.3741602400938909,-0.14858605595095253,0.010335837580035326,-0.07975813092218931
14,razak2014_fig14,fluxv_old,CD,0.3904292310722102,-0.16009119641623112,0.010394326251518518,-0.09702527051506453
14,razak2014_fig14,fluxv_old,CD,0.40669822205052963,-0.17053438870583115,0.010420464994084017,-0.11446533928679307
14,razak2014_fig14,fluxv_old,CD,0.42296517049208904,-0.17981168955723742,0.010392044111078507,-0.13128438907098552
14,razak2014_fig14,fluxv_old,CD,0.43923416147040845,-0.18783334262221646,0.010296664757018625,-0.1467341478295398
14,razak2014_fig14,fluxv_old,CD,0.4555009242268078,-0.19451909654983135,0.010131244865949303,-0.16011135526095685
14,razak2014_fig14,fluxv_old,CD,0.47176991520512723,-0.19980495729887768,0.009903454311926662,-0.17080153127907036
14,razak2014_fig14,fluxv_old,CD,0.4880366779615266,-0.20363718869652048,0.009625574304328914,-0.17829131180456975
14,razak2014_fig14,fluxv_old,CD,0.504305854625006,-0.20597972351291918,0.009315979602781308,-0.1822017269997517
14,razak2014_fig14,fluxv_old,CD,0.5205726173814055,-0.2068112225585986,0.008997232812252624,-0.18229719008386375
14,razak2014_fig14,fluxv_old,CD,0.5368416083597248,-0.20612138091074717,0.008692719990447725,-0.1785010233737431
14,razak2014_fig14,fluxv_old,CD,0.5531083711161242,-0.2039196565122193,0.008421498186401765,-0.1708996163386315
14,razak2014_fig14,fluxv_old,CD,0.5693775477796036,-0.20022870607686793,0.008200059982057507,-0.15973654224913833
14,razak2014_fig14,fluxv_old,CD,0.5856443105360031,-0.19508607904945868,0.008032357950548174,-0.14541205486613457
14,razak2014_fig14,fluxv_old,CD,0.6019133015143224,-0.1885440999695645,0.007914204246530233,-0.1284349796962259
14,razak2014_fig14,fluxv_old,CD,0.6181822924926418,-0.18066850389274625,0.007830682611870001,-0.1094796444475921
14,razak2014_fig14,fluxv_old,CD,0.6344490552490412,-0.1715383658088892,0.007758524624967766,-0.08931173209047817
14,razak2014_fig14,fluxv_old,CD,0.6507180462273606,-0.16124574773388792,0.007673897210919074,-0.06872115207400256
14,razak2014_fig14,fluxv_old,CD,0.66698499466892,-0.1498928754431223,0.007550567518274302,-0.04853056374198996
14,razak2014_fig14,fluxv_old,CD,0.6832541713323994,-0.1375945617752239,0.0073715959478910945,-0.029539428349311638
14,razak2014_fig14,fluxv_old,CD,0.6995209340887988,-0.12447352471509063,0.007127853938009402,-0.012511110860771451
14,razak2014_fig14,fluxv_old,CD,0.7157899250671181,-0.11065930514171951,0.006823858715067186,0.0018792121625285639
14,razak2014_fig14,fluxv_old,CD,0.7320566878235176,-0.09628996078812072,0.006485254949988294,0.013053944154563584
14,razak2014_fig14,fluxv_old,CD,0.748325678801837,-0.0815081136681845,0.0061636613657148525,0.02057200904954507
14,razak2014_fig14,fluxv_old,CD,0.7645924415582364,-0.06646095007668115,0.005940340983688112,0.024133469299906025
14,razak2014_fig14,fluxv_old,CD,0.7808616182217157,-0.0512961503800225,0.0059221779690521404,0.023599933289047775
14,razak2014_fig14,fluxv_old,CD,0.7971306092000352,-0.03616313595897683,0.006208527776221068,0.018962794819793093
14,razak2014_fig14,fluxv_old,CD,0.8133973719564346,-0.02121026946936591,0.006845456703973692,0.010399168648579317
14,razak2014_fig14,fluxv_old,CD,0.829666548619914,-0.006584125498213189,0.007811366763403507,-0.0017042494678111393
14,razak2014_fig14,fluxv_old,CD,0.8459333113763133,0.007573873828863653,0.009036358580827263,-0.016864552372127
14,razak2014_fig14,fluxv_old,CD,0.8622023023546328,0.021126164850496065,0.010440933676381032,-0.03448959698167855
14,razak2014_fig14,fluxv_old,CD,0.8784690651110322,0.03394207738107763,0.011947734547314721,-0.05388470566929257
14,razak2014_fig14,fluxv_old,CD,0.8947380560893515,0.04590119910337137,0.013486367748303422,-0.07429936679785458
14,razak2014_fig14,fluxv_old,CD,0.911004818845751,0.05688928183205055,0.014992651020374427,-0.09493632650626496
14,razak2014_fig14,fluxv_old,CD,0.9272739955092304,0.06680408802812465,0.016406272332414637,-0.11500507788062962
14,razak2014_fig14,fluxv_old,CD,0.9435407582656298,0.0755546732186983,0.01767049579090767,-0.1337302705140337
14,razak2014_fig14,fluxv_old,CD,0.9598097492439491,0.08306206828638057,0.018733549745974697,-0.15040516524217384
14,razak2014_fig14,fluxv_old,CD,0.9760765120003486,0.08926092637475791,0.019544909490451536,-0.1643985896347291
14,razak2014_fig14,fluxv_old,CD,0.992345688663828,0.09409899352592022,0.02006027326713672,-0.1751816419205367
14,razak2014_fig14,fluxv_v4b,CL,1.4654926808931534e-10,-0.6837106439267611,0.10295194828167618,-0.8259004707522145
14,razak2014_fig14,fluxv_v4b,CL,0.01626773653830417,-0.6950561889868423,0.11757723472736871,-0.8650990114603561
14,razak2014_fig14,fluxv_v4b,CL,0.0325370948950491,-0.6986555444450921,0.13266368293226014,-0.8609575768936218
14,razak2014_fig14,fluxv_v4b,CL,0.048803924894603695,-0.6944649482235762,0.14721231028970885,-0.9133538311046397
14,razak2014_fig14,fluxv_v4b,CL,0.06507142276209536,-0.6825009997311662,0.16043781385636713,-0.8017387873185524
14,razak2014_fig14,fluxv_v4b,CL,0.08134097193825088,-0.6628661625917154,0.17175061280985598,-0.6862179732271358
14,razak2014_fig14,fluxv_v4b,CL,0.0976082312814793,-0.635737446865283,0.1806860746054852,-0.5879664474577301
14,razak2014_fig14,fluxv_v4b,CL,0.11387549062470773,-0.6013780286343438,0.18692458517061628,-0.5042074573799998
14,razak2014_fig14,fluxv_v4b,CL,0.13014513521056856,-0.5601209524023503,0.19025201213080448,-0.5437603093345609
14,razak2014_fig14,fluxv_v4b,CL,0.14641239455379698,-0.5123733563978101,0.19058052952274687,-0.5050711743161546
14,razak2014_fig14,fluxv_v4b,CL,0.1626796538970254,-0.4586080219661324,0.1879597846693415,-0.4155930248371301
14,razak2014_fig14,fluxv_v4b,CL,0.17894920307318093,-0.3993695606220252,0.1825553189481542,-0.3684542152059688
14,razak2014_fig14,fluxv_v4b,CL,0.19521646241640936,-0.3352550983737186,0.17470168589980792,-0.24650327528388286
14,razak2014_fig14,fluxv_v4b,CL,0.21148372175963778,-0.2669165392787185,0.16488389007079002,-0.13669072614353292
14,razak2014_fig14,fluxv_v4b,CL,0.22775327093579328,-0.19506147086611014,0.15380891537531735,-0.04646467638020284
14,razak2014_fig14,fluxv_v4b,CL,0.244020625688727,-0.12042917044555135,0.14241311937747006,0.04338828789660064
14,razak2014_fig14,fluxv_v4b,CL,0.26028788503195543,-0.04379271775931193,0.13189181041972667,0.14095512063458526
14,razak2014_fig14,fluxv_v4b,CL,0.27655743420811096,0.034050210144465076,0.12367766839143077,0.24240241893441536
14,razak2014_fig14,fluxv_v4b,CL,0.2928247889610447,0.11227582987459317,0.11919145178828179,0.34541091374229416
14,razak2014_fig14,fluxv_v4b,CL,0.3090919528945678,0.1900639797290935,0.11942112724557913,0.44943705869170725
14,razak2014_fig14,fluxv_v4b,CL,0.32535930764750154,0.266591027220497,0.12445391711175767,0.5536780525046116
14,razak2014_fig14,fluxv_v4b,CL,0.34162876141395176,0.34104118685461815,0.13345894552093096,0.6555973644227442
14,razak2014_fig14,fluxv_v4b,CL,0.3578961161668855,0.4126193469465034,0.1450806443831502,0.7517201465198329
14,razak2014_fig14,fluxv_v4b,CL,0.3741634709198192,0.48055680396167677,0.15790866755919006,0.8472825428590841
14,razak2014_fig14,fluxv_v4b,CL,0.39043292468626944,0.544117449568537,0.1707258256676048,0.9313648048561786
14,razak2014_fig14,fluxv_v4b,CL,0.40670027943920317,0.602616331795552,0.18256256232657092,1.018872063068807
14,razak2014_fig14,fluxv_v4b,CL,0.4229674433727263,0.6554226731055972,0.1926646607584457,1.1154515347771534
14,razak2014_fig14,fluxv_v4b,CL,0.43923708795858707,0.7019497598469173,0.20048192601099127,1.1717733791187055
14,razak2014_fig14,fluxv_v4b,CL,0.45550425189211025,0.7416910082414918,0.2056239701682889,1.1900924158055883
14,razak2014_fig14,fluxv_v4b,CL,0.4717716066450439,0.7742130228140522,0.20784693282364186,1.2415676198790422
14,razak2014_fig14,fluxv_v4b,CL,0.48804125123090475,0.7991583126589898,0.2070269220253805,1.2150544281161202
14,razak2014_fig14,fluxv_v4b,CL,0.5043084151644279,0.8162468004775236,0.20315307270587976,1.2154006822452095
14,razak2014_fig14,fluxv_v4b,CL,0.5205757699173617,0.825291818371706,0.1963453533201668,1.1410419412791548
14,razak2014_fig14,fluxv_v4b,CL,0.5368452236838118,0.8261812448797945,0.1868046167155891,1.0611588504067617
14,razak2014_fig14,fluxv_v4b,CL,0.5531125784367456,0.8189180980761293,0.174840215512028,1.032316533033455
14,razak2014_fig14,fluxv_v4b,CL,0.5693799331896793,0.8035755662634627,0.1608606460714441,0.8686872074344217
14,razak2014_fig14,fluxv_v4b,CL,0.5856493869561296,0.7803246233531735,0.1453866771212573,0.7524636203296612
14,razak2014_fig14,fluxv_v4b,CL,0.6019167417090632,0.7494207493381684,0.12903837203468363,0.6964408138706175
14,razak2014_fig14,fluxv_v4b,CL,0.6181839056425864,0.711213588130772,0.11259514851010732,0.6181413742252763
14,razak2014_fig14,fluxv_v4b,CL,0.6344535502284472,0.6661223502568527,0.09703757890069403,0.5392999287576736
14,razak2014_fig14,fluxv_v4b,CL,0.6507208095716756,0.6146462252122977,0.08359341584808055,0.4324299386948278
14,razak2014_fig14,fluxv_v4b,CL,0.666988068914904,0.5573646832704455,0.073710127805878,0.3234211047555497
14,razak2014_fig14,fluxv_v4b,CL,0.6832577135007648,0.4949154435394032,0.06866647287207435,0.21278775023257718
14,razak2014_fig14,fluxv_v4b,CL,0.6995248774342879,0.42798753239106246,0.06875007353130086,0.09991780185562499
14,razak2014_fig14,fluxv_v4b,CL,0.7157922321872217,0.3573166054458734,0.07289026791133367,-0.009385665049863594
14,razak2014_fig14,fluxv_v4b,CL,0.7320617813633772,0.28369022920293885,0.07929326352801148,-0.11653134958594585
14,razak2014_fig14,fluxv_v4b,CL,0.7483290407066057,0.20790653342155307,0.08635238850627197,-0.223532585965466
14,razak2014_fig14,fluxv_v4b,CL,0.764596300049834,0.13079971384937683,0.0929630276375629,-0.33108328396287523
14,razak2014_fig14,fluxv_v4b,CL,0.7808658492259896,0.0532086442492985,0.09846980607888661,-0.4332385304552787
14,razak2014_fig14,fluxv_v4b,CL,0.7971332039789233,-0.02405496428485676,0.10256231488434257,-0.5744503241034137
14,razak2014_fig14,fluxv_v4b,CL,0.8134004633221518,-0.10014484370806664,0.1051460883270792,-0.8750575611812864
14,razak2014_fig14,fluxv_v4b,CL,0.8296700124983073,-0.17427418203981326,0.10631589394138209,-1.0419358213901233
14,razak2014_fig14,fluxv_v4b,CL,0.8459372718415358,-0.2456774447236778,0.10628314783478977,-1.1437048340101696
14,razak2014_fig14,fluxv_v4b,CL,0.8622046265944695,-0.31363316108860995,0.10532475832802536,-1.112050694377705
14,razak2014_fig14,fluxv_v4b,CL,0.878474175770625,-0.3774672442307021,0.10373574218785385,-1.1718117285669563
14,razak2014_fig14,fluxv_v4b,CL,0.8947414351138534,-0.43656370517709775,0.10176780681425682,-1.0194286759073827
14,razak2014_fig14,fluxv_v4b,CL,0.9110085036376713,-0.490383063139467,0.09957411948000486,-0.904122330979709
14,razak2014_fig14,fluxv_v4b,CL,0.927278148223532,-0.5384481605646074,0.09715769825943825,-0.990601836503639
14,razak2014_fig14,fluxv_v4b,CL,0.9435455029764658,-0.5803725330332427,0.09438801143733873,-1.013626529221328
14,razak2014_fig14,fluxv_v4b,CL,0.9598128577293995,-0.6158386791247725,0.0910495685058084,-1.0519084890350232
14,razak2014_fig14,fluxv_v4b,CL,0.9760800216629226,-0.6446332209833372,0.08697969525790473,-0.9680985526563535
14,razak2014_fig14,fluxv_v4b,CL,0.9923494754293729,-0.6666124982703382,0.08229700201520178,-0.7693257915838654
14,razak2014_fig14,fluxv_v4b,CD,0.0,0.10326323431666179,0.014748332593577473,0.05877012063057703
14,razak2014_fig14,fluxv_v4b,CD,0.01626583490102409,0.10292401884383606,0.016256850951646428,0.0722282252039036
14,razak2014_fig14,fluxv_v4b,CD,0.0325325976574235,0.10109050721805468,0.017527873777017436,0.07680559136389221
14,razak2014_fig14,fluxv_v4b,CD,0.048802331376382874,0.09777627464585253,0.018522745845536474,0.0932485171204277
14,razak2014_fig14,fluxv_v4b,CD,0.0650685370773023,0.0930109301348972,0.019226727353227595,0.07491295378667485
14,razak2014_fig14,fluxv_v4b,CD,0.08133771374078168,0.08683764613578066,0.019637536159650786,0.055370123015194964
14,razak2014_fig14,fluxv_v4b,CD,0.0976044764971811,0.0793154759732908,0.01976651238534301,0.03888536754168517
14,razak2014_fig14,fluxv_v4b,CD,0.11387346747550048,0.07051544832772044,0.019630148612247034,0.024400058977434767
14,razak2014_fig14,fluxv_v4b,CD,0.13014023023189988,0.06052110836095087,0.019254018929623615,0.0327166525491144
14,razak2014_fig14,fluxv_v4b,CD,0.14640940689537926,0.049429623495840236,0.018668191125950435,0.02426590916567949
14,razak2014_fig14,fluxv_v4b,CD,0.1626761696517787,0.03734721913534378,0.017907414906690358,0.004929991703354975
14,razak2014_fig14,fluxv_v4b,CD,0.17894516063009808,0.02439204898347941,0.017012533527553286,-0.009185465439928441
14,razak2014_fig14,fluxv_v4b,CD,0.19521192338649748,0.010688666148385595,0.016027307619656976,-0.027800596798837268
14,razak2014_fig14,fluxv_v4b,CD,0.21148091436481686,-0.00362840072008222,0.015000015040557146,-0.025639900545663945
14,razak2014_fig14,fluxv_v4b,CD,0.22775009102829624,-0.01841994105508321,0.013979004229472607,-0.019540579909276795
14,razak2014_fig14,fluxv_v4b,CD,0.24401685378469568,-0.033541544773928844,0.013014247003873313,-0.015286954576958446
14,razak2014_fig14,fluxv_v4b,CD,0.26028584476301503,-0.048844402203597675,0.012154562347398694,-0.014193086979798418
14,razak2014_fig14,fluxv_v4b,CD,0.2765527932045745,-0.06417965661662628,0.011439781845254321,-0.015998054500202814
14,razak2014_fig14,fluxv_v4b,CD,0.29282178418289384,-0.07939558096458538,0.010895479586700946,-0.020742695814467364
14,razak2014_fig14,fluxv_v4b,CD,0.3090885469392933,-0.0943439067005373,0.010530125371309748,-0.028502884543111288
14,razak2014_fig14,fluxv_v4b,CD,0.3253575379176126,-0.10887690640362807,0.010328967631494258,-0.03914109841327337
14,razak2014_fig14,fluxv_v4b,CD,0.34162430067401206,-0.12285249918605118,0.010259091785032036,-0.05222035240682586
14,razak2014_fig14,fluxv_v4b,CD,0.35789329165233147,-0.13613206266149167,0.01027617254750058,-0.0670952852538797
14,razak2014_fig14,fluxv_v4b,CD,0.3741602400938909,-0.14858605595095253,0.010335837580035326,-0.08334743568258982
14,razak2014_fig14,fluxv_v4b,CD,0.3904292310722102,-0.16009119641623112,0.010394326251518518,-0.09616646764894866
14,razak2014_fig14,fluxv_v4b,CD,0.40669822205052963,-0.17053438870583115,0.010420464994084017,-0.10156773279720498
14,razak2014_fig14,fluxv_v4b,CD,0.42296517049208904,-0.17981168955723742,0.010392044111078507,-0.10414588413231653
14,razak2014_fig14,fluxv_v4b,CD,0.43923416147040845,-0.18783334262221646,0.010296664757018625,-0.10598583845449357
14,razak2014_fig14,fluxv_v4b,CD,0.4555009242268078,-0.19451909654983135,0.010131244865949303,-0.10739183407817383
14,razak2014_fig14,fluxv_v4b,CD,0.47176991520512723,-0.19980495729887768,0.009903454311926662,-0.10895194513974923
14,razak2014_fig14,fluxv_v4b,CD,0.4880366779615266,-0.20363718869652048,0.009625574304328914,-0.11025433062110195
14,razak2014_fig14,fluxv_v4b,CD,0.504305854625006,-0.20597972351291918,0.009315979602781308,-0.1113514546193863
14,razak2014_fig14,fluxv_v4b,CD,0.5205726173814055,-0.2068112225585986,0.008997232812252624,-0.11202948950755273
14,razak2014_fig14,fluxv_v4b,CD,0.5368416083597248,-0.20612138091074717,0.008692719990447725,-0.11189016714239107
14,razak2014_fig14,fluxv_v4b,CD,0.5531083711161242,-0.2039196565122193,0.008421498186401765,-0.11070510556233237
14,razak2014_fig14,fluxv_v4b,CD,0.5693775477796036,-0.20022870607686793,0.008200059982057507,-0.1069375132960041
14,razak2014_fig14,fluxv_v4b,CD,0.5856443105360031,-0.19508607904945868,0.008032357950548174,-0.1003454926691481
14,razak2014_fig14,fluxv_v4b,CD,0.6019133015143224,-0.1885440999695645,0.007914204246530233,-0.09234454329254073
14,razak2014_fig14,fluxv_v4b,CD,0.6181822924926418,-0.18066850389274625,0.007830682611870001,-0.08018413973099614
14,razak2014_fig14,fluxv_v4b,CD,0.6344490552490412,-0.1715383658088892,0.007758524624967766,-0.06390608941592185
14,razak2014_fig14,fluxv_v4b,CD,0.6507180462273606,-0.16124574773388792,0.007673897210919074,-0.045863315391181124
14,razak2014_fig14,fluxv_v4b,CD,0.66698499466892,-0.1498928754431223,0.007550567518274302,-0.028160480669342295
14,razak2014_fig14,fluxv_v4b,CD,0.6832541713323994,-0.1375945617752239,0.0073715959478910945,-0.01171535021552436
14,razak2014_fig14,fluxv_v4b,CD,0.6995209340887988,-0.12447352471509063,0.007127853938009402,0.00269124948448067
14,razak2014_fig14,fluxv_v4b,CD,0.7157899250671181,-0.11065930514171951,0.006823858715067186,0.013775602459013814
14,razak2014_fig14,fluxv_v4b,CD,0.7320566878235176,-0.09628996078812072,0.006485254949988294,0.021047883187401206
14,razak2014_fig14,fluxv_v4b,CD,0.748325678801837,-0.0815081136681845,0.0061636613657148525,0.024363291793771284
14,razak2014_fig14,fluxv_v4b,CD,0.7645924415582364,-0.06646095007668115,0.005940340983688112,0.023567734522870903
14,razak2014_fig14,fluxv_v4b,CD,0.7808616182217157,-0.0512961503800225,0.0059221779690521404,0.01861802558023372
14,razak2014_fig14,fluxv_v4b,CD,0.7971306092000352,-0.03616313595897683,0.006208527776221068,0.026142639352343778
14,razak2014_fig14,fluxv_v4b,CD,0.8133973719564346,-0.02121026946936591,0.006845456703973692,0.06957412894666364
14,razak2014_fig14,fluxv_v4b,CD,0.829666548619914,-0.006584125498213189,0.007811366763403507,0.10024808183735522
14,razak2014_fig14,fluxv_v4b,CD,0.8459333113763133,0.007573873828863653,0.009036358580827263,0.11970957447075929
14,razak2014_fig14,fluxv_v4b,CD,0.8622023023546328,0.021126164850496065,0.010440933676381032,0.11375311452942988
14,razak2014_fig14,fluxv_v4b,CD,0.8784690651110322,0.03394207738107763,0.011947734547314721,0.12425540546538236
14,razak2014_fig14,fluxv_v4b,CD,0.8947380560893515,0.04590119910337137,0.013486367748303422,0.09265455353466048
14,razak2014_fig14,fluxv_v4b,CD,0.911004818845751,0.05688928183205055,0.014992651020374427,0.06760963917016216
14,razak2014_fig14,fluxv_v4b,CD,0.9272739955092304,0.06680408802812465,0.016406272332414637,0.08433685802179823
14,razak2014_fig14,fluxv_v4b,CD,0.9435407582656298,0.0755546732186983,0.01767049579090767,0.08932608711714979
14,razak2014_fig14,fluxv_v4b,CD,0.9598097492439491,0.08306206828638057,0.018733549745974697,0.09889018344450855
14,razak2014_fig14,fluxv_v4b,CD,0.9760765120003486,0.08926092637475791,0.019544909490451536,0.08394476240282842
14,razak2014_fig14,fluxv_v4b,CD,0.992345688663828,0.09409899352592022,0.02006027326713672,0.045537192800145815
15,razak2014_fig15,fluxv_old,CL,0.0,-0.19954350346616428,0.07925571566736474,-0.36643908204179076
15,razak2014_fig15,fluxv_old,CL,0.016273030944604663,-0.19246984790985183,0.05422147788631682,-0.3494818222352617
15,razak2014_fig15,fluxv_old,CL,0.032546993140946195,-0.17657447384294622,0.07068432541832674,-0.3190356173879863
15,razak2014_fig15,fluxv_old,CL,0.048820026913899875,-0.15212276686604348,0.10168126945957501,-0.2761955528592671
15,razak2014_fig15,fluxv_old,CL,0.06509394268907201,-0.1194525760238741,0.13145951012219964,-0.22234414185874724
15,razak2014_fig15,fluxv_old,CL,0.08136744067371962,-0.07900715173445483,0.1567243134073115,-0.15904642927770604
15,razak2014_fig15,fluxv_old,CL,0.09764089223719784,-0.03128573889536079,0.17696231816198454,-0.08790422662741876
15,razak2014_fig15,fluxv_old,CL,0.11391439022184544,0.02312019139420718,0.19240832476688802,-0.010436207242790981
15,razak2014_fig15,fluxv_old,CL,0.13018788820649305,0.08355799759519467,0.20356157811959705,0.07202945571256791
15,razak2014_fig15,fluxv_old,CL,0.14646138619114066,0.1493072801428632,0.2110220190725229,0.15843219120392077
15,razak2014_fig15,fluxv_old,CL,0.16273256311731862,0.21959964420428124,0.21542252640722886,0.24800526389337715
15,razak2014_fig15,fluxv_old,CL,0.17900606110196624,0.2936191702201695,0.21736821693642144,0.340329125945109
15,razak2014_fig15,fluxv_old,CL,0.19527955908661385,0.37051653016025177,0.2174025664911085,0.4352288152831285
15,razak2014_fig15,fluxv_old,CL,0.21155305707126143,0.4494085169814095,0.215971178198532,0.5328297546301924
15,razak2014_fig15,fluxv_old,CL,0.22782655505590904,0.5293940430504134,0.2134340165701387,0.6333232583247316
15,razak2014_fig15,fluxv_old,CL,0.24409996019821786,0.6095670800446611,0.21001623587877463,0.7369867099097667
15,razak2014_fig15,fluxv_old,CL,0.26037355102520426,0.6890185411195575,0.2058655862637788,0.8440370982604964
15,razak2014_fig15,fluxv_old,CL,0.27664695616751306,0.7668503971638663,0.20105617806574314,0.9545133682092387
15,razak2014_fig15,fluxv_old,CL,0.29292045415216067,0.8421712066521807,0.1956329480308679,1.0681861430737416
15,razak2014_fig15,fluxv_old,CL,0.3091939521368083,0.9141511690407933,0.1896413034471983,1.1844690278070646
15,razak2014_fig15,fluxv_old,CL,0.3254674501214559,0.9819661302881366,0.18318405770787305,1.302362527477839
15,razak2014_fig15,fluxv_old,CL,0.34174085526376474,1.0448552242307998,0.1764649554317895,1.4204232385928703
15,razak2014_fig15,fluxv_old,CL,0.35801435324841235,1.1021105206629374,0.1697947895075889,1.5367723885035718
15,razak2014_fig15,fluxv_old,CL,0.3742879440753987,1.153079378045495,0.1636215157717383,1.6491375494484142
15,razak2014_fig15,fluxv_old,CL,0.3905613492177075,1.1971926760169112,0.1585133135021096,1.754937750228
15,razak2014_fig15,fluxv_old,CL,0.40683475436001637,1.2339481111576174,0.1550929448305979,1.8512027296944806
15,razak2014_fig15,fluxv_old,CL,0.42310834518700274,1.262933959353214,0.15392553051308233,1.9352324764496387
15,razak2014_fig15,fluxv_old,CL,0.4393817503293116,1.2838173122483436,0.15538303387805794,2.004409979032556
15,razak2014_fig15,fluxv_old,CL,0.45565524831395915,1.2963600756694218,0.15952803699091342,2.056439676084404
15,razak2014_fig15,fluxv_old,CL,0.47192874629860676,1.3004196754374044,0.166081979079392,2.089527169649563
15,razak2014_fig15,fluxv_old,CL,0.4881999232247847,1.2959507042642469,0.1744879738699025,2.1025176229330533
15,razak2014_fig15,fluxv_old,CL,0.5044735140517711,1.2829990399798392,0.18401926948279854,2.094991155976712
15,razak2014_fig15,fluxv_old,CL,0.52074691919408,1.26170678622138,0.19391970517311935,2.067288107648186
15,razak2014_fig15,fluxv_old,CL,0.5370205100210663,1.232317683664594,0.2034566472881557,2.020491372793637
15,razak2014_fig15,fluxv_old,CL,0.5532939151633752,1.1951585236208533,0.21199086473143647,1.9563407751767365
15,razak2014_fig15,fluxv_old,CL,0.5695674131480228,1.1506471472485431,0.21899064521807948,1.877095567963373
15,razak2014_fig15,fluxv_old,CL,0.5858409111326703,1.0992839757998516,0.2240590867018033,1.7853674483934363
15,razak2014_fig15,fluxv_old,CL,0.6021143162749792,1.0416505989952336,0.22691951057773116,1.683816237126679
15,razak2014_fig15,fluxv_old,CL,0.6183878142596269,0.9783895417240756,0.22744228256755775,1.5753706589469647
15,razak2014_fig15,fluxv_old,CL,0.6346613122442745,0.9102190861128132,0.22562999065143075,1.4625980621826944
15,razak2014_fig15,fluxv_old,CL,0.6509348102289221,0.8378984514284,0.2216329729488367,1.3477073398030153
15,razak2014_fig15,fluxv_old,CL,0.6672083082135697,0.7622426161464253,0.2157660219540996,1.2324913269958897
15,razak2014_fig15,fluxv_old,CL,0.6834818061982172,0.6840950265241026,0.20847638769091908,1.1182863977419912
15,razak2014_fig15,fluxv_old,CL,0.6997552113405261,0.6043311256641071,0.2003769509124446,1.005977105047275
15,razak2014_fig15,fluxv_old,CL,0.7160287093251737,0.5238317679003321,0.19220081581323048,0.8960384988548817
15,razak2014_fig15,fluxv_old,CL,0.7323022073098213,0.443493335447557,0.18476060815964082,0.7886172409980439
15,razak2014_fig15,fluxv_old,CL,0.7485757052944689,0.3641929183049145,0.1788628366740544,0.6836281230031052
15,razak2014_fig15,fluxv_old,CL,0.7648492032791164,0.2868038421367777,0.1751728475253414,0.5808649400419287
15,razak2014_fig15,fluxv_old,CL,0.7811226084214252,0.21215943655069158,0.17404495872280823,0.48011352723806117
15,razak2014_fig15,fluxv_old,CL,0.7973939710322807,0.1410662102690351,0.17543964475147253,0.38129957281630966
15,razak2014_fig15,fluxv_old,CL,0.8136674690169283,0.0742737364509386,0.17889718622874148,0.2844632422404272
15,razak2014_fig15,fluxv_old,CL,0.8299407813168984,0.012489710031324708,0.1836468356124585,0.18997341637692697
15,razak2014_fig15,fluxv_old,CL,0.846214279301546,-0.04366098941960872,0.18877480063957844,0.09850774370262594
15,razak2014_fig15,fluxv_old,CL,0.8624877772861936,-0.09361794656443279,0.19332917515760867,0.011071917256393896
15,razak2014_fig15,fluxv_old,CL,0.8787612752708412,-0.13689038625878291,0.19645404355044252,-0.07104242818529313
15,razak2014_fig15,fluxv_old,CL,0.89503468041315,-0.17308070064361003,0.19741112566323035,-0.1463272254004004
15,razak2014_fig15,fluxv_old,CL,0.9113082712401365,-0.20187644993381532,0.1956216550265872,-0.21315200401593423
15,razak2014_fig15,fluxv_old,CL,0.9275816763824453,-0.223051774043785,0.1906555563941571,-0.26987401415288564
15,razak2014_fig15,fluxv_old,CL,0.9438552672094317,-0.23647492125691122,0.18225497283486441,-0.3149704162771899
15,razak2014_fig15,fluxv_old,CL,0.9601286723517405,-0.24212001177171738,0.17031497351726782,-0.34715763523181586
15,razak2014_fig15,fluxv_old,CL,0.9764020774940493,-0.24002892381241103,0.1548943761719959,-0.3655052667538121
15,razak2014_fig15,fluxv_old,CL,0.9926756683210357,-0.2303531718530913,0.13622374630311254,-0.3693089708830581
15,razak2014_fig15,fluxv_old,CD,0.0,-0.09589896868414086,0.02389409303986532,-0.09356987512698851
15,razak2014_fig15,fluxv_old,CD,0.01627081802059488,-0.09535227473273991,0.020276689726018943,-0.09393735341065412
15,razak2014_fig15,fluxv_old,CD,0.03254297439308727,-0.0938559739310089,0.017083506914595637,-0.09044659780301002
15,razak2014_fig15,fluxv_old,CD,0.04881703896333663,-0.09142557918007513,0.014536493778533601,-0.08316626613617756
15,razak2014_fig15,fluxv_old,CD,0.06509148517313738,-0.08808734772503732,0.01286810238881053,-0.07233365649932161
15,razak2014_fig15,fluxv_old,CD,0.08136325990607839,-0.08387779826310182,0.012209618970920192,-0.058346003612272754
15,razak2014_fig15,fluxv_old,CD,0.09763751529610344,-0.07884425419692936,0.012450099119134979,-0.04173295822217228
15,razak2014_fig15,fluxv_old,CD,0.1139117706861285,-0.07304248953679866,0.013272282878882371,-0.02314634732489041
15,razak2014_fig15,fluxv_old,CD,0.1301837362388452,-0.06653847938361304,0.0143309629289675,-0.00332534958663646
15,razak2014_fig15,fluxv_old,CD,0.14645799162887024,-0.05940465751695527,0.01536924079780348,0.016945500179008505
15,razak2014_fig15,fluxv_old,CD,0.1627320561991196,-0.05172100290178129,0.016226373856199558,0.03685347870972239
15,razak2014_fig15,fluxv_old,CD,0.1790040217518363,-0.043574013543209555,0.01681200096412623,0.05560158978515614
15,razak2014_fig15,fluxv_old,CD,0.19527827714186136,-0.03505399021978657,0.017084955590187294,0.0724498263495617
15,razak2014_fig15,fluxv_old,CD,0.2115525325318864,-0.026255881544248738,0.017036847488247738,0.08667820693556326
15,razak2014_fig15,fluxv_old,CD,0.2278243072648274,-0.017277352396066842,0.01668590582616923,0.09777505411677523
15,razak2014_fig15,fluxv_old,CD,0.24409856265485247,-0.008217154161405366,0.016070399784164666,0.10533734578552563
15,razak2014_fig15,fluxv_old,CD,0.26037281804487755,0.0008251167128093817,0.015249725061491914,0.10910014578300468
15,razak2014_fig15,fluxv_old,CD,0.27664478359759426,0.009751553901174687,0.014303619177175004,0.1089529012056802
15,razak2014_fig15,fluxv_old,CD,0.2929188481678436,0.018465156500532598,0.013331316409242327,0.10493715542279772
15,razak2014_fig15,fluxv_old,CD,0.30919310355786866,0.026872605658187387,0.012450823456930805,0.09724106277020389
15,razak2014_fig15,fluxv_old,CD,0.32546506911058537,0.0348835402341095,0.011786122806292945,0.0861905980278925
15,razak2014_fig15,fluxv_old,CD,0.3417391336808347,0.042413816321016956,0.011444657897043185,0.07222695486226262
15,razak2014_fig15,fluxv_old,CD,0.3580133890708598,0.049385054533252926,0.011480723883127104,0.05589549662341548
15,razak2014_fig15,fluxv_old,CD,0.3742853546235765,0.055724368380112216,0.011872500088445396,0.03782123474395727
15,razak2014_fig15,fluxv_old,CD,0.3905596100136015,0.061367593605181125,0.01253318670046471,0.01867495574040534
15,razak2014_fig15,fluxv_old,CD,0.40683386540362654,0.06625793005297015,0.013344052682152297,-0.0008308318010672707
15,razak2014_fig15,fluxv_old,CD,0.42310583095634324,0.07034796377859409,0.014187725129842578,-0.019967303718000252
15,razak2014_fig15,fluxv_old,CD,0.4393798955265926,0.07359689041955464,0.014965090488473134,-0.03805610066846145
15,razak2014_fig15,fluxv_old,CD,0.45565415091661765,0.07597555537956974,0.015600274373931015,-0.05445909947510164
15,razak2014_fig15,fluxv_old,CD,0.4719259256495587,0.07746349611590722,0.016038710005597208,-0.06860697149346481
15,razak2014_fig15,fluxv_old,CD,0.48820018103958374,0.07804882141641897,0.01624641386855079,-0.08002479737012513
15,razak2014_fig15,fluxv_old,CD,0.5044744364296088,0.07773026368996225,0.01620775233869849,-0.08833547155421836
15,razak2014_fig15,fluxv_old,CD,0.5207464019823255,0.07651524739894433,0.015923510115319114,-0.09328151371518818
15,razak2014_fig15,fluxv_old,CD,0.5370206573723505,0.07442049267415218,0.015413304680382997,-0.0947349609133225
15,razak2014_fig15,fluxv_old,CD,0.5532949127623756,0.07147219639920163,0.01471287003181764,-0.09269847932756749
15,razak2014_fig15,fluxv_old,CD,0.5695666874953166,0.0677032555823198,0.013879791024391339,-0.08731005748728296
15,razak2014_fig15,fluxv_old,CD,0.5858409428853416,0.06315553091195725,0.012992386682277961,-0.0788350076277562
15,razak2014_fig15,fluxv_old,CD,0.6021151982753667,0.05787924314195805,0.012153452611002053,-0.06762700158828285
15,razak2014_fig15,fluxv_old,CD,0.6183869730083077,0.051929532487029556,0.011482896896514588,-0.05423693565378192
15,razak2014_fig15,fluxv_old,CD,0.6346612283983327,0.04536938615466729,0.01110135196256236,-0.039262196659944675
15,razak2014_fig15,fluxv_old,CD,0.6509354837883579,0.038265473402828876,0.011095889248352161,-0.023365573982459892
15,razak2014_fig15,fluxv_old,CD,0.6672074493410746,0.0306911334333419,0.011482202739460252,-0.007250887822309836
15,razak2014_fig15,fluxv_old,CD,0.6834817047310996,0.022722059545870338,0.012199025530656212,0.00837295093422206
15,razak2014_fig15,fluxv_old,CD,0.6997559601211246,0.014438170343887169,0.013135956469559305,0.022808124543086415
15,razak2014_fig15,fluxv_old,CD,0.7160277348540657,0.0059213461790624256,0.014170974818314062,0.0354053031392201
15,razak2014_fig15,fluxv_old,CD,0.7323019902440907,-0.0027452046443081912,0.015190993338546888,0.045597578066267526
15,razak2014_fig15,fluxv_old,CD,0.7485760548143401,-0.011476976050044801,0.01610426257611961,0.05291437729763174
15,razak2014_fig15,fluxv_old,CD,0.7648480203670568,-0.020189552504191993,0.01683789604032707,0.057010890252887976
15,razak2014_fig15,fluxv_old,CD,0.7811222757570818,-0.028799936967644477,0.017337508034999206,0.057683956512404135
15,razak2014_fig15,fluxv_old,CD,0.7973965311471068,-0.03722531348574598,0.01756531227178701,0.054827200906474444
15,razak2014_fig15,fluxv_old,CD,0.8136684966998236,-0.04538564273205754,0.017498975001985793,0.04859257172171096
15,razak2014_fig15,fluxv_old,CD,0.8299427520898486,-0.05320498996098323,0.017131615016535193,0.03925726210426104
15,razak2014_fig15,fluxv_old,CD,0.846216816660098,-0.06060947271734862,0.01647204509195111,0.027234465824777895
15,razak2014_fig15,fluxv_old,CD,0.8624887822128147,-0.06753003746461815,0.015545617051087519,0.013068763335021666
15,razak2014_fig15,fluxv_old,CD,0.878762846783064,-0.07390251994637806,0.014398386705462458,-0.002595749522810561
15,razak2014_fig15,fluxv_old,CD,0.8950371021730891,-0.07966710193298959,0.013102486027243768,-0.019034586888457973
15,razak2014_fig15,fluxv_old,CD,0.9113090677258058,-0.08477138965722122,0.011763547611656317,-0.03547863295535212
15,razak2014_fig15,fluxv_old,CD,0.9275833231158308,-0.08916824080086116,0.01053651938552424,-0.051155651528745336
15,razak2014_fig15,fluxv_old,CD,0.9438575785058559,-0.09281733389327501,0.009625060992441087,-0.06531059523206552
15,razak2014_fig15,fluxv_old,CD,0.9601295440585726,-0.09568504758843974,0.009249310760855483,-0.07724750007248378
15,razak2014_fig15,fluxv_old,CD,0.9764037994485977,-0.09774554717163753,0.009535786359105326,-0.08636579809543049
15,razak2014_fig15,fluxv_old,CD,0.9926778640188471,-0.09898024130610877,0.01042786871615009,-0.09212502365822399
15,razak2014_fig15,fluxv_v4b,CL,0.0,-0.19954350346616428,0.07925571566736474,-0.36136006836348616
15,razak2014_fig15,fluxv_v4b,CL,0.016273030944604663,-0.19246984790985183,0.05422147788631682,-0.3120038950328537
15,razak2014_fig15,fluxv_v4b,CL,0.032546993140946195,-0.17657447384294622,0.07068432541832674,-0.3062638965809417
15,razak2014_fig15,fluxv_v4b,CL,0.048820026913899875,-0.15212276686604348,0.10168126945957501,-0.25337292812390305
15,razak2014_fig15,fluxv_v4b,CL,0.06509394268907201,-0.1194525760238741,0.13145951012219964,-0.19124314557487754
15,razak2014_fig15,fluxv_v4b,CL,0.08136744067371962,-0.07900715173445483,0.1567243134073115,-0.10743844363625228
15,razak2014_fig15,fluxv_v4b,CL,0.09764089223719784,-0.03128573889536079,0.17696231816198454,-0.01847802114627554
15,razak2014_fig15,fluxv_v4b,CL,0.11391439022184544,0.02312019139420718,0.19240832476688802,0.06557445304413609
15,razak2014_fig15,fluxv_v4b,CL,0.13018788820649305,0.08355799759519467,0.20356157811959705,0.1506613382758684
15,razak2014_fig15,fluxv_v4b,CL,0.14646138619114066,0.1493072801428632,0.2110220190725229,0.24010761218835966
15,razak2014_fig15,fluxv_v4b,CL,0.16273256311731862,0.21959964420428124,0.21542252640722886,0.33386053269890115
15,razak2014_fig15,fluxv_v4b,CL,0.17900606110196624,0.2936191702201695,0.21736821693642144,0.43076798552951096
15,razak2014_fig15,fluxv_v4b,CL,0.19527955908661385,0.37051653016025177,0.2174025664911085,0.5293679640433646
15,razak2014_fig15,fluxv_v4b,CL,0.21155305707126143,0.4494085169814095,0.215971178198532,0.6313053771207005
15,razak2014_fig15,fluxv_v4b,CL,0.22782655505590904,0.5293940430504134,0.2134340165701387,0.7352530206114944
15,razak2014_fig15,fluxv_v4b,CL,0.24409996019821786,0.6095670800446611,0.21001623587877463,0.8439396125169834
15,razak2014_fig15,fluxv_v4b,CL,0.26037355102520426,0.6890185411195575,0.2058655862637788,0.9914495202781267
15,razak2014_fig15,fluxv_v4b,CL,0.27664695616751306,0.7668503971638663,0.20105617806574314,1.1982317414783028
15,razak2014_fig15,fluxv_v4b,CL,0.29292045415216067,0.8421712066521807,0.1956329480308679,1.275755216363147
15,razak2014_fig15,fluxv_v4b,CL,0.3091939521368083,0.9141511690407933,0.1896413034471983,1.4047724444866654
15,razak2014_fig15,fluxv_v4b,CL,0.3254674501214559,0.9819661302881366,0.18318405770787305,1.41259549939118
15,razak2014_fig15,fluxv_v4b,CL,0.34174085526376474,1.0448552242307998,0.1764649554317895,1.5036455894903775
15,razak2014_fig15,fluxv_v4b,CL,0.35801435324841235,1.1021105206629374,0.1697947895075889,1.5199332368750051
15,razak2014_fig15,fluxv_v4b,CL,0.3742879440753987,1.153079378045495,0.1636215157717383,1.5045679186650869
15,razak2014_fig15,fluxv_v4b,CL,0.3905613492177075,1.1971926760169112,0.1585133135021096,1.5231095842121878
15,razak2014_fig15,fluxv_v4b,CL,0.40683475436001637,1.2339481111576174,0.1550929448305979,1.5404463622271434
15,razak2014_fig15,fluxv_v4b,CL,0.42310834518700274,1.262933959353214,0.15392553051308233,1.7100565244384291
15,razak2014_fig15,fluxv_v4b,CL,0.4393817503293116,1.2838173122483436,0.15538303387805794,1.64315671412627
15,razak2014_fig15,fluxv_v4b,CL,0.45565524831395915,1.2963600756694218,0.15952803699091342,1.663433090955862
15,razak2014_fig15,fluxv_v4b,CL,0.47192874629860676,1.3004196754374044,0.166081979079392,1.710191874776729
15,razak2014_fig15,fluxv_v4b,CL,0.4881999232247847,1.2959507042642469,0.1744879738699025,1.7586003161884942
15,razak2014_fig15,fluxv_v4b,CL,0.5044735140517711,1.2829990399798392,0.18401926948279854,1.7993586191004498
15,razak2014_fig15,fluxv_v4b,CL,0.52074691919408,1.26170678622138,0.19391970517311935,1.7338137021397526
15,razak2014_fig15,fluxv_v4b,CL,0.5370205100210663,1.232317683664594,0.2034566472881557,1.6745588356185017
15,razak2014_fig15,fluxv_v4b,CL,0.5532939151633752,1.1951585236208533,0.21199086473143647,1.6272547884671258
15,razak2014_fig15,fluxv_v4b,CL,0.5695674131480228,1.1506471472485431,0.21899064521807948,1.5596820054567504
15,razak2014_fig15,fluxv_v4b,CL,0.5858409111326703,1.0992839757998516,0.2240590867018033,1.4670302292162034
15,razak2014_fig15,fluxv_v4b,CL,0.6021143162749792,1.0416505989952336,0.22691951057773116,1.3910965209352035
15,razak2014_fig15,fluxv_v4b,CL,0.6183878142596269,0.9783895417240756,0.22744228256755775,1.323841871659843
15,razak2014_fig15,fluxv_v4b,CL,0.6346613122442745,0.9102190861128132,0.22562999065143075,1.229908363820455
15,razak2014_fig15,fluxv_v4b,CL,0.6509348102289221,0.8378984514284,0.2216329729488367,1.1298121109372137
15,razak2014_fig15,fluxv_v4b,CL,0.6672083082135697,0.7622426161464253,0.2157660219540996,1.0409556586489102
15,razak2014_fig15,fluxv_v4b,CL,0.6834818061982172,0.6840950265241026,0.20847638769091908,0.973653684344699
15,razak2014_fig15,fluxv_v4b,CL,0.6997552113405261,0.6043311256641071,0.2003769509124446,0.8963720569345939
15,razak2014_fig15,fluxv_v4b,CL,0.7160287093251737,0.5238317679003321,0.19220081581323048,0.8386782771127639
15,razak2014_fig15,fluxv_v4b,CL,0.7323022073098213,0.443493335447557,0.18476060815964082,0.7426789554103796
15,razak2014_fig15,fluxv_v4b,CL,0.7485757052944689,0.3641929183049145,0.1788628366740544,0.6482442571547369
15,razak2014_fig15,fluxv_v4b,CL,0.7648492032791164,0.2868038421367777,0.1751728475253414,0.5465307542050216
15,razak2014_fig15,fluxv_v4b,CL,0.7811226084214252,0.21215943655069158,0.17404495872280823,0.4502003682424594
15,razak2014_fig15,fluxv_v4b,CL,0.7973939710322807,0.1410662102690351,0.17543964475147253,0.3583632692010596
15,razak2014_fig15,fluxv_v4b,CL,0.8136674690169283,0.0742737364509386,0.17889718622874148,0.26712641161694917
15,razak2014_fig15,fluxv_v4b,CL,0.8299407813168984,0.012489710031324708,0.1836468356124585,0.17843384553968808
15,razak2014_fig15,fluxv_v4b,CL,0.846214279301546,-0.04366098941960872,0.18877480063957844,0.09184281118858507
15,razak2014_fig15,fluxv_v4b,CL,0.8624877772861936,-0.09361794656443279,0.19332917515760867,0.010717845211910767
15,razak2014_fig15,fluxv_v4b,CL,0.8787612752708412,-0.13689038625878291,0.19645404355044252,-0.06357202201717514
15,razak2014_fig15,fluxv_v4b,CL,0.89503468041315,-0.17308070064361003,0.19741112566323035,-0.1292284631108201
15,razak2014_fig15,fluxv_v4b,CL,0.9113082712401365,-0.20187644993381532,0.1956216550265872,-0.19139198276466174
15,razak2014_fig15,fluxv_v4b,CL,0.9275816763824453,-0.223051774043785,0.1906555563941571,-0.24055289209723008
15,razak2014_fig15,fluxv_v4b,CL,0.9438552672094317,-0.23647492125691122,0.18225497283486441,-0.28208655286134277
15,razak2014_fig15,fluxv_v4b,CL,0.9601286723517405,-0.24212001177171738,0.17031497351726782,-0.31483808452463774
15,razak2014_fig15,fluxv_v4b,CL,0.9764020774940493,-0.24002892381241103,0.1548943761719959,-0.33293622543287515
15,razak2014_fig15,fluxv_v4b,CL,0.9926756683210357,-0.2303531718530913,0.13622374630311254,-0.34134236741071533
15,razak2014_fig15,fluxv_v4b,CD,0.0,-0.09589896868414086,0.02389409303986532,-0.06642498045714267
15,razak2014_fig15,fluxv_v4b,CD,0.01627081802059488,-0.09535227473273991,0.020276689726018943,-0.06513997924507126
15,razak2014_fig15,fluxv_v4b,CD,0.03254297439308727,-0.0938559739310089,0.017083506914595637,-0.06650752993836564
15,razak2014_fig15,fluxv_v4b,CD,0.04881703896333663,-0.09142557918007513,0.014536493778533601,-0.06360924897075115
15,razak2014_fig15,fluxv_v4b,CD,0.06509148517313738,-0.08808734772503732,0.01286810238881053,-0.057736277050578586
15,razak2014_fig15,fluxv_v4b,CD,0.08136325990607839,-0.08387779826310182,0.012209618970920192,-0.045787798430642505
15,razak2014_fig15,fluxv_v4b,CD,0.09763751529610344,-0.07884425419692936,0.012450099119134979,-0.02856354326007165
15,razak2014_fig15,fluxv_v4b,CD,0.1139117706861285,-0.07304248953679866,0.013272282878882371,-0.009359377723502059
15,razak2014_fig15,fluxv_v4b,CD,0.1301837362388452,-0.06653847938361304,0.0143309629289675,0.01031318876889916
15,razak2014_fig15,fluxv_v4b,CD,0.14645799162887024,-0.05940465751695527,0.01536924079780348,0.03008051517248031
15,razak2014_fig15,fluxv_v4b,CD,0.1627320561991196,-0.05172100290178129,0.016226373856199558,0.049275659468724455
15,razak2014_fig15,fluxv_v4b,CD,0.1790040217518363,-0.043574013543209555,0.01681200096412623,0.06703124268061303
15,razak2014_fig15,fluxv_v4b,CD,0.19527827714186136,-0.03505399021978657,0.017084955590187294,0.08238136303384576
15,razak2014_fig15,fluxv_v4b,CD,0.2115525325318864,-0.026255881544248738,0.017036847488247738,0.09484222456741685
15,razak2014_fig15,fluxv_v4b,CD,0.2278243072648274,-0.017277352396066842,0.01668590582616923,0.10368004317766195
15,razak2014_fig15,fluxv_v4b,CD,0.24409856265485247,-0.008217154161405366,0.016070399784164666,0.11071389829997547
15,razak2014_fig15,fluxv_v4b,CD,0.26037281804487755,0.0008251167128093817,0.015249725061491914,0.12751599563447605
15,razak2014_fig15,fluxv_v4b,CD,0.27664478359759426,0.009751553901174687,0.014303619177175004,0.15900639582506634
15,razak2014_fig15,fluxv_v4b,CD,0.2929188481678436,0.018465156500532598,0.013331316409242327,0.17524276797217583
15,razak2014_fig15,fluxv_v4b,CD,0.30919310355786866,0.026872605658187387,0.012450823456930805,0.22072540078662187
15,razak2014_fig15,fluxv_v4b,CD,0.32546506911058537,0.0348835402341095,0.011786122806292945,0.2318842912893016
15,razak2014_fig15,fluxv_v4b,CD,0.3417391336808347,0.042413816321016956,0.011444657897043185,0.25900819499461597
15,razak2014_fig15,fluxv_v4b,CD,0.3580133890708598,0.049385054533252926,0.011480723883127104,0.26329147932435915
15,razak2014_fig15,fluxv_v4b,CD,0.3742853546235765,0.055724368380112216,0.011872500088445396,0.25697156008796324
15,razak2014_fig15,fluxv_v4b,CD,0.3905596100136015,0.061367593605181125,0.01253318670046471,0.25944803547317863
15,razak2014_fig15,fluxv_v4b,CD,0.40683386540362654,0.06625793005297015,0.013344052682152297,0.2625961020204348
15,razak2014_fig15,fluxv_v4b,CD,0.42310583095634324,0.07034796377859409,0.014187725129842578,0.3099164657246964
15,razak2014_fig15,fluxv_v4b,CD,0.4393798955265926,0.07359689041955464,0.014965090488473134,0.29184224063444725
15,razak2014_fig15,fluxv_v4b,CD,0.45565415091661765,0.07597555537956974,0.015600274373931015,0.29933595742875446
15,razak2014_fig15,fluxv_v4b,CD,0.4719259256495587,0.07746349611590722,0.016038710005597208,0.31511987260354823
15,razak2014_fig15,fluxv_v4b,CD,0.48820018103958374,0.07804882141641897,0.01624641386855079,0.33176944062902863
15,razak2014_fig15,fluxv_v4b,CD,0.5044744364296088,0.07773026368996225,0.01620775233869849,0.3462445000403516
15,razak2014_fig15,fluxv_v4b,CD,0.5207464019823255,0.07651524739894433,0.015923510115319114,0.32995668411435053
15,razak2014_fig15,fluxv_v4b,CD,0.5370206573723505,0.07442049267415218,0.015413304680382997,0.3150368389740235
15,razak2014_fig15,fluxv_v4b,CD,0.5532949127623756,0.07147219639920163,0.01471287003181764,0.30304826470797197
15,razak2014_fig15,fluxv_v4b,CD,0.5695666874953166,0.0677032555823198,0.013879791024391339,0.2848774311596519
15,razak2014_fig15,fluxv_v4b,CD,0.5858409428853416,0.06315553091195725,0.012992386682277961,0.25946829633519986
15,razak2014_fig15,fluxv_v4b,CD,0.6021151982753667,0.05787924314195805,0.012153452611002053,0.23894346240520645
15,razak2014_fig15,fluxv_v4b,CD,0.6183869730083077,0.051929532487029556,0.011482896896514588,0.22127490300831662
15,razak2014_fig15,fluxv_v4b,CD,0.6346612283983327,0.04536938615466729,0.01110135196256236,0.19649685623776417
15,razak2014_fig15,fluxv_v4b,CD,0.6509354837883579,0.038265473402828876,0.011095889248352161,0.16909527057911158
15,razak2014_fig15,fluxv_v4b,CD,0.6672074493410746,0.0306911334333419,0.011482202739460252,0.14207692395410204
15,razak2014_fig15,fluxv_v4b,CD,0.6834817047310996,0.022722059545870338,0.012199025530656212,0.1159878947648722
15,razak2014_fig15,fluxv_v4b,CD,0.6997559601211246,0.014438170343887169,0.013135956469559305,0.08087700711480035
15,razak2014_fig15,fluxv_v4b,CD,0.7160277348540657,0.0059213461790624256,0.014170974818314062,0.05842284202702452
15,razak2014_fig15,fluxv_v4b,CD,0.7323019902440907,-0.0027452046443081912,0.015190993338546888,0.05835591441718167
15,razak2014_fig15,fluxv_v4b,CD,0.7485760548143401,-0.011476976050044801,0.01610426257611961,0.06191463045513605
15,razak2014_fig15,fluxv_v4b,CD,0.7648480203670568,-0.020189552504191993,0.01683789604032707,0.06179810852039036
15,razak2014_fig15,fluxv_v4b,CD,0.7811222757570818,-0.028799936967644477,0.017337508034999206,0.060098624338749504
15,razak2014_fig15,fluxv_v4b,CD,0.7973965311471068,-0.03722531348574598,0.01756531227178701,0.056044983742085996
15,razak2014_fig15,fluxv_v4b,CD,0.8136684966998236,-0.04538564273205754,0.017498975001985793,0.04888348976343413
15,razak2014_fig15,fluxv_v4b,CD,0.8299427520898486,-0.05320498996098323,0.017131615016535193,0.03907477373751818
15,razak2014_fig15,fluxv_v4b,CD,0.846216816660098,-0.06060947271734862,0.01647204509195111,0.02680212197372348
15,razak2014_fig15,fluxv_v4b,CD,0.8624887822128147,-0.06753003746461815,0.015545617051087519,0.012820193661139082
15,razak2014_fig15,fluxv_v4b,CD,0.878762846783064,-0.07390251994637806,0.014398386705462458,-0.0022641990653735865
15,razak2014_fig15,fluxv_v4b,CD,0.8950371021730891,-0.07966710193298959,0.013102486027243768,-0.017699839388471045
15,razak2014_fig15,fluxv_v4b,CD,0.9113090677258058,-0.08477138965722122,0.011763547611656317,-0.033046214720761746
15,razak2014_fig15,fluxv_v4b,CD,0.9275833231158308,-0.08916824080086116,0.01053651938552424,-0.04469681024954797
15,razak2014_fig15,fluxv_v4b,CD,0.9438575785058559,-0.09281733389327501,0.009625060992441087,-0.052288915307055
15,razak2014_fig15,fluxv_v4b,CD,0.9601295440585726,-0.09568504758843974,0.009249310760855483,-0.05710348914308043
15,razak2014_fig15,fluxv_v4b,CD,0.9764037994485977,-0.09774554717163753,0.009535786359105326,-0.06060582235912875
15,razak2014_fig15,fluxv_v4b,CD,0.9926778640188471,-0.09898024130610877,0.01042786871615009,-0.06350940292427668
