aoa_deg,model,phase,lift_n,drag_n,CL,CD,CT
0.0,fluxv_periodic_v3_persistent,0.0,-0.5773074677835255,-0.11755160422531506,-0.9548239844671936,-0.19442168582688985,0.19442168582688985
0.0,fluxv_periodic_v3_persistent,0.0078125,-0.5724705088358608,-0.1182904649711659,-0.9468240110165727,-0.19564370702129474,0.19564370702129474
0.0,fluxv_periodic_v3_persistent,0.015625,-0.566138179434559,-0.11863973699150877,-0.936350805095431,-0.1962213771896837,0.1962213771896837
0.0,fluxv_periodic_v3_persistent,0.0234375,-0.5583217356489828,-0.11859442963088633,-0.9234229834125384,-0.19614644215591165,0.19614644215591165
0.0,fluxv_periodic_v3_persistent,0.03125,-0.5490347468388413,-0.11814976515518971,-0.9080629886883291,-0.19541099990004449,0.19541099990004449
0.0,fluxv_periodic_v3_persistent,0.0390625,-0.5380582814579754,-0.11723264331540999,-0.8899087242881767,-0.1938941480002026,0.1938941480002026
0.0,fluxv_periodic_v3_persistent,0.046875,-0.5253605154134219,-0.11581342956713657,-0.8689075555088408,-0.1915468731050073,0.1915468731050073
0.0,fluxv_periodic_v3_persistent,0.0546875,-0.5112972561024416,-0.11398021615172998,-0.8456479615502526,-0.1885148732862667,0.1885148732862667
0.0,fluxv_periodic_v3_persistent,0.0625,-0.49590543792638064,-0.1117319397751111,-0.8201910291889136,-0.184796389933975,0.184796389933975
0.0,fluxv_periodic_v3_persistent,0.0703125,-0.47922480048631605,-0.10906824084712935,-0.7926024847948415,-0.18039082831253725,0.18039082831253725
0.0,fluxv_periodic_v3_persistent,0.078125,-0.4609228370138308,-0.10585452214523905,-0.762332386690162,-0.17507557454026793,0.17507557454026793
0.0,fluxv_periodic_v3_persistent,0.0859375,-0.44143367198903183,-0.10221435956015622,-0.7300987447551941,-0.16905501402865422,0.16905501402865422
0.0,fluxv_periodic_v3_persistent,0.09375,-0.42089061781539344,-0.09818058313628472,-0.6961220478756139,-0.16238344525044637,0.16238344525044637
0.0,fluxv_periodic_v3_persistent,0.1015625,-0.39936285949963185,-0.09376515001006078,-0.6605167229512361,-0.15508064442766115,0.15508064442766115
0.0,fluxv_periodic_v3_persistent,0.109375,-0.3768385898367213,-0.0889452207781217,-0.6232632417355415,-0.14710883687117954,0.14710883687117954
0.0,fluxv_periodic_v3_persistent,0.1171875,-0.35334342091383103,-0.08370484811176226,-0.5844039647322238,-0.13844164687518504,0.13844164687518504
0.0,fluxv_periodic_v3_persistent,0.125,-0.3292230321644277,-0.07817732337027287,-0.544510620235875,-0.1292995285198255,0.1292995285198255
0.0,fluxv_periodic_v3_persistent,0.1328125,-0.3045761212271583,-0.07239805151825089,-0.5037464468634356,-0.1197410390059918,0.1197410390059918
0.0,fluxv_periodic_v3_persistent,0.140625,-0.27950370312309747,-0.0664053946802492,-0.4622785160115113,-0.10982962645909759,0.10982962645909759
0.0,fluxv_periodic_v3_persistent,0.1484375,-0.2540833636509142,-0.06022388592635661,-0.42023514887038155,-0.09960586676814598,0.09960586676814598
0.0,fluxv_periodic_v3_persistent,0.15625,-0.2285555614600685,-0.05397395206180024,-0.37801404631625096,-0.08926893698942044,0.08926893698942044
0.0,fluxv_periodic_v3_persistent,0.1640625,-0.20305504578281655,-0.047732057936762606,-0.335838073643658,-0.07894530434705593,0.07894530434705593
0.0,fluxv_periodic_v3_persistent,0.171875,-0.17768277104691624,-0.04155928327240671,-0.2938742020323301,-0.06873599019619776,0.06873599019619776
0.0,fluxv_periodic_v3_persistent,0.1796875,-0.15255830792999067,-0.03553170698479605,-0.2523201925666197,-0.05876682345440455,0.05876682345440455
0.0,fluxv_periodic_v3_persistent,0.1875,-0.1279323487320476,-0.029825493994412762,-0.21159067182616836,-0.04932916791079179,0.04932916791079179
0.0,fluxv_periodic_v3_persistent,0.1953125,-0.10378476553319095,-0.024453306248811264,-0.17165234971558208,-0.0404439654929972,0.0404439654929972
0.0,fluxv_periodic_v3_persistent,0.203125,-0.08016422723925662,-0.019469114045131138,-0.13258572101655539,-0.03220047909303834,0.03220047909303834
0.0,fluxv_periodic_v3_persistent,0.2109375,-0.057111401223347825,-0.014923494810438809,-0.09445804656562885,-0.02468236004600199,0.02468236004600199
0.0,fluxv_periodic_v3_persistent,0.21875,-0.03479308176854314,-0.01098589158402935,-0.057545191808588046,-0.018169854645152146,0.018169854645152146
0.0,fluxv_periodic_v3_persistent,0.2265625,-0.013180934901828258,-0.007687155360136776,-0.02180029444324729,-0.012713988160181561,0.012713988160181561
0.0,fluxv_periodic_v3_persistent,0.234375,0.007846742723461227,-0.004957556722490777,0.012977933892089543,-0.008199433278014921,0.008199433278014921
0.0,fluxv_periodic_v3_persistent,0.2421875,0.028315700272258933,-0.0028053937110113364,0.04683208041763116,-0.004639914344831365,0.004639914344831365
0.0,fluxv_periodic_v3_persistent,0.25,0.0482570522677454,-0.0012340362952817374,0.07981360626051678,-0.0020410050418399723,0.0020410050418399723
0.0,fluxv_periodic_v3_persistent,0.2578125,0.06755852973986513,-0.0004492781780617572,0.11173682682232616,-0.0007430729793918839,0.0007430729793918839
0.0,fluxv_periodic_v3_persistent,0.265625,0.08647411692128643,-0.00020008887285655197,0.14302181329659372,-0.0003309322423317085,0.0003309322423317085
0.0,fluxv_periodic_v3_persistent,0.2734375,0.1050501414194774,-0.00046037962892109263,0.1737451881301473,-0.0007614339605577331,0.0007614339605577331
0.0,fluxv_periodic_v3_persistent,0.28125,0.12333198460432916,-0.001202428191385177,0.20398200876263228,-0.0019887275685901654,0.0019887275685901654
0.0,fluxv_periodic_v3_persistent,0.2890625,0.14133554193126843,-0.0024611195441220785,0.2337585651052874,-0.004070510257542499,0.004070510257542499
0.0,fluxv_periodic_v3_persistent,0.296875,0.15912559188476305,-0.0041960090427002605,0.26318199599503916,-0.0069398895676744425,0.0069398895676744425
0.0,fluxv_periodic_v3_persistent,0.3046875,0.17678617234845473,-0.006276388766138258,0.2923912938949732,-0.010380684235313613,0.010380684235313613
0.0,fluxv_periodic_v3_persistent,0.3125,0.1943458783015246,-0.008671159657924858,0.3214337527922301,-0.01434145871405142,0.01434145871405142
0.0,fluxv_periodic_v3_persistent,0.3203125,0.21183102553873842,-0.011349946551016593,0.35035289707098083,-0.01877197471728358,0.01877197471728358
0.0,fluxv_periodic_v3_persistent,0.328125,0.22925929880615278,-0.014350007767802549,0.3791779759972343,-0.02373385476303276,0.02373385476303276
0.0,fluxv_periodic_v3_persistent,0.3359375,0.2466678852170298,-0.01756201686094889,0.4079704943143676,-0.029046280968496034,0.029046280968496034
0.0,fluxv_periodic_v3_persistent,0.34375,0.26406765690577777,-0.02095185028518412,0.43674843373104516,-0.034652815505863264,0.034652815505863264
0.0,fluxv_periodic_v3_persistent,0.3515625,0.2814651399481973,-0.024500025267826922,0.4655225878954467,-0.04052123530566426,0.04052123530566426
0.0,fluxv_periodic_v3_persistent,0.359375,0.29886480640953045,-0.028200938118169594,0.494300353273739,-0.046642272276651575,0.046642272276651575
0.0,fluxv_periodic_v3_persistent,0.3671875,0.31626357625004375,-0.0320469129420084,0.5230766357073068,-0.053003231055787386,0.053003231055787386
0.0,fluxv_periodic_v3_persistent,0.375,0.3336515788116153,-0.03598897072084861,0.5518351098554205,-0.059523103957905284,0.059523103957905284
0.0,fluxv_periodic_v3_persistent,0.3828125,0.351017457747322,-0.04001685209505452,0.5805569931576194,-0.06618492275863244,0.06618492275863244
0.0,fluxv_periodic_v3_persistent,0.390625,0.36834782439829605,-0.04412099284776669,0.6092201417593369,-0.0729728689484923,0.0729728689484923
0.0,fluxv_periodic_v3_persistent,0.3984375,0.3855990799129205,-0.048307316132672154,0.6377524463747205,-0.07989673898694478,0.07989673898694478
0.0,fluxv_periodic_v3_persistent,0.40625,0.4027371549043668,-0.05255209424356502,0.6660975587500316,-0.08691728899746644,0.08691728899746644
0.0,fluxv_periodic_v3_persistent,0.4140625,0.41973648461125923,-0.05684164397793834,0.6942131966549494,-0.09401188797202936,0.09401188797202936
0.0,fluxv_periodic_v3_persistent,0.421875,0.4365617752038206,-0.06116933600896995,0.7220409866973811,-0.10116957149287718,0.10116957149287718
0.0,fluxv_periodic_v3_persistent,0.4296875,0.45315885640382614,-0.06552964635287013,0.7494913352313397,-0.10838120329812767,0.10838120329812767
0.0,fluxv_periodic_v3_persistent,0.4375,0.4693656287201366,-0.06991548045473735,0.776296141650741,-0.1156350495170843,0.1156350495170843
0.0,fluxv_periodic_v3_persistent,0.4453125,0.4851938656987565,-0.07430767721358021,0.8024748785325647,-0.12289941910153386,0.12289941910153386
0.0,fluxv_periodic_v3_persistent,0.453125,0.5005795530388067,-0.07869650218186774,0.8279216709431937,-0.13015821199302083,0.13015821199302083
0.0,fluxv_periodic_v3_persistent,0.4609375,0.5154551567623962,-0.08307148740845607,0.852524822662753,-0.13739411497219825,0.13739411497219825
0.0,fluxv_periodic_v3_persistent,0.46875,0.5295829587440634,-0.08740952686735508,0.8758911654396616,-0.14456891237578046,0.14456891237578046
0.0,fluxv_periodic_v3_persistent,0.4765625,0.5428354478822054,-0.0916842750131518,0.8978098053137846,-0.15163903061421952,0.15163903061421952
0.0,fluxv_periodic_v3_persistent,0.484375,0.5552174582519861,-0.09588206165595467,0.9182887374890069,-0.15858186020139392,0.15858186020139392
0.0,fluxv_periodic_v3_persistent,0.4921875,0.5666286150178672,-0.0999827400813894,0.9371619493883963,-0.16536407995722846,0.16536407995722846
0.0,fluxv_periodic_v3_persistent,0.5,0.576965195459538,-0.10396485965302865,0.9542578912804601,-0.17195021211071573,0.17195021211071573
0.0,fluxv_periodic_v3_persistent,0.5078125,0.585555101400798,-0.1077245354173188,0.9684649623383177,-0.1781684386085416,0.1781684386085416
0.0,fluxv_periodic_v3_persistent,0.515625,0.5926941038557104,-0.11127554329720296,0.9802723460108195,-0.18404154381149865,0.18404154381149865
0.0,fluxv_periodic_v3_persistent,0.5234375,0.5982604950001092,-0.1145839730115165,0.9894787465308119,-0.18951344261488473,0.18951344261488473
0.0,fluxv_periodic_v3_persistent,0.53125,0.6021325809207733,-0.11761443870182625,0.9958828911388184,-0.19452560941799577,0.19452560941799577
0.0,fluxv_periodic_v3_persistent,0.5390625,0.6038473148077335,-0.12026423469082206,0.9987189345534901,-0.1989081766034715,0.1989081766034715
0.0,fluxv_periodic_v3_persistent,0.546875,0.6030679510724086,-0.12243232436985126,0.9974299244009467,-0.20249403707044383,0.20249403707044383
0.0,fluxv_periodic_v3_persistent,0.5546875,0.6001023753224379,-0.12414638576364052,0.9925250807745551,-0.2053289682309965,0.2053289682309965
0.0,fluxv_periodic_v3_persistent,0.5625,0.5948559391403927,-0.12536180871392855,0.9838478621707042,-0.2073391881726551,0.2073391881726551
0.0,fluxv_periodic_v3_persistent,0.5703125,0.5872406852716435,-0.12603383681787544,0.971252793775686,-0.20845067310519563,0.20845067310519563
0.0,fluxv_periodic_v3_persistent,0.578125,0.576330032165603,-0.12589136353261202,0.9532073780254857,-0.20821503279650944,0.20821503279650944
0.0,fluxv_periodic_v3_persistent,0.5859375,0.5627487620547423,-0.12503548537721154,0.9307449586648554,-0.20679947343488284,0.20679947343488284
0.0,fluxv_periodic_v3_persistent,0.59375,0.5466391146351252,-0.12346835891684306,0.9041007896631679,-0.20420756182009303,0.20420756182009303
0.0,fluxv_periodic_v3_persistent,0.6015625,0.5280219936807281,-0.12116254328817905,0.8733094443212597,-0.2003939127875237,0.2003939127875237
0.0,fluxv_periodic_v3_persistent,0.609375,0.5066767537155968,-0.1180078101252897,0.838005991290998,-0.19517621674751628,0.19517621674751628
0.0,fluxv_periodic_v3_persistent,0.6171875,0.48238209231084134,-0.11386306457473766,0.7978244126725341,-0.18832111321598755,0.18832111321598755
0.0,fluxv_periodic_v3_persistent,0.625,0.45597662207275075,-0.10896079864056238,0.7541517118823244,-0.1802131268250299,0.1802131268250299
0.0,fluxv_periodic_v3_persistent,0.6328125,0.42763070028883166,-0.10333031363185785,0.7072696473127633,-0.17090071977937923,0.17090071977937923
0.0,fluxv_periodic_v3_persistent,0.640625,0.3975287322155733,-0.09700893906223679,0.6574832116611283,-0.1604456323420928,0.1604456323420928
0.0,fluxv_periodic_v3_persistent,0.6484375,0.36557839358183436,-0.08990874736740131,0.604639707390399,-0.1487024388050818,0.1487024388050818
0.0,fluxv_periodic_v3_persistent,0.65625,0.3324500203111131,-0.0822738252098145,0.5498478206914249,-0.13607484051054966,0.13607484051054966
0.0,fluxv_periodic_v3_persistent,0.6640625,0.29855085442374835,-0.07427376121204204,0.4937810998382226,-0.12284332453575558,0.12284332453575558
0.0,fluxv_periodic_v3_persistent,0.671875,0.2641218795366857,-0.0660150683692886,0.43683811396451,-0.10918405552112814,0.10918405552112814
0.0,fluxv_periodic_v3_persistent,0.6796875,0.22940739917154682,-0.057613963825062516,0.37942292308154885,-0.09528924805286365,0.09528924805286365
0.0,fluxv_periodic_v3_persistent,0.6875,0.194801076834338,-0.0492992362311711,0.32218661760184913,-0.08153730169152597,0.08153730169152597
0.0,fluxv_periodic_v3_persistent,0.6953125,0.16055216533414873,-0.04123939070364153,0.2655414432932132,-0.06820691147445092,0.06820691147445092
0.0,fluxv_periodic_v3_persistent,0.703125,0.12679863233882935,-0.03355094997999573,0.2097155885053437,-0.05549079741780055,0.05549079741780055
0.0,fluxv_periodic_v3_persistent,0.7109375,0.093661051468711,-0.026345683348181333,0.1549084731158809,-0.04357381768263236,0.04357381768263236
0.0,fluxv_periodic_v3_persistent,0.71875,0.06141845789687784,-0.019900301150717198,0.10158160072669856,-0.03291363077248437,0.03291363077248437
0.0,fluxv_periodic_v3_persistent,0.7265625,0.030104777414915317,-0.014336729589425994,0.049791082095591264,-0.023711893635052477,0.023711893635052477
0.0,fluxv_periodic_v3_persistent,0.734375,-0.0004126247809892494,-0.00960396185719039,-0.0006824509632392137,-0.01588424477230565,0.01588424477230565
0.0,fluxv_periodic_v3_persistent,0.7421875,-0.03015182947808314,-0.005745430169448187,-0.04986890273872929,-0.009502517866142682,0.009502517866142682
0.0,fluxv_periodic_v3_persistent,0.75,-0.059141279453381594,-0.002795726883112859,-0.09781531548685961,-0.004623926124262142,0.004623926124262142
0.0,fluxv_periodic_v3_persistent,0.7578125,-0.0871917877075386,-0.0011331548788754697,-0.14420878786024507,-0.0018741546175044853,0.0018741546175044853
0.0,fluxv_periodic_v3_persistent,0.765625,-0.11464859401448312,-0.00038005216830182265,-0.18962032098901999,-0.000628578263566502,0.000628578263566502
0.0,fluxv_periodic_v3_persistent,0.7734375,-0.14155792748145632,-0.0005075568139862319,-0.23412637440789968,-0.000839461546088176,0.000839461546088176
0.0,fluxv_periodic_v3_persistent,0.78125,-0.1679621273799507,-0.0014815178267140947,-0.27779697415008464,-0.00245032124700102,0.00245032124700102
0.0,fluxv_periodic_v3_persistent,0.7890625,-0.193829764505755,-0.003378558702080023,-0.32058013862921353,-0.005587886978254008,0.005587886978254008
0.0,fluxv_periodic_v3_persistent,0.796875,-0.21917744399693523,-0.006134665099074697,-0.3625033315192826,-0.010146283739857572,0.010146283739857572
0.0,fluxv_periodic_v3_persistent,0.8046875,-0.2441069959582879,-0.009510854977596794,-0.4037349723052741,-0.015730252858609847,0.015730252858609847
0.0,fluxv_periodic_v3_persistent,0.8125,-0.268612754780822,-0.013444066967993072,-0.4442656904876656,-0.022235495478877723,0.022235495478877723
0.0,fluxv_periodic_v3_persistent,0.8203125,-0.29268371063356763,-0.017870334777318662,-0.4840772766178327,-0.02955621606862746,0.02955621606862746
0.0,fluxv_periodic_v3_persistent,0.828125,-0.3161271321985627,-0.022821783673388586,-0.5228509673067365,-0.03774554745209738,0.03774554745209738
0.0,fluxv_periodic_v3_persistent,0.8359375,-0.3390147416769402,-0.028081775785811218,-0.560705385786679,-0.046445186565258194,0.046445186565258194
0.0,fluxv_periodic_v3_persistent,0.84375,-0.3613295345396178,-0.03357037655233629,-0.5976124078203717,-0.055522927536051,0.055522927536051
0.0,fluxv_periodic_v3_persistent,0.8515625,-0.38302654355536114,-0.03923142743742682,-0.6334976609229713,-0.06488588828749675,0.06488588828749675
0.0,fluxv_periodic_v3_persistent,0.859375,-0.40397387066329454,-0.04501403122119595,-0.6681429954271744,-0.07444988857076326,0.07444988857076326
0.0,fluxv_periodic_v3_persistent,0.8671875,-0.4239508124265919,-0.050836541815748315,-0.7011833841218397,-0.08407989177657245,0.08407989177657245
0.0,fluxv_periodic_v3_persistent,0.875,-0.44309072182818926,-0.05662913392527984,-0.7328393830080814,-0.09366041201416975,0.09366041201416975
0.0,fluxv_periodic_v3_persistent,0.8828125,-0.46134032904016375,-0.06235438279030195,-0.7630228877183178,-0.10312955149084202,0.10312955149084202
0.0,fluxv_periodic_v3_persistent,0.890625,-0.47864661730077873,-0.06797684795913272,-0.7916462124377798,-0.1124286943126772,0.1124286943126772
0.0,fluxv_periodic_v3_persistent,0.8984375,-0.49465115594851816,-0.07341015069850967,-0.8181165392808822,-0.12141497642391731,0.12141497642391731
0.0,fluxv_periodic_v3_persistent,0.90625,-0.5094338828131655,-0.07863109740103102,-0.842566079523943,-0.13005003730807957,0.13005003730807957
0.0,fluxv_periodic_v3_persistent,0.9140625,-0.5230624717698804,-0.0836348408530439,-0.8651067607666038,-0.1383258600311871,0.1383258600311871
0.0,fluxv_periodic_v3_persistent,0.921875,-0.5354929375636313,-0.0884013107806884,-0.8856658346402556,-0.1462092498401392,0.1462092498401392
0.0,fluxv_periodic_v3_persistent,0.9296875,-0.5466100922875761,-0.09289612048913415,-0.9040527888402584,-0.1536433336771584,0.1536433336771584
0.0,fluxv_periodic_v3_persistent,0.9375,-0.5559857742699572,-0.09701431288983586,-0.9195594755316407,-0.16045452025670734,0.16045452025670734
0.0,fluxv_periodic_v3_persistent,0.9453125,-0.5640042205302169,-0.10083026134506398,-0.9328213944131891,-0.16676581763612836,0.16676581763612836
0.0,fluxv_periodic_v3_persistent,0.953125,-0.5706368985138732,-0.10433301904722453,-0.9437913547436126,-0.172559120602814,0.172559120602814
0.0,fluxv_periodic_v3_persistent,0.9609375,-0.575857147218966,-0.10751225764061384,-0.9524252611914943,-0.17781734681798247,0.17781734681798247
0.0,fluxv_periodic_v3_persistent,0.96875,-0.57931295869491,-0.11028079833004939,-0.9581409185615555,-0.18239630898245188,0.18239630898245188
0.0,fluxv_periodic_v3_persistent,0.9765625,-0.5810510653935905,-0.11264211473506397,-0.9610156188834394,-0.18630175220680525,0.18630175220680525
0.0,fluxv_periodic_v3_persistent,0.984375,-0.5813015099376897,-0.114645401870732,-0.9614298356930763,-0.18961504141862548,0.18961504141862548
0.0,fluxv_periodic_v3_persistent,0.9921875,-0.58005579739429,-0.11628402817899744,-0.9593695189977869,-0.1923252085098599,0.1923252085098599
5.0,fluxv_periodic_v3_persistent,0.0,-0.40092482602183743,-0.08940114583649117,-0.6631001004087678,-0.14786290330049864,0.14786290330049864
5.0,fluxv_periodic_v3_persistent,0.0078125,-0.39695515838085005,-0.08977851031850523,-0.6565345628304469,-0.1484870363291193,0.1484870363291193
5.0,fluxv_periodic_v3_persistent,0.015625,-0.3917797464441547,-0.08983594537043685,-0.6479748130914957,-0.14858202967009232,0.14858202967009232
5.0,fluxv_periodic_v3_persistent,0.0234375,-0.38540602913483324,-0.0895667946857732,-0.6374331546221897,-0.14813687428324224,0.14813687428324224
5.0,fluxv_periodic_v3_persistent,0.03125,-0.37784892955891825,-0.0889636963985337,-0.6249342691395647,-0.14713939418505773,0.14713939418505773
5.0,fluxv_periodic_v3_persistent,0.0390625,-0.3689374430172023,-0.0879614920466194,-0.6101953274800095,-0.14548182208362773,0.14548182208362773
5.0,fluxv_periodic_v3_persistent,0.046875,-0.35864790272283364,-0.08652566648255744,-0.5931771865231202,-0.14310707246997545,0.14310707246997545
5.0,fluxv_periodic_v3_persistent,0.0546875,-0.3472602442972411,-0.0847150899834766,-0.5743428391459392,-0.140112512441725,0.140112512441725
5.0,fluxv_periodic_v3_persistent,0.0625,-0.3347881418868248,-0.08251100468292463,-0.5537149013783612,-0.13646711787085877,0.13646711787085877
5.0,fluxv_periodic_v3_persistent,0.0703125,-0.32123398668869263,-0.07989442055363082,-0.53129732808409,-0.13213948065248354,0.13213948065248354
5.0,fluxv_periodic_v3_persistent,0.078125,-0.30628841211940605,-0.076718655980276,-0.5065784497449849,-0.1268870002102984,0.1268870002102984
5.0,fluxv_periodic_v3_persistent,0.0859375,-0.29035042236450825,-0.07307792452238324,-0.48021818986371984,-0.12086549882500239,0.12086549882500239
5.0,fluxv_periodic_v3_persistent,0.09375,-0.2735358954811159,-0.06894783843640345,-0.45240820220260125,-0.1140346409669737,0.1140346409669737
5.0,fluxv_periodic_v3_persistent,0.1015625,-0.2558153751121728,-0.06431790503775034,-0.42309976811899636,-0.10637707250957525,0.10637707250957525
5.0,fluxv_periodic_v3_persistent,0.109375,-0.23719239110131687,-0.05910607116204271,-0.39229872571401236,-0.09775708356903678,0.09775708356903678
5.0,fluxv_periodic_v3_persistent,0.1171875,-0.21763524160915024,-0.053224676502135096,-0.3599526424827918,-0.0880296904608936,0.0880296904608936
5.0,fluxv_periodic_v3_persistent,0.125,-0.19720574689926404,-0.04691749646445225,-0.3261637645830529,-0.07759807973281194,0.07759807973281194
5.0,fluxv_periodic_v3_persistent,0.1328125,-0.17589649266021232,-0.040369377361439425,-0.29091982929035165,-0.06676797355609972,0.06676797355609972
5.0,fluxv_periodic_v3_persistent,0.140625,-0.15369592683591934,-0.03385897841957683,-0.2542017303557192,-0.05600025374466783,0.05600025374466783
5.0,fluxv_periodic_v3_persistent,0.1484375,-0.13073408467767547,-0.027487152520404817,-0.21622453649675755,-0.04546172352828753,0.04546172352828753
5.0,fluxv_periodic_v3_persistent,0.15625,-0.10746871594887078,-0.021178335102197618,-0.17774533207034693,-0.03502740469354937,0.03502740469354937
5.0,fluxv_periodic_v3_persistent,0.1640625,-0.08410493833809518,-0.014917557244805972,-0.1391033666092468,-0.024672539750246338,0.024672539750246338
5.0,fluxv_periodic_v3_persistent,0.171875,-0.06072601417066381,-0.008770422367721145,-0.10043634986025574,-0.014505631917007874,0.014505631917007874
5.0,fluxv_periodic_v3_persistent,0.1796875,-0.03742386933693034,-0.002820804921823919,-0.06189632046794593,-0.004665403351183612,0.004665403351183612
5.0,fluxv_periodic_v3_persistent,0.1875,-0.014371737413018365,0.0027319140527258604,-0.02376979399400388,0.0045183844079836845,-0.0045183844079836845
5.0,fluxv_periodic_v3_persistent,0.1953125,0.008406823533019941,0.007888766956159025,0.013904266254045046,0.013047438874352712,-0.013047438874352712
5.0,fluxv_periodic_v3_persistent,0.203125,0.030871895479646805,0.012593761572484256,0.05105983881189678,0.020829153051209498,-0.020829153051209498
5.0,fluxv_periodic_v3_persistent,0.2109375,0.05299019878569669,0.016794934223954255,0.08764188160690795,0.02777758284705504,-0.02777758284705504
5.0,fluxv_periodic_v3_persistent,0.21875,0.07465170328671467,0.020308270103301072,0.12346841286004524,0.03358838133883441,-0.03358838133883441
5.0,fluxv_periodic_v3_persistent,0.2265625,0.09587348513825471,0.023110342680455247,0.15856767527350002,0.03822280277314685,-0.03822280277314685
5.0,fluxv_periodic_v3_persistent,0.234375,0.1167354710855887,0.025286244831613104,0.19307186179062527,0.0418215844929744,-0.0418215844929744
5.0,fluxv_periodic_v3_persistent,0.2421875,0.13725850839771875,0.02683265972212468,0.22701545225719588,0.04437924069836984,-0.04437924069836984
5.0,fluxv_periodic_v3_persistent,0.25,0.15746767537641984,0.027751790605161177,0.2604399243352217,0.04589941540762345,-0.04589941540762345
5.0,fluxv_periodic_v3_persistent,0.2578125,0.1773145785018179,0.027834954646558364,0.2932652387110835,0.04603696260006862,-0.04603696260006862
5.0,fluxv_periodic_v3_persistent,0.265625,0.19695887964123066,0.027358752943048105,0.3257554643408009,0.04524936009476684,-0.04524936009476684
5.0,fluxv_periodic_v3_persistent,0.2734375,0.216435825409627,0.026356354301736377,0.3579688965266548,0.04359146665299925,-0.04359146665299925
5.0,fluxv_periodic_v3_persistent,0.28125,0.2357796013416171,0.02486234464906801,0.3899620756222509,0.0411204848469434,-0.0411204848469434
5.0,fluxv_periodic_v3_persistent,0.2890625,0.2550160156025015,0.02284982604009308,0.4217776864300543,0.037791927458947924,-0.037791927458947924
5.0,fluxv_periodic_v3_persistent,0.296875,0.27419552190258745,0.020370242202310686,0.45349917566675446,0.03369087862113935,-0.03369087862113935
5.0,fluxv_periodic_v3_persistent,0.3046875,0.29335903821431575,0.017558665167503366,0.48519421864171847,0.029040737514671244,-0.029040737514671244
5.0,fluxv_periodic_v3_persistent,0.3125,0.3124543778437642,0.014235601434285775,0.5167765024111378,0.023544635123044094,-0.023544635123044094
5.0,fluxv_periodic_v3_persistent,0.3203125,0.3312487456375255,0.009913024232369463,0.5478610009562183,0.016395411152415655,-0.016395411152415655
5.0,fluxv_periodic_v3_persistent,0.328125,0.3496542417010319,0.004923961518408654,0.5783023343325643,0.008143869287575238,-0.008143869287575238
5.0,fluxv_periodic_v3_persistent,0.3359375,0.36768516392835515,-1.130017625310814e-05,0.6081241502027283,-1.868965831431114e-05,1.868965831431114e-05
5.0,fluxv_periodic_v3_persistent,0.34375,0.38551602947815977,-0.004438461802551995,0.6376150870792754,-0.007340888555433088,0.007340888555433088
5.0,fluxv_periodic_v3_persistent,0.3515625,0.403264454222525,-0.008363544712675176,0.6669696729423245,-0.013832686276319686,0.013832686276319686
5.0,fluxv_periodic_v3_persistent,0.359375,0.4209627910539403,-0.011936098172346123,0.6962414170905417,-0.019741426279600162,0.019741426279600162
5.0,fluxv_periodic_v3_persistent,0.3671875,0.4386019822891999,-0.015255991565025363,0.7254153387837645,-0.025232285161739084,0.025232285161739084
5.0,fluxv_periodic_v3_persistent,0.375,0.45616507142209206,-0.01835986316918583,0.7544633932109918,-0.030365859933840188,0.030365859933840188
5.0,fluxv_periodic_v3_persistent,0.3828125,0.4736092425377364,-0.021289428367950343,0.783314766006004,-0.03521114476374237,0.03521114476374237
5.0,fluxv_periodic_v3_persistent,0.390625,0.49094626675301367,-0.024070006231534775,0.8119889257281895,-0.039810015526703824,0.039810015526703824
5.0,fluxv_periodic_v3_persistent,0.3984375,0.508146101322833,-0.026768890523192305,0.8404361838923426,-0.044273771145300206,0.044273771145300206
5.0,fluxv_periodic_v3_persistent,0.40625,0.5251020569716771,-0.029347203958914915,0.8684800843033956,-0.04853811145836382,0.04853811145836382
5.0,fluxv_periodic_v3_persistent,0.4140625,0.5418544063663349,-0.03184672019544304,0.8961872349827483,-0.05267212701400035,0.05267212701400035
5.0,fluxv_periodic_v3_persistent,0.421875,0.5583311610611118,-0.034267012684181496,0.9234385723492254,-0.05667511233228453,0.05667511233228453
5.0,fluxv_periodic_v3_persistent,0.4296875,0.5744890611523846,-0.036610975886383325,0.9501625477119641,-0.06055185463870841,0.06055185463870841
5.0,fluxv_periodic_v3_persistent,0.4375,0.5901865811565833,-0.038934387598828994,0.9761250883563936,-0.0643946062964212,0.0643946062964212
5.0,fluxv_periodic_v3_persistent,0.4453125,0.6054237606855312,-0.04120009104786989,1.001326259797549,-0.06814191274152939,0.06814191274152939
5.0,fluxv_periodic_v3_persistent,0.453125,0.6200929843977794,-0.043377519240937815,1.0255880741955945,-0.07174321842215486,0.07174321842215486
5.0,fluxv_periodic_v3_persistent,0.4609375,0.6341551946880795,-0.045479764269249934,1.0488459331513262,-0.07522017669183725,0.07522017669183725
5.0,fluxv_periodic_v3_persistent,0.46875,0.6474055333170275,-0.04754378084000986,1.0707610162418082,-0.07863390791146924,0.07863390791146924
5.0,fluxv_periodic_v3_persistent,0.4765625,0.6597616755092996,-0.04960378424182001,1.091197164358798,-0.0820410016455657,0.0820410016455657
5.0,fluxv_periodic_v3_persistent,0.484375,0.6712459686923968,-0.05165197115951813,1.110191338499615,-0.08542855178621868,0.08542855178621868
5.0,fluxv_periodic_v3_persistent,0.4921875,0.6817236430529382,-0.053650079920260836,1.1275206393300576,-0.08873327634773524,0.08873327634773524
5.0,fluxv_periodic_v3_persistent,0.5,0.6910889554066376,-0.05557912674747874,1.1430101754201958,-0.09192377756342134,0.09192377756342134
5.0,fluxv_periodic_v3_persistent,0.5078125,0.6987042295163136,-0.05742532413476199,1.1556052772922145,-0.09497725191428444,0.09497725191428444
5.0,fluxv_periodic_v3_persistent,0.515625,0.70489588163366,-0.059205812674877546,1.1658458133584069,-0.09792204867691488,0.09792204867691488
5.0,fluxv_periodic_v3_persistent,0.5234375,0.7095717961964793,-0.06092636657106133,1.1735794312709564,-0.10076771795770925,0.10076771795770925
5.0,fluxv_periodic_v3_persistent,0.53125,0.7126372706760232,-0.06258991665507885,1.1786495000301191,-0.1035191071363054,0.1035191071363054
5.0,fluxv_periodic_v3_persistent,0.5390625,0.7136777310942859,-0.0641846546755982,1.1803703448445129,-0.10615668623567118,0.10615668623567118
5.0,fluxv_periodic_v3_persistent,0.546875,0.712404123865119,-0.0656906613316649,1.178263892395754,-0.10864751020075962,0.10864751020075962
5.0,fluxv_periodic_v3_persistent,0.5546875,0.7091189886867559,-0.06710818696682902,1.1728305210372283,-0.11099199308134365,0.11099199308134365
5.0,fluxv_periodic_v3_persistent,0.5625,0.7037454181954066,-0.06842466205504194,1.1639430316599224,-0.11316934580814156,0.11316934580814156
5.0,fluxv_periodic_v3_persistent,0.5703125,0.6962119978653577,-0.06962629988519556,1.151483309903992,-0.1151567661775313,0.1151567661775313
5.0,fluxv_periodic_v3_persistent,0.578125,0.6856951234741666,-0.07064496905639084,1.1340891751132336,-0.11684156987603342,0.11684156987603342
5.0,fluxv_periodic_v3_persistent,0.5859375,0.6727768771187075,-0.07149384431617808,1.1127233481565773,-0.11824554696466794,0.11824554696466794
5.0,fluxv_periodic_v3_persistent,0.59375,0.6575908694594392,-0.072163548722093,1.08760681121476,-0.11935318867199934,0.11935318867199934
5.0,fluxv_periodic_v3_persistent,0.6015625,0.6401539070006197,-0.07263050588660057,1.0587673610066122,-0.12012550139142844,0.12012550139142844
5.0,fluxv_periodic_v3_persistent,0.609375,0.6202594086566363,-0.07283356937468546,1.0258633276486007,-0.12046135342801725,0.12046135342801725
5.0,fluxv_periodic_v3_persistent,0.6171875,0.5976853546996781,-0.07266056071453217,0.9885275068813515,-0.1201752098607616,0.1201752098607616
5.0,fluxv_periodic_v3_persistent,0.625,0.5731228231424114,-0.07209809121443572,0.9479028907817988,-0.11924492678078465,0.11924492678078465
5.0,fluxv_periodic_v3_persistent,0.6328125,0.5467350591392727,-0.07116337937332112,0.9042594747986462,-0.11769898231571778,0.11769898231571778
5.0,fluxv_periodic_v3_persistent,0.640625,0.5187394139533008,-0.06991354126642865,0.85795674189476,-0.11563184224260602,0.11563184224260602
5.0,fluxv_periodic_v3_persistent,0.6484375,0.4889324089565906,-0.06813177942842295,0.8086581534228986,-0.11268493953915074,0.11268493953915074
5.0,fluxv_periodic_v3_persistent,0.65625,0.45779669058128836,-0.06576090053017494,0.7571619709943316,-0.10876368065607112,0.10876368065607112
5.0,fluxv_periodic_v3_persistent,0.6640625,0.4257170696421221,-0.06287709682826297,0.7041046433229398,-0.10399408196778022,0.10399408196778022
5.0,fluxv_periodic_v3_persistent,0.671875,0.39278675872569924,-0.05936828002645718,0.6496403371540258,-0.09819075769704359,0.09819075769704359
5.0,fluxv_periodic_v3_persistent,0.6796875,0.35910247504530357,-0.05510148961819754,0.5939290156270042,-0.09113380096973425,0.09113380096973425
5.0,fluxv_periodic_v3_persistent,0.6875,0.32491721751127745,-0.0499758625057233,0.5373891202849342,-0.08265639165920569,0.08265639165920569
5.0,fluxv_periodic_v3_persistent,0.6953125,0.2902204871245344,-0.04374401636773389,0.4800032865574611,-0.07234937764653965,0.07234937764653965
5.0,fluxv_periodic_v3_persistent,0.703125,0.2547735135915438,-0.035773861781229564,0.421376605984598,-0.059167329632639515,0.059167329632639515
5.0,fluxv_periodic_v3_persistent,0.7109375,0.21902252983492915,-0.026733655392617024,0.3622471149177809,-0.04421549483735934,0.04421549483735934
5.0,fluxv_periodic_v3_persistent,0.71875,0.1849496093651749,-0.01934493009744203,0.30589301679694425,-0.03199508800015221,0.03199508800015221
5.0,fluxv_periodic_v3_persistent,0.7265625,0.15257480334106227,-0.013407426281679534,0.2523474747602579,-0.022174894485383175,0.022174894485383175
5.0,fluxv_periodic_v3_persistent,0.734375,0.12129707807607601,-0.008196048435725724,0.20061642340690372,-0.013555659784432583,0.013555659784432583
5.0,fluxv_periodic_v3_persistent,0.7421875,0.09110034751687741,-0.003758044000052356,0.1506732575907503,-0.0062155276800932085,0.0062155276800932085
5.0,fluxv_periodic_v3_persistent,0.75,0.061955689017002144,-0.0001327352550741165,0.10247014138713084,-0.00021953432477797216,0.00021953432477797216
5.0,fluxv_periodic_v3_persistent,0.7578125,0.034154964197780704,0.0023233720412692074,0.056489792397571965,0.0038426860445120474,-0.0038426860445120474
5.0,fluxv_periodic_v3_persistent,0.765625,0.007220587888550761,0.003941148567609243,0.01194231996411106,0.006518369133781742,-0.006518369133781742
5.0,fluxv_periodic_v3_persistent,0.7734375,-0.018909079842434673,0.004740147381661772,-0.03127422381539648,0.007839854258765898,-0.007839854258765898
5.0,fluxv_periodic_v3_persistent,0.78125,-0.04429275061903648,0.004745125190607678,-0.07325694363776779,0.007848087187728163,-0.007848087187728163
5.0,fluxv_periodic_v3_persistent,0.7890625,-0.06888566031758284,0.0038740267237012613,-0.11393180294309206,0.006407354553126715,-0.006407354553126715
5.0,fluxv_periodic_v3_persistent,0.796875,-0.09273157660248343,0.0021746951636001446,-0.15337119022113357,0.003596785451403234,-0.003596785451403234
5.0,fluxv_periodic_v3_persistent,0.8046875,-0.11600133650513353,-0.0001309830880652854,-0.19185765732530524,-0.00021663636973982361,0.00021663636973982361
5.0,fluxv_periodic_v3_persistent,0.8125,-0.1387096282337477,-0.002987596501171752,-0.22941549746897216,-0.004941264325197881,0.004941264325197881
5.0,fluxv_periodic_v3_persistent,0.8203125,-0.16086576222580565,-0.00633842749884584,-0.2660601094292291,-0.010483291724841812,0.010483291724841812
5.0,fluxv_periodic_v3_persistent,0.828125,-0.18227900351945767,-0.010228585010117607,-0.3014760316428473,-0.016917325411221033,0.016917325411221033
5.0,fluxv_periodic_v3_persistent,0.8359375,-0.20307828167451428,-0.014446913585530907,-0.33587650409524844,-0.02389412984029218,0.02389412984029218
5.0,fluxv_periodic_v3_persistent,0.84375,-0.22326943566132187,-0.018916626991434385,-0.36927118401285414,-0.03128670624335976,0.03128670624335976
5.0,fluxv_periodic_v3_persistent,0.8515625,-0.24282505959523268,-0.023584938643605564,-0.4016147440832052,-0.039007749502291106,0.039007749502291106
5.0,fluxv_periodic_v3_persistent,0.859375,-0.26139594535609423,-0.02855155979191213,-0.4323296198241161,-0.04722217467224806,0.04722217467224806
5.0,fluxv_periodic_v3_persistent,0.8671875,-0.278558789278446,-0.033850370891422815,-0.46071569818483005,-0.05598601752776943,0.05598601752776943
5.0,fluxv_periodic_v3_persistent,0.875,-0.2944466223832961,-0.039333211156010926,-0.4869930026651717,-0.06505423105310394,0.06505423105310394
5.0,fluxv_periodic_v3_persistent,0.8828125,-0.3092264842922564,-0.04476784595181947,-0.511437804482771,-0.07404271628746392,0.07404271628746392
5.0,fluxv_periodic_v3_persistent,0.890625,-0.3229940308075355,-0.05000171033660757,-0.5342083112813865,-0.08269914206562172,0.08269914206562172
5.0,fluxv_periodic_v3_persistent,0.8984375,-0.33572284195616287,-0.05486123131303651,-0.5552608263737776,-0.09073643144822789,0.09073643144822789
5.0,fluxv_periodic_v3_persistent,0.90625,-0.347497427107051,-0.05937842963976366,-0.5747351220249036,-0.09820754440907992,0.09820754440907992
5.0,fluxv_periodic_v3_persistent,0.9140625,-0.3583194638099193,-0.06359318630847258,-0.5926339727783076,-0.10517844116783333,0.10517844116783333
5.0,fluxv_periodic_v3_persistent,0.921875,-0.36821296331370235,-0.06750170277482914,-0.6089970914692796,-0.11164283921224177,0.11164283921224177
5.0,fluxv_periodic_v3_persistent,0.9296875,-0.377097228508409,-0.07111275943548515,-0.623691011028023,-0.11761526067095265,0.11761526067095265
5.0,fluxv_periodic_v3_persistent,0.9375,-0.38454156163518505,-0.07435670589585555,-0.636003389118505,-0.12298050892693149,0.12298050892693149
5.0,fluxv_periodic_v3_persistent,0.9453125,-0.39086558393370696,-0.07730782448246429,-0.6464628557041655,-0.12786144147110837,0.12786144147110837
5.0,fluxv_periodic_v3_persistent,0.953125,-0.3960739429078022,-0.07996892579904569,-0.6550770974136557,-0.1322627068348225,0.1322627068348225
5.0,fluxv_periodic_v3_persistent,0.9609375,-0.40015924659210056,-0.08234496505212077,-0.6618338884812935,-0.13619250056429197,0.13619250056429197
5.0,fluxv_periodic_v3_persistent,0.96875,-0.40284290130917366,-0.08437799287484071,-0.6662724555064662,-0.1395549786795933,0.1395549786795933
5.0,fluxv_periodic_v3_persistent,0.9765625,-0.40415899637583164,-0.08607685003859838,-0.6684491797056328,-0.1423647631647439,0.1423647631647439
5.0,fluxv_periodic_v3_persistent,0.984375,-0.4042869389017084,-0.08748321156761235,-0.6686607872097059,-0.1446907814369309,0.1446907814369309
5.0,fluxv_periodic_v3_persistent,0.9921875,-0.4032115208817576,-0.08859307730366839,-0.6668821250996875,-0.14652641752941603,0.14652641752941603
10.0,fluxv_periodic_v3_persistent,0.0,-0.2500381565832605,-0.05722923978422963,-0.41354467465018613,-0.09465294285660708,0.09465294285660708
10.0,fluxv_periodic_v3_persistent,0.0078125,-0.24686562727658784,-0.05721651953280585,-0.4082975451005438,-0.09463190449866844,0.09463190449866844
10.0,fluxv_periodic_v3_persistent,0.015625,-0.2427111533268363,-0.056791106205069636,-0.4014263515140538,-0.09392830222206175,0.09392830222206175
10.0,fluxv_periodic_v3_persistent,0.0234375,-0.23756940041450397,-0.05594568053984514,-0.3929222713195813,-0.09253003050848126,0.09253003050848126
10.0,fluxv_periodic_v3_persistent,0.03125,-0.23144150283137105,-0.054667839248580194,-0.38278718055209476,-0.09041657523320702,0.09041657523320702
10.0,fluxv_periodic_v3_persistent,0.0390625,-0.22416937670927833,-0.05286861653056954,-0.37075962014983055,-0.08744079352168584,0.08744079352168584
10.0,fluxv_periodic_v3_persistent,0.046875,-0.2157035666541593,-0.05050589417520687,-0.35675779453755174,-0.08353302495912321,0.08353302495912321
10.0,fluxv_periodic_v3_persistent,0.0546875,-0.20623931726028816,-0.04767913225577866,-0.3411046238780034,-0.07885776917313596,0.07885776917313596
10.0,fluxv_periodic_v3_persistent,0.0625,-0.1957383333265385,-0.044406942063656925,-0.3237367707321845,-0.07344580786736657,0.07344580786736657
10.0,fluxv_periodic_v3_persistent,0.0703125,-0.1841351747924262,-0.04073543446656585,-0.30454600206521837,-0.0673734050170875,0.0673734050170875
10.0,fluxv_periodic_v3_persistent,0.078125,-0.17105903262803046,-0.036591002011305135,-0.28291902708288624,-0.06051881932208479,0.06051881932208479
10.0,fluxv_periodic_v3_persistent,0.0859375,-0.15684868806806762,-0.03209437446430816,-0.2594161649676794,-0.05308172891413855,0.05308172891413855
10.0,fluxv_periodic_v3_persistent,0.09375,-0.14151474380771656,-0.02735595618879498,-0.23405495179564345,-0.045244734469448336,0.045244734469448336
10.0,fluxv_periodic_v3_persistent,0.1015625,-0.12499239225615127,-0.022503746773570324,-0.20672820059008165,-0.037219537869962654,0.037219537869962654
10.0,fluxv_periodic_v3_persistent,0.109375,-0.10749787233871605,-0.017332293381298318,-0.17779355458933083,-0.02866633527160809,0.02866633527160809
10.0,fluxv_periodic_v3_persistent,0.1171875,-0.08906933620472757,-0.01178026350097146,-0.14731411463524632,-0.019483687223475765,0.019483687223475765
10.0,fluxv_periodic_v3_persistent,0.125,-0.06999277368530699,-0.00597788381001812,-0.11576288682129966,-0.009886979047885292,0.009886979047885292
10.0,fluxv_periodic_v3_persistent,0.1328125,-0.05032990853729663,3.448859544215484e-05,-0.08324195769016235,5.704159387576713e-05,-5.704159387576713e-05
10.0,fluxv_periodic_v3_persistent,0.140625,-0.030144292502192138,0.006213050461522157,-0.049856437136337715,0.01027592734967149,-0.01027592734967149
10.0,fluxv_periodic_v3_persistent,0.1484375,-0.009415385567424828,0.012508053073403259,-0.015572353493536481,0.020687397513368597,-0.020687397513368597
10.0,fluxv_periodic_v3_persistent,0.15625,0.011660205069773999,0.01879455907389954,0.019285119430675575,0.031084814908325212,-0.031084814908325212
10.0,fluxv_periodic_v3_persistent,0.1640625,0.03296714933655212,0.024993952160676014,0.05452523419956005,0.04133815396718158,-0.04133815396718158
10.0,fluxv_periodic_v3_persistent,0.171875,0.05443962204075459,0.031036900956942982,0.09003912079885398,0.05133274570481424,-0.05133274570481424
10.0,fluxv_periodic_v3_persistent,0.1796875,0.07601334945698679,0.03683287151889375,0.12572047522592,0.060918853653605824,-0.060918853653605824
10.0,fluxv_periodic_v3_persistent,0.1875,0.09759354768219528,0.04216230236789616,0.1614125318939135,0.06973333931706682,-0.06973333931706682
10.0,fluxv_periodic_v3_persistent,0.1953125,0.11911028249120584,0.047039947450300226,0.19699962475093355,0.07780060463459121,-0.07780060463459121
10.0,fluxv_periodic_v3_persistent,0.203125,0.1405318724591723,0.05140863964363722,0.23242935505628592,0.08502609940078205,-0.08502609940078205
10.0,fluxv_periodic_v3_persistent,0.2109375,0.16183188817505803,0.055215813136184524,0.2676580105128648,0.09132288363894298,-0.09132288363894298
10.0,fluxv_periodic_v3_persistent,0.21875,0.1829570404551108,0.05826563508229514,0.3025974547399741,0.09636706426193253,-0.09636706426193253
10.0,fluxv_periodic_v3_persistent,0.2265625,0.20391178945622665,0.060542402190837494,0.33725506450825427,0.10013266918408716,-0.10013266918408716
10.0,fluxv_periodic_v3_persistent,0.234375,0.22473310591173742,0.06214522778540395,0.3716919866846323,0.10278362453459686,-0.10278362453459686
10.0,fluxv_periodic_v3_persistent,0.2421875,0.2454363583371609,0.06307574730411587,0.40593363966059104,0.10432263520752681,-0.10432263520752681
10.0,fluxv_periodic_v3_persistent,0.25,0.26604002780849595,0.06334161455379761,0.440010589773147,0.10476236003501795,-0.10476236003501795
10.0,fluxv_periodic_v3_persistent,0.2578125,0.2865587087445158,0.06273402076230417,0.4739469751148448,0.10375744470426937,-0.10375744470426937
10.0,fluxv_periodic_v3_persistent,0.265625,0.30705720256958774,0.06155098323138,0.5078499724635133,0.10180078785832881,-0.10180078785832881
10.0,fluxv_periodic_v3_persistent,0.2734375,0.32755939840973586,0.05983214300994552,0.5417590926721529,0.09895795286921355,-0.09895795286921355
10.0,fluxv_periodic_v3_persistent,0.28125,0.34818182475870546,0.05707953078528405,0.5758670652772949,0.09440533521100944,-0.09440533521100944
10.0,fluxv_periodic_v3_persistent,0.2890625,0.3693428135760265,0.05010181126346412,0.6108657804946712,0.08286470161779066,-0.08286470161779066
10.0,fluxv_periodic_v3_persistent,0.296875,0.390250704305383,0.04080912868409049,0.6454458901365139,0.06749528981909643,-0.06749528981909643
10.0,fluxv_periodic_v3_persistent,0.3046875,0.4100298343610259,0.0330777190705909,0.678159112852187,0.05470810838690033,-0.05470810838690033
10.0,fluxv_periodic_v3_persistent,0.3125,0.42867718257311305,0.028582948462601593,0.709000451849535,0.047274089219153034,-0.047274089219153034
10.0,fluxv_periodic_v3_persistent,0.3203125,0.44663513968399465,0.026103720577852763,0.7387015887971217,0.043173629101416096,-0.043173629101416096
10.0,fluxv_periodic_v3_persistent,0.328125,0.46416494237426287,0.024779285385643307,0.7676945899025948,0.04098311094953901,-0.04098311094953901
10.0,fluxv_periodic_v3_persistent,0.3359375,0.4813558548281195,0.02428451908611441,0.7961270915448098,0.04016480397126619,-0.04016480397126619
10.0,fluxv_periodic_v3_persistent,0.34375,0.4982736671714364,0.024371160876092146,0.824107905740983,0.04030810310343493,-0.04030810310343493
10.0,fluxv_periodic_v3_persistent,0.3515625,0.5149383048239193,0.024871528107637396,0.851669987666125,0.04113567361028311,-0.04113567361028311
10.0,fluxv_periodic_v3_persistent,0.359375,0.5314251997222874,0.025642414428657785,0.878938096181663,0.042410662744641496,-0.042410662744641496
10.0,fluxv_periodic_v3_persistent,0.3671875,0.5476971495127105,0.026624340175173872,0.9058507013374443,0.04403469552796758,-0.04403469552796758
10.0,fluxv_periodic_v3_persistent,0.375,0.5637711422552361,0.027797288013133567,0.9324359001321877,0.045974664765699336,-0.045974664765699336
10.0,fluxv_periodic_v3_persistent,0.3828125,0.579577177719828,0.029162389955488872,0.9585779173468177,0.048232442723791416,-0.048232442723791416
10.0,fluxv_periodic_v3_persistent,0.390625,0.5951514279394092,0.030672821381150475,0.9843365788566768,0.05073058493153341,-0.05073058493153341
10.0,fluxv_periodic_v3_persistent,0.3984375,0.6104930127668373,0.032205098113505415,1.0097104289632877,0.05326485766580214,-0.05326485766580214
10.0,fluxv_periodic_v3_persistent,0.40625,0.6254842341975053,0.03387039610008259,1.0345048038453875,0.056019137746351956,-0.056019137746351956
10.0,fluxv_periodic_v3_persistent,0.4140625,0.6401358258277621,0.035632661269278096,1.0587374560799045,0.05893379439716451,-0.05893379439716451
10.0,fluxv_periodic_v3_persistent,0.421875,0.6544608924091235,0.03743401127555314,1.0824300599595797,0.061913094486621315,-0.061913094486621315
10.0,fluxv_periodic_v3_persistent,0.4296875,0.6684552635910685,0.03920325554643514,1.105575718032148,0.06483929405702554,-0.06483929405702554
10.0,fluxv_periodic_v3_persistent,0.4375,0.6819184130679941,0.04094114763609384,1.1278427745737682,0.06771363943141132,-0.06771363943141132
10.0,fluxv_periodic_v3_persistent,0.4453125,0.6948433164066836,0.04272429189068054,1.1492196116898412,0.07066282854996032,-0.07066282854996032
10.0,fluxv_periodic_v3_persistent,0.453125,0.7071983489117697,0.044523163668831356,1.169653924466047,0.07363802983282958,-0.07363802983282958
10.0,fluxv_periodic_v3_persistent,0.4609375,0.7189512836493994,0.04630464287837033,1.1890924119300172,0.07658446508964024,-0.07658446508964024
10.0,fluxv_periodic_v3_persistent,0.46875,0.7299004124177673,0.04801162409850954,1.2072014635887385,0.07940768616502593,-0.07940768616502593
10.0,fluxv_periodic_v3_persistent,0.4765625,0.7399794228742747,0.049601464136684315,1.2238714037170333,0.08203716436274211,-0.08203716436274211
10.0,fluxv_periodic_v3_persistent,0.484375,0.7492429166802685,0.05105405503878718,1.2391925394367655,0.08443964260933692,-0.08443964260933692
10.0,fluxv_periodic_v3_persistent,0.4921875,0.7576304138548041,0.052343294772701277,1.253064841318889,0.08657195006829893,-0.08657195006829893
10.0,fluxv_periodic_v3_persistent,0.5,0.7650303191586507,0.053488624228902784,1.265303739066091,0.08846624053901918,-0.08846624053901918
10.0,fluxv_periodic_v3_persistent,0.5078125,0.7708457539139909,0.05443689256464407,1.274922039355574,0.09003460644662264,-0.09003460644662264
10.0,fluxv_periodic_v3_persistent,0.515625,0.7753935560990148,0.055205527387834435,1.282443768841501,0.09130587176958234,-0.09130587176958234
10.0,fluxv_periodic_v3_persistent,0.5234375,0.778600016335512,0.05576495640020569,1.2877470176472063,0.09223112610704946,-0.09223112610704946
10.0,fluxv_periodic_v3_persistent,0.53125,0.780391253019451,0.056086088716876564,1.2907095910472162,0.09276225528042062,-0.09276225528042062
10.0,fluxv_periodic_v3_persistent,0.5390625,0.7804218077940095,0.05608645308455161,1.290760126391407,0.09276285791768882,-0.09276285791768882
10.0,fluxv_periodic_v3_persistent,0.546875,0.7784710828294606,0.055694343550059894,1.2875337711349935,0.09211433765948329,-0.09211433765948329
10.0,fluxv_periodic_v3_persistent,0.5546875,0.7748197607651205,0.05494352405292799,1.2814947536675223,0.09087253757222725,-0.09087253757222725
10.0,fluxv_periodic_v3_persistent,0.5625,0.7694189870979496,0.05380768019035677,1.2725622722432093,0.08899393557395979,-0.08899393557395979
10.0,fluxv_periodic_v3_persistent,0.5703125,0.7622252433702033,0.05226132138006884,1.2606643505417388,0.08643637212111924,-0.08643637212111924
10.0,fluxv_periodic_v3_persistent,0.578125,0.7525874308697231,0.05012145038947308,1.2447241193013785,0.08289718328413619,-0.08289718328413619
10.0,fluxv_periodic_v3_persistent,0.5859375,0.7410088433753572,0.04748261937048141,1.2255739893224293,0.07853275135055511,-0.07853275135055511
10.0,fluxv_periodic_v3_persistent,0.59375,0.7276148369830167,0.04436224505295981,1.2034212903445094,0.07337188230736742,-0.07337188230736742
10.0,fluxv_periodic_v3_persistent,0.6015625,0.7124370477429505,0.04075928134721195,1.1783183460620748,0.06741284599934785,-0.06741284599934785
10.0,fluxv_periodic_v3_persistent,0.609375,0.6953369643800733,0.03663027566298159,1.1500360690391385,0.06058377504615028,-0.06058377504615028
10.0,fluxv_periodic_v3_persistent,0.6171875,0.6761792217598096,0.031946691298597535,1.118350575324139,0.05283747184733853,-0.05283747184733853
10.0,fluxv_periodic_v3_persistent,0.625,0.6555593624633773,0.02686088595655859,1.0842468484346144,0.044425924808887525,-0.044425924808887525
10.0,fluxv_periodic_v3_persistent,0.6328125,0.6337015718175434,0.02128002393636836,1.0480956743709338,0.03519559052733307,-0.03519559052733307
10.0,fluxv_periodic_v3_persistent,0.640625,0.6107078133788866,0.015253237028585073,1.0100656933374874,0.02522772936157011,-0.02522772936157011
10.0,fluxv_periodic_v3_persistent,0.6484375,0.5864264211405363,0.008894046752623406,0.9699060609418678,0.014710097534303412,-0.014710097534303412
10.0,fluxv_periodic_v3_persistent,0.65625,0.5611391700737893,0.002549840974773997,0.9280828122101757,0.004217248962045902,-0.004217248962045902
10.0,fluxv_periodic_v3_persistent,0.6640625,0.5351550017004185,-0.0038209742910998105,0.8851069136398986,-0.006319609741377304,0.006319609741377304
10.0,fluxv_periodic_v3_persistent,0.671875,0.5084185820884681,-0.009948862588545814,0.8408868469875791,-0.01645468515102239,0.01645468515102239
10.0,fluxv_periodic_v3_persistent,0.6796875,0.4808606380300023,-0.015512188903751148,0.795308039475089,-0.025656016669511252,0.025656016669511252
10.0,fluxv_periodic_v3_persistent,0.6875,0.4525457732574163,-0.02025743278715439,0.748477340912312,-0.03350430016637157,0.03350430016637157
10.0,fluxv_periodic_v3_persistent,0.6953125,0.42335464760076946,-0.02393135067702583,0.7001973714576064,-0.039580689463188594,0.039580689463188594
10.0,fluxv_periodic_v3_persistent,0.703125,0.39292478304503875,-0.02607393825294617,0.6498686192011144,-0.04312437133199352,0.04312437133199352
10.0,fluxv_periodic_v3_persistent,0.7109375,0.360553203605745,-0.025800433225281902,0.5963284136978091,-0.04267201418288398,0.04267201418288398
10.0,fluxv_periodic_v3_persistent,0.71875,0.32504610845796295,-0.0214487904307145,0.537602296407094,-0.03547471786513596,0.03547471786513596
10.0,fluxv_periodic_v3_persistent,0.7265625,0.28496038296493087,-0.009972938218926084,0.47130346212652474,-0.01649450446847641,0.01649450446847641
10.0,fluxv_periodic_v3_persistent,0.734375,0.24767580059464925,0.0007193460506832294,0.4096375120312166,0.00118974532749618,-0.00118974532749618
10.0,fluxv_periodic_v3_persistent,0.7421875,0.21663262849420517,0.005859281012526975,0.3582943943174487,0.00969081876590551,-0.00969081876590551
10.0,fluxv_periodic_v3_persistent,0.75,0.1871272197824608,0.010101405171130977,0.3094946238629901,0.016706979335028155,-0.016706979335028155
10.0,fluxv_periodic_v3_persistent,0.7578125,0.1593656423048372,0.013305980315145958,0.26357902168994,0.022007110336763714,-0.022007110336763714
10.0,fluxv_periodic_v3_persistent,0.765625,0.13274124840654822,0.01575350431329465,0.2195442373079013,0.02605513456372158,-0.02605513456372158
10.0,fluxv_periodic_v3_persistent,0.7734375,0.10717783565412384,0.017454043671030782,0.1772642375106323,0.028867701273677507,-0.028867701273677507
10.0,fluxv_periodic_v3_persistent,0.78125,0.08260107176693277,0.018422687649963854,0.1366160821867928,0.03046976699274047,-0.03046976699274047
10.0,fluxv_periodic_v3_persistent,0.7890625,0.05906988561205928,0.01857291050996626,0.09769723533747317,0.03071822452663702,-0.03071822452663702
10.0,fluxv_periodic_v3_persistent,0.796875,0.03651409620512738,0.017935653365181582,0.06039162278924722,0.029664248196745416,-0.029664248196745416
10.0,fluxv_periodic_v3_persistent,0.8046875,0.014693872526344187,0.016712922355827886,0.02430258171910202,0.027641941264245337,-0.027641941264245337
10.0,fluxv_periodic_v3_persistent,0.8125,-0.006425716581165142,0.014951733960960152,-0.010627661430815982,0.024729065518775933,-0.024729065518775933
10.0,fluxv_periodic_v3_persistent,0.8203125,-0.026874226697663484,0.01270080317314117,-0.04444798941100747,0.021006191966079907,-0.021006191966079907
10.0,fluxv_periodic_v3_persistent,0.828125,-0.04646226342098653,0.009902313878917266,-0.07684515784511854,0.016377697017523996,-0.016377697017523996
10.0,fluxv_periodic_v3_persistent,0.8359375,-0.06537629673562834,0.006759444211696898,-0.1081275743383058,0.011179622324608911,-0.011179622324608911
10.0,fluxv_periodic_v3_persistent,0.84375,-0.0836451166288531,0.003345058670652318,-0.13834285540670044,0.005532480396367264,-0.005532480396367264
10.0,fluxv_periodic_v3_persistent,0.8515625,-0.10125894688901355,-0.0002919224440150799,-0.16747483191707802,-0.00048281819776216324,0.00048281819776216324
10.0,fluxv_periodic_v3_persistent,0.859375,-0.11812642298907255,-0.0041139744191235495,-0.19537239367840034,-0.006804210349027728,0.006804210349027728
10.0,fluxv_periodic_v3_persistent,0.8671875,-0.13409369079176697,-0.008057403246217175,-0.22178107729193056,-0.013326350863863757,0.013326350863863757
10.0,fluxv_periodic_v3_persistent,0.875,-0.14932150917279108,-0.012038284100609207,-0.24696676608465595,-0.019910434270359812,0.019910434270359812
10.0,fluxv_periodic_v3_persistent,0.8828125,-0.16378392475581227,-0.01602063049321769,-0.2708865350857712,-0.026496941569005738,0.026496941569005738
10.0,fluxv_periodic_v3_persistent,0.890625,-0.17745436703268685,-0.01997003114280628,-0.29349643863395924,-0.03302895903792148,0.03302895903792148
10.0,fluxv_periodic_v3_persistent,0.8984375,-0.1900618912184256,-0.02381991509496497,-0.3143483540327177,-0.03939638322706232,0.03939638322706232
10.0,fluxv_periodic_v3_persistent,0.90625,-0.20165307702738322,-0.027560877091497626,-0.3335193206950761,-0.04558365853286011,0.04558365853286011
10.0,fluxv_periodic_v3_persistent,0.9140625,-0.21200255582542404,-0.03135668357155591,-0.35063659551752746,-0.05186164257050063,0.05186164257050063
10.0,fluxv_periodic_v3_persistent,0.921875,-0.22117500467163337,-0.03511921978100944,-0.3658071495868941,-0.05808460003371436,0.05808460003371436
10.0,fluxv_periodic_v3_persistent,0.9296875,-0.22922007369555358,-0.03872897028736233,-0.37911310055653147,-0.06405486120951599,0.06405486120951599
10.0,fluxv_periodic_v3_persistent,0.9375,-0.23580536829290516,-0.04209783104759586,-0.39000469225977835,-0.06962670850702493,0.06962670850702493
10.0,fluxv_periodic_v3_persistent,0.9453125,-0.24127427290550268,-0.04524883637586947,-0.3990498572442532,-0.07483823898344642,0.07483823898344642
10.0,fluxv_periodic_v3_persistent,0.953125,-0.24570517162648337,-0.048115628257303415,-0.40637823702042436,-0.07957970137501792,0.07957970137501792
10.0,fluxv_periodic_v3_persistent,0.9609375,-0.24914407157762458,-0.05065721308193669,-0.41206592397541786,-0.08378329527349088,0.08378329527349088
10.0,fluxv_periodic_v3_persistent,0.96875,-0.2514005201385881,-0.05276906389462914,-0.4157979235180469,-0.08727614080226447,0.08727614080226447
10.0,fluxv_periodic_v3_persistent,0.9765625,-0.25252536464979614,-0.054452275762113284,-0.41765833340018693,-0.0900600491209705,0.0900600491209705
10.0,fluxv_periodic_v3_persistent,0.984375,-0.2526772859400087,-0.055759055226047516,-0.4179096000124189,-0.0922213660001096,0.0922213660001096
10.0,fluxv_periodic_v3_persistent,0.9921875,-0.2518485455153027,-0.05668705831140039,-0.4165389244563848,-0.09375621467781065,0.09375621467781065
15.0,fluxv_periodic_v3_persistent,0.0,-0.116773726293953,0.005807978941140005,-0.19313513308454644,0.00960596892254354,-0.00960596892254354
15.0,fluxv_periodic_v3_persistent,0.0078125,-0.11440527113154852,0.006150495942763984,-0.18921788288184005,0.010172466788046635,-0.010172466788046635
15.0,fluxv_periodic_v3_persistent,0.015625,-0.11106793566748263,0.006822561759616416,-0.18369817609970304,0.011284014094952182,-0.011284014094952182
15.0,fluxv_periodic_v3_persistent,0.0234375,-0.10676183817692642,0.007831693358336514,-0.1765762083565475,0.012953043351824666,-0.012953043351824666
15.0,fluxv_periodic_v3_persistent,0.03125,-0.10148796410564664,0.009185131091309987,-0.16785360950701073,0.01519152956764918,-0.01519152956764918
15.0,fluxv_periodic_v3_persistent,0.0390625,-0.09508873392416306,0.010950291362568434,-0.1572697546283172,0.018110974503806093,-0.018110974503806093
15.0,fluxv_periodic_v3_persistent,0.046875,-0.08752077424999766,0.013158159608687478,-0.1447529073439456,0.02176262578770819,-0.02176262578770819
15.0,fluxv_periodic_v3_persistent,0.0546875,-0.07900748927220785,0.015733914121613235,-0.13067256171009006,0.026022733831145683,-0.026022733831145683
15.0,fluxv_periodic_v3_persistent,0.0625,-0.06955924268462854,0.018680130792586,-0.11504585851219581,0.03089555896829899,-0.03089555896829899
15.0,fluxv_periodic_v3_persistent,0.0703125,-0.05918761936016825,0.021998517890961224,-0.09789195827585341,0.036383926550724324,-0.036383926550724324
15.0,fluxv_periodic_v3_persistent,0.078125,-0.047615591047218964,0.025811003101854885,-0.07875267669933207,0.04268949597937535,-0.04268949597937535
15.0,fluxv_periodic_v3_persistent,0.0859375,-0.0351262089763823,0.03000586577606351,-0.05809615964751904,0.04962748953809108,-0.04962748953809108
15.0,fluxv_periodic_v3_persistent,0.09375,-0.021793641294823862,0.034551691740491455,-0.036045075767104626,0.057145950500867106,-0.057145950500867106
15.0,fluxv_periodic_v3_persistent,0.1015625,-0.007643922314473917,0.03943513699790695,-0.01264248389040492,0.0652228088801897,-0.0652228088801897
15.0,fluxv_periodic_v3_persistent,0.109375,0.0073759237429187885,0.04467147187384101,0.012199234013686304,0.07388332066854349,-0.07388332066854349
15.0,fluxv_periodic_v3_persistent,0.1171875,0.023325027850363,0.05026164116673285,0.03857787621455641,0.08312904849288302,-0.08312904849288302
15.0,fluxv_periodic_v3_persistent,0.125,0.039943971109433596,0.05607932692685612,0.06606438298222934,0.0927510717783013,-0.0927510717783013
15.0,fluxv_periodic_v3_persistent,0.1328125,0.057189299362530255,0.06208249245531624,0.09458688434408738,0.1026798649243649,-0.1026798649243649
15.0,fluxv_periodic_v3_persistent,0.140625,0.07501597227114021,0.06822549429088337,0.12407088690123924,0.1128399370116792,-0.1128399370116792
15.0,fluxv_periodic_v3_persistent,0.1484375,0.09349590770060506,0.07444718779505347,0.15463533750016084,0.1231301593166034,-0.1231301593166034
15.0,fluxv_periodic_v3_persistent,0.15625,0.11245232930004934,0.08062295212411243,0.18598786109094934,0.1333444181524402,-0.1333444181524402
15.0,fluxv_periodic_v3_persistent,0.1640625,0.13177823753664403,0.08667472392999687,0.21795148833581987,0.1433536024974235,-0.1433536024974235
15.0,fluxv_periodic_v3_persistent,0.171875,0.1514250054893036,0.09253052727757755,0.25044579389275917,0.15303866946193032,-0.15303866946193032
15.0,fluxv_periodic_v3_persistent,0.1796875,0.17135599277897062,0.09809463989568926,0.28341017727645174,0.162241301467449,-0.162241301467449
15.0,fluxv_periodic_v3_persistent,0.1875,0.1915555084424964,0.10313102699210533,0.3168186867908086,0.17057111437144964,-0.17057111437144964
15.0,fluxv_periodic_v3_persistent,0.1953125,0.21190531002063723,0.10766766577002926,0.350475758126742,0.17807438040515697,-0.17807438040515697
15.0,fluxv_periodic_v3_persistent,0.203125,0.23238156356664152,0.11164710301052078,0.38434197169369955,0.18465607618070515,-0.18465607618070515
15.0,fluxv_periodic_v3_persistent,0.2109375,0.25296428815196004,0.11501697541978567,0.41838428050913645,0.1902295966711189,-0.1902295966711189
15.0,fluxv_periodic_v3_persistent,0.21875,0.2736568614446911,0.11757281332468852,0.45260827098703815,0.1944567641134197,-0.1944567641134197
15.0,fluxv_periodic_v3_persistent,0.2265625,0.2944501720246902,0.11930666228165288,0.48699887351030796,0.19732442244444576,-0.19732442244444576
15.0,fluxv_periodic_v3_persistent,0.234375,0.31533744303585654,0.12032982031634534,0.5215448796586405,0.1990166503921899,-0.1990166503921899
15.0,fluxv_periodic_v3_persistent,0.2421875,0.33632817475146837,0.12064868826373057,0.5562620021835438,0.19954403446572386,-0.19954403446572386
15.0,fluxv_periodic_v3_persistent,0.25,0.35743387755874617,0.12027607635980839,0.5911692784167728,0.19892776185084007,-0.19892776185084007
15.0,fluxv_periodic_v3_persistent,0.2578125,0.38330080564244806,0.10902089023525904,0.6339512701925448,0.1803125138918585,-0.1803125138918585
15.0,fluxv_periodic_v3_persistent,0.265625,0.4143322242241898,0.08538314057268334,0.6852749484530143,0.14121741885816377,-0.14121741885816377
15.0,fluxv_periodic_v3_persistent,0.2734375,0.441534476581521,0.0686756356686965,0.7302654681184352,0.11358443765981259,-0.11358443765981259
15.0,fluxv_periodic_v3_persistent,0.28125,0.4619756074601827,0.06549587730495578,0.7640735913833463,0.1083253517828077,-0.1083253517828077
15.0,fluxv_periodic_v3_persistent,0.2890625,0.47936263588878875,0.0676164389372845,0.792830454387362,0.11183260436497522,-0.11183260436497522
15.0,fluxv_periodic_v3_persistent,0.296875,0.4955302099266234,0.07146788900746301,0.8195704297444141,0.11820261879784454,-0.11820261879784454
15.0,fluxv_periodic_v3_persistent,0.3046875,0.5110891309661139,0.07607389461910741,0.8453037379206861,0.12582061245982443,-0.12582061245982443
15.0,fluxv_periodic_v3_persistent,0.3125,0.5263604615240447,0.08088472496178481,0.8705613926456841,0.13377737112436563,-0.13377737112436563
15.0,fluxv_periodic_v3_persistent,0.3203125,0.5414908498140324,0.08568302060635241,0.8955859392517553,0.14171339832246793,-0.14171339832246793
15.0,fluxv_periodic_v3_persistent,0.328125,0.5565527262509709,0.09030424523292538,0.920497172304543,0.1493565631129793,-0.1493565631129793
15.0,fluxv_periodic_v3_persistent,0.3359375,0.5715687291549638,0.09481264614037166,0.9453325339162826,0.15681312579101056,-0.15681312579101056
15.0,fluxv_periodic_v3_persistent,0.34375,0.5865429916078658,0.0992207665524456,0.9700988598996122,0.16410383192378808,-0.16410383192378808
15.0,fluxv_periodic_v3_persistent,0.3515625,0.6014555573802076,0.10354237670993907,0.9947631441224445,0.17125145647424528,-0.17125145647424528
15.0,fluxv_periodic_v3_persistent,0.359375,0.6163144397755376,0.1077484705813044,1.0193386399979947,0.17820802560493598,-0.17820802560493598
15.0,fluxv_periodic_v3_persistent,0.3671875,0.6310855020404812,0.11183425354995025,1.0437688878532243,0.18496560937354484,-0.18496560937354484
15.0,fluxv_periodic_v3_persistent,0.375,0.6457068023783132,0.1159072560192019,1.0679514405235724,0.19170205513851432,-0.19170205513851432
15.0,fluxv_periodic_v3_persistent,0.3828125,0.6601496044984964,0.1199823317126874,1.0918387703033345,0.19844192986349926,-0.19844192986349926
15.0,fluxv_periodic_v3_persistent,0.390625,0.6743920765496401,0.12406326003991638,1.1153947689200627,0.2051914844131572,-0.2051914844131572
15.0,fluxv_periodic_v3_persistent,0.3984375,0.6883340355468915,0.12815442491758938,1.138453741103713,0.21195796946246676,-0.21195796946246676
15.0,fluxv_periodic_v3_persistent,0.40625,0.7019647799702662,0.1322544206239947,1.1609979873292977,0.21873906005136634,-0.21873906005136634
15.0,fluxv_periodic_v3_persistent,0.4140625,0.7152787002511469,0.1363601891257497,1.1830182297839404,0.22552969841812243,-0.22552969841812243
15.0,fluxv_periodic_v3_persistent,0.421875,0.7282426501708045,0.14046872309989275,1.20445964706587,0.2323249106722987,-0.2323249106722987
15.0,fluxv_periodic_v3_persistent,0.4296875,0.7407970359180962,0.14457559337631612,1.225223675405552,0.23911737129311791,-0.23911737129311791
15.0,fluxv_periodic_v3_persistent,0.4375,0.7527493138434225,0.14866610822091397,1.2449918618035818,0.24588278123565077,-0.24588278123565077
15.0,fluxv_periodic_v3_persistent,0.4453125,0.7641836577955199,0.15272964464962646,1.2639034235992865,0.25260357086753843,-0.25260357086753843
15.0,fluxv_periodic_v3_persistent,0.453125,0.7750534041030284,0.15675352239202633,1.2818811825209406,0.25925876795646263,-0.25925876795646263
15.0,fluxv_periodic_v3_persistent,0.4609375,0.7853104383420291,0.16072366225503243,1.2988455608590561,0.26582508655518367,-0.26582508655518367
15.0,fluxv_periodic_v3_persistent,0.46875,0.7947336212496867,0.16459984455106647,1.3144308105784077,0.2722360062660096,-0.2722360062660096
15.0,fluxv_periodic_v3_persistent,0.4765625,0.8032566369006213,0.1683454237137345,1.3285272500281624,0.2784309180241527,-0.2784309180241527
15.0,fluxv_periodic_v3_persistent,0.484375,0.8109347050630806,0.17194548844968927,1.3412262086334217,0.2843851596498874,-0.2843851596498874
15.0,fluxv_periodic_v3_persistent,0.4921875,0.8177087295097987,0.17537027316939036,1.352429945591695,0.2900495010528528,-0.2900495010528528
15.0,fluxv_periodic_v3_persistent,0.5,0.823518788867136,0.1785880751187483,1.3620393553692316,0.29537150821535907,-0.29537150821535907
15.0,fluxv_periodic_v3_persistent,0.5078125,0.8278513373668343,0.18143373345322394,1.3692050711311665,0.3000780172785246,-0.3000780172785246
15.0,fluxv_periodic_v3_persistent,0.515625,0.8310208996294064,0.18394140996935,1.374447293408639,0.30422552933492525,-0.30422552933492525
15.0,fluxv_periodic_v3_persistent,0.5234375,0.8329692110154995,0.18606311456300922,1.3776696567842497,0.3077346722908582,-0.3077346722908582
15.0,fluxv_periodic_v3_persistent,0.53125,0.8336396916931389,0.1877492671576279,1.3787785823877756,0.3105234443554129,-0.3105234443554129
15.0,fluxv_periodic_v3_persistent,0.5390625,0.8327397353462496,0.18884952533244986,1.3772901209474924,0.3123431902500218,-0.3123431902500218
15.0,fluxv_periodic_v3_persistent,0.546875,0.8301018699615443,0.18922535327025974,1.372927286101821,0.3129647819478244,-0.3129647819478244
15.0,fluxv_periodic_v3_persistent,0.5546875,0.8259928347621437,0.18893190057063064,1.3661312448580258,0.3124794328201087,-0.3124794328201087
15.0,fluxv_periodic_v3_persistent,0.5625,0.8203862125810286,0.18791456478886143,1.356858305169704,0.31079683444940104,-0.31079683444940104
15.0,fluxv_periodic_v3_persistent,0.5703125,0.8132607042130744,0.18611986121526358,1.3450732397220568,0.30782852706952357,-0.30782852706952357
15.0,fluxv_periodic_v3_persistent,0.578125,0.8040966679950132,0.1831895481619666,1.3299165995193496,0.30298200534336706,-0.30298200534336706
15.0,fluxv_periodic_v3_persistent,0.5859375,0.793340286486272,0.17929525785458084,1.312126337616005,0.2965411363169433,-0.2965411363169433
15.0,fluxv_periodic_v3_persistent,0.59375,0.7811116384263987,0.1744637440967644,1.2919010553933379,0.2885501688088351,-0.2885501688088351
15.0,fluxv_periodic_v3_persistent,0.6015625,0.7674538099795837,0.16868251243811316,1.269312014189999,0.2789884379193412,-0.2789884379193412
15.0,fluxv_periodic_v3_persistent,0.609375,0.7522800828877478,0.16184458402590218,1.2442157884012184,0.2676790085140439,-0.2676790085140439
15.0,fluxv_periodic_v3_persistent,0.6171875,0.7355218753144401,0.1538426869044502,1.216498948726326,0.2544444606878476,-0.2544444606878476
15.0,fluxv_periodic_v3_persistent,0.625,0.717661432632449,0.14500767253419442,1.1869590934539855,0.23983199836128063,-0.23983199836128063
15.0,fluxv_periodic_v3_persistent,0.6328125,0.6988055028345354,0.13541764544849322,1.1557727758932563,0.22397080067355027,-0.22397080067355027
15.0,fluxv_periodic_v3_persistent,0.640625,0.6790651256658635,0.12516125945703663,1.123123647595224,0.2070074944890749,-0.2070074944890749
15.0,fluxv_periodic_v3_persistent,0.6484375,0.6584145615017176,0.11426068191316047,1.0889691371184969,0.18897874297578213,-0.18897874297578213
15.0,fluxv_periodic_v3_persistent,0.65625,0.637191438507978,0.10304271147787092,1.0538676565547318,0.17042504702277092,-0.17042504702277092
15.0,fluxv_periodic_v3_persistent,0.6640625,0.6155893480916905,0.09171139574725722,1.0181393918168948,0.15168388630870694,-0.15168388630870694
15.0,fluxv_periodic_v3_persistent,0.671875,0.5937174264904945,0.08041230918765005,0.9819648461949786,0.13299603026709883,-0.13299603026709883
15.0,fluxv_periodic_v3_persistent,0.6796875,0.5716803820223961,0.0693146577275554,0.9455171995263918,0.11464133302744861,-0.11464133302744861
15.0,fluxv_periodic_v3_persistent,0.6875,0.5496301761329936,0.058747427563690086,0.9090477848374137,0.09716391350162461,-0.09716391350162461
15.0,fluxv_periodic_v3_persistent,0.6953125,0.5278071290739734,0.04841403552691051,0.872954074104536,0.0800732449961565,-0.0800732449961565
15.0,fluxv_periodic_v3_persistent,0.703125,0.5061843521566758,0.038288896387545054,0.8371915954193285,0.06332701142767132,-0.06332701142767132
15.0,fluxv_periodic_v3_persistent,0.7109375,0.48452771901418923,0.028436511938039102,0.8013731210340169,0.04703189400489207,-0.04703189400489207
15.0,fluxv_periodic_v3_persistent,0.71875,0.4624318671297194,0.018961397286603995,0.7648282112348638,0.031360753010472864,-0.031360753010472864
15.0,fluxv_periodic_v3_persistent,0.7265625,0.43876303706294695,0.009968634760542008,0.7256817115043133,0.01648738686562078,-0.01648738686562078
15.0,fluxv_periodic_v3_persistent,0.734375,0.41017343709000276,0.0031125866280199838,0.6783966211774968,0.005147988778970301,-0.005147988778970301
15.0,fluxv_periodic_v3_persistent,0.7421875,0.3651741349064176,0.010912897821564849,0.6039710933489093,0.018049128344165267,-0.018049128344165267
15.0,fluxv_periodic_v3_persistent,0.75,0.30809625340367675,0.0360029949434094,0.509568485929618,0.0595462989879574,-0.0595462989879574
15.0,fluxv_periodic_v3_persistent,0.7578125,0.27176392100681923,0.047500404293245896,0.44947748707705826,0.07856216630145228,-0.07856216630145228
15.0,fluxv_periodic_v3_persistent,0.765625,0.24521743884276265,0.05071558299765415,0.4055715629586883,0.08387983481023434,-0.08387983481023434
15.0,fluxv_periodic_v3_persistent,0.7734375,0.21998755693281186,0.05326402269454643,0.36384319858227404,0.08809476616198583,-0.08809476616198583
15.0,fluxv_periodic_v3_persistent,0.78125,0.19598526354183948,0.055151205238630804,0.32414517510111507,0.09121602694019433,-0.09121602694019433
15.0,fluxv_periodic_v3_persistent,0.7890625,0.17328483647464615,0.05628735231250131,0.28660034252754446,0.09309513042759379,-0.09309513042759379
15.0,fluxv_periodic_v3_persistent,0.796875,0.15179080353773566,0.056686233153196715,0.2510507968930758,0.09375484992698406,-0.09375484992698406
15.0,fluxv_periodic_v3_persistent,0.8046875,0.13119432792934105,0.0565275451908735,0.2169857448993903,0.0934923917380156,-0.0934923917380156
15.0,fluxv_periodic_v3_persistent,0.8125,0.11144047472430796,0.05584932992118526,0.18431432823085994,0.092370673689544,-0.092370673689544
15.0,fluxv_periodic_v3_persistent,0.8203125,0.09247963793596681,0.05469169458742553,0.15295450224318596,0.09045603020470527,-0.09045603020470527
15.0,fluxv_periodic_v3_persistent,0.828125,0.07450111986956648,0.052984765442743186,0.12321935899121493,0.08763289525828549,-0.08763289525828549
15.0,fluxv_periodic_v3_persistent,0.8359375,0.057260152650052853,0.050921320382843,0.09470407045734634,0.08422010927547569,-0.08422010927547569
15.0,fluxv_periodic_v3_persistent,0.84375,0.04070488277008438,0.04856945266612113,0.067322874763809,0.08033029348486793,-0.08033029348486793
15.0,fluxv_periodic_v3_persistent,0.8515625,0.02482752852939929,0.045973657459561154,0.041062901552146605,0.07603703961184195,-0.07603703961184195
15.0,fluxv_periodic_v3_persistent,0.859375,0.009699761814084495,0.04316411992256053,0.016042690837284865,0.07139027168436558,-0.07139027168436558
15.0,fluxv_periodic_v3_persistent,0.8671875,-0.004556928968812657,0.040194483515791406,-0.007536824513358299,0.06647871203103825,-0.06647871203103825
15.0,fluxv_periodic_v3_persistent,0.875,-0.018117984170147483,0.03715436560867092,-0.029965809904161148,0.06145058117301978,-0.06145058117301978
15.0,fluxv_periodic_v3_persistent,0.8828125,-0.030970856689883364,0.03407846690840142,-0.051223513356812245,0.05636327152139743,-0.05636327152139743
15.0,fluxv_periodic_v3_persistent,0.890625,-0.04310192087217829,0.031000147601515482,-0.07128739904122439,0.05127195836491275,-0.05127195836491275
15.0,fluxv_periodic_v3_persistent,0.8984375,-0.054281857408823964,0.02797507137198161,-0.08977818973027393,0.04626870533253798,-0.04626870533253798
15.0,fluxv_periodic_v3_persistent,0.90625,-0.06460432786378295,0.025044839538082092,-0.1068507947447038,0.04142231793727624,-0.04142231793727624
15.0,fluxv_periodic_v3_persistent,0.9140625,-0.07413489404720647,0.02222755231664538,-0.12261364848436301,0.0367627326031586,-0.0367627326031586
15.0,fluxv_periodic_v3_persistent,0.921875,-0.08285663971834051,0.019544901811523838,-0.13703877273434825,0.03232582647050909,-0.03232582647050909
15.0,fluxv_periodic_v3_persistent,0.9296875,-0.09070530770637791,0.01702776448383149,-0.15001989087208914,0.02816266692936224,-0.02816266692936224
15.0,fluxv_periodic_v3_persistent,0.9375,-0.09741626932095782,0.014758264124898168,-0.1611193265558872,0.024409080675253717,-0.024409080675253717
15.0,fluxv_periodic_v3_persistent,0.9453125,-0.1032510525524315,0.01269833854380624,-0.17076962779825242,0.02100211565088716,-0.02100211565088716
15.0,fluxv_periodic_v3_persistent,0.953125,-0.1081961430868914,0.010861725850845591,-0.17894844292044745,0.017964493677714837,-0.017964493677714837
15.0,fluxv_periodic_v3_persistent,0.9609375,-0.11223859928716184,0.009261584697625572,-0.18563436740882366,0.015317978195257279,-0.015317978195257279
15.0,fluxv_periodic_v3_persistent,0.96875,-0.11515823272284331,0.007970572178035193,-0.19046322583489608,0.013182738679501455,-0.013182738679501455
15.0,fluxv_periodic_v3_persistent,0.9765625,-0.11698697961667093,0.006995402690215605,-0.19348783835628,0.01156988024989272,-0.01156988024989272
15.0,fluxv_periodic_v3_persistent,0.984375,-0.11787030706305945,0.006303625785471043,-0.19494879682125205,0.010425732256992924,-0.010425732256992924
15.0,fluxv_periodic_v3_persistent,0.9921875,-0.11780129491405467,0.005904739103256104,-0.19483465581534687,0.009766003096160067,-0.009766003096160067
20.0,fluxv_periodic_v3_persistent,0.0,-0.0010561228354435959,0.09007002644746172,-0.0017467492975565858,0.14896918251173383,-0.14896918251173383
20.0,fluxv_periodic_v3_persistent,0.0078125,0.0003504943008028616,0.0907219795115722,0.0005796917301459885,0.15004746480859993,-0.15004746480859993
20.0,fluxv_periodic_v3_persistent,0.015625,0.002566650735164211,0.09167660786493077,0.0042450510662787565,0.15162634971639222,-0.15162634971639222
20.0,fluxv_periodic_v3_persistent,0.0234375,0.005595922290345723,0.09294202196369741,0.009255242857936165,0.1537192513315821,-0.1537192513315821
20.0,fluxv_periodic_v3_persistent,0.03125,0.009441476477911326,0.09452603711408512,0.015615505935691339,0.15633909559439133,-0.15633909559439133
20.0,fluxv_periodic_v3_persistent,0.0390625,0.014243002687689243,0.09649259109428751,0.02355687625044867,0.15959163087555758,-0.15959163087555758
20.0,fluxv_periodic_v3_persistent,0.046875,0.020048326035734698,0.0988722446746659,0.03315845301782159,0.16352740243588756,-0.16352740243588756
20.0,fluxv_periodic_v3_persistent,0.0546875,0.026674402832205624,0.1015961197472192,0.04411749547137312,0.1680324909634128,-0.1680324909634128
20.0,fluxv_periodic_v3_persistent,0.0625,0.03411948977017998,0.10466713955470058,0.056431120309995364,0.17311173128610438,-0.17311173128610438
20.0,fluxv_periodic_v3_persistent,0.0703125,0.042381132970962354,0.10808732606813583,0.07009526899926066,0.1787684675949507,-0.1787684675949507
20.0,fluxv_periodic_v3_persistent,0.078125,0.051722257958773776,0.11197138281262542,0.0855448009696536,0.18519241106290676,-0.18519241106290676
20.0,fluxv_periodic_v3_persistent,0.0859375,0.06190556068877168,0.11621402536040276,0.10238723282840483,0.19220942900949914,-0.19220942900949914
20.0,fluxv_periodic_v3_persistent,0.09375,0.07287541462219893,0.12078499652168229,0.12053056238198284,0.19976947827380923,-0.19976947827380923
20.0,fluxv_periodic_v3_persistent,0.1015625,0.0846198070984594,0.12567077228277695,0.13995492157550438,0.20785019113437958,-0.20785019113437958
20.0,fluxv_periodic_v3_persistent,0.109375,0.09720641895032411,0.13088370548035,0.16077224951598737,0.21647199827222594,-0.21647199827222594
20.0,fluxv_periodic_v3_persistent,0.1171875,0.11072395099969129,0.13641977049449672,0.18312925082257617,0.22562824160885137,-0.22562824160885137
20.0,fluxv_periodic_v3_persistent,0.125,0.12493779609388095,0.1421581626105109,0.20663790256328546,0.23511911905355873,-0.23511911905355873
20.0,fluxv_periodic_v3_persistent,0.1328125,0.13982252440294746,0.14805582218817204,0.23125614567443076,0.24487341313638716,-0.24487341313638716
20.0,fluxv_periodic_v3_persistent,0.140625,0.1553513639373435,0.15406598800233184,0.25693970125930937,0.25481378423883827,-0.25481378423883827
20.0,fluxv_periodic_v3_persistent,0.1484375,0.17164832776572808,0.1601174706196795,0.2838936777894913,0.26482249028730476,-0.26482249028730476
20.0,fluxv_periodic_v3_persistent,0.15625,0.18855540932825193,0.16608781642117018,0.3118567440654573,0.27469700202489394,-0.27469700202489394
20.0,fluxv_periodic_v3_persistent,0.1640625,0.20597328271724558,0.17190068753166382,0.34066462235962863,0.2843110622348287,-0.2843110622348287
20.0,fluxv_periodic_v3_persistent,0.171875,0.22405937903744105,0.17724838965924122,0.37057769211119107,0.2931557672458365,-0.2931557672458365
20.0,fluxv_periodic_v3_persistent,0.1796875,0.24300128346122407,0.18176130287764225,0.40190620536384675,0.3006197929534757,-0.3006197929534757
20.0,fluxv_periodic_v3_persistent,0.1875,0.2629748057211642,0.18500572294279916,0.43494093845209325,0.3059858245168506,-0.3059858245168506
20.0,fluxv_periodic_v3_persistent,0.1953125,0.2841868190312546,0.18647213432759968,0.4700240444182649,0.30841116082278647,-0.30841116082278647
20.0,fluxv_periodic_v3_persistent,0.203125,0.30705630553059965,0.18543056858911144,0.5078484888271693,0.30668848789023956,-0.30668848789023956
20.0,fluxv_periodic_v3_persistent,0.2109375,0.3322745077698359,0.18074635342050166,0.5495575358894118,0.29894114138775024,-0.29894114138775024
20.0,fluxv_periodic_v3_persistent,0.21875,0.36107320829989586,0.17048212565508264,0.5971884631198563,0.28196486548734717,-0.28196486548734717
20.0,fluxv_periodic_v3_persistent,0.2265625,0.395498523562631,0.1519253978241797,0.6541253962447704,0.2512734059186656,-0.2512734059186656
20.0,fluxv_periodic_v3_persistent,0.234375,0.43740653486199677,0.12337716281485346,0.723438156884411,0.2040567301916648,-0.2040567301916648
20.0,fluxv_periodic_v3_persistent,0.2421875,0.47441647006151766,0.1033696007769355,0.784649860810143,0.17096569782053536,-0.17096569782053536
20.0,fluxv_periodic_v3_persistent,0.25,0.49567768808837515,0.10539321889542835,0.8198143477497819,0.17431261297886114,-0.17431261297886114
20.0,fluxv_periodic_v3_persistent,0.2578125,0.5097959062590807,0.11283402812307733,0.8431648396100135,0.18661916280001833,-0.18661916280001833
20.0,fluxv_periodic_v3_persistent,0.265625,0.5237114782922945,0.12029948313603595,0.8661801697007646,0.19896647493284286,-0.19896647493284286
20.0,fluxv_periodic_v3_persistent,0.2734375,0.5375635375060327,0.12764025752108804,0.8890904542711636,0.21110757450032394,-0.21110757450032394
20.0,fluxv_periodic_v3_persistent,0.28125,0.5513392618121702,0.13490395324754234,0.9118744865328768,0.2231211916498098,-0.2231211916498098
20.0,fluxv_periodic_v3_persistent,0.2890625,0.5650362725771932,0.14208871072378132,0.9345283324014588,0.2350042507538804,-0.2350042507538804
20.0,fluxv_periodic_v3_persistent,0.296875,0.5786623510745603,0.14920497174389474,0.9570648615294648,0.24677402177004387,-0.24677402177004387
20.0,fluxv_periodic_v3_persistent,0.3046875,0.592234492160922,0.15627371050827846,0.9795121821566943,0.2584651944792412,-0.2584651944792412
20.0,fluxv_periodic_v3_persistent,0.3125,0.6057530584298312,0.1633005076850829,1.0018708939861483,0.2700869988951076,-0.2700869988951076
20.0,fluxv_periodic_v3_persistent,0.3203125,0.6192170721380651,0.17029062883745935,1.0241393799026295,0.28164814387084386,-0.28164814387084386
20.0,fluxv_periodic_v3_persistent,0.328125,0.6325991358923941,0.1772413641537015,1.046272326637858,0.2931441475776931,-0.2931441475776931
20.0,fluxv_periodic_v3_persistent,0.3359375,0.6459017718110063,0.18416795513845186,1.0682739055893509,0.3046002183405155,-0.3046002183405155
20.0,fluxv_periodic_v3_persistent,0.34375,0.659116135225599,0.19107582098774525,1.0901294883278891,0.3160253191099731,-0.3160253191099731
20.0,fluxv_periodic_v3_persistent,0.3515625,0.6722288432107731,0.19796866146675512,1.111816940481641,0.3274255690248639,-0.3274255690248639
20.0,fluxv_periodic_v3_persistent,0.359375,0.6852087529397964,0.20484950310676264,1.1332847541114792,0.3388059737447684,-0.3388059737447684
20.0,fluxv_periodic_v3_persistent,0.3671875,0.6979979617465162,0.2117232953636467,1.1544371624769882,0.3501747193047667,-0.3501747193047667
20.0,fluxv_periodic_v3_persistent,0.375,0.7106077596676976,0.21859560504780623,1.175292838466517,0.3615410127987947,-0.3615410127987947
20.0,fluxv_periodic_v3_persistent,0.3828125,0.7230154421713599,0.22546856937134235,1.1958142304582677,0.3729083890180824,-0.3729083890180824
20.0,fluxv_periodic_v3_persistent,0.390625,0.7351973985639495,0.2323439543123373,1.215962288106016,0.38427976876016484,-0.38427976876016484
20.0,fluxv_periodic_v3_persistent,0.3984375,0.7470431178426364,0.23922379241253044,1.2355542343595103,0.3956585136992115,-0.3956585136992115
20.0,fluxv_periodic_v3_persistent,0.40625,0.7585454484532068,0.24610585208087177,1.2545782410753943,0.4070409329481699,-0.4070409329481699
20.0,fluxv_periodic_v3_persistent,0.4140625,0.7697026824780251,0.2529861689083497,1.2730314834838306,0.41842046966684704,-0.41842046966684704
20.0,fluxv_periodic_v3_persistent,0.421875,0.7804829511170983,0.2598600248118595,1.290861252939448,0.42978932049367136,-0.42978932049367136
20.0,fluxv_periodic_v3_persistent,0.4296875,0.7908273020278356,0.26672013903435865,1.3079700466143995,0.4411354435933345,-0.4411354435933345
20.0,fluxv_periodic_v3_persistent,0.4375,0.8005435595157062,0.2735420812572608,1.324040020079833,0.4524184330202423,-0.4524184330202423
20.0,fluxv_periodic_v3_persistent,0.4453125,0.8097300899550659,0.2803141241843054,1.3392338640659767,0.46361889269108136,-0.46361889269108136
20.0,fluxv_periodic_v3_persistent,0.453125,0.8183468317640954,0.28701795498909155,1.3534853196704062,0.47470653454126444,-0.47470653454126444
20.0,fluxv_periodic_v3_persistent,0.4609375,0.8263529673109817,0.2936332365166661,1.3667268775397545,0.4856477224160408,-0.4856477224160408
20.0,fluxv_periodic_v3_persistent,0.46875,0.8335423531797959,0.3000994209618706,1.378617591663874,0.4963423147101163,-0.4963423147101163
20.0,fluxv_periodic_v3_persistent,0.4765625,0.8398684661429998,0.3063639849719156,1.3890805160547655,0.5067034416707394,-0.5067034416707394
20.0,fluxv_periodic_v3_persistent,0.484375,0.8453977545873328,0.31240696316919586,1.3982255514445832,0.5166980820354802,-0.5166980820354802
20.0,fluxv_periodic_v3_persistent,0.4921875,0.8500855015535462,0.3181850257109163,1.405978739279895,0.5262545714392426,-0.5262545714392426
20.0,fluxv_periodic_v3_persistent,0.5,0.8538869738385235,0.32365197881415575,1.4122660941411085,0.535296508771132,-0.535296508771132
20.0,fluxv_periodic_v3_persistent,0.5078125,0.8563583094496736,0.328563034013184,1.4163535010202428,0.5434190319580878,-0.5434190319580878
20.0,fluxv_periodic_v3_persistent,0.515625,0.8578046890333237,0.3329710699143139,1.418745706204103,0.5507095983159953,-0.5507095983159953
20.0,fluxv_periodic_v3_persistent,0.5234375,0.8581892025449098,0.33680533061841544,1.4193816632005083,0.5570511828048158,-0.5570511828048158
20.0,fluxv_periodic_v3_persistent,0.53125,0.8574771696660513,0.33999254996024186,1.41820401331998,0.5623226085894459,-0.5623226085894459
20.0,fluxv_periodic_v3_persistent,0.5390625,0.8554401315565145,0.3423095756698229,1.4148349024859788,0.5661547982692867,-0.5661547982692867
20.0,fluxv_periodic_v3_persistent,0.546875,0.8519699157053637,0.343549578680419,1.409095421341419,0.5682056718183063,-0.5682056718183063
20.0,fluxv_periodic_v3_persistent,0.5546875,0.8473106472381182,0.3437926635853835,1.4013893348435635,0.5686077163274709,-0.5686077163274709
20.0,fluxv_periodic_v3_persistent,0.5625,0.8414594679693257,0.342955328487332,1.39171191576442,0.5672228258154438,-0.5672228258154438
20.0,fluxv_periodic_v3_persistent,0.5703125,0.834418292296013,0.3409552268895692,1.3800663303755145,0.563914805248436,-0.563914805248436
20.0,fluxv_periodic_v3_persistent,0.578125,0.8258215980115557,0.3372484027381926,1.365848031898541,0.5577839914214031,-0.5577839914214031
20.0,fluxv_periodic_v3_persistent,0.5859375,0.8160469967564701,0.33208270849345567,1.3496815621440592,0.5492403140284259,-0.5492403140284259
20.0,fluxv_periodic_v3_persistent,0.59375,0.8052082472407291,0.32548961648958163,1.331755069630468,0.5383358259897256,-0.5383358259897256
20.0,fluxv_periodic_v3_persistent,0.6015625,0.793360054919066,0.31744054337937744,1.3121590331462387,0.5250232525566123,-0.5250232525566123
20.0,fluxv_periodic_v3_persistent,0.609375,0.7804735278065704,0.3077565875846372,1.2908456674786541,0.5090067037098802,-0.5090067037098802
20.0,fluxv_periodic_v3_persistent,0.6171875,0.7665551231293326,0.2962398498995227,1.26782565240355,0.48995886875499284,-0.48995886875499284
20.0,fluxv_periodic_v3_persistent,0.625,0.7519578493018635,0.2833817256894905,1.243682837809769,0.4686924793938203,-0.4686924793938203
20.0,fluxv_periodic_v3_persistent,0.6328125,0.736775223633045,0.2692821014739012,1.218571894430788,0.4453727405643423,-0.4453727405643423
20.0,fluxv_periodic_v3_persistent,0.640625,0.7211019454559315,0.2540565769160451,1.192649447980908,0.42019084558600384,-0.42019084558600384
20.0,fluxv_periodic_v3_persistent,0.6484375,0.704978238971419,0.23767181316733094,1.165982026322516,0.39309165446144495,-0.39309165446144495
20.0,fluxv_periodic_v3_persistent,0.65625,0.688624755601656,0.22061741931290557,1.1389345706383118,0.3648849445166131,-0.3648849445166131
20.0,fluxv_periodic_v3_persistent,0.6640625,0.6721558794549386,0.2032084182357289,1.1116962638094074,0.3360917403719952,-0.3360917403719952
20.0,fluxv_periodic_v3_persistent,0.671875,0.6556401260850035,0.1856586421634396,1.0843804255097511,0.30706570476537853,-0.30706570476537853
20.0,fluxv_periodic_v3_persistent,0.6796875,0.6391453162606017,0.16821027771895708,1.057099226290153,0.2782073965136592,-0.2782073965136592
20.0,fluxv_periodic_v3_persistent,0.6875,0.6227694589607107,0.15133762663183267,1.0300147657752388,0.2503012757053037,-0.2503012757053037
20.0,fluxv_periodic_v3_persistent,0.6953125,0.606519420332347,0.13516632644360066,1.003138400065904,0.2235551375702387,-0.2235551375702387
20.0,fluxv_periodic_v3_persistent,0.703125,0.5904043175998861,0.11982923043552701,0.9764852083790156,0.1981887116398609,-0.1981887116398609
20.0,fluxv_periodic_v3_persistent,0.7109375,0.5744286777995053,0.10544027111260106,0.9500626780986139,0.17439043387671188,-0.17439043387671188
20.0,fluxv_periodic_v3_persistent,0.71875,0.5586171115385389,0.09233441699659725,0.9239115133545887,0.15271431751720405,-0.15271431751720405
20.0,fluxv_periodic_v3_persistent,0.7265625,0.5429431796198505,0.08049161714295688,0.8979879856643469,0.1331271997774756,-0.1331271997774756
20.0,fluxv_periodic_v3_persistent,0.734375,0.527373344355614,0.06969673066266227,0.8722366261650953,0.11527325349031124,-0.11527325349031124
20.0,fluxv_periodic_v3_persistent,0.7421875,0.5118986290594392,0.059900393062793156,0.8466425880794326,0.09907083342426729,-0.09907083342426729
20.0,fluxv_periodic_v3_persistent,0.75,0.49651115738855867,0.051040613210558805,0.8211928445171764,0.0844174108165683,-0.0844174108165683
20.0,fluxv_periodic_v3_persistent,0.7578125,0.48023220202163774,0.040384356772915936,0.7942686526544177,0.06679274839818844,-0.06679274839818844
20.0,fluxv_periodic_v3_persistent,0.765625,0.4329244741180406,0.04608397906364675,0.7160251588946241,0.07621950341053531,-0.07621950341053531
20.0,fluxv_periodic_v3_persistent,0.7734375,0.3681140096769557,0.07248879304702935,0.608833429450358,0.11989111880384637,-0.11989111880384637
20.0,fluxv_periodic_v3_persistent,0.78125,0.31915057141292347,0.09353972422926075,0.5278515128367188,0.15470780680778504,-0.15470780680778504
20.0,fluxv_periodic_v3_persistent,0.7890625,0.2834191226386749,0.10638626396307561,0.46875433119034093,0.17595503629946505,-0.17595503629946505
20.0,fluxv_periodic_v3_persistent,0.796875,0.2550801104998839,0.11395304222472838,0.4218836946643452,0.18846992961465112,-0.18846992961465112
20.0,fluxv_periodic_v3_persistent,0.8046875,0.23108958344062475,0.11834822038213848,0.38220513182826005,0.19573923021250014,-0.19573923021250014
20.0,fluxv_periodic_v3_persistent,0.8125,0.2099995040754597,0.12069547608319126,0.34732369561630516,0.19962141806925404,-0.19962141806925404
20.0,fluxv_periodic_v3_persistent,0.8203125,0.19107938422207044,0.12156662509600809,0.3160312124368151,0.20106223430306436,-0.20106223430306436
20.0,fluxv_periodic_v3_persistent,0.828125,0.1738709296624648,0.12140883155083562,0.2875696974451426,0.2008012554141142,-0.2008012554141142
20.0,fluxv_periodic_v3_persistent,0.8359375,0.15797340818664646,0.12048536114536187,0.2612763691135827,0.19927390345472015,-0.19927390345472015
20.0,fluxv_periodic_v3_persistent,0.84375,0.14291755616121998,0.11917316463188096,0.23637509999323128,0.19710362717505212,-0.19710362717505212
20.0,fluxv_periodic_v3_persistent,0.8515625,0.1285677310654077,0.1175991737848042,0.21264154735620128,0.19450036237078622,-0.19450036237078622
20.0,fluxv_periodic_v3_persistent,0.859375,0.11497662817447635,0.11578596575633035,0.19016286530234514,0.19150144998695318,-0.19150144998695318
20.0,fluxv_periodic_v3_persistent,0.8671875,0.10223448968891569,0.11377666005572024,0.16908830777734546,0.1881782065124922,-0.1881782065124922
20.0,fluxv_periodic_v3_persistent,0.875,0.09014984959269573,0.11166537960558336,0.14910120410826308,0.18468630432133035,-0.18468630432133035
20.0,fluxv_periodic_v3_persistent,0.8828125,0.07872198645823009,0.10948516854254248,0.13020036110706396,0.18108039597896203,-0.18108039597896203
20.0,fluxv_periodic_v3_persistent,0.890625,0.06795172414702694,0.10726798165677015,0.11238714137993591,0.1774133323521749,-0.1774133323521749
20.0,fluxv_periodic_v3_persistent,0.8984375,0.058028698268408285,0.10505820894820175,0.09597518824208649,0.1737585312278054,-0.1737585312278054
20.0,fluxv_periodic_v3_persistent,0.90625,0.048853715182203605,0.1029026689752285,0.08080044272662747,0.1701934270493083,-0.1701934270493083
20.0,fluxv_periodic_v3_persistent,0.9140625,0.04036121230541839,0.10082346447890915,0.06675446915548398,0.16675457612066907,-0.16675457612066907
20.0,fluxv_periodic_v3_persistent,0.921875,0.03255950775053523,0.09884238708491126,0.05385102507337373,0.1634780201839559,-0.1634780201839559
20.0,fluxv_periodic_v3_persistent,0.9296875,0.02549703572039219,0.09698854265918551,0.04217021708053847,0.16041189819535642,-0.16041189819535642
20.0,fluxv_periodic_v3_persistent,0.9375,0.019388244749595496,0.09533489745310764,0.03206672724104714,0.15767689095454518,-0.15767689095454518
20.0,fluxv_periodic_v3_persistent,0.9453125,0.014008831958704893,0.09385610573936509,0.02316957513107658,0.1552310784973916,-0.1552310784973916
20.0,fluxv_periodic_v3_persistent,0.953125,0.00936768467933563,0.09256653888306958,0.015493459741819019,0.1530982300021308,-0.1530982300021308
20.0,fluxv_periodic_v3_persistent,0.9609375,0.005473537315286603,0.0914800102038601,0.009052827133134413,0.15130119168093298,-0.15130119168093298
20.0,fluxv_periodic_v3_persistent,0.96875,0.0025063774847401965,0.09066289846117569,0.004145363554271331,0.1499497491075322,-0.1499497491075322
20.0,fluxv_periodic_v3_persistent,0.9765625,0.0004389326364553914,0.09012508331472346,0.0007259622163941577,0.1490602425106162,-0.1490602425106162
20.0,fluxv_periodic_v3_persistent,0.984375,-0.0008483130082501122,0.08984024302980056,-0.0014030471660492142,0.14858913768179585,-0.14858913768179585
20.0,fluxv_periodic_v3_persistent,0.9921875,-0.0013487682116530286,0.08981857913266594,-0.0022307631718634538,0.14855330719330317,-0.14855330719330317
25.0,fluxv_periodic_v3_persistent,0.0,0.08618164924233251,0.19814887691790015,0.14253809332044515,0.3277236320930336,-0.3277236320930336
25.0,fluxv_periodic_v3_persistent,0.0078125,0.08660126961123454,0.1990376996346382,0.14323211447027873,0.32919367932997495,-0.32919367932997495
25.0,fluxv_periodic_v3_persistent,0.015625,0.08774353546374486,0.20014522570367332,0.1451213379663858,0.33102544578572074,-0.33102544578572074
25.0,fluxv_periodic_v3_persistent,0.0234375,0.0896171628517698,0.2014773464391767,0.1482201795159492,0.3332286752595194,-0.3332286752595194
25.0,fluxv_periodic_v3_persistent,0.03125,0.09223194729738515,0.20303849316806902,0.15254484019021833,0.3358106968393577,-0.3358106968393577
25.0,fluxv_periodic_v3_persistent,0.0390625,0.09572656268452989,0.20487276440636135,0.1583246763682341,0.33884444621915366,-0.33884444621915366
25.0,fluxv_periodic_v3_persistent,0.046875,0.10016433597211788,0.20699750054545815,0.16566442617068375,0.3423586031277121,-0.3423586031277121
25.0,fluxv_periodic_v3_persistent,0.0546875,0.10539063249801112,0.20935600648676556,0.17430833526823872,0.3462593980523208,-0.3462593980523208
25.0,fluxv_periodic_v3_persistent,0.0625,0.11141730867854388,0.21194330655277133,0.1842760132992937,0.3505386015892517,-0.3505386015892517
25.0,fluxv_periodic_v3_persistent,0.0703125,0.11826125299067214,0.21474825143601006,0.1955953925594772,0.3551777736060411,-0.3551777736060411
25.0,fluxv_periodic_v3_persistent,0.078125,0.12631256963111992,0.21774746166453351,0.20891167662618876,0.36013824617995094,-0.36013824617995094
25.0,fluxv_periodic_v3_persistent,0.0859375,0.13542169458218195,0.22079419349800056,0.2239774976421122,0.3651773159844747,-0.3651773159844747
25.0,fluxv_periodic_v3_persistent,0.09375,0.14557418163500557,0.2238250657815557,0.2407689626429834,0.37019015526283383,-0.37019015526283383
25.0,fluxv_periodic_v3_persistent,0.1015625,0.15678830974415503,0.226795104979532,0.25931630367186936,0.3751023811031184,-0.3751023811031184
25.0,fluxv_periodic_v3_persistent,0.109375,0.16916923441931858,0.22967353602384113,0.27979344018824753,0.37986309381188227,-0.37986309381188227
25.0,fluxv_periodic_v3_persistent,0.1171875,0.18285450753931132,0.23241237945727272,0.3024278728574141,0.38439293890462156,-0.38439293890462156
25.0,fluxv_periodic_v3_persistent,0.125,0.19768826391019556,0.23482572578761246,0.326961812141176,0.388384435789083,-0.388384435789083
25.0,fluxv_periodic_v3_persistent,0.1328125,0.21402866318878144,0.23648695923324153,0.353987627703317,0.39113199341859994,-0.39113199341859994
25.0,fluxv_periodic_v3_persistent,0.140625,0.2317157537339058,0.23745830885254374,0.38324077132324363,0.39273853406733544,-0.39273853406733544
25.0,fluxv_periodic_v3_persistent,0.1484375,0.2509494420255989,0.23760850878728598,0.4150518735790016,0.39298695368454206,-0.39298695368454206
25.0,fluxv_periodic_v3_persistent,0.15625,0.2720219954358846,0.23635057420867867,0.4499043231538466,0.3909064226442,-0.3909064226442
25.0,fluxv_periodic_v3_persistent,0.1640625,0.29446688974460467,0.2339625048902943,0.4870265233863804,0.38695673207373504,-0.38695673207373504
25.0,fluxv_periodic_v3_persistent,0.171875,0.3188418400284719,0.22975185793753652,0.5273408938908667,0.3799926324821386,-0.3799926324821386
25.0,fluxv_periodic_v3_persistent,0.1796875,0.3455617530731056,0.22318733190312964,0.5715336598979414,0.3691353904506509,-0.3691353904506509
25.0,fluxv_periodic_v3_persistent,0.1875,0.3750001256760809,0.2138760416544576,0.620222557571343,0.3537352029389568,-0.3537352029389568
25.0,fluxv_periodic_v3_persistent,0.1953125,0.40750479163075637,0.20136504333260133,0.6739828783580752,0.33304293420181225,-0.33304293420181225
25.0,fluxv_periodic_v3_persistent,0.203125,0.4436210129574888,0.1853445822617634,0.7337164454354034,0.3065462728449304,-0.3065462728449304
25.0,fluxv_periodic_v3_persistent,0.2109375,0.48286911507038544,0.16680721660541056,0.7986299124066351,0.2758868368853022,-0.2758868368853022
25.0,fluxv_periodic_v3_persistent,0.21875,0.5134787731135012,0.15856212471248185,0.849256029834351,0.26225006283883107,-0.26225006283883107
25.0,fluxv_periodic_v3_persistent,0.2265625,0.5302945017473606,0.1635183910911164,0.877068005102132,0.27044736198325015,-0.27044736198325015
25.0,fluxv_periodic_v3_persistent,0.234375,0.5412684847623852,0.1739741490388986,0.895218163852218,0.28774041468297623,-0.28774041468297623
25.0,fluxv_periodic_v3_persistent,0.2421875,0.5526510454525552,0.18364895784640295,0.914044079950887,0.303741835087265,-0.303741835087265
25.0,fluxv_periodic_v3_persistent,0.25,0.5639959131824582,0.19332509253926589,0.9328076546725311,0.3197454484081739,-0.3197454484081739
25.0,fluxv_periodic_v3_persistent,0.2578125,0.5752864909080037,0.2029955734073425,0.9514814377299923,0.335739710719766,-0.335739710719766
25.0,fluxv_periodic_v3_persistent,0.265625,0.5865443234423368,0.2126606870316028,0.9701010626556256,0.35172509600583474,-0.35172509600583474
25.0,fluxv_periodic_v3_persistent,0.2734375,0.5977753843381745,0.2223204610016595,0.9886764092651701,0.3677016498975653,-0.3677016498975653
25.0,fluxv_periodic_v3_persistent,0.28125,0.6089854447745582,0.23197479974719803,1.0072170226632278,0.38366921432870427,-0.38366921432870427
25.0,fluxv_periodic_v3_persistent,0.2890625,0.6201790481364418,0.24162233546082235,1.0257304172735096,0.39962552704667254,-0.39962552704667254
25.0,fluxv_periodic_v3_persistent,0.296875,0.6313615066877767,0.251260799307992,1.0442253791888967,0.4155668355664307,-0.4155668355664307
25.0,fluxv_periodic_v3_persistent,0.3046875,0.6425341173826147,0.26088980951342544,1.0627040534757608,0.4314925084598129,-0.4314925084598129
25.0,fluxv_periodic_v3_persistent,0.3125,0.6536931876081337,0.27050770011782144,1.0811603328247654,0.447399790352973,-0.447399790352973
25.0,fluxv_periodic_v3_persistent,0.3203125,0.6648334202557095,0.28011275581627526,1.0995854562088239,0.46328584425807495,-0.46328584425807495
25.0,fluxv_periodic_v3_persistent,0.328125,0.6759289592413792,0.28969751007773586,1.1179366595715368,0.47913832108329835,-0.47913832108329835
25.0,fluxv_periodic_v3_persistent,0.3359375,0.6869662491847159,0.2992649366444916,1.1361915233131714,0.49496213917912185,-0.49496213917912185
25.0,fluxv_periodic_v3_persistent,0.34375,0.6979303589754364,0.3088161786565825,1.1543253524782517,0.5107591892148833,-0.5107591892148833
25.0,fluxv_periodic_v3_persistent,0.3515625,0.7088032862958249,0.31835172419299484,1.1723083725606602,0.5265302784372379,-0.5265302784372379
25.0,fluxv_periodic_v3_persistent,0.359375,0.7195488885137324,0.32787090531467944,1.1900808063117672,0.5422743021242482,-0.5422743021242482
25.0,fluxv_periodic_v3_persistent,0.3671875,0.7301020864389431,0.3373744934421256,1.207535017549511,0.5579925361485236,-0.5579925361485236
25.0,fluxv_periodic_v3_persistent,0.375,0.7404701402032503,0.346868403499426,1.2246830139965583,0.5736947633583817,-0.5736947633583817
25.0,fluxv_periodic_v3_persistent,0.3828125,0.750627702946115,0.35635394721124225,1.241482873814506,0.5893831532496939,-0.5893831532496939
25.0,fluxv_periodic_v3_persistent,0.390625,0.7605488325769098,0.3658321649658902,1.257891690698273,0.6050594265480227,-0.6050594265480227
25.0,fluxv_periodic_v3_persistent,0.3984375,0.7701175998551453,0.3753014746861192,1.2737177262320278,0.6207209666142482,-0.6207209666142482
25.0,fluxv_periodic_v3_persistent,0.40625,0.7793283496462933,0.3847601388419254,1.2889516272402373,0.6363648997018598,-0.6363648997018598
25.0,fluxv_periodic_v3_persistent,0.4140625,0.7881818626697157,0.39420427375423084,1.3035946849751603,0.6519848024920217,-0.6519848024920217
25.0,fluxv_periodic_v3_persistent,0.421875,0.7966478454149806,0.40362779423216816,1.3175967962042072,0.6675706105277256,-0.6675706105277256
25.0,fluxv_periodic_v3_persistent,0.4296875,0.8046692513342533,0.41302072631340214,1.3308636101435352,0.68310582761069,-0.68310582761069
25.0,fluxv_periodic_v3_persistent,0.4375,0.8120594851424066,0.42234878814258425,1.3430865119499795,0.6985337540799104,-0.6985337540799104
25.0,fluxv_periodic_v3_persistent,0.4453125,0.8189256299005834,0.4316013427593003,1.3544426091109976,0.7138367971871681,-0.7138367971871681
25.0,fluxv_periodic_v3_persistent,0.453125,0.8252343223280836,0.4407552665935105,1.3648767212203223,0.7289767122526133,-0.7289767122526133
25.0,fluxv_periodic_v3_persistent,0.4609375,0.8309520820739374,0.4497848563801951,1.3743334742460938,0.7439109879711102,-0.7439109879711102
25.0,fluxv_periodic_v3_persistent,0.46875,0.8358915147335622,0.45861073251771717,1.3825029316604898,0.758508336334535,-0.758508336334535
25.0,fluxv_periodic_v3_persistent,0.4765625,0.8400244796814629,0.4671669504461606,1.3893385509438654,0.7726596899031491,-0.7726596899031491
25.0,fluxv_periodic_v3_persistent,0.484375,0.843425133278181,0.47543004215620677,1.3949629812487037,0.7863262343199322,-0.7863262343199322
25.0,fluxv_periodic_v3_persistent,0.4921875,0.8460624887883801,0.4833448808914175,1.3993249727995372,0.7994167939944573,-0.7994167939944573
25.0,fluxv_periodic_v3_persistent,0.5,0.8479062848703344,0.4908526714107275,1.4023744755684442,0.8118341259332166,-0.8118341259332166
25.0,fluxv_periodic_v3_persistent,0.5078125,0.8485859357537332,0.4976372383709375,1.4034985680161394,0.8230552994314628,-0.8230552994314628
25.0,fluxv_periodic_v3_persistent,0.515625,0.8483899198895803,0.5037697503248626,1.403174372229884,0.8331980220280032,-0.8331980220280032
25.0,fluxv_periodic_v3_persistent,0.5234375,0.8473011527629644,0.5091595771928893,1.4013736316817258,0.8421123982536842,-0.8421123982536842
25.0,fluxv_periodic_v3_persistent,0.53125,0.845305230776184,0.5137127555083587,1.398072523883103,0.8496430194629639,-0.8496430194629639
25.0,fluxv_periodic_v3_persistent,0.5390625,0.8422365406150748,0.5171416605790152,1.3929971366237366,0.8553141756225993,-0.8553141756225993
25.0,fluxv_periodic_v3_persistent,0.546875,0.8380426247912065,0.5191793090720166,1.3860607090856687,0.8586842959858451,-0.8586842959858451
25.0,fluxv_periodic_v3_persistent,0.5546875,0.8329416294395706,0.5199284315075277,1.377624038891366,0.8599232892583115,-0.8599232892583115
25.0,fluxv_periodic_v3_persistent,0.5625,0.8269522278332809,0.5192799249082345,1.367718010257702,0.8588507071601313,-0.8588507071601313
25.0,fluxv_periodic_v3_persistent,0.5703125,0.8200975418885637,0.5171258035111055,1.3563808651292408,0.8552879492014832,-0.8552879492014832
25.0,fluxv_periodic_v3_persistent,0.578125,0.8121610022103353,0.5127564931917483,1.3432544136950642,0.8480614321004319,-0.8480614321004319
25.0,fluxv_periodic_v3_persistent,0.5859375,0.8034510868511562,0.5064867845373745,1.3288488559087548,0.8376917962774246,-0.8376917962774246
25.0,fluxv_periodic_v3_persistent,0.59375,0.7940748058527072,0.49835132653725983,1.3133411784889641,0.8242363486059116,-0.8242363486059116
25.0,fluxv_periodic_v3_persistent,0.6015625,0.7840979633319378,0.488305991504799,1.2968402165931192,0.8076221051459626,-0.8076221051459626
25.0,fluxv_periodic_v3_persistent,0.609375,0.7735481555953133,0.4761055170844725,1.2793916124773246,0.7874434200457476,-0.7874434200457476
25.0,fluxv_periodic_v3_persistent,0.6171875,0.7625067846904223,0.46146622644039487,1.261129999126185,0.7632311127353685,-0.7632311127353685
25.0,fluxv_periodic_v3_persistent,0.625,0.7512030075610987,0.44502108168068943,1.2424343852281208,0.7360320558707696,-0.7360320558707696
25.0,fluxv_periodic_v3_persistent,0.6328125,0.739719868835157,0.4268865760983678,1.2234421204743162,0.7060389207690638,-0.7060389207690638
25.0,fluxv_periodic_v3_persistent,0.640625,0.7281388676790654,0.40719944746210607,1.2042879984768422,0.6734778616174052,-0.6734778616174052
25.0,fluxv_periodic_v3_persistent,0.6484375,0.7165732883610674,0.3858666910841569,1.1851593830624594,0.6381950555198767,-0.6381950555198767
25.0,fluxv_periodic_v3_persistent,0.65625,0.705134701164861,0.36352193172248676,1.16624080325387,0.6012384711064032,-0.6012384711064032
25.0,fluxv_periodic_v3_persistent,0.6640625,0.6938630277297275,0.3405799109203249,1.1475982864988594,0.5632940603088913,-0.5632940603088913
25.0,fluxv_periodic_v3_persistent,0.671875,0.682791297043137,0.31731428528469546,1.12928646030734,0.5248144309775353,-0.5248144309775353
25.0,fluxv_periodic_v3_persistent,0.6796875,0.6719576185656193,0.2940302115015469,1.1113683549170617,0.48630428977044027,-0.48630428977044027
25.0,fluxv_periodic_v3_persistent,0.6875,0.6614282091780291,0.2713173676276139,1.0939534881665158,0.4487389207140643,-0.4487389207140643
25.0,fluxv_periodic_v3_persistent,0.6953125,0.651099334648869,0.24940467884071432,1.0768702912855561,0.4124969491729262,-0.4124969491729262
25.0,fluxv_periodic_v3_persistent,0.703125,0.640939830883875,0.22848526943483988,1.0600672211601259,0.37789778848944205,-0.37789778848944205
25.0,fluxv_periodic_v3_persistent,0.7109375,0.6309150363375349,0.2087297681347684,1.0434869501496864,0.345223645993239,-0.345223645993239
25.0,fluxv_periodic_v3_persistent,0.71875,0.6209874671189581,0.1906022925756889,1.0270674826625454,0.3152421380316233,-0.3152421380316233
25.0,fluxv_periodic_v3_persistent,0.7265625,0.6110739002801995,0.17413316957409147,1.0106711740791705,0.2880034229229491,-0.2880034229229491
25.0,fluxv_periodic_v3_persistent,0.734375,0.6011268192553783,0.1590752239004412,0.9942194355031867,0.2630986910628088,-0.2630986910628088
25.0,fluxv_periodic_v3_persistent,0.7421875,0.5911168032498878,0.14538890343078736,0.97766360710963,0.24046252615452818,-0.24046252615452818
25.0,fluxv_periodic_v3_persistent,0.75,0.5810180554430182,0.13301666482482227,0.9609610228591519,0.21999975575614475,-0.21999975575614475
25.0,fluxv_periodic_v3_persistent,0.7578125,0.5707649446933445,0.12226510040012228,0.9440031336830883,0.2022174609546211,-0.2022174609546211
25.0,fluxv_periodic_v3_persistent,0.765625,0.5603981515887959,0.11250832154689339,0.926857222274328,0.18608046813869147,-0.18608046813869147
25.0,fluxv_periodic_v3_persistent,0.7734375,0.5503797243898508,0.10290255374333676,0.9102874823869892,0.17019323646425588,-0.17019323646425588
25.0,fluxv_periodic_v3_persistent,0.78125,0.5328691212648372,0.09734170434554451,0.8813262359467845,0.16099600158453498,-0.16099600158453498
25.0,fluxv_periodic_v3_persistent,0.7890625,0.4928412348493917,0.10444439433067448,0.815123063235831,0.1727433271094839,-0.1727433271094839
25.0,fluxv_periodic_v3_persistent,0.796875,0.44350901290406664,0.12193395492610484,0.7335312056052663,0.20166977075730985,-0.20166977075730985
25.0,fluxv_periodic_v3_persistent,0.8046875,0.4013396154840127,0.13770223046918728,0.6637861315950778,0.22774933584595708,-0.22774933584595708
25.0,fluxv_periodic_v3_persistent,0.8125,0.3651932130737872,0.15107457276708577,0.6040026472310273,0.2498662040090524,-0.2498662040090524
25.0,fluxv_periodic_v3_persistent,0.8203125,0.3337563462984036,0.16209953316339082,0.552008387553632,0.2681006755890048,-0.2681006755890048
25.0,fluxv_periodic_v3_persistent,0.828125,0.30630679224433055,0.17097672397808772,0.506608849116368,0.2827828946448352,-0.2827828946448352
25.0,fluxv_periodic_v3_persistent,0.8359375,0.28190126595864007,0.17807649700670047,0.46624390815936007,0.29452539573878384,-0.29452539573878384
25.0,fluxv_periodic_v3_persistent,0.84375,0.2599454277920695,0.18373497647570286,0.42993057072582674,0.3038841035576208,-0.3038841035576208
25.0,fluxv_periodic_v3_persistent,0.8515625,0.2397436065730184,0.18843285232961654,0.39651824799262914,0.31165404382634443,-0.31165404382634443
25.0,fluxv_periodic_v3_persistent,0.859375,0.2216784323717938,0.19189724779696904,0.36663978188317087,0.31738389848526244,-0.31738389848526244
25.0,fluxv_periodic_v3_persistent,0.8671875,0.20522196179684105,0.19458334631306404,0.33942199295525166,0.32182650737382607,-0.32182650737382607
25.0,fluxv_periodic_v3_persistent,0.875,0.19019958469314124,0.19654915542265972,0.3145760888871929,0.32507781069393116,-0.32507781069393116
25.0,fluxv_periodic_v3_persistent,0.8828125,0.17668245388494191,0.19775083970228546,0.2922197512039106,0.3270653078873229,-0.3270653078873229
25.0,fluxv_periodic_v3_persistent,0.890625,0.1642399743761092,0.19853229976305536,0.2716408075313339,0.3283577852075818,-0.3283577852075818
25.0,fluxv_periodic_v3_persistent,0.8984375,0.15296918982678365,0.1989643115336107,0.25299976092790827,0.32907230082208105,-0.32907230082208105
25.0,fluxv_periodic_v3_persistent,0.90625,0.14272937277647002,0.19912219461386793,0.23606385855038742,0.32933342779545965,-0.32933342779545965
25.0,fluxv_periodic_v3_persistent,0.9140625,0.13342223552887722,0.1990541738306714,0.22067053979626064,0.3292209264355038,-0.3292209264355038
25.0,fluxv_periodic_v3_persistent,0.921875,0.12502513410051674,0.19879760495734106,0.2067823531864717,0.32879658043689053,-0.32879658043689053
25.0,fluxv_periodic_v3_persistent,0.9296875,0.11754493870825966,0.19839846606825745,0.19441066155315612,0.3281364341444931,-0.3281364341444931
25.0,fluxv_periodic_v3_persistent,0.9375,0.1111251418123465,0.1979364618519578,0.18379279084526426,0.32737231323619875,-0.32737231323619875
25.0,fluxv_periodic_v3_persistent,0.9453125,0.10543011326122764,0.1975111482920767,0.1743736335395203,0.3266688759682681,-0.3266688759682681
25.0,fluxv_periodic_v3_persistent,0.953125,0.10042791212774715,0.19716512705914546,0.16610036169754386,0.32609658236256417,-0.32609658236256417
25.0,fluxv_periodic_v3_persistent,0.9609375,0.09611687029478044,0.196917219049871,0.15897021637660802,0.3256865607944982,-0.3256865607944982
25.0,fluxv_periodic_v3_persistent,0.96875,0.09264746705316068,0.19681940868628137,0.15323207922829568,0.32552478966508014,-0.32552478966508014
25.0,fluxv_periodic_v3_persistent,0.9765625,0.08998511415820054,0.1968929893079797,0.1488287438462271,0.32564648658796824,-0.32564648658796824
25.0,fluxv_periodic_v3_persistent,0.984375,0.08801822536061849,0.19713052824741126,0.14557565480180235,0.32603935847906806,-0.32603935847906806
25.0,fluxv_periodic_v3_persistent,0.9921875,0.08674922688799919,0.1975451619853809,0.14347682489655075,0.3267251321090242,-0.3267251321090242
