model,theta_max_deg,phase_offset_deg,phase,CT,persistence,ldvm_delta_CT,owned_old_CT,owned_polar_CT,target_old_CT,target_polar_CT,profile_reference_delta_CT,polar_reference_delta_CT
v4b_legacy_025c,15.0,15.0,0.0,-0.3572760151163205,0.01307547548300584,0.027832812087912807,-0.3853753316554913,-0.33716051115768636,-0.3843269485092168,-0.3160705295809316,0.001048383146274534,0.0200415984304802
v5c0_corrected_v4b_075c,15.0,15.0,0.0,-0.355965578541128,0.01307547548300584,0.027832812087912807,-0.3853753316554913,-0.33716051115768636,-0.3843269485092168,-0.3160705295809316,0.001048383146274534,0.0200415984304802
v4b_legacy_025c,15.0,15.0,0.0078125,-0.33357702683483886,0.013703889245494705,0.03905869980441756,-0.37172400717293747,-0.399195286558092,-0.3704223873638247,-0.3144690192722227,0.0013016198091127529,0.08342464747675654
v5c0_corrected_v4b_075c,15.0,15.0,0.0078125,-0.3311321648963602,0.013703889245494705,0.03905869980441756,-0.37172400717293747,-0.399195286558092,-0.3704223873638247,-0.3144690192722227,0.0013016198091127529,0.08342464747675654
v4b_legacy_025c,15.0,15.0,0.015625,-0.33034373030390884,0.014298141219725717,0.023746404519884756,-0.352403079554258,-0.44664790505580887,-0.3508361660152986,-0.34568954686584596,0.0015669135389593802,0.09939144465100352
v5c0_corrected_v4b_075c,15.0,15.0,0.015625,-0.3273557038532969,0.014298141219725717,0.023746404519884756,-0.352403079554258,-0.44664790505580887,-0.3508361660152986,-0.34568954686584596,0.0015669135389593802,0.09939144465100352
v4b_legacy_025c,15.0,15.0,0.0234375,-0.2886680075751031,0.01485658912666958,0.041485054969627184,-0.3275711024519946,-0.4598783002478847,-0.32572980349164166,-0.3874607680682001,0.001841298960352955,0.0705762332193316
v5c0_corrected_v4b_075c,15.0,15.0,0.0234375,-0.28577818651570247,0.01485658912666958,0.041485054969627184,-0.3275711024519946,-0.4598783002478847,-0.32572980349164166,-0.3874607680682001,0.001841298960352955,0.0705762332193316
v4b_legacy_025c,15.0,15.0,0.03125,-0.24702755140302946,0.015377687179759217,0.053924333402391195,-0.297432764507124,-0.4723543074162653,-0.2953111413960516,-0.39873788730829995,0.002121623111072446,0.07149479699689287
v5c0_corrected_v4b_075c,15.0,15.0,0.03125,-0.24380650366875842,0.015377687179759217,0.053924333402391195,-0.297432764507124,-0.4723543074162653,-0.2953111413960516,-0.39873788730829995,0.002121623111072446,0.07149479699689287
v4b_legacy_025c,15.0,15.0,0.0390625,-0.21708937621803734,0.015859994829032782,0.049449972653943436,-0.2622339645415738,-0.48424589189567135,-0.2598293588454815,-0.39409405355495575,0.0024046056960923545,0.08774723264462325
v5c0_corrected_v4b_075c,15.0,15.0,0.0390625,-0.2132930998659393,0.015859994829032782,0.049449972653943436,-0.2622339645415738,-0.48424589189567135,-0.2598293588454815,-0.39409405355495575,0.0024046056960923545,0.08774723264462325
v4b_legacy_025c,15.0,15.0,0.046875,-0.15834570506072382,0.016302184698651537,0.0695047315426488,-0.22226043864789635,-0.49565440803449606,-0.2195735367353722,-0.38714287684865056,0.002686901912524159,0.10582462927332134
v5c0_corrected_v4b_075c,15.0,15.0,0.046875,-0.15393363049611966,0.016302184698651537,0.0695047315426488,-0.22226043864789635,-0.49565440803449606,-0.2195735367353722,-0.38714287684865056,0.002686901912524159,0.10582462927332134
v4b_legacy_025c,15.0,15.0,0.0546875,-0.09983282400174912,0.01670304958683315,0.08491378497619798,-0.17783691045125105,-0.5066019863785665,-0.17487174534358746,-0.3780060205903134,0.002965165107663592,0.12563080068058946
v5c0_corrected_v4b_075c,15.0,15.0,0.0546875,-0.09476924140068409,0.01670304958683315,0.08491378497619798,-0.17783691045125105,-0.5066019863785665,-0.17487174534358746,-0.3780060205903134,0.002965165107663592,0.12563080068058946
v4b_legacy_025c,15.0,15.0,0.0625,-0.069211750950638,0.01706150842864307,0.06788745815544686,-0.1293261938460602,-0.5170265456743557,-0.12609008692262305,-0.3667787657775426,0.0032361069234371487,0.14701167297337595
v5c0_corrected_v4b_075c,15.0,15.0,0.0625,-0.06346740312965668,0.01706150842864307,0.06788745815544686,-0.1293261938460602,-0.5170265456743557,-0.12609008692262305,-0.3667787657775426,0.0032361069234371487,0.14701167297337595
v4b_legacy_025c,15.0,15.0,0.0703125,-0.05222202166956807,0.017376611155390877,0.03329827429960321,-0.07712821673022575,-0.5267825252961251,-0.07363166363414934,-0.35352868849117003,0.00349655309607641,0.1697572837088787
v5c0_corrected_v4b_075c,15.0,15.0,0.0703125,-0.0457756622636871,0.017376611155390877,0.03329827429960321,-0.07712821673022575,-0.5267825252961251,-0.07363166363414934,-0.35352868849117003,0.00349655309607641,0.1697572837088787
v4b_legacy_025c,15.0,15.0,0.078125,-0.03993536995204056,0.01764754241753458,-0.009351304782781344,-0.02167881814171452,-0.5356469594703287,-0.017935324507949803,-0.3382970699154997,0.0037434936337647183,0.1936063959210643
v5c0_corrected_v4b_075c,15.0,15.0,0.078125,-0.03277519923395287,0.01764754241753458,-0.009351304782781344,-0.02167881814171452,-0.5356469594703287,-0.017935324507949803,-0.3382970699154997,0.0037434936337647183,0.1936063959210643
v4b_legacy_025c,15.0,15.0,0.0859375,-0.03327925192426277,0.017873624169222748,-0.06054867248085488,0.036551789791383675,-0.5433302393108563,0.04052591640700566,-0.321102845175848,0.003974126615621985,0.21825326751938637
v5c0_corrected_v4b_075c,15.0,15.0,0.0859375,-0.025404148431294446,0.017873624169222748,-0.06054867248085488,0.036551789791383675,-0.5433302393108563,0.04052591640700566,-0.321102845175848,0.003974126615621985,0.21825326751938637
v4b_legacy_025c,15.0,15.0,0.09375,-0.00969077844906341,0.018054317140515745,-0.09682686413157753,0.09706099201216296,-0.5494906970686971,0.10124688730584788,-0.3019487462580452,0.004185895293684919,0.24335605551696704
v5c0_corrected_v4b_075c,15.0,15.0,0.09375,-0.0011112557510102143,0.018054317140515745,-0.09682686413157753,0.09706099201216296,-0.5494906970686971,0.10124688730584788,-0.3019487462580452,0.004185895293684919,0.24335605551696704
v4b_legacy_025c,15.0,15.0,0.1015625,0.018372149556009736,0.018189221246986624,-0.1303447382227336,0.15931617511506752,-0.5537520998880078,0.16369269362599753,-0.2808292545743314,0.004376518510930016,0.26854632680274637
v5c0_corrected_v4b_075c,15.0,15.0,0.1015625,0.027633316620220477,0.018189221246986624,-0.1303447382227336,0.15931617511506752,-0.5537520998880078,0.16369269362599753,-0.2808292545743314,0.004376518510930016,0.26854632680274637
v4b_legacy_025c,15.0,15.0,0.109375,0.044455435922277194,0.018278075005323878,-0.16712803881509716,0.22275782380172793,-0.555722836178279,0.22730183847150262,-0.25773964304323527,0.004544014669774693,0.293439178465269
v5c0_corrected_v4b_075c,15.0,15.0,0.109375,0.0543629539055407,0.018278075005323878,-0.16712803881509716,0.22275782380172793,-0.555722836178279,0.22730183847150262,-0.25773964304323527,0.004544014669774693,0.293439178465269
v4b_legacy_025c,15.0,15.0,0.1171875,0.08074419250112964,0.01832075403765213,-0.1941940297158412,0.2868032021424398,-0.5550159144603544,0.2914899217518872,-0.23268566854225273,0.004686719609447387,0.3176435263086543
v5c0_corrected_v4b_075c,15.0,15.0,0.1171875,0.09125038102773038,0.01832075403765213,-0.1941940297158412,0.2868032021424398,-0.5550159144603544,0.2914899217518872,-0.23268566854225273,0.004686719609447387,0.3176435263086543
v4b_legacy_025c,15.0,15.0,0.125,0.1186963883749167,0.01831726875678454,-0.21965336234325367,0.3508506656283672,-0.551268793390278,0.3556539644269857,-0.20569330714144857,0.004803298798618516,0.34077218745021093
v5c0_corrected_v4b_075c,15.0,15.0,0.125,0.12974170291589807,0.01831726875678454,-0.21965336234325367,0.3508506656283672,-0.551268793390278,0.3556539644269857,-0.20569330714144857,0.004803298798618516,0.34077218745021093
v4b_legacy_025c,15.0,15.0,0.1328125,0.16409221310343175,0.018267761329979273,-0.23701366648181751,0.4142848480740356,-0.5441619623343055,0.41917760232035584,-0.1768177558810839,0.004892754246320241,0.36245145220690134
v5c0_corrected_v4b_075c,15.0,15.0,0.1328125,0.17560614397237206,0.018267761329979273,-0.23701366648181751,0.4142848480740356,-0.5441619623343055,0.41917760232035584,-0.1768177558810839,0.004892754246320241,0.36245145220690134
v4b_legacy_025c,15.0,15.0,0.140625,0.20232601696474253,0.018172502020587507,-0.2605382426221297,0.47648236843881825,-0.5334358349899269,0.4814367949415473,-0.1461515027842257,0.004954426502729037,0.3823299057029721
v5c0_corrected_v4b_075c,15.0,15.0,0.140625,0.21422833445138983,0.018172502020587507,-0.2605382426221297,0.47648236843881825,-0.5334358349899269,0.4814367949415473,-0.1461515027842257,0.004954426502729037,0.3823299057029721
v4b_legacy_025c,15.0,15.0,0.1484375,0.24587550153430113,0.018031885005905676,-0.27689905706810886,0.5368182291585449,-0.5189051466946195,0.5418062212396009,-0.11383083705722497,0.004987992081055936,0.4000863175563386
v5c0_corrected_v4b_075c,15.0,15.0,0.1484375,0.25807780408596925,0.018031885005905676,-0.27689905706810886,0.5368182291585449,-0.5189051466946195,0.5418062212396009,-0.11383083705722497,0.004987992081055936,0.4000863175563386
v4b_legacy_025c,15.0,15.0,0.15625,0.2858804576400003,0.017846423766232012,-0.29450389639882635,0.5946729028904639,-0.5004703282457362,0.5996663594870925,-0.08004040401071932,0.004993456596628532,0.4154364676383884
v5c0_corrected_v4b_075c,15.0,15.0,0.15625,0.29828796948605,0.017846423766232012,-0.29450389639882635,0.5946729028904639,-0.5004703282457362,0.5996663594870925,-0.08004040401071932,0.004993456596628532,0.4154364676383884
v4b_legacy_025c,15.0,15.0,0.1640625,0.325920396445263,0.017616746135180116,-0.30910062607866123,0.6494397106038922,-0.47812579936012073,0.6544108545018698,-0.045015837768073656,0.004971143897977592,0.4281388176940695
v5c0_corrected_v4b_075c,15.0,15.0,0.1640625,0.33843395320517317,0.017616746135180116,-0.30910062607866123,0.6494397106038922,-0.47812579936012073,0.6544108545018698,-0.045015837768073656,0.004971143897977592,0.4281388176940695
v4b_legacy_025c,15.0,15.0,0.171875,0.36579125243990823,0.017343589095251705,-0.3203082491944015,0.7005326480799005,-0.45196473834113404,0.7054543295413523,-0.00904408313629933,0.004921681461451888,0.4379989737433828
v5c0_corrected_v4b_075c,15.0,15.0,0.171875,0.37830940812610725,0.017343589095251705,-0.3203082491944015,0.7005326480799005,-0.45196473834113404,0.7054543295413523,-0.00904408313629933,0.004921681461451888,0.4379989737433828
v4b_legacy_025c,15.0,15.0,0.1796875,0.40499186444474733,0.017027793395958887,-0.3280736347589007,0.747394406844035,-0.4221803729656168,0.7522403891799926,0.02753852345274628,0.004845982335957566,0.4448729140824055
v5c0_corrected_v4b_075c,15.0,15.0,0.1796875,0.4174130508491582,0.017027793395958887,-0.3280736347589007,0.747394406844035,-0.4221803729656168,0.7522403891799926,0.02753852345274628,0.004845982335957566,0.4448729140824055
v4b_legacy_025c,15.0,15.0,0.1875,0.439687799588517,0.01667029806476751,-0.3357667486219541,0.7895043008039128,-0.38906397055359754,0.7942495247594686,0.0643502370775541,0.004745223955555877,0.44866898367559577
v5c0_corrected_v4b_075c,15.0,15.0,0.1875,0.4519124692343614,0.01667029806476751,-0.3357667486219541,0.7895043008039128,-0.38906397055359754,0.7942495247594686,0.0643502370775541,0.004745223955555877,0.44866898367559577
v4b_legacy_025c,15.0,15.0,0.1953125,0.4709388220121841,0.016272134874075198,-0.34181828152664906,0.826386112634359,-0.3529995318103317,0.8310069368152511,0.10096997117833183,0.004620824180892047,0.4493486788077715
v5c0_corrected_v4b_075c,15.0,15.0,0.1953125,0.4828715085001237,0.016272134874075198,-0.34181828152664906,0.826386112634359,-0.3529995318103317,0.8310069368152511,0.10096997117833183,0.004620824180892047,0.4493486788077715
v4b_legacy_025c,15.0,15.0,0.203125,0.499683033184375,0.015834422820533045,-0.34483365571330254,0.8576155167488267,-0.3144556075865342,0.8620899317297036,0.13694507411438264,0.004474414980876862,0.44692626672004
v5c0_corrected_v4b_075c,15.0,15.0,0.203125,0.5112342676420993,0.015834422820533045,-0.34483365571330254,0.8576155167488267,-0.3144556075865342,0.8620899317297036,0.13694507411438264,0.004474414980876862,0.44692626672004
v4b_legacy_025c,15.0,15.0,0.2109375,0.5254312014691175,0.0153583626663965,-0.3449266536219301,0.8828269232787694,-0.27397456743133985,0.8871347374973692,0.1718005507106561,0.004307814218599715,0.4414673039233963
v5c0_corrected_v4b_075c,15.0,15.0,0.2109375,0.5365192306467291,0.0153583626663965,-0.3449266536219301,0.8828269232787694,-0.27397456743133985,0.8871347374973692,0.1718005507106561,0.004307814218599715,0.4414673039233963
v4b_legacy_025c,15.0,15.0,0.21875,0.5469071179363842,0.01484523158632289,-0.3430727872353732,0.901719611137986,-0.23215969857996227,0.9058426071930903,0.20504943149817015,0.004122996055104244,0.4330861340230282
v5c0_corrected_v4b_075c,15.0,15.0,0.21875,0.5574593779478858,0.01484523158632289,-0.3430727872353732,0.901719611137986,-0.23215969857996227,0.9058426071930903,0.20504943149817015,0.004122996055104244,0.4330861340230282
v4b_legacy_025c,15.0,15.0,0.2265625,0.5648483711732848,0.01429637795715262,-0.3382713449682962,0.9140629106139401,-0.18966067023932315,0.9179849711409864,0.23620385134067537,0.003922060527046356,0.4219424610529522
v5c0_corrected_v4b_075c,15.0,15.0,0.2265625,0.5748026805997154,0.01429637795715262,-0.3382713449682962,0.9140629106139401,-0.18966067023932315,0.9179849711409864,0.23620385134067537,0.003922060527046356,0.4219424610529522
v4b_legacy_025c,15.0,15.0,0.234375,0.578172171738746,0.0137132163227184,-0.3314432609352375,0.9197003361782611,-0.14715781700002534,0.9234075390637766,0.2647864931453075,0.003707202885515515,0.4082371072598173
v5c0_corrected_v4b_075c,15.0,15.0,0.234375,0.5874776183870761,0.0137132163227184,-0.3314432609352375,0.9197003361782611,-0.14715781700002534,0.9234075390637766,0.2647864931453075,0.003707202885515515,0.4082371072598173
v4b_legacy_025c,15.0,15.0,0.2421875,0.5879458450777499,0.013097222560597158,-0.3214060029943556,0.9185525459932596,-0.1053457509653334,0.9220332292938049,0.2903420070372323,0.0034806833005452953,0.3922070747020204
v5c0_corrected_v4b_075c,15.0,15.0,0.2421875,0.5965633517255083,0.013097222560597158,-0.3214060029943556,0.9185525459932596,-0.1053457509653334,0.9220332292938049,0.2903420070372323,0.0034806833005452953,0.3922070747020204
v4b_legacy_025c,15.0,15.0,0.25,0.5898458748780256,0.012449929272911123,-0.31251864000867013,0.9106190321339621,-0.06491680791830319,0.913863829670798,0.3124480273189704,0.0032447975368359305,0.37412003770043767
v5c0_corrected_v4b_075c,15.0,15.0,0.25,0.5977484404238109,0.012449929272911123,-0.31251864000867013,0.9106190321339621,-0.06491680791830319,0.913863829670798,0.3124480273189704,0.0032447975368359305,0.37412003770043767
v4b_legacy_025c,15.0,15.0,0.2578125,0.5881449625985922,0.011772921418743436,-0.30051064988359494,0.8959785184350003,-0.026544773200759493,0.8989803676246042,0.330725473928009,0.003001849189603889,0.3542683979391646
v5c0_corrected_v4b_075c,15.0,15.0,0.2578125,0.5953175857982779,0.011772921418743436,-0.30051064988359494,0.8959785184350003,-0.026544773200759493,0.8989803676246042,0.330725473928009,0.003001849189603889,0.3542683979391646
v4b_legacy_025c,15.0,15.0,0.265625,0.5844516063504872,0.011067832201397797,-0.2838975796647877,0.8747880057615721,0.009130635278485021,0.877542129796197,0.34484779516516706,0.0027541240346248275,0.3329630358520572
v5c0_corrected_v4b_075c,15.0,15.0,0.265625,0.5908909093951905,0.011067832201397797,-0.2838975796647877,0.8747880057615721,0.009130635278485021,0.877542129796197,0.34484779516516706,0.0027541240346248275,0.3329630358520572
v4b_legacy_025c,15.0,15.0,0.2734375,0.5704589655492257,0.010336339219533624,-0.27129717955511057,0.8472805584154329,0.04151820760737291,0.8497844254088232,0.35454896558681703,0.0025038669933902247,0.3105268909860539
v5c0_corrected_v4b_075c,15.0,15.0,0.2734375,0.576172543824635,0.010336339219533624,-0.27129717955511057,0.8472805584154329,0.04151820760737291,0.8497844254088232,0.35454896558681703,0.0025038669933902247,0.3105268909860539
v4b_legacy_025c,15.0,15.0,0.28125,0.555363485401431,0.009580160887078693,-0.2537043606343981,0.8137618302584594,0.07008822192997707,0.8160150924018862,0.3596299846875649,0.002253262143426804,0.287288500614161
v5c0_corrected_v4b_075c,15.0,15.0,0.28125,0.5603690176017491,0.009580160887078693,-0.2537043606343981,0.8137618302584594,0.07008822192997707,0.8160150924018862,0.3596299846875649,0.002253262143426804,0.287288500614161
v4b_legacy_025c,15.0,15.0,0.2890625,0.5369780983501732,0.008801053122690106,-0.2336974599483791,0.7746054420641353,0.09438371839424928,0.7766098581802927,0.35996375496267197,0.002004416116157426,0.26357562045226524
v5c0_corrected_v4b_075c,15.0,15.0,0.2890625,0.541302257503777,0.008801053122690106,-0.2336974599483791,0.7746054420641353,0.09438371839424928,0.7766098581802927,0.35996375496267197,0.002004416116157426,0.26357562045226524
v4b_legacy_025c,15.0,15.0,0.296875,0.514708740719205,0.008000806305334143,-0.21230698642626364,0.7302473366781312,0.1140298680660958,0.7320066817996707,0.35549825771707805,0.001759345121539413,0.23970904452944283
v5c0_corrected_v4b_075c,15.0,15.0,0.296875,0.5183859514756614,0.008000806305334143,-0.21230698642626364,0.7302473366781312,0.1140298680660958,0.7320066817996707,0.35549825771707805,0.001759345121539413,0.23970904452944283
v4b_legacy_025c,15.0,15.0,0.3046875,0.4882047646518494,0.00718124248822151,-0.19037442010831043,0.6811792507981465,0.1287412961063488,0.6826992165197742,0.3462579956242735,0.001519965721627714,0.215996733796297
v5c0_corrected_v4b_075c,15.0,15.0,0.3046875,0.49127585529553225,0.00718124248822151,-0.19037442010831043,0.6811792507981465,0.1287412961063488,0.6826992165197742,0.3462579956242735,0.001519965721627714,0.215996733796297
v4b_legacy_025c,15.0,15.0,0.3125,0.45487560535515875,0.006344212858810296,-0.17104476677857297,0.627941444353542,0.13832725615278696,0.6292295336995729,0.3323437012138436,0.001288089346030863,0.19272835571502578
v5c0_corrected_v4b_075c,15.0,15.0,0.3125,0.45738640441377426,0.006344212858810296,-0.17104476677857297,0.627941444353542,0.13832725615278696,0.6292295336995729,0.3323437012138436,0.001288089346030863,0.19272835571502578
v4b_legacy_025c,15.0,15.0,0.3203125,0.4181772642198701,0.005491595427827295,-0.1514164334038197,0.5711148904334951,0.14269465553021418,0.5721803108364413,0.3143025947153408,0.0010654204029462155,0.17054251878218038
v5c0_corrected_v4b_075c,15.0,15.0,0.3203125,0.42017923513921074,0.005491595427827295,-0.1514164334038197,0.5711148904334951,0.14269465553021418,0.5721803108364413,0.3143025947153408,0.0010654204029462155,0.17054251878218038
v4b_legacy_025c,15.0,15.0,0.328125,0.3780842018367458,0.0046252929252279485,-0.1321311154341342,0.5113130521173052,0.14184889331250253,0.5121666098097912,0.3228190229260908,0.0008535576924860733,0.18011657192110223
v5c0_corrected_v4b_075c,15.0,15.0,0.328125,0.37977085143505485,0.0046252929252279485,-0.1321311154341342,0.5113130521173052,0.14184889331250253,0.5121666098097912,0.3228190229260908,0.0008535576924860733,0.18011657192110223
v4b_legacy_025c,15.0,15.0,0.3359375,0.3368071032559534,0.00374723087570448,-0.11161068506766275,0.4491734930780889,0.13589262019990025,0.449827491755373,0.3464765024457739,0.0006539986772841067,0.20992988356858952
v5c0_corrected_v4b_075c,15.0,15.0,0.3359375,0.3382477576746788,0.00374723087570448,-0.11161068506766275,0.4491734930780889,0.13589262019990025,0.449827491755373,0.3464765024457739,0.0006539986772841067,0.20992988356858952
v4b_legacy_025c,15.0,15.0,0.34375,0.294585200000436,0.0028593558207775467,-0.09027799125664424,0.38534942188307686,0.12502242082379517,0.38581756789568494,0.3512158505991037,0.00046814601260808386,0.22572528376270046
v5c0_corrected_v4b_075c,15.0,15.0,0.34375,0.29569877491706764,0.0028593558207775467,-0.09027799125664424,0.38534942188307686,0.12502242082379517,0.38581756789568494,0.3512158505991037,0.00046814601260808386,0.22572528376270046
v4b_legacy_025c,15.0,15.0,0.3515625,0.2500317269845452,0.001963633648721182,-0.0702251820525569,0.32050137635052217,0.12577877922296957,0.32079869193983734,0.31665267808674286,0.00029731558931517243,0.19057658327445812
v5c0_corrected_v4b_075c,15.0,15.0,0.3515625,0.2507032651654364,0.001963633648721182,-0.0702251820525569,0.32050137635052217,0.12577877922296957,0.32079869193983734,0.31665267808674286,0.00029731558931517243,0.19057658327445812
v4b_legacy_025c,15.0,15.0,0.359375,0.20287870921784498,0.0010620479876715617,-0.052372940733095966,0.2552891920854567,0.16756743947987096,0.25543193729005154,0.2583650845481877,0.00014274520459484075,0.09065489986372188
v5c0_corrected_v4b_075c,15.0,15.0,0.359375,0.20311773427641266,0.0010620479876715617,-0.052372940733095966,0.2552891920854567,0.16756743947987096,0.25543193729005154,0.2583650845481877,0.00014274520459484075,0.09065489986372188
v4b_legacy_025c,15.0,15.0,0.3671875,0.15298336784136887,0.00015659861140993574,-0.03738599067226116,0.1903643704495076,0.18483092353560748,0.1903699733057286,0.2003064143588687,5.602856221004204e-06,0.015469887967040213
v5c0_corrected_v4b_075c,15.0,15.0,0.3671875,0.1529913932605642,0.00015659861140993574,-0.03738599067226116,0.1903643704495076,0.18483092353560748,0.1903699733057286,0.2003064143588687,5.602856221004204e-06,0.015469887967040213
v4b_legacy_025c,15.0,15.0,0.375,0.10280380107986009,0.0007507001982940671,-0.023589497430388136,0.12636297681249303,0.1431647005701335,0.12624997037968166,0.1430516941373221,-0.0001130064328113689,-2.7755575615628914e-17
v5c0_corrected_v4b_075c,15.0,15.0,0.375,0.10269079464704874,0.0007507001982940671,-0.023589497430388136,0.12636297681249303,0.1431647005701335,0.12624997037968166,0.1430516941373221,-0.0001130064328113689,-2.7755575615628914e-17
v4b_legacy_025c,15.0,15.0,0.3828125,0.052578820299604485,0.0016578213939514753,-0.01137810751362213,0.06389916557168127,0.08736331655230183,0.06368712917467528,0.08715128015529583,-0.00021203639700598242,-1.3877787807814457e-17
v5c0_corrected_v4b_075c,15.0,15.0,0.3828125,0.052366783902598496,0.0016578213939514753,-0.01137810751362213,0.06389916557168127,0.08736331655230183,0.06368712917467528,0.08715128015529583,-0.00021203639700598242,-1.3877787807814457e-17
v4b_legacy_025c,15.0,15.0,0.390625,0.0015977786609032581,0.0025627270745572257,-0.002043383722414395,0.003559396652956498,0.033421763321571166,0.003268897612545586,0.033131264281160255,-0.0002904990404109121,1.734723475976807e-18
v5c0_corrected_v4b_075c,15.0,15.0,0.390625,0.001307279620492346,0.0025627270745572257,-0.002043383722414395,0.003559396652956498,0.033421763321571166,0.003268897612545586,0.033131264281160255,-0.0002904990404109121,1.734723475976807e-18
v4b_legacy_025c,15.0,15.0,0.3984375,-0.06317961839931123,0.0034633706358513545,-0.009233470452187004,-0.0541025968996835,-0.018163612824546493,-0.05445006580613155,-0.01851108173099454,-0.0003474689064480521,3.469446951953614e-18
v5c0_corrected_v4b_075c,15.0,15.0,0.3984375,-0.06352708730575929,0.0034633706358513545,-0.009233470452187004,-0.0541025968996835,-0.018163612824546493,-0.05445006580613155,-0.01851108173099454,-0.0003474689064480521,3.469446951953614e-18
v4b_legacy_025c,15.0,15.0,0.40625,-0.13586636079397643,0.004357699227718007,-0.027598015319029688,-0.10857006817973877,-0.06692909085034307,-0.10895216112585249,-0.06731118379645679,-0.0003820929461137157,0.0
v5c0_corrected_v4b_075c,15.0,15.0,0.40625,-0.13624845374009018,0.004357699227718007,-0.027598015319029688,-0.10857006817973877,-0.06692909085034307,-0.10895216112585249,-0.06731118379645679,-0.0003820929461137157,0.0
v4b_legacy_025c,15.0,15.0,0.4140625,-0.159340956352209,0.005243656586377539,-0.0002213907240161475,-0.15936675882568646,-0.11244677150145736,-0.15976036535598184,-0.11284037803175276,-0.00039360653029538173,-1.3877787807814457e-17
v5c0_corrected_v4b_075c,15.0,15.0,0.4140625,-0.1597345628825044,0.005243656586377539,-0.0002213907240161475,-0.15936675882568646,-0.11244677150145736,-0.15976036535598184,-0.11284037803175276,-0.00039360653029538173,-1.3877787807814457e-17
v4b_legacy_025c,15.0,15.0,0.421875,-0.19719942151372824,0.006119186304688225,0.008596317684059235,-0.2060596978333293,-0.1543271488925722,-0.20644105357898385,-0.15470850463822675,-0.000381355745654538,0.0
v5c0_corrected_v4b_075c,15.0,15.0,0.421875,-0.19758077725938275,0.006119186304688225,0.008596317684059235,-0.2060596978333293,-0.1543271488925722,-0.20644105357898385,-0.15470850463822675,-0.000381355745654538,0.0
v4b_legacy_025c,15.0,15.0,0.4296875,-0.22533464931701613,0.006982235596143908,0.02269391592785686,-0.248261397208938,-0.19222114673550786,-0.24860622281314987,-0.19256597233971973,-0.00034482560421186803,0.0
v5c0_corrected_v4b_075c,15.0,15.0,0.4296875,-0.225679474921228,0.006982235596143908,0.02269391592785686,-0.248261397208938,-0.19222114673550786,-0.24860622281314987,-0.19256597233971973,-0.00034482560421186803,0.0
v4b_legacy_025c,15.0,15.0,0.4375,-0.23754021349755536,0.007830746077712612,0.047998666350181546,-0.2856313699325397,-0.22582155763471776,-0.2859150431428272,-0.22610523084500522,-0.0002836732102874939,2.7755575615628914e-17
v5c0_corrected_v4b_075c,15.0,15.0,0.4375,-0.23782388670784285,0.007830746077712612,0.047998666350181546,-0.2856313699325397,-0.22582155763471776,-0.2859150431428272,-0.22610523084500522,-0.0002836732102874939,2.7755575615628914e-17
v4b_legacy_025c,15.0,15.0,0.4453125,-0.2747483709233494,0.008662642886224769,0.04295373518023967,-0.3178758721497457,-0.25486289541483265,-0.31807363646038295,-0.2550606597254699,-0.00019776431063722733,0.0
v5c0_corrected_v4b_075c,15.0,15.0,0.4453125,-0.27494613523398664,0.008662642886224769,0.04295373518023967,-0.3178758721497457,-0.25486289541483265,-0.31807363646038295,-0.2550606597254699,-0.00019776431063722733,0.0
v4b_legacy_025c,15.0,15.0,0.453125,-0.27516137884199793,0.009475853559923338,0.06962464060216053,-0.34474813377707053,-0.2791216202933083,-0.3448353448467919,-0.2792088313630297,-8.721106972137127e-05,-5.551115123125783e-17
v5c0_corrected_v4b_075c,15.0,15.0,0.453125,-0.27524858991171924,0.009475853559923338,0.06962464060216053,-0.34474813377707053,-0.2791216202933083,-0.3448353448467919,-0.2792088313630297,-8.721106972137127e-05,-5.551115123125783e-17
v4b_legacy_025c,15.0,15.0,0.4609375,-0.29666836485126397,0.010268316538138485,0.06939929687092831,-0.3660495176425158,-0.2984172173000961,-0.3660019260835217,-0.29836962574110204,4.7591558994086736e-05,0.0
v5c0_corrected_v4b_075c,15.0,15.0,0.4609375,-0.2966207732922699,0.010268316538138485,0.06939929687092831,-0.3660495176425158,-0.2984172173000961,-0.3660019260835217,-0.29836962574110204,4.7591558994086736e-05,0.0
v4b_legacy_025c,15.0,15.0,0.46875,-0.3346540679875323,0.01103798920254896,0.046729442708538446,-0.381629523234725,-0.31261227663909574,-0.38142358946358595,-0.3124063428679567,0.000205933771139033,0.0
v5c0_corrected_v4b_075c,15.0,15.0,0.46875,-0.33444813421639324,0.01103798920254896,0.046729442708538446,-0.381629523234725,-0.31261227663909574,-0.38142358946358595,-0.3124063428679567,0.000205933771139033,0.0
v4b_legacy_025c,15.0,15.0,0.4765625,-0.3423524512418096,0.011782856617996497,0.048785548028281105,-0.39138529356952545,-0.3216121100762542,-0.39099852749285413,-0.32122534399958286,0.0003867660766713188,0.0
v5c0_corrected_v4b_075c,15.0,15.0,0.4765625,-0.34196568516513826,0.011782856617996497,0.048785548028281105,-0.39138529356952545,-0.3216121100762542,-0.39099852749285413,-0.32122534399958286,0.0003867660766713188,0.0
v4b_legacy_025c,15.0,15.0,0.484375,-0.350626174262362,0.01250094086785953,0.04431486859461985,-0.39526084036668496,-0.3253640965289548,-0.3946721560485363,-0.3247754122108062,0.00058868431814868,-5.551115123125783e-17
v5c0_corrected_v4b_075c,15.0,15.0,0.484375,-0.3500374899442133,0.01250094086785953,0.04431486859461985,-0.39526084036668496,-0.3253640965289548,-0.3946721560485363,-0.3247754122108062,0.00058868431814868,-5.551115123125783e-17
v4b_legacy_025c,15.0,15.0,0.4921875,-0.36376316987646656,0.01319031084900404,0.02894948242469761,-0.3932460651800161,-0.3238568323234915,-0.3924361386049135,-0.32304690574838896,0.000809926575102593,-5.551115123125783e-17
v5c0_corrected_v4b_075c,15.0,15.0,0.4921875,-0.36295324330136397,0.01319031084900404,0.02894948242469761,-0.3932460651800161,-0.3238568323234915,-0.3924361386049135,-0.32304690574838896,0.000809926575102593,-5.551115123125783e-17
v4b_legacy_025c,15.0,15.0,0.5,-0.3454626077262365,0.013849092365193171,0.039796195549313455,-0.38537539422253264,-0.33716052805508523,-0.3843270110762583,-0.31607054647832833,0.0010483831462743676,0.020041598430482532
v5c0_corrected_v4b_075c,15.0,15.0,0.5,-0.34413666663215225,0.013849092365193171,0.039796195549313455,-0.38537539422253264,-0.33716052805508523,-0.3843270110762583,-0.31607054647832833,0.0010483831462743676,0.020041598430482532
v4b_legacy_025c,15.0,15.0,0.5078125,-0.3519298927704306,0.014475478337565054,0.02048866365425286,-0.3717243142690961,-0.3991955272695396,-0.3704226944599832,-0.31446925998367203,0.001301619809112864,0.08342464747675471
v5c0_corrected_v4b_075c,15.0,15.0,0.5078125,-0.34942066128394894,0.014475478337565054,0.02048866365425286,-0.3717243142690961,-0.3991955272695396,-0.3704226944599832,-0.31446925998367203,0.001301619809112864,0.08342464747675471
v4b_legacy_025c,15.0,15.0,0.515625,-0.3234362470207295,0.015067738938046091,0.03085230354396781,-0.35240362098096334,-0.44664836029685523,-0.35083670744200374,-0.3456900021068906,0.0015669135389596023,0.09939144465100502
v5c0_corrected_v4b_075c,15.0,15.0,0.515625,-0.32037172914109324,0.015067738938046091,0.03085230354396781,-0.35240362098096334,-0.44664836029685523,-0.35083670744200374,-0.3456900021068906,0.0015669135389596023,0.09939144465100502
v4b_legacy_025c,15.0,15.0,0.5234375,-0.2902424768950307,0.015624231447466655,0.04002189784681896,-0.3275718667054351,-0.4598789595976205,-0.325730567745082,-0.38746142741793554,0.001841298960353066,0.07057623321933187
v5c0_corrected_v4b_075c,15.0,15.0,0.5234375,-0.28729847853216833,0.015624231447466655,0.04002189784681896,-0.3275718667054351,-0.4598789595976205,-0.325730567745082,-0.38746142741793554,0.001841298960353066,0.07057623321933187
v4b_legacy_025c,15.0,15.0,0.53125,-0.23971151034975702,0.016143409645100755,0.0615395153085531,-0.2974337399083915,-0.47235516029052954,-0.2953121167973191,-0.3987387401825643,0.0021216231110723904,0.07149479699689287
v5c0_corrected_v4b_075c,15.0,15.0,0.53125,-0.2364357174432705,0.016143409645100755,0.0615395153085531,-0.2974337399083915,-0.47235516029052954,-0.2953121167973191,-0.3987387401825643,0.0021216231110723904,0.07149479699689287
v4b_legacy_025c,15.0,15.0,0.5390625,-0.18662403730293112,0.016623832550017946,0.08064237412324078,-0.26223513930939835,-0.48424692761443056,-0.25983053361330616,-0.3940950892737146,0.002404605696092188,0.08774723264462375
v5c0_corrected_v4b_075c,15.0,15.0,0.5390625,-0.18276073630462722,0.016623832550017946,0.08064237412324078,-0.26223513930939835,-0.48424692761443056,-0.25983053361330616,-0.3940950892737146,0.002404605696092188,0.08774723264462375
v4b_legacy_025c,15.0,15.0,0.546875,-0.1442456259100727,0.017064172355962637,0.08411679774920974,-0.22226180094562342,-0.4956556158647921,-0.2195748990330992,-0.3871440846789456,0.0026869019125242144,0.10582462927332228
v5c0_corrected_v4b_075c,15.0,15.0,0.546875,-0.13975291428412265,0.017064172355962637,0.08411679774920974,-0.22226180094562342,-0.4956556158647921,-0.2195748990330992,-0.3871440846789456,0.0026869019125242144,0.10582462927332228
v4b_legacy_025c,15.0,15.0,0.5546875,-0.09334921056520298,0.017463221428836613,0.09183425414368215,-0.17783844842252705,-0.5066033555670042,-0.17487328331486346,-0.3780073897787514,0.002965165107663592,0.12563080068058918
v5c0_corrected_v4b_075c,15.0,15.0,0.5546875,-0.08819012696697223,0.017463221428836613,0.09183425414368215,-0.17783844842252705,-0.5066033555670042,-0.17487328331486346,-0.3780073897787514,0.002965165107663592,0.12563080068058918
v4b_legacy_025c,15.0,15.0,0.5625,-0.07107100049153622,0.017819898267258095,0.06634798711756704,-0.12932789564386835,-0.5170280654734881,-0.12609178872043122,-0.36678028557667575,0.003236106923437121,0.14701167297337525
v5c0_corrected_v4b_075c,15.0,15.0,0.5625,-0.06521516051161413,0.017819898267258095,0.06634798711756704,-0.12932789564386835,-0.5170280654734881,-0.12609178872043122,-0.36678028557667575,0.003236106923437121,0.14701167297337525
v4b_legacy_025c,15.0,15.0,0.5703125,-0.05608590605481917,0.018133252359969366,0.029737086108428554,-0.0771300705444651,-0.5267841849893884,-0.07363351744838872,-0.3535303481844355,0.0034965530960763824,0.1697572837088765
v5c0_corrected_v4b_075c,15.0,15.0,0.5703125,-0.04951110129330681,0.018133252359969366,0.029737086108428554,-0.0771300705444651,-0.5267841849893884,-0.07363351744838872,-0.3535303481844355,0.0034965530960763824,0.1697572837088765
v4b_legacy_025c,15.0,15.0,0.578125,-0.040372753017585666,0.018402467907015014,-0.009406770126829236,-0.021680812225517893,-0.535648748395682,-0.017937318591753185,-0.33829885884085537,0.003743493633764708,0.19360639592106194
v5c0_corrected_v4b_075c,15.0,15.0,0.578125,-0.03306642389629078,0.018402467907015014,-0.009406770126829236,-0.021680812225517893,-0.535648748395682,-0.017937318591753185,-0.33829885884085537,0.003743493633764708,0.19360639592106194
v4b_legacy_025c,15.0,15.0,0.5859375,-0.0238978424271932,0.018626866402833453,-0.050588432418741766,0.036549667097793774,-0.5433321468821901,0.040523793713415676,-0.32110475274718303,0.003974126615621902,0.21825326751938517
v5c0_corrected_v4b_075c,15.0,15.0,0.5859375,-0.015858341355505838,0.018626866402833453,-0.050588432418741766,0.036549667097793774,-0.5433321468821901,0.040523793713415676,-0.32110475274718303,0.003974126615621902,0.21825326751938517
v4b_legacy_025c,15.0,15.0,0.59375,-0.013438196274392435,0.018805908107309335,-0.10022274074495639,0.09705875225631425,-0.5494927127982643,0.1012446475499992,-0.30195076198760795,0.00418589529368496,0.24335605551697137
v5c0_corrected_v4b_075c,15.0,15.0,0.59375,-0.004675769363298044,0.018805908107309335,-0.10022274074495639,0.09705875225631425,-0.5494927127982643,0.1012446475499992,-0.30195076198760795,0.00418589529368496,0.24335605551697137
v4b_legacy_025c,15.0,15.0,0.6015625,0.010603592656172308,0.018939192454488274,-0.13781541685553372,0.15931382971040828,-0.5537542134058799,0.16369034822133843,-0.2808313680922,0.004376518510930155,0.2685463268027498
v5c0_corrected_v4b_075c,15.0,15.0,0.6015625,0.020066161733365645,0.018939192454488274,-0.13781541685553372,0.15931382971040828,-0.5537542134058799,0.16369034822133843,-0.2808313680922,0.004376518510930155,0.2685463268027498
v4b_legacy_025c,15.0,15.0,0.609375,0.040751695953755794,0.019026457467571097,-0.17043473261777817,0.22275538400477732,-0.5557250372527075,0.22729939867455196,-0.25774184411766576,0.0045440146697746375,0.2934391784652671
v5c0_corrected_v4b_075c,15.0,15.0,0.609375,0.05087881867191884,0.019026457467571097,-0.17043473261777817,0.22275538400477732,-0.5557250372527075,0.22729939867455196,-0.25774184411766576,0.0045440146697746375,0.2934391784652671
v4b_legacy_025c,15.0,15.0,0.6171875,0.078124216655891,0.019067578262894402,-0.19636930218692733,0.2868006790308979,-0.5550181930172081,0.2914873986403453,-0.23268794709910248,0.004686719609447387,0.3176435263086583
v5c0_corrected_v4b_075c,15.0,15.0,0.6171875,0.0888676290629305,0.019067578262894402,-0.19636930218692733,0.2868006790308979,-0.5550181930172081,0.2914873986403453,-0.23268794709910248,0.004686719609447387,0.3176435263086583
v4b_legacy_025c,15.0,15.0,0.625,0.11690921302261394,0.01906256473509777,-0.22095410311939,0.35084807007980756,-0.5512711395321127,0.3556513688784261,-0.20569565328328324,0.004803298798618516,0.340772187450211
v5c0_corrected_v4b_075c,15.0,15.0,0.625,0.12820850370442297,0.01906256473509777,-0.22095410311939,0.35084807007980756,-0.5512711395321127,0.3556513688784261,-0.20569565328328324,0.004803298798618516,0.340772187450211
v4b_legacy_025c,15.0,15.0,0.6328125,0.16620527300374882,0.01901155852103342,-0.23430995230124965,0.41428219074442996,-0.5441643663596515,0.41917494499075014,-0.17682015990643976,0.004892754246320186,0.36245145220689157
v5c0_corrected_v4b_075c,15.0,15.0,0.6328125,0.17798879424473388,0.01901155852103342,-0.23430995230124965,0.41428219074442996,-0.5441643663596515,0.41917494499075014,-0.17682015990643976,0.004892754246320186,0.36245145220689157
v4b_legacy_025c,15.0,15.0,0.640625,0.20778759524744317,0.01891482934178668,-0.2544016017580339,0.47647965974356904,-0.5334382874102693,0.48143408624629813,-0.14615395520456553,0.004954426502729092,0.3823299057029747
v5c0_corrected_v4b_075c,15.0,15.0,0.640625,0.2199737266688054,0.01891482934178668,-0.2544016017580339,0.47647965974356904,-0.5334382874102693,0.48143408624629813,-0.14615395520456553,0.004954426502729092,0.3823299057029747
v4b_legacy_025c,15.0,15.0,0.6484375,0.24493458071171842,0.018772770821099422,-0.27726712255301794,0.5368154792522757,-0.5189076382524495,0.5418034713333316,-0.11383332861505006,0.004987992081055936,0.40008631755634344
v5c0_corrected_v4b_075c,15.0,15.0,0.6484375,0.2574333015409172,0.018772770821099422,-0.27726712255301794,0.5368154792522757,-0.5189076382524495,0.5418034713333316,-0.11383332861505006,0.004987992081055936,0.40008631755634344
v4b_legacy_025c,15.0,15.0,0.65625,0.291429766912613,0.018585895875174403,-0.2882434033780317,0.5946701216469646,-0.5004728499327623,0.599663578243593,-0.0800429256977518,0.0049934565966283095,0.4154364676383822
v5c0_corrected_v4b_075c,15.0,15.0,0.65625,0.3041444824395185,0.018585895875174403,-0.2882434033780317,0.5946701216469646,-0.5004728499327623,0.599663578243593,-0.0800429256977518,0.0049934565966283095,0.4154364676383822
v4b_legacy_025c,15.0,15.0,0.6640625,0.3303684863086125,0.01835483176389101,-0.3039511225401314,0.6494369075972167,-0.4781283424345522,0.6544080514951943,-0.045018380842508976,0.004971143897977592,0.42813881769406564
v5c0_corrected_v4b_075c,15.0,15.0,0.6640625,0.3431980461769558,0.01835483176389101,-0.3039511225401314,0.6494369075972167,-0.4781283424345522,0.6544080514951943,-0.045018380842508976,0.004971143897977592,0.42813881769406564
v4b_legacy_025c,15.0,15.0,0.671875,0.3684534165206871,0.018080314887411932,-0.31696981922595835,0.7005298325666134,-0.45196729434388033,0.7054515140280654,-0.00904663913904955,0.004921681461451999,0.43799897374337876
v5c0_corrected_v4b_075c,15.0,15.0,0.671875,0.3812942573477827,0.018080314887411932,-0.31696981922595835,0.7005298325666134,-0.45196729434388033,0.7054515140280654,-0.00904663913904955,0.004921681461451999,0.43799897374337876
v4b_legacy_025c,15.0,15.0,0.6796875,0.40604189705545396,0.017763185405449026,-0.32637172304682377,0.7473915877452769,-0.42218293373681753,0.7522375700812343,0.02753596268154236,0.004845982335957344,0.44487291408240254
v5c0_corrected_v4b_075c,15.0,15.0,0.6796875,0.4187902394461194,0.017763185405449026,-0.32637172304682377,0.7473915877452769,-0.42218293373681753,0.7522375700812343,0.02753596268154236,0.004845982335957344,0.44487291408240254
v4b_legacy_025c,15.0,15.0,0.6875,0.4403868461732662,0.017404381749438345,-0.3344228152083004,0.7895014866896001,-0.38906652824735904,0.7942467106451562,0.06434767938380401,0.004745223955556099,0.4486689836756069
v5c0_corrected_v4b_075c,15.0,15.0,0.6875,0.45294087639984504,0.017404381749438345,-0.3344228152083004,0.7895014866896001,-0.38906652824735904,0.7942467106451562,0.06434767938380401,0.004745223955556099,0.4486689836756069
v4b_legacy_025c,15.0,15.0,0.6953125,0.47345682609632456,0.01700493509081734,-0.33862948602535303,0.8263833117064755,-0.3530020789102628,0.8310041358873677,0.10096742407840985,0.004620824180892158,0.4493486788077805
v5c0_corrected_v4b_075c,15.0,15.0,0.6953125,0.48571879539348756,0.01700493509081734,-0.33862948602535303,0.8263833117064755,-0.3530020789102628,0.8310041358873677,0.10096742407840985,0.004620824180892158,0.4493486788077805
v4b_legacy_025c,15.0,15.0,0.703125,0.5023822534150038,0.0165659638216937,-0.34147079251553997,0.8576127368265098,-0.3144581369198736,0.8620871518073868,0.13694254478104295,0.004474414980876973,0.4469262667200396
v5c0_corrected_v4b_075c,15.0,15.0,0.703125,0.5142604327613297,0.0165659638216937,-0.34147079251553997,0.8576127368265098,-0.3144581369198736,0.8620871518073868,0.13694254478104295,0.004474414980876973,0.4469262667200396
v4b_legacy_025c,15.0,15.0,0.7109375,0.5278110491867009,0.01608866809757314,-0.34190248696467973,0.8828241717859108,-0.2739770721807748,0.8871319860045105,0.17179804596121992,0.004307814218599715,0.44146730392339506
v5c0_corrected_v4b_075c,15.0,15.0,0.7109375,0.5392214843340545,0.01608866809757314,-0.34190248696467973,0.8828241717859108,-0.2739770721807748,0.8871319860045105,0.17179804596121992,0.004307814218599715,0.44146730392339506
v4b_legacy_025c,15.0,15.0,0.71875,0.54859323025907,0.015574324485546758,-0.3407715510203977,0.9017168950912765,-0.23216217229503355,0.9058398911463809,0.2050469577830939,0.004122996055104355,0.4330861340230231
v5c0_corrected_v4b_075c,15.0,15.0,0.71875,0.5594612502956399,0.015574324485546758,-0.3407715510203977,0.9017168950912765,-0.23216217229503355,0.9058398911463809,0.2050469577830939,0.004122996055104355,0.4330861340230231
v4b_legacy_025c,15.0,15.0,0.7265625,0.566371125946033,0.015024280755459512,-0.3361569780957682,0.9140602366134687,-0.18966310684570312,0.917982297140515,0.23620141473429757,0.003922060527046356,0.4219424610529543
v5c0_corrected_v4b_075c,15.0,15.0,0.7265625,0.5766325684705886,0.015024280755459512,-0.3361569780957682,0.9140602366134687,-0.18966310684570312,0.917982297140515,0.23620141473429757,0.003922060527046356,0.4219424610529543
v4b_legacy_025c,15.0,15.0,0.734375,0.5782045510798405,0.01443995084609034,-0.3308654644212018,0.9196977104001217,-0.14716021080682973,0.9234049132856371,0.2647840993385054,0.0037072028855154038,0.4082371072598197
v5c0_corrected_v4b_075c,15.0,15.0,0.734375,0.5878066777277378,0.01443995084609034,-0.3308654644212018,0.9196977104001217,-0.14716021080682973,0.9234049132856371,0.2647840993385054,0.0037072028855154038,0.4082371072598197
v4b_legacy_025c,15.0,15.0,0.7421875,0.5874881036383233,0.013822810033246098,-0.32135069158236884,0.918549974183731,-0.10534809667115225,0.9220306574842764,0.2903396613314081,0.0034806833005454063,0.39220707470201494
v5c0_corrected_v4b_075c,15.0,15.0,0.7421875,0.5963901908261697,0.013822810033246098,-0.32135069158236884,0.918549974183731,-0.10534809667115225,0.9220306574842764,0.2903396613314081,0.0034806833005454063,0.39220707470201494
v4b_legacy_025c,15.0,15.0,0.75,0.5918659173636358,0.013174390321864848,-0.30998234359733007,0.9106165196072058,-0.06491910061407086,0.9138613171440414,0.31244573462319786,0.0032447975368355975,0.3741200377004331
v5c0_corrected_v4b_075c,15.0,15.0,0.75,0.6000395183043677,0.013174390321864848,-0.30998234359733007,0.9106165196072058,-0.06491910061407086,0.9138613171440414,0.31244573462319786,0.0032447975368355975,0.3741200377004331
v4b_legacy_025c,15.0,15.0,0.7578125,0.5917546650549531,0.012496276079684466,-0.2963971627125447,0.8959760700711136,-0.026547008372097284,0.8989779192607175,0.3307232387566669,0.003001849189603889,0.3542683979391603
v5c0_corrected_v4b_075c,15.0,15.0,0.7578125,0.5991835499515124,0.012496276079684466,-0.2963971627125447,0.8959760700711136,-0.026547008372097284,0.8989779192607175,0.3307232387566669,0.003001849189603889,0.3542683979391603
v4b_legacy_025c,15.0,15.0,0.765625,0.5889715676654986,0.011790099925697928,-0.27889608660374926,0.8747856260072785,0.009128461751240087,0.8775397500419034,0.34484562163793286,0.0027541240346249385,0.3329630358520678
v5c0_corrected_v4b_075c,15.0,15.0,0.765625,0.5956513591643832,0.011790099925697928,-0.27889608660374926,0.8747856260072785,0.009128461751240087,0.8775397500419034,0.34484562163793286,0.0027541240346249385,0.3329630358520678
v4b_legacy_025c,15.0,15.0,0.7734375,0.5728440811100207,0.011057538882420156,-0.268493298945647,0.8472782512868121,0.04151609945116671,0.8497821182802024,0.35454685743061914,0.0025038669933903357,0.3105268909860621
v5c0_corrected_v4b_075c,15.0,15.0,0.7734375,0.5787816112745265,0.011057538882420156,-0.268493298945647,0.8472782512868121,0.04151609945116671,0.8497821182802024,0.35454685743061914,0.0025038669933903357,0.3105268909860621
v4b_legacy_025c,15.0,15.0,0.78125,0.5589264040252416,0.010300310796862893,-0.24974558514294928,0.8137595993461282,0.07008618248311702,0.8160128614895549,0.3596279452406994,0.002253262143426693,0.2872885006141557
v5c0_corrected_v4b_075c,15.0,15.0,0.78125,0.5641388270133589,0.010300310796862893,-0.24974558514294928,0.8137595993461282,0.07008618248311702,0.8160128614895549,0.3596279452406994,0.002253262143426693,0.2872885006141557
v4b_legacy_025c,15.0,15.0,0.7890625,0.5401983195090917,0.009520171030984431,-0.2301199266926246,0.7746032905410404,0.09438175061290692,0.7766077066571977,0.359961787181328,0.002004416116157315,0.26357562045226374
v5c0_corrected_v4b_075c,15.0,15.0,0.7890625,0.5447120206115524,0.009520171030984431,-0.2301199266926246,0.7746032905410404,0.09438175061290692,0.7766077066571977,0.359961787181328,0.002004416116157315,0.26357562045226374
v4b_legacy_025c,15.0,15.0,0.796875,0.5170713977945762,0.008718909418181566,-0.20962886181269608,0.730245267307324,0.11402797453108794,0.7320046124288634,0.35549636418207003,0.001759345121539413,0.2397090445294427
v5c0_corrected_v4b_075c,15.0,15.0,0.796875,0.5209207443620867,0.008718909418181566,-0.20962886181269608,0.730245267307324,0.11402797453108794,0.7320046124288634,0.35549636418207003,0.001759345121539413,0.2397090445294427
v4b_legacy_025c,15.0,15.0,0.8046875,0.4892171899939187,0.007898347478058476,-0.18909023069633113,0.681177265944538,0.1287394790333711,0.6826972316661656,0.34625617855129703,0.001519965721627603,0.21599673379629833
v5c0_corrected_v4b_075c,15.0,15.0,0.8046875,0.4924431729731951,0.007898347478058476,-0.18909023069633113,0.681177265944538,0.1287394790333711,0.6826972316661656,0.34625617855129703,0.001519965721627603,0.21599673379629833
v4b_legacy_025c,15.0,15.0,0.8125,0.4556977884826245,0.0070603358771836955,-0.16998506970689867,0.6279395459953319,0.13832551740257176,0.6292276353413628,0.3323419624636291,0.001288089346030974,0.1927283557150264
v5c0_corrected_v4b_075c,15.0,15.0,0.8125,0.4583466047530609,0.0070603358771836955,-0.16998506970689867,0.6279395459953319,0.13832551740257176,0.6292276353413628,0.3323419624636291,0.001288089346030974,0.1927283557150264
v4b_legacy_025c,15.0,15.0,0.8203125,0.4197135569085465,0.006206752118785776,-0.14966938678970207,0.5711130801760106,0.14269299662085774,0.5721785005789569,0.3143009358059832,0.0010654204029463266,0.1705425187821791
v5c0_corrected_v4b_075c,15.0,15.0,0.8203125,0.4218374924512872,0.006206752118785776,-0.14966938678970207,0.5711130801760106,0.14269299662085774,0.5721785005789569,0.3143009358059832,0.0010654204029463266,0.1705425187821791
v4b_legacy_025c,15.0,15.0,0.828125,0.3803356728159786,0.0053394984393084505,-0.1296954143169578,0.5113113312062159,0.14184731543139115,0.512164888898702,0.3228174450449818,0.0008535576924861843,0.18011657192110445
v5c0_corrected_v4b_075c,15.0,15.0,0.828125,0.38215096266313114,0.0053394984393084505,-0.1296954143169578,0.5113113312062159,0.14184731543139115,0.512164888898702,0.3228174450449818,0.0008535576924861843,0.18011657192110445
v4b_legacy_025c,15.0,15.0,0.8359375,0.3388372479973068,0.0044604998844361594,-0.1094253173362667,0.4491718624147653,0.13589112421757832,0.44982586109204936,0.3464750064634516,0.0006539986772840511,0.20992988356858922
v5c0_corrected_v4b_075c,15.0,15.0,0.8359375,0.3404276388959882,0.0044604998844361594,-0.1094253173362667,0.4491718624147653,0.13589112421757832,0.44982586109204936,0.3464750064634516,0.0006539986772840511,0.20992988356858922
v4b_legacy_025c,15.0,15.0,0.84375,0.2961691320953039,0.0035717025316270423,-0.08856526858069332,0.38534788203952397,0.1250210073075643,0.38581602805213205,0.3512144370828746,0.00046814601260808386,0.2257252837627022
v5c0_corrected_v4b_075c,15.0,15.0,0.84375,0.2974435016753794,0.0035717025316270423,-0.08856526858069332,0.38534788203952397,0.1250210073075643,0.38581602805213205,0.3512144370828746,0.00046814601260808386,0.2257252837627022
v4b_legacy_025c,15.0,15.0,0.8515625,0.2525469287170937,0.0026750718204054057,-0.067612971808033,0.32049992758628015,0.12577744845222494,0.3207972431755954,0.31665134731601247,0.00029731558931522795,0.1905765832744723
v5c0_corrected_v4b_075c,15.0,15.0,0.8515625,0.2533540503539556,0.0026750718204054057,-0.067612971808033,0.32049992758628015,0.12577744845222494,0.3207972431755954,0.31665134731601247,0.00029731558931522795,0.1905765832744723
v4b_legacy_025c,15.0,15.0,0.859375,0.2065513720724003,0.0017725909457667465,-0.04866723480138126,0.25528783436397445,0.16756619146114385,0.25543057956856924,0.25836383652946837,0.00014274520459478524,0.09065489986372974
v5c0_corrected_v4b_075c,15.0,15.0,0.859375,0.2068548113316829,0.0017725909457667465,-0.04866723480138126,0.25528783436397445,0.16756619146114385,0.25543057956856924,0.25836383652946837,0.00014274520459478524,0.09065489986372974
v4b_legacy_025c,15.0,15.0,0.8671875,0.15784614528839552,0.0008662592641883844,-0.03254035323638469,0.1903631034540759,0.18482975801717114,0.19036870631029693,0.20030524884042664,5.60285622103196e-06,0.015469887967034468
v5c0_corrected_v4b_075c,15.0,15.0,0.8671875,0.15786514907838395,0.0008662592641883844,-0.03254035323638469,0.1903631034540759,0.18482975801717114,0.19036870631029693,0.20030524884042664,5.60285622103196e-06,0.015469887967034468
v4b_legacy_025c,15.0,15.0,0.875,0.10750050089388154,4.1909343865275055e-05,-0.01886279375090407,0.12636179996434588,0.1431636170585456,0.12624879353153448,0.1430506106257342,-0.00011300643281139666,0.0
v5c0_corrected_v4b_075c,15.0,15.0,0.875,0.10738749446107013,4.1909343865275055e-05,-0.01886279375090407,0.12636179996434588,0.1431636170585456,0.12624879353153448,0.1430506106257342,-0.00011300643281139666,0.0
v4b_legacy_025c,15.0,15.0,0.8828125,0.061578889081741,0.0009498882161128162,-0.002343703620769577,0.06389807804451532,0.08736231432596116,0.06368604164750925,0.0871502779289551,-0.0002120363970060657,1.3877787807814457e-17
v5c0_corrected_v4b_075c,15.0,15.0,0.8828125,0.061366852684734935,0.0009498882161128162,-0.002343703620769577,0.06389807804451532,0.08736231432596116,0.06368604164750925,0.0871502779289551,-0.0002120363970060657,1.3877787807814457e-17
v4b_legacy_025c,15.0,15.0,0.890625,0.012762011074256853,0.0018556398206205319,0.009165207066697219,0.0035583973904248236,0.033420841446769156,0.003267898350013968,0.0331303424063583,-0.0002904990404108557,8.673617379884035e-19
v5c0_corrected_v4b_075c,15.0,15.0,0.890625,0.012471512033845994,0.0018556398206205319,0.009165207066697219,0.0035583973904248236,0.033420841446769156,0.003267898350013968,0.0331303424063583,-0.0002904990404108557,8.673617379884035e-19
v4b_legacy_025c,15.0,15.0,0.8984375,-0.049705286527894035,0.0027571179060832075,0.004311020422847284,-0.0541035091675939,-0.018164455478494067,-0.054450978074041874,-0.01851192438494205,-0.0003474689064479758,-6.938893903907228e-18
v5c0_corrected_v4b_075c,15.0,15.0,0.8984375,-0.05005275543434201,0.0027571179060832075,0.004311020422847284,-0.0541035091675939,-0.018164455478494067,-0.054450978074041874,-0.01851192438494205,-0.0003474689064479758,-6.938893903907228e-18
v4b_legacy_025c,15.0,15.0,0.90625,-0.13543181440379262,0.003652269959298965,-0.027112024230113822,-0.1085708949223096,-0.06692985559767835,-0.10895298786842332,-0.06731194854379206,-0.0003820929461137157,0.0
v5c0_corrected_v4b_075c,15.0,15.0,0.90625,-0.13581390734990637,0.003652269959298965,-0.027112024230113822,-0.1085708949223096,-0.06692985559767835,-0.10895298786842332,-0.06731194854379206,-0.0003820929461137157,0.0
v4b_legacy_025c,15.0,15.0,0.9140625,-0.1875403283467741,0.004539040037492005,-0.028515230372478745,-0.159367501695244,-0.11244745982504448,-0.1597611082255394,-0.11284106635533987,-0.0003936065302954095,1.3877787807814457e-17
v5c0_corrected_v4b_075c,15.0,15.0,0.9140625,-0.1879339348770695,0.004539040037492005,-0.028515230372478745,-0.159367501695244,-0.11244745982504448,-0.1597611082255394,-0.11284106635533987,-0.0003936065302954095,1.3877787807814457e-17
v4b_legacy_025c,15.0,15.0,0.921875,-0.21360518891665253,0.005415372038798913,-0.00786758743295405,-0.20606035865176237,-0.15432776243132434,-0.2064417143974169,-0.15470911817697888,-0.000381355745654538,0.0
v5c0_corrected_v4b_075c,15.0,15.0,0.921875,-0.2139865446623071,0.005415372038798913,-0.00786758743295405,-0.20606035865176237,-0.15432776243132434,-0.2064417143974169,-0.15470911817697888,-0.000381355745654538,0.0
v4b_legacy_025c,15.0,15.0,0.9296875,-0.2513883873533531,0.006279213466504521,-0.003500277337561218,-0.24826197795230442,-0.1922216872701827,-0.2486068035565162,-0.19256651287439452,-0.00034482560421178476,-2.7755575615628914e-17
v5c0_corrected_v4b_075c,15.0,15.0,0.9296875,-0.2517332129575649,0.006279213466504521,-0.003500277337561218,-0.24826197795230442,-0.1922216872701827,-0.2486068035565162,-0.19256651287439452,-0.00034482560421178476,-2.7755575615628914e-17
v4b_legacy_025c,15.0,15.0,0.9375,-0.2760728084406281,0.0071285074340169206,0.009198279346847622,-0.28563187271405693,-0.22582202707220267,-0.2859155459243444,-0.22610570028249016,-0.0002836732102874939,0.0
v5c0_corrected_v4b_075c,15.0,15.0,0.9375,-0.2763564816509156,0.0071285074340169206,0.009198279346847622,-0.28563187271405693,-0.22582202707220267,-0.2859155459243444,-0.22610570028249016,-0.0002836732102874939,0.0
v4b_legacy_025c,15.0,15.0,0.9453125,-0.2883573536340033,0.00796118248044115,0.029250153363589874,-0.31787629920803945,-0.2548632957770552,-0.3180740635186768,-0.2550610600876925,-0.00019776431063733835,0.0
v5c0_corrected_v4b_075c,15.0,15.0,0.9453125,-0.2885551179446406,0.00796118248044115,0.029250153363589874,-0.31787629920803945,-0.2548632957770552,-0.3180740635186768,-0.2550610600876925,-0.00019776431063733835,0.0
v4b_legacy_025c,15.0,15.0,0.953125,-0.31928159982233356,0.00877516964658152,0.025111360128263517,-0.3447484874724667,-0.279121953713563,-0.3448356985421882,-0.2792091647832845,-8.721106972148229e-05,0.0
v5c0_corrected_v4b_075c,15.0,15.0,0.953125,-0.3193688108920551,0.00877516964658152,0.025111360128263517,-0.3447484874724667,-0.279121953713563,-0.3448356985421882,-0.2792091647832845,-8.721106972148229e-05,0.0
v4b_legacy_025c,15.0,15.0,0.9609375,-0.33549392344549706,0.009568410822822157,0.03019768711058294,-0.3660498004493034,-0.29841748601595847,-0.3660022088903093,-0.2983698944569644,4.7591558994086736e-05,0.0
v5c0_corrected_v4b_075c,15.0,15.0,0.9609375,-0.33544633188650297,0.009568410822822157,0.03019768711058294,-0.3660498004493034,-0.29841748601595847,-0.3660022088903093,-0.2983698944569644,4.7591558994086736e-05,0.0
v4b_legacy_025c,15.0,15.0,0.96875,-0.3223859815085108,0.010338866779915922,0.059141653701003195,-0.38162973773311254,-0.31261248298491445,-0.3814238039619735,-0.3124065492137755,0.000205933771139033,-5.551115123125783e-17
v5c0_corrected_v4b_075c,15.0,15.0,0.96875,-0.32218004773737174,0.010338866779915922,0.059141653701003195,-0.38162973773311254,-0.31261248298491445,-0.3814238039619735,-0.3124065492137755,0.000205933771139033,-5.551115123125783e-17
v4b_legacy_025c,15.0,15.0,0.9765625,-0.35285704596205586,0.011084525898311387,0.03817818081958386,-0.39138544243439327,-0.3216122564728316,-0.39099867635772195,-0.3212254903961603,0.0003867660766713188,0.0
v5c0_corrected_v4b_075c,15.0,15.0,0.9765625,-0.3524702798853846,0.011084525898311387,0.03817818081958386,-0.39138544243439327,-0.3216122564728316,-0.39099867635772195,-0.3212254903961603,0.0003867660766713188,0.0
v4b_legacy_025c,15.0,15.0,0.984375,-0.3393330591495982,0.011803413491192315,0.055761017418271316,-0.39526092635692345,-0.32536418547370405,-0.39467224203877477,-0.32477550115555537,0.00058868431814868,0.0
v5c0_corrected_v4b_075c,15.0,15.0,0.984375,-0.33874437483144954,0.011803413491192315,0.055761017418271316,-0.39526092635692345,-0.32536418547370405,-0.39467224203877477,-0.32477550115555537,0.00058868431814868,0.0
v4b_legacy_025c,15.0,15.0,0.9921875,-0.34579996597811496,0.012493601586457884,0.04716850837166034,-0.3932460911271365,-0.32385686637997013,-0.39243616455203373,-0.3230469398048674,0.0008099265751027596,0.0
v5c0_corrected_v4b_075c,15.0,15.0,0.9921875,-0.34499003940301215,0.012493601586457884,0.04716850837166034,-0.3932460911271365,-0.32385686637997013,-0.39243616455203373,-0.3230469398048674,0.0008099265751027596,0.0
v4b_legacy_025c,15.0,30.0,0.0,-0.2843385249392175,0.013199905448239643,0.01456226889199641,-0.29905529259506225,-0.27278848805664196,-0.2971613474642833,-0.2406264924449893,0.0018939451307789512,0.03026805048087372
v5c0_corrected_v4b_075c,15.0,30.0,0.0,-0.2820450444039884,0.013199905448239643,0.01456226889199641,-0.29905529259506225,-0.27278848805664196,-0.2971613474642833,-0.2406264924449893,0.0018939451307789512,0.03026805048087372
v4b_legacy_025c,15.0,30.0,0.0078125,-0.256511371758273,0.01382320249042536,0.024405532542143175,-0.2799302548748608,-0.3269010496518554,-0.27779386707781006,-0.22366767103223603,0.0021363877970507206,0.10109699082256865
v5c0_corrected_v4b_075c,15.0,30.0,0.0078125,-0.25297749978590917,0.01382320249042536,0.024405532542143175,-0.2799302548748608,-0.3269010496518554,-0.27779386707781006,-0.22366767103223603,0.0021363877970507206,0.10109699082256865
v4b_legacy_025c,15.0,30.0,0.015625,-0.2321330475724506,0.014411992346097472,0.025821578445156514,-0.25599180170183355,-0.3663640449460877,-0.2536115712245389,-0.20747409254329435,0.0023802304772946314,0.15650972192549872
v5c0_corrected_v4b_075c,15.0,30.0,0.015625,-0.22749720018067582,0.014411992346097472,0.025821578445156514,-0.25599180170183355,-0.3663640449460877,-0.2536115712245389,-0.20747409254329435,0.0023802304772946314,0.15650972192549872
v4b_legacy_025c,15.0,30.0,0.0234375,-0.20034980936330204,0.01496462113196081,0.02970524548224264,-0.2274316897744723,-0.3730309206260463,-0.2248091625878961,-0.2158762760094354,0.0026225271865762123,0.1545321174300347
v5c0_corrected_v4b_075c,15.0,30.0,0.0234375,-0.19541476758666565,0.01496462113196081,0.02970524548224264,-0.2274316897744723,-0.3730309206260463,-0.2248091625878961,-0.2158762760094354,0.0026225271865762123,0.1545321174300347
v4b_legacy_025c,15.0,30.0,0.03125,-0.15498157624748302,0.015479534417440047,0.043021428160686256,-0.19448401095454976,-0.37879457862281146,-0.1916237241539288,-0.24046538129978454,0.002860286800620948,0.13546891052240598
v5c0_corrected_v4b_075c,15.0,30.0,0.03125,-0.1500242937839374,0.015479534417440047,0.043021428160686256,-0.19448401095454976,-0.37879457862281146,-0.1916237241539288,-0.24046538129978454,0.002860286800620948,0.13546891052240598
v4b_legacy_025c,15.0,30.0,0.0390625,-0.10928633062742393,0.01595528654754165,0.05258550533840949,-0.15742167519180467,-0.38375067012067104,-0.15433113997636938,-0.25921052958381413,0.003090535215435286,0.12144960532142163
v5c0_corrected_v4b_075c,15.0,30.0,0.0390625,-0.10425803215799953,0.01595528654754165,0.05258550533840949,-0.15742167519180467,-0.38375067012067104,-0.15433113997636938,-0.25921052958381413,0.003090535215435286,0.12144960532142163
v4b_legacy_025c,15.0,30.0,0.046875,-0.06585291663659525,0.01639054907277711,0.056069276280476726,-0.11655503596671092,-0.3879401315031805,-0.11324465956666661,-0.25006593566541957,0.003310376400044307,0.13456381943771664
v5c0_corrected_v4b_075c,15.0,30.0,0.046875,-0.060336965350636734,0.01639054907277711,0.056069276280476726,-0.11655503596671092,-0.3879401315031805,-0.11324465956666661,-0.25006593566541957,0.003310376400044307,0.13456381943771664
v4b_legacy_025c,15.0,30.0,0.0546875,-0.023863474359027595,0.01678411814018219,0.054640268349221865,-0.07223060017006362,-0.3913450019078901,-0.06871355021811075,-0.2341556915037563,0.003517049951952872,0.15367226045218094
v5c0_corrected_v4b_075c,15.0,30.0,0.0546875,-0.017767171032776467,0.01678411814018219,0.054640268349221865,-0.07223060017006362,-0.3913450019078901,-0.06871355021811075,-0.2341556915037563,0.003517049951952872,0.15367226045218094
v4b_legacy_025c,15.0,30.0,0.0625,0.011701553329474701,0.017134920735115536,0.043601997499811224,-0.024829529239324234,-0.3938886137672504,-0.02112154598769063,-0.21655454909852445,0.0037079832516336043,0.17362608141709232
v5c0_corrected_v4b_075c,15.0,30.0,0.0625,0.018384605723738897,0.017134920735115536,0.043601997499811224,-0.024829529239324234,-0.3938886137672504,-0.02112154598769063,-0.21655454909852445,0.0037079832516336043,0.17362608141709232
v4b_legacy_025c,15.0,30.0,0.0703125,0.03828476677459834,0.017442019701311453,0.020749861419556835,0.025234230879341096,-0.39543987442903145,0.029115067736106795,-0.19738977294121313,0.0038808368567656987,0.1941692646310526
v5c0_corrected_v4b_075c,15.0,30.0,0.0703125,0.04555230777044801,0.017442019701311453,0.020749861419556835,0.025234230879341096,-0.39543987442903145,0.029115067736106795,-0.19738977294121313,0.0038808368567656987,0.1941692646310526
v4b_legacy_025c,15.0,30.0,0.078125,0.0602856369802024,0.017704617504261694,-0.00900978035931507,0.07751616076008035,-0.3958212685068744,0.08154970306997729,-0.1767742018055958,0.0040335423098969425,0.21501352439138163
v5c0_corrected_v4b_075c,15.0,30.0,0.078125,0.06812591149769201,0.017704617504261694,-0.00900978035931507,0.07751616076008035,-0.3958212685068744,0.08154970306997729,-0.1767742018055958,0.0040335423098969425,0.21501352439138163
v4b_legacy_025c,15.0,30.0,0.0859375,0.08452081242904251,0.017922058738385014,-0.03827552219521535,0.13154387988182353,-0.3948198349288082,0.1357082118851523,-0.15480881274785982,0.0041643320033287745,0.23584669017761958
v5c0_corrected_v4b_075c,15.0,30.0,0.0859375,0.09291200266698828,0.017922058738385014,-0.03827552219521535,0.13154387988182353,-0.3948198349288082,0.1357082118851523,-0.15480881274785982,0.0041643320033287745,0.23584669017761958
v4b_legacy_025c,15.0,30.0,0.09375,0.10237071405137814,0.01809383141003129,-0.07533601979288922,0.18682032000019527,-0.3922004058895638,0.1910920811226328,-0.13158677785111506,0.004271761122437517,0.25634186691601124
v5c0_corrected_v4b_075c,15.0,30.0,0.09375,0.11128068169712664,0.01809383141003129,-0.07533601979288922,0.18682032000019527,-0.3922004058895638,0.1910920811226328,-0.13158677785111506,0.004271761122437517,0.25634186691601124
v4b_legacy_025c,15.0,30.0,0.1015625,0.12870637589710585,0.018219567055095892,-0.10453741831838465,0.24282747314815603,-0.38772019029210986,0.2471821951119684,-0.10719857115140252,0.004354721963812369,0.27616689717689497
v5c0_corrected_v4b_075c,15.0,30.0,0.1015625,0.13809273916243042,0.018219567055095892,-0.10453741831838465,0.24282747314815603,-0.38772019029210986,0.2471821951119684,-0.10719857115140252,0.004354721963812369,0.27616689717689497
v4b_legacy_025c,15.0,30.0,0.109375,0.15959487792018906,0.01829903977133527,-0.12935634316192962,0.2990306657352177,-0.3811439049977605,0.3034431168390405,-0.08173774996300018,0.004412451103822823,0.2949937039309375
v5c0_corrected_v4b_075c,15.0,30.0,0.109375,0.1694054305445376,0.01829903977133527,-0.12935634316192962,0.2990306657352177,-0.3811439049977605,0.3034431168390405,-0.08173774996300018,0.004412451103822823,0.2949937039309375
v4b_legacy_025c,15.0,30.0,0.1171875,0.19550975332155845,0.01833216426127645,-0.1487708319224141,0.3548833805586107,-0.3722586225754159,0.3593279105516603,-0.055306932224197004,0.004444529993049617,0.3125071603581693
v5c0_corrected_v4b_075c,15.0,30.0,0.1171875,0.20568321591111907,0.01833216426127645,-0.1487708319224141,0.3548833805586107,-0.3722586225754159,0.3593279105516603,-0.055306932224197004,0.004444529993049617,0.3125071603581693
v4b_legacy_025c,15.0,30.0,0.125,0.23481872418232896,0.018318992992165342,-0.16389754118272643,0.4098326457807853,-0.36088757503745295,0.4142835253742058,-0.028023489686781707,0.004450879593420498,0.32841320575725075
v5c0_corrected_v4b_075c,15.0,30.0,0.125,0.2452858029905511,0.018318992992165342,-0.16389754118272643,0.4098326457807853,-0.36088757503745295,0.4142835253742058,-0.028023489686781707,0.004450879593420498,0.32841320575725075
v4b_legacy_025c,15.0,30.0,0.1328125,0.27322107365630566,0.01825971258522362,-0.17856988882731437,0.4633248439558315,-0.34690238440403875,0.46775659363484406,-2.4637555248741172e-05,0.004431749679012553,0.34244599716977747
v5c0_corrected_v4b_075c,15.0,30.0,0.1328125,0.2839057888195987,0.01825971258522362,-0.17856988882731437,0.4633248439558315,-0.34690238440403875,0.46775659363484406,-2.4637555248741172e-05,0.004431749679012553,0.34244599716977747
v4b_legacy_025c,15.0,30.0,0.140625,0.3124215551974927,0.018154639548262082,-0.1905075234193159,0.5148119725979464,-0.3302331388328775,0.5191996760043566,0.02852851543056619,0.004387703406410148,0.35437395085703355
v5c0_corrected_v4b_075c,15.0,30.0,0.140625,0.3232427899470059,0.018154639548262082,-0.1905075234193159,0.5148119725979464,-0.3302331388328775,0.5191996760043566,0.02852851543056619,0.004387703406410148,0.35437395085703355
v4b_legacy_025c,15.0,30.0,0.1484375,0.3502870606221401,0.018004215464176784,-0.20134917587924023,0.5637582054276968,-0.31087601030433637,0.5680778031676064,0.05744817174757907,0.004319597739909531,0.3640045843120059
v5c0_corrected_v4b_075c,15.0,30.0,0.1484375,0.3611602753279511,0.018004215464176784,-0.20134917587924023,0.5637582054276968,-0.31087601030433637,0.5680778031676064,0.05744817174757907,0.004319597739909531,0.3640045843120059
v4b_legacy_025c,15.0,30.0,0.15625,0.3860686377442161,0.017809001743777673,-0.2113395466004105,0.6096466243727411,-0.2888982021300373,0.6138751846723162,0.08651847579353646,0.004228560299575079,0.37118811762399867
v5c0_corrected_v4b_075c,15.0,30.0,0.15625,0.39690768787782654,0.017809001743777673,-0.2113395466004105,0.6096466243727411,-0.2888982021300373,0.6138751846723162,0.08651847579353646,0.004228560299575079,0.37118811762399867
v4b_legacy_025c,15.0,30.0,0.1640625,0.419835854090408,0.01756967404545923,-0.21991268176004483,0.651986050106342,-0.26444008000944025,0.6561020132969534,0.11549571638915636,0.00411596319061136,0.37581983320798523
v5c0_corrected_v4b_075c,15.0,30.0,0.1640625,0.4305548492503026,0.01756967404545923,-0.21991268176004483,0.651986050106342,-0.26444008000944025,0.6561020132969534,0.11549571638915636,0.00411596319061136,0.37581983320798523
v4b_legacy_025c,15.0,30.0,0.171875,0.45098971013221617,0.01728701645702647,-0.22721298260845876,0.6903177683570859,-0.23771456306888886,0.6943011627287559,0.14411005736468613,0.003983394371669946,0.37784122606190507
v5c0_corrected_v4b_075c,15.0,30.0,0.171875,0.4615048519969613,0.01728701645702647,-0.22721298260845876,0.6903177683570859,-0.23771456306888886,0.6943011627287559,0.14411005736468613,0.003983394371669946,0.37784122606190507
v4b_legacy_025c,15.0,30.0,0.1796875,0.4799189266419882,0.016961915527045287,-0.2324160312122623,0.7242220357912575,-0.20900387258690956,0.7280546629172797,0.17206875834840632,0.00383262712602217,0.3772400038092937
v5c0_corrected_v4b_075c,15.0,30.0,0.1796875,0.49015026684604585,0.016961915527045287,-0.2324160312122623,0.7242220357912575,-0.20900387258690956,0.7280546629172797,0.17206875834840632,0.00383262712602217,0.3772400038092937
v4b_legacy_025c,15.0,30.0,0.1875,0.5053177541834133,0.01659535422480009,-0.2364641255396795,0.7533241799991528,-0.17865388996788673,0.7569897682090626,0.1990607159476599,0.003665588209909809,0.3740490177056368
v5c0_corrected_v4b_075c,15.0,30.0,0.1875,0.5151908183395867,0.01659535422480009,-0.2364641255396795,0.7533241799991528,-0.17865388996788673,0.7569897682090626,0.1990607159476599,0.003665588209909809,0.3740490177056368
v4b_legacy_025c,15.0,30.0,0.1953125,0.5273138729702005,0.016188405899622536,-0.23888952427491428,0.7773001778301578,-0.14706638809107203,0.7807845030932435,0.2247621603974185,0.00348432526308573,0.36834422322540483
v5c0_corrected_v4b_075c,15.0,30.0,0.1953125,0.5367611040296403,0.016188405899622536,-0.23888952427491428,0.7773001778301578,-0.14706638809107203,0.7807845030932435,0.2247621603974185,0.00348432526308573,0.36834422322540483
v4b_legacy_025c,15.0,30.0,0.203125,0.5464193493706032,0.01574222830222538,-0.23888844445432558,0.7958815749531565,-0.11468948807512484,0.799172549026922,0.24884326829141215,0.0032909740737655513,0.36024178229277143
v5c0_corrected_v4b_075c,15.0,30.0,0.203125,0.5553813318252221,0.01574222830222538,-0.23888844445432558,0.7958815749531565,-0.11468948807512484,0.799172549026922,0.24884326829141215,0.0032909740737655513,0.36024178229277143
v4b_legacy_025c,15.0,30.0,0.2109375,0.5587452803515784,0.015258057722883134,-0.24018614664511537,0.8088595430438779,-0.08200680336836892,0.8119472693343225,0.2709753519175535,0.0030877262904446257,0.3498944289954778
v5c0_corrected_v4b_075c,15.0,30.0,0.2109375,0.5671717160365514,0.015258057722883134,-0.24018614664511537,0.8088595430438779,-0.08200680336836892,0.8119472693343225,0.2709753519175535,0.0030877262904446257,0.3498944289954778
v4b_legacy_025c,15.0,30.0,0.21875,0.570333550681088,0.01473720329393338,-0.2364829372905667,0.8160881154528626,-0.04952555283769794,0.8189649136163976,0.29083847226596743,0.0028767981635349216,0.33748722694013045
v5c0_corrected_v4b_075c,15.0,30.0,0.21875,0.5781839667171456,0.01473720329393338,-0.2364829372905667,0.8160881154528626,-0.04952555283769794,0.8189649136163976,0.29083847226596743,0.0028767981635349216,0.33748722694013045
v4b_legacy_025c,15.0,30.0,0.2265625,0.5775477887445263,0.014181041497168206,-0.23137501619534903,0.8174863892174886,-0.017764180076226672,0.8201467900959876,0.3081290702342328,0.0026604008784989475,0.3232328494319605
v5c0_corrected_v4b_075c,15.0,30.0,0.2265625,0.5847919680740676,0.014181041497168206,-0.23137501619534903,0.8174863892174886,-0.017764180076226672,0.8201467900959876,0.3081290702342328,0.0026604008784989475,0.3232328494319605
v4b_legacy_025c,15.0,30.0,0.234375,0.5802295903152725,0.013591010910245387,-0.22499135080790664,0.8130396889968512,0.01276016240078678,0.8154804020047558,0.32256738896911025,0.0024407130079046047,0.3073665135604189
v5c0_corrected_v4b_075c,15.0,30.0,0.234375,0.5868477249624209,0.013591010910245387,-0.22499135080790664,0.8130396889968512,0.01276016240078678,0.8154804020047558,0.32256738896911025,0.0024407130079046047,0.3073665135604189
v4b_legacy_025c,15.0,30.0,0.2421875,0.5819740443788717,0.012968607220246963,-0.21372496992883958,0.8027997264906209,0.04154393368175277,0.8050195820527958,0.33390448550428325,0.002219855562174855,0.29014069626035566
v5c0_corrected_v4b_075c,15.0,30.0,0.2421875,0.587956620669456,0.012968607220246963,-0.21372496992883958,0.8027997264906209,0.04154393368175277,0.8050195820527958,0.33390448550428325,0.002219855562174855,0.29014069626035566
v4b_legacy_025c,15.0,30.0,0.25,0.573332015574696,0.012315378526902057,-0.20725202684562258,0.7868836385018975,0.06810887869131524,0.7888835085598751,0.34192850353827803,0.0019998700579776374,0.2718197547889851
v5c0_corrected_v4b_075c,15.0,30.0,0.25,0.5786794488039897,0.012315378526902057,-0.20725202684562258,0.7868836385018975,0.06810887869131524,0.7888835085598751,0.34192850353827803,0.0019998700579776374,0.2718197547889851
v4b_legacy_025c,15.0,30.0,0.2578125,0.5667013780311236,0.011632920952709121,-0.1931836866764178,0.7654720717182901,0.0920128778445595,0.7672547716683092,0.346470143987602,0.0017826999500191176,0.2526745661930234
v5c0_corrected_v4b_075c,15.0,30.0,0.2578125,0.5714234212364263,0.011632920952709121,-0.1931836866764178,0.7654720717182901,0.0920128778445595,0.7672547716683092,0.346470143987602,0.0017826999500191176,0.2526745661930234
v4b_legacy_025c,15.0,30.0,0.265625,0.5504737387221564,0.010922874572170293,-0.18349971772972554,0.7388062486378676,0.11285961329007202,0.7403764243255049,0.3474070796897163,0.0015701756876372874,0.23297729071200698
v5c0_corrected_v4b_075c,15.0,30.0,0.265625,0.5545886961344051,0.010922874572170293,-0.18349971772972554,0.7388062486378676,0.11285961329007202,0.7403764243255049,0.3474070796897163,0.0015701756876372874,0.23297729071200698
v4b_legacy_025c,15.0,30.0,0.2734375,0.5305715166806851,0.010186919667509356,-0.1724932817412756,0.7071842254314799,0.1303069744460198,0.708548228995101,0.3446673312365099,0.0013640035636210968,0.212996353226869
v5c0_corrected_v4b_075c,15.0,30.0,0.2734375,0.5341052969841008,0.010186919667509356,-0.1724932817412756,0.7071842254314799,0.1303069744460198,0.708548228995101,0.3446673312365099,0.0013640035636210968,0.212996353226869
v4b_legacy_025c,15.0,30.0,0.28125,0.5082602901591156,0.00942677331350568,-0.15923023744565876,0.6709563008797623,0.14407393478657696,0.6721220593004501,0.3382314186407163,0.0011657584206877791,0.19299172543345158
v5c0_corrected_v4b_075c,15.0,30.0,0.28125,0.5112453378268468,0.00942677331350568,-0.15923023744565876,0.6709563008797623,0.14407393478657696,0.6721220593004501,0.3382314186407163,0.0011657584206877791,0.19299172543345158
v4b_legacy_025c,15.0,30.0,0.2890625,0.4858042456822695,0.008644186289358768,-0.14182193717895514,0.630519841129119,0.15394594800764905,0.6314967213020221,0.3281334082299273,0.000976880172903094,0.17321058004937517
v5c0_corrected_v4b_075c,15.0,30.0,0.2890625,0.4882783903764073,0.008644186289358768,-0.14182193717895514,0.630519841129119,0.15394594800764905,0.6314967213020221,0.3281334082299273,0.000976880172903094,0.17321058004937517
v4b_legacy_025c,15.0,30.0,0.296875,0.46075507629440315,0.007840940310722867,-0.12317984064708022,0.5863135051353792,0.15977869689047894,0.5871121791221127,0.314460748577014,0.0007986739867335002,0.15388337769980157
v5c0_corrected_v4b_075c,15.0,30.0,0.296875,0.4627603406604932,0.007840940310722867,-0.12317984064708022,0.5863135051353792,0.15977869689047894,0.5871121791221127,0.314460748577014,0.0007986739867335002,0.15388337769980157
v4b_legacy_025c,15.0,30.0,0.3046875,0.43227596970388454,0.007018845570144766,-0.10462120773716874,0.5388111437165295,0.16150032394153027,0.5394434575677913,0.31338764902480526,0.0006323138512618343,0.15125501123201315
v5c0_corrected_v4b_075c,15.0,30.0,0.3046875,0.4339699191206944,0.007018845570144766,-0.10462120773716874,0.5388111437165295,0.16150032394153027,0.5394434575677913,0.31338764902480526,0.0006323138512618343,0.15125501123201315
v4b_legacy_025c,15.0,30.0,0.3125,0.3998670495486884,0.006179738569033802,-0.08715126324873207,0.48851536711575716,0.15911205685675853,0.48899421626699063,0.33153402125874265,0.0004788491512334736,0.17194311525075065
v5c0_corrected_v4b_075c,15.0,30.0,0.3125,0.40140846220091675,0.006179738569033802,-0.08715126324873207,0.48851536711575716,0.15911205685675853,0.48899421626699063,0.33153402125874265,0.0004788491512334736,0.17194311525075065
v4b_legacy_025c,15.0,30.0,0.3203125,0.36543743638524145,0.005325480218936632,-0.06937452807060768,0.4359510266617508,0.15268739205549767,0.4362902404038661,0.3485683490694413,0.0003392137421153185,0.1955417432718283
v5c0_corrected_v4b_075c,15.0,30.0,0.3203125,0.3668180038131273,0.005325480218936632,-0.06937452807060768,0.4359510266617508,0.15268739205549767,0.4362902404038661,0.3485683490694413,0.0003392137421153185,0.1955417432718283
v4b_legacy_025c,15.0,30.0,0.328125,0.33022547334597746,0.004457954184243003,-0.05060543889550775,0.3816586777674484,0.14537041402619114,0.3818729146831823,0.34841301044939227,0.0002142369157339119,0.20282835950746722
v5c0_corrected_v4b_075c,15.0,30.0,0.328125,0.33134390979566086,0.004457954184243003,-0.05060543889550775,0.3816586777674484,0.14537041402619114,0.3818729146831823,0.34841301044939227,0.0002142369157339119,0.20282835950746722
v4b_legacy_025c,15.0,30.0,0.3359375,0.2940494273399889,0.003579065432498139,-0.03171296516766902,0.3261881241217418,0.17552466136935818,0.32629277966308373,0.32048829342446744,0.00010465554134192478,0.14485897651376733
v5c0_corrected_v4b_075c,15.0,30.0,0.3359375,0.2946725426367583,0.003579065432498139,-0.03171296516766902,0.3261881241217418,0.17552466136935818,0.32629277966308373,0.32048829342446744,0.00010465554134192478,0.14485897651376733
v4b_legacy_025c,15.0,30.0,0.34375,0.25880784396440076,0.0026907389522599786,-0.011157081914877368,0.27009220694178443,0.21163173931592474,0.2701033335159665,0.27095474377448076,1.1126574182063198e-05,0.05931187788437395
v5c0_corrected_v4b_075c,15.0,30.0,0.34375,0.258978563318738,0.0026907389522599786,-0.011157081914877368,0.27009220694178443,0.21163173931592474,0.2701033335159665,0.27095474377448076,1.1126574182063198e-05,0.05931187788437395
v4b_legacy_025c,15.0,30.0,0.3515625,0.21560384320071097,0.0017949185919731924,0.0016858382072331424,0.21392085503233127,0.2140188558489595,0.2138550940793698,0.22075022480117476,-6.576095296145779e-05,0.006797129905176724
v5c0_corrected_v4b_075c,15.0,30.0,0.3515625,0.21555028254258837,0.0017949185919731924,0.0016858382072331424,0.21392085503233127,0.2140188558489595,0.2138550940793698,0.22075022480117476,-6.576095296145779e-05,0.006797129905176724
v4b_legacy_025c,15.0,30.0,0.359375,0.18177719705554438,0.0008935659667465633,0.02357126834805793,0.15821551598742853,0.17105754855564903,0.15809004059411857,0.17093207316233908,-0.00012547539330995394,0.0
v5c0_corrected_v4b_075c,15.0,30.0,0.359375,0.18165172166223442,0.0008935659667465633,0.02357126834805793,0.15821551598742853,0.17105754855564903,0.15809004059411857,0.17093207316233908,-0.00012547539330995394,0.0
v4b_legacy_025c,15.0,30.0,0.3671875,0.1360940439837809,1.1340626612039474e-05,0.03259019465853577,0.10350400756426228,0.12214091528538737,0.10333647319946586,0.12197338092059096,-0.00016753436479642614,1.3877787807814457e-17
v5c0_corrected_v4b_075c,15.0,30.0,0.3671875,0.13592650961898445,1.1340626612039474e-05,0.03259019465853577,0.10350400756426228,0.12214091528538737,0.10333647319946586,0.12197338092059096,-0.00016753436479642614,1.3877787807814457e-17
v4b_legacy_025c,15.0,30.0,0.375,0.08974429941145771,0.000917807352182504,0.03946245461721689,0.050295827958249106,0.07452288053271595,0.05010432797410066,0.07433138054856751,-0.000191499984148448,6.938893903907228e-18
v5c0_corrected_v4b_075c,15.0,30.0,0.375,0.08955279942730926,0.000917807352182504,0.03946245461721689,0.050295827958249106,0.07452288053271595,0.05010432797410066,0.07433138054856751,-0.000191499984148448,6.938893903907228e-18
v4b_legacy_025c,15.0,30.0,0.3828125,0.03393066813843403,0.0018238261066282726,0.03486237445341001,-0.0009220405444812271,0.02864061237318249,-0.0011190188678207697,0.028443634049842948,-0.00019697832333954264,-4.336808689942018e-19
v5c0_corrected_v4b_075c,15.0,30.0,0.3828125,0.03373368981509448,0.0018238261066282726,0.03486237445341001,-0.0009220405444812271,0.02864061237318249,-0.0011190188678207697,0.028443634049842948,-0.00019697832333954264,-4.336808689942018e-19
v4b_legacy_025c,15.0,30.0,0.390625,-0.014207453601063366,0.0027273759960566857,0.035483797931481674,-0.04968883320266686,-0.015091722651905299,-0.04987245701973011,-0.015275346468968552,-0.0001836238170632512,-1.734723475976807e-18
v5c0_corrected_v4b_075c,15.0,30.0,0.390625,-0.014391077418126617,0.0027273759960566857,0.035483797931481674,-0.04968883320266686,-0.015091722651905299,-0.04987245701973011,-0.015275346468968552,-0.0001836238170632512,-1.734723475976807e-18
v4b_legacy_025c,15.0,30.0,0.3984375,-0.06400871103150166,0.003626425097132669,0.031536392336097986,-0.09557321150465475,-0.05628589744750874,-0.09572436064069578,-0.05643704658354977,-0.00015114913604102886,0.0
v5c0_corrected_v4b_075c,15.0,30.0,0.3984375,-0.06415986016754269,0.003626425097132669,0.031536392336097986,-0.09557321150465475,-0.05628589744750874,-0.09572436064069578,-0.05643704658354977,-0.00015114913604102886,0.0
v4b_legacy_025c,15.0,30.0,0.40625,-0.14333084587802947,0.004518932582467325,-0.005376147501377729,-0.13817599052671406,-0.09458213327057241,-0.1382753312718741,-0.09468147401573246,-9.93407451600481e-05,0.0
v5c0_corrected_v4b_075c,15.0,30.0,0.40625,-0.14343018662318954,0.004518932582467325,-0.005376147501377729,-0.13817599052671406,-0.09458213327057241,-0.1382753312718741,-0.09468147401573246,-9.93407451600481e-05,0.0
v4b_legacy_025c,15.0,30.0,0.4140625,-0.18184743054353927,0.005402851288528457,-0.004998552620144356,-0.17713241828202525,-0.12965120725729887,-0.17716049827014715,-0.12967928724542074,-2.8079988121904043e-05,2.7755575615628914e-17
v5c0_corrected_v4b_075c,15.0,30.0,0.4140625,-0.18187551053166112,0.005402851288528457,-0.004998552620144356,-0.17713241828202525,-0.12965120725729887,-0.17716049827014715,-0.12967928724542074,-2.8079988121904043e-05,2.7755575615628914e-17
v4b_legacy_025c,15.0,30.0,0.421875,-0.21416808717253763,0.006276130799233523,-0.0023885989221367563,-0.212114046522778,-0.16119619230057128,-0.21205141561504623,-0.16113356139283952,6.263090773175883e-05,0.0
v5c0_corrected_v4b_075c,15.0,30.0,0.421875,-0.21410545626480587,0.006276130799233523,-0.0023885989221367563,-0.212114046522778,-0.16119619230057128,-0.21205141561504623,-0.16113356139283952,6.263090773175883e-05,0.0
v4b_legacy_025c,15.0,30.0,0.4296875,-0.24581510850675958,0.007136721109445971,-0.003393591850462758,-0.24283023639785772,-0.18895386697437985,-0.24265759739050025,-0.1887812279670224,0.00017263900735747795,-2.7755575615628914e-17
v5c0_corrected_v4b_075c,15.0,30.0,0.4296875,-0.24564246949940213,0.007136721109445971,-0.003393591850462758,-0.24283023639785772,-0.18895386697437985,-0.24265759739050025,-0.1887812279670224,0.00017263900735747795,-2.7755575615628914e-17
v4b_legacy_025c,15.0,30.0,0.4375,-0.2564419726575791,0.007982560016876333,0.012235340390317935,-0.26902932931432677,-0.21269582170879686,-0.26872772068644973,-0.21239421308091982,0.0003016086278770369,0.0
v5c0_corrected_v4b_075c,15.0,30.0,0.4375,-0.2561403640297021,0.007982560016876333,0.012235340390317935,-0.26902932931432677,-0.21269582170879686,-0.26872772068644973,-0.21239421308091982,0.0003016086278770369,0.0
v4b_legacy_025c,15.0,30.0,0.4453125,-0.280293527848435,0.008811566272977238,0.009778435859937845,-0.29049925206026544,-0.2322290567723736,-0.2900502629177967,-0.2317800676299048,0.00044898914246876975,2.7755575615628914e-17
v5c0_corrected_v4b_075c,15.0,30.0,0.4453125,-0.2798445387059661,0.008811566272977238,0.009778435859937845,-0.29049925206026544,-0.2322290567723736,-0.2900502629177967,-0.2317800676299048,0.00044898914246876975,2.7755575615628914e-17
v4b_legacy_025c,15.0,30.0,0.453125,-0.2857777418451492,0.009621658921641104,0.020917025493150478,-0.30706764974861495,-0.24739614196171467,-0.30645366471097935,-0.2467821569240791,0.0006139850376356004,-2.7755575615628914e-17
v5c0_corrected_v4b_075c,15.0,30.0,0.453125,-0.2851637568075136,0.009621658921641104,0.020917025493150478,-0.30706764974861495,-0.24739614196171467,-0.30645366471097935,-0.2467821569240791,0.0006139850376356004,-2.7755575615628914e-17
v4b_legacy_025c,15.0,30.0,0.4609375,-0.3123864830836885,0.010410765311051383,0.005644911575503996,-0.31860275656960424,-0.25807600938060654,-0.31780722575841025,-0.2572804785694125,0.0007955308111939896,5.551115123125783e-17
v5c0_corrected_v4b_075c,15.0,30.0,0.4609375,-0.31159095227249445,0.010410765311051383,0.005644911575503996,-0.31860275656960424,-0.25807600938060654,-0.31780722575841025,-0.2572804785694125,0.0007955308111939896,5.551115123125783e-17
v4b_legacy_025c,15.0,30.0,0.46875,-0.32002559561406,0.011176829532209078,0.004357241680821001,-0.32501401785275985,-0.26418453992105057,-0.32402174460099925,-0.2631922666692899,0.0009922732517606003,5.551115123125783e-17
v5c0_corrected_v4b_075c,15.0,30.0,0.46875,-0.3190333223622994,0.011176829532209078,0.004357241680821001,-0.32501401785275985,-0.26418453992105057,-0.32402174460099925,-0.2631922666692899,0.0009922732517606003,5.551115123125783e-17
v4b_legacy_025c,15.0,30.0,0.4765625,-0.3141063888214557,0.011917821651098226,0.011561699285822015,-0.32625224985601414,-0.26567473494229027,-0.32504968651704896,-0.26447217160332503,0.001202563338965179,5.551115123125783e-17
v5c0_corrected_v4b_075c,15.0,30.0,0.4765625,-0.3129038254824905,0.011917821651098226,0.011561699285822015,-0.32625224985601414,-0.26567473494229027,-0.32504968651704896,-0.26447217160332503,0.001202563338965179,5.551115123125783e-17
v4b_legacy_025c,15.0,30.0,0.484375,-0.3092560377530386,0.01263174761774413,0.012455864778572495,-0.32230959942329335,-0.26253669588100276,-0.320885139972879,-0.2611122364305884,0.0014244594504143615,0.0
v5c0_corrected_v4b_075c,15.0,30.0,0.484375,-0.3078315783026242,0.01263174761774413,0.012455864778572495,-0.32230959942329335,-0.26253669588100276,-0.320885139972879,-0.2611122364305884,0.0014244594504143615,0.0
v4b_legacy_025c,15.0,30.0,0.4921875,-0.29785713875777436,0.013316659701424266,0.014781320762492348,-0.31321936413746615,-0.25481564630062764,-0.31156362133854093,-0.2531417246119176,0.0016557427989252194,1.8178889784836727e-05
v5c0_corrected_v4b_075c,15.0,30.0,0.4921875,-0.2962011538767601,0.013316659701424266,0.014781320762492348,-0.31321936413746615,-0.25481564630062764,-0.31156362133854093,-0.2531417246119176,0.0016557427989252194,1.8178889784836727e-05
v4b_legacy_025c,15.0,30.0,0.5,-0.2704594854725126,0.01397066727166103,0.028629056917198744,-0.29905554090438896,-0.27278868220440156,-0.29716159577360995,-0.24062668659275144,0.0018939451307790067,0.03026805048087111
v5c0_corrected_v4b_075c,15.0,30.0,0.5,-0.26814267547950343,0.01397066727166103,0.028629056917198744,-0.29905554090438896,-0.27278868220440156,-0.29716159577360995,-0.24062668659275144,0.0018939451307790067,0.03026805048087111
v4b_legacy_025c,15.0,30.0,0.5078125,-0.2640806328505951,0.014591947721644747,0.01678032500128785,-0.2799307058800259,-0.3269014297176235,-0.277794318082975,-0.2236680510980079,0.002136387797050887,0.10109699082256471
v5c0_corrected_v4b_075c,15.0,30.0,0.5078125,-0.26046904304864577,0.014591947721644747,0.01678032500128785,-0.2799307058800259,-0.3269014297176235,-0.277794318082975,-0.2236680510980079,0.002136387797050887,0.10109699082256471
v4b_legacy_025c,15.0,30.0,0.515625,-0.22159854850791855,0.015178757316298374,0.03662513379321256,-0.25599244610777083,-0.36636460246587177,-0.25361221563047626,-0.20747465006307786,0.002380230477294576,0.15650972192549933
v5c0_corrected_v4b_075c,15.0,30.0,0.515625,-0.21684269494387548,0.015178757316298374,0.03662513379321256,-0.25599244610777083,-0.36636460246587177,-0.25361221563047626,-0.20747465006307786,0.002380230477294576,0.15650972192549933
v4b_legacy_025c,15.0,30.0,0.5234375,-0.19270128436532477,0.015729441742566814,0.03761305851310352,-0.22743251744911502,-0.3730316464044662,-0.2248099902625388,-0.21587700178785374,0.0026225271865762123,0.15453211743003623
v5c0_corrected_v4b_075c,15.0,30.0,0.5234375,-0.18764805324027733,0.015729441742566814,0.03761305851310352,-0.22743251744911502,-0.3730316464044662,-0.2248099902625388,-0.21587700178785374,0.0026225271865762123,0.15453211743003623
v4b_legacy_025c,15.0,30.0,0.53125,-0.14528427137147595,0.016242446145163174,0.05305615449451068,-0.19448501154787232,-0.37879546326879215,-0.19162472474725137,-0.24046626594576334,0.002860286800620948,0.13546891052240786
v5c0_corrected_v4b_075c,15.0,30.0,0.53125,-0.14022363808735086,0.016242446145163174,0.05305615449451068,-0.19448501154787232,-0.37879546326879215,-0.19162472474725137,-0.24046626594576334,0.002860286800620948,0.13546891052240786
v4b_legacy_025c,15.0,30.0,0.5390625,-0.09746059145993345,0.01671632444654239,0.0648293419522279,-0.15742283834470083,-0.3837517042284802,-0.15433230312926555,-0.25921156369162524,0.003090535215435286,0.12144960532141968
v5c0_corrected_v4b_075c,15.0,30.0,0.5390625,-0.09233986523804079,0.01671632444654239,0.0648293419522279,-0.15742283834470083,-0.3837517042284802,-0.15433230312926555,-0.25921156369162524,0.003090535215435286,0.12144960532141968
v4b_legacy_025c,15.0,30.0,0.546875,-0.05464396568810893,0.017149747774102934,0.06772808876011129,-0.11655635129202731,-0.3879413056388787,-0.11324597489198303,-0.2500671098011186,0.0033103764000442792,0.13456381943771578
v5c0_corrected_v4b_075c,15.0,30.0,0.546875,-0.04902585372518789,0.017149747774102934,0.06772808876011129,-0.11655635129202731,-0.3879413056388787,-0.11324597489198303,-0.2500671098011186,0.0033103764000442792,0.13456381943771578
v4b_legacy_025c,15.0,30.0,0.5546875,-0.008859918998899333,0.017541511848689826,0.07020132199688899,-0.07223205728807142,-0.3913463066412638,-0.06871500733611854,-0.2341569962371297,0.003517049951952872,0.15367226045218121
v5c0_corrected_v4b_075c,15.0,30.0,0.5546875,-0.002647225269409575,0.017541511848689826,0.07020132199688899,-0.07223205728807142,-0.3913463066412638,-0.06871500733611854,-0.2341569962371297,0.003517049951952872,0.15367226045218121
v4b_legacy_025c,15.0,30.0,0.5625,0.030737902976413895,0.01789054322411584,0.06330423248457986,-0.024831117806288616,-0.3938900396976223,-0.02112313455465502,-0.21655597502889923,0.003707983251633594,0.1736260814170895
v5c0_corrected_v4b_075c,15.0,30.0,0.5625,0.03755215114247379,0.01789054322411584,0.06330423248457986,-0.024831117806288616,-0.3938900396976223,-0.02112313455465502,-0.21655597502889923,0.003707983251633594,0.1736260814170895
v4b_legacy_025c,15.0,30.0,0.5703125,0.05558484428655783,0.018195904305202473,0.03871125201342795,0.025232521145300394,-0.39544141220854034,0.029113358002066107,-0.19739131072072139,0.0038808368567657126,0.19416926463105325
v5c0_corrected_v4b_075c,15.0,30.0,0.5703125,0.06299876650156172,0.018195904305202473,0.03871125201342795,0.025232521145300394,-0.39544141220854034,0.029113358002066107,-0.19739131072072139,0.0038808368567657126,0.19416926463105325
v4b_legacy_025c,15.0,30.0,0.578125,0.06782406603731907,0.018456797109435687,-0.000971923035276559,0.07751434005392488,-0.39582290886295707,0.08154788236382185,-0.17677584216168002,0.00403354230989697,0.21501352439138008
v5c0_corrected_v4b_075c,15.0,30.0,0.578125,0.07582606934269243,0.018456797109435687,-0.000971923035276559,0.07751434005392488,-0.39582290886295707,0.08154788236382185,-0.17677584216168002,0.00403354230989697,0.21501352439138008
v4b_legacy_025c,15.0,30.0,0.5859375,0.0840399090842525,0.018672565772707844,-0.03839033773182803,0.13154195828751064,-0.39482156868582735,0.13570629029083933,-0.15481054650488427,0.004164332003328691,0.2358466901776144
v5c0_corrected_v4b_075c,15.0,30.0,0.5859375,0.09260810392219815,0.018672565772707844,-0.03839033773182803,0.13154195828751064,-0.39482156868582735,0.13570629029083933,-0.15481054650488427,0.004164332003328691,0.2358466901776144
v4b_legacy_025c,15.0,30.0,0.59375,0.10591201652434784,0.01884269783119841,-0.07134022432293129,0.18681830746946165,-0.3922022239878176,0.1910900685918992,-0.1315885959493686,0.004271761122437545,0.25634186691601146
v5c0_corrected_v4b_075c,15.0,30.0,0.59375,0.11501394998656907,0.01884269783119841,-0.07134022432293129,0.18681830746946165,-0.3922022239878176,0.1910900685918992,-0.1315885959493686,0.004271761122437545,0.25634186691601146
v4b_legacy_025c,15.0,30.0,0.6015625,0.13142635463797173,0.018966824338168285,-0.10136205822075367,0.24282537947892074,-0.3877220838070991,0.24718010144273314,-0.10720046466638967,0.004354721963812397,0.276166897176897
v5c0_corrected_v4b_075c,15.0,30.0,0.6015625,0.14101908562855534,0.018966824338168285,-0.10136205822075367,0.24282537947892074,-0.3877220838070991,0.24718010144273314,-0.10720046466638967,0.004354721963812397,0.276166897176897
v4b_legacy_025c,15.0,30.0,0.609375,0.16269260681037,0.01904471889575167,-0.12577756246634253,0.2990285005511845,-0.3811458651584581,0.3034409516550074,-0.0817397101236935,0.004412451103822879,0.29499370393094176
v5c0_corrected_v4b_075c,15.0,30.0,0.609375,0.17272313008157425,0.01904471889575167,-0.12577756246634253,0.2990285005511845,-0.3811458651584581,0.3034409516550074,-0.0817397101236935,0.004412451103822879,0.29499370393094176
v4b_legacy_025c,15.0,30.0,0.6171875,0.19960368945531648,0.01907629569762623,-0.14415625938811225,0.35488115329048986,-0.37226064078112026,0.3593256832835394,-0.05530895042989797,0.004444529993049562,0.3125071603581727
v5c0_corrected_v4b_075c,15.0,30.0,0.6171875,0.21000969844698403,0.01907629569762623,-0.14415625938811225,0.35488115329048986,-0.37226064078112026,0.3593256832835394,-0.05530895042989797,0.004444529993049562,0.3125071603581727
v4b_legacy_025c,15.0,30.0,0.625,0.23636764805907126,0.01906160668899,-0.1618568067079551,0.40983036564740893,-0.3608896428748059,0.41428124524082943,-0.028025557524138493,0.004450879593420498,0.3284132057572469
v5c0_corrected_v4b_075c,15.0,30.0,0.625,0.24707861101210674,0.01906160668899,-0.1618568067079551,0.40983036564740893,-0.3608896428748059,0.41428124524082943,-0.028025557524138493,0.004450879593420498,0.3284132057572469
v4b_legacy_025c,15.0,30.0,0.6328125,0.27388400850790157,0.01900083795609499,-0.1774145442524613,0.463322519947214,-0.3469044936623755,0.46775426962622657,-2.6746813590648012e-05,0.004431749679012553,0.3424459971697723
v5c0_corrected_v4b_075c,15.0,30.0,0.6328125,0.2848225190878504,0.01900083795609499,-0.1774145442524613,0.463322519947214,-0.3469044936623755,0.46775426962622657,-2.6746813590648012e-05,0.004431749679012553,0.3424459971697723
v4b_legacy_025c,15.0,30.0,0.640625,0.3120635465935837,0.01889430545936318,-0.19037656343448145,0.5148096134588207,-0.3302352815192117,0.5191973168652307,0.02852637274423475,0.004387703406410037,0.35437395085703643
v5c0_corrected_v4b_075c,15.0,30.0,0.640625,0.323146899674328,0.01889430545936318,-0.19037656343448145,0.5148096134588207,-0.3302352815192117,0.5191973168652307,0.02852637274423475,0.004387703406410037,0.35437395085703643
v4b_legacy_025c,15.0,30.0,0.6484375,0.3516283224751569,0.018742450222587005,-0.1994733319859818,0.5637558196417685,-0.3108781786577281,0.5680754173816779,0.05744600339419064,0.00431959773990942,0.3640045843120093
v5c0_corrected_v4b_075c,15.0,30.0,0.6484375,0.36277025801732765,0.018742450222587005,-0.1994733319859818,0.5637558196417685,-0.3108781786577281,0.5680754173816779,0.05744600339419064,0.00431959773990942,0.3640045843120093
v4b_legacy_025c,15.0,30.0,0.65625,0.3878921808956608,0.018545833086639193,-0.20896317712143117,0.609644220148337,-0.2889003886348681,0.6138727804479119,0.08651628928870223,0.004228560299574968,0.3711881176239954
v5c0_corrected_v4b_075c,15.0,30.0,0.65625,0.39900473406843423,0.018545833086639193,-0.20896317712143117,0.609644220148337,-0.2889003886348681,0.6138727804479119,0.08651628928870223,0.004228560299574968,0.3711881176239954
v4b_legacy_025c,15.0,30.0,0.6640625,0.42172720525111,0.018305129130175977,-0.21746180180159003,0.6519836353613503,-0.26444227740945814,0.6560995985519616,0.11549351898913549,0.00411596319061136,0.3758198332079823
v5c0_corrected_v4b_075c,15.0,30.0,0.6640625,0.4327225990182747,0.018305129130175977,-0.21746180180159003,0.6519836353613503,-0.26444227740945814,0.6560995985519616,0.11549351898913549,0.00411596319061136,0.3758198332079823
v4b_legacy_025c,15.0,30.0,0.671875,0.4528165439485246,0.01802112185262192,-0.22482624814170724,0.6903153507059008,-0.23771676437938632,0.6942987450775707,0.14410785605418716,0.003983394371669946,0.3778412260619035
v5c0_corrected_v4b_075c,15.0,30.0,0.671875,0.46360906109600014,0.01802112185262192,-0.22482624814170724,0.6903153507059008,-0.23771676437938632,0.6942987450775707,0.14410785605418716,0.003983394371669946,0.3778412260619035
v4b_legacy_025c,15.0,30.0,0.6796875,0.48105599765439505,0.017694697206780734,-0.23073323350642475,0.7242196225329095,-0.2090060711059413,0.7280522496589318,0.17206655982937033,0.003832627126022281,0.37724000380928935
v5c0_corrected_v4b_075c,15.0,30.0,0.6796875,0.49156377242210747,0.017694697206780734,-0.23073323350642475,0.7242196225329095,-0.2090060711059413,0.7280522496589318,0.17206655982937033,0.003832627126022281,0.37724000380928935
v4b_legacy_025c,15.0,30.0,0.6875,0.5075655559075833,0.017326837560131623,-0.23365652185279856,0.7533217781060637,-0.17865607928708124,0.7569873663159737,0.1990585266284726,0.003665588209910031,0.3740490177056438
v5c0_corrected_v4b_075c,15.0,30.0,0.6875,0.5177122306868059,0.017326837560131623,-0.23365652185279856,0.7533217781060637,-0.17865607928708124,0.7569873663159737,0.1990585266284726,0.003665588209910031,0.3740490177056438
v4b_legacy_025c,15.0,30.0,0.6953125,0.5312025578605386,0.016918615655552534,-0.23442233842001606,0.7772977939385726,-0.14706856210483757,0.7807821192016584,0.22475998638366088,0.0034843252630858412,0.3683442232254126
v5c0_corrected_v4b_075c,15.0,30.0,0.6953125,0.5409187574653181,0.016918615655552534,-0.23442233842001606,0.7772977939385726,-0.14706856210483757,0.7807821192016584,0.22475998638366088,0.0034843252630858412,0.3683442232254126
v4b_legacy_025c,15.0,30.0,0.703125,0.5470093107425581,0.01647118863408371,-0.2377883774933399,0.7958792153547484,-0.11469164098892724,0.7991701894285139,0.24884111537761014,0.0032909740737655513,0.3602417822927718
v5c0_corrected_v4b_075c,15.0,30.0,0.703125,0.5562338951663465,0.01647118863408371,-0.2377883774933399,0.7958792153547484,-0.11469164098892724,0.7991701894285139,0.24884111537761014,0.0032909740737655513,0.3602417822927718
v4b_legacy_025c,15.0,30.0,0.7109375,0.5645957087394408,0.015985792174554023,-0.2337570962768003,0.8088572136793258,-0.08200892970528864,0.8119449399697704,0.27097322558063225,0.0030877262904445146,0.3498944289954764
v5c0_corrected_v4b_075c,15.0,30.0,0.7109375,0.5732767746548413,0.015985792174554023,-0.2337570962768003,0.8088572136793258,-0.08200892970528864,0.8119449399697704,0.27097322558063225,0.0030877262904445146,0.3498944289954764
v4b_legacy_025c,15.0,30.0,0.71875,0.5726818748632919,0.015463734797526534,-0.23363113990349663,0.816085821906078,-0.049527647444300764,0.818962620069613,0.2908363776593601,0.0028767981635349216,0.33748722694012595
v5c0_corrected_v4b_075c,15.0,30.0,0.71875,0.5807774860017815,0.015463734797526534,-0.23363113990349663,0.816085821906078,-0.049527647444300764,0.818962620069613,0.2908363776593601,0.0028767981635349216,0.33748722694012595
v4b_legacy_025c,15.0,30.0,0.7265625,0.5789397052293049,0.014906392374117188,-0.22951510385842863,0.8174841367118051,-0.01776623812671911,0.8201445375903039,0.3081270121837434,0.0026604008784988364,0.3232328494319637
v5c0_corrected_v4b_075c,15.0,30.0,0.7265625,0.5864183417896406,0.014906392374117188,-0.22951510385842863,0.8174841367118051,-0.01776623812671911,0.8201445375903039,0.3081270121837434,0.0026604008784988364,0.3232328494319637
v4b_legacy_025c,15.0,30.0,0.734375,0.581548879955953,0.014315202873802332,-0.22322799541274652,0.813037482391988,0.012758145401262404,0.8154781953998927,0.3225653719695884,0.0024407130079047157,0.3073665135604213
v5c0_corrected_v4b_075c,15.0,30.0,0.734375,0.5883896069620885,0.014315202873802332,-0.22322799541274652,0.813037482391988,0.012758145401262404,0.8154781953998927,0.3225653719695884,0.0024407130079047157,0.3073665135604213
v4b_legacy_025c,15.0,30.0,0.7421875,0.5807483177845527,0.013691661379330812,-0.2145641380050326,0.8027975702810108,0.04154196189495111,0.8050174258431856,0.33390251371747837,0.002219855562174744,0.2901406962603525
v5c0_corrected_v4b_075c,15.0,30.0,0.7421875,0.5869406815122875,0.013691661379330812,-0.2145641380050326,0.8027975702810108,0.04154196189495111,0.8050174258431856,0.33390251371747837,0.002219855562174744,0.2901406962603525
v4b_legacy_025c,15.0,30.0,0.75,0.5774244627142057,0.013037315391247055,-0.20272922808511312,0.7868815368197857,0.06810695594802973,0.7888814068777634,0.34192658079498794,0.0019998700579777484,0.27181975478898046
v5c0_corrected_v4b_075c,15.0,30.0,0.75,0.5829681326449389,0.013037315391247055,-0.20272922808511312,0.7868815368197857,0.06810695594802973,0.7888814068777634,0.34192658079498794,0.0019998700579777484,0.27181975478898046
v4b_legacy_025c,15.0,30.0,0.7578125,0.5724587450038541,0.012353760439251809,-0.1870017062036665,0.7654700283346019,0.09201100764498024,0.7672527282846208,0.3464682737880184,0.0017826999500188956,0.2526745661930193
v5c0_corrected_v4b_075c,15.0,30.0,0.7578125,0.5773629260137133,0.012353760439251809,-0.1870017062036665,0.7654700283346019,0.09201100764498024,0.7672527282846208,0.3464682737880184,0.0017826999500188956,0.2526745661930193
v4b_legacy_025c,15.0,30.0,0.765625,0.5478243677518809,0.011642636012606192,-0.1858560870954372,0.7388042669666948,0.11285779880731467,0.740374442654332,0.3474052652069658,0.0015701756876372874,0.23297729071201384
v5c0_corrected_v4b_075c,15.0,30.0,0.765625,0.5521070132344813,0.011642636012606192,-0.1858560870954372,0.7388042669666948,0.11285779880731467,0.740374442654332,0.3474052652069658,0.0015701756876372874,0.23297729071201384
v4b_legacy_025c,15.0,30.0,0.7734375,0.5311057310865612,0.010905621816945035,-0.1716574048097541,0.7071823085358342,0.13030521853102048,0.7085463120994554,0.3446655753215164,0.0013640035636212078,0.21299635322687474
v5c0_corrected_v4b_075c,15.0,30.0,0.7734375,0.5347925923268632,0.010905621816945035,-0.1716574048097541,0.7071823085358342,0.13030521853102048,0.7085463120994554,0.3446655753215164,0.0013640035636212078,0.21299635322687474
v4b_legacy_025c,15.0,30.0,0.78125,0.5110804214209513,0.010144434360127895,-0.15611278393573527,0.6709544514773986,0.14407223997304988,0.6721202098980865,0.3382297238271854,0.0011657584206878902,0.19299172543344764
v5c0_corrected_v4b_075c,15.0,30.0,0.78125,0.5142039717323467,0.010144434360127895,-0.15611278393573527,0.6709544514773986,0.14407223997304988,0.6721202098980865,0.3382297238271854,0.0011657584206878902,0.19299172543344764
v4b_legacy_025c,15.0,30.0,0.7890625,0.48827605304675065,0.009360823865039551,-0.13908281540652048,0.6305180616020087,0.15394431652032597,0.6314949417749118,0.32813177674260424,0.000976880172903094,0.17321058004937517
v5c0_corrected_v4b_075c,15.0,30.0,0.7890625,0.49087432695105726,0.009360823865039551,-0.13908281540652048,0.6305180616020087,0.15394431652032597,0.6314949417749118,0.32813177674260424,0.000976880172903094,0.17321058004937517
v4b_legacy_025c,15.0,30.0,0.796875,0.4604269815717099,0.008556571502477964,-0.1232900819908935,0.5863117975359904,0.15977713065084537,0.5871104715227238,0.31445918233738007,0.0007986739867333892,0.15388337769980132
v5c0_corrected_v4b_075c,15.0,30.0,0.796875,0.4625423696827745,0.008556571502477964,-0.1232900819908935,0.5863117975359904,0.15977713065084537,0.5871104715227238,0.31445918233738007,0.0007986739867333892,0.15388337769980132
v4b_legacy_025c,15.0,30.0,0.8046875,0.43023210614354634,0.007733486932362352,-0.10648296096870558,0.5388095097785254,0.16149882457732068,0.5394418236297872,0.3133861496605916,0.0006323138512618343,0.15125501123200907
v5c0_corrected_v4b_075c,15.0,30.0,0.8046875,0.43203414864762524,0.007733486932362352,-0.10648296096870558,0.5388095097785254,0.16149882457732068,0.5394418236297872,0.3133861496605916,0.0006323138512618343,0.15125501123200907
v4b_legacy_025c,15.0,30.0,0.8125,0.3983551242972179,0.006893406136390919,-0.08849802688871813,0.48851380826428037,0.15911062571128054,0.48899265741551384,0.3315325901132616,0.0004788491512334736,0.17194311525074757
v5c0_corrected_v4b_075c,15.0,30.0,0.8125,0.40001924717423104,0.006893406136390919,-0.08849802688871813,0.48851380826428037,0.15911062571128054,0.48899265741551384,0.3315325901132616,0.0004788491512334736,0.17194311525074757
v4b_legacy_025c,15.0,30.0,0.8203125,0.36455348237238977,0.006038189519922192,-0.0701089942658649,0.4359495440243915,0.152686030197592,0.4362887577665068,0.34856698721154156,0.000339213742115263,0.1955417432718343
v5c0_corrected_v4b_075c,15.0,30.0,0.8203125,0.3660734142194363,0.006038189519922192,-0.0701089942658649,0.4359495440243915,0.152686030197592,0.4362887577665068,0.34856698721154156,0.000339213742115263,0.1955417432718343
v4b_legacy_025c,15.0,30.0,0.828125,0.32892387710944365,0.005169720255208249,-0.05177953716366167,0.3816572721857579,0.14536912226077614,0.38187150910149187,0.3484117186839772,0.00021423691573396741,0.20282835950746708
v5c0_corrected_v4b_075c,15.0,30.0,0.828125,0.330186679903654,0.005169720255208249,-0.05177953716366167,0.3816572721857579,0.14536912226077614,0.38187150910149187,0.3484117186839772,0.00021423691573396741,0.20282835950746708
v4b_legacy_025c,15.0,30.0,0.8359375,0.29396318151640977,0.004289902832158199,-0.03171333059589071,0.326186796162801,0.17552344024808206,0.32629145170414287,0.32048707230318735,0.00010465554134186927,0.14485897651376342
v5c0_corrected_v4b_075c,15.0,30.0,0.8359375,0.2946892679913615,0.004289902832158199,-0.03171333059589071,0.326186796162801,0.17552344024808206,0.32629145170414287,0.32048707230318735,0.00010465554134186927,0.14485897651376342
v4b_legacy_025c,15.0,30.0,0.84375,0.2582339793638425,0.0034006617765732585,-0.011697954394057422,0.2700909569096203,0.21163058914771393,0.2701020834838025,0.2709535936062669,1.112657418217422e-05,0.05931187788437081
v5c0_corrected_v4b_075c,15.0,30.0,0.84375,0.25844680557404287,0.0034006617765732585,-0.011697954394057422,0.2700909569096203,0.21163058914771393,0.2701020834838025,0.2709535936062669,1.112657418217422e-05,0.05931187788437081
v4b_legacy_025c,15.0,30.0,0.8515625,0.22092863221391681,0.0025039404893288718,0.007026297042681012,0.21391968298002573,0.21401777671121913,0.21385392202706427,0.22074914566343817,-6.576095296145779e-05,0.006797129905180499
v5c0_corrected_v4b_075c,15.0,30.0,0.8515625,0.22087989086973617,0.0025039404893288718,0.007026297042681012,0.21391968298002573,0.21401777671121913,0.21385392202706427,0.22074914566343817,-6.576095296145779e-05,0.006797129905180499
v4b_legacy_025c,15.0,30.0,0.859375,0.18083106885936925,0.0016017001533941246,0.022632328110522668,0.15821442172895928,0.17105654030528117,0.1580889463356491,0.170931064911971,-0.000125475393310176,0.0
v5c0_corrected_v4b_075c,15.0,30.0,0.859375,0.18070559346605908,0.0016017001533941246,0.022632328110522668,0.15821442172895928,0.17105654030528117,0.1580889463356491,0.170931064911971,-0.000125475393310176,0.0
v4b_legacy_025c,15.0,30.0,0.8671875,0.13416451173650115,0.0006959186490464656,0.030669894975209937,0.10350299068643455,0.12213997756988651,0.10333545632163812,0.1219724432050901,-0.00016753436479642614,1.3877787807814457e-17
v5c0_corrected_v4b_075c,15.0,30.0,0.8671875,0.13399697737170474,0.0006959186490464656,0.030669894975209937,0.10350299068643455,0.12213997756988651,0.10333545632163812,0.1219724432050901,-0.00016753436479642614,1.3877787807814457e-17
v4b_legacy_025c,15.0,30.0,0.875,0.08316783431575737,0.00021141058859401284,0.03287477468720306,0.050294887833271275,0.07452201280185672,0.05010338784912283,0.07433051281770828,-0.000191499984148448,6.938893903907228e-18
v5c0_corrected_v4b_075c,15.0,30.0,0.875,0.08297633433160893,0.00021141058859401284,0.03287477468720306,0.050294887833271275,0.07452201280185672,0.05010338784912283,0.07433051281770828,-0.000191499984148448,6.938893903907228e-18
v4b_legacy_025c,15.0,30.0,0.8828125,0.034970042502181366,0.001118279841194381,0.035900034142981554,-0.0009229047486230106,0.02863981388878205,-0.0011198830719625196,0.028442835565442543,-0.00019697832333950903,6.505213034913027e-19
v5c0_corrected_v4b_075c,15.0,30.0,0.8828125,0.03477306417884186,0.001118279841194381,0.035900034142981554,-0.0009229047486230106,0.02863981388878205,-0.0011198830719625196,0.028442835565442543,-0.00019697832333950903,6.505213034913027e-19
v4b_legacy_025c,15.0,30.0,0.890625,-0.017465428392716715,0.002022668584055228,0.03221938464565274,-0.04968962250950924,-0.015092452804207507,-0.0498732463265725,-0.01527607662127076,-0.00018362381706325814,5.204170427930421e-18
v5c0_corrected_v4b_075c,15.0,30.0,0.890625,-0.01764905220977997,0.002022668584055228,0.03221938464565274,-0.04968962250950924,-0.015092452804207507,-0.0498732463265725,-0.01527607662127076,-0.00018362381706325814,5.204170427930421e-18
v4b_legacy_025c,15.0,30.0,0.8984375,-0.06945504911726896,0.002922545247259699,0.02608027969043191,-0.09557392711727589,-0.05628656034711452,-0.09572507625331689,-0.056437709483155525,-0.0001511491360410011,-6.938893903907228e-18
v5c0_corrected_v4b_075c,15.0,30.0,0.8984375,-0.06960619825330996,0.002922545247259699,0.02608027969043191,-0.09557392711727589,-0.05628656034711452,-0.09572507625331689,-0.056437709483155525,-0.0001511491360410011,-6.938893903907228e-18
v4b_legacy_025c,15.0,30.0,0.90625,-0.13674816402494097,0.003815869341144702,0.0012669556905916986,-0.13817663381861378,-0.09458273015326311,-0.13827597456377383,-0.09468207089842316,-9.93407451600481e-05,0.0
v5c0_corrected_v4b_075c,15.0,30.0,0.90625,-0.136847504770101,0.003815869341144702,0.0012669556905916986,-0.13817663381861378,-0.09458273015326311,-0.13827597456377383,-0.09468207089842316,-9.93407451600481e-05,0.0
v4b_legacy_025c,15.0,30.0,0.9140625,-0.16407936679515986,0.004700594024339906,0.012891029397911787,-0.17713299078335465,-0.12965173950261666,-0.17716107077147655,-0.12967981949073853,-2.8079988121904043e-05,2.7755575615628914e-17
v5c0_corrected_v4b_075c,15.0,30.0,0.9140625,-0.16410744678328176,0.004700594024339906,0.012891029397911787,-0.17713299078335465,-0.12965173950261666,-0.17716107077147655,-0.12967981949073853,-2.8079988121904043e-05,2.7755575615628914e-17
v4b_legacy_025c,15.0,30.0,0.921875,-0.20330730298136054,0.005574669187534425,0.00857117802750561,-0.21211454991086365,-0.16119666142288117,-0.21205191900313203,-0.16113403051514955,6.263090773162006e-05,0.0
v5c0_corrected_v4b_075c,15.0,30.0,0.921875,-0.20324467207362895,0.005574669187534425,0.00857117802750561,-0.21211454991086365,-0.16119666142288117,-0.21205191900313203,-0.16113403051514955,6.263090773162006e-05,0.0
v4b_legacy_025c,15.0,30.0,0.9296875,-0.2265730597963095,0.006436045117192296,0.01601392812575149,-0.24283067248560547,-0.18895427461215883,-0.242658033478248,-0.18878163560480138,0.00017263900735747795,-2.7755575615628914e-17
v5c0_corrected_v4b_075c,15.0,30.0,0.9296875,-0.226400420788952,0.006436045117192296,0.01601392812575149,-0.24283067248560547,-0.18895427461215883,-0.242658033478248,-0.18878163560480138,0.00017263900735747795,-2.7755575615628914e-17
v4b_legacy_025c,15.0,30.0,0.9375,-0.26472972169035736,0.007282661381611505,0.003918255650555663,-0.269029700038317,-0.21269616961364587,-0.2687280914104398,-0.21239456098576867,0.00030160862787720344,0.0
v5c0_corrected_v4b_075c,15.0,30.0,0.9375,-0.26442811306248015,0.007282661381611505,0.003918255650555663,-0.269029700038317,-0.21269616961364587,-0.2687280914104398,-0.21239456098576867,0.00030160862787720344,0.0
v4b_legacy_025c,15.0,30.0,0.9453125,-0.2731714587612714,0.008112440223241433,0.016993243765074963,-0.2904995594691913,-0.2322293467983077,-0.29005057032672243,-0.23178035765583888,0.0004489891424688808,-5.551115123125783e-17
v5c0_corrected_v4b_075c,15.0,30.0,0.9453125,-0.27272246961880253,0.008112440223241433,0.016993243765074963,-0.2904995594691913,-0.2322293467983077,-0.29005057032672243,-0.23178035765583888,0.0004489891424688808,-5.551115123125783e-17
v4b_legacy_025c,15.0,30.0,0.953125,-0.2727025419820708,0.008923304189622026,0.03413750624199769,-0.30706789599545653,-0.24739637605783135,-0.306453910957821,-0.24678239102019583,0.0006139850376355449,-2.7755575615628914e-17
v5c0_corrected_v4b_075c,15.0,30.0,0.953125,-0.27208855694443523,0.008923304189622026,0.03413750624199769,-0.30706789599545653,-0.24739637605783135,-0.306453910957821,-0.24678239102019583,0.0006139850376355449,-2.7755575615628914e-17
v4b_legacy_025c,15.0,30.0,0.9609375,-0.29596910677521066,0.009713184085073495,0.022262166140296087,-0.3186029439044355,-0.258076189584458,-0.31780741309324145,-0.25728065877326395,0.0007955308111940451,0.0
v5c0_corrected_v4b_075c,15.0,30.0,0.9609375,-0.2951735759640166,0.009713184085073495,0.022262166140296087,-0.3186029439044355,-0.258076189584458,-0.31780741309324145,-0.25728065877326395,0.0007955308111940451,0.0
v4b_legacy_025c,15.0,30.0,0.96875,-0.3000852025231281,0.010480027398137358,0.02454872275846991,-0.32501414861427474,-0.26418466835088233,-0.3240218753625141,-0.2631923950991217,0.0009922732517606558,0.0
v5c0_corrected_v4b_075c,15.0,30.0,0.96875,-0.2990929292713674,0.010480027398137358,0.02454872275846991,-0.32501414861427474,-0.26418466835088233,-0.3240218753625141,-0.2631923950991217,0.0009922732517606558,0.0
v4b_legacy_025c,15.0,30.0,0.9765625,-0.31760695322702803,0.011221807521513822,0.008055986780197269,-0.3262523264615373,-0.2656748137879323,-0.3250497631225721,-0.2644722504489671,0.001202563338965179,0.0
v5c0_corrected_v4b_075c,15.0,30.0,0.9765625,-0.31640438988806285,0.011221807521513822,0.008055986780197269,-0.3262523264615373,-0.2656748137879323,-0.3250497631225721,-0.2644722504489671,0.001202563338965179,0.0
v4b_legacy_025c,15.0,30.0,0.984375,-0.3287526857254578,0.011936533647935533,-0.007242998862969645,-0.32230962435797245,-0.26253672739404355,-0.3208851649075581,-0.26111226794362924,0.0014244594504143615,-5.551115123125783e-17
v5c0_corrected_v4b_075c,15.0,30.0,0.984375,-0.32732822627504343,0.011936533647935533,-0.007242998862969645,-0.32230962435797245,-0.26253672739404355,-0.3208851649075581,-0.26111226794362924,0.0014244594504143615,-5.551115123125783e-17
v4b_legacy_025c,15.0,30.0,0.9921875,-0.30268727492836534,0.0126222611914717,0.009920092163705414,-0.31321933994404777,-0.2548156327850758,-0.31156359714512244,-0.2531417110963657,0.0016557427989253304,1.8178889784781216e-05
v5c0_corrected_v4b_075c,15.0,30.0,0.9921875,-0.30103130267074496,0.0126222611914717,0.009920092163705414,-0.31321933994404777,-0.2548156327850758,-0.31156359714512244,-0.2531417110963657,0.0016557427989253304,1.8178889784781216e-05
v4b_legacy_025c,15.0,45.0,0.0,-0.17089627443936525,0.012800800660946741,0.03856154556301483,-0.2094150504282081,-0.17419466885210372,-0.2071084071699772,-0.16243546905282402,0.002306643258230906,0.00945255654104879
v5c0_corrected_v4b_075c,15.0,45.0,0.0,-0.16846863088911607,0.012800800660946741,0.03856154556301483,-0.2094150504282081,-0.17419466885210372,-0.2071084071699772,-0.16243546905282402,0.002306643258230906,0.00945255654104879
v4b_legacy_025c,15.0,45.0,0.0078125,-0.15041220230830754,0.013443976220343393,0.03913580192531746,-0.18882306797049547,-0.20361002306646497,-0.18632475582473873,-0.14425553688187706,0.0024983121457567425,0.05685617403883117
v5c0_corrected_v4b_075c,15.0,45.0,0.0078125,-0.14714951711079305,0.013443976220343393,0.03913580192531746,-0.18882306797049547,-0.20361002306646497,-0.18632475582473873,-0.14425553688187706,0.0024983121457567425,0.05685617403883117
v4b_legacy_025c,15.0,45.0,0.015625,-0.12570178373246454,0.014053492651699525,0.04033144402489846,-0.1642767979837352,-0.24892708036372443,-0.16159302095553119,-0.12253406210259309,0.0026837770282040208,0.12370924123292734
v5c0_corrected_v4b_075c,15.0,45.0,0.015625,-0.12127945979164625,0.014053492651699525,0.04033144402489846,-0.1642767979837352,-0.24892708036372443,-0.16159302095553119,-0.12253406210259309,0.0026837770282040208,0.12370924123292734
v4b_legacy_025c,15.0,45.0,0.0234375,-0.09963730621605436,0.01462761858487393,0.0389008712300808,-0.135980423983329,-0.27193737037853727,-0.13311989029962992,-0.09745317771794283,0.002860533683699068,0.17162365897689538
v5c0_corrected_v4b_075c,15.0,45.0,0.0234375,-0.0942663271087008,0.01462761858487393,0.0389008712300808,-0.135980423983329,-0.27193737037853727,-0.13311989029962992,-0.09745317771794283,0.002860533683699068,0.17162365897689538
v4b_legacy_025c,15.0,45.0,0.03125,-0.07293709820143163,0.015164722091312022,0.03431034199365744,-0.10417807061545553,-0.2722696955785152,-0.10115192175609829,-0.07028659629394306,0.0030261488593572444,0.19895695042521488
v5c0_corrected_v4b_075c,15.0,45.0,0.03125,-0.06689382248074105,0.015164722091312022,0.03431034199365744,-0.10417807061545553,-0.2722696955785152,-0.10115192175609829,-0.07028659629394306,0.0030261488593572444,0.19895695042521488
v4b_legacy_025c,15.0,45.0,0.0390625,-0.044990269929657455,0.015663280894194002,0.027766049144234015,-0.0691500615058773,-0.271620422751942,-0.06597174343133713,-0.058014192046841585,0.003178318074540165,0.21042791263056024
v5c0_corrected_v4b_075c,15.0,45.0,0.0390625,-0.03851596035160591,0.015663280894194002,0.027766049144234015,-0.0691500615058773,-0.271620422751942,-0.06597174343133713,-0.058014192046841585,0.003178318074540165,0.21042791263056024
v4b_legacy_025c,15.0,45.0,0.046875,-0.010164709871711131,0.01612189159626324,0.025303317162434686,-0.031210027460454867,-0.2700196122032705,-0.02789510833437538,-0.06182979010462458,0.0033149191260794866,0.20487490297256641
v5c0_corrected_v4b_075c,15.0,45.0,0.046875,-0.003546819769112981,0.01612189159626324,0.025303317162434686,-0.031210027460454867,-0.2700196122032705,-0.02789510833437538,-0.06182979010462458,0.0033149191260794866,0.20487490297256641
v4b_legacy_025c,15.0,45.0,0.0546875,0.028196087893581377,0.016539277759754535,0.023870930652252723,0.009297340760191912,-0.2674605463078916,0.012731400030905077,-0.07248080238258797,0.003434059270713165,0.1915456846545905
v5c0_corrected_v4b_075c,15.0,45.0,0.0546875,0.03479817444647917,0.016539277759754535,0.023870930652252723,0.009297340760191912,-0.2674605463078916,0.012731400030905077,-0.07248080238258797,0.003434059270713165,0.1915456846545905
v4b_legacy_025c,15.0,45.0,0.0625,0.06422431311127046,0.016914296713606166,0.017871008164271836,0.05199881353561363,-0.26390158388706264,0.05553292815158335,-0.07818682688273244,0.0035341146159697245,0.1821806423883605
v5c0_corrected_v4b_075c,15.0,45.0,0.0625,0.07083988516807227,0.016914296713606166,0.017871008164271836,0.05199881353561363,-0.26390158388706264,0.05553292815158335,-0.07818682688273244,0.0035341146159697245,0.1821806423883605
v4b_legacy_025c,15.0,45.0,0.0703125,0.10075756356741944,0.01724594500636878,0.010580096186882207,0.09649545672923296,-0.2592708169906978,0.10010921755249444,-0.06662588416154692,0.0036137608232614804,0.18903117200588943
v5c0_corrected_v4b_075c,15.0,45.0,0.0703125,0.10763134558758392,0.01724594500636878,0.010580096186882207,0.09649545672923296,-0.2592708169906978,0.10010921755249444,-0.06662588416154692,0.0036137608232614804,0.18903117200588943
v4b_legacy_025c,15.0,45.0,0.078125,0.1379039853999864,0.017533362466234815,0.0025227058713282215,0.14236589801448596,-0.2534730052623759,0.14603789277259885,-0.04475529276229777,0.0036719947581128898,0.2050457177419652
v5c0_corrected_v4b_075c,15.0,45.0,0.078125,0.14517112104941843,0.017533362466234815,0.0025227058713282215,0.14236589801448596,-0.2534730052623759,0.14603789277259885,-0.04475529276229777,0.0036719947581128898,0.2050457177419652
v4b_legacy_025c,15.0,45.0,0.0859375,0.16744336424985135,0.017775834870072334,-0.01423707947926968,0.18916995703201508,-0.24639829241123198,0.19287810420480592,-0.022165484342454907,0.003708147172790832,0.22052466089598624
v5c0_corrected_v4b_075c,15.0,45.0,0.0859375,0.17507152137950793,0.017775834870072334,-0.01423707947926968,0.18916995703201508,-0.24639829241123198,0.19287810420480592,-0.022165484342454907,0.003708147172790832,0.22052466089598624
v4b_legacy_025c,15.0,45.0,0.09375,0.19517630125079946,0.017972795259439643,-0.03334975956248389,0.2364526918006859,-0.23793202492792556,0.24017457865715375,0.0009940698008464276,0.0037218868564678487,0.23520420787230414
v5c0_corrected_v4b_075c,15.0,45.0,0.09375,0.2031254651795149,0.017972795259439643,-0.03334975956248389,0.2364526918006859,-0.23793202492792556,0.24017457865715375,0.0009940698008464276,0.0037218868564678487,0.23520420787230414
v4b_legacy_025c,15.0,45.0,0.1015625,0.22383474891219193,0.018123823972055503,-0.05157457611656646,0.28374880840500555,-0.22796505118206484,0.2874620253399943,0.02457770957905533,0.0037132169349887723,0.24882954382613137
v5c0_corrected_v4b_075c,15.0,45.0,0.1015625,0.2320577086985324,0.018123823972055503,-0.05157457611656646,0.28374880840500555,-0.22796505118206484,0.2874620253399943,0.02457770957905533,0.0037132169349887723,0.24882954382613137
v4b_legacy_025c,15.0,45.0,0.109375,0.25442910493183846,0.01822864748146524,-0.06741629557469085,0.33058740379058715,-0.21640387357837246,0.33426986794711533,0.04844074643094983,0.0036824641565281757,0.2611621558527941
v5c0_corrected_v4b_075c,15.0,45.0,0.109375,0.2628722019629067,0.01822864748146524,-0.06741629557469085,0.33058740379058715,-0.21640387357837246,0.33426986794711533,0.04844074643094983,0.0036824641565281757,0.2611621558527941
v4b_legacy_025c,15.0,45.0,0.1171875,0.2867352085382176,0.018287136155559717,-0.08063578242812698,0.37649702722337003,-0.20318005830408786,0.38012728930169193,0.07243651816429629,0.0036302620783218997,0.27198631439006227
v5c0_corrected_v4b_075c,15.0,45.0,0.1171875,0.2953393213802395,0.018287136155559717,-0.08063578242812698,0.37649702722337003,-0.20318005830408786,0.38012728930169193,0.07243651816429629,0.0036302620783218997,0.27198631439006227
v4b_legacy_025c,15.0,45.0,0.125,0.3200279938952108,0.018299301056474773,-0.09150828005443103,0.4210109408390755,-0.18825847447364907,0.4245684699322165,0.09641358768014874,0.0035575290931409986,0.2811145330606568
v5c0_corrected_v4b_075c,15.0,45.0,0.125,0.32872972246017906,0.018299301056474773,-0.09150828005443103,0.4210109408390755,-0.18825847447364907,0.4245684699322165,0.09641358768014874,0.0035575290931409986,0.2811145330606568
v4b_legacy_025c,15.0,45.0,0.1328125,0.35373387166660414,0.01826528991082574,-0.10016397365049313,0.4636725612803677,-0.17164393450321078,0.46713800350141393,0.12021340404245578,0.003465442221046222,0.2883918963246203
v5c0_corrected_v4b_075c,15.0,45.0,0.1328125,0.36246687548195244,0.01826528991082574,-0.10016397365049313,0.4636725612803677,-0.17164393450321078,0.46713800350141393,0.12021340404245578,0.003465442221046222,0.2883918963246203
v4b_legacy_025c,15.0,45.0,0.140625,0.38626021736080096,0.01818538238099874,-0.1077852823603875,0.5040409437836075,-0.15338601522708442,0.5073963513413248,0.14366859767841733,0.003355407557717238,0.2936992053477845
v5c0_corrected_v4b_075c,15.0,45.0,0.140625,0.3949566572727632,0.01818538238099874,-0.1077852823603875,0.5040409437836075,-0.15338601522708442,0.5073963513413248,0.14366859767841733,0.003355407557717238,0.2936992053477845
v4b_legacy_025c,15.0,45.0,0.1484375,0.4176062517126724,0.018059984766189585,-0.11395247057139497,0.5416962549721609,-0.13358186561153126,0.5449252831987269,0.16660210658979854,0.003229028226566011,0.2969549439747638
v5c0_corrected_v4b_075c,15.0,45.0,0.1484375,0.42619828170366736,0.018059984766189585,-0.11395247057139497,0.5416962549721609,-0.13358186561153126,0.5449252831987269,0.16660210658979854,0.003229028226566011,0.2969549439747638
v4b_legacy_025c,15.0,45.0,0.15625,0.44617836797329097,0.017889624256911988,-0.11989235178409366,0.5762450808697399,-0.11237699750010079,0.5793331515048232,0.18882718153001066,0.0030880706350833176,0.2981161083950281
v5c0_corrected_v4b_075c,15.0,45.0,0.15625,0.4545996237724942,0.017889624256911988,-0.11989235178409366,0.5762450808697399,-0.11237699750010079,0.5793331515048232,0.18882718153001066,0.0030880706350833176,0.2981161083950281
v4b_legacy_025c,15.0,45.0,0.1640625,0.47030347101959885,0.017674942859588025,-0.12694113980536612,0.6073254867850434,-0.08996408583632298,0.6102599165750576,0.2101483204901961,0.002934429790014237,0.29717797653650485
v5c0_corrected_v4b_075c,15.0,45.0,0.1640625,0.4784905045640238,0.017674942859588025,-0.12694113980536612,0.6073254867850434,-0.08996408583632298,0.6102599165750576,0.2101483204901961,0.002934429790014237,0.29717797653650485
v4b_legacy_025c,15.0,45.0,0.171875,0.4928404017287428,0.017416691099287326,-0.1318554158929291,0.6346117707373282,-0.06657986746834957,0.6373818651192654,0.23036314423785378,0.002770094381937205,0.29417291732426615
v5c0_corrected_v4b_075c,15.0,45.0,0.171875,0.5007340149414929,0.017416691099287326,-0.1318554158929291,0.6346117707373282,-0.06657986746834957,0.6373818651192654,0.23036314423785378,0.002770094381937205,0.29417291732426615
v4b_legacy_025c,15.0,45.0,0.1796875,0.5129129311710963,0.017115721599285552,-0.1352338822965704,0.657818655306887,-0.04250047817909547,0.6604157676137312,0.24926499087284193,0.0025971123068442292,0.28916835674509317
v5c0_corrected_v4b_075c,15.0,45.0,0.1796875,0.5204593685673123,0.017115721599285552,-0.1352338822965704,0.657818655306887,-0.04250047817909547,0.6604157676137312,0.24926499087284193,0.0025971123068442292,0.28916835674509317
v4b_legacy_025c,15.0,45.0,0.1875,0.5337501457244019,0.016772982626337557,-0.13354191313684216,0.6767050300917486,-0.018035296004988568,0.6791225873404677,0.26664628942694424,0.00241755724871906,0.2822640281832137
v5c0_corrected_v4b_075c,15.0,45.0,0.1875,0.5409021126138781,0.016772982626337557,-0.13354191313684216,0.6767050300917486,-0.018035296004988568,0.6791225873404677,0.26664628942694424,0.00241755724871906,0.2822640281832137
v4b_legacy_025c,15.0,45.0,0.1953125,0.5397449960517579,0.016389511680764406,-0.1424464658336689,0.6910770400552612,0.006480305018454603,0.6933105369561557,0.28230244158550777,0.0022334969008945826,0.2735886396661586
v5c0_corrected_v4b_075c,15.0,45.0,0.1953125,0.5464624771581854,0.016389511680764406,-0.1424464658336689,0.6910770400552612,0.006480305018454603,0.6933105369561557,0.28230244158550777,0.0022334969008945826,0.2735886396661586
v4b_legacy_025c,15.0,45.0,0.203125,0.5504612580766475,0.015966429200894066,-0.14189561572504256,0.7007903712136926,0.030692907355298952,0.7028373345670732,0.29603596200990095,0.0020469633533806153,0.2632960913012214
v5c0_corrected_v4b_075c,15.0,45.0,0.203125,0.5567121198306613,0.015966429200894066,-0.14189561572504256,0.7007903712136926,0.030692907355298952,0.7028373345670732,0.29603596200990095,0.0020469633533806153,0.2632960913012214
v4b_legacy_025c,15.0,45.0,0.2109375,0.5587732702701826,0.015504932442245928,-0.1390327708497062,0.7057520020107656,0.05423967535038456,0.7076119281278143,0.307660974479506,0.0018599261170486603,0.2515613730120728
v5c0_corrected_v4b_075c,15.0,45.0,0.2109375,0.5645336384808621,0.015504932442245928,-0.1390327708497062,0.7057520020107656,0.05423967535038456,0.7076119281278143,0.307660974479506,0.0018599261170486603,0.2515613730120728
v4b_legacy_025c,15.0,45.0,0.21875,0.5676456999865142,0.015006289583210616,-0.13079663758386362,0.7059209826295569,0.07675697596957,0.7075952508223289,0.3170075105131983,0.0016742681927719438,0.23857626635085638
v5c0_corrected_v4b_075c,15.0,45.0,0.21875,0.5729001127198282,0.015006289583210616,-0.13079663758386362,0.7059209826295569,0.07675697596957,0.7075952508223289,0.3170075105131983,0.0016742681927719438,0.23857626635085638
v4b_legacy_025c,15.0,45.0,0.2265625,0.5615692921210323,0.014471834100894324,-0.13293040191986655,0.7013085349981794,0.09788898085263201,0.7028003005223709,0.32392571164425776,0.0014917655241915018,0.22454496526743425
v5c0_corrected_v4b_075c,15.0,45.0,0.2265625,0.5663106351307652,0.014471834100894324,-0.13293040191986655,0.7013085349981794,0.09788898085263201,0.7028003005223709,0.32392571164425776,0.0014917655241915018,0.22454496526743425
v4b_legacy_025c,15.0,45.0,0.234375,0.5501348413323177,0.013902959453273358,-0.13574003054129158,0.691977457312089,0.11729595830215642,0.693291527409093,0.3282897482453733,0.0013140700970039054,0.209679719846213
v5c0_corrected_v4b_075c,15.0,45.0,0.234375,0.5543640800725171,0.013902959453273358,-0.13574003054129158,0.691977457312089,0.11729595830215642,0.693291527409093,0.3282897482453733,0.0013140700970039054,0.209679719846213
v4b_legacy_025c,15.0,45.0,0.2421875,0.5519663744393293,0.013301114096808725,-0.12044881313835759,0.6780406276008683,0.13466182662554624,0.6791833244672153,0.3300011182371781,0.0011426968663470483,0.1941965947452848
v5c0_corrected_v4b_075c,15.0,45.0,0.2421875,0.5556921023695951,0.013301114096808725,-0.12044881313835759,0.6780406276008683,0.13466182662554624,0.6791833244672153,0.3300011182371781,0.0011426968663470483,0.1941965947452848
v4b_legacy_025c,15.0,45.0,0.25,0.5455731676802412,0.012667796862147954,-0.10900671511892605,0.6596590511424532,0.14970113680886316,0.6606380657504844,0.3289915723794435,0.0009790146080312923,0.17831142096254904
v5c0_corrected_v4b_075c,15.0,45.0,0.25,0.548810995147227,0.012667796862147954,-0.10900671511892605,0.6596590511424532,0.14970113680886316,0.6606380657504844,0.3289915723794435,0.0009790146080312923,0.17831142096254904
v4b_legacy_025c,15.0,45.0,0.2578125,0.5362450652830129,0.012004552704420588,-0.09624879303599493,0.6370390860699707,0.16216496122221186,0.6378633267702305,0.32522520809564126,0.0008242407002597707,0.16223600617316963
v5c0_corrected_v4b_075c,15.0,45.0,0.2578125,0.539016876669933,0.012004552704420588,-0.09624879303599493,0.6370390860699707,0.16216496122221186,0.6378633267702305,0.32522520809564126,0.0008242407002597707,0.16223600617316963
v4b_legacy_025c,15.0,45.0,0.265625,0.4917638111650216,0.011312968838832418,-0.11500489601306554,0.6104293403894723,0.17184596877592354,0.6111087801409105,0.3187000643105705,0.0006794397514382489,0.14617465578320873
v5c0_corrected_v4b_075c,15.0,45.0,0.265625,0.49409692024236235,0.011312968838832418,-0.11500489601306554,0.6104293403894723,0.17184596877592354,0.6111087801409105,0.3187000643105705,0.0006794397514382489,0.14617465578320873
v4b_legacy_025c,15.0,45.0,0.2734375,0.4818151932826039,0.01059467126669131,-0.09505468148475597,0.58011692936302,0.17858227186725564,0.5806624552610006,0.3105173949678676,0.0005455258979806255,0.13138959720263135
v5c0_corrected_v4b_075c,15.0,45.0,0.2734375,0.48375274877080937,0.01059467126669131,-0.09505468148475597,0.58011692936302,0.17858227186725564,0.5806624552610006,0.3105173949678676,0.0005455258979806255,0.13138959720263135
v4b_legacy_025c,15.0,45.0,0.28125,0.45648072330497264,0.009851321691561709,-0.08721450490428756,0.5464235387877244,0.18226034985038306,0.5468468072926814,0.3139209476714126,0.0004232685049569973,0.13123732931607254
v5c0_corrected_v4b_075c,15.0,45.0,0.28125,0.4581968529589637,0.009851321691561709,-0.08721450490428756,0.5464235387877244,0.18226034985038306,0.5468468072926814,0.3139209476714126,0.0004232685049569973,0.13123732931607254
v4b_legacy_025c,15.0,45.0,0.2890625,0.4197998134744817,0.009084614819850947,-0.08772865176825627,0.5097011021722035,0.18281680401174918,0.510014403085385,0.32704900946887366,0.0003133009131814912,0.143918904543943
v5c0_corrected_v4b_075c,15.0,45.0,0.2890625,0.42142056220073976,0.009084614819850947,-0.08772865176825627,0.5097011021722035,0.18281680401174918,0.510014403085385,0.32704900946887366,0.0003133009131814912,0.143918904543943
v4b_legacy_025c,15.0,45.0,0.296875,0.3961996170846091,0.008296276034686688,-0.07232110957325724,0.47032738269767793,0.1802391650559284,0.4705435144877832,0.3421382256983304,0.00021613179010526729,0.16168292885229674
v5c0_corrected_v4b_075c,15.0,45.0,0.296875,0.3977571150825696,0.008296276034686688,-0.07232110957325724,0.47032738269767793,0.1802391650559284,0.4705435144877832,0.3421382256983304,0.00021613179010526729,0.16168292885229674
v4b_legacy_025c,15.0,45.0,0.3046875,0.3640251519561196,0.007488059426364446,-0.06325899513551166,0.42870140243525684,0.17617369788811554,0.42883356099513475,0.35169412971000985,0.00013215855987791514,0.1753882732620164
v5c0_corrected_v4b_075c,15.0,45.0,0.3046875,0.36547062832887095,0.007488059426364446,-0.06325899513551166,0.42870140243525684,0.17617369788811554,0.42883356099513475,0.35169412971000985,0.00013215855987791514,0.1753882732620164
v4b_legacy_025c,15.0,45.0,0.3125,0.3391560244435512,0.0066617461568495495,-0.04514430830673137,0.38523888455930233,0.19920781969929774,0.3853005668708723,0.3491664311024114,6.168231156994386e-05,0.14989692909154373
v5c0_corrected_v4b_075c,15.0,45.0,0.3125,0.34021628204642024,0.0066617461568495495,-0.04514430830673137,0.38523888455930233,0.19920781969929774,0.3853005668708723,0.3491664311024114,6.168231156994386e-05,0.14989692909154373
v4b_legacy_025c,15.0,45.0,0.3203125,0.30153468936095335,0.005819143129745124,-0.03844483935465311,0.3403677544846548,0.23520763413547563,0.3403726780002113,0.3295413449154582,4.923515556531921e-06,0.09432878726442606
v5c0_corrected_v4b_075c,15.0,45.0,0.3203125,0.3020885255908569,0.005819143129745124,-0.03844483935465311,0.3403677544846548,0.23520763413547563,0.3403726780002113,0.3295413449154582,4.923515556531921e-06,0.09432878726442606
v4b_legacy_025c,15.0,45.0,0.328125,0.28501909339286713,0.004962081930742724,-0.00936758004401337,0.2945237267838365,0.25753601694977735,0.2944857646025816,0.2917956486634738,-3.796218125490247e-05,0.03429759389495135
v5c0_corrected_v4b_075c,15.0,45.0,0.328125,0.2851513186825463,0.004962081930742724,-0.00936758004401337,0.2945237267838365,0.25753601694977735,0.2944857646025816,0.2917956486634738,-3.796218125490247e-05,0.03429759389495135
v4b_legacy_025c,15.0,45.0,0.3359375,0.25640665066461077,0.004092417996838033,0.008293636026559872,0.24814605048424784,0.24836723491312712,0.2480791816269824,0.25039833376794157,-6.686885726545078e-05,0.002097967712079901
v5c0_corrected_v4b_075c,15.0,45.0,0.3359375,0.25634836756816703,0.004092417996838033,0.008293636026559872,0.24814605048424784,0.24836723491312712,0.2480791816269824,0.25039833376794157,-6.686885726545078e-05,0.002097967712079901
v4b_legacy_025c,15.0,45.0,0.34375,0.2174730506420333,0.003212029965540426,0.015827008213163248,0.20167346956132534,0.20896159963526117,0.20159174284048645,0.20887987291442225,-8.172672083889276e-05,-2.7755575615628914e-17
v5c0_corrected_v4b_075c,15.0,45.0,0.34375,0.2173913239211944,0.003212029965540426,0.015827008213163248,0.20167346956132534,0.20896159963526117,0.20159174284048645,0.20887987291442225,-8.172672083889276e-05,-2.7755575615628914e-17
v4b_legacy_025c,15.0,45.0,0.3515625,0.20905074944661245,0.0023228191479991544,0.05360662166251256,0.15554037410261953,0.16771186354548595,0.15545788327127066,0.16762937271413705,-8.249083134886925e-05,-2.7755575615628914e-17
v5c0_corrected_v4b_075c,15.0,45.0,0.3515625,0.20896825861526358,0.0023228191479991544,0.05360662166251256,0.15554037410261953,0.16771186354548595,0.15545788327127066,0.16762937271413705,-8.249083134886925e-05,-2.7755575615628914e-17
v4b_legacy_025c,15.0,45.0,0.359375,0.17023808373343524,0.001426709062537105,0.060126523243352166,0.11017319609557286,0.12709847592622459,0.11010406316593825,0.12702934299658997,-6.913292963460493e-05,-1.3877787807814457e-17
v5c0_corrected_v4b_075c,15.0,45.0,0.359375,0.17016895080380065,0.001426709062537105,0.060126523243352166,0.11017319609557286,0.12709847592622459,0.11010406316593825,0.12702934299658997,-6.913292963460493e-05,-1.3877787807814457e-17
v4b_legacy_025c,15.0,45.0,0.3671875,0.14415690183868976,0.000525644957724657,0.07819965743825846,0.06598704448971061,0.08749427324324431,0.06594540737535805,0.08745263612889176,-4.163711435256623e-05,1.3877787807814457e-17
v5c0_corrected_v4b_075c,15.0,45.0,0.3671875,0.1441152647243372,0.000525644957724657,0.07819965743825846,0.06598704448971061,0.08749427324324431,0.06594540737535805,0.08745263612889176,-4.163711435256623e-05,1.3877787807814457e-17
v4b_legacy_025c,15.0,45.0,0.375,0.09990748621269967,0.000378406752875306,0.07654408687527606,0.02338257210034487,0.04925958505167047,0.02338257210034487,0.04925958505167047,0.0,0.0
v5c0_corrected_v4b_075c,15.0,45.0,0.375,0.09990748621269967,0.000378406752875306,0.07654408687527606,0.02338257210034487,0.04925958505167047,0.02338257210034487,0.04925958505167047,0.0,0.0
v4b_legacy_025c,15.0,45.0,0.3828125,0.04824822516932786,0.0012834592284265913,0.06555077280180617,-0.017256915175710562,0.012739586982311483,-0.017201151015163223,0.01279535114285882,5.5764160547339126e-05,-1.734723475976807e-18
v5c0_corrected_v4b_075c,15.0,45.0,0.3828125,0.04830398932987521,0.0012834592284265913,0.06555077280180617,-0.017256915175710562,0.012739586982311483,-0.017201151015163223,0.01279535114285882,5.5764160547339126e-05,-1.734723475976807e-18
v4b_legacy_025c,15.0,45.0,0.390625,0.005901014572340553,0.0021875062001930554,0.061529740221707055,-0.0555681322529491,-0.021738151882005573,-0.05544251913498091,-0.021612538764037383,0.00012561311796818742,3.469446951953614e-18
v5c0_corrected_v4b_075c,15.0,45.0,0.390625,0.00602662769030874,0.0021875062001930554,0.061529740221707055,-0.0555681322529491,-0.021738151882005573,-0.05544251913498091,-0.021612538764037383,0.00012561311796818742,3.469446951953614e-18
v4b_legacy_025c,15.0,45.0,0.3984375,-0.03426952653804929,0.0030885233250268485,0.05700146660336937,-0.09121028166958063,-0.053865934488320596,-0.09100082063366563,-0.0536564734524056,0.0002094610359150012,-6.938893903907228e-18
v5c0_corrected_v4b_075c,15.0,45.0,0.3984375,-0.03406006550213428,0.0030885233250268485,0.05700146660336937,-0.09121028166958063,-0.053865934488320596,-0.09100082063366563,-0.0536564734524056,0.0002094610359150012,-6.938893903907228e-18
v4b_legacy_025c,15.0,45.0,0.40625,-0.08496316914891461,0.003984469986268187,0.03889773325272093,-0.12386732364838925,-0.08335802178658515,-0.12356016564339933,-0.08305086378159524,0.0003071580049899131,0.0
v5c0_corrected_v4b_075c,15.0,45.0,0.40625,-0.0846560111439247,0.003984469986268187,0.03889773325272093,-0.12386732364838925,-0.08335802178658515,-0.12356016564339933,-0.08305086378159524,0.0003071580049899131,0.0
v4b_legacy_025c,15.0,45.0,0.4140625,-0.12709874459953294,0.00487329163305605,0.02606735064503605,-0.15325006285088708,-0.10995254979395427,-0.15283159746861724,-0.10953408441168443,0.00041846538226983365,1.3877787807814457e-17
v5c0_corrected_v4b_075c,15.0,45.0,0.4140625,-0.1266802792172631,0.00487329163305605,0.02606735064503605,-0.15325006285088708,-0.10995254979395427,-0.15283159746861724,-0.10953408441168443,0.00041846538226983365,1.3877787807814457e-17
v4b_legacy_025c,15.0,45.0,0.421875,-0.1806475739700339,0.005752922742924084,-0.0018228190352023014,-0.17909806245894216,-0.13341328642923114,-0.17855503436805048,-0.13287025833833943,0.000543028090891684,2.7755575615628914e-17
v5c0_corrected_v4b_075c,15.0,45.0,0.421875,-0.1801045458791422,0.005752922742924084,-0.0018228190352023014,-0.17909806245894216,-0.13341328642923114,-0.17855503436805048,-0.13287025833833943,0.000543028090891684,2.7755575615628914e-17
v4b_legacy_025c,15.0,45.0,0.4296875,-0.2137993417252284,0.006621290481982855,-0.0130196618218317,-0.20118139240884572,-0.1535312336659272,-0.2005010469830126,-0.15285088824009407,0.0006803454258331176,0.0
v5c0_corrected_v4b_075c,15.0,45.0,0.4296875,-0.21311899629939532,0.006621290481982855,-0.0130196618218317,-0.20118139240884572,-0.1535312336659272,-0.2005010469830126,-0.15285088824009407,0.0006803454258331176,0.0
v4b_legacy_025c,15.0,45.0,0.4375,-0.23274345928856727,0.007476316752932478,-0.01391292006140403,-0.21930221300238154,-0.17012607587084805,-0.21847247072281525,-0.16929633359128174,0.0008297422795662812,2.7755575615628914e-17
v5c0_corrected_v4b_075c,15.0,45.0,0.4375,-0.231913717009001,0.007476316752932478,-0.01391292006140403,-0.21930221300238154,-0.17012607587084805,-0.21847247072281525,-0.16929633359128174,0.0008297422795662812,2.7755575615628914e-17
v4b_legacy_025c,15.0,45.0,0.4453125,-0.2386423061393172,0.008315899810992154,-0.005812311448126581,-0.23329619260682208,-0.18304747323116954,-0.23230584963175513,-0.18205713025610262,0.000990342975066949,-2.7755575615628914e-17
v5c0_corrected_v4b_075c,15.0,45.0,0.4453125,-0.23765196316425025,0.008315899810992154,-0.005812311448126581,-0.23329619260682208,-0.18304747323116954,-0.23230584963175513,-0.18205713025610262,0.000990342975066949,-2.7755575615628914e-17
v4b_legacy_025c,15.0,45.0,0.453125,-0.2469578652430989,0.009137922610623319,-0.00442934520633284,-0.2430337274588967,-0.19217617172963825,-0.24187267743638186,-0.1910151217071234,0.001161050022514848,0.0
v5c0_corrected_v4b_075c,15.0,45.0,0.453125,-0.24579681522058408,0.009137922610623319,-0.00442934520633284,-0.2430337274588967,-0.19217617172963825,-0.24187267743638186,-0.1910151217071234,0.001161050022514848,0.0
v4b_legacy_025c,15.0,45.0,0.4609375,-0.24481646674522806,0.009940268847460309,0.003128571936440682,-0.24842085399384708,-0.19742483304973588,-0.24708032393818063,-0.1960843029940694,0.0013405300556664501,2.7755575615628914e-17
v5c0_corrected_v4b_075c,15.0,45.0,0.4609375,-0.2434759366895616,0.009940268847460309,0.003128571936440682,-0.24842085399384708,-0.19742483304973588,-0.24708032393818063,-0.1960843029940694,0.0013405300556664501,2.7755575615628914e-17
v4b_legacy_025c,15.0,45.0,0.46875,-0.24127580948435495,0.010720831887902207,0.007663355807706973,-0.24940013906783065,-0.19873883491164762,-0.24787293014093748,-0.19721162598475447,0.0015272089268931754,-2.7755575615628914e-17
v5c0_corrected_v4b_075c,15.0,45.0,0.46875,-0.2397486005574618,0.010720831887902207,0.007663355807706973,-0.24940013906783065,-0.19873883491164762,-0.24787293014093748,-0.19721162598475447,0.0015272089268931754,-2.7755575615628914e-17
v4b_legacy_025c,15.0,45.0,0.4765625,-0.2404589764044653,0.011477524626696517,0.004977645117736778,-0.24595169696819422,-0.196097176152533,-0.24423241952351113,-0.19437789870784988,0.0017192774446830872,2.7755575615628914e-17
v5c0_corrected_v4b_075c,15.0,45.0,0.4765625,-0.23873969895978225,0.011477524626696517,0.004977645117736778,-0.24595169696819422,-0.196097176152533,-0.24423241952351113,-0.19437789870784988,0.0017192774446830872,2.7755575615628914e-17
v4b_legacy_025c,15.0,45.0,0.484375,-0.20941548905244126,0.012208290141965582,0.028432356991731213,-0.23809382383305222,-0.18951304425147616,-0.2361791152791344,-0.18759833569755832,0.0019147085539178155,2.7755575615628914e-17
v5c0_corrected_v4b_075c,15.0,45.0,0.484375,-0.20750078049852344,0.012208290141965582,0.028432356991731213,-0.23809382383305222,-0.18951304425147616,-0.2361791152791344,-0.18759833569755832,0.0019147085539178155,2.7755575615628914e-17
v4b_legacy_025c,15.0,45.0,0.4921875,-0.1885557750808754,0.012911112978009764,0.03720297658591118,-0.22588329533254153,-0.17903408096936985,-0.2237720093836177,-0.17692279502044603,0.0021112859489238467,-2.7755575615628914e-17
v5c0_corrected_v4b_075c,15.0,45.0,0.4921875,-0.18644448913195155,0.012911112978009764,0.03720297658591118,-0.22588329533254153,-0.17903408096936985,-0.2237720093836177,-0.17692279502044603,0.0021112859489238467,-2.7755575615628914e-17
v4b_legacy_025c,15.0,45.0,0.5,-0.15682012877424004,0.01358403085207501,0.05283454313128726,-0.20941540134270814,-0.17419496446785881,-0.2071087580844772,-0.16243576466857426,0.0023066432582309337,0.00945255654105362
v5c0_corrected_v4b_075c,15.0,45.0,0.5,-0.15438508169632445,0.01358403085207501,0.05283454313128726,-0.20941540134270814,-0.17419496446785881,-0.2071087580844772,-0.16243576466857426,0.0023066432582309337,0.00945255654105362
v4b_legacy_025c,15.0,45.0,0.5078125,-0.14319495667847598,0.014225146554729375,0.046500452456973713,-0.18882358776153085,-0.20361047393158888,-0.18632527561577414,-0.1442559877469975,0.002498312145756715,0.05685617403883467
v5c0_corrected_v4b_075c,15.0,45.0,0.5078125,-0.13988785712447566,0.014225146554729375,0.046500452456973713,-0.18882358776153085,-0.20361047393158888,-0.18632527561577414,-0.1442559877469975,0.002498312145756715,0.05685617403883467
v4b_legacy_025c,15.0,45.0,0.515625,-0.1211302917370655,0.014832639796737743,0.04507129859432412,-0.1642774780601001,-0.24892767864980744,-0.16159370103189608,-0.12253466038867637,0.0026837770282040208,0.12370924123292706
v5c0_corrected_v4b_075c,15.0,45.0,0.515625,-0.11661158009412574,0.014832639796737743,0.04507129859432412,-0.1642774780601001,-0.24892767864980744,-0.16159370103189608,-0.12253466038867637,0.0026837770282040208,0.12370924123292706
v4b_legacy_025c,15.0,45.0,0.5234375,-0.09906582025817989,0.01540477874981777,0.03962016035670353,-0.13598125557790097,-0.271938108101985,-0.1331207218942018,-0.09745391544139075,0.002860533683699179,0.17162365897689505
v5c0_corrected_v4b_075c,15.0,45.0,0.5234375,-0.09356146207970746,0.01540477874981777,0.03962016035670353,-0.13598125557790097,-0.271938108101985,-0.1331207218942018,-0.09745391544139075,0.002860533683699179,0.17162365897689505
v4b_legacy_025c,15.0,45.0,0.53125,-0.0734773821992622,0.01593993103495092,0.033921739767773414,-0.10417904454064321,-0.2722705643868452,-0.10115289568128599,-0.07028746510227618,0.0030261488593572167,0.19895695042521183
v5c0_corrected_v4b_075c,15.0,45.0,0.53125,-0.06727987327120297,0.01593993103495092,0.033921739767773414,-0.10417904454064321,-0.2722705643868452,-0.10115289568128599,-0.07028746510227618,0.0030261488593572167,0.19895695042521183
v4b_legacy_025c,15.0,45.0,0.5390625,-0.04447764031458189,0.01643657392957098,0.02846938454328638,-0.06915116855184204,-0.2716214142679445,-0.06597285047730188,-0.05801518356284413,0.003178318074540165,0.2104279126305602
v5c0_corrected_v4b_075c,15.0,45.0,0.5390625,-0.03784060829724422,0.01643657392957098,0.02846938454328638,-0.06915116855184204,-0.2716214142679445,-0.06597285047730188,-0.05801518356284413,0.003178318074540165,0.2104279126305602
v4b_legacy_025c,15.0,45.0,0.546875,-0.007440353702179165,0.01689330359258866,0.02828297837949507,-0.031211258439161855,-0.2700207180652144,-0.027896339313082302,-0.06183089596657233,0.0033149191260795526,0.2048749029725625
v5c0_corrected_v4b_075c,15.0,45.0,0.546875,-0.0006644206416819693,0.01689330359258866,0.02828297837949507,-0.031211258439161855,-0.2700207180652144,-0.027896339313082302,-0.06183089596657233,0.0033149191260795526,0.2048749029725625
v4b_legacy_025c,15.0,45.0,0.5546875,0.023383162753497617,0.017308843141713253,0.019210027658198913,0.009295994988871093,-0.26746175819361556,0.012730054259584223,-0.07248201426831508,0.0034340592707131305,0.19154568465458735
v5c0_corrected_v4b_075c,15.0,45.0,0.5546875,0.03013265623436907,0.017308843141713253,0.019210027658198913,0.009295994988871093,-0.26746175819361556,0.012730054259584223,-0.07248201426831508,0.0034340592707131305,0.19154568465458735
v4b_legacy_025c,15.0,45.0,0.5625,0.05920983865790325,0.017682049458291188,0.013028613147395715,0.05199736203551929,-0.26390289353962626,0.05553147665148891,-0.07818813653529513,0.0035341146159696205,0.1821806423883615
v5c0_corrected_v4b_075c,15.0,45.0,0.5625,0.06596528040292714,0.017682049458291188,0.013028613147395715,0.05199736203551929,-0.26390289353962626,0.05553147665148891,-0.07818813653529513,0.0035341146159696205,0.1821806423883615
v4b_legacy_025c,15.0,45.0,0.5703125,0.09823168622133291,0.018011918638104,0.008295221097900481,0.09649390846329257,-0.2592722162405779,0.10010766928655401,-0.06662728341142561,0.0036137608232614388,0.18903117200589087
v5c0_corrected_v4b_075c,15.0,45.0,0.5703125,0.10525026113482991,0.018011918638104,0.008295221097900481,0.09649390846329257,-0.2592722162405779,0.10010766928655401,-0.06662728341142561,0.0036137608232614388,0.18903117200589087
v4b_legacy_025c,15.0,45.0,0.578125,0.13785877976155947,0.018297590049571558,0.0027884347083282843,0.1423642618226655,-0.25347448604735484,0.14603625658077846,-0.04475677354727489,0.0036719947581129453,0.205045717741967
v5c0_corrected_v4b_075c,15.0,45.0,0.578125,0.1452826170043351,0.018297590049571558,0.0027884347083282843,0.1423642618226655,-0.25347448604735484,0.14603625658077846,-0.04475677354727489,0.0036719947581129453,0.205045717741967
v4b_legacy_025c,15.0,45.0,0.5859375,0.16859670652373168,0.01853834900125918,-0.012732868204758137,0.18916824161059867,-0.24639984679507534,0.19287638878338947,-0.022167038726298476,0.0037081471727908044,0.22052466089598607
v5c0_corrected_v4b_075c,15.0,45.0,0.5859375,0.1763930168235966,0.01853834900125918,-0.012732868204758137,0.18916824161059867,-0.24639984679507534,0.19287638878338947,-0.022167038726298476,0.0037081471727908044,0.22052466089598607
v4b_legacy_025c,15.0,45.0,0.59375,0.1967535553465201,0.018733628056671954,-0.0313986166118846,0.23645090568383842,-0.2379336451170287,0.24017279254030624,0.000992449611744981,0.003721886856467821,0.23520420787230586
v5c0_corrected_v4b_075c,15.0,45.0,0.59375,0.2048816703506318,0.018733628056671954,-0.0313986166118846,0.23645090568383842,-0.2379336451170287,0.24017279254030624,0.000992449611744981,0.003721886856467821,0.23520420787230586
v4b_legacy_025c,15.0,45.0,0.6015625,0.225510953896577,0.018883007064811348,-0.04950817607607001,0.28374695994781046,-0.2279667295407848,0.28746017688279923,0.024576031220333024,0.0037132169349887723,0.24882954382612904
v5c0_corrected_v4b_075c,15.0,45.0,0.6015625,0.23392282086556831,0.018883007064811348,-0.04950817607607001,0.28374695994781046,-0.2279667295407848,0.28746017688279923,0.024576031220333024,0.0037132169349887723,0.24882954382612904
v4b_legacy_025c,15.0,45.0,0.609375,0.2560214865470522,0.01898621199922797,-0.06542081908843168,0.3305855011534833,-0.2164056026431963,0.3342679653100114,0.04843901736612456,0.00368246415652812,0.26116215585279273
v5c0_corrected_v4b_075c,15.0,45.0,0.609375,0.2646624307607769,0.01898621199922797,-0.06542081908843168,0.3305855011534833,-0.2164056026431963,0.3342679653100114,0.04843901736612456,0.00368246415652812,0.26116215585279273
v4b_legacy_025c,15.0,45.0,0.6171875,0.2881951713562569,0.01904311271621557,-0.07876090711318384,0.3764950783576697,-0.20318183079683513,0.3801253404359916,0.07243474567155064,0.0036302620783218997,0.2719863143900639
v5c0_corrected_v4b_075c,15.0,45.0,0.6171875,0.29700489947677683,0.01904311271621557,-0.07876090711318384,0.3764950783576697,-0.20318183079683513,0.3801253404359916,0.07243474567155064,0.0036302620783218997,0.2719863143900639
v4b_legacy_025c,15.0,45.0,0.625,0.3213526262754022,0.019053719754657254,-0.08975769996669587,0.4210089534739909,-0.18826028331340378,0.424566482567132,0.09641177884039348,0.003557529093141054,0.2811145330606562
v5c0_corrected_v4b_075c,15.0,45.0,0.625,0.3302664329004423,0.019053719754657254,-0.08975769996669587,0.4210089534739909,-0.18826028331340378,0.424566482567132,0.09641177884039348,0.003557529093141054,0.2811145330606562
v4b_legacy_025c,15.0,45.0,0.6328125,0.3548497049302586,0.019018180306458406,-0.09861373146271514,0.46367054291148274,-0.1716457728170241,0.4671359851325288,0.12021156572863768,0.0034654422210460556,0.2883918963246157
v5c0_corrected_v4b_075c,15.0,45.0,0.6328125,0.36379983623452766,0.019018180306458406,-0.09861373146271514,0.46367054291148274,-0.1716457728170241,0.4671359851325288,0.12021156572863768,0.0034654422210460556,0.2883918963246157
v4b_legacy_025c,15.0,45.0,0.640625,0.3879105055426027,0.018936773488264908,-0.10568009414413738,0.5040389016622402,-0.1533878763599551,0.5073943092199574,0.14366673654555048,0.003355407557717238,0.2936992053477884
v5c0_corrected_v4b_075c,15.0,45.0,0.640625,0.39682762842567443,0.018936773488264908,-0.10568009414413738,0.5040389016622402,-0.1533878763599551,0.5073943092199574,0.14366673654555048,0.003355407557717238,0.2936992053477884
v4b_legacy_025c,15.0,45.0,0.6484375,0.4175988061294123,0.018809905043132673,-0.11352894472160023,0.5416941960958138,-0.13358374313541244,0.5449232243223798,0.1666002290659225,0.003229028226566011,0.29695494397476896
v5c0_corrected_v4b_075c,15.0,45.0,0.6484375,0.4264135286542325,0.018809905043132673,-0.11352894472160023,0.5416941960958138,-0.13358374313541244,0.5449232243223798,0.1666002290659225,0.003229028226566011,0.29695494397476896
v4b_legacy_025c,15.0,45.0,0.65625,0.4476394259020844,0.01863810159584443,-0.11796767469615276,0.5762430119732808,-0.11237888522238942,0.579331082608364,0.1888252938077179,0.0030880706350832066,0.2981161083950241
v5c0_corrected_v4b_075c,15.0,45.0,0.65625,0.4562838148527918,0.01863810159584443,-0.11796767469615276,0.5762430119732808,-0.11237888522238942,0.579331082608364,0.1888252938077179,0.0030880706350832066,0.2981161083950241
v4b_legacy_025c,15.0,45.0,0.6640625,0.4742739533391445,0.018422004578460306,-0.1224599503868733,0.6073234143338375,-0.08996597780669598,0.6102578441238518,0.21014642851982424,0.002934429790014237,0.29717797653650596
v5c0_corrected_v4b_075c,15.0,45.0,0.6640625,0.4826829971735318,0.018422004578460306,-0.1224599503868733,0.6073234143338375,-0.08996597780669598,0.6102578441238518,0.21014642851982424,0.002934429790014237,0.29717797653650596
v4b_legacy_025c,15.0,45.0,0.671875,0.4958913847949058,0.0181623639341428,-0.12831349811171122,0.6346097009204101,-0.06658175798546061,0.6373797953023472,0.2303612537207434,0.002770094381937094,0.2941729173242669
v5c0_corrected_v4b_075c,15.0,45.0,0.671875,0.5040043547608547,0.0181623639341428,-0.12831349811171122,0.6346097009204101,-0.06658175798546061,0.6373797953023472,0.2303612537207434,0.002770094381937094,0.2941729173242669
v4b_legacy_025c,15.0,45.0,0.6796875,0.5190820009828114,0.017860031697901443,-0.1285222864079362,0.6578165940313387,-0.04250236179634197,0.6604137063381831,0.24926310725559164,0.0025971123068443402,0.2891683567450893
v5c0_corrected_v4b_075c,15.0,45.0,0.6796875,0.5268436693071532,0.017860031697901443,-0.1285222864079362,0.6578165940313387,-0.04250236179634197,0.6604137063381831,0.24926310725559164,0.0025971123068443402,0.2891683567450893
v4b_legacy_025c,15.0,45.0,0.6875,0.5286765734667792,0.01751595554312844,-0.1382794689512315,0.6767029829777529,-0.018037167535666827,0.679120540226472,0.2666444178962655,0.00241755724871906,0.2822640281832132
v5c0_corrected_v4b_075c,15.0,45.0,0.6875,0.5360382548845798,0.01751595554312844,-0.1382794689512315,0.6767029829777529,-0.018037167535666827,0.679120540226472,0.2666444178962655,0.00241755724871906,0.2822640281832132
v4b_legacy_025c,15.0,45.0,0.6953125,0.5423834887456942,0.017131172373001782,-0.13935082498107115,0.6910750124321704,0.006478450497002638,0.6933085093330649,0.2823005870640585,0.0022334969008944716,0.27358863966616137
v5c0_corrected_v4b_075c,15.0,45.0,0.6953125,0.5493038797920048,0.017131172373001782,-0.13935082498107115,0.6910750124321704,0.006478450497002638,0.6933085093330649,0.2823005870640585,0.0022334969008944716,0.27358863966616137
v4b_legacy_025c,15.0,45.0,0.703125,0.5529709247470148,0.016706802026274677,-0.13894356314936665,0.7007883681168497,0.03069107449815778,0.7028353314702304,0.296034129152761,0.0020469633533806153,0.2632960913012226
v5c0_corrected_v4b_075c,15.0,45.0,0.703125,0.559416723772057,0.016706802026274677,-0.13894356314936665,0.7007883681168497,0.03069107449815778,0.7028353314702304,0.296034129152761,0.0020469633533806153,0.2632960913012226
v4b_legacy_025c,15.0,45.0,0.7109375,0.5596146940970108,0.01624404115782229,-0.13779041695148686,0.7057500281803499,0.05423786854331265,0.7076099542973985,0.30765916767243423,0.0018599261170485493,0.25156137301207304
v5c0_corrected_v4b_075c,15.0,45.0,0.7109375,0.5655609935109858,0.01624404115782229,-0.13779041695148686,0.7057500281803499,0.05423786854331265,0.7076099542973985,0.30765916767243423,0.0018599261170485493,0.25156137301207304
v4b_legacy_025c,15.0,45.0,0.71875,0.5575463410735014,0.015744157345679972,-0.1406819658999643,0.7059190425099084,0.07675519932783557,0.7075933107026806,0.31700573387145914,0.0016742681927721659,0.23857626635085138
v5c0_corrected_v4b_075c,15.0,45.0,0.71875,0.5629767915426463,0.015744157345679972,-0.1406819658999643,0.7059190425099084,0.07675519932783557,0.7075933107026806,0.31700573387145914,0.0016742681927721659,0.23857626635085138
v4b_legacy_025c,15.0,45.0,0.7265625,0.552239266576997,0.015208483468226931,-0.14205064719348626,0.7013066327369142,0.09788723821960563,0.7027983982611058,0.32392396901123544,0.0014917655241916128,0.2245449652674382
v5c0_corrected_v4b_075c,15.0,45.0,0.7265625,0.5571460204933321,0.015208483468226931,-0.14205064719348626,0.7013066327369142,0.09788723821960563,0.7027983982611058,0.32392396901123544,0.0014917655241916128,0.2245449652674382
v4b_legacy_025c,15.0,45.0,0.734375,0.5469287858271251,0.014638412387647707,-0.13866421236147983,0.6919755967624575,0.11729425325099735,0.693289666859461,0.32828804319421845,0.0013140700970035724,0.20967971984621753
v5c0_corrected_v4b_075c,15.0,45.0,0.734375,0.5513122341325641,0.014638412387647707,-0.13866421236147983,0.6919755967624575,0.11729425325099735,0.693289666859461,0.32828804319421845,0.0013140700970035724,0.20967971984621753
v4b_legacy_025c,15.0,45.0,0.7421875,0.5481261206677837,0.014035391968809895,-0.12402692583559623,0.6780388123229023,0.13466016245979132,0.6791815091892492,0.32999945407141973,0.0011426968663469372,0.19419659474528148
v5c0_corrected_v4b_075c,15.0,45.0,0.7421875,0.5519944428603888,0.014035391968809895,-0.12402692583559623,0.6780388123229023,0.13466016245979132,0.6791815091892492,0.32999945407141973,0.0011426968663469372,0.19419659474528148
v4b_legacy_025c,15.0,45.0,0.75,0.5411772720365989,0.013400920456175759,-0.1131625917781657,0.6596572844065808,0.14969951656529307,0.660636299014612,0.3289899521358722,0.0009790146080311812,0.17831142096254793
v5c0_corrected_v4b_075c,15.0,45.0,0.75,0.5445458238133769,0.013400920456175759,-0.1131625917781657,0.6596572844065808,0.14969951656529307,0.660636299014612,0.3289899521358722,0.0009790146080311812,0.17831142096254793
v4b_legacy_025c,15.0,45.0,0.7578125,0.5412368844365528,0.012736542225246544,-0.09091011439465255,0.6370373708590419,0.16216338767253727,0.6378616115593017,0.32522363454596287,0.0008242407002597707,0.16223600617316583
v5c0_corrected_v4b_075c,15.0,45.0,0.7578125,0.5441274508798924,0.012736542225246544,-0.09091011439465255,0.6370373708590419,0.16216338767253727,0.6378616115593017,0.32522363454596287,0.0008242407002597707,0.16223600617316583
v4b_legacy_025c,15.0,45.0,0.765625,0.4972096330091166,0.01204384391923837,-0.10925162792168105,0.6104276794037926,0.17184444443105246,0.6111071191552307,0.3186985399657005,0.0006794397514381378,0.14617465578320993
v5c0_corrected_v4b_075c,15.0,45.0,0.765625,0.49964957749975614,0.01204384391923837,-0.10925162792168105,0.6104276794037926,0.17184444443105246,0.6111071191552307,0.3186985399657005,0.0006794397514381378,0.14617465578320993
v4b_legacy_025c,15.0,45.0,0.7734375,0.4729367115358312,0.01132445097611824,-0.10380701286287095,0.58011532502596,0.17858079898226806,0.5806608509239405,0.31051592208288276,0.0005455258979805144,0.13138959720263418
v5c0_corrected_v4b_075c,15.0,45.0,0.7734375,0.4749701524861049,0.01132445097611824,-0.10380701286287095,0.58011532502596,0.17858079898226806,0.5806608509239405,0.31051592208288276,0.0005455258979805144,0.13138959720263418
v4b_legacy_025c,15.0,45.0,0.78125,0.454481226572707,0.010580024545694205,-0.08902985053698956,0.5464219932490024,0.18225893042749472,0.5468452617539594,0.31391952824852803,0.0004232685049569973,0.13123732931607632
v5c0_corrected_v4b_075c,15.0,45.0,0.78125,0.45629298924313944,0.010580024545694205,-0.08902985053698956,0.5464219932490024,0.18225893042749472,0.5468452617539594,0.31391952824852803,0.0004232685049569973,0.13123732931607632
v4b_legacy_025c,15.0,45.0,0.7890625,0.42512695432411163,0.009812258791061118,-0.08217147866222191,0.5096996173168726,0.18281543980832998,0.5100129182300542,0.3270476452654562,0.00031330091318160225,0.14391890454394463
v5c0_corrected_v4b_075c,15.0,45.0,0.7890625,0.42685242477360447,0.009812258791061118,-0.08217147866222191,0.5096996173168726,0.18281543980832998,0.5100129182300542,0.3270476452654562,0.00031330091318160225,0.14391890454394463
v4b_legacy_025c,15.0,45.0,0.796875,0.3942790205857989,0.00902287856326086,-0.0740980878909219,0.47032596014997263,0.18023785758821578,0.4705420919400779,0.34213691823061704,0.00021613179010526729,0.161682928852296
v5c0_corrected_v4b_075c,15.0,45.0,0.796875,0.3959539978086908,0.00902287856326086,-0.0740980878909219,0.47032596014997263,0.18023785758821578,0.4705420919400779,0.34213691823061704,0.00021613179010526729,0.161682928852296
v4b_legacy_025c,15.0,45.0,0.8046875,0.36965802715442214,0.008213637432436525,-0.0574396346363074,0.42870004356564173,0.1761724484376497,0.42883220212551965,0.3516928802595418,0.00013215855987791514,0.1753882732620142
v5c0_corrected_v4b_075c,15.0,45.0,0.8046875,0.3712307614007753,0.008213637432436525,-0.0574396346363074,0.42870004356564173,0.1761724484376497,0.42883220212551965,0.3516928802595418,0.00013215855987791514,0.1753882732620142
v4b_legacy_025c,15.0,45.0,0.8125,0.33588857923663235,0.007386316052966379,-0.04833192263581527,0.38523759049126516,0.1992066293193033,0.38529927280283516,0.3491652407224235,6.168231156999937e-05,0.1498969290915502
v5c0_corrected_v4b_075c,15.0,45.0,0.8125,0.3370574476418416,0.007386316052966379,-0.04833192263581527,0.38523759049126516,0.1992066293193033,0.38529927280283516,0.3491652407224235,6.168231156999937e-05,0.1498969290915502
v4b_legacy_025c,15.0,45.0,0.8203125,0.30120348681636927,0.006542720833991408,-0.03872839569661668,0.3403665261013434,0.23520650365713333,0.3403714496168998,0.3295402144371081,4.923515556420899e-06,0.09432878726441837
v5c0_corrected_v4b_075c,15.0,45.0,0.8203125,0.30182557725360576,0.006542720833991408,-0.03872839569661668,0.3403665261013434,0.23520650365713333,0.3403714496168998,0.3295402144371081,4.923515556420899e-06,0.09432878726441837
v4b_legacy_025c,15.0,45.0,0.828125,0.28158213821839906,0.005684682880355898,-0.012802944318056682,0.2945225647354604,0.25753494698913393,0.2944846025542055,0.2917945787028232,-3.796218125490247e-05,0.03429759389494419
v5c0_corrected_v4b_075c,15.0,45.0,0.828125,0.2817391469819961,0.005684682880355898,-0.012802944318056682,0.2945225647354604,0.25753494698913393,0.2944846025542055,0.2917945787028232,-3.796218125490247e-05,0.03429759389494419
v4b_legacy_025c,15.0,45.0,0.8359375,0.2519247238569842,0.004814057162246713,0.003796982342580059,0.24814495519473032,0.2483662258774762,0.24807808633746484,0.2503973247322899,-6.686885726547853e-05,0.0020979677120792073
v5c0_corrected_v4b_075c,15.0,45.0,0.8359375,0.25186795473620927,0.004814057162246713,0.003796982342580059,0.24814495519473032,0.2483662258774762,0.24807808633746484,0.2503973247322899,-6.686885726547853e-05,0.0020979677120792073
v4b_legacy_025c,15.0,45.0,0.84375,0.22994142756914027,0.0039327218647636775,0.02835182366531614,0.20167244123589215,0.20896065173033895,0.20159071451505323,0.20887892500950003,-8.172672083892052e-05,0.0
v5c0_corrected_v4b_075c,15.0,45.0,0.84375,0.22985970084830137,0.0039327218647636775,0.02835182366531614,0.20167244123589215,0.20896065173033895,0.20159071451505323,0.20887892500950003,-8.172672083892052e-05,0.0
v4b_legacy_025c,15.0,45.0,0.8515625,0.2027479728510443,0.0030425778613475027,0.04731548824221792,0.15553941273454258,0.16771097678188093,0.15545692190319374,0.16762848595053206,-8.24908313488415e-05,-2.7755575615628914e-17
v5c0_corrected_v4b_075c,15.0,45.0,0.8515625,0.20266548201969545,0.0030425778613475027,0.04731548824221792,0.15553941273454258,0.16771097678188093,0.15545692190319374,0.16762848595053206,-8.24908313488415e-05,-2.7755575615628914e-17
v4b_legacy_025c,15.0,45.0,0.859375,0.17617187689302094,0.0021455482475599627,0.06610509293215178,0.11017230147502348,0.12709765012768462,0.11010316854538882,0.12702851719804997,-6.913292963466044e-05,1.3877787807814457e-17
v5c0_corrected_v4b_075c,15.0,45.0,0.859375,0.1761027439633863,0.0021455482475599627,0.06610509293215178,0.11017230147502348,0.12709765012768462,0.11010316854538882,0.12702851719804997,-6.913292963466044e-05,1.3877787807814457e-17
v4b_legacy_025c,15.0,45.0,0.8671875,0.13973284738712555,0.0012435778643523456,0.07381167575168299,0.06598621620948021,0.08749350805228111,0.06594457909512769,0.08745187093792858,-4.1637114352524596e-05,0.0
v5c0_corrected_v4b_075c,15.0,45.0,0.8671875,0.13969121027277298,0.0012435778643523456,0.07381167575168299,0.06598621620948021,0.08749350805228111,0.06594457909512769,0.08745187093792858,-4.1637114352524596e-05,0.0
v4b_legacy_025c,15.0,45.0,0.875,0.09505680777545752,0.00033863273295650783,0.07169051214052143,0.023381809565928,0.04925887993887231,0.023381809565928,0.04925887993887231,0.0,0.0
v5c0_corrected_v4b_075c,15.0,45.0,0.875,0.09505680777545752,0.00033863273295650783,0.07169051214052143,0.023381809565928,0.04925887993887231,0.023381809565928,0.04925887993887231,0.0,0.0
v4b_legacy_025c,15.0,45.0,0.8828125,0.041978430280031086,0.0005673006827340866,0.059252640017304584,-0.017257612739697357,0.0127389412525601,-0.017201848579150063,0.012794705413107392,5.576416054729402e-05,-1.734723475976807e-18
v5c0_corrected_v4b_075c,15.0,45.0,0.8828125,0.042034194440578376,0.0005673006827340866,0.059252640017304584,-0.017257612739697357,0.0127389412525601,-0.017201848579150063,0.012794705413107392,5.576416054729402e-05,-1.734723475976807e-18
v4b_legacy_025c,15.0,45.0,0.890625,-7.398210600734384e-06,0.0014722164754811327,0.055593407991753524,-0.055568765793872946,-0.021738739081249327,-0.05544315267590473,-0.0216131259632811,0.00012561311796821517,1.0408340855860843e-17
v5c0_corrected_v4b_075c,15.0,45.0,0.890625,0.0001182149073674808,0.0014722164754811327,0.055593407991753524,-0.055568765793872946,-0.021738739081249327,-0.05544315267590473,-0.0216131259632811,0.00012561311796821517,1.0408340855860843e-17
v4b_legacy_025c,15.0,45.0,0.8984375,-0.033542763358798244,0.0023740906481753686,0.05771645407031066,-0.09121085229789777,-0.053866464158729754,-0.09100139126198277,-0.05365700312281476,0.0002094610359150012,-6.938893903907228e-18
v5c0_corrected_v4b_075c,15.0,45.0,0.8984375,-0.03333330232288325,0.0023740906481753686,0.05771645407031066,-0.09121085229789777,-0.053866464158729754,-0.09100139126198277,-0.05365700312281476,0.0002094610359150012,-6.938893903907228e-18
v4b_legacy_025c,15.0,45.0,0.90625,-0.08872361184021521,0.003270882914763644,0.03512661453298505,-0.1238678326299785,-0.08335849507172818,-0.12356067462498858,-0.08305133706673828,0.0003071580049899131,-1.3877787807814457e-17
v5c0_corrected_v4b_075c,15.0,45.0,0.90625,-0.08841645383522528,0.003270882914763644,0.03512661453298505,-0.1238678326299785,-0.08335849507172818,-0.12356067462498858,-0.08305133706673828,0.0003071580049899131,-1.3877787807814457e-17
v4b_legacy_025c,15.0,45.0,0.9140625,-0.13070049443241125,0.00416053903962894,0.02246333562781643,-0.15325051159596725,-0.10995296796915827,-0.1528320462136974,-0.10953450258688839,0.0004184653822698614,1.3877787807814457e-17
v5c0_corrected_v4b_075c,15.0,45.0,0.9140625,-0.1302820290501414,0.00416053903962894,0.02246333562781643,-0.15325051159596725,-0.10995296796915827,-0.1528320462136974,-0.10953450258688839,0.0004184653822698614,1.3877787807814457e-17
v4b_legacy_025c,15.0,45.0,0.921875,-0.1750287594016961,0.005040993800298947,0.0038588487429930592,-0.17909845251383352,-0.1334136508938774,-0.17855542442294178,-0.13287062280298564,0.0005430280908917395,2.7755575615628914e-17
v5c0_corrected_v4b_075c,15.0,45.0,0.921875,-0.17448573131080433,0.005040993800298947,0.0038588487429930592,-0.17909845251383352,-0.1334136508938774,-0.17855542442294178,-0.13287062280298564,0.0005430280908917395,2.7755575615628914e-17
v4b_legacy_025c,15.0,45.0,0.9296875,-0.19394573105729587,0.0059101746477866635,0.0069957194282756745,-0.20118172544487514,-0.15353154593332938,-0.2005013800190419,-0.15285120050749615,0.0006803454258332287,0.0
v5c0_corrected_v4b_075c,15.0,45.0,0.9296875,-0.19326538563146264,0.0059101746477866635,0.0069957194282756745,-0.20118172544487514,-0.15353154593332938,-0.2005013800190419,-0.15285120050749615,0.0006803454258332287,0.0
v4b_legacy_025c,15.0,45.0,0.9375,-0.21709877251526172,0.006766003981500566,0.0018837376193627537,-0.21930249080705577,-0.17012633756006468,-0.2184727485274895,-0.16929659528049842,0.0008297422795662812,-2.7755575615628914e-17
v5c0_corrected_v4b_075c,15.0,45.0,0.9375,-0.21626903023569544,0.006766003981500566,0.0018837376193627537,-0.21930249080705577,-0.17012633756006468,-0.2184727485274895,-0.16929659528049842,0.0008297422795662812,-2.7755575615628914e-17
v4b_legacy_025c,15.0,45.0,0.9453125,-0.24142132669264738,0.007606382680573498,-0.00857232508381267,-0.23329641707120236,-0.18304768605559368,-0.23230607409613552,-0.18205734308052687,0.000990342975066838,-2.7755575615628914e-17
v5c0_corrected_v4b_075c,15.0,45.0,0.9453125,-0.24043098371758054,0.007606382680573498,-0.00857232508381267,-0.23329641707120236,-0.18304768605559368,-0.23230607409613552,-0.18205734308052687,0.000990342975066838,-2.7755575615628914e-17
v4b_legacy_025c,15.0,45.0,0.953125,-0.256585199202657,0.008429197307225281,-0.01409882887884229,-0.24303390056799987,-0.1921763374881547,-0.241872850545485,-0.19101528746563984,0.0011610500225148757,0.0
v5c0_corrected_v4b_075c,15.0,45.0,0.953125,-0.25542414918014206,0.008429197307225281,-0.01409882887884229,-0.24303390056799987,-0.1921763374881547,-0.241872850545485,-0.19101528746563984,0.0011610500225148757,0.0
v4b_legacy_025c,15.0,45.0,0.9609375,-0.24621612455672445,0.00923233512673233,0.001750199298997632,-0.2484209778147894,-0.1974249536159953,-0.24708044775912294,-0.19608442356032887,0.0013405300556664501,-2.7755575615628914e-17
v5c0_corrected_v4b_075c,15.0,45.0,0.9609375,-0.24487559450105797,0.00923233512673233,0.001750199298997632,-0.2484209778147894,-0.1974249536159953,-0.24708044775912294,-0.19608442356032887,0.0013405300556664501,-2.7755575615628914e-17
v4b_legacy_025c,15.0,45.0,0.96875,-0.25151326165807425,0.010013693025132808,-0.002646857476893104,-0.24940021574108845,-0.19873891222607423,-0.2478730068141954,-0.19721170329918117,0.0015272089268930367,2.7755575615628914e-17
v5c0_corrected_v4b_075c,15.0,45.0,0.96875,-0.2499860527311812,0.010013693025132808,-0.002646857476893104,-0.24940021574108845,-0.19873891222607423,-0.2478730068141954,-0.19721170329918117,0.0015272089268930367,2.7755575615628914e-17
v4b_legacy_025c,15.0,45.0,0.9765625,-0.24683687219965172,0.01077118735358237,-0.0014376207218588523,-0.24595172869740592,-0.1960972122131207,-0.24423245125272283,-0.19437793476843765,0.0017192774446830872,-2.7755575615628914e-17
v5c0_corrected_v4b_075c,15.0,45.0,0.9765625,-0.24511759475496867,0.01077118735358237,-0.0014376207218588523,-0.24595172869740592,-0.1960972122131207,-0.24423245125272283,-0.19437793476843765,0.0017192774446830872,-2.7755575615628914e-17
v4b_legacy_025c,15.0,45.0,0.984375,-0.23258924350039506,0.01150276456902036,0.0050033080684949655,-0.2380938128743656,-0.18951304110418013,-0.23617910432044772,-0.18759833255026223,0.001914708553917871,2.7755575615628914e-17
v5c0_corrected_v4b_075c,15.0,45.0,0.984375,-0.2306745349464772,0.01150276456902036,0.0050033080684949655,-0.2380938128743656,-0.18951304110418013,-0.23617910432044772,-0.18759833255026223,0.001914708553917871,2.7755575615628914e-17
v4b_legacy_025c,15.0,45.0,0.9921875,-0.22254544059295858,0.012206412501744783,0.0028001221356992144,-0.22588324398349396,-0.17903404069808834,-0.22377195803457012,-0.1769227547491645,0.0021112859489238467,0.0
v5c0_corrected_v4b_075c,15.0,45.0,0.9921875,-0.22043415464403476,0.012206412501744783,0.0028001221356992144,-0.22588324398349396,-0.17903404069808834,-0.22377195803457012,-0.1769227547491645,0.0021112859489238467,0.0
v4b_legacy_025c,15.0,60.0,0.0,-0.1261155398919485,0.011592990118656308,0.006592950540980814,-0.13303472917606005,-0.09830074342400645,-0.13086433343988904,-0.09613034768783545,0.0021703957361710047,0.0
v5c0_corrected_v4b_075c,15.0,60.0,0.0,-0.1239451441557775,0.011592990118656308,0.006592950540980814,-0.13303472917606005,-0.09830074342400645,-0.13086433343988904,-0.09613034768783545,0.0021703957361710047,0.0
v4b_legacy_025c,15.0,60.0,0.0078125,-0.10918297449788744,0.01228807716796803,0.004814487077868063,-0.11431752256092872,-0.08345656940067436,-0.11202312980523205,-0.07971501027477915,0.002294392755696678,0.0014471663701985382
v5c0_corrected_v4b_075c,15.0,60.0,0.0078125,-0.10687079885015888,0.01228807716796803,0.004814487077868063,-0.11431752256092872,-0.08345656940067436,-0.11202312980523205,-0.07971501027477915,0.002294392755696678,0.0014471663701985382
v4b_legacy_025c,15.0,60.0,0.015625,-0.089172005901329,0.012952216919843695,0.0032240774020908373,-0.09239347792486266,-0.08937055362060076,-0.08998455470744703,-0.06042475146552332,0.0024089232174156344,0.026536878937661802
v5c0_corrected_v4b_075c,15.0,60.0,0.015625,-0.08641937127153715,0.012952216919843695,0.0032240774020908373,-0.09239347792486266,-0.08937055362060076,-0.08998455470744703,-0.06042475146552332,0.0024089232174156344,0.026536878937661802
v4b_legacy_025c,15.0,60.0,0.0234375,-0.06621041254072413,0.013583521212933793,0.0019461373699031495,-0.06746695463918623,-0.11628786512315133,-0.06495482369327724,-0.03844032906531776,0.0025121309459089913,0.07533540511192457
v5c0_corrected_v4b_075c,15.0,60.0,0.0234375,-0.06267496152139235,0.013583521212933793,0.0019461373699031495,-0.06746695463918623,-0.11628786512315133,-0.06495482369327724,-0.03844032906531776,0.0025121309459089913,0.07533540511192457
v4b_legacy_025c,15.0,60.0,0.03125,-0.04040336620385275,0.014180196332089216,0.0009273184765598898,-0.03977264364254217,-0.14871975859287953,-0.037170339681276456,-0.013969524206165807,0.002602303961265713,0.132147930425448
v5c0_corrected_v4b_075c,15.0,60.0,0.03125,-0.035927178644274915,0.014180196332089216,0.0009273184765598898,-0.03977264364254217,-0.14871975859287953,-0.037170339681276456,-0.013969524206165807,0.002602303961265713,0.132147930425448
v4b_legacy_025c,15.0,60.0,0.0390625,-0.011796688618878011,0.014740554383749103,8.218236283512228e-05,-0.009573494618087958,-0.16588816841194975,-0.006895571272915584,0.012754749907738235,0.0026779233451723738,0.17596499497451562
v5c0_corrected_v4b_075c,15.0,60.0,0.0390625,-0.006524943695647653,0.014740554383749103,8.218236283512228e-05,-0.009573494618087958,-0.16588816841194975,-0.006895571272915584,0.012754749907738235,0.0026779233451723738,0.17596499497451562
v4b_legacy_025c,15.0,60.0,0.046875,0.01941792671932513,0.015263023612423463,-0.0006220819835508441,0.02283860687628955,-0.1611415203071412,0.025576312130152587,0.041473892829762195,0.0027377052538630382,0.19987770788304035
v5c0_corrected_v4b_075c,15.0,60.0,0.046875,0.02520637014820409,0.015263023612423463,-0.0006220819835508441,0.02283860687628955,-0.1611415203071412,0.025576312130152587,0.041473892829762195,0.0027377052538630382,0.19987770788304035
v4b_legacy_025c,15.0,60.0,0.0546875,0.05261135781490203,0.01574615746976206,-0.001216991864462249,0.0571472226713736,-0.15484328637546668,0.059927857170158985,0.07190748243579403,0.002780634498785385,0.22397013431247534
v5c0_corrected_v4b_075c,15.0,60.0,0.0546875,0.0589186613170954,0.01574615746976206,-0.001216991864462249,0.0571472226713736,-0.15484328637546668,0.059927857170158985,0.07190748243579403,0.002780634498785385,0.22397013431247534
v4b_legacy_025c,15.0,60.0,0.0625,0.0874133427188392,0.016188642293968908,-0.0017349078563916006,0.09301506045158651,-0.14757927774729232,0.09582104918235096,0.10124772885230349,0.0028059887307644443,0.24602101786883135
v5c0_corrected_v4b_075c,15.0,60.0,0.0625,0.0942020777046803,0.016188642293968908,-0.0017349078563916006,0.09301506045158651,-0.14757927774729232,0.09582104918235096,0.10124772885230349,0.0028059887307644443,0.24602101786883135
v4b_legacy_025c,15.0,60.0,0.0703125,0.12345987062756028,0.01658930350644601,-0.002194308542309309,0.13008747882306818,-0.13934527354395987,0.1329008316835921,0.11885853619151426,0.002813352860523921,0.2553904568749502
v5c0_corrected_v4b_075c,15.0,60.0,0.0703125,0.13050997328983266,0.01658930350644601,-0.002194308542309309,0.13008747882306818,-0.13934527354395987,0.1329008316835921,0.11885853619151426,0.002813352860523921,0.2553904568749502
v4b_legacy_025c,15.0,60.0,0.078125,0.16038418052609266,0.01694711028145616,-0.0026037888627764936,0.1679961631090606,-0.13012666333686676,0.17079878698586975,0.1264712720788333,0.002802623876809157,0.2537953115388909
v5c0_corrected_v4b_075c,15.0,60.0,0.078125,0.16748790153646795,0.01694711028145616,-0.0026037888627764936,0.1679961631090606,-0.13012666333686676,0.17079878698586975,0.1264712720788333,0.002802623876809157,0.2537953115388909
v4b_legacy_025c,15.0,60.0,0.0859375,0.19782118226715842,0.017261178690609176,-0.0029611824772927692,0.2063630042706525,-0.11990399794405074,0.20913701092183487,0.1281257250804407,0.0027740066511823813,0.24525571637330906
v5c0_corrected_v4b_075c,15.0,60.0,0.0859375,0.20482859166355383,0.017261178690609176,-0.0029611824772927692,0.2063630042706525,-0.11990399794405074,0.20913701092183487,0.1281257250804407,0.0027740066511823813,0.24525571637330906
v4b_legacy_025c,15.0,60.0,0.09375,0.23539462073022355,0.01753077336501188,-0.0032703553633155547,0.24480412788430095,-0.10865909478368445,0.24753212951707795,0.12795178793595294,0.002728001632777005,0.23388288108686037
v5c0_corrected_v4b_075c,15.0,60.0,0.09375,0.24222277014529034,0.01753077336501188,-0.0032703553633155547,0.24480412788430095,-0.10865909478368445,0.24753212951707795,0.12795178793595294,0.002728001632777005,0.23388288108686037
v4b_legacy_025c,15.0,60.0,0.1015625,0.2727287764299554,0.017755307752570892,-0.003533135264774577,0.2829340393690857,-0.09638124325889409,0.2855994249086893,0.12953565500307976,0.002665385539603604,0.22325151272237026
v5c0_corrected_v4b_075c,15.0,60.0,0.1015625,0.27935806128417173,0.017755307752570892,-0.003533135264774577,0.2829340393690857,-0.09638124325889409,0.2855994249086893,0.12953565500307976,0.002665385539603604,0.22325151272237026
v4b_legacy_025c,15.0,60.0,0.109375,0.29990202212812456,0.017934343075461785,-0.01347398955579293,0.320369848505476,-0.08307308455333626,0.32295703476437304,0.13546349095330545,0.002587186258897034,0.21594938924774468
v5c0_corrected_v4b_075c,15.0,60.0,0.109375,0.30636211882072706,0.017934343075461785,-0.01347398955579293,0.320369848505476,-0.08307308455333626,0.32295703476437304,0.13546349095330545,0.002587186258897034,0.21594938924774468
v4b_legacy_025c,15.0,60.0,0.1171875,0.3266760619696984,0.018067586113042444,-0.022783493598404304,0.3567355140132585,-0.06875581225480247,0.3592301672100937,0.14708298393327943,0.002494653196835228,0.21334414299124665
v5c0_corrected_v4b_075c,15.0,60.0,0.1171875,0.3330253288417413,0.018067586113042444,-0.022783493598404304,0.3567355140132585,-0.06875581225480247,0.3592301672100937,0.14708298393327943,0.002494653196835228,0.21334414299124665
v4b_legacy_025c,15.0,60.0,0.125,0.354891635933378,0.01815488594883712,-0.02922348243875087,0.391666025407997,-0.05347342902570739,0.3940552496965563,0.16438212360067095,0.0023892242885593107,0.21546632833781904
v5c0_corrected_v4b_075c,15.0,60.0,0.125,0.36119262683872516,0.01815488594883712,-0.02922348243875087,0.391666025407997,-0.05347342902570739,0.3940552496965563,0.16438212360067095,0.0023892242885593107,0.21546632833781904
v4b_legacy_025c,15.0,60.0,0.1328125,0.3836389667016286,0.018196229827339656,-0.03337115624000936,0.42481150473084134,-0.037295816265771706,0.4270839955427159,0.1829937100478067,0.0022724908118745835,0.21801703550170382
v5c0_corrected_v4b_075c,15.0,60.0,0.1328125,0.38987854559776747,0.018196229827339656,-0.03337115624000936,0.42481150473084134,-0.037295816265771706,0.4270839955427159,0.1829937100478067,0.0022724908118745835,0.21801703550170382
v4b_legacy_025c,15.0,60.0,0.140625,0.4122512923140696,0.0181917382681772,-0.03557480333289498,0.455841136331872,-0.020320518392137214,0.45798729738993876,0.20080553512933952,0.0021461610580667534,0.21897989246341
v5c0_corrected_v4b_075c,15.0,60.0,0.140625,0.4183810782618243,0.0181917382681772,-0.03557480333289498,0.455841136331872,-0.020320518392137214,0.45798729738993876,0.20080553512933952,0.0021461610580667534,0.21897989246341
v4b_legacy_025c,15.0,60.0,0.1484375,0.4396786687968413,0.018141659582628273,-0.03659489425857712,0.4844468372939731,-0.0026732253665677362,0.4864588611065114,0.2176825568746747,0.0020120238125382883,0.21834375842870415
v5c0_corrected_v4b_075c,15.0,60.0,0.1484375,0.4456518107467848,0.018141659582628273,-0.03659489425857712,0.4844468372939731,-0.0026732253665677362,0.4864588611065114,0.2176825568746747,0.0020120238125382883,0.21834375842870415
v4b_legacy_025c,15.0,60.0,0.15625,0.4675524311669721,0.018046363931587296,-0.034486278381015326,0.5103466656974347,0.015493070058368493,0.512218578191592,0.2334916415338941,0.0018719124941573018,0.2161266589813683
v5c0_corrected_v4b_075c,15.0,60.0,0.15625,0.47332464400442525,0.018046363931587296,-0.034486278381015326,0.5103466656974347,0.015493070058368493,0.512218578191592,0.2334916415338941,0.0018719124941573018,0.2161266589813683
v4b_legacy_025c,15.0,60.0,0.1640625,0.49077436406715447,0.017906337055728277,-0.03418523622924842,0.5332878828611013,0.03400012238141346,0.5350155535609376,0.24810205479930694,0.001727670699836259,0.21237426171805723
v5c0_corrected_v4b_075c,15.0,60.0,0.1640625,0.4963048798792757,0.017906337055728277,-0.03418523622924842,0.5332878828611013,0.03400012238141346,0.5350155535609376,0.24810205479930694,0.001727670699836259,0.21237426171805723
v4b_legacy_025c,15.0,60.0,0.171875,0.5117887470613586,0.017722173798649623,-0.03297701002940498,0.5530495451583507,0.05264747984491054,0.5546306649602935,0.2613863354943179,0.0015811198019427541,0.2071577358474646
v5c0_corrected_v4b_075c,15.0,60.0,0.171875,0.5170411522617249,0.017722173798649623,-0.03297701002940498,0.5530495451583507,0.05264747984491054,0.5546306649602935,0.2613863354943179,0.0015811198019427541,0.2071577358474646
v4b_legacy_025c,15.0,60.0,0.1796875,0.52645914612627,0.017494571532855708,-0.03487953600395624,0.5694447693491624,0.07121651950488139,0.5708787985003251,0.27322167300963923,0.0014340291511626413,0.2005711243535952
v5c0_corrected_v4b_075c,15.0,60.0,0.1796875,0.5314020811598619,0.017494571532855708,-0.03487953600395624,0.5694447693491624,0.07121651950488139,0.5708787985003251,0.27322167300963923,0.0014340291511626413,0.2005711243535952
v4b_legacy_025c,15.0,60.0,0.1875,0.5446407870938623,0.017224323587088437,-0.0297043140722891,0.5823224267347494,0.08947507379283627,0.5836105160807804,0.28349151885389495,0.001288089346030974,0.19272835571502772
v5c0_corrected_v4b_075c,15.0,60.0,0.1875,0.5492484920031364,0.017224323587088437,-0.0297043140722891,0.5823224267347494,0.08947507379283627,0.5836105160807804,0.28349151885389495,0.001288089346030974,0.19272835571502772
v4b_legacy_025c,15.0,60.0,0.1953125,0.5568171928715508,0.01691231276217588,-0.027015984923881624,0.5915683594370442,0.10718254281803258,0.592713248378742,0.2920874478004272,0.0011448889416977304,0.18376001604069692
v5c0_corrected_v4b_075c,15.0,60.0,0.1953125,0.5610698886777113,0.01691231276217588,-0.027015984923881624,0.5915683594370442,0.10718254281803258,0.592713248378742,0.2920874478004272,0.0011448889416977304,0.18376001604069692
v4b_legacy_025c,15.0,60.0,0.203125,0.5695400756818471,0.016559505011510645,-0.02006558233857266,0.5971062073026407,0.12409536621343724,0.5981121021865432,0.2989112540684018,0.0010058948839024584,0.1738099929710621
v5c0_corrected_v4b_075c,15.0,60.0,0.203125,0.5734241780154044,0.016559505011510645,-0.02006558233857266,0.5971062073026407,0.12409536621343724,0.5981121021865432,0.2989112540684018,0.0010058948839024584,0.1738099929710621
v4b_legacy_025c,15.0,60.0,0.2109375,0.5676651021349378,0.01616694335170631,-0.024204326436757483,0.5988975356952029,0.13997237362405615,0.599769972564206,0.30387690129586054,0.0008724368690031792,0.1630320908028012
v5c0_corrected_v4b_075c,15.0,60.0,0.2109375,0.5711732695804601,0.01616694335170631,-0.024204326436757483,0.5988975356952029,0.13997237362405615,0.599769972564206,0.30387690129586054,0.0008724368690031792,0.1630320908028012
v4b_legacy_025c,15.0,60.0,0.21875,0.5575734151906366,0.01573574205902155,-0.03292553558585248,0.5969417294071777,0.154580235445606,0.5976874251541928,0.30691263408723735,0.0007456957470151071,0.15158670289461623
v5c0_corrected_v4b_075c,15.0,60.0,0.21875,0.560704440193979,0.01573574205902155,-0.03292553558585248,0.5969417294071777,0.154580235445606,0.5976874251541928,0.30691263408723735,0.0007456957470151071,0.15158670289461623
v4b_legacy_025c,15.0,60.0,0.2265625,0.5668634622539732,0.01526708119784038,-0.01822320349697021,0.5912752317046532,0.16769845252976215,0.5919019277065417,0.3079627617830233,0.0006266960018884715,0.13963761325137267
v5c0_corrected_v4b_075c,15.0,60.0,0.2265625,0.5696220170356432,0.01526708119784038,-0.01822320349697021,0.5912752317046532,0.16769845252976215,0.5919019277065417,0.3079627617830233,0.0006266960018884715,0.13963761325137267
v4b_legacy_025c,15.0,60.0,0.234375,0.5464626626371388,0.014762201518853919,-0.03000387283325774,0.5819705126103735,0.17912407066929323,0.5824868148723892,0.3079463480994507,0.0005163022620157109,0.12830597516814177
v5c0_corrected_v4b_075c,15.0,60.0,0.234375,0.5488730435606597,0.014762201518853919,-0.03000387283325774,0.5819705126103735,0.17912407066929323,0.5824868148723892,0.3079463480994507,0.0005163022620157109,0.12830597516814177
v4b_legacy_025c,15.0,60.0,0.2421875,0.5497015557611339,0.014222399756567649,-0.01422429163477238,0.5691345806160031,0.18867580610561904,0.5695498003305796,0.31055226041416745,0.0004152197145764758,0.12146123459397193
v5c0_corrected_v4b_075c,15.0,60.0,0.2421875,0.5518442457090321,0.014222399756567649,-0.01422429163477238,0.5691345806160031,0.18867580610561904,0.5695498003305796,0.31055226041416745,0.0004152197145764758,0.12146123459397193
v4b_legacy_025c,15.0,60.0,0.25,0.5120142214610418,0.01364902434829453,-0.03652279054112914,0.5529072493325815,0.19619766602947955,0.5532312475528759,0.31618496100631,0.00032399822029438585,0.11966329675653606
v5c0_corrected_v4b_075c,15.0,60.0,0.25,0.5139715069323634,0.01364902434829453,-0.03652279054112914,0.5529072493325815,0.19619766602947955,0.5532312475528759,0.31618496100631,0.00032399822029438585,0.11966329675653606
v4b_legacy_025c,15.0,60.0,0.2578125,0.5240354213805174,0.013043471589804253,-0.005161868648867016,0.5334590528324891,0.20156186883736535,0.5337020926835672,0.324352523395276,0.00024303985107809734,0.12254761470683254
v5c0_corrected_v4b_075c,15.0,60.0,0.2578125,0.5258769075624224,0.013043471589804253,-0.005161868648867016,0.5334590528324891,0.20156186883736535,0.5337020926835672,0.324352523395276,0.00024303985107809734,0.12254761470683254
v4b_legacy_025c,15.0,60.0,0.265625,0.4992376512177259,0.012407182236186469,-0.008050727566999559,0.5109890330218712,0.20467120768044805,0.5111616425242613,0.333998473095751,0.00017260950239017525,0.12915465591291275
v5c0_corrected_v4b_075c,15.0,60.0,0.265625,0.5010127060726796,0.012407182236186469,-0.008050727566999559,0.5109890330218712,0.20467120768044805,0.5111616425242613,0.333998473095751,0.00017260950239017525,0.12915465591291275
v4b_legacy_025c,15.0,60.0,0.2734375,0.4958271925466693,0.01174163855014575,0.013554799592870669,0.4857222786658026,0.20546070013816511,0.48583512683136937,0.34357372188567376,0.00011284816556678123,0.13800017358194186
v5c0_corrected_v4b_075c,15.0,60.0,0.2734375,0.4975603888702926,0.01174163855014575,0.013554799592870669,0.4857222786658026,0.20546070013816511,0.48583512683136937,0.34357372188567376,0.00011284816556678123,0.13800017358194186
v4b_legacy_025c,15.0,60.0,0.28125,0.45247601445278335,0.011048361793770011,-0.0027398860441148545,0.45790742678954927,0.2115543840719489,0.45797121517282824,0.3511507705449821,6.378838327897318e-05,0.13953259808975424
v5c0_corrected_v4b_075c,15.0,60.0,0.28125,0.45408140946178266,0.011048361793770011,-0.0027398860441148545,0.45790742678954927,0.2115543840719489,0.45797121517282824,0.3511507705449821,6.378838327897318e-05,0.13953259808975424
v4b_legacy_025c,15.0,60.0,0.2890625,0.4219846867907453,0.010328910153692401,-0.00389228763313176,0.42781400038493056,0.23638731345594982,0.4278393717394147,0.3545710618406541,2.5371354484160502e-05,0.11815837703022014
v5c0_corrected_v4b_075c,15.0,60.0,0.2890625,0.4232305054054807,0.010328910153692401,-0.00389228763313176,0.42781400038493056,0.23638731345594982,0.4278393717394147,0.3545710618406541,2.5371354484160502e-05,0.11815837703022014
v4b_legacy_025c,15.0,60.0,0.296875,0.3889141221114421,0.009584877083393041,-0.005641225711660286,0.395729776660015,0.2675591928048429,0.39572724176431123,0.3516162090236751,-2.5348957037873987e-06,0.08405955111453595
v5c0_corrected_v4b_075c,15.0,60.0,0.296875,0.38971728768085634,0.009584877083393041,-0.005641225711660286,0.395729776660015,0.2675591928048429,0.39572724176431123,0.3516162090236751,-2.5348957037873987e-06,0.08405955111453595
v4b_legacy_025c,15.0,60.0,0.3046875,0.35443319798712497,0.008817890040060878,-0.006975109777833562,0.361958116134086,0.29263154057139246,0.36193799922428516,0.34019370551643785,-2.0116909800860228e-05,0.04758228185484625
v5c0_corrected_v4b_075c,15.0,60.0,0.3046875,0.3548326564065753,0.008817890040060878,-0.006975109777833562,0.361958116134086,0.29263154057139246,0.36193799922428516,0.34019370551643785,-2.0116909800860228e-05,0.04758228185484625
v4b_legacy_025c,15.0,60.0,0.3125,0.3442773015331855,0.0080296095868684,0.017808938071189766,0.32681527228735374,0.30142051264384984,0.3267876748675625,0.3185281424066501,-2.7597419791247635e-05,0.017135227182591528
v5c0_corrected_v4b_075c,15.0,60.0,0.3125,0.34438729329785267,0.0080296095868684,0.017808938071189766,0.32681527228735374,0.30142051264384984,0.3267876748675625,0.3185281424066501,-2.7597419791247635e-05,0.017135227182591528
v4b_legacy_025c,15.0,60.0,0.3203125,0.2870405167985875,0.007221728824629612,-0.003585772545892301,0.29062776361749987,0.28683784701471254,0.2906025457302888,0.28726212978089005,-2.5217887211048673e-05,0.00044950065338855705
v5c0_corrected_v4b_075c,15.0,60.0,0.3203125,0.28701854508320174,0.007221728824629612,-0.003585772545892301,0.29062776361749987,0.28683784701471254,0.2906025457302888,0.28726212978089005,-2.5217887211048673e-05,0.00044950065338855705
v4b_legacy_025c,15.0,60.0,0.328125,0.2778814153841509,0.006395973109565205,0.02430290015573021,0.25372974565285344,0.25438801475055195,0.2537165229877959,0.25437479208549435,-1.3222665057543992e-05,-5.551115123125783e-17
v5c0_corrected_v4b_075c,15.0,60.0,0.328125,0.2778681927190934,0.006395973109565205,0.02430290015573021,0.25372974565285344,0.25438801475055195,0.2537165229877959,0.25437479208549435,-1.3222665057543992e-05,-5.551115123125783e-17
v4b_legacy_025c,15.0,60.0,0.3359375,0.2474811932305913,0.005554100006270287,0.03116807537726529,0.2164604189354868,0.22110735101420328,0.21646857345259626,0.22111550553131276,8.154517109476567e-06,0.0
v5c0_corrected_v4b_075c,15.0,60.0,0.3359375,0.2474893477477008,0.005554100006270287,0.03116807537726529,0.2164604189354868,0.22110735101420328,0.21646857345259626,0.22111550553131276,8.154517109476567e-06,0.0
v4b_legacy_025c,15.0,60.0,0.34375,0.22982632949915552,0.004697899416994687,0.050863472237895085,0.179161453843572,0.187751440703484,0.17920015490888988,0.1877901417688019,3.870106531789208e-05,0.0
v5c0_corrected_v4b_075c,15.0,60.0,0.34375,0.2298650305644734,0.004697899416994687,0.050863472237895085,0.179161453843572,0.187751440703484,0.17920015490888988,0.1877901417688019,3.870106531789208e-05,0.0
v4b_legacy_025c,15.0,60.0,0.3515625,0.20028484356435958,0.0038291938200840725,0.05828592085636369,0.14217442855593512,0.15462672066812014,0.1422526609532063,0.15470495306539134,7.823239727117182e-05,2.7755575615628914e-17
v5c0_corrected_v4b_075c,15.0,60.0,0.3515625,0.20036307596163075,0.0038291938200840725,0.05828592085636369,0.14217442855593512,0.15462672066812014,0.1422526609532063,0.15470495306539134,7.823239727117182e-05,2.7755575615628914e-17
v4b_legacy_025c,15.0,60.0,0.359375,0.18083280074348596,0.00294983854204133,0.07516846814418668,0.10583828190261696,0.12203765704779984,0.1059648765278684,0.12216425167305128,0.0001265946252514416,0.0
v5c0_corrected_v4b_075c,15.0,60.0,0.359375,0.1809593953687374,0.00294983854204133,0.07516846814418668,0.10583828190261696,0.12203765704779984,0.1059648765278684,0.12216425167305128,0.0001265946252514416,0.0
v4b_legacy_025c,15.0,60.0,0.3671875,0.14183677330773262,0.0020617219793856983,0.07145652408843067,0.07048675544143986,0.09028441223215157,0.07067041804214472,0.09046807483285643,0.00018366260070486196,0.0
v5c0_corrected_v4b_075c,15.0,60.0,0.3671875,0.14202043590843752,0.0020617219793856983,0.07145652408843067,0.07048675544143986,0.09028441223215157,0.07067041804214472,0.09046807483285643,0.00018366260070486196,0.0
v4b_legacy_025c,15.0,60.0,0.375,0.11415421013861579,0.0011667656786430677,0.07777203665272485,0.03644582913930494,0.05966050729307199,0.03669516216801534,0.05990984032178239,0.00024933302871039953,0.0
v5c0_corrected_v4b_075c,15.0,60.0,0.375,0.11440354316732618,0.0011667656786430677,0.07777203665272485,0.03644582913930494,0.05966050729307199,0.03669516216801534,0.05990984032178239,0.00024933302871039953,0.0
v4b_legacy_025c,15.0,60.0,0.3828125,0.05660518270188365,0.0002669241758350465,0.05258102034995842,0.004031145539194556,0.030450476909576068,0.004354658098670215,0.030773989469051726,0.00032351255947565914,-8.673617379884035e-19
v5c0_corrected_v4b_075c,15.0,60.0,0.3828125,0.05692869526135931,0.0002669241758350465,0.05258102034995842,0.004031145539194556,0.030450476909576068,0.004354658098670215,0.030773989469051726,0.00032351255947565914,-8.673617379884035e-19
v4b_legacy_025c,15.0,60.0,0.390625,0.02523416501670127,0.0006358155086996732,0.05170293806955398,-0.026454581115096402,0.00292751456838494,-0.026048480104853812,0.003333615578627533,0.0004061010102425905,2.6020852139652106e-18
v5c0_corrected_v4b_075c,15.0,60.0,0.390625,0.02564026602694386,0.0006358155086996732,0.05170293806955398,-0.026454581115096402,0.00292751456838494,-0.026048480104853812,0.003333615578627533,0.0004061010102425905,2.6020852139652106e-18
v4b_legacy_025c,15.0,60.0,0.3984375,0.006497457817144343,0.0015394348277576802,0.06126655502428673,-0.05472415913906035,-0.022648880855925115,-0.05422718897713605,-0.02215191069400082,0.0004969701619242997,-3.469446951953614e-18
v5c0_corrected_v4b_075c,15.0,60.0,0.3984375,0.006994427979068643,0.0015394348277576802,0.06126655502428673,-0.05472415913906035,-0.022648880855925115,-0.05422718897713605,-0.02215191069400082,0.0004969701619242997,-3.469446951953614e-18
v4b_legacy_025c,15.0,60.0,0.40625,0.011258712112434758,0.002441885225195793,0.09190746388229142,-0.08050850403368674,-0.04603524497102088,-0.07991256513184308,-0.04543930606917722,0.0005959389018436595,0.0
v5c0_corrected_v4b_075c,15.0,60.0,0.40625,0.01185465101427842,0.002441885225195793,0.09190746388229142,-0.08050850403368674,-0.04603524497102088,-0.07991256513184308,-0.04543930606917722,0.0005959389018436595,0.0
v4b_legacy_025c,15.0,60.0,0.4140625,-0.020126581615603323,0.003341090319468647,0.08358976427682471,-0.10355919093600498,-0.06700645391561555,-0.10285644510515471,-0.06630370808476528,0.0007027458308502682,0.0
v5c0_corrected_v4b_075c,15.0,60.0,0.4140625,-0.019423835784753058,0.003341090319468647,0.08358976427682471,-0.10355919093600498,-0.06700645391561555,-0.10285644510515471,-0.06630370808476528,0.0007027458308502682,0.0
v4b_legacy_025c,15.0,60.0,0.421875,-0.07900734381299167,0.004234948850410634,0.04467060769104695,-0.12365094255460518,-0.08535796783799372,-0.12283392175965852,-0.08454094704304706,0.0008170207949466657,0.0
v5c0_corrected_v4b_075c,15.0,60.0,0.421875,-0.07819032301804499,0.004234948850410634,0.04467060769104695,-0.12365094255460518,-0.08535796783799372,-0.12283392175965852,-0.08454094704304706,0.0008170207949466657,0.0
v4b_legacy_025c,15.0,60.0,0.4296875,-0.10825315756570117,0.005121338474227443,0.03229304823863664,-0.14058401658615297,-0.10090798009055563,-0.13964575948115154,-0.09996972298555419,0.0009382571050014221,1.3877787807814457e-17
v5c0_corrected_v4b_075c,15.0,60.0,0.4296875,-0.10731490046069976,0.005121338474227443,0.03229304823863664,-0.14058401658615297,-0.10090798009055563,-0.13964575948115154,-0.09996972298555419,0.0009382571050014221,1.3877787807814457e-17
v4b_legacy_025c,15.0,60.0,0.4375,-0.12551081219343274,0.005998120473321974,0.028603162626287787,-0.1541864552273163,-0.11349943934763779,-0.1531206687939698,-0.11243365291429125,0.0010657864333465106,2.7755575615628914e-17
v5c0_corrected_v4b_075c,15.0,60.0,0.4375,-0.12444502576008623,0.005998120473321974,0.028603162626287787,-0.1541864552273163,-0.11349943934763779,-0.1531206687939698,-0.11243365291429125,0.0010657864333465106,2.7755575615628914e-17
v4b_legacy_025c,15.0,60.0,0.4453125,-0.12974984371431011,0.006863145423358496,0.034519678610855045,-0.1643161544368501,-0.1230019073288383,-0.16311739595599128,-0.12180314884797948,0.0011987584808588192,0.0
v5c0_corrected_v4b_075c,15.0,60.0,0.4453125,-0.12855108523345127,0.006863145423358496,0.034519678610855045,-0.1643161544368501,-0.1230019073288383,-0.16311739595599128,-0.12180314884797948,0.0011987584808588192,0.0
v4b_legacy_025c,15.0,60.0,0.453125,-0.14494596378149857,0.007714253952606798,0.025795211179616456,-0.1708627075073953,-0.12931321250112354,-0.16952658005315155,-0.1279770850468798,0.0013361274542437462,0.0
v5c0_corrected_v4b_075c,15.0,60.0,0.453125,-0.14360983632725485,0.007714253952606798,0.025795211179616456,-0.1708627075073953,-0.12931321250112354,-0.16952658005315155,-0.1279770850468798,0.0013361274542437462,0.0
v4b_legacy_025c,15.0,60.0,0.4609375,-0.15165539553418148,0.00854925724606808,0.0219272091627611,-0.17374898100871058,-0.1323608634910717,-0.17227233385472512,-0.13088421633708622,0.0014766471539854609,2.7755575615628914e-17
v5c0_corrected_v4b_075c,15.0,60.0,0.4609375,-0.15017874838019604,0.00854925724606808,0.0219272091627611,-0.17374898100871058,-0.1323608634910717,-0.17227233385472512,-0.13088421633708622,0.0014766471539854609,2.7755575615628914e-17
v4b_legacy_025c,15.0,60.0,0.46875,-0.15331084297811515,0.009365959399882759,0.0194210282940869,-0.17293237929701175,-0.1321031838041444,-0.17131350325544376,-0.13048430776257644,0.0016188760415679904,-2.7755575615628914e-17
v5c0_corrected_v4b_075c,15.0,60.0,0.46875,-0.15169196693654718,0.009365959399882759,0.0194210282940869,-0.17293237929701175,-0.1321031838041444,-0.17131350325544376,-0.13048430776257644,0.0016188760415679904,-2.7755575615628914e-17
v4b_legacy_025c,15.0,60.0,0.4765625,-0.15116165812315807,0.010162171320818923,0.017011754449954078,-0.16840575914400543,-0.12853013401542399,-0.16664456609579767,-0.1267689409672162,0.0017611930482077653,2.7755575615628914e-17
v5c0_corrected_v4b_075c,15.0,60.0,0.4765625,-0.1494004650749503,0.010162171320818923,0.017011754449954078,-0.16840575914400543,-0.12853013401542399,-0.16664456609579767,-0.1267689409672162,0.0017611930482077653,2.7755575615628914e-17
v4b_legacy_025c,15.0,60.0,0.484375,-0.14495841465519677,0.010935722219659508,0.014981979842983693,-0.1601979546847848,-0.12166378675299848,-0.1582961305327017,-0.1197619626009154,0.0019018241520830925,-1.3877787807814457e-17
v5c0_corrected_v4b_075c,15.0,60.0,0.484375,-0.14305659050311367,0.010935722219659508,0.014981979842983693,-0.1601979546847848,-0.12166378675299848,-0.1582961305327017,-0.1197619626009154,0.0019018241520830925,-1.3877787807814457e-17
v4b_legacy_025c,15.0,60.0,0.4921875,-0.1348966449272027,0.011684471868829618,0.013201448381536317,-0.1483740106547122,-0.1115585428232037,-0.1463351316978867,-0.10951966386637817,0.0020388789568255017,2.7755575615628914e-17
v5c0_corrected_v4b_075c,15.0,60.0,0.4921875,-0.1328577659703772,0.011684471868829618,0.013201448381536317,-0.1483740106547122,-0.1115585428232037,-0.1463351316978867,-0.10951966386637817,0.0020388789568255017,2.7755575615628914e-17
v4b_legacy_025c,15.0,60.0,0.5,-0.12208467812483624,0.012406323395110592,0.010651667622435383,-0.13303511940875867,-0.09830108249996546,-0.13086472367258764,-0.09613068676379445,0.0021703957361710324,-2.7755575615628914e-17
v5c0_corrected_v4b_075c,15.0,60.0,0.5,-0.11991428238866522,0.012406323395110592,0.010651667622435383,-0.13303511940875867,-0.09830108249996546,-0.13086472367258764,-0.09613068676379445,0.0021703957361710324,-2.7755575615628914e-17
v4b_legacy_025c,15.0,60.0,0.5078125,-0.1062504786856423,0.013099236347520181,0.007765038807004261,-0.11431805715226734,-0.08345704148108127,-0.11202366439657063,-0.07971548235518551,0.002294392755696706,0.0014471663701990517
v5c0_corrected_v4b_075c,15.0,60.0,0.5078125,-0.10393712915562818,0.013099236347520181,0.007765038807004261,-0.11431805715226734,-0.08345704148108127,-0.11202366439657063,-0.07971548235518551,0.002294392755696706,0.0014471663701990517
v4b_legacy_025c,15.0,60.0,0.515625,-0.08705295088806658,0.013761239760823038,0.005373544157625778,-0.09239414860871067,-0.0893711511709947,-0.08998522539129504,-0.060425349015919734,0.0024089232174156344,0.026536878937659332
v5c0_corrected_v4b_075c,15.0,60.0,0.515625,-0.08427884731708589,0.013761239760823038,0.005373544157625778,-0.09239414860871067,-0.0893711511709947,-0.08998522539129504,-0.060425349015919734,0.0024089232174156344,0.026536878937659332
v4b_legacy_025c,15.0,60.0,0.5234375,-0.06475835954158159,0.014390444928365106,0.003461763376192654,-0.06746775317373165,-0.11628858062692983,-0.06495562222782268,-0.03844104456910034,0.0025121309459089636,0.07533540511192052
v5c0_corrected_v4b_075c,15.0,60.0,0.5234375,-0.06116211859725346,0.014390444928365106,0.003461763376192654,-0.06746775317373165,-0.11628858062692983,-0.06495562222782268,-0.03844104456910034,0.0025121309459089636,0.07533540511192052
v4b_legacy_025c,15.0,60.0,0.53125,-0.039553925485679355,0.014985057604646489,0.0018803917035462177,-0.039773561999923664,-0.1487205847193255,-0.03717125803865814,-0.013970350332614683,0.0026023039612655258,0.13214793042544531
v5c0_corrected_v4b_075c,15.0,60.0,0.53125,-0.03497137717465371,0.014985057604646489,0.0018803917035462177,-0.039773561999923664,-0.1487205847193255,-0.03717125803865814,-0.013970350332614683,0.0026023039612655258,0.13214793042544531
v4b_legacy_025c,15.0,60.0,0.5390625,-0.011533778128569821,0.015543389377774244,0.0004778319550675903,-0.009574524680840394,-0.16588909775178648,-0.00689660133566803,0.012753820567897454,0.0026779233451723634,0.17596499497451157
v5c0_corrected_v4b_075c,15.0,60.0,0.5390625,-0.006120762349650537,0.015543389377774244,0.0004778319550675903,-0.009574524680840394,-0.16588909775178648,-0.00689660133566803,0.012753820567897454,0.0026779233451723634,0.17596499497451157
v4b_legacy_025c,15.0,60.0,0.546875,0.019104074568614987,0.01606386798311573,-0.0007906691962596599,0.022837473290928192,-0.16114254539118147,0.02557517854479143,0.041472867745725936,0.0027377052538632395,0.19987770788304415
v5c0_corrected_v4b_075c,15.0,60.0,0.546875,0.02505258893467922,0.01606386798311573,-0.0007906691962596599,0.022837473290928192,-0.16114254539118147,0.02557517854479143,0.041472867745725936,0.0027377052538632395,0.19987770788304415
v4b_legacy_025c,15.0,60.0,0.5546875,0.051750155092862016,0.016545046369685693,-0.0019202177789972678,0.05714599366954053,-0.15484439979958867,0.05992662816832595,0.07190636901167576,0.00278063449878542,0.22397013431247903
v5c0_corrected_v4b_075c,15.0,60.0,0.5546875,0.05823638584927213,0.016545046369685693,-0.0019202177789972678,0.05714599366954053,-0.15484439979958867,0.05992662816832595,0.07190636901167576,0.00278063449878542,0.22397013431247903
v4b_legacy_025c,15.0,60.0,0.5625,0.0860544502996019,0.016985610377063993,-0.0029222910018741432,0.09301374402098646,-0.14758047221011858,0.09581973275175092,0.10124653438947762,0.002805988730764458,0.24602101786883174
v5c0_corrected_v4b_075c,15.0,60.0,0.5625,0.09303925618445504,0.016985610377063993,-0.0029222910018741432,0.09301374402098646,-0.14758047221011858,0.09581973275175092,0.10124653438947762,0.002805988730764458,0.24602101786883174
v4b_legacy_025c,15.0,60.0,0.5703125,0.12166911322398544,0.017384384929759727,-0.003799094039188244,0.13008608281004624,-0.13934654186774367,0.13289943567057017,0.11885726786773008,0.002813352860523921,0.2553904568749498
v5c0_corrected_v4b_075c,15.0,60.0,0.5703125,0.12892227209421067,0.017384384929759727,-0.003799094039188244,0.13008608281004624,-0.13934654186774367,0.13289943567057017,0.11885726786773008,0.002813352860523921,0.2553904568749498
v4b_legacy_025c,15.0,60.0,0.578125,0.1582204724438518,0.01774033870483747,-0.004566435304586839,0.16799469520102486,-0.13012799848357628,0.17079731907783402,0.12646993693212744,0.002802623876809157,0.25379531153889456
v5c0_corrected_v4b_075c,15.0,60.0,0.578125,0.1655255111090607,0.01774033870483747,-0.004566435304586839,0.16799469520102486,-0.13012799848357628,0.17079731907783402,0.12646993693212744,0.002802623876809157,0.25379531153889456
v4b_legacy_025c,15.0,60.0,0.5859375,0.19533907445693502,0.018052587274628842,-0.005226793617050821,0.20636147198146493,-0.11990539302880032,0.20913547863264725,0.12812432999568976,0.002774006651182326,0.24525571637330776
v5c0_corrected_v4b_075c,15.0,60.0,0.5859375,0.20254058133254813,0.018052587274628842,-0.005226793617050821,0.20636147198146493,-0.11990539302880032,0.20913547863264725,0.12812432999568976,0.002774006651182326,0.24525571637330776
v4b_legacy_025c,15.0,60.0,0.59375,0.23264103023666716,0.01832039476738166,-0.005792037528241925,0.2448025385420056,-0.10866054308605821,0.24753054017478252,0.12795033963357424,0.002728001632776922,0.23388288108685554
v5c0_corrected_v4b_075c,15.0,60.0,0.59375,0.23965385858028787,0.01832039476738166,-0.005792037528241925,0.2448025385420056,-0.10866054308605821,0.24753054017478252,0.12795033963357424,0.002728001632776922,0.23388288108685554
v4b_legacy_025c,15.0,60.0,0.6015625,0.2697396019161878,0.01854317412334078,-0.006275458450208434,0.28293240010547377,-0.09638273823268148,0.28559778564507743,0.1295341600292973,0.0026653855396036596,0.22325151272237512
v5c0_corrected_v4b_075c,15.0,60.0,0.6015625,0.2765447791295017,0.01854317412334078,-0.006275458450208434,0.28293240010547377,-0.09638273823268148,0.28559778564507743,0.1295341600292973,0.0026653855396036596,0.22325151272237512
v4b_legacy_025c,15.0,60.0,0.609375,0.3005181738703518,0.018720486051272855,-0.012531951551904268,0.32036816624737025,-0.083074619834741,0.32295535250626733,0.13546195567190586,0.0025871862588970895,0.21594938924774976
v5c0_corrected_v4b_075c,15.0,60.0,0.609375,0.3071480376584423,0.018720486051272855,-0.012531951551904268,0.32036816624737025,-0.083074619834741,0.32295535250626733,0.13546195567190586,0.0025871862588970895,0.21594938924774976
v4b_legacy_025c,15.0,60.0,0.6171875,0.326664837429864,0.018852036810705762,-0.022471210805038423,0.3567337954757875,-0.0687573816689296,0.3592284486726226,0.1470814145191507,0.002494653196835117,0.21334414299124516
v5c0_corrected_v4b_075c,15.0,60.0,0.6171875,0.3331814622637186,0.018852036810705762,-0.022471210805038423,0.3567337954757875,-0.0687573816689296,0.3592284486726226,0.1470814145191507,0.002494653196835117,0.21334414299124516
v4b_legacy_025c,15.0,60.0,0.625,0.3542383205821292,0.018937674958497346,-0.029555770639468043,0.3916642770884422,-0.05347502659258851,0.39405350137700146,0.16438052603378572,0.002389224288559255,0.21546632833781498
v5c0_corrected_v4b_075c,15.0,60.0,0.625,0.36070797616125083,0.018937674958497346,-0.029555770639468043,0.3916642770884422,-0.05347502659258851,0.39405350137700146,0.16438052603378572,0.002389224288559255,0.21546632833781498
v4b_legacy_025c,15.0,60.0,0.6328125,0.38247135662847187,0.018977387205466004,-0.034218160885408834,0.42480973290390367,-0.03729743620514993,0.42708222371577825,0.18299209010842277,0.0022724908118745835,0.2180170355016981
v5c0_corrected_v4b_075c,15.0,60.0,0.6328125,0.38888124114045003,0.018977387205466004,-0.034218160885408834,0.42480973290390367,-0.03729743620514993,0.42708222371577825,0.18299209010842277,0.0022724908118745835,0.2180170355016981
v4b_legacy_025c,15.0,60.0,0.640625,0.4106538829794816,0.018971293530605372,-0.036851178974120706,0.4558393470460405,-0.020322155127338926,0.4579855081041074,0.20080389839414553,0.0021461610580668644,0.2189798924634176
v5c0_corrected_v4b_075c,15.0,60.0,0.640625,0.4169543758547723,0.018971293530605372,-0.036851178974120706,0.4558393470460405,-0.020322155127338926,0.4579855081041074,0.20080389839414553,0.0021461610580668644,0.2189798924634176
v4b_legacy_025c,15.0,60.0,0.6484375,0.4383329451284965,0.018919641697855788,-0.03760747707201613,0.48444503636827857,-0.002674873527968519,0.48645706018081697,0.2176809087132823,0.0020120238125383993,0.21834375842871243
v5c0_corrected_v4b_075c,15.0,60.0,0.6484375,0.44447595461746936,0.018919641697855788,-0.03760747707201613,0.48444503636827857,-0.002674873527968519,0.48645706018081697,0.2176809087132823,0.0020120238125383993,0.21834375842871243
v4b_legacy_025c,15.0,60.0,0.65625,0.46339154096745905,0.01882280131450185,-0.03836084833946667,0.5103448587194297,0.015491415630849374,0.5122167712135869,0.23348998710637112,0.0018719124941571907,0.21612665898136454
v5c0_corrected_v4b_075c,15.0,60.0,0.65625,0.46933156262238956,0.01882280131450185,-0.03836084833946667,0.5103448587194297,0.015491415630849374,0.5122167712135869,0.23348998710637112,0.0018719124941571907,0.21612665898136454
v4b_legacy_025c,15.0,60.0,0.6640625,0.48572783951645404,0.01868125756192536,-0.03895871300857177,0.533286075185816,0.03399846663666263,0.5350137458856523,0.24810039905455378,0.001727670699836259,0.2123742617180549
v5c0_corrected_v4b_075c,15.0,60.0,0.6640625,0.49142292849896896,0.01868125756192536,-0.03895871300857177,0.533286075185816,0.03399846663666263,0.5350137458856523,0.24810039905455378,0.001727670699836259,0.2123742617180549
v4b_legacy_025c,15.0,60.0,0.671875,0.5071685032815132,0.0184956047194722,-0.03731415039140038,0.5530477419062194,0.052645827518195076,0.5546288617081622,0.26138468316760266,0.0015811198019427541,0.20715773584746483
v5c0_corrected_v4b_075c,15.0,60.0,0.671875,0.5125811306802716,0.0184956047194722,-0.03731415039140038,0.5530477419062194,0.052645827518195076,0.5546288617081622,0.26138468316760266,0.0015811198019427541,0.20715773584746483
v4b_legacy_025c,15.0,60.0,0.6796875,0.5313443608809835,0.01826653959126555,-0.02953725463672162,0.5694429754058735,0.07121487511701967,0.5708770045570363,0.2732200286217763,0.0014340291511627523,0.20057112435359387
v5c0_corrected_v4b_075c,15.0,60.0,0.6796875,0.5364421304160158,0.01826653959126555,-0.02953725463672162,0.5694429754058735,0.07121487511701967,0.5708770045570363,0.2732200286217763,0.0014340291511627523,0.20057112435359387
v4b_legacy_025c,15.0,60.0,0.6875,0.5380202471363292,0.01799485493445665,-0.036080957245201176,0.5823206467506626,0.089473441649045,0.5836087360966935,0.28348988671010267,0.001288089346030863,0.1927283557150268
v5c0_corrected_v4b_075c,15.0,60.0,0.6875,0.5427764552852082,0.01799485493445665,-0.036080957245201176,0.5823206467506626,0.089473441649045,0.5836087360966935,0.28348988671010267,0.001288089346030863,0.1927283557150268
v4b_legacy_025c,15.0,60.0,0.6953125,0.5547568389203812,0.017681432976059085,-0.02875352974311355,0.5915665978276821,0.10718092700778925,0.5927114867693798,0.2920858319901832,0.0011448889416977304,0.1837600160406962
v5c0_corrected_v4b_075c,15.0,60.0,0.6953125,0.559150868269382,0.017681432976059085,-0.02875352974311355,0.5915665978276821,0.10718092700778925,0.5927114867693798,0.2920858319901832,0.0011448889416977304,0.1837600160406962
v4b_legacy_025c,15.0,60.0,0.703125,0.560581286164733,0.01732723909445983,-0.02882669974993017,0.5971044682480134,0.12409377060939422,0.5981103631319159,0.29890965846435924,0.0010058948839024584,0.17380999297106256
v5c0_corrected_v4b_075c,15.0,60.0,0.703125,0.5645988283538513,0.01732723909445983,-0.02882669974993017,0.5971044682480134,0.12409377060939422,0.5981103631319159,0.29890965846435924,0.0010058948839024584,0.17380999297106256
v4b_legacy_025c,15.0,60.0,0.7109375,0.5583645312940956,0.016933315731137526,-0.033324463222632925,0.5988958231412967,0.13997080188288102,0.5997682600102998,0.3038753295546862,0.0008724368690030682,0.16303209080280212
v5c0_corrected_v4b_075c,15.0,60.0,0.7109375,0.56199764203097,0.016933315731137526,-0.033324463222632925,0.5988958231412967,0.13997080188288102,0.5997682600102998,0.3038753295546862,0.0008724368690030682,0.16303209080280212
v4b_legacy_025c,15.0,60.0,0.71875,0.559610153260635,0.016500776588161556,-0.0305344297002704,0.5969400470657291,0.1545786910073972,0.5976857428127442,0.30691108964902575,0.0007456957470151071,0.15158670289461343
v5c0_corrected_v4b_075c,15.0,60.0,0.71875,0.5628571473258502,0.016500776588161556,-0.0305344297002704,0.5969400470657291,0.1545786910073972,0.5976857428127442,0.30691108964902575,0.0007456957470151071,0.15158670289461343
v4b_legacy_025c,15.0,60.0,0.7265625,0.5586404172799224,0.016030801157746237,-0.026263924565962285,0.5912735830555593,0.16769693861989196,0.5919002790574478,0.307961247873157,0.0006266960018884715,0.13963761325137655
v5c0_corrected_v4b_075c,15.0,60.0,0.7265625,0.5615056160939861,0.016030801157746237,-0.026263924565962285,0.5912735830555593,0.16769693861989196,0.5919002790574478,0.307961247873157,0.0006266960018884715,0.13963761325137655
v4b_legacy_025c,15.0,60.0,0.734375,0.548235086446686,0.015524629621493055,-0.027913115467678502,0.5819689009016505,0.17912259029817984,0.5824852031636663,0.3079448677283411,0.0005163022620157109,0.12830597516814557
v5c0_corrected_v4b_075c,15.0,60.0,0.734375,0.5507432914514115,0.015524629621493055,-0.027913115467678502,0.5819689009016505,0.17912259029817984,0.5824852031636663,0.3079448677283411,0.0005163022620157109,0.12830597516814557
v4b_legacy_025c,15.0,60.0,0.7421875,0.5406959140482492,0.014983558148934593,-0.02308232593299902,0.569133008865943,0.1886743620704982,0.5695482285805195,0.31055081637904874,0.0004152197145764758,0.12146123459397407
v5c0_corrected_v4b_075c,15.0,60.0,0.7421875,0.5429310552342059,0.014983558148934593,-0.02308232593299902,0.569133008865943,0.1886743620704982,0.5695482285805195,0.31055081637904874,0.0004152197145764758,0.12146123459397407
v4b_legacy_025c,15.0,60.0,0.75,0.5237895394668283,0.014408934617531746,-0.02432690233208558,0.5529057203319401,0.19619626091621037,0.5532297185522344,0.3161835558930362,0.00032399822029427483,0.11966329675653156
v5c0_corrected_v4b_075c,15.0,60.0,0.75,0.5258377583062057,0.014408934617531746,-0.02432690233208558,0.5529057203319401,0.19619626091621037,0.5532297185522344,0.3161835558930362,0.00032399822029427483,0.11966329675653156
v4b_legacy_025c,15.0,60.0,0.7578125,0.5251898532168566,0.013802154769287554,-0.0037384195257735772,0.5334575691442535,0.20156050502033598,0.5337006089953316,0.32435115957825195,0.00024303985107809734,0.12254761470683787
v5c0_corrected_v4b_075c,15.0,60.0,0.7578125,0.5271243142127255,0.013802154769287554,-0.0037384195257735772,0.5334575691442535,0.20156050502033598,0.5337006089953316,0.32435115957825195,0.00024303985107809734,0.12254761470683787
v4b_legacy_025c,15.0,60.0,0.765625,0.49183724183000477,0.01316465881253013,-0.015319462515524788,0.5109875969842179,0.20466988732520597,0.5111602064866082,0.3339971527405078,0.00017260950239028627,0.12915465591291153
v5c0_corrected_v4b_075c,15.0,60.0,0.765625,0.49371012831153827,0.01316465881253013,-0.015319462515524788,0.5109875969842179,0.20466988732520597,0.5111602064866082,0.3339971527405078,0.00017260950239028627,0.12915465591291153
v4b_legacy_025c,15.0,60.0,0.7734375,0.5067231816711754,0.012497928471078565,0.024815114574497463,0.4857208923937796,0.20545942520315022,0.48583374055934636,0.3435724469506532,0.00011284816556678123,0.1380001735819362
v5c0_corrected_v4b_075c,15.0,60.0,0.7734375,0.5085607461351657,0.012497928471078565,0.024815114574497463,0.4857208923937796,0.20545942520315022,0.48583374055934636,0.3435724469506532,0.00011284816556678123,0.1380001735819362
v4b_legacy_025c,15.0,60.0,0.78125,0.4493038750211502,0.01180348447683103,-0.0057624106249588095,0.45790609217607,0.21155315630958585,0.45796988055934895,0.35114954278262006,6.378838327897318e-05,0.13953259808975524
v5c0_corrected_v4b_075c,15.0,60.0,0.78125,0.45101463425999355,0.01180348447683103,-0.0057624106249588095,0.45790609217607,0.21155315630958585,0.45796988055934895,0.35114954278262006,6.378838327897318e-05,0.13953259808975524
v4b_legacy_025c,15.0,60.0,0.7890625,0.4113021082382187,0.011082884495693765,-0.014550311561034444,0.42781271910435137,0.2363861344160552,0.42783809045883553,0.3545698828007592,2.5371354484160502e-05,0.11815837703021984
v5c0_corrected_v4b_075c,15.0,60.0,0.7890625,0.41263701523752744,0.011082884495693765,-0.014550311561034444,0.42781271910435137,0.2363861344160552,0.42783809045883553,0.3545698828007592,2.5371354484160502e-05,0.11815837703021984
v4b_legacy_025c,15.0,60.0,0.796875,0.3974835880870384,0.01033772147059706,0.0031122017830212192,0.39572855016767283,0.26755806383457426,0.39572601527196904,0.3516150800534067,-2.5348957037873987e-06,0.08405955111453622
v5c0_corrected_v4b_075c,15.0,60.0,0.796875,0.3983500374177001,0.01033772147059706,0.0031122017830212192,0.39572855016767283,0.26755806383457426,0.39572601527196904,0.3516150800534067,-2.5348957037873987e-06,0.08405955111453622
v4b_legacy_025c,15.0,60.0,0.8046875,0.37140578919565737,0.009569622359019207,0.010209977412794866,0.3619569456713629,0.29263046282007527,0.361936828761562,0.34019262776512554,-2.0116909800860228e-05,0.04758228185485114
v5c0_corrected_v4b_075c,15.0,60.0,0.8046875,0.3718410167541878,0.009569622359019207,0.010209977412794866,0.3619569456713629,0.29263046282007527,0.361936828761562,0.34019262776512554,-2.0116909800860228e-05,0.04758228185485114
v4b_legacy_025c,15.0,60.0,0.8125,0.33569416499075955,0.008780247235872451,0.009183611990154859,0.3268141588814349,0.3014194870631553,0.3267865614616436,0.3185271168259584,-2.7597419791303146e-05,0.017135227182594415
v5c0_corrected_v4b_075c,15.0,60.0,0.8125,0.3358170191020743,0.008780247235872451,0.009183611990154859,0.3268141588814349,0.3014194870631553,0.3267865614616436,0.3185271168259584,-2.7597419791303146e-05,0.017135227182594415
v4b_legacy_025c,15.0,60.0,0.8203125,0.3017644272335847,0.007971288725723351,0.011257667121428803,0.2906267080859864,0.2868368743631155,0.29060149019877535,0.28726115712929223,-2.5217887211048673e-05,0.0004495006533877799
v5c0_corrected_v4b_075c,15.0,60.0,0.8203125,0.3017427924458642,0.007971288725723351,0.011257667121428803,0.2906267080859864,0.2868368743631155,0.29060149019877535,0.28726115712929223,-2.5217887211048673e-05,0.0004495006533877799
v4b_legacy_025c,15.0,60.0,0.828125,0.2835327229810837,0.00714447172107374,0.030013702886308037,0.2537287486048398,0.2543870955947032,0.2537155259397822,0.25437387292964553,-1.3222665057599503e-05,-5.551115123125783e-17
v5c0_corrected_v4b_075c,15.0,60.0,0.828125,0.2835195003160261,0.00714447172107374,0.030013702886308037,0.2537287486048398,0.2543870955947032,0.2537155259397822,0.25437387292964553,-1.3222665057599503e-05,-5.551115123125783e-17
v4b_legacy_025c,15.0,60.0,0.8359375,0.26345992786606437,0.006301553335800181,0.047269032067844795,0.21645948077533647,0.22110648573265101,0.21646763529244598,0.22111464024976052,8.154517109504322e-06,0.0
v5c0_corrected_v4b_075c,15.0,60.0,0.8359375,0.2634680823831738,0.006301553335800181,0.047269032067844795,0.21645948077533647,0.22110648573265101,0.21646763529244598,0.22111464024976052,8.154517109504322e-06,0.0
v4b_legacy_025c,15.0,60.0,0.84375,0.20914181813366142,0.00544432303486447,0.03009834142050622,0.17916057477390177,0.18775062948976307,0.17919927583921966,0.18778933055508096,3.870106531789208e-05,0.0
v5c0_corrected_v4b_075c,15.0,60.0,0.84375,0.20918051919897931,0.00544432303486447,0.03009834142050622,0.17916057477390177,0.18775062948976307,0.17919927583921966,0.18778933055508096,3.870106531789208e-05,0.0
v4b_legacy_025c,15.0,60.0,0.8515625,0.22480515134488363,0.004574602873145774,0.08295406006519906,0.14217360858245282,0.15462596353538915,0.142251840979724,0.15470419593266033,7.823239727117182e-05,0.0
v5c0_corrected_v4b_075c,15.0,60.0,0.8515625,0.2248833837421548,0.004574602873145774,0.08295406006519906,0.14217360858245282,0.15462596353538915,0.142251840979724,0.15470419593266033,7.823239727117182e-05,0.0
v4b_legacy_025c,15.0,60.0,0.859375,0.1966376467596057,0.0036942477678558925,0.09107674125039882,0.10583752083809359,0.1220369538327887,0.10596411546334505,0.12216354845804017,0.00012659462525146936,0.0
v5c0_corrected_v4b_075c,15.0,60.0,0.859375,0.1967642413848572,0.0036942477678558925,0.09107674125039882,0.10583752083809359,0.1220369538327887,0.10596411546334505,0.12216354845804017,0.00012659462525146936,0.0
v4b_legacy_025c,15.0,60.0,0.8671875,0.157851318270956,0.002805145720716587,0.08755533537423187,0.07048605291046019,0.090283762599736,0.07066971551116505,0.09046742520044086,0.00018366260070486196,0.0
v5c0_corrected_v4b_075c,15.0,60.0,0.8671875,0.15803498087166082,0.002805145720716587,0.08755533537423187,0.07048605291046019,0.090283762599736,0.07066971551116505,0.09046742520044086,0.00018366260070486196,0.0
v4b_legacy_025c,15.0,60.0,0.875,0.11549605490804518,0.0019092178982332121,0.07915767760684675,0.0364451845853855,0.05965991074289082,0.036694517614095874,0.05990924377160119,0.0002493330287103718,-6.938893903907228e-18
v5c0_corrected_v4b_075c,15.0,60.0,0.875,0.11574538793675555,0.0019092178982332121,0.07915767760684675,0.0364451845853855,0.05965991074289082,0.036694517614095874,0.05990924377160119,0.0002493330287103718,-6.938893903907228e-18
v4b_legacy_025c,15.0,60.0,0.8828125,0.07487775541027425,0.0010084184714321293,0.0708920442416406,0.004030558230223579,0.03044993278124389,0.004354070789699261,0.030773445340719574,0.0003235125594756817,8.673617379884035e-19
v5c0_corrected_v4b_075c,15.0,60.0,0.8828125,0.07520126796974994,0.0010084184714321293,0.0708920442416406,0.004030558230223579,0.03044993278124389,0.004354070789699261,0.030773445340719574,0.0003235125594756817,8.673617379884035e-19
v4b_legacy_025c,15.0,60.0,0.890625,0.06442303688923524,0.0001047341108943594,0.09088459037334051,-0.026455112079032558,0.0029270220487039255,-0.026049011068789783,0.003333123058946699,0.00040610101024277437,-8.673617379884035e-19
v5c0_corrected_v4b_075c,15.0,60.0,0.890625,0.06482913789947801,0.0001047341108943594,0.09088459037334051,-0.026455112079032558,0.0029270220487039255,-0.026049011068789783,0.003333123058946699,0.00040610101024277437,-8.673617379884035e-19
v4b_legacy_025c,15.0,60.0,0.8984375,0.027967865874402163,0.0007998169705227785,0.08273301758399008,-0.054724634817047695,-0.022649322725032728,-0.05422766465512339,-0.022152352563108425,0.0004969701619243067,-3.469446951953614e-18
v5c0_corrected_v4b_075c,15.0,60.0,0.8984375,0.02846483603632647,0.0007998169705227785,0.08273301758399008,-0.054724634817047695,-0.022649322725032728,-0.05422766465512339,-0.022152352563108425,0.0004969701619243067,-3.469446951953614e-18
v4b_legacy_025c,15.0,60.0,0.90625,-0.023232000044597335,0.0017031865354783175,0.05731583070201267,-0.08050892563604148,-0.04603563728515082,-0.07991298673419797,-0.04543969838330732,0.0005959389018435068,-6.938893903907228e-18
v5c0_corrected_v4b_075c,15.0,60.0,0.90625,-0.02263606114275383,0.0017031865354783175,0.05731583070201267,-0.08050892563604148,-0.04603563728515082,-0.07991298673419797,-0.04543969838330732,0.0005959389018435068,-6.938893903907228e-18
v4b_legacy_025c,15.0,60.0,0.9140625,-0.04382380364840338,0.0026032985055992656,0.059796265944232235,-0.10355955981333236,-0.06700679789797609,-0.10285681398248211,-0.06630405206712585,0.0007027458308502404,0.0
v5c0_corrected_v4b_075c,15.0,60.0,0.9140625,-0.04312105781755314,0.0026032985055992656,0.059796265944232235,-0.10355955981333236,-0.06700679789797609,-0.10285681398248211,-0.06630405206712585,0.0007027458308502404,0.0
v4b_legacy_025c,15.0,60.0,0.921875,-0.08910029119722308,0.0034980519082287273,0.03453783323890351,-0.12365126018814152,-0.08535826483056906,-0.12283423939319485,-0.0845412440356224,0.0008170207949466657,0.0
v5c0_corrected_v4b_075c,15.0,60.0,0.921875,-0.08828327040227642,0.0034980519082287273,0.03453783323890351,-0.12365126018814152,-0.08535826483056906,-0.12283423939319485,-0.0845412440356224,0.0008170207949466657,0.0
v4b_legacy_025c,15.0,60.0,0.9296875,-0.11696183806989982,0.0043853246714426345,0.023551736141362228,-0.14058428457593503,-0.1009082315434073,-0.1396460274709336,-0.09996997443840587,0.0009382571050014221,1.3877787807814457e-17
v5c0_corrected_v4b_075c,15.0,60.0,0.9296875,-0.11602358096489838,0.0043853246714426345,0.023551736141362228,-0.14058428457593503,-0.1009082315434073,-0.1396460274709336,-0.09996997443840587,0.0009382571050014221,1.3877787807814457e-17
v4b_legacy_025c,15.0,60.0,0.9375,-0.1363894208444552,0.005262978333967523,0.017676148674677428,-0.1541866752809527,-0.11349964680871702,-0.1531208888476062,-0.11243386037537051,0.0010657864333465106,0.0
v5c0_corrected_v4b_075c,15.0,60.0,0.9375,-0.1353236344111087,0.005262978333967523,0.017676148674677428,-0.1541866752809527,-0.11349964680871702,-0.1531208888476062,-0.11243386037537051,0.0010657864333465106,0.0
v4b_legacy_025c,15.0,60.0,0.9453125,-0.14851194255617844,0.006128863712411471,0.015647075147910482,-0.16431632835694923,-0.12300207243265157,-0.1631175698760904,-0.12180331395179274,0.0011987584808588192,1.3877787807814457e-17
v5c0_corrected_v4b_075c,15.0,60.0,0.9453125,-0.14731318407531963,0.006128863712411471,0.015647075147910482,-0.16431632835694923,-0.12300207243265157,-0.1631175698760904,-0.12180331395179274,0.0011987584808588192,1.3877787807814457e-17
v4b_legacy_025c,15.0,60.0,0.953125,-0.15662847669054045,0.006980822223755903,0.014042337878610098,-0.17086283717934736,-0.12931333695769154,-0.1695267097251036,-0.1279772095034478,0.0013361274542437462,0.0
v5c0_corrected_v4b_075c,15.0,60.0,0.953125,-0.15529234923629673,0.006980822223755903,0.014042337878610098,-0.17086283717934736,-0.12931333695769154,-0.1695267097251036,-0.1279772095034478,0.0013361274542437462,0.0
v4b_legacy_025c,15.0,60.0,0.9609375,-0.15704093417075501,0.007816668453750312,0.016513699121150395,-0.1737490683875278,-0.13236094907408977,-0.17227242123354233,-0.1308843019201043,0.0014766471539854609,0.0
v5c0_corrected_v4b_075c,15.0,60.0,0.9609375,-0.15556428701676955,0.007816668453750312,0.016513699121150395,-0.1737490683875278,-0.13236094907408977,-0.17227242123354233,-0.1308843019201043,0.0014766471539854609,0.0
v4b_legacy_025c,15.0,60.0,0.96875,-0.15425006007013217,0.008634210278946529,0.018489480540770292,-0.1729324263949569,-0.1321032323398216,-0.17131355035338902,-0.13048435629825372,0.0016188760415678793,0.0
v5c0_corrected_v4b_075c,15.0,60.0,0.96875,-0.15263118402856427,0.008634210278946529,0.018489480540770292,-0.1729324263949569,-0.1321032323398216,-0.17131355035338902,-0.13048435629825372,0.0016188760415678793,0.0
v4b_legacy_025c,15.0,60.0,0.9765625,-0.15191316890282364,0.009431262337701118,0.01626996801220135,-0.1684057680176746,-0.12853014737086838,-0.16664457496946686,-0.12676895432266064,0.0017611930482077376,0.0
v5c0_corrected_v4b_075c,15.0,60.0,0.9765625,-0.1501519758546159,0.009431262337701118,0.01626996801220135,-0.1684057680176746,-0.12853014737086838,-0.16664457496946686,-0.12676895432266064,0.0017611930482077376,0.0
v4b_legacy_025c,15.0,60.0,0.984375,-0.14939163172348485,0.010205657507797861,0.010520396821146302,-0.16019792742323913,-0.12166376682552657,-0.15829610327115595,-0.1197619426734434,0.0019018241520831758,0.0
v5c0_corrected_v4b_075c,15.0,60.0,0.984375,-0.14748980757140165,0.010205657507797861,0.010520396821146302,-0.16019792742323913,-0.12166376682552657,-0.15829610327115595,-0.1197619426734434,0.0019018241520831758,0.0
v4b_legacy_025c,15.0,60.0,0.9921875,-0.13799796399299086,0.010955259147230334,0.01008312574976791,-0.14837394936839554,-0.11155849153036161,-0.14633507041157,-0.10951961257353608,0.0020388789568255294,0.0
v5c0_corrected_v4b_075c,15.0,60.0,0.9921875,-0.1359590850361653,0.010955259147230334,0.01008312574976791,-0.14837394936839554,-0.11155849153036161,-0.14633507041157,-0.10951961257353608,0.0020388789568255294,0.0
v4b_legacy_025c,15.0,75.0,0.0,-0.08018510609249642,0.00923545552709958,4.102351604655407e-08,-0.08044327265087882,-0.052493821432171815,-0.07892354636248246,-0.05097409514377545,0.0015197262883963614,6.938893903907228e-18
v5c0_corrected_v4b_075c,15.0,75.0,0.0,-0.07866537980410006,0.00923545552709958,4.102351604655407e-08,-0.08044327265087882,-0.052493821432171815,-0.07892354636248246,-0.05097409514377545,0.0015197262883963614,6.938893903907228e-18
v4b_legacy_025c,15.0,75.0,0.0078125,-0.06551439979731656,0.01001019858613365,-8.348789428180563e-05,-0.0656912066575224,-0.03977173844180136,-0.06410618864243248,-0.03818672042671144,0.001585018015089923,0.0
v5c0_corrected_v4b_075c,15.0,75.0,0.0078125,-0.06392938178222665,0.01001019858613365,-8.348789428180563e-05,-0.0656912066575224,-0.03977173844180136,-0.06410618864243248,-0.03818672042671144,0.001585018015089923,0.0
v4b_legacy_025c,15.0,75.0,0.015625,-0.0481941313171067,0.010759389105810566,-0.00016135788023883212,-0.04828875544120285,-0.024658613467910085,-0.04664697665820741,-0.02301683468491465,0.0016417787829954358,0.0
v5c0_corrected_v4b_075c,15.0,75.0,0.015625,-0.04655235253411127,0.010759389105810566,-0.00016135788023883212,-0.04828875544120285,-0.024658613467910085,-0.04664697665820741,-0.02301683468491465,0.0016417787829954358,0.0
v4b_legacy_025c,15.0,75.0,0.0234375,-0.02840712198943423,0.01148092646979423,-0.0002334294705129482,-0.028418681942247184,-0.00731329141679042,-0.026729929650043102,-0.005624539124586339,0.001688752292204082,-8.673617379884035e-19
v5c0_corrected_v4b_075c,15.0,75.0,0.0234375,-0.026718369697230147,0.01148092646979423,-0.0002334294705129482,-0.028418681942247184,-0.00731329141679042,-0.026729929650043102,-0.005624539124586339,0.001688752292204082,-8.673617379884035e-19
v4b_legacy_025c,15.0,75.0,0.03125,-0.006393857399856419,0.01217279188695764,-0.0002998586727246138,-0.00628897498244023,0.009428548151660367,-0.004564120845929496,0.013807533961868724,0.0017248541365107338,0.0026541316736976234
v5c0_corrected_v4b_075c,15.0,75.0,0.03125,-0.004636695070841182,0.01217279188695764,-0.0002998586727246138,-0.00628897498244023,0.009428548151660367,-0.004564120845929496,0.013807533961868724,0.0017248541365107338,0.0026541316736976234
v4b_legacy_025c,15.0,75.0,0.0390625,0.017429038137034916,0.0128330608820136,-0.00036095015483998113,0.017869840440404978,0.011286512844653698,0.019619050221832912,0.03507661082813914,0.0017492097814279343,0.022040888202057508
v5c0_corrected_v4b_075c,15.0,75.0,0.0390625,0.019461099978653508,0.0128330608820136,-0.00036095015483998113,0.017869840440404978,0.011286512844653698,0.019619050221832912,0.03507661082813914,0.0017492097814279343,0.022040888202057508
v4b_legacy_025c,15.0,75.0,0.046875,0.04281098919887499,0.013459914699250137,-0.00041684638736887565,0.04380762216927868,0.0003157195137515531,0.04556880616242901,0.057962362367933826,0.0017611839931503323,0.05588545886103194
v5c0_corrected_v4b_075c,15.0,75.0,0.046875,0.04532438670122327,0.013459914699250137,-0.00041684638736887565,0.04380762216927868,0.0003157195137515531,0.04556880616242901,0.057962362367933826,0.0017611839931503323,0.05588545886103194
v4b_legacy_025c,15.0,75.0,0.0546875,0.069556517056492,0.014051650411328718,-0.00046748529675731893,0.07125788437804516,-0.017020070769360834,0.07301828505068914,0.08222980650808627,0.0017604006726439775,0.09748947660480313
v5c0_corrected_v4b_075c,15.0,75.0,0.0546875,0.07268680577317009,0.014051650411328718,-0.00046748529675731893,0.07125788437804516,-0.017020070769360834,0.07301828505068914,0.08222980650808627,0.0017604006726439775,0.09748947660480313
v4b_legacy_025c,15.0,75.0,0.0625,0.09748487108595247,0.014606689575659318,-0.000512771855086808,0.0999408845894259,-0.03360967370735079,0.10168763728404005,0.10763204538354698,0.0017467526946141482,0.13949496639628362
v5c0_corrected_v4b_075c,15.0,75.0,0.0625,0.10126918345208417,0.014606689575659318,-0.000512771855086808,0.0999408845894259,-0.03360967370735079,0.10168763728404005,0.10763204538354698,0.0017467526946141482,0.13949496639628362
v4b_legacy_025c,15.0,75.0,0.0703125,0.12641388988173596,0.015123585334626419,-0.0005526682213140234,0.12956584043918437,-0.0428562806018361,0.13128624238349745,0.13391215569115814,0.0017204019443130825,0.17504803434868116
v5c0_corrected_v4b_075c,15.0,75.0,0.0703125,0.13078164571117992,0.015123585334626419,-0.0005526682213140234,0.12956584043918437,-0.0428562806018361,0.13128624238349745,0.13391215569115814,0.0017204019443130825,0.17504803434868116
v4b_legacy_025c,15.0,75.0,0.078125,0.15614459707053327,0.015601027909505929,-0.0005871581703404216,0.15983471231413213,-0.03964684507510604,0.1615164825559103,0.16080650691573742,0.00168177024177818,0.19877158174906528
v5c0_corrected_v4b_075c,15.0,75.0,0.078125,0.16092740830679528,0.015601027909505929,-0.0005871581703404216,0.15983471231413213,-0.03964684507510604,0.1615164825559103,0.16080650691573742,0.00168177024177818,0.19877158174906528
v4b_legacy_025c,15.0,75.0,0.0859375,0.18632888826995334,0.016037848488326498,-0.0006162217952965957,0.19044569383349277,-0.028440688749942728,0.1920772160519969,0.18804782342967244,0.0016315222185041278,0.21485698996111105
v5c0_corrected_v4b_075c,15.0,75.0,0.0859375,0.19140625434011166,0.016037848488326498,-0.0006162217952965957,0.19044569383349277,-0.028440688749942728,0.1920772160519969,0.18804782342967244,0.0016315222185041278,0.21485698996111105
v4b_legacy_025c,15.0,75.0,0.09375,0.21656220075365984,0.016433021552880286,-0.0006399172304615258,0.22109646947328027,-0.01652673635247468,0.22266701093292374,0.21536803255868678,0.0015705414596434708,0.23032422745151798
v5c0_corrected_v4b_075c,15.0,75.0,0.09375,0.22191766520716458,0.016433021552880286,-0.0006399172304615258,0.22109646947328027,-0.01652673635247468,0.22266701093292374,0.21536803255868678,0.0015705414596434708,0.23032422745151798
v4b_legacy_025c,15.0,75.0,0.1015625,0.24655226140829198,0.016785665728015865,-0.000658433075510583,0.25148733209290547,-0.00395024876255215,0.25298723344701335,0.24250098737292045,0.0014999013541078798,0.24495133478136472
v5c0_corrected_v4b_075c,15.0,75.0,0.1015625,0.2521638339876711,0.016785665728015865,-0.000658433075510583,0.25148733209290547,-0.00395024876255215,0.25298723344701335,0.24250098737292045,0.0014999013541078798,0.24495133478136472
v4b_legacy_025c,15.0,75.0,0.109375,0.27601230713513353,0.017095043266432713,-0.0006720274123226021,0.28132417731673515,0.00923764120938661,0.28274500944032666,0.26557100880106055,0.001420832123591509,0.2549125354680824
v5c0_corrected_v4b_075c,15.0,75.0,0.109375,0.281790880081708,0.017095043266432713,-0.0006720274123226021,0.28132417731673515,0.00923764120938661,0.28274500944032666,0.26557100880106055,0.001420832123591509,0.2549125354680824
v4b_legacy_025c,15.0,75.0,0.1171875,0.3046637572431613,0.01736055830428964,-0.000680952346333513,0.3103213690580649,0.022975703438058333,0.31165605451039036,0.28190813601065384,0.001334685452325457,0.25759774712027006
v5c0_corrected_v4b_075c,15.0,75.0,0.1171875,0.31047048340342187,0.01736055830428964,-0.000680952346333513,0.3103213690580649,0.022975703438058333,0.31165605451039036,0.28190813601065384,0.001334685452325457,0.25759774712027006
v4b_legacy_025c,15.0,75.0,0.125,0.33223867664294165,0.017581754037418493,-0.0006854097685869599,0.33820438848672973,0.03719046405667411,0.3394472865222864,0.2931112435995734,0.001242898035556661,0.25467788150734266
v5c0_corrected_v4b_075c,15.0,75.0,0.125,0.3379592585499312,0.017581754037418493,-0.0006854097685869599,0.33820438848672973,0.03719046405667411,0.3394472865222864,0.2931112435995734,0.001242898035556661,0.25467788150734266
v4b_legacy_025c,15.0,75.0,0.1328125,0.358482044608644,0.017758308975560327,-0.0006855647857236379,0.3647123212476567,0.051794783196918506,0.36585927647478084,0.3006971118315462,0.0011469552271241579,0.24775537340750353
v5c0_corrected_v4b_075c,15.0,75.0,0.1328125,0.364028716307094,0.017758308975560327,-0.0006855647857236379,0.3647123212476567,0.051794783196918506,0.36585927647478084,0.3006971118315462,0.0011469552271241579,0.24775537340750353
v4b_legacy_025c,15.0,75.0,0.140625,0.38315378335295713,0.017890032433806883,-0.0006816341061603979,0.389600145973522,0.06668720593016292,0.3906485017855144,0.3059658079187142,0.0010483558119924186,0.23823024617655886
v5c0_corrected_v4b_075c,15.0,75.0,0.140625,0.388464085995762,0.017890032433806883,-0.0006816341061603979,0.389600145973522,0.06668720593016292,0.3906485017855144,0.3059658079187142,0.0010483558119924186,0.23823024617655886
v4b_legacy_025c,15.0,75.0,0.1484375,0.40603052117991467,0.017976859417428586,-0.0006739593482570661,0.4126407045500195,0.08175200168029183,0.41358928332066314,0.3099329120539662,0.0009485787706436377,0.22723233160303075
v5c0_corrected_v4b_075c,15.0,75.0,0.1484375,0.41106402363088057,0.017976859417428586,-0.0006739593482570661,0.4126407045500195,0.08175200168029183,0.41358928332066314,0.3099329120539662,0.0009485787706436377,0.22723233160303075
v4b_legacy_025c,15.0,75.0,0.15625,0.4269074165323701,0.018018845049591448,-0.000662928294584713,0.43362654307726883,0.09686003912918399,0.4344755958244124,0.31331768464971765,0.000849052747143586,0.21560859277339006
v5c0_corrected_v4b_075c,15.0,75.0,0.15625,0.4316414871040578,0.018018845049591448,-0.000662928294584713,0.43362654307726883,0.09686003912918399,0.4344755958244124,0.31331768464971765,0.000849052747143586,0.21560859277339006
v4b_legacy_025c,15.0,75.0,0.1640625,0.44084284813182506,0.018016158682123213,-0.005492996145235393,0.45237140453360974,0.11187024360471641,0.45312253331999947,0.3165714929736258,0.0007511287863897209,0.20395012058251966
v5c0_corrected_v4b_075c,15.0,75.0,0.1640625,0.44526837465386765,0.018016158682123213,-0.005492996145235393,0.45237140453360974,0.11187024360471641,0.45312253331999947,0.3165714929736258,0.0007511287863897209,0.20395012058251966
v4b_legacy_025c,15.0,75.0,0.171875,0.45376064827083096,0.0179690778183736,-0.008965085359791552,0.46871149869000517,0.12663165252361708,0.46936755546083486,0.31993012651841896,0.0006560567708296938,0.19264241722397218
v5c0_corrected_v4b_075c,15.0,75.0,0.171875,0.4578783116278778,0.0179690778183736,-0.008965085359791552,0.46871149869000517,0.12663165252361708,0.46936755546083486,0.31993012651841896,0.0006560567708296938,0.19264241722397218
v4b_legacy_025c,15.0,75.0,0.1796875,0.46781160815570433,0.017877981965071017,-0.00874555321469107,0.4825065074118866,0.140985921024287,0.4830714732753019,0.3234750822609003,0.0005649658634153121,0.181924195373198
v5c0_corrected_v4b_075c,15.0,75.0,0.1796875,0.4716290115030118,0.017877981965071017,-0.00874555321469107,0.4825065074118866,0.140985921024287,0.4830714732753019,0.3234750822609003,0.0005649658634153121,0.181924195373198
v4b_legacy_025c,15.0,75.0,0.1875,0.48132921397538386,0.017743346517503224,-0.006412240147071687,0.49364037049065335,0.15477019393464436,0.4941192196418868,0.3271921583366255,0.0004788491512334736,0.17194311525074768
v5c0_corrected_v4b_075c,15.0,75.0,0.1875,0.4848589094018103,0.017743346517503224,-0.006412240147071687,0.49364037049065335,0.15477019393464436,0.4941192196418868,0.3271921583366255,0.0004788491512334736,0.17194311525074768
v4b_legacy_025c,15.0,75.0,0.1953125,0.49345914673676666,0.01756573676979527,-0.002740223024755198,0.5020217336138786,0.16782010201510444,0.5024202861960482,0.33101937511368296,0.0003985525821695868,0.16280072051640893
v5c0_corrected_v4b_075c,15.0,75.0,0.1953125,0.49671741392146046,0.01756573676979527,-0.002740223024755198,0.5020217336138786,0.16782010201510444,0.5024202861960482,0.33101937511368296,0.0003985525821695868,0.16280072051640893
v4b_legacy_025c,15.0,75.0,0.203125,0.5037687303363869,0.017345802129849115,0.001900047887839127,0.5075843215752481,0.17997299351670312,0.5079090897692309,0.3348803400623207,0.0003247681939827496,0.15458257835163483
v5c0_corrected_v4b_075c,15.0,75.0,0.203125,0.5067748573471791,0.017345802129849115,0.001900047887839127,0.5075843215752481,0.17997299351670312,0.5079090897692309,0.3348803400623207,0.0003247681939827496,0.15458257835163483
v4b_legacy_025c,15.0,75.0,0.2109375,0.5115209377446673,0.017084270606861053,0.006803801665209466,0.5102869454199721,0.19107101415742975,0.5105449769701591,0.33870183397451537,0.00025803155018699897,0.14737278826689862
v5c0_corrected_v4b_075c,15.0,75.0,0.2109375,0.5142967258896937,0.017084270606861053,0.006803801665209466,0.5102869454199721,0.19107101415742975,0.5105449769701591,0.33870183397451537,0.00025803155018699897,0.14737278826689862
v4b_legacy_025c,15.0,75.0,0.21875,0.5166060976494594,0.016781943628370547,0.011880140290929798,0.5101134544702267,0.2009642056152363,0.5103121776894775,0.3424172805232179,0.00019872321925074043,0.14125435168873085
v5c0_corrected_v4b_075c,15.0,75.0,0.21875,0.5191753434360125,0.016781943628370547,0.011880140290929798,0.5101134544702267,0.2009642056152363,0.5103121776894775,0.3424172805232179,0.00019872321925074043,0.14125435168873085
v4b_legacy_025c,15.0,75.0,0.2265625,0.5218362576548289,0.016439691233570242,0.019984145974183354,0.5070724244178633,0.2095133353611013,0.5072194984799995,0.3459587549982505,0.00014707406213620988,0.136298345575013
v5c0_corrected_v4b_075c,15.0,75.0,0.2265625,0.5242240344338647,0.016439691233570242,0.019984145974183354,0.5070724244178633,0.2095133353611013,0.5072194984799995,0.3459587549982505,0.00014707406213620988,0.136298345575013
v4b_legacy_025c,15.0,75.0,0.234375,0.5184697601637711,0.01605844768011974,0.02219975156444029,0.5011968041467455,0.21659258277710788,0.5012999781743429,0.34924127191774335,0.00010317402759740801,0.13254551511303805
v5c0_corrected_v4b_075c,15.0,75.0,0.234375,0.5207014094110457,0.01605844768011974,0.02219975156444029,0.5011968041467455,0.21659258277710788,0.5012999781743429,0.34924127191774335,0.00010317402759740801,0.13254551511303805
v4b_legacy_025c,15.0,75.0,0.2421875,0.5188359105069457,0.01563920749291083,0.030975862450617418,0.4925433182556308,0.22406217807836504,0.492610302350257,0.35214278481999717,6.698409462618793e-05,0.12801362264700594
v5c0_corrected_v4b_075c,15.0,75.0,0.2421875,0.5209049262080675,0.01563920749291083,0.030975862450617418,0.4925433182556308,0.22406217807836504,0.492610302350257,0.35214278481999717,6.698409462618793e-05,0.12801362264700594
v4b_legacy_025c,15.0,75.0,0.25,0.5096724054595397,0.015183021975055163,0.0326505407746119,0.4811919135742438,0.23919035306315176,0.4812302645210554,0.3544834723204965,3.83509468115939e-05,0.11525476831053313
v5c0_corrected_v4b_075c,15.0,75.0,0.25,0.51146067208634,0.015183021975055163,0.0326505407746119,0.4811919135742438,0.23919035306315176,0.4812302645210554,0.3544834723204965,3.83509468115939e-05,0.11525476831053313
v4b_legacy_025c,15.0,75.0,0.2578125,0.5055266290487906,0.01469099619371119,0.04193363927730534,0.4672449850358427,0.2605913116351477,0.4672620089500093,0.3560068681426708,1.7023914166580667e-05,0.09539853259335651
v5c0_corrected_v4b_075c,15.0,75.0,0.2578125,0.5069451524421719,0.01469099619371119,0.04193363927730534,0.4672449850358427,0.2605913116351477,0.4672620089500093,0.3560068681426708,1.7023914166580667e-05,0.09539853259335651
v4b_legacy_025c,15.0,75.0,0.265625,0.4852924612274777,0.014164286446126226,0.037340913308259886,0.4508266138207196,0.2851875949991777,0.4508292874949439,0.35636527955118824,2.6736742242960965e-06,0.07117501087778627
v5c0_corrected_v4b_075c,15.0,75.0,0.265625,0.48630327814358115,0.014164286446126226,0.037340913308259886,0.4508266138207196,0.2851875949991777,0.4508292874949439,0.35636527955118824,2.6736742242960965e-06,0.07117501087778627
v4b_legacy_025c,15.0,75.0,0.2734375,0.46971193280696744,0.013604098204323276,0.03984167776473398,0.43208170788433475,0.30936554396879234,0.4320766200505409,0.35511114613828787,-5.087833793826491e-06,0.04575069000328935
v5c0_corrected_v4b_075c,15.0,75.0,0.2734375,0.4703292418528939,0.013604098204323276,0.03984167776473398,0.43208170788433475,0.30936554396879234,0.4320766200505409,0.35511114613828787,-5.087833793826491e-06,0.04575069000328935
v4b_legacy_025c,15.0,75.0,0.28125,0.44856264895696174,0.01301168453008918,0.038960294986356864,0.41117505128150816,0.32926726748325597,0.411168364421663,0.3516957294828262,-6.686859845173032e-06,0.022435148859415388
v5c0_corrected_v4b_075c,15.0,75.0,0.28125,0.44884788117646085,0.01301168453008918,0.038960294986356864,0.41117505128150816,0.32926726748325597,0.411168364421663,0.3516957294828262,-6.686859845173032e-06,0.022435148859415388
v4b_legacy_025c,15.0,75.0,0.2890625,0.42534749398753136,0.012388344945198256,0.03811387678216952,0.38829031551174836,0.3411064135300026,0.3882877482494525,0.34547636863573167,-2.567262295860573e-06,0.004372522368024934
v5c0_corrected_v4b_075c,15.0,75.0,0.2890625,0.4253990950406112,0.012388344945198256,0.03811387678216952,0.38829031551174836,0.3411064135300026,0.3882877482494525,0.34547636863573167,-2.567262295860573e-06,0.004372522368024934
v4b_legacy_025c,15.0,75.0,0.296875,0.40431842610574403,0.01173542473501576,0.04143550924546795,0.3636289615284552,0.34149244973295545,0.36363579101187826,0.3357333481973176,6.82948342306533e-06,-0.005765931019060921
v5c0_corrected_v4b_075c,15.0,75.0,0.296875,0.40425758993966565,0.01173542473501576,0.04143550924546795,0.3636289615284552,0.34149244973295545,0.36363579101187826,0.3357333481973176,6.82948342306533e-06,-0.005765931019060921
v4b_legacy_025c,15.0,75.0,0.3046875,0.3824673927774473,0.0110543146566577,0.045669996123249505,0.33740903954527246,0.327748342624942,0.33743012260180805,0.32169750164432226,2.108305653558684e-05,-0.006071924037155341
v5c0_corrected_v4b_075c,15.0,75.0,0.3046875,0.3824213548751048,0.0110543146566577,0.045669996123249505,0.33740903954527246,0.327748342624942,0.33743012260180805,0.32169750164432226,2.108305653558684e-05,-0.006071924037155341
v4b_legacy_025c,15.0,75.0,0.3125,0.352704077662191,0.010346451015640346,0.04335464659818397,0.3098638820594822,0.30349606878253793,0.30990369327323536,0.30258966676865034,3.981121375318253e-05,-0.0009462132276407687
v5c0_corrected_v4b_075c,15.0,75.0,0.3125,0.35273409892713403,0.010346451015640346,0.04335464659818397,0.3098638820594822,0.30349606878253793,0.30990369327323536,0.30258966676865034,3.981121375318253e-05,-0.0009462132276407687
v4b_legacy_025c,15.0,75.0,0.3203125,0.33229159373906,0.00961331606735584,0.051577575285889285,0.2812406490135413,0.27803686096124997,0.2813033332604116,0.2780995452081203,6.268424687033702e-05,0.0
v5c0_corrected_v4b_075c,15.0,75.0,0.3203125,0.3323542779859303,0.00961331606735584,0.051577575285889285,0.2812406490135413,0.27803686096124997,0.2813033332604116,0.2780995452081203,6.268424687033702e-05,0.0
v4b_legacy_025c,15.0,75.0,0.328125,0.30064566243158425,0.008856438691708208,0.049283423953131435,0.25179871665478526,0.25179842832511024,0.25188815304085693,0.2518878647111819,8.943638607167292e-05,0.0
v5c0_corrected_v4b_075c,15.0,75.0,0.328125,0.300735098817656,0.008856438691708208,0.049283423953131435,0.25179871665478526,0.25179842832511024,0.25188815304085693,0.2518878647111819,8.943638607167292e-05,0.0
v4b_legacy_025c,15.0,75.0,0.3359375,0.2725476283446345,0.008077395280822615,0.05112675497971294,0.2218078841712362,0.2250218166556248,0.22192775777571108,0.22514169026009964,0.00011987360447487938,-2.7755575615628914e-17
v5c0_corrected_v4b_075c,15.0,75.0,0.3359375,0.27266750194910944,0.008077395280822615,0.05112675497971294,0.2218078841712362,0.2250218166556248,0.22192775777571108,0.22514169026009964,0.00011987360447487938,-2.7755575615628914e-17
v4b_legacy_025c,15.0,75.0,0.34375,0.2452343804299625,0.007277810770933841,0.05403459848755664,0.19154638776076965,0.19795597520131106,0.19170026510546823,0.19810985254600963,0.00015387734469857195,0.0
v5c0_corrected_v4b_075c,15.0,75.0,0.34375,0.24538825777466106,0.007277810770933841,0.05403459848755664,0.19154638776076965,0.19795597520131106,0.19170026510546823,0.19810985254600963,0.00015387734469857195,0.0
v4b_legacy_025c,15.0,75.0,0.3515625,0.22219943530866051,0.006459359740465388,0.06123453070935923,0.16129870793181048,0.1708557743225278,0.16149011170973204,0.1710471781004494,0.00019140377792156715,2.7755575615628914e-17
v5c0_corrected_v4b_075c,15.0,75.0,0.3515625,0.2223908390865821,0.006459359740465388,0.06123453070935923,0.16129870793181048,0.1708557743225278,0.16149011170973204,0.1710471781004494,0.00019140377792156715,2.7755575615628914e-17
v4b_legacy_025c,15.0,75.0,0.359375,0.18775711166882655,0.005623767487103574,0.056651530107218594,0.13135316713586487,0.14397983760500913,0.13158564545969995,0.1442123159288442,0.00023247832383507805,0.0
v5c0_corrected_v4b_075c,15.0,75.0,0.359375,0.18798958999266166,0.005623767487103574,0.056651530107218594,0.13135316713586487,0.14397983760500913,0.13158564545969995,0.1442123159288442,0.00023247832383507805,0.0
v4b_legacy_025c,15.0,75.0,0.3671875,0.13443707951338457,0.004772810987622044,0.03251855849547633,0.10199932321736141,0.11758819401669435,0.10227650852691547,0.11786537932624841,0.0002771853095540622,0.0
v5c0_corrected_v4b_075c,15.0,75.0,0.3671875,0.13471426482293863,0.004772810987622044,0.03251855849547633,0.10199932321736141,0.11758819401669435,0.10227650852691547,0.11786537932624841,0.0002771853095540622,0.0
v4b_legacy_025c,15.0,75.0,0.375,0.0864672021513425,0.003908319635701619,0.012920560471593498,0.07352516925340515,0.09193975998488872,0.07385082208279269,0.09226541281427626,0.0003256528293875405,0.0
v5c0_corrected_v4b_075c,15.0,75.0,0.375,0.08679285498073004,0.003908319635701619,0.012920560471593498,0.07352516925340515,0.09193975998488872,0.07385082208279269,0.09226541281427626,0.0003256528293875405,0.0
v4b_legacy_025c,15.0,75.0,0.3828125,0.055301168437118096,0.0030321756455203193,0.009050541888583974,0.0462141647360525,0.06728967375854772,0.046592197821893735,0.06766770684438896,0.00037803308584123674,0.0
v5c0_corrected_v4b_075c,15.0,75.0,0.3828125,0.05567920152295934,0.0030321756455203193,0.009050541888583974,0.0462141647360525,0.06728967375854772,0.046592197821893735,0.06766770684438896,0.00037803308584123674,0.0
v4b_legacy_025c,15.0,75.0,0.390625,0.027147181216589787,0.0021463140030877873,0.006769045719773423,0.020342130361161108,0.0438865107260313,0.02077660910389716,0.044320989468767356,0.0004344787427360518,3.469446951953614e-18
v5c0_corrected_v4b_075c,15.0,75.0,0.390625,0.02758165995932584,0.0021463140030877873,0.006769045719773423,0.020342130361161108,0.0438865107260313,0.02077660910389716,0.044320989468767356,0.0004344787427360518,3.469446951953614e-18
v4b_legacy_025c,15.0,75.0,0.3984375,0.0014617989320028471,0.0012527218439163633,0.005262025787493946,-0.0038259494220153636,0.021969418742465194,-0.0033308333252104537,0.022464534839270103,0.0004951160968049099,-1.734723475976807e-18
v5c0_corrected_v4b_075c,15.0,75.0,0.3984375,0.001956915028807757,0.0012527218439163633,0.005262025787493946,-0.0038259494220153636,0.021969418742465194,-0.0033308333252104537,0.022464534839270103,0.0004951160968049099,-1.734723475976807e-18
v4b_legacy_025c,15.0,75.0,0.40625,-0.02188601423563694,0.0003534371355053855,0.004144783946069133,-0.02603916036262548,0.0017652226446804606,-0.02547914420070081,0.0023252388066051333,0.0005600161619246716,1.0842021724855044e-18
v5c0_corrected_v4b_075c,15.0,75.0,0.40625,-0.021325998073712268,0.0003534371355053855,0.004144783946069133,-0.02603916036262548,0.0017652226446804606,-0.02547914420070081,0.0023252388066051333,0.0005600161619246716,1.0842021724855044e-18
v4b_legacy_025c,15.0,75.0,0.4140625,-0.04282191936660948,0.0005494534528312025,0.003227483978481586,-0.04606386602332339,-0.016514446751138643,-0.04543470098225112,-0.015885281710066382,0.0006291650410722646,-3.469446951953614e-18
v5c0_corrected_v4b_075c,15.0,75.0,0.4140625,-0.042192754325537214,0.0005494534528312025,0.003227483978481586,-0.04606386602332339,-0.016514446751138643,-0.04543470098225112,-0.015885281710066382,0.0006291650410722646,-3.469446951953614e-18
v4b_legacy_025c,15.0,75.0,0.421875,-0.06108200202440164,0.0014538176011508867,0.0025634611357337736,-0.06368682052080187,-0.03267593886016406,-0.06298438531150542,-0.03197350365086761,0.0007024352092964425,6.938893903907228e-18
v5c0_corrected_v4b_075c,15.0,75.0,0.421875,-0.0603795668151052,0.0014538176011508867,0.0025634611357337736,-0.06368682052080187,-0.03267593886016406,-0.06298438531150542,-0.03197350365086761,0.0007024352092964425,6.938893903907228e-18
v4b_legacy_025c,15.0,75.0,0.4296875,-0.07652841019371212,0.002357481404482472,0.0021188554974606428,-0.0787181151686133,-0.04654622200739176,-0.07793855565346726,-0.04576666249224573,0.000779559515146036,-6.938893903907228e-18
v5c0_corrected_v4b_075c,15.0,75.0,0.4296875,-0.07574885067856608,0.002357481404482472,0.0021188554974606428,-0.0787181151686133,-0.04654622200739176,-0.07793855565346726,-0.04576666249224573,0.000779559515146036,-6.938893903907228e-18
v4b_legacy_025c,15.0,75.0,0.4375,-0.08913037025013683,0.003258234524878214,0.0017616708323794014,-0.0909938834083482,-0.05797530793808382,-0.09013377361451852,-0.05711519814425414,0.0008601097938296803,0.0
v5c0_corrected_v4b_075c,15.0,75.0,0.4375,-0.08827026045630713,0.003258234524878214,0.0017616708323794014,-0.0909938834083482,-0.05797530793808382,-0.09013377361451852,-0.05711519814425414,0.0008601097938296803,0.0
v4b_legacy_025c,15.0,75.0,0.4453125,-0.0987819997404727,0.00415383647398288,0.0014634472343263392,-0.10037868894585464,-0.06683839615197623,-0.0994352070056811,-0.06589491421180269,0.0009434819401735323,1.3877787807814457e-17
v5c0_corrected_v4b_075c,15.0,75.0,0.4453125,-0.09783851780029917,0.00415383647398288,0.0014634472343263392,-0.10037868894585464,-0.06683839615197623,-0.0994352070056811,-0.06589491421180269,0.0009434819401735323,1.3877787807814457e-17
v4b_legacy_025c,15.0,75.0,0.453125,-0.10538902177181042,0.005042024035877682,0.0012145781035287173,-0.10676754267024456,-0.0730376901969712,-0.1057386535823638,-0.07200880110909044,0.0010288890878807633,0.0
v5c0_corrected_v4b_075c,15.0,75.0,0.453125,-0.10436013268392966,0.005042024035877682,0.0012145781035287173,-0.10676754267024456,-0.0730376901969712,-0.1057386535823638,-0.07200880110909044,0.0010288890878807633,0.0
v4b_legacy_025c,15.0,75.0,0.4609375,-0.10890213870837517,0.005920519800190804,0.0009924053983050754,-0.11008750125820056,-0.07650384407249378,-0.10897213708593509,-0.07538847990022829,0.0011153641722654734,1.3877787807814457e-17
v5c0_corrected_v4b_075c,15.0,75.0,0.4609375,-0.1077867745361097,0.005920519800190804,0.0009924053983050754,-0.11008750125820056,-0.07650384407249378,-0.10897213708593509,-0.07538847990022829,0.0011153641722654734,1.3877787807814457e-17
v4b_legacy_025c,15.0,75.0,0.46875,-0.10929601435455609,0.006787041731770537,0.0007834287810149131,-0.11029878928336044,-0.07719698727610284,-0.10909701665854707,-0.07599521465128946,0.0012017726248133714,1.3877787807814457e-17
v5c0_corrected_v4b_075c,15.0,75.0,0.46875,-0.1080942417297427,0.006787041731770537,0.0007834287810149131,-0.11029878928336044,-0.07719698727610284,-0.10909701665854707,-0.07599521465128946,0.0012017726248133714,1.3877787807814457e-17
v4b_legacy_025c,15.0,75.0,0.4765625,-0.10657319222245676,0.007639304013265458,0.0005800050782999353,-0.1073954251804175,-0.0751073117142062,-0.10610858988920314,-0.07382047642299185,0.0012868352912143582,0.0
v5c0_corrected_v4b_075c,15.0,75.0,0.4765625,-0.10528635693124239,0.007639304013265458,0.0005800050782999353,-0.1073954251804175,-0.0751073117142062,-0.10610858988920314,-0.07382047642299185,0.0012868352912143582,0.0
v4b_legacy_025c,15.0,75.0,0.484375,-0.10076161309552291,0.008475004842514735,0.00038298197647457525,-0.10140534680883873,-0.0702552158234102,-0.10003618587450078,-0.06888605488907225,0.0013691609343379485,0.0
v5c0_corrected_v4b_075c,15.0,75.0,0.484375,-0.09939245216118495,0.008475004842514735,0.00038298197647457525,-0.10140534680883873,-0.0702552158234102,-0.10003618587450078,-0.06888605488907225,0.0013691609343379485,0.0
v4b_legacy_025c,15.0,75.0,0.4921875,-0.09192078093718364,0.009291852680008003,0.00019510779111583688,-0.09239003483423383,-0.06269100405000057,-0.09094274788204743,-0.06124371709781416,0.0014472869521864051,0.0
v5c0_corrected_v4b_075c,15.0,75.0,0.4921875,-0.09047349398499724,0.009291852680008003,0.00019510779111583688,-0.09239003483423383,-0.06269100405000057,-0.09094274788204743,-0.06124371709781416,0.0014472869521864051,0.0
v4b_legacy_025c,15.0,75.0,0.5,-0.08014677689087511,0.01008758248306662,1.5082036207189078e-05,-0.08044364960705783,-0.052494156085387725,-0.07892392331866145,-0.05097442979699134,0.0015197262883963752,6.938893903907228e-18
v5c0_corrected_v4b_075c,15.0,75.0,0.5,-0.07862705060247874,0.01008758248306662,1.5082036207189078e-05,-0.08044364960705783,-0.052494156085387725,-0.07892392331866145,-0.05097442979699134,0.0015197262883963752,6.938893903907228e-18
v4b_legacy_025c,15.0,75.0,0.5078125,-0.06556654788222244,0.010859969750016399,-0.0001580370242287409,-0.06569171234292567,-0.03977219192906411,-0.06410669432783578,-0.038187173913974214,0.0015850180150898951,0.0
v5c0_corrected_v4b_075c,15.0,75.0,0.5078125,-0.06398152986713256,0.010859969750016399,-0.0001580370242287409,-0.06569171234292567,-0.03977219192906411,-0.06410669432783578,-0.038187173913974214,0.0015850180150898951,0.0
v4b_legacy_025c,15.0,75.0,0.515625,-0.0483353187273345,0.01160684463519485,-0.00032396894902135564,-0.04828938213522232,-0.02465917872751959,-0.04664760335222693,-0.023017399944524203,0.0016417787829953873,0.0
v5c0_corrected_v4b_075c,15.0,75.0,0.515625,-0.046693539944339106,0.01160684463519485,-0.00032396894902135564,-0.04828938213522232,-0.02465917872751959,-0.04664760335222693,-0.023017399944524203,0.0016417787829953873,0.0
v4b_legacy_025c,15.0,75.0,0.5234375,-0.02863632135303858,0.012326105821291952,-0.00048300102772575577,-0.028419421987206806,-0.007313961439799663,-0.026730669695002724,-0.0056252091475955815,0.001688752292204082,-8.673617379884035e-19
v5c0_corrected_v4b_075c,15.0,75.0,0.5234375,-0.026947569060834498,0.012326105821291952,-0.00048300102772575577,-0.028419421987206806,-0.007313961439799663,-0.026730669695002724,-0.0056252091475955815,0.001688752292204082,-8.673617379884035e-19
v4b_legacy_025c,15.0,75.0,0.53125,-0.006711432761137752,0.01301573384227089,-0.0006344458443289653,-0.006289820807706173,0.009427780299491477,-0.004564966671195417,0.01380676610970156,0.0017248541365107563,0.002654131673699327
v5c0_corrected_v4b_075c,15.0,75.0,0.53125,-0.004952033153179784,0.01301573384227089,-0.0006344458443289653,-0.006289820807706173,0.009427780299491477,-0.004564966671195417,0.01380676610970156,0.0017248541365107563,0.002654131673699327
v4b_legacy_025c,15.0,75.0,0.5390625,0.017012261546022183,0.013673803571239445,-0.0007772446758303621,0.01786889629280988,0.011285653999439206,0.019618106074237796,0.03507575198292487,0.001749209781427917,0.022040888202057747
v5c0_corrected_v4b_075c,15.0,75.0,0.5390625,0.01906285410326069,0.013673803571239445,-0.0007772446758303621,0.01786889629280988,0.011285653999439206,0.019618106074237796,0.03507575198292487,0.001749209781427917,0.022040888202057747
v4b_legacy_025c,15.0,75.0,0.546875,0.04228667869022661,0.014298495621445938,-0.0009110677610684719,0.04380658701673985,0.0003147763884582015,0.0455677710098902,0.05796141924264453,0.0017611839931503531,0.05588545886103598
v5c0_corrected_v4b_075c,15.0,75.0,0.546875,0.04484694067220399,0.014298495621445938,-0.0009110677610684719,0.04380658701673985,0.0003147763884582015,0.0455677710098902,0.05796141924264453,0.0017611839931503531,0.05588545886103598
v4b_legacy_025c,15.0,75.0,0.5546875,0.06892194181960908,0.014888106452396153,-0.0010359568337235277,0.07125676534981915,-0.017021091630144283,0.07301716602246315,0.08222878564730696,0.0017604006726440052,0.09748947660480724
v5c0_corrected_v4b_075c,15.0,75.0,0.5546875,0.07213377619793385,0.014888106452396153,-0.0010359568337235277,0.07125676534981915,-0.017021091630144283,0.07301716602246315,0.08222878564730696,0.0017604006726440052,0.09748947660480724
v4b_legacy_025c,15.0,75.0,0.5625,0.09674344662834108,0.015441057023642147,-0.0011518679468213624,0.09993968870092035,-0.03361076585999899,0.10168644139553452,0.10763095323089994,0.001746752694614176,0.13949496639628478
v5c0_corrected_v4b_075c,15.0,75.0,0.5625,0.10064414905359133,0.015441057023642147,-0.0011518679468213624,0.09993968870092035,-0.03361076585999899,0.10168644139553452,0.10763095323089994,0.001746752694614176,0.13949496639628478
v4b_legacy_025c,15.0,75.0,0.5703125,0.12557488925352903,0.01595589989255092,-0.0012586193810775982,0.12956457459719153,-0.04285743769661594,0.1312849765415046,0.13391099859637506,0.0017204019443130547,0.17504803434867794
v5c0_corrected_v4b_075c,15.0,75.0,0.5703125,0.1300883401102974,0.01595589989255092,-0.0012586193810775982,0.12956457459719153,-0.04285743769661594,0.1312849765415046,0.13391099859637506,0.0017204019443130547,0.17504803434867794
v4b_legacy_025c,15.0,75.0,0.578125,0.1552218374835052,0.016431324705922654,-0.0013560836467511892,0.15983338326147045,-0.039648060907226244,0.1615151535032486,0.16080529108361502,0.0016817702417781522,0.19877158174906312
v5c0_corrected_v4b_075c,15.0,75.0,0.578125,0.16016968812731205,0.016431324705922654,-0.0013560836467511892,0.15983338326147045,-0.039648060907226244,0.1615151535032486,0.16080529108361502,0.0016817702417781522,0.19877158174906312
v4b_legacy_025c,15.0,75.0,0.5859375,0.18533244664477203,0.016866162085736762,-0.0014444526293601867,0.19044430813266744,-0.02844195727499334,0.19207583035117157,0.18804655490462177,0.0016315222185041278,0.214856989961111
v5c0_corrected_v4b_075c,15.0,75.0,0.5859375,0.19058778168121374,0.016866162085736762,-0.0014444526293601867,0.19044430813266744,-0.02844195727499334,0.19207583035117157,0.18804655490462177,0.0016315222185041278,0.214856989961111
v4b_legacy_025c,15.0,75.0,0.59375,0.21549604174830025,0.01725938595424995,-0.0015240676853299658,0.22109503350021234,-0.01652805169267346,0.22266557495985578,0.21536671721848508,0.001570541459643443,0.2303242274515151
v5c0_corrected_v4b_075c,15.0,75.0,0.59375,0.22104183794414384,0.01725938595424995,-0.0015240676853299658,0.22109503350021234,-0.01652805169267346,0.22266557495985578,0.21536671721848508,0.001570541459643443,0.2303242274515151
v4b_legacy_025c,15.0,75.0,0.6015625,0.24542032736145766,0.01761011438159235,-0.0015953358798127164,0.251485852033358,-0.0039516052105415395,0.2529857533874659,0.24249963092492935,0.0014999013541078798,0.244951334781363
v5c0_corrected_v4b_075c,15.0,75.0,0.6015625,0.2512338497389891,0.01761011438159235,-0.0015953358798127164,0.251485852033358,-0.0039516052105415395,0.2529857533874659,0.24249963092492935,0.0014999013541078798,0.244951334781363
v4b_legacy_025c,15.0,75.0,0.609375,0.2748186843362983,0.017917609069088937,-0.0016585542282365115,0.28132265916522,0.009236249188954418,0.2827434912888115,0.26556961678063007,0.001420832123591509,0.2549125354680841
v5c0_corrected_v4b_075c,15.0,75.0,0.609375,0.28080693961721725,0.017917609069088937,-0.0016585542282365115,0.28132265916522,0.009236249188954418,0.2827434912888115,0.26556961678063007,0.001420832123591509,0.2549125354680841
v4b_legacy_025c,15.0,75.0,0.6171875,0.30341298696016117,0.0181812736036208,-0.0017136807215638343,0.31031981861808666,0.022974281208143137,0.31165450407041206,0.2819067137807375,0.0013346854523254015,0.25759774712026895
v5c0_corrected_v4b_075c,15.0,75.0,0.6171875,0.3094311275325565,0.0181812736036208,-0.0017136807215638343,0.31031981861808666,0.022974281208143137,0.31165450407041206,0.2819067137807375,0.0013346854523254015,0.25759774712026895
v4b_legacy_025c,15.0,75.0,0.625,0.3309356240711989,0.01840065063281523,-0.0017607363243047184,0.33820281137096625,0.037189016807379384,0.33944570940652286,0.2931097963502756,0.0012428980355566055,0.2546778815073396
v5c0_corrected_v4b_075c,15.0,75.0,0.625,0.33686476082827765,0.01840065063281523,-0.0017607363243047184,0.33820281137096625,0.037189016807379384,0.33944570940652286,0.2931097963502756,0.0012428980355566055,0.2546778815073396
v4b_legacy_025c,15.0,75.0,0.6328125,0.35713157350162444,0.018575418118474893,-0.001800013715275046,0.36471072287985445,0.05179331594654442,0.3658576781069786,0.3006956445811725,0.0011469552271241579,0.24775537340750392
v5c0_corrected_v4b_075c,15.0,75.0,0.6328125,0.3628806883808919,0.018575418118474893,-0.001800013715275046,0.36471072287985445,0.05179331594654442,0.3658576781069786,0.3006956445811725,0.0011469552271241579,0.24775537340750392
v4b_legacy_025c,15.0,75.0,0.640625,0.381760747515709,0.01870538482741885,-0.0018318410248051131,0.3895985315897428,0.06668572352570458,0.3906468874017352,0.30596432551425595,0.0010483558119924186,0.23823024617655897
v5c0_corrected_v4b_075c,15.0,75.0,0.640625,0.3872652917599647,0.01870538482741885,-0.0018318410248051131,0.3895985315897428,0.06668572352570458,0.3906468874017352,0.30596432551425595,0.0010483558119924186,0.23823024617655897
v4b_legacy_025c,15.0,75.0,0.6484375,0.40459986558822425,0.01879048521590328,-0.0018565421499002381,0.412639079200554,0.08175050879856663,0.41358765797119756,0.30993141917224,0.0009485787706435822,0.22723233160302977
v5c0_corrected_v4b_075c,15.0,75.0,0.6484375,0.4098182501264298,0.01879048521590328,-0.0018565421499002381,0.412639079200554,0.08175050879856663,0.41358765797119756,0.30993141917224,0.0009485787706435822,0.22723233160302977
v4b_legacy_025c,15.0,75.0,0.65625,0.42544410376451214,0.018830773857109476,-0.0018745354341528255,0.4336249116273985,0.09685854027686686,0.43447396437454217,0.3133161857974026,0.0008490527471436415,0.21560859277339212
v5c0_corrected_v4b_075c,15.0,75.0,0.65625,0.4303532331638211,0.018830773857109476,-0.0018745354341528255,0.4336249116273985,0.09685854027686686,0.43447396437454217,0.3133161857974026,0.0008490527471436415,0.21560859277339212
v4b_legacy_025c,15.0,75.0,0.6640625,0.4422140784728777,0.018826419551842555,-0.003817141073010397,0.45236977166780595,0.11186874312148605,0.4531209004541956,0.31656999249039774,0.0007511287863896654,0.20395012058252204
v5c0_corrected_v4b_075c,15.0,75.0,0.6640625,0.4468048577970028,0.018826419551842555,-0.003817141073010397,0.45236977166780595,0.11186874312148605,0.4531209004541956,0.31656999249039774,0.0007511287863896654,0.20395012058252204
v4b_legacy_025c,15.0,75.0,0.671875,0.45353897649809727,0.0187776992514686,-0.008914822267535873,0.46870986890993005,0.12663015457992927,0.46936592568075974,0.3199286285747341,0.0006560567708296938,0.19264241722397513
v5c0_corrected_v4b_075c,15.0,75.0,0.671875,0.45781241464263467,0.0187776992514686,-0.008914822267535873,0.46870986890993005,0.12663015457992927,0.46936592568075974,0.3199286285747341,0.0006560567708296938,0.19264241722397513
v4b_legacy_025c,15.0,75.0,0.6796875,0.46637748069874485,0.018684991909974864,-0.009931670579152268,0.4825048850400114,0.14098442962404706,0.48306985090342675,0.32347359086066485,0.0005649658634153676,0.18192419537320242
v5c0_corrected_v4b_075c,15.0,75.0,0.6796875,0.4703416986809372,0.018684991909974864,-0.009931670579152268,0.4825048850400114,0.14098442962404706,0.48306985090342675,0.32347359086066485,0.0005649658634153676,0.18192419537320242
v4b_legacy_025c,15.0,75.0,0.6875,0.4792446765370278,0.01854877236946317,-0.008261704244160431,0.49363875966987475,0.1547687129144752,0.4941176088211082,0.3271906773164566,0.0004788491512334736,0.17194311525074796
v5c0_corrected_v4b_075c,15.0,75.0,0.6875,0.4829128593935438,0.01854877236946317,-0.008261704244160431,0.49363875966987475,0.1547687129144752,0.4941176088211082,0.3271906773164566,0.0004788491512334736,0.17194311525074796
v4b_legacy_025c,15.0,75.0,0.6953125,0.49091513500165923,0.018369605370832882,-0.005058781394283167,0.5020201383073621,0.1678186350438408,0.5024186908895317,0.3310179081424134,0.0003985525821695868,0.16280072051640299
v5c0_corrected_v4b_075c,15.0,75.0,0.6953125,0.49430427257380244,0.018369605370832882,-0.005058781394283167,0.5020201383073621,0.1678186350438408,0.5024186908895317,0.3310179081424134,0.0003985525821695868,0.16280072051640299
v4b_legacy_025c,15.0,75.0,0.703125,0.5008519656983659,0.018148139769202053,-0.0007997601529937115,0.507582745566579,0.1799715440952572,0.5079075137605618,0.3348788906408757,0.0003247681939827496,0.15458257835163577
v5c0_corrected_v4b_075c,15.0,75.0,0.703125,0.5039821201301579,0.018148139769202053,-0.0007997601529937115,0.507582745566579,0.1799715440952572,0.5079075137605618,0.3348788906408757,0.0003247681939827496,0.15458257835163577
v4b_legacy_025c,15.0,75.0,0.7109375,0.5086322116114166,0.017885103021967944,0.004129890403196602,0.5102853923125222,0.19106958561803458,0.5105434238627093,0.33870040543512275,0.00025803155018711,0.14737278826690106
v5c0_corrected_v4b_075c,15.0,75.0,0.7109375,0.511526020662392,0.017885103021967944,0.004129890403196602,0.5102853923125222,0.19106958561803458,0.5105434238627093,0.33870040543512275,0.00025803155018711,0.14737278826690106
v4b_legacy_025c,15.0,75.0,0.71875,0.5134289982240902,0.017581296006447044,0.008908943617938783,0.5101119276852883,0.20096280111963827,0.5103106509045392,0.3424158760276257,0.00019872321925085146,0.14125435168873657
v5c0_corrected_v4b_075c,15.0,75.0,0.71875,0.5161111560125794,0.017581296006447044,0.008908943617938783,0.5101119276852883,0.20096280111963827,0.5103106509045392,0.3424158760276257,0.00019872321925085146,0.14125435168873657
v4b_legacy_025c,15.0,75.0,0.7265625,0.5163841614228118,0.017237588213812258,0.014695752541551903,0.507070927194081,0.2095119579000109,0.507218001256217,0.34595737753715355,0.00014707406213598784,0.13629834557500667
v5c0_corrected_v4b_075c,15.0,75.0,0.7265625,0.5188806902401937,0.017237588213812258,0.014695752541551903,0.507070927194081,0.2095119579000109,0.507218001256217,0.34595737753715355,0.00014707406213598784,0.13629834557500667
v4b_legacy_025c,15.0,75.0,0.734375,0.5181281228925972,0.01685491335655922,0.022102293110157635,0.501195339537864,0.21659123516822656,0.5012985135654612,0.34923992430886114,0.00010317402759718597,0.1325455151130374
v5c0_corrected_v4b_075c,15.0,75.0,0.734375,0.5204653400932252,0.01685491335655922,0.022102293110157635,0.501195339537864,0.21659123516822656,0.5012985135654612,0.34923992430886114,0.00010317402759718597,0.1325455151130374
v4b_legacy_025c,15.0,75.0,0.7421875,0.5110981989320308,0.016434265417940252,0.023352377416242152,0.4925418891280423,0.22406086296433778,0.4926088732226685,0.35214146970597265,6.698409462618793e-05,0.1280136226470087
v5c0_corrected_v4b_075c,15.0,75.0,0.7421875,0.5132689928783499,0.016434265417940252,0.023352377416242152,0.4925418891280423,0.22406086296433778,0.4926088732226685,0.35214146970597265,6.698409462618793e-05,0.1280136226470087
v4b_legacy_025c,15.0,75.0,0.75,0.5103115592396631,0.015976695163629328,0.033523006887841794,0.4811905226047727,0.23918907290959915,0.48122887355158445,0.35448219216693777,3.8350946811760434e-05,0.11525476831052686
v5c0_corrected_v4b_075c,15.0,75.0,0.75,0.5121913004859268,0.015976695163629328,0.033523006887841794,0.4811905226047727,0.23918907290959915,0.48122887355158445,0.35448219216693777,3.8350946811760434e-05,0.11525476831052686
v4b_legacy_025c,15.0,75.0,0.7578125,0.4959801447665361,0.015483307128228613,0.032438445096289736,0.4672436347096537,0.2605900687291851,0.46726065862382027,0.3560056252367075,1.7023914166580667e-05,0.09539853259335579
v5c0_corrected_v4b_075c,15.0,75.0,0.7578125,0.49747425346042795,0.015483307128228613,0.032438445096289736,0.4672436347096537,0.2605900687291851,0.46726065862382027,0.3560056252367075,1.7023914166580667e-05,0.09539853259335579
v4b_legacy_025c,15.0,75.0,0.765625,0.48499136434612056,0.014955257081987548,0.03719955944992473,0.4508253064274334,0.28518639144610025,0.45082798010165764,0.35636407599811204,2.6736742242405853e-06,0.07117501087778755
v5c0_corrected_v4b_075c,15.0,75.0,0.765625,0.48605847860583534,0.014955257081987548,0.03719955944992473,0.4508253064274334,0.28518639144610025,0.45082798010165764,0.35636407599811204,2.6736742242405853e-06,0.07117501087778755
v4b_legacy_025c,15.0,75.0,0.7734375,0.46196538793155506,0.01439374997616045,0.03211352074527567,0.43208044551550173,0.30936438169015423,0.4320753576817079,0.3551099838596513,-5.087833793826491e-06,0.045750690003290906
v5c0_corrected_v4b_075c,15.0,75.0,0.7734375,0.46261882409090543,0.01439374997616045,0.03211352074527567,0.43208044551550173,0.30936438169015423,0.4320753576817079,0.3551099838596513,-5.087833793826491e-06,0.045750690003290906
v4b_legacy_025c,15.0,75.0,0.78125,0.4433855815142253,0.013800038358656683,0.03380863538284279,0.41117383582744826,0.3292661482144202,0.41116714896760315,0.3516946102139896,-6.686859845117521e-06,0.022435148859414555
v5c0_corrected_v4b_075c,15.0,75.0,0.78125,0.44368850056922227,0.013800038358656683,0.03380863538284279,0.41117383582744826,0.3292661482144202,0.41116714896760315,0.3516946102139896,-6.686859845117521e-06,0.022435148859414555
v4b_legacy_025c,15.0,75.0,0.7890625,0.4216631285753436,0.013175421244915995,0.03444953360306921,0.38828914865978076,0.3411053388187936,0.38828658139748484,0.3454752939245229,-2.567262295916084e-06,0.004372522368025211
v5c0_corrected_v4b_075c,15.0,75.0,0.7890625,0.42171817113714927,0.013175421244915995,0.03444953360306921,0.38828914865978076,0.3411053388187936,0.38828658139748484,0.3454752939245229,-2.567262295916084e-06,0.004372522368025211
v4b_legacy_025c,15.0,75.0,0.796875,0.39949886221509007,0.012521243422152674,0.03660655256274422,0.3636278447590051,0.3414914209366759,0.363634674242428,0.3357323194010394,6.829483422898797e-06,-0.005765931019059367
v5c0_corrected_v4b_075c,15.0,75.0,0.796875,0.39943349507266795,0.012521243422152674,0.03660655256274422,0.3636278447590051,0.3414914209366759,0.363634674242428,0.3357323194010394,6.829483422898797e-06,-0.005765931019059367
v4b_legacy_025c,15.0,75.0,0.8046875,0.37298415471282426,0.01183889515814494,0.036118150566830744,0.3374079741309485,0.32774736090983153,0.3374290571874841,0.32169651992921033,2.1083056535642353e-05,-0.0060719240371568395
v5c0_corrected_v4b_075c,15.0,75.0,0.8046875,0.37293335289727575,0.01183889515814494,0.036118150566830744,0.3374079741309485,0.32774736090983153,0.3374290571874841,0.32169651992921033,2.1083056535642353e-05,-0.0060719240371568395
v4b_legacy_025c,15.0,75.0,0.8125,0.3461738602098831,0.011129812278503457,0.03679134357780386,0.3098628690629737,0.3034951351222629,0.3099026802767271,0.30258873310837386,3.981121375340457e-05,-0.000946213227642434
v5c0_corrected_v4b_075c,15.0,75.0,0.8125,0.34620314024803744,0.011129812278503457,0.03679134357780386,0.3098628690629737,0.3034951351222629,0.3099026802767271,0.30258873310837386,3.981121375340457e-05,-0.000946213227642434
v4b_legacy_025c,15.0,75.0,0.8203125,0.32071687537680926,0.01039547656875599,0.039925535180430696,0.2812396892868283,0.27803597613657055,0.2813023735336987,0.278098660383441,6.268424687039253e-05,5.551115123125783e-17
v5c0_corrected_v4b_075c,15.0,75.0,0.8203125,0.32077955962367966,0.01039547656875599,0.039925535180430696,0.2812396892868283,0.27803597613657055,0.2813023735336987,0.278098660383441,6.268424687039253e-05,5.551115123125783e-17
v4b_legacy_025c,15.0,75.0,0.828125,0.292728833658855,0.00963741644958343,0.04132933291299704,0.25179781083886094,0.25179759292392323,0.25188724722493255,0.2518870293099949,8.943638607161741e-05,5.551115123125783e-17
v5c0_corrected_v4b_075c,15.0,75.0,0.828125,0.2928182700449266,0.00963741644958343,0.04132933291299704,0.25179781083886094,0.25179759292392323,0.25188724722493255,0.2518870293099949,8.943638607161741e-05,5.551115123125783e-17
v4b_legacy_025c,15.0,75.0,0.8359375,0.26672478748891576,0.008857207865120682,0.04529043453286015,0.22180703269731103,0.22502103107436888,0.2219269063017859,0.22514090467884376,0.00011987360447487938,0.0
v5c0_corrected_v4b_075c,15.0,75.0,0.8359375,0.2668446610933906,0.008857207865120682,0.04529043453286015,0.22180703269731103,0.22502103107436888,0.2219269063017859,0.22514090467884376,0.00011987360447487938,0.0
v4b_legacy_025c,15.0,75.0,0.84375,0.23334925560323194,0.008056475315428841,0.04209113173817692,0.19154559085160586,0.19795523964645476,0.19169946819630448,0.19810911699115336,0.00015387734469862746,-2.7755575615628914e-17
v5c0_corrected_v4b_075c,15.0,75.0,0.84375,0.23350313294793057,0.008056475315428841,0.04209113173817692,0.19154559085160586,0.19795523964645476,0.19169946819630448,0.19810911699115336,0.00015387734469862746,-2.7755575615628914e-17
v4b_legacy_025c,15.0,75.0,0.8515625,0.23362770611043118,0.007236892955149877,0.07278733074924224,0.16129796560469123,0.17085508881346415,0.1614893693826128,0.17104649259138568,0.00019140377792156715,-2.7755575615628914e-17
v5c0_corrected_v4b_075c,15.0,75.0,0.8515625,0.23381910988835275,0.007236892955149877,0.07278733074924224,0.16129796560469123,0.17085508881346415,0.1614893693826128,0.17104649259138568,0.00019140377792156715,-2.7755575615628914e-17
v4b_legacy_025c,15.0,75.0,0.859375,0.16907975552218515,0.006400185671147296,0.037888959319672524,0.13135247920689114,0.1439792019781211,0.13158495753072622,0.1442116803019562,0.00023247832383507805,0.0
v5c0_corrected_v4b_075c,15.0,75.0,0.859375,0.1693122338460203,0.006400185671147296,0.037888959319672524,0.13135247920689114,0.1439792019781211,0.13158495753072622,0.1442116803019562,0.00023247832383507805,0.0
v4b_legacy_025c,15.0,75.0,0.8671875,0.11618437268360579,0.005548130042886298,0.014177854610992293,0.10199868930597239,0.1175876079296327,0.10227587461552647,0.11786479323918679,0.00027718530955407605,1.3877787807814457e-17
v5c0_corrected_v4b_075c,15.0,75.0,0.8671875,0.11646155799315987,0.005548130042886298,0.014177854610992293,0.10199868930597239,0.1175876079296327,0.10227587461552647,0.11786479323918679,0.00027718530955407605,1.3877787807814457e-17
v4b_legacy_025c,15.0,75.0,0.875,0.08220291257333547,0.004682555080795256,0.008632518487389542,0.07352458879062662,0.09193922292406174,0.07385024162001413,0.09226487575344926,0.0003256528293875127,0.0
v5c0_corrected_v4b_075c,15.0,75.0,0.875,0.08252856540272298,0.004682555080795256,0.008632518487389542,0.07352458879062662,0.09193922292406174,0.07385024162001413,0.09226487575344926,0.0003256528293875127,0.0
v4b_legacy_025c,15.0,75.0,0.8828125,0.05211230042218307,0.0038053426303789363,0.005840689595027027,0.04621363697071749,0.06728918504490683,0.046591670056558725,0.06766721813074807,0.00037803308584123674,0.0
v5c0_corrected_v4b_075c,15.0,75.0,0.8828125,0.0524903335080243,0.0038053426303789363,0.005840689595027027,0.04621363697071749,0.06728918504490683,0.046591670056558725,0.06766721813074807,0.00037803308584123674,0.0
v4b_legacy_025c,15.0,75.0,0.890625,0.024507197712684742,0.0029184273240517233,0.004108821976074912,0.020341654370419862,0.04388606952454226,0.02077613311315588,0.04432054826727828,0.0004344787427360171,3.469446951953614e-18
v5c0_corrected_v4b_075c,15.0,75.0,0.890625,0.02494167645542076,0.0029184273240517233,0.004108821976074912,0.020341654370419862,0.04388606952454226,0.02077613311315588,0.04432054826727828,0.0004344787427360171,3.469446951953614e-18
v4b_legacy_025c,15.0,75.0,0.8984375,-0.0007171660805949833,0.002023795959275511,0.0030632033170723723,-0.003826374723018867,0.0219690240709042,-0.00333125862621398,0.022464140167709087,0.0004951160968048869,4.336808689942018e-19
v5c0_corrected_v4b_075c,15.0,75.0,0.8984375,-0.00022204998379009636,0.002023795959275511,0.0030632033170723723,-0.003826374723018867,0.0219690240709042,-0.00333125862621398,0.022464140167709087,0.0004951160968048869,4.336808689942018e-19
v4b_legacy_025c,15.0,75.0,0.90625,-0.023605793996407616,0.001123486181469681,0.0024052065589699207,-0.026039536209006866,0.0017648733842151707,-0.025479520047082135,0.0023248895461398995,0.0005600161619247306,-1.734723475976807e-18
v5c0_corrected_v4b_075c,15.0,75.0,0.90625,-0.023045777834482892,0.001123486181469681,0.0024052065589699207,-0.026039536209006866,0.0017648733842151707,-0.025479520047082135,0.0023248895461398995,0.0005600161619247306,-1.734723475976807e-18
v4b_legacy_025c,15.0,75.0,0.9140625,-0.04411367688367107,0.00021958435421244346,0.0019444552811942028,-0.04606419378803451,-0.016514751844750316,-0.045435028746962244,-0.015885586803678055,0.0006291650410722646,-3.469446951953614e-18
v5c0_corrected_v4b_075c,15.0,75.0,0.9140625,-0.0434845118425988,0.00021958435421244346,0.0019444552811942028,-0.04606419378803451,-0.016514751844750316,-0.045435028746962244,-0.015885586803678055,0.0006291650410722646,-3.469446951953614e-18
v4b_legacy_025c,15.0,75.0,0.921875,-0.06205584143149609,0.0006857774916355963,0.0016110985468239857,-0.06368710170079696,-0.03267620114414479,-0.06298466649150052,-0.03197376593484834,0.0007024352092964425,6.938893903907228e-18
v5c0_corrected_v4b_075c,15.0,75.0,0.921875,-0.06135340622219965,0.0006857774916355963,0.0016110985468239857,-0.06368710170079696,-0.03267620114414479,-0.06298466649150052,-0.03197376593484834,0.0007024352092964425,6.938893903907228e-18
v4b_legacy_025c,15.0,75.0,0.9296875,-0.0773164908000653,0.0015904257232991974,0.0013528451400779775,-0.07871835137117,-0.04654644293962421,-0.07793879185602398,-0.04576688342447818,0.0007795595151460222,6.938893903907228e-18
v5c0_corrected_v4b_075c,15.0,75.0,0.9296875,-0.07653693128491926,0.0015904257232991974,0.0013528451400779775,-0.07871835137117,-0.04654644293962421,-0.07793879185602398,-0.04576688342447818,0.0007795595151460222,6.938893903907228e-18
v4b_legacy_025c,15.0,75.0,0.9375,-0.08977081498931815,0.0024921502580000374,0.001143824648896211,-0.09099407633611029,-0.05797548906368508,-0.09013396654228065,-0.057115379269855444,0.0008601097938296387,0.0
v5c0_corrected_v4b_075c,15.0,75.0,0.9375,-0.0889107051954885,0.0024921502580000374,0.001143824648896211,-0.09099407633611029,-0.05797548906368508,-0.09013396654228065,-0.057115379269855444,0.0008601097938296387,0.0
v4b_legacy_025c,15.0,75.0,0.9453125,-0.09930718094239212,0.0033887108454910254,0.000961258484055691,-0.100378840382147,-0.06683853909008791,-0.09943535844197347,-0.06589505714991438,0.0009434819401735323,0.0
v5c0_corrected_v4b_075c,15.0,75.0,0.9453125,-0.0983636990022186,0.0033887108454910254,0.000961258484055691,-0.100378840382147,-0.06683853909008791,-0.09943535844197347,-0.06589505714991438,0.0009434819401735323,0.0
v4b_legacy_025c,15.0,75.0,0.953125,-0.10583437131923609,0.004277844490985113,0.0007923817441307492,-0.10676765446401676,-0.0730377966272319,-0.105738765376136,-0.07200890753935113,0.0010288890878807633,0.0
v5c0_corrected_v4b_075c,15.0,75.0,0.953125,-0.10480548223135533,0.004277844490985113,0.0007923817441307492,-0.10676765446401676,-0.0730377966272319,-0.105738765376136,-0.07200890753935113,0.0010288890878807633,0.0
v4b_legacy_025c,15.0,75.0,0.9609375,-0.1092877392935402,0.00515727398848294,0.0006298843679518366,-0.11008757530925413,-0.07650391572175325,-0.10897221113698867,-0.07538855154948779,0.0011153641722654595,0.0
v5c0_corrected_v4b_075c,15.0,75.0,0.9609375,-0.10817237512127473,0.00515727398848294,0.0006298843679518366,-0.11008757530925413,-0.07650391572175325,-0.10897221113698867,-0.07538855154948779,0.0011153641722654595,0.0
v4b_legacy_025c,15.0,75.0,0.96875,-0.10962206669539215,0.006024717490805824,0.00048022504973648433,-0.11029882752808422,-0.07719702590558329,-0.10909705490327071,-0.0759952532807698,0.0012017726248135102,-1.3877787807814457e-17
v5c0_corrected_v4b_075c,15.0,75.0,0.96875,-0.10842029407057864,0.006024717490805824,0.00048022504973648433,-0.11029882752808422,-0.07719702590558329,-0.10909705490327071,-0.0759952532807698,0.0012017726248135102,-1.3877787807814457e-17
v4b_legacy_025c,15.0,75.0,0.9765625,-0.10682862376646873,0.006877890320632537,0.00034711917670549405,-0.10739542957802807,-0.07510731910711407,-0.10610859428681368,-0.07382048381589969,0.001286835291214386,0.0
v5c0_corrected_v4b_075c,15.0,75.0,0.9765625,-0.10554178847525435,0.006877890320632537,0.00034711917670549405,-0.10739542957802807,-0.07510731910711407,-0.10610859428681368,-0.07382048381589969,0.001286835291214386,0.0
v4b_legacy_025c,15.0,75.0,0.984375,-0.10094047135342418,0.007714494409852164,0.00022628618910320705,-0.1014053193284481,-0.07025519377327799,-0.10003615839411026,-0.06888603283894015,0.0013691609343378375,0.0
v5c0_corrected_v4b_075c,15.0,75.0,0.984375,-0.09957131041908636,0.007714494409852164,0.00022628618910320705,-0.1014053193284481,-0.07025519377327799,-0.10003615839411026,-0.06888603283894015,0.0013691609343378375,0.0
v4b_legacy_025c,15.0,75.0,0.9921875,-0.09202488225911937,0.008532242223335453,0.00011265714286408808,-0.09238997744277805,-0.06269095434980249,-0.09094269049059164,-0.061243667397616074,0.0014472869521864051,6.938893903907228e-18
v5c0_corrected_v4b_075c,15.0,75.0,0.9921875,-0.09057759530693296,0.008532242223335453,0.00011265714286408808,-0.09238997744277805,-0.06269095434980249,-0.09094269049059164,-0.061243667397616074,0.0014472869521864051,6.938893903907228e-18
v4b_legacy_025c,15.0,90.0,0.0,-0.05341991963608452,0.005779880432515195,5.547980479334383e-08,-0.05356121893145631,-0.0291240116426942,-0.0530286418926282,-0.028591434603866088,0.0005325770388281068,6.938893903907228e-18
v5c0_corrected_v4b_075c,15.0,90.0,0.0,-0.052887342597256415,0.005779880432515195,5.547980479334383e-08,-0.05356121893145631,-0.0291240116426942,-0.0530286418926282,-0.028591434603866088,0.0005325770388281068,6.938893903907228e-18
v4b_legacy_025c,15.0,90.0,0.0078125,-0.0431802860772707,0.006636190129023122,1.3737796268701926e-07,-0.04333200475585547,-0.020490252283240168,-0.04276349185760326,-0.019921739384987962,0.0005685128982522089,-3.469446951953614e-18
v5c0_corrected_v4b_075c,15.0,90.0,0.0078125,-0.042611773179018486,0.006636190129023122,1.3737796268701926e-07,-0.04333200475585547,-0.020490252283240168,-0.04276349185760326,-0.019921739384987962,0.0005685128982522089,-3.469446951953614e-18
v4b_legacy_025c,15.0,90.0,0.015625,-0.030632074405119,0.007474920685279352,1.9365355712140801e-07,-0.03078944161197457,-0.009762462536068191,-0.030189901003298596,-0.009162921927392214,0.0005995406086759733,3.469446951953614e-18
v5c0_corrected_v4b_075c,15.0,90.0,0.015625,-0.030032533796443026,0.007474920685279352,1.9365355712140801e-07,-0.03078944161197457,-0.009762462536068191,-0.030189901003298596,-0.009162921927392214,0.0005995406086759733,3.469446951953614e-18
v4b_legacy_025c,15.0,90.0,0.0234375,-0.015924503996838014,0.008293784952641724,2.937216428580382e-07,-0.016082491462346568,0.00293128582152271,-0.015457733186127226,0.003556044097742054,0.0006247582762193421,1.734723475976807e-18
v5c0_corrected_v4b_075c,15.0,90.0,0.0234375,-0.015299745720618672,0.008293784952641724,2.937216428580382e-07,-0.016082491462346568,0.00293128582152271,-0.015457733186127226,0.003556044097742054,0.0006247582762193421,1.734723475976807e-18
v4b_legacy_025c,15.0,90.0,0.03125,0.0007743007156976162,0.00909055730737211,4.232273412011839e-07,0.0006209351571316833,0.01744566585577622,0.0012643658450445185,0.018089096543689055,0.0006434306879128352,-4.336808689942018e-19
v5c0_corrected_v4b_075c,15.0,90.0,0.03125,0.0014177314036104515,0.00909055730737211,4.232273412011839e-07,0.0006209351571316833,0.01744566585577622,0.0012643658450445185,0.018089096543689055,0.0006434306879128352,-4.336808689942018e-19
v4b_legacy_025c,15.0,90.0,0.0390625,0.019279919720835904,0.009863086570084039,4.915578800543246e-07,0.019136578199088226,0.03362036186361046,0.019791595117798794,0.03427537878232103,0.0006550169187105673,0.0
v5c0_corrected_v4b_075c,15.0,90.0,0.0390625,0.01993493663954647,0.009863086570084039,4.915578800543246e-07,0.019136578199088226,0.03362036186361046,0.019791595117798794,0.03427537878232103,0.0006550169187105673,0.0
v4b_legacy_025c,15.0,90.0,0.046875,0.039394310218727156,0.010609307896010877,4.3051585715140944e-07,0.03926640371795356,0.0512823197080678,0.039925592318484485,0.05194150830859873,0.0006591886005309217,6.938893903907228e-18
v5c0_corrected_v4b_075c,15.0,90.0,0.046875,0.04005349881925808,0.010609307896010877,4.3051585715140944e-07,0.03926640371795356,0.0512823197080678,0.039925592318484485,0.05194150830859873,0.0006591886005309217,6.938893903907228e-18
v4b_legacy_025c,15.0,90.0,0.0546875,0.060908427525381725,0.011327253423666158,2.5331562938249744e-07,0.060801170510657906,0.07024799441954922,0.06145700888411052,0.07090383279300183,0.0006558383734526149,-6.938893903907228e-18
v5c0_corrected_v4b_075c,15.0,90.0,0.0546875,0.06156426589883433,0.011327253423666158,2.5331562938249744e-07,0.060801170510657906,0.07024799441954922,0.06145700888411052,0.07090383279300183,0.0006558383734526149,-6.938893903907228e-18
v4b_legacy_025c,15.0,90.0,0.0625,0.08360479648050283,0.012015061520695787,8.143346850463893e-08,0.08352298228508673,0.09032558918268219,0.08416806095671871,0.09097066785431415,0.0006450786716319795,-1.3877787807814457e-17
v5c0_corrected_v4b_075c,15.0,90.0,0.0625,0.0842498751521348,0.012015061520695787,8.143346850463893e-08,0.08352298228508673,0.09032558918268219,0.08416806095671871,0.09097066785431415,0.0006450786716319795,-1.3877787807814457e-17
v4b_legacy_025c,15.0,90.0,0.0703125,0.10725030052750711,0.012670984520237991,-5.2113469049267134e-08,0.10720768002469437,0.1105753706634663,0.10783491156956508,0.11194439109884656,0.00062723154487071,0.0007417888905095482
v5c0_corrected_v4b_075c,15.0,90.0,0.0703125,0.10788693126792676,0.012670984520237991,-5.2113469049267134e-08,0.10720768002469437,0.1105753706634663,0.10783491156956508,0.11194439109884656,0.00062723154487071,0.0007417888905095482
v4b_legacy_025c,15.0,90.0,0.078125,0.13153304853486908,0.013293394895431365,-1.929937385432179e-07,0.13162708614687005,0.12456740090148147,0.13222989679189404,0.13362340330773195,0.0006028106450239878,0.008453191761226497
v5c0_corrected_v4b_075c,15.0,90.0,0.078125,0.13224823079610185,0.013293394895431365,-1.929937385432179e-07,0.13162708614687005,0.12456740090148147,0.13222989679189404,0.13362340330773195,0.0006028106450239878,0.008453191761226497
v4b_legacy_025c,15.0,90.0,0.0859375,0.15621619772573955,0.013880789870815001,-2.956019119122071e-07,0.15655082536589335,0.1324645777862169,0.15712332216435002,0.15580374110163112,0.0005724967984566676,0.02276666651695755
v5c0_corrected_v4b_075c,15.0,90.0,0.0859375,0.15710471383817703,0.013880789870815001,-2.956019119122071e-07,0.15655082536589335,0.1324645777862169,0.15712332216435002,0.15580374110163112,0.0005724967984566676,0.02276666651695755
v4b_legacy_025c,15.0,90.0,0.09375,0.18109218181830306,0.014431794514885476,-4.250350659145765e-07,0.18174798098465642,0.13633573064876184,0.18228508972775573,0.17828052547036602,0.0005371087430993127,0.04140768607850487
v5c0_corrected_v4b_075c,15.0,90.0,0.09375,0.18222687777822424,0.014431794514885476,-4.250350659145765e-07,0.18174798098465642,0.13633573064876184,0.18228508972775573,0.17828052547036602,0.0005371087430993127,0.04140768607850487
v4b_legacy_025c,15.0,90.0,0.1015625,0.2059595538480435,0.014945163396417915,-6.305514992181989e-07,0.20698974957390362,0.1380995962348734,0.20748732022023536,0.20085018173648783,0.0004975706463317409,0.0622530148552827
v5c0_corrected_v4b_075c,15.0,90.0,0.1015625,0.20738750597330707,0.014945163396417915,-6.305514992181989e-07,0.20698974957390362,0.1380995962348734,0.20748732022023536,0.20085018173648783,0.0004975706463317409,0.0622530148552827
v4b_legacy_025c,15.0,90.0,0.109375,0.23062042743231762,0.015419780917492576,-8.77923406438859e-07,0.2320507728181332,0.13934640772731044,0.2325056507790886,0.22331164028615264,0.00045487796095541877,0.08351035459788678
v5c0_corrected_v4b_075c,15.0,90.0,0.109375,0.23236301676551457,0.015419780917492576,-8.77923406438859e-07,0.2320507728181332,0.13934640772731044,0.2325056507790886,0.22331164028615264,0.00045487796095541877,0.08351035459788678
v4b_legacy_025c,15.0,90.0,0.1171875,0.25487879126570956,0.015854660458344744,-1.2406535439662977e-06,0.2567105817174357,0.14125118899613665,0.2571206447645434,0.2454676179979959,0.00041006304710766717,0.1038063659547516
v5c0_corrected_v4b_075c,15.0,90.0,0.1171875,0.2569346689984445,0.015854660458344744,-1.2406535439662977e-06,0.2567105817174357,0.14125118899613665,0.2571206447645434,0.2454676179979959,0.00041006304710766717,0.1038063659547516
v4b_legacy_025c,15.0,90.0,0.125,0.2785403252163376,0.016248942483570776,-1.7214033678823711e-06,0.2807549518095754,0.14456558668063357,0.28111911362301367,0.26712581561600596,0.0003641618134382907,0.1221960671219341
v5c0_corrected_v4b_075c,15.0,90.0,0.125,0.28089004389615874,0.016248942483570776,-1.7214033678823711e-06,0.2807549518095754,0.14456558668063357,0.28111911362301367,0.26712581561600596,0.0003641618134382907,0.1221960671219341
v4b_legacy_025c,15.0,90.0,0.1328125,0.3014132194914688,0.016601891766663244,-2.1313902198489394e-06,0.3039771469866585,0.1496675341976071,0.30429532941974113,0.28810002432919235,0.0003181824330826255,0.13811430769850264
v5c0_corrected_v4b_075c,15.0,90.0,0.1328125,0.30402436071238964,0.016601891766663244,-2.1313902198489394e-06,0.3039771469866585,0.1496675341976071,0.30429532941974113,0.28810002432919235,0.0003181824330826255,0.13811430769850264
v4b_legacy_025c,15.0,90.0,0.140625,0.3233093896692874,0.016912893891335188,-2.369392199459611e-06,0.32617902395474185,0.15664535426129947,0.3264521009408101,0.30821112014225377,0.0002730769860682658,0.15129268889488603
v5c0_corrected_v4b_075c,15.0,90.0,0.140625,0.32614126384916964,0.016912893891335188,-2.369392199459611e-06,0.32617902395474185,0.15664535426129947,0.3264521009408101,0.30821112014225377,0.0002730769860682658,0.15129268889488603
v4b_legacy_025c,15.0,90.0,0.1484375,0.34404627767232654,0.017181451184751017,-2.6130981648111638e-06,0.3471720499419171,0.16539438549083516,0.347401766623922,0.3272879902161392,0.00022971668200494344,0.1616638880432991
v5c0_corrected_v4b_075c,15.0,90.0,0.1484375,0.3470536145550845,0.017181451184751017,-2.6130981648111638e-06,0.3471720499419171,0.16539438549083516,0.347401766623922,0.3272879902161392,0.00022971668200494344,0.1616638880432991
v4b_legacy_025c,15.0,90.0,0.15625,0.36344933442568106,0.017407178230727786,-2.9916913797841364e-06,0.36677826168731087,0.17570837068774858,0.3669671328201959,0.3450213769295608,0.00018887113288501567,0.1691241351089272
v5c0_corrected_v4b_075c,15.0,90.0,0.15625,0.3665821795215248,0.017407178230727786,-2.9916913797841364e-06,0.36677826168731087,0.17570837068774858,0.3669671328201959,0.3450213769295608,0.00018887113288501567,0.1691241351089272
v4b_legacy_025c,15.0,90.0,0.1640625,0.38135423102972316,0.017589797101242862,-3.363433690678418e-06,0.38483112993859037,0.1873533183811572,0.38498232191825865,0.35886419080864695,0.0001511919796682859,0.17135968044782146
v5c0_corrected_v4b_075c,15.0,90.0,0.1640625,0.3845196050198024,0.017589797101242862,-3.363433690678418e-06,0.38483112993859037,0.1873533183811572,0.38498232191825865,0.35886419080864695,0.0001511919796682859,0.17135968044782146
v4b_legacy_025c,15.0,90.0,0.171875,0.3976082982823003,0.017729132433092692,-3.5661049701624106e-06,0.4011764035678792,0.20011736032319014,0.4012936045972858,0.36854721054378226,0.00011720102940659949,0.16831264919118552
v5c0_corrected_v4b_075c,15.0,90.0,0.171875,0.40070953655938213,0.017729132433092692,-3.5661049701624106e-06,0.4011764035678792,0.20011736032319014,0.4012936045972858,0.36854721054378226,0.00011720102940659949,0.16831264919118552
v4b_legacy_025c,15.0,90.0,0.1796875,0.4120715626428322,0.017825106464051835,-3.6383791429264424e-06,0.4156729172284937,0.213835073046755,0.4157602001600655,0.3748200166128982,8.728293157178602e-05,0.16089766063457142
v5c0_corrected_v4b_075c,15.0,90.0,0.1796875,0.41502686350503204,0.017825106464051835,-3.6383791429264424e-06,0.4156729172284937,0.213835073046755,0.4157602001600655,0.3748200166128982,8.728293157178602e-05,0.16089766063457142
v4b_legacy_025c,15.0,90.0,0.1875,0.4246177300147444,0.017877734129986295,-3.658998682203407e-06,0.42819338035508114,0.22838859915136195,0.42825506266665114,0.3783472105544821,6.168231156999937e-05,0.14989692909155017
v5c0_corrected_v4b_075c,15.0,90.0,0.1875,0.4273592297715145,0.017877734129986295,-3.658998682203407e-06,0.42819338035508114,0.22838859915136195,0.42825506266665114,0.3783472105544821,6.168231156999937e-05,0.14989692909155017
v4b_legacy_025c,15.0,90.0,0.1953125,0.43513475545510766,0.01788711831153823,-3.632742757686886e-06,0.4386251446645158,0.2436903661708344,0.4386656498487152,0.37969177599322684,4.050518419940197e-05,0.13596090463819305
v5c0_corrected_v4b_075c,15.0,90.0,0.1953125,0.4376072094263142,0.01788711831153823,-3.632742757686886e-06,0.4386251446645158,0.2436903661708344,0.4386656498487152,0.37969177599322684,4.050518419940197e-05,0.13596090463819305
v4b_legacy_025c,15.0,90.0,0.203125,0.44352503093407064,0.017853445306545875,-3.55996526171615e-06,0.44687100555836673,0.2596534596287876,0.44689472994645413,0.3793123902962178,2.3724388087398296e-05,0.11963520627934282
v5c0_corrected_v4b_075c,15.0,90.0,0.203125,0.44568465593420364,0.017853445306545875,-3.55996526171615e-06,0.44687100555836673,0.2596534596287876,0.44689472994645413,0.3793123902962178,2.3724388087398296e-05,0.11963520627934282
v4b_legacy_025c,15.0,90.0,0.2109375,0.44970553146258707,0.01777698059250678,-3.4121791369971613e-06,0.45284997244669406,0.2761557668774837,0.452861161158709,0.37757012181052546,1.1188712014942315e-05,0.1014031662210268
v5c0_corrected_v4b_075c,15.0,90.0,0.2109375,0.4515193622925319,0.01777698059250678,-3.4121791369971613e-06,0.45284997244669406,0.2761557668774837,0.452861161158709,0.37757012181052546,1.1188712014942315e-05,0.1014031662210268
v4b_legacy_025c,15.0,90.0,0.21875,0.45360796509902207,0.01765806493225548,-3.1480848308934967e-06,0.4564980543904298,0.29300353748050517,0.45650068971438557,0.3747406558522945,2.6353239557797004e-06,0.08173448304783354
v5c0_corrected_v4b_075c,15.0,90.0,0.21875,0.4550538732318408,0.01765806493225548,-3.1480848308934967e-06,0.4564980543904298,0.29300353748050517,0.45650068971438557,0.3747406558522945,2.6353239557797004e-06,0.08173448304783354
v4b_legacy_025c,15.0,90.0,0.2265625,0.45517914605037546,0.017497110865655773,-2.6803789785144704e-06,0.4577690785360985,0.30989900870010284,0.4577667835984705,0.3710289371476178,-2.2949376279890465e-06,0.06113222338514296
v5c0_corrected_v4b_075c,15.0,90.0,0.2265625,0.45624648840278137,0.017497110865655773,-2.6803789785144704e-06,0.4577690785360985,0.30989900870010284,0.4577667835984705,0.3710289371476178,-2.2949376279890465e-06,0.06113222338514296
v4b_legacy_025c,15.0,90.0,0.234375,0.4543813705564326,0.017294599620494813,-1.9977899195707775e-06,0.45663543545491425,0.3264154992344738,0.45663139556078375,0.3665837601722564,-4.039894130503097e-06,0.04017230083191309
v5c0_corrected_v4b_075c,15.0,90.0,0.234375,0.4550720945210241,0.017294599620494813,-1.9977899195707775e-06,0.45663543545491425,0.3264154992344738,0.45663139556078375,0.3665837601722564,-4.039894130503097e-06,0.04017230083191309
v4b_legacy_025c,15.0,90.0,0.2421875,0.4511932561756814,0.0170510784668597,-1.1527145974047252e-06,0.45308887242275275,0.3419825168228353,0.4530857759239085,0.36151072696045516,-3.0964988442794272e-06,0.01953130663646413
v5c0_corrected_v4b_075c,15.0,90.0,0.2421875,0.4515231895188558,0.0170510784668597,-1.1527145974047252e-06,0.45308887242275275,0.3419825168228353,0.4530857759239085,0.36151072696045516,-3.0964988442794272e-06,0.01953130663646413
v4b_legacy_025c,15.0,90.0,0.25,0.44561084898789405,0.01676715853099656,-2.0860432868473607e-07,0.44714120621810266,0.35588232530795616,0.44714120621810266,0.35588232530795727,0.0,1.1102230246251565e-15
v5c0_corrected_v4b_075c,15.0,90.0,0.25,0.44561084898789405,0.01676715853099656,-2.0860432868473607e-07,0.44714120621810266,0.35588232530795616,0.44714120621810266,0.35588232530795727,0.0,1.1102230246251565e-15
v4b_legacy_025c,15.0,90.0,0.2578125,0.4376489098286521,0.016443513076894723,7.557022298314459e-07,0.43882496394844056,0.3672589068585881,0.4388296615819142,0.3497444296840371,4.6976334736603675e-06,-0.017519174808024673
v5c0_corrected_v4b_075c,15.0,90.0,0.2578125,0.4373655306820736,0.016443513076894723,7.557022298314459e-07,0.43882496394844056,0.3672589068585881,0.4388296615819142,0.3497444296840371,4.6976334736603675e-06,-0.017519174808024673
v4b_legacy_025c,15.0,90.0,0.265625,0.4273424504392334,0.016080876256489202,1.6663522161346636e-06,0.4281939670185387,0.37513988454754793,0.42820441645481155,0.34311886599079006,1.0449436272874646e-05,-0.03203146799303075
v5c0_corrected_v4b_075c,15.0,90.0,0.265625,0.42683780580239666,0.016080876256489202,1.6663522161346636e-06,0.4281939670185387,0.37513988454754793,0.42820441645481155,0.34311886599079006,1.0449436272874646e-05,-0.03203146799303075
v4b_legacy_025c,15.0,90.0,0.2734375,0.41474835004485544,0.01568004232230898,2.4747083529365643e-06,0.4153237563882511,0.37847167165919593,0.4153404911139526,0.33600183064602257,1.6734725701517128e-05,-0.04248657573887488
v5c0_corrected_v4b_075c,15.0,90.0,0.2734375,0.4140988934648414,0.01568004232230898,2.4747083529365643e-06,0.4153237563882511,0.37847167165919593,0.4153404911139526,0.33600183064602257,1.6734725701517128e-05,-0.04248657573887488
v4b_legacy_025c,15.0,90.0,0.28125,0.39994699463108224,0.015241865289490722,3.1824273140629515e-06,0.40031185634192756,0.3761681163834923,0.40033493568130235,0.32835827808497353,2.3079339374787455e-05,-0.047832917637893546
v5c0_corrected_v4b_075c,15.0,90.0,0.28125,0.399241011083417,0.015241865289490722,3.1824273140629515e-06,0.40031185634192756,0.3761681163834923,0.40033493568130235,0.32835827808497353,2.3079339374787455e-05,-0.047832917637893546
v4b_legacy_025c,15.0,90.0,0.2890625,0.3830437795759132,0.014767259027200845,3.812077505887943e-06,0.38327785136278153,0.3671727928681623,0.3833069256063444,0.32011263149510544,2.9074243562854374e-05,-0.04708923561661971
v5c0_corrected_v4b_075c,15.0,90.0,0.2890625,0.3823774748797325,0.014767259027200845,3.812077505887943e-06,0.38327785136278153,0.3671727928681623,0.3833069256063444,0.32011263149510544,2.9074243562854374e-05,-0.04708923561661971
v4b_legacy_025c,15.0,90.0,0.296875,0.3641820383482043,0.01425719775254269,4.354305953241978e-06,0.3643632141542263,0.3513544844589968,0.36439760609535343,0.3111364630344141,3.4391941127143166e-05,-0.04025241336570984
v5c0_corrected_v4b_075c,15.0,90.0,0.296875,0.36364254367195936,0.01425719775254269,4.354305953241978e-06,0.3643632141542263,0.3513544844589968,0.36439760609535343,0.3111364630344141,3.4391941127143166e-05,-0.04025241336570984
v4b_legacy_025c,15.0,90.0,0.3046875,0.3435907901800403,0.013712716892858275,4.756914221968945e-06,0.34373085846170937,0.3331742366919996,0.3437696585969766,0.3012342531940953,3.880013526724735e-05,-0.031978783633171526
v5c0_corrected_v4b_075c,15.0,90.0,0.3046875,0.3431910743087679,0.013712716892858275,4.756914221968945e-06,0.34373085846170937,0.3331742366919996,0.3437696585969766,0.3012342531940953,3.880013526724735e-05,-0.031978783633171526
v4b_legacy_025c,15.0,90.0,0.3125,0.3214643772230802,0.013134914274868027,4.9770859989991215e-06,0.32156437234494284,0.3135775037542217,0.321606544488897,0.2901288792141633,4.217214395413338e-05,-0.02349079668401255
v5c0_corrected_v4b_075c,15.0,90.0,0.3125,0.3211979997663414,0.013134914274868027,4.9770859989991215e-06,0.32156437234494284,0.3135775037542217,0.321606544488897,0.2901288792141633,4.217214395413338e-05,-0.02349079668401255
v4b_legacy_025c,15.0,90.0,0.3203125,0.29800520965130994,0.01252495159125128,5.016351185322762e-06,0.2980669248833228,0.29274404972833895,0.29811141849479433,0.2774491956500824,4.449361147151887e-05,-0.015339347689728056
v5c0_corrected_v4b_075c,15.0,90.0,0.3203125,0.2978575786755262,0.01252495159125128,5.016351185322762e-06,0.2980669248833228,0.29274404972833895,0.29811141849479433,0.2774491956500824,4.449361147151887e-05,-0.015339347689728056
v4b_legacy_025c,15.0,90.0,0.328125,0.2734338670208684,0.011884056087007783,4.8976590341285576e-06,0.27345980284340926,0.27087017542201736,0.27350566797297926,0.2627228001019804,4.586512956999966e-05,-0.008193240449606953
v5c0_corrected_v4b_075c,15.0,90.0,0.328125,0.27338236322140097,0.011884056087007783,4.8976590341285576e-06,0.27345980284340926,0.27087017542201736,0.27350566797297926,0.2627228001019804,4.586512956999966e-05,-0.008193240449606953
v4b_legacy_025c,15.0,90.0,0.3359375,0.24798726171569735,0.01121352239924896,4.649096298170165e-06,0.24798057330373124,0.24816708458350217,0.24802707376693783,0.2453778724892393,4.650046320658907e-05,-0.0028357125574694497
v5c0_corrected_v4b_075c,15.0,90.0,0.3359375,0.2480019638526229,0.01121352239924896,4.649096298170165e-06,0.24798057330373124,0.24816708458350217,0.24802707376693783,0.2453778724892393,4.650046320658907e-05,-0.0028357125574694497
v4b_legacy_025c,15.0,90.0,0.34375,0.2219164585206359,0.01051471447499179,4.315402046514394e-06,0.22188087519776284,0.22485892050002898,0.22192759537444756,0.2247585981189882,4.67201766847225e-05,-0.0001470425577254908
v5c0_corrected_v4b_075c,15.0,90.0,0.34375,0.22196163258681048,0.01051471447499179,4.315402046514394e-06,0.22188087519776284,0.22485892050002898,0.22192759537444756,0.2247585981189882,4.67201766847225e-05,-0.0001470425577254908
v4b_legacy_025c,15.0,90.0,0.3515625,0.19548409367786895,0.009789067482179739,3.940427240483648e-06,0.19542383975633582,0.20118047260245836,0.19547078033348456,0.2012274131796071,4.694057714874078e-05,0.0
v5c0_corrected_v4b_075c,15.0,90.0,0.3515625,0.1955310342550177,0.009789067482179739,3.940427240483648e-06,0.19542383975633582,0.20118047260245836,0.19547078033348456,0.2012274131796071,4.694057714874078e-05,0.0
v4b_legacy_025c,15.0,90.0,0.359375,0.1689614478230126,0.009038089619728469,3.541637937911504e-06,0.16888117400030056,0.17737458329861502,0.16892883203573192,0.17742224133404638,4.765803543135827e-05,0.0
v5c0_corrected_v4b_075c,15.0,90.0,0.359375,0.16900910585844395,0.009038089619728469,3.541637937911504e-06,0.16888117400030056,0.17737458329861502,0.16892883203573192,0.17742224133404638,4.765803543135827e-05,0.0
v4b_legacy_025c,15.0,90.0,0.3671875,0.1426252264033096,0.008263363723183821,3.102214284977947e-06,0.1425299361044201,0.15368928021882375,0.14257936501448124,0.15373870912888488,4.942891006112782e-05,0.0
v5c0_corrected_v4b_075c,15.0,90.0,0.3671875,0.1426746553133707,0.008263363723183821,3.102214284977947e-06,0.1425299361044201,0.15368928021882375,0.14257936501448124,0.15373870912888488,4.942891006112782e-05,0.0
v4b_legacy_025c,15.0,90.0,0.375,0.11675406277962463,0.007466548553995542,2.543830814280452e-06,0.11664905489836537,0.13037467970883063,0.11670190038673635,0.1304275251972016,5.2845488370978355e-05,0.0
v5c0_corrected_v4b_075c,15.0,90.0,0.375,0.11680690826799561,0.007466548553995542,2.543830814280452e-06,0.11664905489836537,0.13037467970883063,0.11670190038673635,0.1304275251972016,5.2845488370978355e-05,0.0
v4b_legacy_025c,15.0,90.0,0.3828125,0.0916249784491783,0.006649379652990095,1.8544949713508545e-06,0.09151565531100826,0.10767971572700191,0.09157416387755293,0.1077382242935466,5.850856654467107e-05,1.3877787807814457e-17
v5c0_corrected_v4b_075c,15.0,90.0,0.3828125,0.09168348701572297,0.006649379652990095,1.8544949713508545e-06,0.09151565531100826,0.10767971572700191,0.09157416387755293,0.1077382242935466,5.850856654467107e-05,1.3877787807814457e-17
v4b_legacy_025c,15.0,90.0,0.390625,0.06750979445875992,0.005813669633038734,1.289446742975698e-06,0.06740126486471963,0.08584876024787524,0.06746826237729424,0.08591575776044985,6.699751257460695e-05,0.0
v5c0_corrected_v4b_075c,15.0,90.0,0.390625,0.06757679197133451,0.005813669633038734,1.289446742975698e-06,0.06740126486471963,0.08584876024787524,0.06746826237729424,0.08591575776044985,6.699751257460695e-05,0.0
v4b_legacy_025c,15.0,90.0,0.3984375,0.04467079957070915,0.004961307782956969,8.681637209743127e-07,0.04456797972649967,0.06511820401739576,0.04464681860962058,0.06519704290051669,7.883888312091442e-05,6.938893903907228e-18
v5c0_corrected_v4b_075c,15.0,90.0,0.3984375,0.044749638453830065,0.004961307782956969,8.681637209743127e-07,0.04456797972649967,0.06511820401739576,0.04464681860962058,0.06519704290051669,7.883888312091442e-05,6.938893903907228e-18
v4b_legacy_025c,15.0,90.0,0.40625,0.02335705172464735,0.004094258855232405,4.5874748355197307e-07,0.02326468531112784,0.04571308134975254,0.023359160194234143,0.04580755623285885,9.4474883106304e-05,3.469446951953614e-18
v5c0_corrected_v4b_075c,15.0,90.0,0.40625,0.023451526607753653,0.004094258855232405,4.5874748355197307e-07,0.02326468531112784,0.04571308134975254,0.023359160194234143,0.04580755623285885,9.4474883106304e-05,3.469446951953614e-18
v4b_legacy_025c,15.0,90.0,0.4140625,0.003801082405182526,0.0032145609152074085,1.2485863613190177e-07,0.0037234214628681143,0.02784381833485234,0.00383765460950516,0.02795805148148938,0.00011423314663704586,-4.7704895589362195e-18
v5c0_corrected_v4b_075c,15.0,90.0,0.4140625,0.003915315551819572,0.0032145609152074085,1.2485863613190177e-07,0.0037234214628681143,0.02784381833485234,0.00383765460950516,0.02795805148148938,0.00011423314663704586,-4.7704895589362195e-18
v4b_legacy_025c,15.0,90.0,0.421875,-0.013784813980577446,0.0023243221397701267,-1.8254076187400046e-07,-0.013844011788939674,0.011703189188306025,-0.013705712332864974,0.011841488644380727,0.0001382994560747003,1.734723475976807e-18
v5c0_corrected_v4b_075c,15.0,90.0,0.421875,-0.013646514524502745,0.0023243221397701267,-1.8254076187400046e-07,-0.013844011788939674,0.011703189188306025,-0.013705712332864974,0.011841488644380727,0.0001382994560747003,1.734723475976807e-18
v4b_legacy_025c,15.0,90.0,0.4296875,-0.029211528404654328,0.0014257164702424793,-4.949256581298413e-07,-0.02924911889025104,-0.002536440439742859,-0.029082423813802393,-0.0023697453632942128,0.00016669507644864745,-1.3010426069826053e-18
v5c0_corrected_v4b_075c,15.0,90.0,0.4296875,-0.02904483332820568,0.0014257164702424793,-4.949256581298413e-07,-0.02924911889025104,-0.002536440439742859,-0.029082423813802393,-0.0023697453632942128,0.00016669507644864745,-1.3010426069826053e-18
v4b_legacy_025c,15.0,90.0,0.4375,-0.042315800331272885,0.0005209780475656189,-8.14207333774548e-07,-0.0423293675490326,-0.014725515569969289,-0.04213010721058463,-0.014526255231521323,0.00019926033844796381,1.734723475976807e-18
v5c0_corrected_v4b_075c,15.0,90.0,0.4375,-0.04211653999282492,0.0005209780475656189,-8.14207333774548e-07,-0.0423293675490326,-0.014725515569969289,-0.04213010721058463,-0.014526255231521323,0.00019926033844796381,1.734723475976807e-18
v4b_legacy_025c,15.0,90.0,0.4453125,-0.052940547965621934,0.00038760561174046575,-1.1111491165401374e-06,-0.052950372025854835,-0.024739277215564796,-0.05271472609325715,-0.024503631282967113,0.00023564593259768618,-3.469446951953614e-18
v5c0_corrected_v4b_075c,15.0,90.0,0.4453125,-0.052704902033024255,0.00038760561174046575,-1.1111491165401374e-06,-0.052950372025854835,-0.024739277215564796,-0.05271472609325715,-0.024503631282967113,0.00023564593259768618,-3.469446951953614e-18
v4b_legacy_025c,15.0,90.0,0.453125,-0.06097181695447934,0.0012977017033564415,-1.2967093233107538e-06,-0.06100754310459639,-0.03247927917251599,-0.060732230037876526,-0.03220396610579612,0.000275313066719865,0.0
v5c0_corrected_v4b_075c,15.0,90.0,0.453125,-0.06069650388775948,0.0012977017033564415,-1.2967093233107538e-06,-0.06100754310459639,-0.03247927917251599,-0.060732230037876526,-0.03220396610579612,0.000275313066719865,0.0
v4b_legacy_025c,15.0,90.0,0.4609375,-0.06636554985379138,0.0022069414485138827,-1.3941666827175525e-06,-0.06642717304557885,-0.03787440755722566,-0.06610962985610795,-0.03755686436775475,0.00031754318947090077,6.938893903907228e-18
v5c0_corrected_v4b_075c,15.0,90.0,0.4609375,-0.06604800666432048,0.0022069414485138827,-1.3941666827175525e-06,-0.06642717304557885,-0.03787440755722566,-0.06610962985610795,-0.03755686436775475,0.00031754318947090077,6.938893903907228e-18
v4b_legacy_025c,15.0,90.0,0.46875,-0.06908012796586374,0.003112930548051178,-1.2349586324062555e-06,-0.069166947812931,-0.04088139501948573,-0.06880549039877935,-0.04051993760533408,0.000361457414151653,0.0
v5c0_corrected_v4b_075c,15.0,90.0,0.46875,-0.06871867055171209,0.003112930548051178,-1.2349586324062555e-06,-0.069166947812931,-0.04088139501948573,-0.06880549039877935,-0.04051993760533408,0.000361457414151653,0.0
v4b_legacy_025c,15.0,90.0,0.4765625,-0.0691055188002003,0.004013260643932117,-9.289597586858321e-07,-0.06921588553143442,-0.041484827743442435,-0.068809840402946,-0.041078782614954006,0.000406045128488422,6.938893903907228e-18
v5c0_corrected_v4b_075c,15.0,90.0,0.4765625,-0.06869947367171188,0.004013260643932117,-9.289597586858321e-07,-0.06921588553143442,-0.041484827743442435,-0.068809840402946,-0.041078782614954006,0.000406045128488422,6.938893903907228e-18
v4b_legacy_025c,15.0,90.0,0.484375,-0.06646241955599094,0.004905521607822687,-6.450857163688691e-07,-0.06659372174091223,-0.039696662324165834,-0.06614352113588855,-0.03924646171914215,0.00045020060502368175,0.0
v5c0_corrected_v4b_075c,15.0,90.0,0.484375,-0.06601221895096726,0.004905521607822687,-6.450857163688691e-07,-0.06659372174091223,-0.039696662324165834,-0.06614352113588855,-0.03924646171914215,0.00045020060502368175,0.0
v4b_legacy_025c,15.0,90.0,0.4921875,-0.06120085022524588,0.005787314433618329,-3.321115903338539e-07,-0.06134980089977052,-0.03555530402336006,-0.060857035097618854,-0.035062538221208396,0.0004927658021516637,0.0
v5c0_corrected_v4b_075c,15.0,90.0,0.4921875,-0.06070808442309421,0.005787314433618329,-3.321115903338539e-07,-0.06134980089977052,-0.03555530402336006,-0.060857035097618854,-0.035062538221208396,0.0004927658021516637,0.0
v4b_legacy_025c,15.0,90.0,0.5,-0.05339879427771325,0.006656264475845719,7.114687331361736e-08,-0.05356152564917596,-0.029124290807911322,-0.053028948610347855,-0.02859171376908321,0.0005325770388281068,3.469446951953614e-18
v5c0_corrected_v4b_075c,15.0,90.0,0.5,-0.05286621723888514,0.006656264475845719,7.114687331361736e-08,-0.05356152564917596,-0.029124290807911322,-0.053028948610347855,-0.02859171376908321,0.0005325770388281068,3.469446951953614e-18
v4b_legacy_025c,15.0,90.0,0.5078125,-0.043160392863022104,0.007510015115514777,5.018772404026551e-07,-0.04333243315391015,-0.020490643874562543,-0.04276392025565797,-0.01992213097631036,0.0005685128982521812,3.469446951953614e-18
v5c0_corrected_v4b_075c,15.0,90.0,0.5078125,-0.04259187996476992,0.007510015115514777,5.018772404026551e-07,-0.04333243315391015,-0.020490643874562543,-0.04276392025565797,-0.01992213097631036,0.0005685128982521812,3.469446951953614e-18
v4b_legacy_025c,15.0,90.0,0.515625,-0.030613590589585883,0.008346230452953483,9.050516758267526e-07,-0.0307899844801882,-0.009762959922743062,-0.03019044387151226,-0.00916341931406712,0.0005995406086759421,0.0
v5c0_corrected_v4b_075c,15.0,90.0,0.515625,-0.030014049980909945,0.008346230452953483,9.050516758267526e-07,-0.0307899844801882,-0.009762959922743062,-0.03019044387151226,-0.00916341931406712,0.0005995406086759421,0.0
v4b_legacy_025c,15.0,90.0,0.5234375,-0.015907664399713507,0.009162622460972379,1.2724164514720057e-06,-0.016083141711350286,0.002930689165009879,-0.015458383435130943,0.0035554474412292226,0.0006247582762193438,0.0
v5c0_corrected_v4b_075c,15.0,90.0,0.5234375,-0.015282906123494162,0.009162622460972379,1.2724164514720057e-06,-0.016083141711350286,0.002930689165009879,-0.015458383435130943,0.0035554474412292226,0.0006247582762193438,0.0
v4b_legacy_025c,15.0,90.0,0.53125,0.0007893287310016251,0.009956964674274161,1.6366848207618436e-06,0.0006201844844485999,0.017444976338741154,0.0012636151723614804,0.018088407026654034,0.0006434306879128805,-6.505213034913027e-19
v5c0_corrected_v4b_075c,15.0,90.0,0.53125,0.0014327594189145055,0.009956964674274161,1.6366848207618436e-06,0.0006201844844485999,0.017444976338741154,0.0012636151723614804,0.018088407026654034,0.0006434306879128805,-6.505213034913027e-19
v4b_legacy_025c,15.0,90.0,0.5390625,0.01929306327014911,0.010727105106349763,1.9808414555388128e-06,0.019135733876163973,0.033619585734026305,0.019790750794874527,0.034274602652736866,0.0006550169187105534,6.938893903907228e-18
v5c0_corrected_v4b_075c,15.0,90.0,0.5390625,0.01994808018885966,0.010727105106349763,1.9808414555388128e-06,0.019135733876163973,0.033619585734026305,0.019790750794874527,0.034274602652736866,0.0006550169187105534,6.938893903907228e-18
v4b_legacy_025c,15.0,90.0,0.546875,0.03940562534500588,0.011470978137137848,2.344685492468815e-06,0.03926547238862777,0.05128146309786069,0.03992466098915857,0.05194065169839148,0.0006591886005307968,-6.938893903907228e-18
v5c0_corrected_v4b_075c,15.0,90.0,0.546875,0.040064813945536674,0.011470978137137848,2.344685492468815e-06,0.03926547238862777,0.05128146309786069,0.03992466098915857,0.05194065169839148,0.0006591886005307968,-6.938893903907228e-18
v4b_legacy_025c,15.0,90.0,0.5546875,0.060918031867736554,0.012186615159052354,2.78131221524517e-06,0.06080015865877651,0.0702470633180152,0.06145599703222916,0.07090290169146785,0.0006558383734526496,0.0
v5c0_corrected_v4b_075c,15.0,90.0,0.5546875,0.0615738702411892,0.012186615159052354,2.78131221524517e-06,0.06080015865877651,0.0702470633180152,0.06145599703222916,0.07090290169146785,0.0006558383734526496,0.0
v4b_legacy_025c,15.0,90.0,0.5625,0.08361265022196293,0.012872153820211745,3.2302569281668916e-06,0.08352189623211556,0.09032458943376001,0.08416697490374765,0.09096966810539209,0.0006450786716320905,-1.3877787807814457e-17
v5c0_corrected_v4b_075c,15.0,90.0,0.5625,0.08425772889359504,0.012872153820211745,3.2302569281668916e-06,0.08352189623211556,0.09032458943376001,0.08416697490374765,0.09096966810539209,0.0006450786716320905,-1.3877787807814457e-17
v4b_legacy_025c,15.0,90.0,0.5703125,0.10725571323843609,0.013525845758219121,3.6850518794421018e-06,0.10720652592964139,0.11057430796507661,0.10783375747451204,0.1119433284004564,0.0006272315448706545,0.0007417888905091319
v5c0_corrected_v4b_075c,15.0,90.0,0.5703125,0.10789297810542495,0.013525845758219121,3.6850518794421018e-06,0.10720652592964139,0.11057430796507661,0.10783375747451204,0.1119433284004564,0.0006272315448706545,0.0007417888905091319
v4b_legacy_025c,15.0,90.0,0.578125,0.131530004664222,0.01414606277216489,4.057439774989387e-06,0.13162587001325307,0.12456628081046521,0.13222868065827706,0.13362228321671374,0.0006028106450239878,0.00845319176122454
v5c0_corrected_v4b_075c,15.0,90.0,0.578125,0.13225239469052538,0.01414606277216489,4.057439774989387e-06,0.13162587001325307,0.12456628081046521,0.13222868065827706,0.13362228321671374,0.0006028106450239878,0.00845319176122454
v4b_legacy_025c,15.0,90.0,0.5859375,0.15619885942191744,0.014731301431624282,4.18832454326388e-06,0.1565495530935596,0.1324634057588498,0.15712204989201628,0.15580256907426607,0.0005724967984566676,0.022766666516959605
v5c0_corrected_v4b_075c,15.0,90.0,0.5859375,0.15710673884742868,0.014731301431624282,4.18832454326388e-06,0.1565495530935596,0.1324634057588498,0.15712204989201628,0.15580256907426607,0.0005724967984566676,0.022766666516959605
v4b_legacy_025c,15.0,90.0,0.59375,0.181056840460796,0.015280186166938766,4.151637257857873e-06,0.18174665831125078,0.13633451199697194,0.18228376705435023,0.17827930681857038,0.0005371087430994514,0.041407686078498984
v5c0_corrected_v4b_075c,15.0,90.0,0.59375,0.18222666635591708,0.015280186166938766,4.151637257857873e-06,0.18174665831125078,0.13633451199697194,0.18228376705435023,0.17827930681857038,0.0005371087430994514,0.041407686078498984
v4b_legacy_025c,15.0,90.0,0.6015625,0.2059045161458971,0.015791470923408546,4.073568816076912e-06,0.20698838206219733,0.13809833611593098,0.20748595270852907,0.20084892161753817,0.0004975706463317409,0.06225301485527546
v5c0_corrected_v4b_075c,15.0,90.0,0.6015625,0.20738515346621048,0.015791470923408546,4.073568816076912e-06,0.20698838206219733,0.13809833611593098,0.20748595270852907,0.20084892161753817,0.0004975706463317409,0.06225301485527546
v4b_legacy_025c,15.0,90.0,0.609375,0.23054547551227703,0.016264039492352732,3.919022446324753e-06,0.2320493658888488,0.13934511116841589,0.23250424384980417,0.2233103437272683,0.00045487796095536326,0.08351035459789705
v5c0_corrected_v4b_075c,15.0,90.0,0.609375,0.23235856917843295,0.016264039492352732,3.919022446324753e-06,0.2320493658888488,0.13934511116841589,0.23250424384980417,0.2233103437272683,0.00045487796095536326,0.08351035459789705
v4b_legacy_025c,15.0,90.0,0.6171875,0.25478494199985724,0.016696904654165484,3.6753003845291016e-06,0.2567091406511373,0.14124986089514024,0.2571192036982449,0.24546628989700178,0.00041006304710761166,0.10380636595475393
v5c0_corrected_v4b_075c,15.0,90.0,0.6171875,0.25692825004180675,0.016696904654165484,3.6753003845291016e-06,0.2567091406511373,0.14124986089514024,0.2571192036982449,0.24546628989700178,0.00041006304710761166,0.10380636595475393
v4b_legacy_025c,15.0,90.0,0.625,0.2784294559557428,0.017089206282906905,3.398468918111278e-06,0.28075348174972925,0.1445642318080261,0.28111764356316754,0.2671244607433961,0.0003641618134382907,0.12219606712193168
v5c0_corrected_v4b_075c,15.0,90.0,0.625,0.28088185156718776,0.017089206282906905,3.398468918111278e-06,0.28075348174972925,0.1445642318080261,0.28111764356316754,0.2671244607433961,0.0003641618134382907,0.12219606712193168
v4b_legacy_025c,15.0,90.0,0.6328125,0.30128753187271534,0.01744020856940353,3.123188553631178e-06,0.3039756529432371,0.14966615719919685,0.3042938353763197,0.2880986473307748,0.0003181824330826255,0.1381143076984953
v5c0_corrected_v4b_075c,15.0,90.0,0.6328125,0.30401445663847854,0.01744020856940353,3.123188553631178e-06,0.3039756529432371,0.14966615719919685,0.3042938353763197,0.2880986473307748,0.0003181824330826255,0.1381143076984953
v4b_legacy_025c,15.0,90.0,0.640625,0.3231712550085386,0.017749296521316675,2.896888577776472e-06,0.32617751080731183,0.15664395966049383,0.32645058779338015,0.3082097255414551,0.0002730769860683213,0.15129268889489295
v5c0_corrected_v4b_075c,15.0,90.0,0.640625,0.32612967079130967,0.017749296521316675,2.896888577776472e-06,0.32617751080731183,0.15664395966049383,0.32645058779338015,0.3082097255414551,0.0002730769860683213,0.15129268889489295
v4b_legacy_025c,15.0,90.0,0.6484375,0.34389838377828574,0.018015971895291333,2.8111194871788317e-06,0.3471705224412885,0.1653929776896694,0.3474002391232935,0.3272865824149851,0.00022971668200499895,0.1616638880433107
v5c0_corrected_v4b_075c,15.0,90.0,0.6484375,0.3470406325237626,0.018015971895291333,2.8111194871788317e-06,0.3471705224412885,0.1653929776896694,0.3474002391232935,0.3272865824149851,0.00022971668200499895,0.1616638880433107
v4b_legacy_025c,15.0,90.0,0.65625,0.3632943559397835,0.018239848709241984,2.76563326419962e-06,0.3667767244578872,0.1757069539685225,0.36696559559077224,0.34501996021033077,0.00018887113288501567,0.16912413510892324
v5c0_corrected_v4b_075c,15.0,90.0,0.65625,0.3665680257101367,0.018239848709241984,2.76563326419962e-06,0.3667767244578872,0.1757069539685225,0.36696559559077224,0.34501996021033077,0.00018887113288501567,0.16912413510892324
v4b_legacy_025c,15.0,90.0,0.6640625,0.3811944552798049,0.01842064847310219,2.5824904916251956e-06,0.38482958747977747,0.18735189690735427,0.3849807794594459,0.35886276933483974,0.00015119197966845244,0.17135968044781702
v5c0_corrected_v4b_075c,15.0,90.0,0.6640625,0.38450220369546567,0.01842064847310219,2.5824904916251956e-06,0.38482958747977747,0.18735189690735427,0.3849807794594459,0.35886276933483974,0.00015119197966845244,0.17135968044781702
v4b_legacy_025c,15.0,90.0,0.671875,0.39744582250975835,0.018558195264872054,2.2955971057971873e-06,0.4011748602511386,0.2001159381365767,0.40129206128054523,0.36854578835716695,0.000117201029406655,0.1683126491911836
v5c0_corrected_v4b_075c,15.0,90.0,0.671875,0.4006866025484029,0.018558195264872054,2.2955971057971873e-06,0.4011748602511386,0.2001159381365767,0.40129206128054523,0.36854578835716695,0.000117201029406655,0.1683126491911836
v4b_legacy_025c,15.0,90.0,0.6796875,0.411908632824785,0.018652410766301235,2.0539589981489574e-06,0.41567137729890247,0.21383365406848867,0.4157586602304742,0.3748185976346295,8.72829315717305e-05,0.1608976606345691
v5c0_corrected_v4b_075c,15.0,90.0,0.6796875,0.4149970450138497,0.018652410766301235,2.0539589981489574e-06,0.41567137729890247,0.21383365406848867,0.4157586602304742,0.3748185976346295,8.72829315717305e-05,0.1608976606345691
v4b_legacy_025c,15.0,90.0,0.6875,0.42445674943877965,0.018703309359649853,1.946295279644772e-06,0.4281918479271505,0.2283871871781826,0.4282535302387205,0.3783457985813025,6.168231156999937e-05,0.14989692909154992
v5c0_corrected_v4b_075c,15.0,90.0,0.6875,0.42732200038721035,0.018703309359649853,1.946295279644772e-06,0.4281918479271505,0.2283871871781826,0.4282535302387205,0.3783457985813025,6.168231156999937e-05,0.14989692909154992
v4b_legacy_025c,15.0,90.0,0.6953125,0.43497812037526645,0.01871099337413236,1.95433467016126e-06,0.4386236237182111,0.24368896487138436,0.43866412890241047,0.3796903746937799,4.0505184199346456e-05,0.1359609046381962
v5c0_corrected_v4b_075c,15.0,90.0,0.6953125,0.43756258914529217,0.01871099337413236,1.95433467016126e-06,0.4386236237182111,0.24368896487138436,0.43866412890241047,0.3796903746937799,4.0505184199346456e-05,0.1359609046381962
v4b_legacy_025c,15.0,90.0,0.703125,0.443375126830158,0.018675648558196787,2.0724776964747493e-06,0.4468694999353266,0.2596520725402635,0.44689322432341394,0.3793110032076935,2.3724388087342785e-05,0.11963520627934265
v5c0_corrected_v4b_075c,15.0,90.0,0.703125,0.44563311628590574,0.018675648558196787,2.0724776964747493e-06,0.4468694999353266,0.2596520725402635,0.44689322432341394,0.3793110032076935,2.3724388087342785e-05,0.11963520627934265
v4b_legacy_025c,15.0,90.0,0.7109375,0.4495646736029239,0.018597539841936506,2.3059942539831256e-06,0.4528484858441602,0.27615439740024866,0.45285967455617515,0.3775687523332906,1.1188712014942315e-05,0.10140316622102702
v5c0_corrected_v4b_075c,15.0,90.0,0.7109375,0.4514617117388329,0.018597539841936506,2.3059942539831256e-06,0.4528484858441602,0.27615439740024866,0.45285967455617515,0.3775687523332906,1.1188712014942315e-05,0.10140316622102702
v4b_legacy_025c,15.0,90.0,0.71875,0.45347825301798894,0.0184770074427954,2.5979378749695614e-06,0.45649659035527623,0.29300218887292084,0.456499225679232,0.3747393072447081,2.6353239557797004e-06,0.08173448304783149
v5c0_corrected_v4b_075c,15.0,90.0,0.71875,0.4549910969935525,0.0184770074427954,2.5979378749695614e-06,0.45649659035527623,0.29300218887292084,0.456499225679232,0.3747393072447081,2.6353239557797004e-06,0.08173448304783149
v4b_legacy_025c,15.0,90.0,0.7265625,0.4550622842014523,0.018314463357357435,2.8549284267481312e-06,0.4577676404573813,0.3098976840720239,0.4577653455197533,0.37102761251954086,-2.2949376279890465e-06,0.06113222338514496
v5c0_corrected_v4b_075c,15.0,90.0,0.7265625,0.45617959312896533,0.018314463357357435,2.8549284267481312e-06,0.4577676404573813,0.3098976840720239,0.4577653455197533,0.37102761251954086,-2.2949376279890465e-06,0.06113222338514496
v4b_legacy_025c,15.0,90.0,0.734375,0.45427869657485986,0.018110388272399594,3.0569722186441435e-06,0.45663402655739255,0.3264142015417381,0.45662998666326204,0.3665824624795229,-4.039894130503097e-06,0.04017230083191531
v5c0_corrected_v4b_075c,15.0,90.0,0.734375,0.45500219264659103,0.018110388272399594,3.0569722186441435e-06,0.45663402655739255,0.3264142015417381,0.45662998666326204,0.3665824624795229,-4.039894130503097e-06,0.04017230083191531
v4b_legacy_025c,15.0,90.0,0.7421875,0.4511057311636912,0.01786532891948176,3.2429890328976823e-06,0.45308749575757135,0.3419812488592706,0.45308439925872707,0.36150945899689024,-3.0964988442794272e-06,0.019531306636463908
v5c0_corrected_v4b_075c,15.0,90.0,0.7421875,0.45145156788213453,0.01786532891948176,3.2429890328976823e-06,0.45308749575757135,0.3419812488592706,0.45308439925872707,0.36150945899689024,-3.0964988442794272e-06,0.019531306636463908
v4b_legacy_025c,15.0,90.0,0.75,0.4455388878311232,0.017579895889067543,3.4027588082809595e-06,0.44713986465515865,0.3558810896987157,0.44713986465515865,0.3558810896987147,0.0,-9.992007221626409e-16
v5c0_corrected_v4b_075c,15.0,90.0,0.75,0.4455388878311232,0.017579895889067543,3.4027588082809595e-06,0.44713986465515865,0.3558810896987157,0.44713986465515865,0.3558810896987147,0.0,-9.992007221626409e-16
v4b_legacy_025c,15.0,90.0,0.7578125,0.4375922796763945,0.017254761912413805,3.533984889800188e-06,0.4388236601688607,0.3672577060539181,0.4388283578023343,0.3497432288793681,4.697633473604856e-06,-0.01751917480802362
v5c0_corrected_v4b_075c,15.0,90.0,0.7578125,0.4372946881196537,0.017254761912413805,3.533984889800188e-06,0.4388236601688607,0.3672577060539181,0.4388283578023343,0.3497432288793681,4.697633473604856e-06,-0.01751917480802362
v4b_legacy_025c,15.0,90.0,0.765625,0.42730019654963125,0.016890660612118105,3.6718806384546566e-06,0.42819270350523037,0.3751387208146436,0.42820315294150324,0.34311770225788385,1.0449436272874646e-05,-0.032031467993032636
v5c0_corrected_v4b_075c,15.0,90.0,0.765625,0.4267696133311259,0.016890660612118105,3.6718806384546566e-06,0.42819270350523037,0.3751387208146436,0.42820315294150324,0.34311770225788385,1.0449436272874646e-05,-0.032031467993032636
v4b_legacy_025c,15.0,90.0,0.7734375,0.414718636158161,0.016488385715148934,3.793079865447194e-06,0.41532253541822134,0.3784705470756884,0.4153392701439228,0.3360007060625132,1.6734725701461617e-05,-0.04248657573887665
v5c0_corrected_v4b_075c,15.0,90.0,0.7734375,0.414034835835364,0.016488385715148934,3.793079865447194e-06,0.41532253541822134,0.3784705470756884,0.4153392701439228,0.3360007060625132,1.6734725701461617e-05,-0.04248657573887665
v4b_legacy_025c,15.0,90.0,0.78125,0.3999269760739651,0.016048790715276227,3.833966151272112e-06,0.40031067997851016,0.3761670328308673,0.40033375931788506,0.3283571945323511,2.3079339374898478e-05,-0.04783291763789105
v5c0_corrected_v4b_075c,15.0,90.0,0.78125,0.3991823949288684,0.016048790715276227,3.833966151272112e-06,0.40031067997851016,0.3761670328308673,0.40033375931788506,0.3283571945323511,2.3079339374898478e-05,-0.04783291763789105
v4b_legacy_025c,15.0,90.0,0.7890625,0.3830296221050816,0.015572788964943983,3.758475098445308e-06,0.3832767214500337,0.36717175202705193,0.3833057956935966,0.3201115906539958,2.9074243562854374e-05,-0.047089235616618985
v5c0_corrected_v4b_075c,15.0,90.0,0.7890625,0.3823253856198664,0.015572788964943983,3.758475098445308e-06,0.3832767214500337,0.36717175202705193,0.3833057956935966,0.3201115906539958,2.9074243562854374e-05,-0.047089235616618985
v4b_legacy_025c,15.0,90.0,0.796875,0.3641697049449855,0.015061354169661199,3.553965556388594e-06,0.36436213230914316,0.35135348780261294,0.36439652425027025,0.31113546637803274,3.4391941127087655e-05,-0.040252413365707285
v5c0_corrected_v4b_075c,15.0,90.0,0.796875,0.36359784103222814,0.015061354169661199,3.553965556388594e-06,0.36436213230914316,0.35135348780261294,0.36439652425027025,0.31113546637803274,3.4391941127087655e-05,-0.040252413365707285
v4b_legacy_025c,15.0,90.0,0.8046875,0.34357974680355585,0.014515521250820576,3.2008841620271847e-06,0.34372982607112934,0.33317328548360126,0.34376862620639664,0.3012333019856896,3.880013526730286e-05,-0.031978783633178964
v5c0_corrected_v4b_075c,15.0,90.0,0.8046875,0.34315435822542034,0.014515521250820576,3.2008841620271847e-06,0.34372982607112934,0.33317328548360126,0.34376862620639664,0.3012333019856896,3.880013526730286e-05,-0.031978783633178964
v4b_legacy_025c,15.0,90.0,0.8125,0.32145475668301504,0.013936387535388608,2.710924358356422e-06,0.3215633905609034,0.3135765990432587,0.3216055627048576,0.2901279745031954,4.217214395418889e-05,-0.02349079668401749
v5c0_corrected_v4b_075c,15.0,90.0,0.8125,0.3211695519808657,0.013936387535388608,2.710924358356422e-06,0.3215633905609034,0.3135765990432587,0.3216055627048576,0.2901279745031954,4.217214395418889e-05,-0.02349079668401749
v4b_legacy_025c,15.0,90.0,0.8203125,0.2979971879307901,0.01332511422307032,2.1488919517471347e-06,0.298065994621333,0.2927431923491318,0.29811048823280445,0.27744833827087995,4.449361147146336e-05,-0.015339347689723337
v5c0_corrected_v4b_075c,15.0,90.0,0.8203125,0.29783728298218864,0.01332511422307032,2.1488919517471347e-06,0.298065994621333,0.2927431923491318,0.29811048823280445,0.27744833827087995,4.449361147146336e-05,-0.015339347689723337
v4b_legacy_025c,15.0,90.0,0.828125,0.2734276388508755,0.012682928073289164,1.5772611069547235e-06,0.27345892478191297,0.2708693659934836,0.2735047899114829,0.2627219906734487,4.586512956994415e-05,-0.008193240449604844
v5c0_corrected_v4b_075c,15.0,90.0,0.828125,0.27336958970113595,0.012682928073289164,1.5772611069547235e-06,0.27345892478191297,0.2708693659934836,0.2735047899114829,0.2627219906734487,4.586512956994415e-05,-0.008193240449604844
v4b_legacy_025c,15.0,90.0,0.8359375,0.24798299189487474,0.012011123245630863,1.0152202136926157e-06,0.2479797478857694,0.24816632351079093,0.24802624834897602,0.24537711141652763,4.650046320661683e-05,-0.0028357125574699216
v5c0_corrected_v4b_075c,15.0,90.0,0.8359375,0.2479954322650644,0.012011123245630863,1.0152202136926157e-06,0.2479797478857694,0.24816632351079093,0.24802624834897602,0.24537711141652763,4.650046320661683e-05,-0.0028357125574699216
v4b_legacy_025c,15.0,90.0,0.84375,0.22191423900307988,0.011311063218323557,4.5598976255098866e-07,0.22188010263323518,0.22485820797673414,0.22192682280991985,0.2247578855956938,4.672017668466699e-05,-0.00014704255772501895
v5c0_corrected_v4b_075c,15.0,90.0,0.84375,0.22195929597209832,0.011311063218323557,4.5598976255098866e-07,0.22188010263323518,0.22485820797673414,0.22192682280991985,0.2247578855956938,4.672017668466699e-05,-0.00014704255772501895
v4b_legacy_025c,15.0,90.0,0.8515625,0.19548393410245318,0.010584182699977362,-1.1700729413622195e-07,0.1954231200275576,0.20117980861563914,0.19547006060470634,0.20122674919278788,4.694057714874078e-05,0.0
v5c0_corrected_v4b_075c,15.0,90.0,0.8515625,0.19553087467960192,0.010584182699977362,-1.1700729413622195e-07,0.1954231200275576,0.20117980861563914,0.19547006060470634,0.20122674919278788,4.694057714874078e-05,0.0
v4b_legacy_025c,15.0,90.0,0.859375,0.16896329440661062,0.00983198944037875,-7.272284915005492e-07,0.16888050686843362,0.17737396763464525,0.16892816490386503,0.17742162567007663,4.765803543141378e-05,-2.7755575615628914e-17
v5c0_corrected_v4b_075c,15.0,90.0,0.859375,0.16901095244204203,0.00983198944037875,-7.272284915005492e-07,0.16888050686843362,0.17737396763464525,0.16892816490386503,0.17742162567007663,4.765803543141378e-05,-2.7755575615628914e-17
v4b_legacy_025c,15.0,90.0,0.8671875,0.14262897583756157,0.009056065836923604,-1.4183071937604187e-06,0.14252932111767808,0.15368871247080926,0.1425787500277392,0.1537381413808704,4.942891006112782e-05,2.7755575615628914e-17
v5c0_corrected_v4b_075c,15.0,90.0,0.8671875,0.1426784047476227,0.009056065836923604,-1.4183071937604187e-06,0.14252932111767808,0.15368871247080926,0.1425787500277392,0.1537381413808704,4.942891006112782e-05,2.7755575615628914e-17
v4b_legacy_025c,15.0,90.0,0.875,0.11675966123763938,0.008258070224687275,-2.1958285355211007e-06,0.11664849140360707,0.1303741592869738,0.11670133689197808,0.1304270047753448,5.284548837100611e-05,0.0
v5c0_corrected_v4b_075c,15.0,90.0,0.875,0.11681250672601039,0.008258070224687275,-2.1958285355211007e-06,0.11664849140360707,0.1303741592869738,0.11670133689197808,0.1304270047753448,5.284548837100611e-05,0.0
v4b_legacy_025c,15.0,90.0,0.8828125,0.09163250946621787,0.007439737730708072,-2.9113183465824095e-06,0.09151514246490246,0.10767924186865904,0.0915736510314472,0.10773775043520378,5.850856654474046e-05,0.0
v5c0_corrected_v4b_075c,15.0,90.0,0.8828125,0.09169101803276261,0.007439737730708072,-2.9113183465824095e-06,0.09151514246490246,0.10767924186865904,0.0915736510314472,0.10773775043520378,5.850856654474046e-05,0.0
v4b_legacy_025c,15.0,90.0,0.890625,0.06751914049064557,0.006602880567471529,-3.4910479515717728e-06,0.06740080164774506,0.0858483320300834,0.06746779916031972,0.08591532954265804,6.699751257466247e-05,-1.3877787807814457e-17
v5c0_corrected_v4b_075c,15.0,90.0,0.890625,0.06758613800322022,0.006602880567471529,-3.4910479515717728e-06,0.06740080164774506,0.0858483320300834,0.06746779916031972,0.08591532954265804,6.699751257466247e-05,-1.3877787807814457e-17
v4b_legacy_025c,15.0,90.0,0.8984375,0.04468206537026911,0.005749387637620682,-3.6720844122344347e-06,0.04456756495802695,0.06511782037036916,0.04464640384114771,0.06519665925348991,7.883888312075482e-05,0.0
v5c0_corrected_v4b_075c,15.0,90.0,0.8984375,0.04476090425338986,0.005749387637620682,-3.6720844122344347e-06,0.04456756495802695,0.06511782037036916,0.04464640384114771,0.06519665925348991,7.883888312075482e-05,0.0
v4b_legacy_025c,15.0,90.0,0.90625,0.023370176904453064,0.004881223322476324,-3.7347585651504747e-06,0.02326431766494605,0.04571274107081482,0.023358792548052305,0.04580721595392108,9.447488310625543e-05,3.469446951953614e-18
v5c0_corrected_v4b_075c,15.0,90.0,0.90625,0.023464651787559316,0.004881223322476324,-3.7347585651504747e-06,0.02326431766494605,0.04571274107081482,0.023358792548052305,0.04580721595392108,9.447488310625543e-05,3.469446951953614e-18
v4b_legacy_025c,15.0,90.0,0.9140625,0.0038156802258824583,0.004000425331978653,-3.926909702166425e-06,0.003723099484611684,0.02784352010402762,0.0038373326312487292,0.027957753250664664,0.00011423314663704543,-8.673617379884035e-19
v5c0_corrected_v4b_075c,15.0,90.0,0.9140625,0.003929913372519503,0.004000425331978653,-3.926909702166425e-06,0.003723099484611684,0.02784352010402762,0.0038373326312487292,0.027957753250664664,0.00011423314663704543,-8.673617379884035e-19
v4b_legacy_025c,15.0,90.0,0.921875,-0.013768770199694861,0.003109101504086839,-3.921631814622523e-06,-0.013844289664640118,0.011702931583716922,-0.013705990208565439,0.011841231039791603,0.00013829945607467947,1.734723475976807e-18
v5c0_corrected_v4b_075c,15.0,90.0,0.921875,-0.01363047074362018,0.003109101504086839,-3.921631814622523e-06,-0.013844289664640118,0.011702931583716922,-0.013705990208565439,0.011841231039791603,0.00013829945607467947,1.734723475976807e-18
v4b_legacy_025c,15.0,90.0,0.9296875,-0.029193755049054727,0.00220942545830663,-3.4280106185303314e-06,-0.02924935432163808,-0.0025366589256205973,-0.02908265924518942,-0.00236996384917194,0.00016669507644865786,-4.336808689942018e-19
v5c0_corrected_v4b_075c,15.0,90.0,0.9296875,-0.02902705997260607,0.00220942545830663,-3.4280106185303314e-06,-0.02924935432163808,-0.0025366589256205973,-0.02908265924518942,-0.00236996384917194,0.00016669507644865786,-4.336808689942018e-19
v4b_legacy_025c,15.0,90.0,0.9375,-0.0422965255228978,0.0013036310314268338,-2.952357567804288e-06,-0.042329562270100776,-0.014725696514890849,-0.04213030193165282,-0.014526436176442895,0.00019926033844795688,-3.469446951953614e-18
v5c0_corrected_v4b_075c,15.0,90.0,0.9375,-0.042097265184449846,0.0013036310314268338,-2.952357567804288e-06,-0.042329562270100776,-0.014725696514890849,-0.04213030193165282,-0.014526436176442895,0.00019926033844795688,-3.469446951953614e-18
v4b_legacy_025c,15.0,90.0,0.9453125,-0.052942251813667754,0.0003940054539212091,-2.84043401663172e-06,-0.05295052782825609,-0.024739422251272222,-0.052714881895658275,-0.024503776318674404,0.00023564593259781802,0.0
v5c0_corrected_v4b_075c,15.0,90.0,0.9453125,-0.052706605881069936,0.0003940054539212091,-2.84043401663172e-06,-0.05295052782825609,-0.024739422251272222,-0.052714881895658275,-0.024503776318674404,0.00023564593259781802,0.0
v4b_legacy_025c,15.0,90.0,0.953125,-0.06099577408500247,0.0005171187375172738,-2.8662498064324554e-06,-0.06100766182131083,-0.03247938996999934,-0.06073234875459114,-0.03220407690327965,0.0002753130667196915,0.0
v5c0_corrected_v4b_075c,15.0,90.0,0.953125,-0.06072046101828279,0.0005171187375172738,-2.8662498064324554e-06,-0.06100766182131083,-0.03247938996999934,-0.06073234875459114,-0.03220407690327965,0.0002753130667196915,0.0
v4b_legacy_025c,15.0,90.0,0.9609375,-0.06638925449888652,0.0014273730131601076,-2.7573541889132035e-06,-0.06642725653485099,-0.03787448581223188,-0.06610971334538025,-0.03755694262276115,0.00031754318947073423,-6.938893903907228e-18
v5c0_corrected_v4b_075c,15.0,90.0,0.9609375,-0.06607171130941579,0.0014273730131601076,-2.7573541889132035e-06,-0.06642725653485099,-0.03787448581223188,-0.06610971334538025,-0.03755694262276115,0.00031754318947073423,-6.938893903907228e-18
v4b_legacy_025c,15.0,90.0,0.96875,-0.06910324591176042,0.0023343633042961637,-2.2820583039348243e-06,-0.06916699794342059,-0.04088144243909042,-0.06880554052926881,-0.040519985024938636,0.0003614574141517779,6.938893903907228e-18
v5c0_corrected_v4b_075c,15.0,90.0,0.96875,-0.06874178849760865,0.0023343633042961637,-2.2820583039348243e-06,-0.06916699794342059,-0.04088144243909042,-0.06880554052926881,-0.040519985024938636,0.0003614574141517779,6.938893903907228e-18
v4b_legacy_025c,15.0,90.0,0.9765625,-0.06912782122201998,0.0032356814649240956,-1.6512669589127093e-06,-0.06921590416884486,-0.04148484603392111,-0.0688098590403564,-0.04107880090543265,0.00040604512848846364,-6.938893903907228e-18
v5c0_corrected_v4b_075c,15.0,90.0,0.9765625,-0.06872177609353151,0.0032356814649240956,-1.6512669589127093e-06,-0.06921590416884486,-0.04148484603392111,-0.0688098590403564,-0.04107880090543265,0.00040604512848846364,-6.938893903907228e-18
v4b_legacy_025c,15.0,90.0,0.984375,-0.06648368490999776,0.004128917560688794,-1.0341774455297342e-06,-0.06659371073585901,-0.03969665317997063,-0.06614351013083535,-0.03924645257494696,0.0004502006050236679,0.0
v5c0_corrected_v4b_075c,15.0,90.0,0.984375,-0.06603348430497409,0.004128917560688794,-1.0341774455297342e-06,-0.06659371073585901,-0.03969665317997063,-0.06614351013083535,-0.03924645257494696,0.0004502006050236679,0.0
v4b_legacy_025c,15.0,90.0,0.9921875,-0.061220905940828296,0.005011672761958249,-4.195237793175468e-07,-0.061349762077339755,-0.03555526911759428,-0.06085699627518809,-0.03506250331544262,0.0004927658021516637,0.0
v5c0_corrected_v4b_075c,15.0,90.0,0.9921875,-0.06072814013867663,0.005011672761958249,-4.195237793175468e-07,-0.061349762077339755,-0.03555526911759428,-0.06085699627518809,-0.03506250331544262,0.0004927658021516637,0.0
v4b_legacy_025c,15.0,105.0,0.0,-0.0455430449310052,0.0021212134612080364,0.0,-0.04559232246313898,-0.022361500560983762,-0.04611333002865175,-0.022882508126496535,-0.0005210075655127655,-6.938893903907228e-18
v5c0_corrected_v4b_075c,15.0,105.0,0.0,-0.04606405249651797,0.0021212134612080364,0.0,-0.04559232246313898,-0.022361500560983762,-0.04611333002865175,-0.022882508126496535,-0.0005210075655127655,-6.938893903907228e-18
v4b_legacy_025c,15.0,105.0,0.0078125,-0.039024934932053,0.0030286387689977406,0.0,-0.03909144082945177,-0.017132434664850215,-0.03956800633284573,-0.017609000168244175,-0.00047656550339396364,3.469446951953614e-18
v5c0_corrected_v4b_075c,15.0,105.0,0.0078125,-0.03950150043544696,0.0030286387689977406,0.0,-0.03909144082945177,-0.017132434664850215,-0.03956800633284573,-0.017609000168244175,-0.00047656550339396364,3.469446951953614e-18
v4b_legacy_025c,15.0,105.0,0.015625,-0.030351814351768633,0.0039269365319210036,0.0,-0.03043227686387661,-0.009942383163299482,-0.030865274009716694,-0.010375380309139568,-0.000432997145840084,-1.734723475976807e-18
v5c0_corrected_v4b_075c,15.0,105.0,0.015625,-0.03078481149760872,0.0039269365319210036,0.0,-0.03043227686387661,-0.009942383163299482,-0.030865274009716694,-0.010375380309139568,-0.000432997145840084,-1.734723475976807e-18
v4b_legacy_025c,15.0,105.0,0.0234375,-0.01963514921861957,0.004813733513173357,0.0,-0.019725843155786224,-0.0008851788526097104,-0.020117008709499257,-0.001276344406322743,-0.00039116555371303263,0.0
v5c0_corrected_v4b_075c,15.0,105.0,0.0234375,-0.020026314772332608,0.004813733513173357,0.0,-0.019725843155786224,-0.0008851788526097104,-0.020117008709499257,-0.001276344406322743,-0.00039116555371303263,0.0
v4b_legacy_025c,15.0,105.0,0.03125,-0.007000325373695096,0.0056867119898139935,0.0,-0.0070971672899412305,0.009932342278962166,-0.007448952567041764,0.009580557001861632,-0.0003517852771005338,0.0
v5c0_corrected_v4b_075c,15.0,105.0,0.03125,-0.0073521106507956294,0.0056867119898139935,0.0,-0.0070971672899412305,0.009932342278962166,-0.007448952567041764,0.009580557001861632,-0.0003517852771005338,0.0
v4b_legacy_025c,15.0,105.0,0.0390625,0.007415327757003594,0.006543599760410109,0.0,0.007316680488812191,0.022392062817088883,0.007001277106761655,0.022076659435038348,-0.00031540338205053586,0.0
v5c0_corrected_v4b_075c,15.0,105.0,0.0390625,0.007099924374953057,0.006543599760410109,0.0,0.007316680488812191,0.022392062817088883,0.007001277106761655,0.022076659435038348,-0.00031540338205053586,0.0
v4b_legacy_025c,15.0,105.0,0.046875,0.023464368261096796,0.007382182610307363,0.0,0.023368416352113373,0.03636618598862279,0.023086026544578187,0.036083796181087605,-0.0002823898075351855,0.0
v5c0_corrected_v4b_075c,15.0,105.0,0.046875,0.02318197845356161,0.007382182610307363,0.0,0.023368416352113373,0.03636618598862279,0.023086026544578187,0.036083796181087605,-0.0002823898075351855,0.0
v4b_legacy_025c,15.0,105.0,0.0546875,0.04099081892458088,0.008200319676816096,0.0,0.04090212014574169,0.05171862271331373,0.040649183145193814,0.05146568571276586,-0.00025293700054787593,0.0
v5c0_corrected_v4b_075c,15.0,105.0,0.0546875,0.040737881924033006,0.008200319676816096,0.0,0.04090212014574169,0.05171862271331373,0.040649183145193814,0.05146568571276586,-0.00025293700054787593,0.0
v4b_legacy_025c,15.0,105.0,0.0625,0.0598315238860494,0.008995952557847138,0.0,0.05975459413159839,0.06830619041407299,0.059527525930207444,0.06807912221268203,-0.00022706820139094946,-6.938893903907228e-18
v5c0_corrected_v4b_075c,15.0,105.0,0.0625,0.05960445568465845,0.008995952557847138,0.0,0.05975459413159839,0.06830619041407299,0.059527525930207444,0.06807912221268203,-0.00022706820139094946,-6.938893903907228e-18
v4b_legacy_025c,15.0,105.0,0.0703125,0.07981721848986044,0.009767113080381796,0.0,0.0797564364920434,0.08597956479175815,0.07955178320883358,0.08577491150854832,-0.00020465328320982967,0.0
v5c0_corrected_v4b_075c,15.0,105.0,0.0703125,0.07961256520665062,0.009767113080381796,0.0,0.0797564364920434,0.08597956479175815,0.07955178320883358,0.08577491150854832,-0.00020465328320982967,0.0
v4b_legacy_025c,15.0,105.0,0.078125,0.10077360361127076,0.010511929680258717,0.0,0.10073312091865343,0.10458423996612529,0.10054769020242238,0.10439880924989424,-0.000185430716231047,0.0
v5c0_corrected_v4b_075c,15.0,105.0,0.078125,0.10058817289503971,0.010511929680258717,0.0,0.10073312091865343,0.10458423996612529,0.10054769020242238,0.10439880924989424,-0.000185430716231047,0.0
v4b_legacy_025c,15.0,105.0,0.0859375,0.12252235385870126,0.011228632391972894,0.0,0.12250601143916255,0.12396143530274882,0.12233697740382582,0.1237924012674121,-0.000169034035336732,1.3877787807814457e-17
v5c0_corrected_v4b_075c,15.0,105.0,0.0859375,0.12235331982336453,0.011228632391972894,0.0,0.12250601143916255,0.12396143530274882,0.12233697740382582,0.1237924012674121,-0.000169034035336732,1.3877787807814457e-17
v4b_legacy_025c,15.0,105.0,0.09375,0.14488190588167713,0.011915556489139296,0.0,0.14489315824634405,0.1439488158921139,0.14473813711578465,0.1437937947615545,-0.0001550211305594018,0.0
v5c0_corrected_v4b_075c,15.0,105.0,0.09375,0.14472688475111772,0.011915556489139296,0.0,0.14489315824634405,0.1439488158921139,0.14473813711578465,0.1437937947615545,-0.0001550211305594018,0.0
v4b_legacy_025c,15.0,105.0,0.1015625,0.16766810828046838,0.012571144851501572,0.0,0.16770995586381154,0.164381095697334,0.16756705113046885,0.1642381909639913,-0.00014290473334269138,0.0
v5c0_corrected_v4b_075c,15.0,105.0,0.1015625,0.16752520354712566,0.012571144851501572,0.0,0.16770995586381154,0.164381095697334,0.16756705113046885,0.1642381909639913,-0.00014290473334269138,0.0
v4b_legacy_025c,15.0,105.0,0.109375,0.19069471422493903,0.013193949162107137,0.0,0.19076964440048913,0.1850905126538474,0.1906374617902706,0.18495833004362888,-0.00013218261021852307,0.0
v5c0_corrected_v4b_075c,15.0,105.0,0.109375,0.1905625316147205,0.013193949162107137,0.0,0.19076964440048913,0.1850905126538474,0.1906374617902706,0.18495833004362888,-0.00013218261021852307,0.0
v4b_legacy_025c,15.0,105.0,0.1171875,0.2137731425149548,0.013782630058402362,0.0,0.2138830779324706,0.2059067035358612,0.21376071176066933,0.2057843373640599,-0.0001223661718012803,-2.7755575615628914e-17
v5c0_corrected_v4b_075c,15.0,105.0,0.1171875,0.21365077634315355,0.013782630058402362,0.0,0.2138830779324706,0.2059067035358612,0.21376071176066933,0.2057843373640599,-0.0001223661718012803,-2.7755575615628914e-17
v4b_legacy_025c,15.0,105.0,0.125,0.23671356657937254,0.014335956373913153,0.0,0.23685982435675343,0.2266576604015788,0.23674681792394206,0.22654465396876744,-0.0001130064328113689,0.0
v5c0_corrected_v4b_075c,15.0,105.0,0.125,0.23660056014656117,0.014335956373913153,0.0,0.23685982435675343,0.2266576604015788,0.23674681792394206,0.22654465396876744,-0.0001130064328113689,0.0
v4b_legacy_025c,15.0,105.0,0.1328125,0.25932713877657626,0.014852803613615923,0.0,0.2595104041352167,0.247171632048283,0.25940668763848024,0.24706791555154653,-0.00010371649673646122,0.0
v5c0_corrected_v4b_075c,15.0,105.0,0.1328125,0.2592234222798398,0.014852803613615923,0.0,0.2595104041352167,0.247171632048283,0.25940668763848024,0.24706791555154653,-0.00010371649673646122,0.0
v4b_legacy_025c,15.0,105.0,0.140625,0.2814250960911344,0.015332151807037987,0.0,0.28164592540492456,0.2672429037958658,0.28155173543425605,0.2671827339119114,-9.418997066851231e-05,3.4020086714103837e-05
v5c0_corrected_v4b_075c,15.0,105.0,0.140625,0.28133142772159986,0.015332151807037987,0.0,0.28164592540492456,0.2672429037958658,0.28155173543425605,0.2671827339119114,-9.418997066851231e-05,3.4020086714103837e-05
v4b_legacy_025c,15.0,105.0,0.1484375,0.3028013561553644,0.015773082879611815,0.0,0.3030788079671601,0.2854885997679549,0.30299459303610166,0.28671838033986924,-8.421493105842393e-05,0.0013139955029727868
v5c0_corrected_v4b_075c,15.0,105.0,0.1484375,0.30273786698427785,0.015773082879611815,0.0,0.3030788079671601,0.2854885997679549,0.30299459303610166,0.28671838033986924,-8.421493105842393e-05,0.0013139955029727868
v4b_legacy_025c,15.0,105.0,0.15625,0.32326763995707214,0.01617477767589285,0.0,0.32362372942392237,0.3016086220768232,0.32355004617045796,0.3055056611285762,-7.368325346440718e-05,0.003970722305217389
v5c0_corrected_v4b_075c,15.0,105.0,0.15625,0.3232581822541073,0.01617477767589285,0.0,0.32362372942392237,0.3016086220768232,0.32355004617045796,0.3055056611285762,-7.368325346440718e-05,0.003970722305217389
v4b_legacy_025c,15.0,105.0,0.1640625,0.3426508955444139,0.016536512758905674,0.0,0.34309870054904495,0.31601892797789627,0.3430361052627442,0.3233779137142702,-6.25952863007595e-05,0.007421581022674706
v5c0_corrected_v4b_075c,15.0,105.0,0.1640625,0.34271102732738584,0.016536512758905674,0.0,0.34309870054904495,0.31601892797789627,0.3430361052627442,0.3233779137142702,-6.25952863007595e-05,0.007421581022674706
v4b_legacy_025c,15.0,105.0,0.171875,0.3607821455686139,0.0168576570989557,0.0,0.3613262841429226,0.3290478618737629,0.3612752241527755,0.3401721360390714,-5.105999014709539e-05,0.01117533415545563
v5c0_corrected_v4b_075c,15.0,105.0,0.171875,0.3609194755296256,0.0168576570989557,0.0,0.3613262841429226,0.3290478618737629,0.3612752241527755,0.3401721360390714,-5.105999014709539e-05,0.01117533415545563
v4b_legacy_025c,15.0,105.0,0.1796875,0.37749746876730894,0.017137668753438244,0.0,0.3781349578172525,0.3409368383346553,0.37809566703531505,0.3557302490776773,-3.9290781937428854e-05,0.014832701524959413
v5c0_corrected_v4b_075c,15.0,105.0,0.1796875,0.37771237591082485,0.017137668753438244,0.0,0.3781349578172525,0.3409368383346553,0.37809566703531505,0.3557302490776773,-3.9290781937428854e-05,0.014832701524959413
v4b_legacy_025c,15.0,105.0,0.1875,0.3926392837325582,0.017376091627052132,0.0,0.3933606343327696,0.3518466612429657,0.3933330369129783,0.36895429100576926,-2.7597419791303146e-05,0.01713522718259486
v5c0_corrected_v4b_075c,15.0,105.0,0.1875,0.39290942959034203,0.017376091627052132,0.0,0.3933606343327696,0.3518466612429657,0.3933330369129783,0.36895429100576926,-2.7597419791303146e-05,0.01713522718259486
v4b_legacy_025c,15.0,105.0,0.1953125,0.40605785836735037,0.017572552389800624,0.0,0.4068482996601389,0.36186671273669807,0.40683192531810586,0.3762707092804936,-1.6374342033054212e-05,0.014420370885828593
v5c0_corrected_v4b_075c,15.0,105.0,0.1953125,0.4062948867481889,0.017572552389800624,0.0,0.4068482996601389,0.36186671273669807,0.40683192531810586,0.3762707092804936,-1.6374342033054212e-05,0.014420370885828593
v4b_legacy_025c,15.0,105.0,0.203125,0.4176130247821151,0.017726757618534785,0.0,0.4184537836879307,0.3710249800731917,0.41844769775223956,0.3780750663548074,-6.0859356911247e-06,0.007056172217306866
v5c0_corrected_v4b_075c,15.0,105.0,0.203125,0.4177320219010348,0.017726757618534785,0.0,0.4184537836879307,0.3710249800731917,0.41844769775223956,0.3780750663548074,-6.0859356911247e-06,0.007056172217306866
v4b_legacy_025c,15.0,105.0,0.2109375,0.4271760379414745,0.01783849121675454,0.0,0.42804563151680725,0.37929747424462884,0.42804838225910147,0.37523015332017434,2.7507422942218973e-06,-0.00407007166674872
v5c0_corrected_v4b_075c,15.0,105.0,0.2109375,0.4271061847460899,0.01783849121675454,0.0,0.42804563151680725,0.37929747424462884,0.42804838225910147,0.37523015332017434,2.7507422942218973e-06,-0.00407007166674872
v4b_legacy_025c,15.0,105.0,0.21875,0.434631509007399,0.017907612157035922,0.0,0.435507028722728,0.3866161041454381,0.4355166139546612,0.3685876006880153,9.58523193317351e-06,-0.01803808868935597
v5c0_corrected_v4b_075c,15.0,105.0,0.21875,0.43431807514302895,0.017907612157035922,0.0,0.435507028722728,0.3866161041454381,0.4355166139546612,0.3685876006880153,9.58523193317351e-06,-0.01803808868935597
v4b_legacy_025c,15.0,105.0,0.2265625,0.4398793855224928,0.017934052580836028,0.0,0.4407377676225056,0.39287451439829796,0.44075162196300494,0.35894906891117445,1.3854340499330764e-05,-0.03393929982762284
v5c0_corrected_v4b_075c,15.0,105.0,0.2265625,0.4392845706753268,0.017934052580836028,0.0,0.4407377676225056,0.39287451439829796,0.44075162196300494,0.35894906891117445,1.3854340499330764e-05,-0.03393929982762284
v4b_legacy_025c,15.0,105.0,0.234375,0.44283690888982113,0.01791781628152552,0.0,0.44365619253635546,0.39793166708851657,0.4436711961522195,0.3470393739538288,1.5003615864039865e-05,-0.050907296750551834
v5c0_corrected_v4b_075c,15.0,105.0,0.234375,0.4419397649151197,0.01791781628152552,0.0,0.44365619253635546,0.39793166708851657,0.4436711961522195,0.3470393739538288,1.5003615864039865e-05,-0.050907296750551834
v4b_legacy_025c,15.0,105.0,0.2421875,0.443440511415215,0.01785897758825795,0.0,0.44420108722297996,0.40161321767635,0.44421359623861023,0.3334903964918041,1.2509015630268738e-05,-0.06813533020017615
v5c0_corrected_v4b_075c,15.0,105.0,0.2421875,0.4422361930958318,0.01785897758825795,0.0,0.44420108722297996,0.40161321767635,0.44421359623861023,0.3334903964918041,1.2509015630268738e-05,-0.06813533020017615
v4b_legacy_025c,15.0,105.0,0.25,0.44164759845357,0.01775768066062539,0.0,0.4423334448705089,0.4037109225914783,0.44233934303721345,0.318834604945835,5.8981667045432395e-06,-0.08488221581234784
v5c0_corrected_v4b_075c,15.0,105.0,0.25,0.44014618533811256,0.01775768066062539,0.0,0.4423334448705089,0.4037109225914783,0.44233934303721345,0.318834604945835,5.8981667045432395e-06,-0.08488221581234784
v4b_legacy_025c,15.0,105.0,0.2578125,0.43743818126833495,0.017614139196870795,0.0,0.4380380756503215,0.40398052817203817,0.43803284627070405,0.3035070402481528,-5.229379617444074e-06,-0.10046825854426794
v5c0_corrected_v4b_075c,15.0,105.0,0.2578125,0.4356632899978516,0.017614139196870795,0.0,0.4380380756503215,0.40398052817203817,0.43803284627070405,0.3035070402481528,-5.229379617444074e-06,-0.10046825854426794
v4b_legacy_025c,15.0,105.0,0.265625,0.43081630124778897,0.01742863655161787,0.0,0.4313249767774518,0.40213878495135413,0.4313037933045094,0.28785451190109335,-2.118347294238765e-05,-0.1142630895773184
v5c0_corrected_v4b_075c,15.0,105.0,0.265625,0.42880366791533847,0.01742863655161787,0.0,0.4313249767774518,0.40213878495135413,0.4313037933045094,0.28785451190109335,-2.118347294238765e-05,-0.1142630895773184
v4b_legacy_025c,15.0,105.0,0.2734375,0.42181122011879,0.017201526252521134,0.0,0.42223041965632524,0.39786051599886546,0.42218825283875405,0.2721505751218875,-4.2166817571187565e-05,-0.12566777405940677
v5c0_corrected_v4b_075c,15.0,105.0,0.2734375,0.41960737578664004,0.017201526252521134,0.0,0.42223041965632524,0.39786051599886546,0.42218825283875405,0.2721505751218875,-4.2166817571187565e-05,-0.12566777405940677
v4b_legacy_025c,15.0,105.0,0.28125,0.41047835690420725,0.016933232898812385,0.0,0.41081771130495637,0.3907769782224449,0.4107494502387424,0.25661450393233004,-6.826106621399264e-05,-0.13409421322390086
v5c0_corrected_v4b_075c,15.0,105.0,0.28125,0.40813944729508994,0.016933232898812385,0.0,0.41081771130495637,0.3907769782224449,0.4107494502387424,0.25661450393233004,-6.826106621399264e-05,-0.13409421322390086
v4b_legacy_025c,15.0,105.0,0.2890625,0.39689992273174335,0.016624253418306797,0.0,0.3971775557453939,0.3804770756297098,0.39707813972616196,0.24143195536439602,-9.941601923191268e-05,-0.13894570424608185
v5c0_corrected_v4b_075c,15.0,105.0,0.2890625,0.39449063811373947,0.016624253418306797,0.0,0.3971775557453939,0.3804770756297098,0.39707813972616196,0.24143195536439602,-9.941601923191268e-05,-0.13894570424608185
v4b_legacy_025c,15.0,105.0,0.296875,0.3811918812840708,0.01627515865291927,0.0,0.38142798483616824,0.36692099555682844,0.3812925424963438,0.22677449871522046,-0.000135442339824432,-0.14001105450178356
v5c0_corrected_v4b_075c,15.0,105.0,0.296875,0.3787777368190673,0.01627515865291927,0.0,0.38142798483616824,0.36692099555682844,0.3812925424963438,0.22677449871522046,-0.000135442339824432,-0.14001105450178356
v4b_legacy_025c,15.0,105.0,0.3046875,0.3635186957967895,0.015886595236026944,0.0,0.36371382463192287,0.35143121578878783,0.3635378165010917,0.21281466784322223,-0.0001760081308311845,-0.13844053981473442
v5c0_corrected_v4b_075c,15.0,105.0,0.3046875,0.3611433388456646,0.015886595236026944,0.0,0.36371382463192287,0.35143121578878783,0.3635378165010917,0.21281466784322223,-0.0001760081308311845,-0.13844053981473442
v4b_legacy_025c,15.0,105.0,0.3125,0.34405232915708883,0.015459287718007576,0.0,0.34420566027351784,0.3342872785714648,0.3439850206292714,0.19973287760591313,-0.00022063964424645643,-0.1343337613213052
v5c0_corrected_v4b_075c,15.0,105.0,0.3125,0.34175498524633413,0.015459287718007576,0.0,0.34420566027351784,0.3342872785714648,0.3439850206292714,0.19973287760591313,-0.00022063964424645643,-0.1343337613213052
v4b_legacy_025c,15.0,105.0,0.3203125,0.3229867899410383,0.014994040888918415,0.0,0.32309831904324415,0.315660090547533,0.32282959273337497,0.18771268586446663,-0.0002687263098691828,-0.1276786783731972
v5c0_corrected_v4b_075c,15.0,105.0,0.3203125,0.32080364430699837,0.014994040888918415,0.0,0.32309831904324415,0.315660090547533,0.32282959273337497,0.18771268586446663,-0.0002687263098691828,-0.1276786783731972
v4b_legacy_025c,15.0,105.0,0.328125,0.30053827638424696,0.014491742239517293,0.0,0.3006088221617272,0.29574082380002287,0.30028929198727183,0.1769215059325097,-0.00031953017445535137,-0.11849978769305783
v5c0_corrected_v4b_075c,15.0,105.0,0.328125,0.2985014778311063,0.014491742239517293,0.0,0.3006088221617272,0.29574082380002287,0.30028929198727183,0.1769215059325097,-0.00031953017445535137,-0.11849978769305783
v4b_legacy_025c,15.0,105.0,0.3359375,0.27694268578831716,0.01395336449366586,0.0,0.27697387373281707,0.27473871786671406,0.27660167399586477,0.16747544627462854,-0.00037219973695229447,-0.10689107185513322
v5c0_corrected_v4b_075c,15.0,105.0,0.3359375,0.2750789959646516,0.01395336449366586,0.0,0.27697387373281707,0.27473871786671406,0.27660167399586477,0.16747544627462854,-0.00037219973695229447,-0.10689107185513322
v4b_legacy_025c,15.0,105.0,0.34375,0.2524526591834773,0.013379968136644759,0.0,0.2524468846456134,0.2528784654838445,0.2520210965970335,0.15938923028970967,-0.0004257880485799004,-0.09306344714555495
v5c0_corrected_v4b_075c,15.0,105.0,0.34375,0.2507816851774035,0.013379968136644759,0.0,0.2524468846456134,0.2528784654838445,0.2520210965970335,0.15938923028970967,-0.0004257880485799004,-0.09306344714555495
v4b_legacy_025c,15.0,105.0,0.3515625,0.22733422905821996,0.01277270385516666,0.0,0.22729459993837794,0.2303972413439404,0.22681532511983366,0.15251537753928446,-0.00047927481854428966,-0.07740258898611166
v5c0_corrected_v4b_075c,15.0,105.0,0.3515625,0.22586631389293288,0.01277270385516666,0.0,0.22729459993837794,0.2303972413439404,0.22681532511983366,0.15251537753928446,-0.00047927481854428966,-0.07740258898611166
v4b_legacy_025c,15.0,105.0,0.359375,0.20186312202301576,0.012132814796089821,0.0,0.2017933821464654,0.20754141982135602,0.20126179001919697,0.14648056078517147,-0.0005315921272684154,-0.060529266908916135
v5c0_corrected_v4b_075c,15.0,105.0,0.359375,0.20059713951059838,0.012132814796089821,0.0,0.2017933821464654,0.20754141982135602,0.20126179001919697,0.14648056078517147,-0.0005315921272684154,-0.060529266908916135
v4b_legacy_025c,15.0,105.0,0.3671875,0.17632079397837552,0.011461638542303434,0.0,0.1762252288930711,0.18456304943693855,0.17564357569300548,0.14063090908633102,-0.0005816532000656183,-0.043350487150541905
v5c0_corrected_v4b_075c,15.0,105.0,0.3671875,0.1752422731639576,0.011461638542303434,0.0,0.1762252288930711,0.18456304943693855,0.17564357569300548,0.14063090908633102,-0.0005816532000656183,-0.043350487150541905
v4b_legacy_025c,15.0,105.0,0.375,0.15099028935980613,0.01076060869637813,0.0,0.1508736169398545,0.1617161652792375,0.1502452334025903,0.13400122174442583,-0.0006283835372641877,-0.02708655999754747
v5c0_corrected_v4b_075c,15.0,105.0,0.375,0.1500704379494774,0.01076060869637813,0.0,0.1508736169398545,0.1617161652792375,0.1502452334025903,0.13400122174442583,-0.0006283835372641877,-0.02708655999754747
v4b_legacy_025c,15.0,105.0,0.3828125,0.1261520182463404,0.010031255955874245,0.0,0.12601926706397146,0.13925302193503655,0.12534851352829698,0.12532465373249585,-0.0006707535356744732,-0.01325761466686623
v5c0_corrected_v4b_075c,15.0,105.0,0.3828125,0.12534827418457825,0.010031255955874245,0.0,0.12601926706397146,0.13925302193503655,0.12534851352829698,0.12532465373249585,-0.0006707535356744732,-0.01325761466686623
v4b_legacy_025c,15.0,105.0,0.390625,0.10207955507684462,0.009275208559326755,0.0,0.10193593399269335,0.11742033881579034,0.10122812241559002,0.11309845549513697,-0.0007078115771033261,-0.0036140717435500375
v5c0_corrected_v4b_075c,15.0,105.0,0.390625,0.1013382222305715,0.009275208559326755,0.0,0.10193593399269335,0.11742033881579034,0.10122812241559002,0.11309845549513697,-0.0007078115771033261,-0.0036140717435500375
v4b_legacy_025c,15.0,105.0,0.3984375,0.07903556558312494,0.00849419197964698,0.0,0.07888632837361166,0.09645565219756952,0.07814761196211686,0.09571693577829635,-0.0007387164114947969,-7.778375166189733e-12
v5c0_corrected_v4b_075c,15.0,105.0,0.3984375,0.07829684917156407,0.00849419197964698,0.0,0.07888632837361166,0.09645565219756952,0.07814761196211686,0.09571693577829635,-0.0007387164114947969,-7.778375166189733e-12
v4b_legacy_025c,15.0,105.0,0.40625,0.05726796518739114,0.007690027742858805,0.0,0.057118274249477054,0.07658386565167881,0.05635550671179449,0.07582109811399625,-0.0007627675376825627,0.0
v5c0_corrected_v4b_075c,15.0,105.0,0.40625,0.05650519764970858,0.007690027742858805,0.0,0.057118274249477054,0.07658386565167881,0.05635550671179449,0.07582109811399625,-0.0007627675376825627,0.0
v4b_legacy_025c,15.0,105.0,0.4140625,0.03700640632875677,0.006864631255631856,0.0,0.03686119956728874,0.058014085434085136,0.03608176736769314,0.057234653234489535,-0.0007794321995956005,0.0
v5c0_corrected_v4b_075c,15.0,105.0,0.4140625,0.03622697412916116,0.006864631255631856,0.0,0.03686119956728874,0.058014085434085136,0.03608176736769314,0.057234653234489535,-0.0007794321995956005,0.0
v4b_legacy_025c,15.0,105.0,0.421875,0.018459185029010367,0.0060200085358736305,0.0,0.018323049931288537,0.04093682147506442,0.017534682342684838,0.040148453886460725,-0.0007883675886036987,6.938893903907228e-18
v5c0_corrected_v4b_075c,15.0,105.0,0.421875,0.017670817440406668,0.0060200085358736305,0.0,0.018323049931288537,0.04093682147506442,0.017534682342684838,0.040148453886460725,-0.0007883675886036987,6.938893903907228e-18
v4b_legacy_025c,15.0,105.0,0.4296875,0.0018106414541793948,0.005158251757466505,0.0,0.0016877000901912532,0.025521620916212535,0.0008982631970302058,0.02473218402305149,-0.0007894368931610474,1.3010426069826053e-18
v5c0_corrected_v4b_075c,15.0,105.0,0.4296875,0.0010212045610183476,0.005158251757466505,0.0,0.0016877000901912532,0.025521620916212535,0.0008982631970302058,0.02473218402305149,-0.0007894368931610474,1.3010426069826053e-18
v4b_legacy_025c,15.0,105.0,0.4375,-0.012780888932509761,0.004281533543614594,0.0,-0.012887080665868222,0.011915185222444944,-0.013669798648954588,0.011132467239358576,-0.0007827179830863663,-1.734723475976807e-18
v5c0_corrected_v4b_075c,15.0,105.0,0.4375,-0.013563606915596127,0.004281533543614594,0.0,-0.012887080665868222,0.011915185222444944,-0.013669798648954588,0.011132467239358576,-0.0007827179830863663,-1.734723475976807e-18
v4b_legacy_025c,15.0,105.0,0.4453125,-0.025184541113853647,0.003392099973357936,0.0,-0.025271077240772332,0.00024000073403771148,-0.026039581011333527,-0.0005285030365234802,-0.000768503770561195,3.2526065174565133e-18
v5c0_corrected_v4b_075c,15.0,105.0,0.4453125,-0.02595304488441484,0.003392099973357936,0.0,-0.025271077240772332,0.00024000073403771148,-0.026039581011333527,-0.0005285030365234802,-0.000768503770561195,3.2526065174565133e-18
v4b_legacy_025c,15.0,105.0,0.453125,-0.03529778314810269,0.002492262302271316,0.0,-0.035362472243606856,-0.009406498249529592,-0.03610976590040344,-0.010153791906326178,-0.0007472936567965854,0.0
v5c0_corrected_v4b_075c,15.0,105.0,0.453125,-0.036045076804899275,0.002492262302271316,0.0,-0.035362472243606856,-0.009406498249529592,-0.03610976590040344,-0.010153791906326178,-0.0007472936567965854,0.0
v4b_legacy_025c,15.0,105.0,0.4609375,-0.043046681938800686,0.0015843874402329575,-0.0,-0.04308809125636963,-0.016952238044317048,-0.04380786719906137,-0.017672013987008794,-0.000719775942691743,-3.469446951953614e-18
v5c0_corrected_v4b_075c,15.0,105.0,0.4609375,-0.04376645788149242,0.0015843874402329575,-0.0,-0.04308809125636963,-0.016952238044317048,-0.04380786719906137,-0.017672013987008794,-0.000719775942691743,-3.469446951953614e-18
v4b_legacy_025c,15.0,105.0,0.46875,-0.04838560585729577,0.000670887274793786,-0.0,-0.04840308432915386,-0.02235031434112353,-0.049089885957416216,-0.02303711596938588,-0.0006868016282623526,0.0
v5c0_corrected_v4b_075c,15.0,105.0,0.46875,-0.04907240748555811,0.000670887274793786,-0.0,-0.04840308432915386,-0.02235031434112353,-0.049089885957416216,-0.02303711596938588,-0.0006868016282623526,0.0
v4b_legacy_025c,15.0,105.0,0.4765625,-0.05128377128790495,0.00024579302418285056,-0.0,-0.051290091056741184,-0.025578340866734606,-0.05193944166440878,-0.0262276914744022,-0.0006493506076675967,3.469446951953614e-18
v5c0_corrected_v4b_075c,15.0,105.0,0.4765625,-0.05193312189557255,0.00024579302418285056,-0.0,-0.051290091056741184,-0.025578340866734606,-0.05193944166440878,-0.0262276914744022,-0.0006493506076675967,3.469446951953614e-18
v4b_legacy_025c,15.0,105.0,0.484375,-0.0517287354083129,0.0011631875371323562,-0.0,-0.05175795533142007,-0.02663739465278407,-0.052366447161287785,-0.027245886482651787,-0.0006084918298677119,-3.469446951953614e-18
v5c0_corrected_v4b_075c,15.0,105.0,0.484375,-0.05233722723818062,0.0011631875371323562,-0.0,-0.05175795533142007,-0.02663739465278407,-0.052366447161287785,-0.027245886482651787,-0.0006084918298677119,-3.469446951953614e-18
v4b_legacy_025c,15.0,105.0,0.4921875,-0.04978958297112402,0.0020788227418442355,-0.0,-0.04984007641874427,-0.02555063287751471,-0.050405415896834324,-0.026115972355604762,-0.0005653394780900517,0.0
v5c0_corrected_v4b_075c,15.0,105.0,0.4921875,-0.05035492244921407,0.0020788227418442355,-0.0,-0.04984007641874427,-0.02555063287751471,-0.050405415896834324,-0.026115972355604762,-0.0005653394780900517,0.0
v4b_legacy_025c,15.0,105.0,0.5,-0.04552301804031044,0.0029902310184826714,-0.0,-0.0455924835779713,-0.022361657186468986,-0.04611349114348407,-0.02288266475198176,-0.0005210075655127724,0.0
v5c0_corrected_v4b_075c,15.0,105.0,0.5,-0.04604402560582321,0.0029902310184826714,-0.0,-0.0455924835779713,-0.022361657186468986,-0.04611349114348407,-0.02288266475198176,-0.0005210075655127724,0.0
v4b_legacy_025c,15.0,105.0,0.5078125,-0.039006195672483104,0.0038949642329234187,-0.0,-0.03909172527064932,-0.017132705097048787,-0.03956829077404329,-0.01760927060044275,-0.00047656550339396364,0.0
v5c0_corrected_v4b_075c,15.0,105.0,0.5078125,-0.03948276117587706,0.0038949642329234187,-0.0,-0.03909172527064932,-0.017132705097048787,-0.03956829077404329,-0.01760927060044275,-0.00047656550339396364,0.0
v4b_legacy_025c,15.0,105.0,0.515625,-0.030334518876402837,0.004790607108254229,-0.0,-0.03043267801720965,-0.009942761272067226,-0.03086567516304975,-0.010375758417907324,-0.0004329971458400979,0.0
v5c0_corrected_v4b_075c,15.0,105.0,0.515625,-0.030767516022242935,0.004790607108254229,-0.0,-0.03043267801720965,-0.009942761272067226,-0.03086567516304975,-0.010375758417907324,-0.0004329971458400979,0.0
v4b_legacy_025c,15.0,105.0,0.5234375,-0.019619437547393058,0.005674790097635308,-0.0,-0.01972635454199841,-0.0008856586279936931,-0.020117520095711407,-0.001276824181706692,-0.00039116555371299794,-9.75781955236954e-19
v5c0_corrected_v4b_075c,15.0,105.0,0.5234375,-0.020010603101106056,0.005674790097635308,-0.0,-0.01972635454199841,-0.0008856586279936931,-0.020117520095711407,-0.001276824181706692,-0.00039116555371299794,-9.75781955236954e-19
v4b_legacy_025c,15.0,105.0,0.53125,-0.006986320780572374,0.006545198674898684,-0.0,-0.0070977825640230014,0.009931766726526766,-0.007449567841123522,0.009579981449426244,-0.00035178527710052077,-8.673617379884035e-19
v5c0_corrected_v4b_075c,15.0,105.0,0.53125,-0.007338106057672894,0.006545198674898684,-0.0,-0.0070977825640230014,0.009931766726526766,-0.007449567841123522,0.009579981449426244,-0.00035178527710052077,-8.673617379884035e-19
v4b_legacy_025c,15.0,105.0,0.5390625,0.007427518993421425,0.007399560831435038,-0.0,0.007315967434047735,0.02239139716763321,0.007000564051997153,0.02207599378558263,-0.00031540338205058183,8.673617379884035e-19
v5c0_corrected_v4b_075c,15.0,105.0,0.5390625,0.007112115611370844,0.007399560831435038,-0.0,0.007315967434047735,0.02239139716763321,0.007000564051997153,0.02207599378558263,-0.00031540338205058183,8.673617379884035e-19
v4b_legacy_025c,15.0,105.0,0.546875,0.02347465725965094,0.00823566148664165,-0.0,0.02336761157867651,0.03636543587585745,0.023085221771141334,0.03608304606832227,-0.0002823898075351751,-3.469446951953614e-18
v5c0_corrected_v4b_075c,15.0,105.0,0.546875,0.02319226745211576,0.00823566148664165,-0.0,0.02336761157867651,0.03636543587585745,0.023085221771141334,0.03608304606832227,-0.0002823898075351751,-3.469446951953614e-18
v4b_legacy_025c,15.0,105.0,0.5546875,0.040999134188378035,0.009051358948098772,-0.0,0.04090122958442298,0.05171779365137154,0.0406482925838751,0.05146485665082366,-0.0002529370005478829,6.938893903907228e-18
v5c0_corrected_v4b_075c,15.0,105.0,0.5546875,0.04074619718783016,0.009051358948098772,-0.0,0.04090122958442298,0.05171779365137154,0.0406482925838751,0.05146485665082366,-0.0002529370005478829,6.938893903907228e-18
v4b_legacy_025c,15.0,105.0,0.5625,0.059837811257492185,0.009844594017571241,-0.0,0.059753623595136994,0.06830528780850362,0.05952655539374603,0.06807821960711266,-0.00022706820139096334,6.938893903907228e-18
v5c0_corrected_v4b_075c,15.0,105.0,0.5625,0.059610743056101215,0.009844594017571241,-0.0,0.059753623595136994,0.06830528780850362,0.05952655539374603,0.06807821960711266,-0.00022706820139096334,6.938893903907228e-18
v4b_legacy_025c,15.0,105.0,0.5703125,0.07982144100633386,0.010613397756852631,-0.0,0.07975539168539864,0.08597859394808398,0.07955073840218882,0.08577394066487416,-0.0002046532832098158,0.0
v5c0_corrected_v4b_075c,15.0,105.0,0.5703125,0.07961678772312404,0.010613397756852631,-0.0,0.07975539168539864,0.08597859394808398,0.07955073840218882,0.08577394066487416,-0.0002046532832098158,0.0
v4b_legacy_025c,15.0,105.0,0.578125,0.10077574126383712,0.011355897864963596,-0.0,0.10073200744531412,0.10458320609495458,0.10054657672908307,0.10439777537872354,-0.000185430716231047,0.0
v5c0_corrected_v4b_075c,15.0,105.0,0.578125,0.10059031054760607,0.011355897864963596,-0.0,0.10073200744531412,0.10458320609495458,0.10054657672908307,0.10439777537872354,-0.000185430716231047,0.0
v4b_legacy_025c,15.0,105.0,0.5859375,0.12252240327019533,0.012070323665426142,-0.0,0.12250483480888069,0.12396034352609608,0.12233580077354399,0.12379130949075938,-0.00016903403533670425,0.0
v5c0_corrected_v4b_075c,15.0,105.0,0.5859375,0.12235336923485862,0.012070323665426142,-0.0,0.12250483480888069,0.12396034352609608,0.12233580077354399,0.12379130949075938,-0.00016903403533670425,0.0
v4b_legacy_025c,15.0,105.0,0.59375,0.1448798799312266,0.012755009744289747,-0.0,0.1448919238827629,0.14394767124966096,0.14473690275220352,0.1437926501191016,-0.00015502113055937405,2.7755575615628914e-17
v5c0_corrected_v4b_075c,15.0,105.0,0.59375,0.14472485880066724,0.012755009744289747,-0.0,0.1448919238827629,0.14394767124966096,0.14473690275220352,0.1437926501191016,-0.00015502113055937405,2.7755575615628914e-17
v4b_legacy_025c,15.0,105.0,0.6015625,0.16766403569198293,0.013408398314809451,-0.0,0.1677086691118625,0.16437990315252515,0.16756576437851975,0.16423699841918243,-0.0001429047333427469,2.7755575615628914e-17
v5c0_corrected_v4b_075c,15.0,105.0,0.6015625,0.16752113095864019,0.013408398314809451,-0.0,0.1677086691118625,0.16437990315252515,0.16756576437851975,0.16423699841918243,-0.0001429047333427469,2.7755575615628914e-17
v4b_legacy_025c,15.0,105.0,0.609375,0.1906886391707131,0.014029040412412945,-0.0,0.190768310560328,0.1850892771216321,0.1906361279501095,0.1849570945114136,-0.0001321826102184953,0.0
v5c0_corrected_v4b_075c,15.0,105.0,0.609375,0.1905564565604946,0.014029040412412945,-0.0,0.190768310560328,0.1850892771216321,0.1906361279501095,0.1849570945114136,-0.0001321826102184953,0.0
v4b_legacy_025c,15.0,105.0,0.6171875,0.21376512437849612,0.01461559604372213,-0.0,0.21388170235373596,0.20590542996011535,0.21375933618193468,0.20578306378831404,-0.0001223661718012803,-2.7755575615628914e-17
v5c0_corrected_v4b_075c,15.0,105.0,0.6171875,0.21364275820669484,0.01461559604372213,-0.0,0.21388170235373596,0.20590542996011535,0.21375933618193468,0.20578306378831404,-0.0001223661718012803,-2.7755575615628914e-17
v4b_legacy_025c,15.0,105.0,0.625,0.23670367929568298,0.015166833426302165,-0.0,0.2368584122197144,0.22665635357752822,0.23674540578690295,0.22654334714471677,-0.00011300643281145217,0.0
v5c0_corrected_v4b_075c,15.0,105.0,0.625,0.23659067286287153,0.015166833426302165,-0.0,0.2368584122197144,0.22665635357752822,0.23674540578690295,0.22654334714471677,-0.00011300643281145217,0.0
v4b_legacy_025c,15.0,105.0,0.6328125,0.25931547018601936,0.01568162746224734,-0.0,0.2595089605157554,0.24717029667478374,0.2594052440190189,0.24706658017804722,-0.00010371649673651673,0.0
v5c0_corrected_v4b_075c,15.0,105.0,0.6328125,0.25921175368928284,0.01568162746224734,-0.0,0.2595089605157554,0.24717029667478374,0.2594052440190189,0.24706658017804722,-0.00010371649673651673,0.0
v4b_legacy_025c,15.0,105.0,0.640625,0.281411719292028,0.016158957589643825,-0.0,0.2816444553169429,0.26724154450888227,0.2815502653462745,0.26718137462492814,-9.418997066840129e-05,3.402008671427037e-05
v5c0_corrected_v4b_075c,15.0,105.0,0.640625,0.281318079050498,0.016158957589643825,-0.0,0.2816444553169429,0.26724154450888227,0.2815502653462745,0.26718137462492814,-9.418997066840129e-05,3.402008671427037e-05
v4b_legacy_025c,15.0,105.0,0.6484375,0.30278535762927966,0.01659790515243208,-0.0,0.3030773163614041,0.28548722113895564,0.30299310143034575,0.28671700171087067,-8.421493105836841e-05,0.0013139955029733974
v5c0_corrected_v4b_075c,15.0,105.0,0.6484375,0.3027229522709504,0.01659790515243208,-0.0,0.3030773163614041,0.28548722113895564,0.30299310143034575,0.28671700171087067,-8.421493105836841e-05,0.0013139955029733974
v4b_legacy_025c,15.0,105.0,0.65625,0.3232480180351056,0.016997650422274854,-0.0,0.32362222118293993,0.30160722860820327,0.32354853792947563,0.30550426765995486,-7.368325346429616e-05,0.00397072230521589
v5c0_corrected_v4b_075c,15.0,105.0,0.65625,0.3232418277313093,0.016997650422274854,-0.0,0.32362222118293993,0.30160722860820327,0.32354853792947563,0.30550426765995486,-7.368325346429616e-05,0.00397072230521589
v4b_legacy_025c,15.0,105.0,0.6640625,0.34262714617467094,0.01735746939668987,-0.0,0.3430971804816242,0.3160175240979068,0.3430345851953235,0.3233765098342811,-6.259528630070399e-05,0.007421581022675039
v5c0_corrected_v4b_075c,15.0,105.0,0.6640625,0.34269337075384637,0.01735746939668987,-0.0,0.3430971804816242,0.3160175240979068,0.3430345851953235,0.3233765098342811,-6.259528630070399e-05,0.007421581022675039
v4b_legacy_025c,15.0,105.0,0.671875,0.36075418207852594,0.01767673048677762,-0.0,0.36132475697740835,0.3290464519306036,0.36127369698726125,0.3401707260959123,-5.105999014709539e-05,0.011175334155455796
v5c0_corrected_v4b_075c,15.0,105.0,0.671875,0.36090066545834454,0.01767673048677762,-0.0,0.36132475697740835,0.3290464519306036,0.36127369698726125,0.3401707260959123,-5.105999014709539e-05,0.011175334155455796
v4b_legacy_025c,15.0,105.0,0.6796875,0.37746554212154754,0.017954891196068485,-0.0,0.37813342819305945,0.34093542658901016,0.37809413741112197,0.3557288373320293,-3.9290781937484365e-05,0.014832701524956637
v5c0_corrected_v4b_075c,15.0,105.0,0.6796875,0.37769257088163444,0.017954891196068485,-0.0,0.37813342819305945,0.34093542658901016,0.37809413741112197,0.3557288373320293,-3.9290781937484365e-05,0.014832701524956637
v4b_legacy_025c,15.0,105.0,0.6875,0.39260390771025727,0.018191494879888224,-0.0,0.3933591067896807,0.35184525185858506,0.3933315093698894,0.3689528816213885,-2.7597419791303146e-05,0.017135227182594748
v5c0_corrected_v4b_075c,15.0,105.0,0.6875,0.39288802568802383,0.018191494879888224,-0.0,0.3933591067896807,0.35184525185858506,0.3933315093698894,0.3689528816213885,-2.7597419791303146e-05,0.017135227182594748
v4b_legacy_025c,15.0,105.0,0.6953125,0.40601974179947037,0.018386167662616526,-0.0,0.4068467786275782,0.36186530977099973,0.40683040428554507,0.37626930631479666,-1.6374342033109723e-05,0.014420370885830036
v5c0_corrected_v4b_075c,15.0,105.0,0.6953125,0.4062685028143012,0.018386167662616526,-0.0,0.4068467786275782,0.36186530977099973,0.40683040428554507,0.37626930631479666,-1.6374342033109723e-05,0.014420370885830036
v4b_legacy_025c,15.0,105.0,0.703125,0.4175730112963525,0.018538615578585743,-0.0,0.41845227347361935,0.37102358746739306,0.4184461875379282,0.37807367374900885,-6.0859356911247e-06,0.007056172217306922
v5c0_corrected_v4b_075c,15.0,105.0,0.703125,0.4176977370248543,0.018538615578585743,-0.0,0.41845227347361935,0.37102358746739306,0.4184461875379282,0.37807367374900885,-6.0859356911247e-06,0.007056172217306922
v4b_legacy_025c,15.0,105.0,0.7109375,0.42713505251322914,0.01864862199132756,-0.0,0.4280441362929816,0.3792960958117466,0.42804688703527577,0.375228774887292,2.750742294166386e-06,-0.004070071666748776
v5c0_corrected_v4b_075c,15.0,105.0,0.7109375,0.42706190202753247,0.01864862199132756,-0.0,0.4280441362929816,0.3792960958117466,0.42804688703527577,0.375228774887292,2.750742294166386e-06,-0.004070071666748776
v4b_legacy_025c,15.0,105.0,0.71875,0.4345905099147508,0.018716045335529168,-0.0,0.4355055525116245,0.3866147435576263,0.4355151377435577,0.3685862401002052,9.585231933229021e-06,-0.01803808868935436
v5c0_corrected_v4b_075c,15.0,105.0,0.71875,0.43426249346100776,0.018716045335529168,-0.0,0.4355055525116245,0.3866147435576263,0.4355151377435577,0.3685862401002052,9.585231933229021e-06,-0.01803808868935436
v4b_legacy_025c,15.0,105.0,0.7265625,0.4398393199422402,0.0187408172164444,-0.0,0.44073631428366555,0.39287317517582143,0.4407501686241649,0.3589477296886958,1.3854340499330764e-05,-0.03393929982762495
v5c0_corrected_v4b_075c,15.0,105.0,0.7265625,0.4392171240682159,0.0187408172164444,-0.0,0.44073631428366555,0.39287317517582143,0.4407501686241649,0.3589477296886958,1.3854340499330764e-05,-0.03393929982762495
v4b_legacy_025c,15.0,105.0,0.734375,0.44279867026578623,0.01872294089260417,-0.0,0.4436547657508188,0.3979303525860728,0.44366976936668284,0.34703805945138233,1.5003615864039865e-05,-0.0509072967505545
v5c0_corrected_v4b_075c,15.0,105.0,0.734375,0.4418605395735874,0.01872294089260417,-0.0,0.4436547657508188,0.3979303525860728,0.44366976936668284,0.34703805945138233,1.5003615864039865e-05,-0.0509072967505545
v4b_legacy_025c,15.0,105.0,0.7421875,0.4434048968372478,0.01866249015943137,-0.0,0.44419969047811697,0.40161193106984167,0.44421219949374724,0.3334891098853006,1.2509015630268738e-05,-0.06813533020017132
v5c0_corrected_v4b_075c,15.0,105.0,0.7421875,0.4421458309235078,0.01866249015943137,-0.0,0.44419969047811697,0.40161193106984167,0.44421219949374724,0.3334891098853006,1.2509015630268738e-05,-0.06813533020017132
v4b_legacy_025c,15.0,105.0,0.75,0.44161526454869654,0.018559608643706073,-0.0,0.44233208144818476,0.40370966686772747,0.44233797961488913,0.3188333492220825,5.898166704376706e-06,-0.08488221581234934
v5c0_corrected_v4b_075c,15.0,105.0,0.75,0.4400457820091131,0.018559608643706073,-0.0,0.44233208144818476,0.40370966686772747,0.44233797961488913,0.3188333492220825,5.898166704376706e-06,-0.08488221581234934
v4b_legacy_025c,15.0,105.0,0.7578125,0.43740959751098574,0.01841450951164911,-0.0,0.43803674860976755,0.4039793061139419,0.4380315192301501,0.30350581819006334,-5.229379617444074e-06,-0.10046825854426111
v5c0_corrected_v4b_075c,15.0,105.0,0.7578125,0.4355542944287862,0.01841450951164911,-0.0,0.43803674860976755,0.4039793061139419,0.4380315192301501,0.30350581819006334,-5.229379617444074e-06,-0.10046825854426111
v4b_legacy_025c,15.0,105.0,0.765625,0.4307917002040987,0.018227475586583143,-0.0,0.4313236889436869,0.40213759912772745,0.4313025054707447,0.28785332607746117,-2.1183472942165604e-05,-0.11426308957732412
v5c0_corrected_v4b_075c,15.0,105.0,0.765625,0.42868778905543825,0.018227475586583143,-0.0,0.4313236889436869,0.40213759912772745,0.4313025054707447,0.28785332607746117,-2.1183472942165604e-05,-0.11426308957732412
v4b_legacy_025c,15.0,105.0,0.7734375,0.4217905449063948,0.017998859865573254,-0.0,0.4222291736089166,0.39785936875473343,0.4221870067913453,0.2721494278777476,-4.216681757129859e-05,-0.12566777405941454
v5c0_corrected_v4b_075c,15.0,105.0,0.7734375,0.4194865014339096,0.017998859865573254,-0.0,0.4222291736089166,0.39785936875473343,0.4221870067913453,0.2721494278777476,-4.216681757129859e-05,-0.12566777405941454
v4b_legacy_025c,15.0,105.0,0.78125,0.4104612071687125,0.017729086418023444,-0.0,0.41081650936632264,0.3907758716688842,0.41074824830010864,0.25661339737877714,-6.826106621399264e-05,-0.1340942132238931
v5c0_corrected_v4b_075c,15.0,105.0,0.78125,0.4080155782080952,0.017729086418023444,-0.0,0.41081650936632264,0.3907758716688842,0.41074824830010864,0.25661339737877714,-6.826106621399264e-05,-0.1340942132238931
v4b_legacy_025c,15.0,105.0,0.7890625,0.39688550172655196,0.017418651642792875,-0.0,0.3971763999732766,0.3804760116372482,0.3970769839540446,0.24143089137193657,-9.941601923196819e-05,-0.13894570424607966
v5c0_corrected_v4b_075c,15.0,105.0,0.7890625,0.394365838887795,0.017418651642792875,-0.0,0.3971763999732766,0.3804760116372482,0.3970769839540446,0.24143089137193657,-9.941601923196819e-05,-0.13894570424607966
v4b_legacy_025c,15.0,105.0,0.796875,0.3811792713993979,0.017068125853884158,-0.0,0.381426877015975,0.36691997574885515,0.3812914346761506,0.2267734789072473,-0.00013544233982437648,-0.14001105450178347
v5c0_corrected_v4b_075c,15.0,105.0,0.796875,0.37865410276040207,0.017068125853884158,-0.0,0.381426877015975,0.36691997574885515,0.3812914346761506,0.2267734789072473,-0.00013544233982437648,-0.14001105450178347
v4b_legacy_025c,15.0,105.0,0.8046875,0.3635079164190357,0.01667815515804115,-0.0,0.3637127662722922,0.3514302415376664,0.363536758141461,0.21281369359209076,-0.0001760081308311845,-0.13844053981474444
v5c0_corrected_v4b_075c,15.0,105.0,0.8046875,0.36102297548501117,0.01667815515804115,-0.0,0.3637127662722922,0.3514302415376664,0.363536758141461,0.21281369359209076,-0.0001760081308311845,-0.13844053981474444
v4b_legacy_025c,15.0,105.0,0.8125,0.3440434855242686,0.016249463580588333,-0.0,0.34420465260502175,0.33428635099747617,0.34398401296077535,0.19973195003191654,-0.00022063964424640092,-0.13433376132131322
v5c0_corrected_v4b_075c,15.0,105.0,0.8125,0.34163999431778813,0.016249463580588333,-0.0,0.34420465260502175,0.33428635099747617,0.34398401296077535,0.19973195003191654,-0.00022063964424640092,-0.13433376132131322
v4b_legacy_025c,15.0,105.0,0.8203125,0.32297996773179505,0.015782855388478626,-0.0,0.32309736301704906,0.3156592105177438,0.3228286367071799,0.18771180583468225,-0.0002687263098691828,-0.12767867837319238
v5c0_corrected_v4b_075c,15.0,105.0,0.8203125,0.3206961073049697,0.015782855388478626,-0.0,0.32309736301704906,0.3156592105177438,0.3228286367071799,0.18771180583468225,-0.0002687263098691828,-0.12767867837319238
v4b_legacy_025c,15.0,105.0,0.828125,0.30053354034562596,0.015279217551753568,-0.0,0.30060791845397855,0.2957399919321723,0.30028838827952314,0.1769206740646644,-0.0003195301744554069,-0.1184997876930525
v5c0_corrected_v4b_075c,15.0,105.0,0.828125,0.29840342613517173,0.015279217551753568,-0.0,0.30060791845397855,0.2957399919321723,0.30028838827952314,0.1769206740646644,-0.0003195301744554069,-0.1184997876930525
v4b_legacy_025c,15.0,105.0,0.8359375,0.2769400786160909,0.014739522276457723,-0.0,0.2769730227486377,0.27473793453282314,0.2766008230116855,0.16747466294073995,-0.00037219973695223896,-0.10689107185513094
v5c0_corrected_v4b_075c,15.0,105.0,0.8359375,0.2749923555443755,0.014739522276457723,-0.0,0.2769730227486377,0.27473793453282314,0.2766008230116855,0.16747466294073995,-0.00037219973695223896,-0.10689107185513094
v4b_legacy_025c,15.0,105.0,0.84375,0.25245220069549607,0.0141648295335387,-0.0,0.25244608652770734,0.25287773081782855,0.2520202984791275,0.1593884956237,-0.00042578804857984487,-0.0930634471455487
v5c0_corrected_v4b_075c,15.0,105.0,0.84375,0.250708184782296,0.0141648295335387,-0.0,0.25244608652770734,0.25287773081782855,0.2520202984791275,0.1593884956237,-0.00042578804857984487,-0.0930634471455487
v4b_legacy_025c,15.0,105.0,0.8515625,0.22733591568572467,0.013556289499519196,-0.0,0.2272938545771646,0.23039655525064492,0.22681457975862027,0.15251469144598134,-0.00047927481854434517,-0.07740258898611924
v5c0_corrected_v4b_075c,15.0,105.0,0.8515625,0.2258073489628722,0.013556289499519196,-0.0,0.2272938545771646,0.23039655525064492,0.22681457975862027,0.15251469144598134,-0.00047927481854434517,-0.07740258898611924
v4b_legacy_025c,15.0,105.0,0.859375,0.20186692664410216,0.012915144815943575,-0.0,0.2017926891932392,0.20754078198824283,0.20126109706597078,0.14647992295205126,-0.0005315921272684154,-0.06052926690892316
v5c0_corrected_v4b_075c,15.0,105.0,0.859375,0.20055359026910208,0.012915144815943575,-0.0,0.2017926891932392,0.20754078198824283,0.20126109706597078,0.14647992295205126,-0.0005315921272684154,-0.06052926690892316
v4b_legacy_025c,15.0,105.0,0.8671875,0.17632666610610964,0.012242732566068558,-0.0,0.17622458777427674,0.18456245934682175,0.17564293457421115,0.14063031899622194,-0.0005816532000655905,-0.04335048715053422
v5c0_corrected_v4b_075c,15.0,105.0,0.8671875,0.17521428448525125,0.012242732566068558,-0.0,0.17622458777427674,0.18456245934682175,0.17564293457421115,0.14063031899622194,-0.0005816532000655905,-0.04335048715053422
v4b_legacy_025c,15.0,105.0,0.875,0.15099815569304137,0.011540485859388213,-0.0,0.15087302687471124,0.16171562222595623,0.15024464333744705,0.13400067869114604,-0.0006283835372641877,-0.027086559997546
v5c0_corrected_v4b_075c,15.0,105.0,0.875,0.150057180093146,0.011540485859388213,-0.0,0.15087302687471124,0.16171562222595623,0.15024464333744705,0.13400067869114604,-0.0006283835372641877,-0.027086559997546
v4b_legacy_025c,15.0,105.0,0.8828125,0.12616178357669502,0.010809934907880837,-0.0,0.12601872708219478,0.1392525250392905,0.12534797354652036,0.12532415683675255,-0.0006707535356744176,-0.013257614666863538
v5c0_corrected_v4b_075c,15.0,105.0,0.8828125,0.12534771608943804,0.010809934907880837,-0.0,0.12601872708219478,0.1392525250392905,0.12534797354652036,0.12532415683675255,-0.0006707535356744176,-0.013257614666863538
v4b_legacy_025c,15.0,105.0,0.890625,0.10209110354112413,0.010052707472989489,-0.0,0.10193544295432033,0.11741988704284619,0.10122763137721699,0.11309800372219292,-0.00070781157710334,-0.0036140717435499264
v5c0_corrected_v4b_075c,15.0,105.0,0.890625,0.1013469607579965,0.010052707472989489,-0.0,0.10193544295432033,0.11741988704284619,0.10122763137721699,0.11309800372219292,-0.00070781157710334,-0.0036140717435499264
v4b_legacy_025c,15.0,105.0,0.8984375,0.07904876223765626,0.00927052856006684,-0.0,0.07888588498968561,0.09645524437575753,0.07814716857819065,0.09571652795648418,-0.0007387164114949635,-7.77838904397754e-12
v5c0_corrected_v4b_075c,15.0,105.0,0.8984375,0.0783100458260892,0.00927052856006684,-0.0,0.07888588498968561,0.09645524437575753,0.07814716857819065,0.09571652795648418,-0.0007387164114949635,-7.77838904397754e-12
v4b_legacy_025c,15.0,105.0,0.90625,0.05728265787234198,0.008465219238190153,-0.0,0.057117877102752734,0.07658350049096323,0.056355109565070186,0.07582073295328068,-0.0007627675376825488,0.0
v5c0_corrected_v4b_075c,15.0,105.0,0.90625,0.056519890334659435,0.008465219238190153,-0.0,0.057117877102752734,0.07658350049096323,0.056355109565070186,0.07582073295328068,-0.0007627675376825488,0.0
v4b_legacy_025c,15.0,105.0,0.9140625,0.03702242778411663,0.0076386944687943156,-0.0,0.03686084713380177,0.058013761545412976,0.0360814149342063,0.057234329345817514,-0.0007794321995954687,6.938893903907228e-18
v5c0_corrected_v4b_075c,15.0,105.0,0.9140625,0.036242995584521154,0.0076386944687943156,-0.0,0.03686084713380177,0.058013761545412976,0.0360814149342063,0.057234329345817514,-0.0007794321995954687,6.938893903907228e-18
v4b_legacy_025c,15.0,105.0,0.921875,0.018476355214267895,0.006792959837367902,-0.0,0.01832274060091689,0.04093653738887582,0.017534373012313177,0.04014816980027211,-0.0007883675886037125,0.0
v5c0_corrected_v4b_075c,15.0,105.0,0.921875,0.017687987625664182,0.006792959837367902,-0.0,0.01832274060091689,0.04093653738887582,0.017534373012313177,0.04014816980027211,-0.0007883675886037125,0.0
v4b_legacy_025c,15.0,105.0,0.9296875,0.001828770021271803,0.005930107099278729,-0.0,0.0016874321871951459,0.02552137510094927,0.0008979952940340986,0.024731938207788223,-0.0007894368931610473,1.1926223897340549e-18
v5c0_corrected_v4b_075c,15.0,105.0,0.9296875,0.0010393331281107559,0.005930107099278729,-0.0,0.0016874321871951459,0.02552137510094927,0.0008979952940340986,0.024731938207788223,-0.0007894368931610473,1.1926223897340549e-18
v4b_legacy_025c,15.0,105.0,0.9375,-0.012762000069159615,0.005052308474172307,-0.0,-0.012887308863669936,0.0119149761018874,-0.013670026846756302,0.011132258118801032,-0.0007827179830863663,-1.734723475976807e-18
v5c0_corrected_v4b_075c,15.0,105.0,0.9375,-0.013544718052245983,0.005052308474172307,-0.0,-0.012887308863669936,0.0119149761018874,-0.013670026846756302,0.011132258118801032,-0.0007827179830863663,-1.734723475976807e-18
v4b_legacy_025c,15.0,105.0,0.9453125,-0.025165095165820144,0.004161809653477489,-0.0,-0.025271267483880904,0.00023982670372703683,-0.026039771254442096,-0.0005286770668341549,-0.0007685037705611915,-2.168404344971009e-19
v5c0_corrected_v4b_075c,15.0,105.0,0.9453125,-0.02593359893638134,0.004161809653477489,-0.0,-0.025271267483880904,0.00023982670372703683,-0.026039771254442096,-0.0005286770668341549,-0.0007685037705611915,-2.168404344971009e-19
v4b_legacy_025c,15.0,105.0,0.953125,-0.035277985856171375,0.003260921522012464,-0.0,-0.03536262629439302,-0.00940663880733182,-0.036109919951189534,-0.010153932464128336,-0.000747293656796516,0.0
v5c0_corrected_v4b_075c,15.0,105.0,0.953125,-0.03602527951296789,0.003260921522012464,-0.0,-0.03536262629439302,-0.00940663880733182,-0.036109919951189534,-0.010153932464128336,-0.000747293656796516,0.0
v4b_legacy_025c,15.0,105.0,0.9609375,-0.04302673904382916,0.002352010636551954,0.0,-0.043088210874251694,-0.01695234674710152,-0.04380798681694344,-0.017672122689793266,-0.000719775942691743,-3.469446951953614e-18
v5c0_corrected_v4b_075c,15.0,105.0,0.9609375,-0.0437465149865209,0.002352010636551954,0.0,-0.043088210874251694,-0.01695234674710152,-0.04380798681694344,-0.017672122689793266,-0.000719775942691743,-3.469446951953614e-18
v4b_legacy_025c,15.0,105.0,0.96875,-0.04836572068703862,0.0014374885498627604,0.0,-0.04840317125777188,-0.022350392794367707,-0.049089972886034235,-0.02303719442263006,-0.0006868016282623526,0.0
v5c0_corrected_v4b_075c,15.0,105.0,0.96875,-0.04905252231530098,0.0014374885498627604,0.0,-0.04840317125777188,-0.022350392794367707,-0.049089972886034235,-0.02303719442263006,-0.0006868016282623526,0.0
v4b_legacy_025c,15.0,105.0,0.9765625,-0.05127678203911582,0.0005198001158558117,0.0,-0.051290147013050194,-0.025578390653841532,-0.05193949762071776,-0.026227741261509105,-0.000649350607667569,-3.469446951953614e-18
v5c0_corrected_v4b_075c,15.0,105.0,0.9765625,-0.051926132646783384,0.0005198001158558117,0.0,-0.051290147013050194,-0.025578390653841532,-0.05193949762071776,-0.026227741261509105,-0.000649350607667569,-3.469446951953614e-18
v4b_legacy_025c,15.0,105.0,0.984375,-0.05174796921505097,0.0003985890426854646,0.0,-0.0517579819968745,-0.026637417326880568,-0.05236647382674221,-0.02724590915674828,-0.0006084918298677119,0.0
v5c0_corrected_v4b_075c,15.0,105.0,0.984375,-0.05235646104491869,0.0003985890426854646,0.0,-0.0517579819968745,-0.026637417326880568,-0.05236647382674221,-0.02724590915674828,-0.0006084918298677119,0.0
v4b_legacy_025c,15.0,105.0,0.9921875,-0.049808129815748614,0.0013152056810085914,0.0,-0.04984007543242909,-0.02555062995499109,-0.05040541491051914,-0.026115969433081143,-0.0005653394780900517,0.0
v5c0_corrected_v4b_075c,15.0,105.0,0.9921875,-0.050373469293838666,0.0013152056810085914,0.0,-0.04984007543242909,-0.02555062995499109,-0.05040541491051914,-0.026115969433081143,-0.0005653394780900517,0.0
v4b_legacy_025c,25.0,45.0,0.0,-0.18449030647861872,0.017364613449051262,0.05202603581230472,-0.2311127212899729,-0.4902724781706687,-0.22472142498879943,-0.2513615105105871,0.006391296301173466,0.23251967135890816
v5c0_corrected_v4b_075c,25.0,45.0,0.0,-0.1740613959649974,0.017364613449051262,0.05202603581230472,-0.2311127212899729,-0.4902724781706687,-0.22472142498879943,-0.2513615105105871,0.006391296301173466,0.23251967135890816
v4b_legacy_025c,25.0,45.0,0.0078125,-0.14912392981982195,0.017693651661766622,0.0419743131945295,-0.18497164784349562,-0.48925684557256394,-0.17824681183030175,-0.2480889666082809,0.0067248360131938745,0.23444304295108917
v5c0_corrected_v4b_075c,25.0,45.0,0.0078125,-0.13825094027012688,0.017693651661766622,0.0419743131945295,-0.18497164784349562,-0.48925684557256394,-0.17824681183030175,-0.2480889666082809,0.0067248360131938745,0.23444304295108917
v4b_legacy_025c,25.0,45.0,0.015625,-0.12552609291245498,0.0179786499230778,0.016620012789616345,-0.1355204061456916,-0.48743193408510505,-0.12849518279192457,-0.23757145742059893,0.0070252233537670405,0.24283525331073907
v5c0_corrected_v4b_075c,25.0,45.0,0.015625,-0.11413501955043223,0.0179786499230778,0.016620012789616345,-0.1355204061456916,-0.48743193408510505,-0.12849518279192457,-0.23757145742059893,0.0070252233537670405,0.24283525331073907
v4b_legacy_025c,25.0,45.0,0.0234375,-0.10992489716395958,0.018218631279193858,-0.019836820679327266,-0.08313322413829534,-0.48471399911124674,-0.07584499817843067,-0.21147913985681568,0.007288225959864669,0.26594663329456636
v5c0_corrected_v4b_075c,25.0,45.0,0.0234375,-0.09779148755215822,0.018218631279193858,-0.019836820679327266,-0.08313322413829534,-0.48471399911124674,-0.07584499817843067,-0.21147913985681568,0.007288225959864669,0.26594663329456636
v4b_legacy_025c,25.0,45.0,0.03125,-0.09216297393142074,0.01841275095253974,-0.056639799963367404,-0.0282300468396429,-0.48096096578946845,-0.020720096576410732,-0.17777344211712398,0.007509950263232167,0.2956775734091123
v5c0_corrected_v4b_075c,25.0,45.0,0.03125,-0.0792087861467553,0.01841275095253974,-0.056639799963367404,-0.0282300468396429,-0.48096096578946845,-0.020720096576410732,-0.17777344211712398,0.007509950263232167,0.2956775734091123
v4b_legacy_025c,25.0,45.0,0.0390625,-0.06917178290216905,0.018560304798181482,-0.09020259294426783,0.0287240941770454,-0.4759805351616033,0.03641103134809541,-0.14250603187296612,0.007686937171050009,0.3257875661175872
v5c0_corrected_v4b_075c,25.0,45.0,0.0390625,-0.05543812920451892,0.018560304798181482,-0.09020259294426783,0.0287240941770454,-0.4759805351616033,0.03641103134809541,-0.14250603187296612,0.007686937171050009,0.3257875661175872
v4b_legacy_025c,25.0,45.0,0.046875,-0.038074533119661504,0.018660736534535954,-0.11709088343452723,0.08722095668709898,-0.4695420885106445,0.09503720602588805,-0.10593163712498027,0.007816249338789077,0.3557942020468752
v5c0_corrected_v4b_075c,25.0,45.0,0.046875,-0.023618901915960232,0.018660736534535954,-0.11709088343452723,0.08722095668709898,-0.4695420885106445,0.09503720602588805,-0.10593163712498027,0.007816249338789077,0.3557942020468752
v4b_legacy_025c,25.0,45.0,0.0546875,-0.0033726460431377676,0.018713643583509854,-0.14135009816771818,0.14671211798519268,-0.4613918660109971,0.1546076650138164,-0.0683136392617157,0.007895547028623717,0.3851826797206577
v5c0_corrected_v4b_075c,25.0,45.0,0.0546875,0.011731072368319566,0.018713643583509854,-0.14135009816771818,0.14671211798519268,-0.4613918660109971,0.1546076650138164,-0.0683136392617157,0.007895547028623717,0.3851826797206577
v4b_legacy_025c,25.0,45.0,0.0625,0.038977460816426585,0.0187187814019748,-0.15828406211637666,0.20661342069129865,-0.45127035134576743,0.21453657092356043,-0.02992525251518651,0.007923150232261783,0.41342194859831916
v5c0_corrected_v4b_075c,25.0,45.0,0.0625,0.05463936613127876,0.0187187814019748,-0.15828406211637666,0.20661342069129865,-0.45127035134576743,0.21453657092356043,-0.02992525251518651,0.007923150232261783,0.41342194859831916
v4b_legacy_025c,25.0,45.0,0.0703125,0.08720075169466324,0.01867606623556999,-0.16909687475757856,0.26631070185029454,-0.43893095156426265,0.2742087872825859,0.008948852774559713,0.007898085432291369,0.439981718906531
v5c0_corrected_v4b_075c,25.0,45.0,0.0703125,0.1033159648516929,0.01867606623556999,-0.16909687475757856,0.26631070185029454,-0.43893095156426265,0.2742087872825859,0.008948852774559713,0.007898085432291369,0.439981718906531
v4b_legacy_025c,25.0,45.0,0.078125,0.13194811265148956,0.018585576274247353,-0.18268748335515272,0.32516689299994145,-0.4241587638452409,0.3329870090315912,0.048010858025828954,0.007820116031649726,0.46434950583942014
v5c0_corrected_v4b_075c,25.0,45.0,0.078125,0.14839843184182688,0.018585576274247353,-0.18268748335515272,0.32516689299994145,-0.4241587638452409,0.3329870090315912,0.048010858025828954,0.007820116031649726,0.46434950583942014
v4b_legacy_025c,25.0,45.0,0.0859375,0.18366937445715603,0.01844755123416014,-0.1877636857971947,0.3825302776051169,-0.40678844440831713,0.3902200336728684,0.08694824535568735,0.007689756067751519,0.48604693369625296
v5c0_corrected_v4b_075c,25.0,45.0,0.0859375,0.20032550623647563,0.01844755123416014,-0.1877636857971947,0.3825302776051169,-0.40678844440831713,0.3902200336728684,0.08694824535568735,0.007689756067751519,0.48604693369625296
v4b_legacy_025c,25.0,45.0,0.09375,0.2331031515039588,0.01826239043045359,-0.1931107088327373,0.4377438796515858,-0.3867200662504179,0.44525214698710647,0.12543282129037392,0.00750826733552068,0.5046446202052711
v5c0_corrected_v4b_075c,25.0,45.0,0.09375,0.24982743592229611,0.01826239043045359,-0.1931107088327373,0.4377438796515858,-0.3867200662504179,0.44525214698710647,0.12543282129037392,0.00750826733552068,0.5046446202052711
v4b_legacy_025c,25.0,45.0,0.1015625,0.27940594658673684,0.01803064943891988,-0.19893697769726063,0.4901557202247605,-0.3639321426793665,0.49743336069929367,0.1631205778142573,0.007277640474533165,0.5197750800190907
v5c0_corrected_v4b_075c,25.0,45.0,0.1015625,0.2960554693161808,0.01803064943891988,-0.19893697769726063,0.4901557202247605,-0.3639321426793665,0.49743336069929367,0.1631205778142573,0.007277640474533165,0.5197750800190907
v4b_legacy_025c,25.0,45.0,0.109375,0.3253088284010427,0.01775303547066192,-0.2018234481353394,0.5391297313424488,-0.3384910938607916,0.5461302922819036,0.19965268517542986,0.007000560939454781,0.5311432180967667
v5c0_corrected_v4b_075c,25.0,45.0,0.109375,0.3417387937313709,0.01775303547066192,-0.2018234481353394,0.5391297313424488,-0.3384910938607916,0.5461302922819036,0.19965268517542986,0.007000560939454781,0.5311432180967667
v4b_legacy_025c,25.0,45.0,0.1171875,0.368344103011034,0.0174304016027854,-0.2036695122579416,0.5840570500915111,-0.31055665823193745,0.5907374111730583,0.23465782234681212,0.006680361081547237,0.5385341194972023
v5c0_corrected_v4b_075c,25.0,45.0,0.1171875,0.3844113300722199,0.0174304016027854,-0.2036695122579416,0.5840570500915111,-0.31055665823193745,0.5907374111730583,0.23465782234681212,0.006680361081547237,0.5385341194972023
v4b_legacy_025c,25.0,45.0,0.125,0.40741848234766725,0.01706374002008741,-0.20500864442493608,0.6243673375763507,-0.2803830275787064,0.6306882974084794,0.26775590749803674,0.00632095983212877,0.5418179752446144
v5c0_corrected_v4b_075c,25.0,45.0,0.125,0.42298488324758027,0.01706374002008741,-0.20500864442493608,0.6243673375763507,-0.2803830275787064,0.6306882974084794,0.26775590749803674,0.00632095983212877,0.5418179752446144
v4b_legacy_025c,25.0,45.0,0.1328125,0.44371683747038887,0.016654174428443056,-0.20410257284683803,0.6595398337764286,-0.2483156335510128,0.6654666254787702,0.2985632676183035,0.005926791702341672,0.5409521094669746
v5c0_corrected_v4b_075c,25.0,45.0,0.1328125,0.4586527399612278,0.016654174428443056,-0.20410257284683803,0.6595398337764286,-0.2483156335510128,0.6654666254787702,0.2985632676183035,0.005926791702341672,0.5409521094669746
v4b_legacy_025c,25.0,45.0,0.140625,0.4757559880091913,0.01620295180101938,-0.2019847214453988,0.6891137696994795,-0.21478381210348949,0.6946164966984848,0.32669910230921523,0.005502726999005336,0.5359801874136993
v5c0_corrected_v4b_075c,25.0,45.0,0.140625,0.4899431761511622,0.01620295180101938,-0.2019847214453988,0.6891137696994795,-0.21478381210348949,0.6946164966984848,0.32669910230921523,0.005502726999005336,0.5359801874136993
v4b_legacy_025c,25.0,45.0,0.1484375,0.5029589792057647,0.01571143361456273,-0.19883267961975512,0.7126978269022044,-0.1802897175273257,0.7177518122037276,0.35179305243931935,0.005053985301523234,0.5270287846651218
v5c0_corrected_v4b_075c,25.0,45.0,0.1484375,0.5162933422705176,0.01571143361456273,-0.19883267961975512,0.7126978269022044,-0.1802897175273257,0.7177518122037276,0.35179305243931935,0.005053985301523234,0.5270287846651218
v4b_legacy_025c,25.0,45.0,0.15625,0.5268358769305739,0.015181086725800595,-0.19277991843854406,0.7299782907294367,-0.1453940894666338,0.734564335074742,0.37349353784486966,0.004586044345305296,0.5143015829661982
v5c0_corrected_v4b_075c,25.0,45.0,0.15625,0.5392295782101055,0.015181086725800595,-0.19277991843854406,0.7299782907294367,-0.1453940894666338,0.734564335074742,0.37349353784486966,0.004586044345305296,0.5143015829661982
v4b_legacy_025c,25.0,45.0,0.1640625,0.5445592876288802,0.014613474028388966,-0.18644878354606947,0.7407256867463702,-0.1106995118904913,0.7448302332541303,0.3914765609047464,0.004104546507760154,0.49807152628747753
v5c0_corrected_v4b_075c,25.0,45.0,0.1640625,0.5559423894503225,0.014613474028388966,-0.18644878354606947,0.7407256867463702,-0.1106995118904913,0.7448302332541303,0.3914765609047464,0.004104546507760154,0.49807152628747753
v4b_legacy_025c,25.0,45.0,0.171875,0.5556713252318956,0.014010245019630649,-0.18014079344960243,0.7447995622995262,-0.07683205486053034,0.7484147673886573,0.4054544712782471,0.003615205089131157,0.47867132104964627
v5c0_corrected_v4b_075c,25.0,45.0,0.171875,0.5659928328128025,0.014010245019630649,-0.18014079344960243,0.7447995622995262,-0.07683205486053034,0.7484147673886573,0.4054544712782471,0.003615205089131157,0.47867132104964627
v4b_legacy_025c,25.0,45.0,0.1796875,0.5631666701833297,0.013373126394066126,-0.17074922918254667,0.7421513938022449,-0.04442200346883412,0.7452751063220266,0.4151844056156236,0.0031237125197817184,0.456482696564676
v5c0_corrected_v4b_075c,25.0,45.0,0.1796875,0.572394983500975,0.013373126394066126,-0.17074922918254667,0.7421513938022449,-0.04442200346883412,0.7452751063220266,0.4151844056156236,0.0031237125197817184,0.456482696564676
v4b_legacy_025c,25.0,45.0,0.1875,0.5666514737272732,0.01270391276854207,-0.1587013996982583,0.7328254244314458,-0.014084595875272998,0.7354610769394934,0.42047591246234367,0.002635652508047537,0.43192485582956913
v5c0_corrected_v4b_075c,25.0,45.0,0.1875,0.5747742619263447,0.01270391276854207,-0.1587013996982583,0.7328254244314458,-0.014084595875272998,0.7354610769394934,0.42047591246234367,0.002635652508047537,0.43192485582956913
v4b_legacy_025c,25.0,45.0,0.1953125,0.565625468974088,0.012004457630910969,-0.14462461210320796,0.7169573840581629,0.013598409513139066,0.7191138020296955,0.42142470717994657,0.0021564179715326537,0.40566987969527485
v5c0_corrected_v4b_075c,25.0,45.0,0.1953125,0.5726517338285594,0.012004457630910969,-0.14462461210320796,0.7169573840581629,0.013598409513139066,0.7191138020296955,0.42142470717994657,0.0021564179715326537,0.40566987969527485
v4b_legacy_025c,25.0,45.0,0.203125,0.5699623780361635,0.011276664592412458,-0.11874284509818273,0.6947713096658696,0.038095773406056195,0.6964624460414232,0.4314000777497073,0.0016911363755535147,0.3916131679680976
v5c0_corrected_v4b_075c,25.0,45.0,0.203125,0.5760696047568652,0.011276664592412458,-0.11874284509818273,0.6947713096658696,0.038095773406056195,0.6964624460414232,0.4314000777497073,0.0016911363755535147,0.3916131679680976
v4b_legacy_025c,25.0,45.0,0.2109375,0.5443221561203813,0.010522479012238862,-0.11709047661974381,0.6665743535078283,0.058941604320985296,0.6678189573514552,0.4520965583997786,0.0012446038436269014,0.3919103502351664
v5c0_corrected_v4b_075c,25.0,45.0,0.2109375,0.5496906283990368,0.010522479012238862,-0.11709047661974381,0.6665743535078283,0.058941604320985296,0.6678189573514552,0.4520965583997786,0.0012446038436269014,0.3919103502351664
v4b_legacy_025c,25.0,45.0,0.21875,0.527950413936036,0.009743880051919009,-0.10034995217659556,0.6327499317075481,0.07574764276084578,0.6335711608239877,0.47413969021879343,0.0008212291164395591,0.3975708183415081
v5c0_corrected_v4b_075c,25.0,45.0,0.21875,0.5326455254185386,0.009743880051919009,-0.10034995217659556,0.6327499317075481,0.07574764276084578,0.6335711608239877,0.47413969021879343,0.0008212291164395591,0.3975708183415081
v4b_legacy_025c,25.0,45.0,0.2265625,0.5056343711948345,0.008942873207024915,-0.0843484869639587,0.5937494917254925,0.08821270436825968,0.5941744798541571,0.48825116743249775,0.0004249881286645385,0.39961347493557353
v5c0_corrected_v4b_075c,25.0,45.0,0.2265625,0.5096330519616665,0.008942873207024915,-0.0843484869639587,0.5937494917254925,0.08821270436825968,0.5941744798541571,0.48825116743249775,0.0004249881286645385,0.39961347493557353
v4b_legacy_025c,25.0,45.0,0.234375,0.4777405570276008,0.008121483354325077,-0.06921778312962099,0.5500829694759264,0.0961289032828757,0.5501423591344523,0.48641082123573426,5.938965852592126e-05,0.3902225282943326
v5c0_corrected_v4b_075c,25.0,45.0,0.234375,0.48096913245415185,0.008121483354325077,-0.06921778312962099,0.5500829694759264,0.0961289032828757,0.5501423591344523,0.48641082123573426,5.938965852592126e-05,0.3902225282943326
v4b_legacy_025c,25.0,45.0,0.2421875,0.4474740750462751,0.00728174834384515,-0.05228110374745933,0.5023084696795498,0.09938480521059256,0.5020359218733764,0.46279278446162647,-0.00027254780617336216,0.36368052705720727
v5c0_corrected_v4b_075c,25.0,45.0,0.2421875,0.4498497573156893,0.00728174834384515,-0.05228110374745933,0.5023084696795498,0.09938480521059256,0.5020359218733764,0.46279278446162647,-0.00027254780617336216,0.36368052705720727
v4b_legacy_025c,25.0,45.0,0.25,0.4151014222760273,0.006425713157293767,-0.03386903004046625,0.45102145550402484,0.09796556832799404,0.4504531473637555,0.4189143809393995,-0.0005683081402693135,0.32151712075167477
v5c0_corrected_v4b_075c,25.0,45.0,0.25,0.41659909092886727,0.006425713157293767,-0.03386903004046625,0.45102145550402484,0.09796556832799404,0.4504531473637555,0.4189143809393995,-0.0005683081402693135,0.32151712075167477
v4b_legacy_025c,25.0,45.0,0.2578125,0.3819971833193894,0.005555424646888258,-0.013226108871699171,0.396843628318016,0.09195014387764426,0.3960177492938185,0.37094718430389234,-0.0008258790241975067,0.2798229194504456
v5c0_corrected_v4b_075c,25.0,45.0,0.2578125,0.3827258394386711,0.005555424646888258,-0.013226108871699171,0.396843628318016,0.09195014387764426,0.3960177492938185,0.37094718430389234,-0.0008258790241975067,0.2798229194504456
v4b_legacy_025c,25.0,45.0,0.265625,0.34612128446420054,0.0046729268616781845,0.006897408492184828,0.3404120008193609,0.09305230610524373,0.3393682573778551,0.32094535488304005,-0.0010437434415058178,0.22893679221930213
v5c0_corrected_v4b_075c,25.0,45.0,0.265625,0.34614734590868274,0.0046729268616781845,0.006897408492184828,0.3404120008193609,0.09305230610524373,0.3393682573778551,0.32094535488304005,-0.0010437434415058178,0.22893679221930213
v4b_legacy_025c,25.0,45.0,0.2734375,0.31056616606316373,0.003780256961909919,0.02886720375226122,0.2823684305186197,0.13413968167750798,0.2811475683828777,0.2694752924577505,-0.001220862135742018,0.13655647291598452
v5c0_corrected_v4b_075c,25.0,45.0,0.2734375,0.30986152248485627,0.003780256961909919,0.02886720375226122,0.2823684305186197,0.13413968167750798,0.2811475683828777,0.2694752924577505,-0.001220862135742018,0.13655647291598452
v4b_legacy_025c,25.0,45.0,0.28125,0.2727906934344247,0.002879441715693267,0.04974046463002836,0.22334977186839852,0.16906206243619723,0.22199312374803176,0.217099935003973,-0.0013566481203667602,0.04939452068814254
v5c0_corrected_v4b_075c,25.0,45.0,0.28125,0.27157627395745404,0.002879441715693267,0.04974046463002836,0.22334977186839852,0.16906206243619723,0.22199312374803176,0.217099935003973,-0.0013566481203667602,0.04939452068814254
v4b_legacy_025c,25.0,45.0,0.2890625,0.23088393007884472,0.0019724945661092554,0.06703998389089943,0.16397891548066745,0.1625932139267589,0.16252798098880394,0.1643708814387257,-0.0014509344918635092,0.0032286020038302943
v5c0_corrected_v4b_075c,25.0,45.0,0.2890625,0.22943936398688988,0.0019724945661092554,0.06703998389089943,0.16397891548066745,0.1625932139267589,0.16252798098880394,0.1643708814387257,-0.0014509344918635092,0.0032286020038302943
v4b_legacy_025c,25.0,45.0,0.296875,0.1854334116400481,0.001061413250825139,0.08065304636553434,0.10485698295379195,0.11332544031156515,0.10335304603229511,0.11182150339006833,-0.0015039369214968346,1.3877787807814457e-17
v5c0_corrected_v4b_075c,25.0,45.0,0.296875,0.18392947471855126,0.001061413250825139,0.08065304636553434,0.10485698295379195,0.11332544031156515,0.10335304603229511,0.11182150339006833,-0.0015039369214968346,1.3877787807814457e-17
v4b_legacy_025c,25.0,45.0,0.3046875,0.13302471235898086,0.0001481779501514877,0.08647862922544897,0.04655668645847894,0.06147726716059318,0.045040474161528496,0.05996105486364274,-0.0015162122969504463,6.938893903907228e-18
v5c0_corrected_v4b_075c,25.0,45.0,0.3046875,0.13150850006203044,0.0001481779501514877,0.08647862922544897,0.04655668645847894,0.06147726716059318,0.045040474161528496,0.05996105486364274,-0.0015162122969504463,6.938893903907228e-18
v4b_legacy_025c,25.0,45.0,0.3125,0.06877886610161295,0.0007652500668119973,0.07920636825564792,-0.010383068035161655,0.010758465207238622,-0.011871683088366738,0.009269850154033539,-0.0014886150532050831,0.0
v5c0_corrected_v4b_075c,25.0,45.0,0.3125,0.06729025104840786,0.0007652500668119973,0.07920636825564792,-0.010383068035161655,0.010758465207238622,-0.011871683088366738,0.009269850154033539,-0.0014886150532050831,0.0
v4b_legacy_025c,25.0,45.0,0.3203125,-0.002924390130767631,0.0016769293348253731,0.06259642907044821,-0.06546125913221999,-0.038382169855968984,-0.06688351190575056,-0.039804422629499556,-0.0014222527735305718,0.0
v5c0_corrected_v4b_075c,25.0,45.0,0.3203125,-0.004346642904298203,0.0016769293348253731,0.06259642907044821,-0.06546125913221999,-0.038382169855968984,-0.06688351190575056,-0.039804422629499556,-0.0014222527735305718,0.0
v4b_legacy_025c,25.0,45.0,0.328125,-0.07799370692961366,0.002584938667672442,0.04024336357498159,-0.11821753701486805,-0.08553082844740077,-0.1195359796709953,-0.08684927110352803,-0.0013184426561272528,0.0
v5c0_corrected_v4b_075c,25.0,45.0,0.328125,-0.07931214958574088,0.002584938667672442,0.04024336357498159,-0.11821753701486805,-0.08553082844740077,-0.1195359796709953,-0.08684927110352803,-0.0013184426561272528,0.0
v4b_legacy_025c,25.0,45.0,0.3359375,-0.15520552918819389,0.0034873772667403514,0.012941174336815148,-0.1682338265109568,-0.13031027163886053,-0.16941249693844515,-0.13148894206634884,-0.001178670427488343,2.7755575615628914e-17
v5c0_corrected_v4b_075c,25.0,45.0,0.3359375,-0.1563841996156822,0.0034873772667403514,0.012941174336815148,-0.1682338265109568,-0.13031027163886053,-0.16941249693844515,-0.13148894206634884,-0.001178670427488343,2.7755575615628914e-17
v4b_legacy_025c,25.0,45.0,0.34375,-0.2665956065479547,0.0043823645214364805,-0.05187546760381227,-0.21513484140842434,-0.17238046654857436,-0.21613939464360835,-0.17338501978375834,-0.0010045532351840025,2.7755575615628914e-17
v5c0_corrected_v4b_075c,25.0,45.0,0.34375,-0.2676001597831387,0.0043823645214364805,-0.05187546760381227,-0.21513484140842434,-0.17238046654857436,-0.21613939464360835,-0.17338501978375834,-0.0010045532351840025,2.7755575615628914e-17
v4b_legacy_025c,25.0,45.0,0.3515625,-0.3033273720711883,0.005268039567673735,-0.04522638581615424,-0.2585876247946601,-0.2114383681399087,-0.2593854327578555,-0.2122361761031042,-0.0007978079631954516,-2.7755575615628914e-17
v5c0_corrected_v4b_075c,25.0,45.0,0.3515625,-0.3041251800343837,0.005268039567673735,-0.04522638581615424,-0.2585876247946601,-0.2114383681399087,-0.2593854327578555,-0.2122361761031042,-0.0007978079631954516,-2.7755575615628914e-17
v4b_legacy_025c,25.0,45.0,0.359375,-0.33294016748135563,0.00614256067863648,-0.035169712314204626,-0.2983002694801043,-0.2472169774412652,-0.2988604957524483,-0.24777720371360917,-0.0005602262723439777,0.0
v5c0_corrected_v4b_075c,25.0,45.0,0.359375,-0.3335003937536996,0.00614256067863648,-0.035169712314204626,-0.2983002694801043,-0.2472169774412652,-0.2988604957524483,-0.24777720371360917,-0.0005602262723439777,0.0
v4b_legacy_025c,25.0,45.0,0.3671875,-0.3656114293375693,0.007004104531947346,-0.0321989331794226,-0.3340199978797915,-0.2794838289667412,-0.33431365534523155,-0.2797774864321812,-0.0002936574654400781,5.551115123125783e-17
v5c0_corrected_v4b_075c,25.0,45.0,0.3671875,-0.36590508680300937,0.007004104531947346,-0.0321989331794226,-0.3340199978797915,-0.2794838289667412,-0.33431365534523155,-0.2797774864321812,-0.0002936574654400781,5.551115123125783e-17
v4b_legacy_025c,25.0,45.0,0.375,-0.3828988332953801,0.007850849073627892,-0.017960470602747705,-0.3655307264064571,-0.30803901237677456,-0.3655307264064571,-0.30803901237677456,0.0,0.0
v5c0_corrected_v4b_075c,25.0,45.0,0.375,-0.3828988332953801,0.007850849073627892,-0.017960470602747705,-0.3655307264064571,-0.30803901237677456,-0.3655307264064571,-0.30803901237677456,0.0,0.0
v4b_legacy_025c,25.0,45.0,0.3828125,-0.43662613869417616,0.00868096464334452,-0.04488572776397059,-0.3926503769927441,-0.33271295434379544,-0.39233157910402416,-0.33239415645507553,0.00031879788871991277,0.0
v5c0_corrected_v4b_075c,25.0,45.0,0.3828125,-0.4363073408054562,0.00868096464334452,-0.04488572776397059,-0.3926503769927441,-0.33271295434379544,-0.39233157910402416,-0.33239415645507553,0.00031879788871991277,0.0
v4b_legacy_025c,25.0,45.0,0.390625,-0.4721818106567117,0.00949262542906238,-0.058092222449053744,-0.4152282878627331,-0.35336427021946404,-0.414567559423255,-0.352703541779986,0.0006607284394780644,0.0
v5c0_corrected_v4b_075c,25.0,45.0,0.390625,-0.47152108221723366,0.00949262542906238,-0.058092222449053744,-0.4152282878627331,-0.35336427021946404,-0.414567559423255,-0.352703541779986,0.0006607284394780644,0.0
v4b_legacy_025c,25.0,45.0,0.3984375,-0.49605918235079677,0.010284010404821508,-0.06422752756912624,-0.43314278971000053,-0.3698777461207693,-0.43211908370165203,-0.3688540401124208,0.0010237060083485017,0.0
v5c0_corrected_v4b_075c,25.0,45.0,0.3984375,-0.49503547634244827,0.010284010404821508,-0.06422752756912624,-0.43314278971000053,-0.3698777461207693,-0.43211908370165203,-0.3688540401124208,0.0010237060083485017,0.0
v4b_legacy_025c,25.0,45.0,0.40625,-0.47149413382207583,0.011053304835543,-0.026193624259753193,-0.44629895597119157,-0.38216245510327107,-0.4448934147513067,-0.3807569138833862,0.0014055412198848427,0.0
v5c0_corrected_v4b_075c,25.0,45.0,0.40625,-0.470088592602191,0.011053304835543,-0.026193624259753193,-0.44629895597119157,-0.38216245510327107,-0.4448934147513067,-0.3807569138833862,0.0014055412198848427,0.0
v4b_legacy_025c,25.0,45.0,0.4140625,-0.4991594662215594,0.011798702458331188,-0.04583427697586924,-0.45462671383210124,-0.39015016713836553,-0.4528228044527204,-0.38834625775898474,0.0018039093793808525,-5.551115123125783e-17
v5c0_corrected_v4b_075c,25.0,45.0,0.4140625,-0.4973555568421785,0.011798702458331188,-0.04583427697586924,-0.45462671383210124,-0.39015016713836553,-0.4528228044527204,-0.38834625775898474,0.0018039093793808525,-5.551115123125783e-17
v4b_legacy_025c,25.0,45.0,0.421875,-0.47396644138373906,0.01251840844367536,-0.016903331232457006,-0.4580794623555605,-0.39379418172482145,-0.45586314682829215,-0.391577866197553,0.0022163155272683643,5.551115123125783e-17
v5c0_corrected_v4b_075c,25.0,45.0,0.421875,-0.47175012585647064,0.01251840844367536,-0.016903331232457006,-0.4580794623555605,-0.39379418172482145,-0.45586314682829215,-0.391577866197553,0.0022163155272683643,5.551115123125783e-17
v4b_legacy_025c,25.0,45.0,0.4296875,-0.4396886156641506,0.01321064322833013,0.01632054443620625,-0.4566332847755784,-0.39306866111973,-0.4539932257009227,-0.39042860204507435,0.0026400590746556984,-5.551115123125783e-17
v5c0_corrected_v4b_075c,25.0,45.0,0.4296875,-0.4370485565894948,0.01321064322833013,0.01632054443620625,-0.4566332847755784,-0.39306866111973,-0.4539932257009227,-0.39042860204507435,0.0026400590746556984,-5.551115123125783e-17
v4b_legacy_025c,25.0,45.0,0.4375,-0.43138710963926913,0.013873647293796202,0.018288594501837493,-0.45028655619300323,-0.3879682960264125,-0.4472143548160465,-0.3848960946494558,0.0030722013769567402,-5.551115123125783e-17
v5c0_corrected_v4b_075c,25.0,45.0,0.4375,-0.4283149082623124,0.013873647293796202,0.018288594501837493,-0.45028655619300323,-0.3879682960264125,-0.4472143548160465,-0.3848960946494558,0.0030722013769567402,-5.551115123125783e-17
v4b_legacy_025c,25.0,45.0,0.4453125,-0.4051173038867003,0.014505686939875731,0.03367009568294965,-0.43905853581554566,-0.3866967196356959,-0.4355489960059707,-0.3749975495918331,0.0035095398095749686,0.008189630234287815
v5c0_corrected_v4b_075c,25.0,45.0,0.4453125,-0.40148896786479343,0.014505686939875731,0.03367009568294965,-0.43905853581554566,-0.3866967196356959,-0.4355489960059707,-0.3749975495918331,0.0035095398095749686,0.008189630234287815
v4b_legacy_025c,25.0,45.0,0.453125,-0.36176297232028753,0.015105061071827878,0.062137202749290445,-0.4229899820961297,-0.4211102631875279,-0.4190413902505101,-0.36077026820945934,0.003948591845619576,0.056391403132449
v5c0_corrected_v4b_075c,25.0,45.0,0.453125,-0.35696258488642624,0.015105061071827878,0.062137202749290445,-0.4229899820961297,-0.4211102631875279,-0.4190413902505101,-0.36077026820945934,0.003948591845619576,0.056391403132449
v4b_legacy_025c,25.0,45.0,0.4609375,-0.3118631028896526,0.015670108982851098,0.09279891120471305,-0.40215222829929026,-0.46951721881485553,-0.3977666360350772,-0.3422794390416507,0.004385592264213034,0.1228521875089918
v5c0_corrected_v4b_075c,25.0,45.0,0.4609375,-0.305552403458392,0.015670108982851098,0.09279891120471305,-0.40215222829929026,-0.46951721881485553,-0.3977666360350772,-0.3422794390416507,0.004385592264213034,0.1228521875089918
v4b_legacy_025c,25.0,45.0,0.46875,-0.25991346411265814,0.0161992190722564,0.12045202225198277,-0.37664632738205545,-0.48578308752731253,-0.3718298214447116,-0.31961741918266307,0.00481650593734384,0.16134916240730562
v5c0_corrected_v4b_075c,25.0,45.0,0.46875,-0.25248322774635334,0.0161992190722564,0.12045202225198277,-0.37664632738205545,-0.48578308752731253,-0.3718298214447116,-0.31961741918266307,0.00481650593734384,0.16134916240730562
v4b_legacy_025c,25.0,45.0,0.4765625,-0.25039264213361323,0.016690838395704316,0.10025148099597683,-0.3466045442402627,-0.4883767886891988,-0.3413674865472489,-0.29290497678973587,0.005237057693013802,0.19023475420644914
v5c0_corrected_v4b_075c,25.0,45.0,0.4765625,-0.24198040690089306,0.016690838395704316,0.10025148099597683,-0.3466045442402627,-0.4883767886891988,-0.3413674865472489,-0.29290497678973587,0.005237057693013802,0.19023475420644914
v4b_legacy_025c,25.0,45.0,0.484375,-0.2440161591757641,0.01714348289976023,0.07246579238383774,-0.31219310393239885,-0.48990095784204507,-0.3065503243198983,-0.2682257042857928,0.005642779612500537,0.21603247394375175
v5c0_corrected_v4b_075c,25.0,45.0,0.484375,-0.23466983054041599,0.01714348289976023,0.07246579238383774,-0.31219310393239885,-0.48990095784204507,-0.3065503243198983,-0.2682257042857928,0.005642779612500537,0.21603247394375175
v4b_legacy_025c,25.0,45.0,0.4921875,-0.213322430926281,0.01755574815167778,0.06524566424637412,-0.27361506881411884,-0.4905007222275364,-0.267585993912992,-0.25578415271735916,0.006029074901126863,0.22868749460905036
v5c0_corrected_v4b_075c,25.0,45.0,0.4921875,-0.2032785759643595,0.01755574815167778,0.06524566424637412,-0.27361506881411884,-0.4905007222275364,-0.267585993912992,-0.25578415271735916,0.006029074901126863,0.22868749460905036
v4b_legacy_025c,25.0,45.0,0.5,-0.1801945857833969,0.017926320339784814,0.05657859076563688,-0.23111315080246486,-0.4902728509568742,-0.22472185450129145,-0.25136188329679127,0.00639129630117341,0.2325196713589095
v5c0_corrected_v4b_075c,25.0,45.0,0.5,-0.1696350673681422,0.017926320339784814,0.05657859076563688,-0.23111315080246486,-0.4902728509568742,-0.22472185450129145,-0.25136188329679127,0.00639129630117341,0.2325196713589095
v4b_legacy_025c,25.0,45.0,0.5078125,-0.14524009080235664,0.018253987292973183,0.046128518630492,-0.18497216306462577,-0.4892572973835447,-0.17824732705143193,-0.24808941841926024,0.006724836013193847,0.23444304295109059
v5c0_corrected_v4b_075c,25.0,45.0,0.5078125,-0.1342357344622076,0.018253987292973183,0.046128518630492,-0.18497216306462577,-0.4892572973835447,-0.17824732705143193,-0.24808941841926024,0.006724836013193847,0.23444304295109059
v4b_legacy_025c,25.0,45.0,0.515625,-0.11768850721935294,0.018537649251917747,0.024816138783531613,-0.135521001944078,-0.487432460273976,-0.12849577859031097,-0.23757198360947,0.0070252233537670405,0.242835253310739
v5c0_corrected_v4b_075c,25.0,45.0,0.515625,-0.10616168911371082,0.018537649251917747,0.024816138783531613,-0.135521001944078,-0.487432460273976,-0.12849577859031097,-0.23757198360947,0.0070252233537670405,0.242835253310739
v4b_legacy_025c,25.0,45.0,0.5234375,-0.10125301399758244,0.01877632912128973,-0.01078134135087833,-0.08313389527473429,-0.48471459493307884,-0.07584566931486962,-0.2114797356786453,0.007288225959864669,0.26594663329456886
v5c0_corrected_v4b_075c,25.0,45.0,0.5234375,-0.08897128652228001,0.01877632912128973,-0.01078134135087833,-0.08313389527473429,-0.48471459493307884,-0.07584566931486962,-0.2114797356786453,0.007288225959864669,0.26594663329456886
v4b_legacy_025c,25.0,45.0,0.53125,-0.08532500717671637,0.018969181941887635,-0.049444201596045,-0.028230787991812417,-0.4809616264230624,-0.02072083772858017,-0.1777741027507142,0.007509950263232246,0.29567757340911593
v5c0_corrected_v4b_075c,25.0,45.0,0.53125,-0.07220629522735078,0.018969181941887635,-0.049444201596045,-0.028230787991812417,-0.4809616264230624,-0.02072083772858017,-0.1777741027507142,0.007509950263232246,0.29567757340911593
v4b_legacy_025c,25.0,45.0,0.5390625,-0.06362788161345052,0.0191155033436943,-0.0843152164615003,0.02872328844675467,-0.4759812556834704,0.03641022561780468,-0.14250675239483324,0.007686937171050009,0.32578756611758714
v5c0_corrected_v4b_075c,25.0,45.0,0.5390625,-0.049713351132945754,0.0191155033436943,-0.0843152164615003,0.02872328844675467,-0.4759812556834704,0.03641022561780468,-0.14250675239483324,0.007686937171050009,0.32578756611758714
v4b_legacy_025c,25.0,45.0,0.546875,-0.035609008601642074,0.01921473677377219,-0.11432782585240409,0.08722009181235894,-0.46954286399722656,0.09503634115114791,-0.10593241261156691,0.007816249338788966,0.3557942020468706
v5c0_corrected_v4b_075c,25.0,45.0,0.546875,-0.02095626732488817,0.01921473677377219,-0.11432782585240409,0.08722009181235894,-0.46954286399722656,0.09503634115114791,-0.10593241261156691,0.007816249338788966,0.3557942020468706
v4b_legacy_025c,25.0,45.0,0.5546875,-0.0012203571124479121,0.019266479334204938,-0.13889148539188972,0.14671119939418348,-0.46139269154044,0.154606746422807,-0.06831446479115735,0.007895547028623523,0.3851826797206591
v5c0_corrected_v4b_075c,25.0,45.0,0.5546875,0.01409630405490737,0.019266479334204938,-0.13889148539188972,0.14671119939418348,-0.46139269154044,0.154606746422807,-0.06831446479115735,0.007895547028623523,0.3851826797206591
v4b_legacy_025c,25.0,45.0,0.5625,0.0400078416948534,0.019270486112036175,-0.15695140371368832,0.20661245380094234,-0.4512712220037603,0.2145356040332041,-0.029926123173176212,0.007923150232261755,0.4134219485983223
v5c0_corrected_v4b_075c,25.0,45.0,0.5625,0.05589783384599006,0.019270486112036175,-0.15695140371368832,0.20661245380094234,-0.4512712220037603,0.2145356040332041,-0.029926123173176212,0.007923150232261755,0.4134219485983223
v4b_legacy_025c,25.0,45.0,0.5703125,0.09112405912602459,0.019226672932221692,-0.16479463678849526,0.26630969203872235,-0.43893186246835464,0.27420777747101394,0.008947941870470358,0.00789808543229159,0.4399817189065334
v5c0_corrected_v4b_075c,25.0,45.0,0.5703125,0.10748152916388878,0.019226672932221692,-0.16479463678849526,0.26630969203872235,-0.43893186246835464,0.27420777747101394,0.008947941870470358,0.00789808543229159,0.4399817189065334
v4b_legacy_025c,25.0,45.0,0.578125,0.13791514646445097,0.019135117513014048,-0.17628551051135596,0.3251658455810796,-0.42415971016726545,0.33298596161272925,0.04800991170380208,0.007820116031649671,0.46434950583941786
v5c0_corrected_v4b_075c,25.0,45.0,0.578125,0.1546206448574479,0.019135117513014048,-0.17628551051135596,0.3251658455810796,-0.42415971016726545,0.33298596161272925,0.04800991170380208,0.007820116031649671,0.46434950583941786
v4b_legacy_025c,25.0,45.0,0.5859375,0.1862845857099098,0.018996059048366373,-0.18476038824088223,0.382529197804272,-0.4067894213959759,0.39021895387202354,0.08694726836802526,0.007689756067751519,0.48604693369624963
v5c0_corrected_v4b_075c,25.0,45.0,0.5859375,0.20320731803043268,0.018996059048366373,-0.18476038824088223,0.382529197804272,-0.4067894213959759,0.39021895387202354,0.08694726836802526,0.007689756067751519,0.48604693369624963
v4b_legacy_025c,25.0,45.0,0.59375,0.23463472790382034,0.018809896281882656,-0.19119634881606376,0.43774277258216504,-0.3867210692478857,0.4452510399176857,0.12543181829291022,0.00750826733552068,0.5046446202052752
v5c0_corrected_v4b_075c,25.0,45.0,0.59375,0.2516353082046123,0.018809896281882656,-0.19119634881606376,0.43774277258216504,-0.3867210692478857,0.4452510399176857,0.12543181829291022,0.00750826733552068,0.5046446202052752
v4b_legacy_025c,25.0,45.0,0.6015625,0.2831159305120968,0.01857718417023143,-0.19479077895182023,0.4901545908668164,-0.3639331671463225,0.4974322313413496,0.1631195533472965,0.00727764047453322,0.5197750800190859
v5c0_corrected_v4b_075c,25.0,45.0,0.6015625,0.30004952837524135,0.01857718417023143,-0.19479077895182023,0.4901545908668164,-0.3639331671463225,0.4974322313413496,0.1631195533472965,0.00727764047453322,0.5197750800190859
v4b_legacy_025c,25.0,45.0,0.609375,0.32790220592355007,0.018298629260110253,-0.19880498105776306,0.5391285845225527,-0.3384921353904366,0.5461291454620075,0.19965164364578317,0.007000560939454781,0.531143218096765
v5c0_corrected_v4b_075c,25.0,45.0,0.609375,0.34462195969497944,0.018298629260110253,-0.19880498105776306,0.5391285845225527,-0.3384921353904366,0.5461291454620075,0.19965164364578317,0.007000560939454781,0.531143218096765
v4b_legacy_025c,25.0,45.0,0.6171875,0.369446101989636,0.017975083921715353,-0.20216292950684198,0.5840558904647378,-0.31055771256708176,0.5907362515462852,0.23465676801167348,0.006680361081547348,0.5385341194972079
v5c0_corrected_v4b_075c,25.0,45.0,0.6171875,0.38580665906385275,0.017975083921715353,-0.20216292950684198,0.5840558904647378,-0.31055771256708176,0.5907362515462852,0.23465676801167348,0.006680361081547348,0.5385341194972079
v4b_legacy_025c,25.0,45.0,0.625,0.4083009647252542,0.017607539593613695,-0.2037218188468236,0.6243661696100952,-0.28038409062636654,0.6306871294422239,0.26775484445037695,0.00632095983212877,0.5418179752446147
v5c0_corrected_v4b_075c,25.0,45.0,0.625,0.4241620060090341,0.017607539593613695,-0.2037218188468236,0.6243661696100952,-0.28038409062636654,0.6306871294422239,0.26775484445037695,0.00632095983212877,0.5418179752446147
v4b_legacy_025c,25.0,45.0,0.6328125,0.44383434422317813,0.017197119199645363,-0.2035930342959562,0.6595386617359401,-0.24831670139561987,0.6654654534382817,0.29856219977368503,0.005926791702341561,0.5409521094669634
v5c0_corrected_v4b_075c,25.0,45.0,0.6328125,0.4590639538333227,0.017197119199645363,-0.2035930342959562,0.6595386617359401,-0.24831670139561987,0.6654654534382817,0.29856219977368503,0.005926791702341561,0.5409521094669634
v4b_legacy_025c,25.0,45.0,0.640625,0.4757762665238671,0.016745068898911253,-0.20157590802172368,0.6891125976350161,-0.2147848810187623,0.6946153246340214,0.3266980333939488,0.005502726999005336,0.5359801874137058
v5c0_corrected_v4b_075c,25.0,45.0,0.640625,0.4902540186895663,0.016745068898911253,-0.20157590802172368,0.6891125976350161,-0.2147848810187623,0.6946153246340214,0.3266980333939488,0.005502726999005336,0.5359801874137058
v4b_legacy_025c,25.0,45.0,0.6484375,0.5026475962174378,0.016252749326019784,-0.1987660562522741,0.7126966586391831,-0.1802907839854036,0.7177506439407064,0.35179198598124983,0.005053985301523345,0.5270287846651301
v5c0_corrected_v4b_075c,25.0,45.0,0.6484375,0.5162672482437204,0.016252749326019784,-0.1987660562522741,0.7126966586391831,-0.1802907839854036,0.7177506439407064,0.35179198598124983,0.005053985301523345,0.5270287846651301
v4b_legacy_025c,25.0,45.0,0.65625,0.5248178251473151,0.01572162647156394,-0.1944541644422675,0.7299771298602004,-0.14539515014602764,0.7345631742055055,0.37349247716546874,0.004586044345305185,0.5143015829661912
v5c0_corrected_v4b_075c,25.0,45.0,0.65625,0.5374895268737487,0.01572162647156394,-0.1944541644422675,0.7299771298602004,-0.14539515014602764,0.7345631742055055,0.37349247716546874,0.004586044345305185,0.5143015829661912
v4b_legacy_025c,25.0,45.0,0.6640625,0.5413319201723163,0.015153262343194715,-0.18936017292041524,0.7407245366256411,-0.11070056368086148,0.7448290831334012,0.3914755091143731,0.004104546507760154,0.4980715262874744
v5c0_corrected_v4b_075c,25.0,45.0,0.6640625,0.5529838751835859,0.015153262343194715,-0.18936017292041524,0.7407245366256411,-0.11070056368086148,0.7448290831334012,0.3914755091143731,0.004104546507760154,0.4980715262874744
v4b_legacy_025c,25.0,45.0,0.671875,0.5549566997869234,0.014549305536456395,-0.1805139102512624,0.7447984260404231,-0.07683309486685957,0.7484136311295543,0.4054534312719168,0.003615205089131157,0.4786713210496452
v5c0_corrected_v4b_075c,25.0,45.0,0.671875,0.5655362401775451,0.014549305536456395,-0.1805139102512624,0.7447984260404231,-0.07683309486685957,0.7484136311295543,0.4054534312719168,0.003615205089131157,0.4786713210496452
v4b_legacy_025c,25.0,45.0,0.6796875,0.5631479605299266,0.013911481832431351,-0.17043085933063937,0.7421502742758754,-0.0444230290126127,0.7452739867956572,0.4151833800718406,0.0031237125197817184,0.45648269656467155
v5c0_corrected_v4b_075c,25.0,45.0,0.6796875,0.572622023789787,0.013911481832431351,-0.17043085933063937,0.7421502742758754,-0.0444230290126127,0.7452739867956572,0.4151833800718406,0.0031237125197817184,0.45648269656467155
v4b_legacy_025c,25.0,45.0,0.6875,0.5650881313419747,0.013241584926751543,-0.15996409988550123,0.7328243242679512,-0.014085604494401714,0.7354599767759988,0.4204749038432157,0.002635652508047648,0.43192485582956974
v5c0_corrected_v4b_075c,25.0,45.0,0.6875,0.5734431535104644,0.013241584926751543,-0.15996409988550123,0.7328243242679512,-0.014085604494401714,0.7354599767759988,0.4204749038432157,0.002635652508047648,0.43192485582956974
v4b_legacy_025c,25.0,45.0,0.6953125,0.5614804459381527,0.012541467382088658,-0.1485173324705602,0.7169563056493051,0.013597420065890852,0.7191127236208379,0.4214237177327035,0.0021564179715327647,0.40566987969527984
v5c0_corrected_v4b_075c,25.0,45.0,0.6953125,0.5687245594737796,0.012541467382088658,-0.1485173324705602,0.7169563056493051,0.013597420065890852,0.7191127236208379,0.4214237177327035,0.0021564179715327647,0.40566987969527984
v4b_legacy_025c,25.0,45.0,0.703125,0.5592958975001188,0.011813031884138254,-0.1292437906613607,0.69477025516999,0.038094805166670194,0.6964613915455435,0.4313991095103215,0.0016911363755535147,0.3916131679680978
v5c0_corrected_v4b_075c,25.0,45.0,0.703125,0.5656131727151279,0.011813031884138254,-0.1292437906613607,0.69477025516999,0.038094805166670194,0.6964613915455435,0.4313991095103215,0.0016911363755535147,0.3916131679680978
v4b_legacy_025c,25.0,45.0,0.7109375,0.55333309065463,0.011058222869571204,-0.10771200006489129,0.6665733248576315,0.05894065912029184,0.6678179287012584,0.4520956131990852,0.0012446038436269014,0.39191035023516646
v5c0_corrected_v4b_075c,25.0,45.0,0.7109375,0.5589115264960491,0.011058222869571204,-0.10771200006489129,0.6665733248576315,0.05894065912029184,0.6678179287012584,0.4520956131990852,0.0012446038436269014,0.39191035023516646
v4b_legacy_025c,25.0,45.0,0.71875,0.5199856071342767,0.010279018583563036,-0.10814955875713539,0.6327489306182404,0.07574672223109812,0.6335701597346799,0.4741387696890467,0.0008212291164394481,0.39757081834150915
v5c0_corrected_v4b_075c,25.0,45.0,0.71875,0.524893474080731,0.010279018583563036,-0.10814955875713539,0.6327489306182404,0.07574672223109812,0.6335701597346799,0.4741387696890467,0.0008212291164394481,0.39757081834150915
v4b_legacy_025c,25.0,45.0,0.7265625,0.4990299063639462,0.009477423614387928,-0.09078786282530957,0.5937485197051731,0.0882118099516833,0.5941735078338376,0.4882502730159216,0.0004249881286645385,0.39961347493557375
v5c0_corrected_v4b_075c,25.0,45.0,0.7265625,0.5032422006765928,0.009477423614387928,-0.09078786282530957,0.5937485197051731,0.0882118099516833,0.5941735078338376,0.4882502730159216,0.0004249881286645385,0.39961347493557375
v4b_legacy_025c,25.0,45.0,0.734375,0.47196647632973304,0.00865546194318818,-0.07483409365949156,0.5500820278377175,0.09612803624194204,0.5501414174962436,0.4864099541948029,5.9389658526032285e-05,0.3902225282943348
v5c0_corrected_v4b_075c,25.0,45.0,0.734375,0.4754034222312854,0.00865546194318818,-0.07483409365949156,0.5500820278377175,0.09612803624194204,0.5501414174962436,0.4864099541948029,5.9389658526032285e-05,0.3902225282943348
v4b_legacy_025c,25.0,45.0,0.7421875,0.44276414922612384,0.007815170538371706,-0.05683869784999538,0.5023075595518081,0.09938396663663648,0.5020350117456347,0.4627919458876666,-0.00027254780617336216,0.36368052705720344
v5c0_corrected_v4b_075c,25.0,45.0,0.7421875,0.4453338267603874,0.007815170538371706,-0.05683869784999538,0.5023075595518081,0.09938396663663648,0.5020350117456347,0.4627919458876666,-0.00027254780617336216,0.36368052705720344
v4b_legacy_025c,25.0,45.0,0.75,0.41157316123678434,0.006958593516091377,-0.0372498512505659,0.4510205778447252,0.09796475915358162,0.45045226970445584,0.4189135717649833,-0.000568308140269369,0.32151712075167105
v5c0_corrected_v4b_075c,25.0,45.0,0.75,0.4132421600482899,0.006958593516091377,-0.0372498512505659,0.4510205778447252,0.09796475915358162,0.45045226970445584,0.4189135717649833,-0.000568308140269369,0.32151712075167105
v4b_legacy_025c,25.0,45.0,0.7578125,0.37968579813010955,0.006087776880840779,-0.015394581464910961,0.3968427839254375,0.09194936488592344,0.3960169049012401,0.3709464053121658,-0.0008258790241973957,0.27982291945043974
v5c0_corrected_v4b_075c,25.0,45.0,0.7578125,0.3805634186056719,0.006087776880840779,-0.015394581464910961,0.3968427839254375,0.09194936488592344,0.3960169049012401,0.3709464053121658,-0.0008258790241973957,0.27982291945043974
v4b_legacy_025c,25.0,45.0,0.765625,0.3484680352694274,0.00520476385326761,0.009393182693457416,0.3404111903472141,0.09305155794317807,0.3393674469057085,0.32094460672098096,-0.0010437434415055957,0.2289367922193085
v5c0_corrected_v4b_075c,25.0,45.0,0.765625,0.3486158537687479,0.00520476385326761,0.009393182693457416,0.3404111903472141,0.09305155794317807,0.3393674469057085,0.32094460672098096,-0.0010437434415055957,0.2289367922193085
v4b_legacy_025c,25.0,45.0,0.7734375,0.31290451977929734,0.00431159078575424,0.03131096681951327,0.28236765448817264,0.13413896486666857,0.28114679235243056,0.269474575646928,-0.0012208621357420735,0.1365564729160015
v5c0_corrected_v4b_075c,25.0,45.0,0.7734375,0.31227243327391496,0.00431159078575424,0.03131096681951327,0.28236765448817264,0.13413896486666857,0.28114679235243056,0.269474575646928,-0.0012208621357420735,0.1365564729160015
v4b_legacy_025c,25.0,45.0,0.78125,0.2724961003216307,0.0034102836600354786,0.04950101845278085,0.22334903068021456,0.16906137738332136,0.22199238255984766,0.21709924995109303,-0.001356648120366899,0.04939452068813857
v5c0_corrected_v4b_075c,25.0,45.0,0.78125,0.2713079015280619,0.0034102836600354786,0.04950101845278085,0.22334903068021456,0.16906137738332136,0.22199238255984766,0.21709924995109303,-0.001356648120366899,0.04939452068813857
v4b_legacy_025c,25.0,45.0,0.7890625,0.23145687200637827,0.002502855155004071,0.06765145244170864,0.16397820942862903,0.1625925609362426,0.16252727493676547,0.16437022844820895,-0.0014509344918635647,0.0032286020038299057
v5c0_corrected_v4b_075c,25.0,45.0,0.7890625,0.23001401823768342,0.002502855155004071,0.06765145244170864,0.16397820942862903,0.1625925609362426,0.16252727493676547,0.16437022844820895,-0.0014509344918635647,0.0032286020038299057
v4b_legacy_025c,25.0,45.0,0.796875,0.18847783168071805,0.001591302266783491,0.08374130121540874,0.10485631223279866,0.11332481959272007,0.10335237531130181,0.11182088267122325,-0.0015039369214968484,2.7755575615628914e-17
v5c0_corrected_v4b_075c,25.0,45.0,0.796875,0.1869738947592212,0.001591302266783491,0.08374130121540874,0.10485631223279866,0.11332481959272007,0.10335237531130181,0.11182088267122325,-0.0015039369214968484,2.7755575615628914e-17
v4b_legacy_025c,25.0,45.0,0.8046875,0.13743804032701792,0.0006776044570182623,0.0909334958080876,0.04655605117717688,0.06147667883916195,0.0450398388802265,0.05996046654221157,-0.001516212296950377,0.0
v5c0_corrected_v4b_075c,25.0,45.0,0.8046875,0.13592182803006755,0.0006776044570182623,0.0909334958080876,0.04655605117717688,0.06147667883916195,0.0450398388802265,0.05996046654221157,-0.001516212296950377,0.0
v4b_legacy_025c,25.0,45.0,0.8125,0.07504972920402411,0.0002362777009545115,0.08544859136431279,-0.010383667846821838,0.010757909332597949,-0.011872282900026909,0.009269294279392876,-0.001488615053205071,-1.734723475976807e-18
v5c0_corrected_v4b_075c,25.0,45.0,0.8125,0.07356111415081903,0.0002362777009545115,0.08544859136431279,-0.010383667846821838,0.010757909332597949,-0.011872282900026909,0.009269294279392876,-0.001488615053205071,-1.734723475976807e-18
v4b_legacy_025c,25.0,45.0,0.8203125,0.006652014864098269,0.0011484034149173514,0.07216561585579201,-0.06546182351761384,-0.038382693305564396,-0.06688407629114446,-0.039804946079095016,-0.0014222527735306134,-6.938893903907228e-18
v5c0_corrected_v4b_075c,25.0,45.0,0.8203125,0.005229762090567656,0.0011484034149173514,0.07216561585579201,-0.06546182351761384,-0.038382693305564396,-0.06688407629114446,-0.039804946079095016,-0.0014222527735306134,-6.938893903907228e-18
v4b_legacy_025c,25.0,45.0,0.828125,-0.07177505968945698,0.0020568521492689055,0.04647135930314662,-0.11821806608218464,-0.08553131955688605,-0.11953650873831195,-0.08684976221301337,-0.0013184426561273083,-1.3877787807814457e-17
v5c0_corrected_v4b_075c,25.0,45.0,0.828125,-0.07309350234558429,0.0020568521492689055,0.04647135930314662,-0.11821806608218464,-0.08553131955688605,-0.11953650873831195,-0.08684976221301337,-0.0013184426561273083,-1.3877787807814457e-17
v4b_legacy_025c,25.0,45.0,0.8359375,-0.1469554542805773,0.0029597237340842266,0.021229456124829776,-0.16823432042929326,-0.13031073055232154,-0.16941299085678163,-0.13148940097980988,-0.0011786704274883708,2.7755575615628914e-17
v5c0_corrected_v4b_075c,25.0,45.0,0.8359375,-0.14813412470806567,0.0029597237340842266,0.021229456124829776,-0.16823432042929326,-0.13031073055232154,-0.16941299085678163,-0.13148940097980988,-0.0011786704274883708,2.7755575615628914e-17
v4b_legacy_025c,25.0,45.0,0.84375,-0.22329323189960826,0.0038551381661383654,-0.008354965186229909,-0.2151353004045045,-0.17238089346581265,-0.2161398536396885,-0.17338544670099665,-0.0010045532351840025,0.0
v5c0_corrected_v4b_075c,25.0,45.0,0.84375,-0.22429778513479223,0.0038551381661383654,-0.008354965186229909,-0.2151353004045045,-0.17238089346581265,-0.2161398536396885,-0.17338544670099665,-0.0010045532351840025,0.0
v4b_legacy_025c,25.0,45.0,0.8515625,-0.3216220605908968,0.004741235168101259,-0.06355890500788533,-0.25858804915084066,-0.2114387633141534,-0.25938585711403617,-0.21223657127734888,-0.0007978079631955071,2.7755575615628914e-17
v5c0_corrected_v4b_075c,25.0,45.0,0.8515625,-0.3224198685540923,0.004741235168101259,-0.06355890500788533,-0.25858804915084066,-0.2114387633141534,-0.25938585711403617,-0.21223657127734888,-0.0007978079631955071,2.7755575615628914e-17
v4b_legacy_025c,25.0,45.0,0.859375,-0.3629497850912134,0.005616173580092115,-0.06530277003462977,-0.2983006595312895,-0.2472173411759864,-0.2988608858036334,-0.2477775674483303,-0.0005602262723439222,2.7755575615628914e-17
v5c0_corrected_v4b_075c,25.0,45.0,0.859375,-0.3635100113635573,0.005616173580092115,-0.06530277003462977,-0.2983006595312895,-0.2472173411759864,-0.2988608858036334,-0.2477775674483303,-0.0005602262723439222,2.7755575615628914e-17
v4b_legacy_025c,25.0,45.0,0.8671875,-0.3670283272579947,0.006478130630573692,-0.033578793632790344,-0.3340203540152267,-0.27948416161665735,-0.3343140114806667,-0.2797778190820974,-0.0002936574654400226,-5.551115123125783e-17
v5c0_corrected_v4b_075c,25.0,45.0,0.8671875,-0.3673219847234347,0.006478130630573692,-0.033578793632790344,-0.3340203540152267,-0.27948416161665735,-0.3343140114806667,-0.2797778190820974,-0.0002936574654400226,-5.551115123125783e-17
v4b_legacy_025c,25.0,45.0,0.875,-0.38217709269086647,0.0073252859125834185,-0.017193131622183576,-0.36553104906799766,-0.3080393143459315,-0.36553104906799766,-0.3080393143459315,0.0,0.0
v5c0_corrected_v4b_075c,25.0,45.0,0.875,-0.38217709269086647,0.0073252859125834185,-0.017193131622183576,-0.36553104906799766,-0.3080393143459315,-0.36553104906799766,-0.3080393143459315,0.0,0.0
v4b_legacy_025c,25.0,45.0,0.8828125,-0.3851373800995924,0.008155812486603128,0.007082209223331956,-0.39265066667888904,-0.33271322608863335,-0.39233186879016907,-0.3323944281999134,0.0003187978887199683,0.0
v5c0_corrected_v4b_075c,25.0,45.0,0.8828125,-0.38481858221087245,0.008155812486603128,0.007082209223331956,-0.39265066667888904,-0.33271322608863335,-0.39233186879016907,-0.3323944281999134,0.0003187978887199683,0.0
v4b_legacy_025c,25.0,45.0,0.890625,-0.4138750917798384,0.00896788723044655,0.0008058908169800591,-0.41522854512934204,-0.3533645122491357,-0.4145678166898639,-0.35270378380965756,0.0006607284394781199,0.0
v5c0_corrected_v4b_075c,25.0,45.0,0.890625,-0.41321436334036027,0.00896788723044655,0.0008058908169800591,-0.41522854512934204,-0.3533645122491357,-0.4145678166898639,-0.35270378380965756,0.0006607284394781199,0.0
v4b_legacy_025c,25.0,45.0,0.8984375,-0.45251016517906945,0.009759691776678658,-0.020181563292407365,-0.4331430151724573,-0.36987795899872977,-0.43211930916410884,-0.3688542529903813,0.0010237060083484462,0.0
v5c0_corrected_v4b_075c,25.0,45.0,0.8984375,-0.45148645917072094,0.009759691776678658,-0.020181563292407365,-0.4331430151724573,-0.36987795899872977,-0.43211930916410884,-0.3688542529903813,0.0010237060083484462,0.0
v4b_legacy_025c,25.0,45.0,0.90625,-0.5101727914813539,0.010529414016242961,-0.06523585639007656,-0.44629915030829304,-0.382162639450362,-0.44489360908840836,-0.3807570982304773,0.0014055412198846762,0.0
v5c0_corrected_v4b_075c,25.0,45.0,0.90625,-0.5087672502614692,0.010529414016242961,-0.06523585639007656,-0.44629915030829304,-0.382162639450362,-0.44489360908840836,-0.3807570982304773,0.0014055412198846762,0.0
v4b_legacy_025c,25.0,45.0,0.9140625,-0.4813964612359712,0.011275250277633734,-0.02781013901254871,-0.4546268777861643,-0.3901503236327182,-0.4528229684067835,-0.3883464142533373,0.001803909379380797,5.551115123125783e-17
v5c0_corrected_v4b_075c,25.0,45.0,0.9140625,-0.4795925518565904,0.011275250277633734,-0.02781013901254871,-0.4546268777861643,-0.3901503236327182,-0.4528229684067835,-0.3883464142533373,0.001803909379380797,5.551115123125783e-17
v4b_legacy_025c,25.0,45.0,0.921875,-0.41749223657595985,0.011995408284897405,0.04029964257768032,-0.4580795967350421,-0.39379431110391294,-0.45586328120777375,-0.39157799557664463,0.0022163155272683643,-5.551115123125783e-17
v5c0_corrected_v4b_075c,25.0,45.0,0.921875,-0.41527592104869154,0.011995408284897405,0.04029964257768032,-0.4580795967350421,-0.39379431110391294,-0.45586328120777375,-0.39157799557664463,0.0022163155272683643,-5.551115123125783e-17
v4b_legacy_025c,25.0,45.0,0.9296875,-0.38999575413995025,0.012688110986139622,0.06667712808390698,-0.45663339045546,-0.39306876418055764,-0.4539933313808043,-0.39042870510590194,0.0026400590746556984,0.0
v5c0_corrected_v4b_075c,25.0,45.0,0.9296875,-0.3873556950652945,0.012688110986139622,0.06667712808390698,-0.45663339045546,-0.39306876418055764,-0.4539933313808043,-0.39042870510590194,0.0026400590746556984,0.0
v4b_legacy_025c,25.0,45.0,0.9375,-0.36989116806469813,0.013351601326381916,0.08064009182658374,-0.4502866341036783,-0.38796837361579417,-0.44721443272672146,-0.38489617223883726,0.0030722013769568512,5.551115123125783e-17
v5c0_corrected_v4b_075c,25.0,45.0,0.9375,-0.3668189666877413,0.013351601326381916,0.08064009182658374,-0.4502866341036783,-0.38796837361579417,-0.44721443272672146,-0.38489617223883726,0.0030722013769568512,5.551115123125783e-17
v4b_legacy_025c,25.0,45.0,0.9453125,-0.3647259746122565,0.01398414801419729,0.0746442126345732,-0.43905858689020394,-0.38669677260477675,-0.43554904708062914,-0.37499760256091336,0.003509539809574802,0.008189630234288592
v5c0_corrected_v4b_075c,25.0,45.0,0.9453125,-0.36110190980130386,0.01398414801419729,0.0746442126345732,-0.43905858689020394,-0.38669677260477675,-0.43554904708062914,-0.37499760256091336,0.003509539809574802,0.008189630234288592
v4b_legacy_025c,25.0,45.0,0.953125,-0.349557418627865,0.014584052300646742,0.07449156373817957,-0.4229900073648348,-0.4211102924721769,-0.41904141551921514,-0.36077029749410167,0.003948591845619631,0.05639140313245561
v5c0_corrected_v4b_075c,25.0,45.0,0.953125,-0.34478641160965473,0.014584052300646742,0.07449156373817957,-0.4229900073648348,-0.4211102924721769,-0.41904141551921514,-0.36077029749410167,0.003948591845619631,0.05639140313245561
v4b_legacy_025c,25.0,45.0,0.9609375,-0.33023849663642024,0.015149655752287546,0.0740562149420382,-0.4021522289083693,-0.4695172254526464,-0.3977666366441562,-0.3422794456794397,0.004385592264213145,0.12285218750899357
v5c0_corrected_v4b_075c,25.0,45.0,0.9609375,-0.32399173602303033,0.015149655752287546,0.0740562149420382,-0.4021522289083693,-0.4695172254526464,-0.3977666366441562,-0.3422794456794397,0.004385592264213145,0.12285218750899357
v4b_legacy_025c,25.0,45.0,0.96875,-0.3098171998908286,0.01567934895871553,0.06963208386559469,-0.37664630454396536,-0.48578307261465414,-0.3718297986066215,-0.3196174042700043,0.00481650593734384,0.161349162407306
v5c0_corrected_v4b_075c,25.0,45.0,0.96875,-0.3024708441319042,0.01567934895871553,0.06963208386559469,-0.37664630454396536,-0.48578307261465414,-0.3718297986066215,-0.3196174042700043,0.00481650593734384,0.161349162407306
v4b_legacy_025c,25.0,45.0,0.9765625,-0.2868280411905286,0.01617158107116808,0.06308939479736596,-0.3466044992235862,-0.4883767533725283,-0.3413674415305724,-0.2929049414730657,0.005237057693013802,0.19023475420644875
v5c0_corrected_v4b_075c,25.0,45.0,0.9765625,-0.27851458674731155,0.01617158107116808,0.06308939479736596,-0.3466044992235862,-0.4883767533725283,-0.3413674415305724,-0.2929049414730657,0.005237057693013802,0.19023475420644875
v4b_legacy_025c,25.0,45.0,0.984375,-0.260884123175989,0.01662487002465203,0.05518065628071425,-0.31219303805591164,-0.48990090331253905,-0.3065502584434111,-0.26822564975628427,0.005642779612500537,0.21603247394375424
v5c0_corrected_v4b_075c,25.0,45.0,0.984375,-0.2516498317630696,0.01662487002465203,0.05518065628071425,-0.31219303805591164,-0.48990090331253905,-0.3065502584434111,-0.26822564975628427,0.005642779612500537,0.21603247394375424
v4b_legacy_025c,25.0,45.0,0.9921875,-0.23037256855325716,0.017037813254766963,0.047751249233730926,-0.2736149834402319,-0.4905006497152842,-0.26758590853910497,-0.2557840802051075,0.0060290749011269185,0.22868749460904975
v5c0_corrected_v4b_075c,25.0,45.0,0.9921875,-0.22044715882528074,0.017037813254766963,0.047751249233730926,-0.2736149834402319,-0.4905006497152842,-0.26758590853910497,-0.2557840802051075,0.0060290749011269185,0.22868749460904975
v4b_legacy_025c,25.0,60.0,0.0,-0.07992993476134834,0.017252548238385443,0.004405405939350108,-0.08047999939807095,-0.29953962884692537,-0.07444834046043383,-0.05887674463308377,0.006031658937637116,0.2346312252762045
v5c0_corrected_v4b_075c,25.0,60.0,0.0,-0.06985028929140204,0.017252548238385443,0.004405405939350108,-0.08047999939807095,-0.29953962884692537,-0.07444834046043383,-0.05887674463308377,0.006031658937637116,0.2346312252762045
v4b_legacy_025c,25.0,60.0,0.0078125,-0.04484319739435163,0.017607910528569387,0.0032874129984403087,-0.04367282421070616,-0.29355492697354124,-0.037538510179020136,-0.026292947989962057,0.006134314031686024,0.26112766495189316
v5c0_corrected_v4b_075c,25.0,60.0,0.0078125,-0.034110970801658425,0.017607910528569387,0.0032874129984403087,-0.04367282421070616,-0.29355492697354124,-0.037538510179020136,-0.026292947989962057,0.006134314031686024,0.26112766495189316
v4b_legacy_025c,25.0,60.0,0.015625,-0.007733726303891136,0.017919208278196985,0.0023065451677514925,-0.004952992328539181,-0.2865473351979753,0.0012474483154805312,0.007980835937199632,0.006200440644019712,0.28832773049115523
v5c0_corrected_v4b_075c,25.0,60.0,0.015625,0.0036333189951794345,0.017919208278196985,0.0023065451677514925,-0.004952992328539181,-0.2865473351979753,0.0012474483154805312,0.007980835937199632,0.006200440644019712,0.28832773049115523
v4b_legacy_025c,25.0,60.0,0.0234375,0.03103578509867969,0.01818530254874976,0.0014518415836887772,0.03531688785371658,-0.2784827943333562,0.041544958583182634,0.04362273127094944,0.006228070729466052,0.3158774548748396
v5c0_corrected_v4b_075c,25.0,60.0,0.0234375,0.04300818291337375,0.01818530254874976,0.0014518415836887772,0.03531688785371658,-0.2784827943333562,0.041544958583182634,0.04362273127094944,0.006228070729466052,0.3158774548748396
v4b_legacy_025c,25.0,60.0,0.03125,0.070863895678178,0.01840519460483321,0.0005050378006363932,0.07673724130844088,-0.2693111569097029,0.08295292852656465,0.08027391152526246,0.006215687218123767,0.34336938121684163
v5c0_corrected_v4b_075c,25.0,60.0,0.03125,0.08339936317893891,0.01840519460483321,0.0005050378006363932,0.07673724130844088,-0.2693111569097029,0.08295292852656465,0.08027391152526246,0.006215687218123767,0.34336938121684163
v4b_legacy_025c,25.0,60.0,0.0390625,0.10379958837131797,0.01857803703618132,-0.008209089886391598,0.11887584666397187,-0.25897231719391933,0.12503813958203552,0.11447210223304108,0.006162292918063653,0.36728212650889674
v5c0_corrected_v4b_075c,25.0,60.0,0.0390625,0.11678526223839135,0.01857803703618132,-0.008209089886391598,0.11887584666397187,-0.25897231719391933,0.12503813958203552,0.11447210223304108,0.006162292918063653,0.36728212650889674
v4b_legacy_025c,25.0,60.0,0.046875,0.13227821110206933,0.018703143318495454,-0.02175835218821964,0.1612731628905744,-0.24740408720980403,0.16734062887357146,0.1442035263090773,0.006067465982997067,0.3855401475358842
v5c0_corrected_v4b_075c,25.0,60.0,0.046875,0.14555648971946392,0.018703143318495454,-0.02175835218821964,0.1612731628905744,-0.24740408720980403,0.16734062887357146,0.1442035263090773,0.006067465982997067,0.3855401475358842
v4b_legacy_025c,25.0,60.0,0.0546875,0.16053557946111813,0.01877999558618655,-0.035351582236934985,0.2034488950287102,-0.23455098901182164,0.20938029458772095,0.17063274609129037,0.005931399559010758,0.3992523355441012
v5c0_corrected_v4b_075c,25.0,60.0,0.0546875,0.1739649361194218,0.01877999558618655,-0.035351582236934985,0.2034488950287102,-0.23455098901182164,0.20938029458772095,0.17063274609129037,0.005931399559010758,0.3992523355441012
v4b_legacy_025c,25.0,60.0,0.0625,0.1903435385805577,0.018808250454218453,-0.046692800093473354,0.24490928708823928,-0.22037366488416363,0.2506642112202106,0.19488364787921428,0.005754924131971317,0.4095023886314066
v5c0_corrected_v4b_075c,25.0,60.0,0.0625,0.20380048619950922,0.018808250454218453,-0.046692800093473354,0.24490928708823928,-0.22037366488416363,0.2506642112202106,0.19488364787921428,0.005754924131971317,0.4095023886314066
v4b_legacy_025c,25.0,60.0,0.0703125,0.22184997585596683,0.018787742793664148,-0.05513496465406759,0.28515532164984836,-0.2048579160115154,0.2906948336387647,0.21790164222990482,0.005539511988916335,0.41722004625250386
v5c0_corrected_v4b_075c,25.0,60.0,0.0703125,0.23522811076223588,0.018787742793664148,-0.05513496465406759,0.28515532164984836,-0.2048579160115154,0.2906948336387647,0.21790164222990482,0.005539511988916335,0.41722004625250386
v4b_legacy_025c,25.0,60.0,0.078125,0.254355717863972,0.0187184874321401,-0.06089701084097389,0.323691346389804,-0.18802294952564727,0.3289786104121658,0.2403793770932372,0.005287264022361793,0.42311506259652265
v5c0_corrected_v4b_075c,25.0,60.0,0.078125,0.26756305586789597,0.0187184874321401,-0.06089701084097389,0.323691346389804,-0.18802294952564727,0.3289786104121658,0.2403793770932372,0.005287264022361793,0.42311506259652265
v4b_legacy_025c,25.0,60.0,0.0859375,0.28771182507655196,0.01860067881239084,-0.06364850496892824,0.3600340804757647,-0.16992807453621814,0.3650349602826347,0.2627445380650021,0.005000879806870029,0.4276717327943502
v5c0_corrected_v4b_075c,25.0,60.0,0.0859375,0.30066768942226835,0.01860067881239084,-0.06364850496892824,0.3600340804757647,-0.16992807453621814,0.3650349602826347,0.2627445380650021,0.005000879806870029,0.4276717327943502
v4b_legacy_025c,25.0,60.0,0.09375,0.32027885850003757,0.0184346886971811,-0.06459779214062406,0.39372163831651913,-0.15067745783039668,0.39840525075971917,0.285194084139646,0.004683612443200036,0.4311879295268426
v5c0_corrected_v4b_075c,25.0,60.0,0.09375,0.332911286194047,0.0184346886971811,-0.06459779214062406,0.39372163831651913,-0.15067745783039668,0.39840525075971917,0.285194084139646,0.004683612443200036,0.4311879295268426
v4b_legacy_025c,25.0,60.0,0.1015625,0.3515803278635491,0.018221062054461022,-0.06379642997282516,0.42432236056687567,-0.1304225500029573,0.4286615706605179,0.307750793557892,0.004339210093642243,0.433834133467207
v5c0_corrected_v4b_075c,25.0,60.0,0.1015625,0.36382445662444063,0.018221062054461022,-0.06379642997282516,0.42432236056687567,-0.1304225500029573,0.4286615706605179,0.307750793557892,0.004339210093642243,0.433834133467207
v4b_legacy_025c,25.0,60.0,0.109375,0.37909746058019106,0.01796051129256393,-0.06341228651346376,0.4514431778622146,-0.10936200705155504,0.4554150242924569,0.3303165371008086,0.003971846430242287,0.43570669772212134
v5c0_corrected_v4b_075c,25.0,60.0,0.109375,0.3908948220751173,0.01796051129256393,-0.06341228651346376,0.4514431778622146,-0.10936200705155504,0.4554150242924569,0.3303165371008086,0.003971846430242287,0.43570669772212134
v4b_legacy_025c,25.0,60.0,0.1171875,0.40644601153396054,0.017653909040847054,-0.05941020174590229,0.47473729720826474,-0.087739047444183,0.47832333960736745,0.3527023414577627,0.003586042399102707,0.43685534650284297
v5c0_corrected_v4b_075c,25.0,60.0,0.1171875,0.41774425848423213,0.017653909040847054,-0.05941020174590229,0.47473729720826474,-0.087739047444183,0.47832333960736745,0.3527023414577627,0.003586042399102707,0.43685534650284297
v4b_legacy_025c,25.0,60.0,0.125,0.42678917028199403,0.01730227968721773,-0.05844807155391899,0.493910862135143,-0.06583648650985964,0.497097443919738,0.3746256794063491,0.003186581784594966,0.43727558413161377
v5c0_corrected_v4b_075c,25.0,60.0,0.125,0.4375416165236256,0.01730227968721773,-0.05844807155391899,0.493910862135143,-0.06583648650985964,0.497097443919738,0.3746256794063491,0.003186581784594966,0.43727558413161377
v4b_legacy_025c,25.0,60.0,0.1328125,0.4399615824930141,0.016906789891386064,-0.06044457487807063,0.5087285847625872,-0.04396954297608072,0.5115070078151785,0.39567795238029413,0.00277842305259135,0.43686907230378347
v5c0_corrected_v4b_075c,25.0,60.0,0.1328125,0.45012605916109033,0.016906789891386064,-0.06044457487807063,0.5087285847625872,-0.04396954297608072,0.5115070078151785,0.39567795238029413,0.00277842305259135,0.43686907230378347
v4b_legacy_025c,25.0,60.0,0.140625,0.45260866951814377,0.01646873829271761,-0.058454183335263116,0.5190179250184423,-0.02247703676875611,0.5213845348942069,0.4152753373610567,0.002366609875764536,0.4353857642540483
v5c0_corrected_v4b_075c,25.0,60.0,0.140625,0.46214553360178307,0.01646873829271761,-0.058454183335263116,0.5190179250184423,-0.02247703676875611,0.5213845348942069,0.4152753373610567,0.002366609875764536,0.4353857642540483
v4b_legacy_025c,25.0,60.0,0.1484375,0.4580392848608345,0.015989544625613028,-0.05916199442731501,0.5246719332818562,-0.0017112465280476644,0.5266281158907519,0.43261299257199626,0.001956182608895629,0.4323680564911483
v5c0_corrected_v4b_075c,25.0,60.0,0.1484375,0.46690883580368486,0.015989544625613028,-0.05916199442731501,0.5246719332818562,-0.0017112465280476644,0.5266281158907519,0.43261299257199626,0.001956182608895629,0.4323680564911483
v4b_legacy_025c,25.0,60.0,0.15625,0.46621173695445695,0.015470738444797879,-0.052395299142012894,0.5256505896862202,0.017972977105647762,0.5272026824849491,0.44664322058868394,0.0015520927987288102,0.42711815068430736
v5c0_corrected_v4b_075c,25.0,60.0,0.15625,0.4743716629474484,0.015470738444797879,-0.052395299142012894,0.5256505896862202,0.017972977105647762,0.5272026824849491,0.44664322058868394,0.0015520927987288102,0.42711815068430736
v4b_legacy_025c,25.0,60.0,0.1640625,0.46327696780747957,0.014913947649050048,-0.052238101835114625,0.5219804629702584,0.03622915056168422,0.5231395855612909,0.456093678944662,0.0011591225910325686,0.4187054057919452
v5c0_corrected_v4b_075c,25.0,60.0,0.1640625,0.4706806409008674,0.014913947649050048,-0.052238101835114625,0.5219804629702584,0.03622915056168422,0.5231395855612909,0.456093678944662,0.0011591225910325686,0.4187054057919452
v4b_legacy_025c,25.0,60.0,0.171875,0.4723217461568176,0.014320886975858014,-0.03533513051265496,0.5137531063538793,0.05272997937259424,0.5145349170002929,0.459533923554916,0.0007818106464135832,0.4060221335359082
v5c0_corrected_v4b_075c,25.0,60.0,0.171875,0.47891815388729564,0.014320886975858014,-0.03533513051265496,0.5137531063538793,0.05272997937259424,0.5145349170002929,0.459533923554916,0.0007818106464135832,0.4060221335359082
v4b_legacy_025c,25.0,60.0,0.1796875,0.4576649501266364,0.013693346622242983,-0.038035528581893165,0.5011217993208691,0.06717716525169348,0.5015461852259767,0.45548775943236597,0.0004243859051076271,0.38788620827556486
v5c0_corrected_v4b_075c,25.0,60.0,0.1796875,0.4634007963316489,0.013693346622242983,-0.038035528581893165,0.5011217993208691,0.06717716525169348,0.5015461852259767,0.45548775943236597,0.0004243859051076271,0.38788620827556486
v4b_legacy_025c,25.0,60.0,0.1875,0.44841758859866776,0.013033181129258524,-0.031005352308133147,0.4842971117611842,0.07931008866654671,0.4843878220194496,0.44271085119904735,9.071025826540291e-05,0.36331005227423524
v5c0_corrected_v4b_075c,25.0,60.0,0.1875,0.45324338457430363,0.013033181129258524,-0.031005352308133147,0.4842971117611842,0.07931008866654671,0.4843878220194496,0.44271085119904735,9.071025826540291e-05,0.36331005227423524
v4b_legacy_025c,25.0,60.0,0.1953125,0.4403838645594581,0.012342298650090606,-0.018765400831798895,0.463541432734117,0.08891303851836105,0.46332566363180355,0.4245722819530872,-0.0002157691023134678,0.33587501253703966
v5c0_corrected_v4b_075c,25.0,60.0,0.1953125,0.4443135651709797,0.012342298650090606,-0.018765400831798895,0.463541432734117,0.08891303851836105,0.46332566363180355,0.4245722819530872,-0.0002157691023134678,0.33587501253703966
v4b_legacy_025c,25.0,60.0,0.203125,0.4306958847985164,0.011622650704647285,-0.0045285458514826155,0.43916233965090623,0.09582046274640872,0.43867028248646667,0.4032223485987704,-0.0004920571644395633,0.30789394301680123
v5c0_corrected_v4b_075c,25.0,60.0,0.203125,0.4337823713878377,0.011622650704647285,-0.0045285458514826155,0.43916233965090623,0.09582046274640872,0.43867028248646667,0.4032223485987704,-0.0004920571644395633,0.30789394301680123
v4b_legacy_025c,25.0,60.0,0.2109375,0.4071485770718647,0.010876222507339835,-0.0009787051562391291,0.41150550507650974,0.09992053509567941,0.41076986689412387,0.3789617587760866,-0.0007356381823858671,0.27977686186279305
v5c0_corrected_v4b_075c,25.0,60.0,0.2109375,0.4094558542915038,0.010876222507339835,-0.0009787051562391291,0.41150550507650974,0.09992053509567941,0.41076986689412387,0.3789617587760866,-0.0007356381823858671,0.27977686186279305
v4b_legacy_025c,25.0,60.0,0.21875,0.3563950413322792,0.01010502393959129,-0.021962984374717436,0.3809470962810262,0.10276793770353361,0.38000260388414303,0.3521183373551104,-0.0009444923968831564,0.25029489204845995
v5c0_corrected_v4b_075c,25.0,60.0,0.21875,0.35797978481150317,0.01010502393959129,-0.021962984374717436,0.3809470962810262,0.10276793770353361,0.38000260388414303,0.3521183373551104,-0.0009444923968831564,0.25029489204845995
v4b_legacy_025c,25.0,60.0,0.2265625,0.33629870969554004,0.00931108122454561,-0.009657998471282642,0.34788580715377665,0.13104467490544747,0.3467687045117206,0.323040144798338,-0.001117102642056056,0.19311257253494657
v5c0_corrected_v4b_075c,25.0,60.0,0.2265625,0.33697969390183785,0.00931108122454561,-0.009657998471282642,0.34788580715377665,0.13104467490544747,0.3467687045117206,0.323040144798338,-0.001117102642056056,0.19311257253494657
v4b_legacy_025c,25.0,60.0,0.234375,0.3056734567512633,0.008496429348500888,-0.005929997581424987,0.3127351498463674,0.17360855081508472,0.31148269855167793,0.29208881036970236,-0.0012524512946894828,0.11973271084930712
v5c0_corrected_v4b_075c,25.0,60.0,0.234375,0.30543830597500937,0.008496429348500888,-0.005929997581424987,0.3127351498463674,0.17360855081508472,0.31148269855167793,0.29208881036970236,-0.0012524512946894828,0.11973271084930712
v4b_legacy_025c,25.0,60.0,0.2421875,0.27985767434052516,0.00766310526170677,0.004499766944112894,0.2759159053204148,0.2075995089800508,0.2745658971245759,0.25963299313655475,-0.0013500081958389143,0.053383492352342854
v5c0_corrected_v4b_075c,25.0,60.0,0.2421875,0.2789167494658198,0.00766310526170677,0.004499766944112894,0.2759159053204148,0.2075995089800508,0.2745658971245759,0.25963299313655475,-0.0013500081958389143,0.053383492352342854
v4b_legacy_025c,25.0,60.0,0.25,0.24716920829106528,0.006813141880262034,0.009528832904633501,0.2378489222059568,0.2167682619883096,0.23643921188336567,0.2260421228364972,-0.001409710322591129,0.010683571170778727
v5c0_corrected_v4b_075c,25.0,60.0,0.25,0.24583228665464854,0.006813141880262034,0.009528832904633501,0.2378489222059568,0.2167682619883096,0.23643921188336567,0.2260421228364972,-0.001409710322591129,0.010683571170778727
v4b_legacy_025c,25.0,60.0,0.2578125,0.23890362039510296,0.005948562900805219,0.040228927850088345,0.1989487124427208,0.19311274995281247,0.1975167783325377,0.19168081584262936,-0.0014319341101831085,0.0
v5c0_corrected_v4b_075c,25.0,60.0,0.2578125,0.23747168628491985,0.005948562900805219,0.040228927850088345,0.1989487124427208,0.19311274995281247,0.1975167783325377,0.19168081584262936,-0.0014319341101831085,0.0
v4b_legacy_025c,25.0,60.0,0.265625,0.23066171878620445,0.005071378430370645,0.07141267779578736,0.1596177762563102,0.15832137289086953,0.15820031483213232,0.15690391146669164,-0.001417461424177896,0.0
v5c0_corrected_v4b_075c,25.0,60.0,0.265625,0.22924425736202655,0.005071378430370645,0.07141267779578736,0.1596177762563102,0.15832137289086953,0.15820031483213232,0.15690391146669164,-0.001417461424177896,0.0
v4b_legacy_025c,25.0,60.0,0.2734375,0.2019307186630197,0.0041835814250310785,0.08201882208396721,0.12024173400711759,0.12341963140114878,0.11887429374516087,0.12205219113919208,-0.0013674402619567178,1.3877787807814457e-17
v5c0_corrected_v4b_075c,25.0,60.0,0.2734375,0.20056327840106297,0.0041835814250310785,0.08201882208396721,0.12024173400711759,0.12341963140114878,0.11887429374516087,0.12205219113919208,-0.0013674402619567178,1.3877787807814457e-17
v4b_legacy_025c,25.0,60.0,0.28125,0.1983685149463803,0.0032871449226057957,0.11754462914898067,0.08118546449792438,0.08873229645878838,0.0799021231722386,0.08744895513310261,-0.0012833413256857773,0.0
v5c0_corrected_v4b_075c,25.0,60.0,0.28125,0.19708517362069453,0.0032871449226057957,0.11754462914898067,0.08118546449792438,0.08873229645878838,0.0799021231722386,0.08744895513310261,-0.0012833413256857773,0.0
v4b_legacy_025c,25.0,60.0,0.2890625,0.1606726677417407,0.0023840200466145986,0.11813597831343906,0.04279025822027079,0.05456438260163946,0.04162334656215956,0.05339747094352823,-0.0011669116581112318,0.0
v5c0_corrected_v4b_075c,25.0,60.0,0.2890625,0.15950575608362946,0.0023840200466145986,0.11813597831343906,0.04279025822027079,0.05456438260163946,0.04162334656215956,0.05339747094352823,-0.0011669116581112318,0.0
v4b_legacy_025c,25.0,60.0,0.296875,0.1280769194542409,0.0014761347506418885,0.12286300706974124,0.005371911296854351,0.02119935654815994,0.0043517847265905725,0.02017922997789616,-0.0010201265702637786,-1.734723475976807e-18
v5c0_corrected_v4b_075c,25.0,60.0,0.296875,0.12705679288397714,0.0014761347506418885,0.12286300706974124,0.005371911296854351,0.02119935654815994,0.0043517847265905725,0.02017922997789616,-0.0010201265702637786,-1.734723475976807e-18
v4b_legacy_025c,25.0,60.0,0.3046875,0.079930910537036,0.0005653932641843752,0.11076268512731721,-0.0307802761481073,-0.011101877722000152,-0.03162541726569021,-0.011947018839583056,-0.0008451411175829093,5.204170427930421e-18
v5c0_corrected_v4b_075c,25.0,60.0,0.3046875,0.0790857694194531,0.0005653932641843752,0.11076268512731721,-0.0307802761481073,-0.011101877722000152,-0.03162541726569021,-0.011947018839583056,-0.0008451411175829093,5.204170427930421e-18
v4b_legacy_025c,25.0,60.0,0.3125,0.04399073247817705,0.00034632380725172195,0.10942412448464316,-0.0654035659964155,-0.04210118488046162,-0.06604780839409238,-0.0427454272781385,-0.0006442423976768807,0.0
v5c0_corrected_v4b_075c,25.0,60.0,0.3125,0.04334649008050017,0.00034632380725172195,0.10942412448464316,-0.0654035659964155,-0.04210118488046162,-0.06604780839409238,-0.0427454272781385,-0.0006442423976768807,0.0
v4b_legacy_025c,25.0,60.0,0.3203125,-0.005990579376419104,0.0012571587836858486,0.09235308574439025,-0.09826110154692846,-0.07158275391224349,-0.09868090549363252,-0.07200255785894755,-0.00041980394670405874,0.0
v5c0_corrected_v4b_075c,25.0,60.0,0.3203125,-0.006410383323123162,0.0012571587836858486,0.09235308574439025,-0.09826110154692846,-0.07158275391224349,-0.09868090549363252,-0.07200255785894755,-0.00041980394670405874,0.0
v4b_legacy_025c,25.0,60.0,0.328125,-0.05027620261880293,0.002165275678793847,0.07897087516443417,-0.1291405843663945,-0.09935209178980944,-0.12931482786433357,-0.09952633528774853,-0.00017424349793906946,-1.3877787807814457e-17
v5c0_corrected_v4b_075c,25.0,60.0,0.328125,-0.050450446116742,0.002165275678793847,0.07897087516443417,-0.1291405843663945,-0.09935209178980944,-0.12931482786433357,-0.09952633528774853,-0.00017424349793906946,-1.3877787807814457e-17
v4b_legacy_025c,25.0,60.0,0.3359375,-0.08564220730858677,0.003068858509164727,0.07233212973848245,-0.15785245962234956,-0.12523458336140048,-0.15776244495138983,-0.12514456869044074,9.001467095973159e-05,0.0
v5c0_corrected_v4b_075c,25.0,60.0,0.3359375,-0.08555219263762703,0.003068858509164727,0.07233212973848245,-0.15785245962234956,-0.12523458336140048,-0.15776244495138983,-0.12514456869044074,9.001467095973159e-05,0.0
v4b_legacy_025c,25.0,60.0,0.34375,-0.10859203451836048,0.003966109229264773,0.07579688018329678,-0.18422772063874596,-0.1490737107329259,-0.18385714899421063,-0.1487031390883906,0.000370571644535328,-2.7755575615628914e-17
v5c0_corrected_v4b_075c,25.0,60.0,0.34375,-0.10822146287382516,0.003966109229264773,0.07579688018329678,-0.18422772063874596,-0.1490737107329259,-0.18385714899421063,-0.1487031390883906,0.000370571644535328,-2.7755575615628914e-17
v4b_legacy_025c,25.0,60.0,0.3515625,-0.11833461990809395,0.004855245387150435,0.09003654254539205,-0.20811553323530832,-0.17072910366962368,-0.20745045425169611,-0.17006402468601148,0.0006650789836122051,0.0
v5c0_corrected_v4b_075c,25.0,60.0,0.3515625,-0.11766954092448174,0.004855245387150435,0.09003654254539205,-0.20811553323530832,-0.17072910366962368,-0.20745045425169611,-0.17006402468601148,0.0006650789836122051,0.0
v4b_legacy_025c,25.0,60.0,0.359375,-0.1685074060494302,0.005734497606676773,0.060997820848183844,-0.22938083681275215,-0.1900745560773568,-0.22840958064824432,-0.18910329991284897,0.0009712561645078277,0.0
v5c0_corrected_v4b_075c,25.0,60.0,0.359375,-0.16753614988492238,0.005734497606676773,0.060997820848183844,-0.22938083681275215,-0.1900745560773568,-0.22840958064824432,-0.18910329991284897,0.0009712561645078277,0.0
v4b_legacy_025c,25.0,60.0,0.3671875,-0.18983736223538233,0.006602107012624508,0.05817875987592785,-0.2479020850788796,-0.20699614919876655,-0.24661518539047247,-0.20570924951035943,0.001286899688407117,0.0
v5c0_corrected_v4b_075c,25.0,60.0,0.3671875,-0.1885504625469752,0.006602107012624508,0.05817875987592785,-0.2479020850788796,-0.20699614919876655,-0.24661518539047247,-0.20570924951035943,0.001286899688407117,0.0
v4b_legacy_025c,25.0,60.0,0.375,-0.21157704186894236,0.007456320710920227,0.05206594949756094,-0.2635692685948343,-0.2213906046000263,-0.26195938508960964,-0.21978072109480162,0.001609883505224674,0.0
v5c0_corrected_v4b_075c,25.0,60.0,0.375,-0.20996715836371768,0.007456320710920227,0.05206594949756094,-0.2635692685948343,-0.2213906046000263,-0.26195938508960964,-0.21978072109480162,0.001609883505224674,0.0
v4b_legacy_025c,25.0,60.0,0.3828125,-0.2417501892474787,0.008295369281832818,0.03446034401248839,-0.2762823547843402,-0.23316398459688387,-0.2743442040125582,-0.2312258338251019,0.001938150771781999,-2.7755575615628914e-17
v5c0_corrected_v4b_075c,25.0,60.0,0.3828125,-0.2398120384756967,0.008295369281832818,0.03446034401248839,-0.2762823547843402,-0.23316398459688387,-0.2743442040125582,-0.2312258338251019,0.001938150771781999,-2.7755575615628914e-17
v4b_legacy_025c,25.0,60.0,0.390625,-0.2531164259652761,0.009117466665257477,0.0327336764650908,-0.2859502645811809,-0.24223084454373428,-0.28368056716776535,-0.23996114713031874,0.002269697413415539,0.0
v5c0_corrected_v4b_075c,25.0,60.0,0.390625,-0.2508467285518605,0.009117466665257477,0.0327336764650908,-0.2859502645811809,-0.24223084454373428,-0.28368056716776535,-0.23996114713031874,0.002269697413415539,0.0
v4b_legacy_025c,25.0,60.0,0.3984375,-0.2566731011302674,0.009920816461171598,0.03573561822795089,-0.2924904762244466,-0.24851391668402864,-0.2898879277549939,-0.2459113682145759,0.0026025484694527368,0.0
v5c0_corrected_v4b_075c,25.0,60.0,0.3984375,-0.2540705526608147,0.009920816461171598,0.03573561822795089,-0.2924904762244466,-0.24851391668402864,-0.2898879277549939,-0.2459113682145759,0.0026025484694527368,0.0
v4b_legacy_025c,25.0,60.0,0.40625,-0.2578602694679979,0.010703612015575887,0.03790504016384483,-0.2958293161263673,-0.2519443792293983,-0.2928945873733979,-0.24900965047642878,0.0029347287529694066,8.326672684688674e-17
v5c0_corrected_v4b_075c,25.0,60.0,0.40625,-0.2549255407150285,0.010703612015575887,0.03790504016384483,-0.2958293161263673,-0.2519443792293983,-0.2928945873733979,-0.24900965047642878,0.0029347287529694066,8.326672684688674e-17
v4b_legacy_025c,25.0,60.0,0.4140625,-0.26494645783952736,0.011464037459077075,0.030811736587543024,-0.2959029679311843,-0.2524627394505619,-0.29263873802364454,-0.2491985095430221,0.003264229907539773,2.7755575615628914e-17
v5c0_corrected_v4b_075c,25.0,60.0,0.4140625,-0.2616822279319876,0.011464037459077075,0.030811736587543024,-0.2959029679311843,-0.2524627394505619,-0.29263873802364454,-0.2491985095430221,0.003264229907539773,2.7755575615628914e-17
v4b_legacy_025c,25.0,60.0,0.421875,-0.2681378830976768,0.012200269849786281,0.024297543147613128,-0.2926591953417147,-0.25002032866766327,-0.2890702188922867,-0.24643135221823523,0.0035889764494280163,2.7755575615628914e-17
v5c0_corrected_v4b_075c,25.0,60.0,0.421875,-0.2645489066482488,0.012200269849786281,0.024297543147613128,-0.2926591953417147,-0.25002032866766327,-0.2890702188922867,-0.24643135221823523,0.0035889764494280163,2.7755575615628914e-17
v4b_legacy_025c,25.0,60.0,0.4296875,-0.2637408959370825,0.012910482556430085,0.02206823946248317,-0.28605972944312436,-0.24458136782112067,-0.2821529356588002,-0.24067457403679646,0.003906793784324181,2.7755575615628914e-17
v5c0_corrected_v4b_075c,25.0,60.0,0.4296875,-0.2598341021527583,0.012910482556430085,0.02206823946248317,-0.28605972944312436,-0.24458136782112067,-0.2821529356588002,-0.24067457403679646,0.003906793784324181,2.7755575615628914e-17
v4b_legacy_025c,25.0,60.0,0.4375,-0.25585782505630844,0.013592849993104554,0.019953482162234158,-0.276083221579888,-0.23612551944293092,-0.2718678401592329,-0.2319101380222758,0.00421538142065514,-2.7755575615628914e-17
v5c0_corrected_v4b_075c,25.0,60.0,0.4375,-0.2516424436356533,0.013592849993104554,0.019953482162234158,-0.276083221579888,-0.23612551944293092,-0.2718678401592329,-0.2319101380222758,0.00421538142065514,-2.7755575615628914e-17
v4b_legacy_025c,25.0,60.0,0.4453125,-0.24487493412680084,0.014245553783431375,0.01756421928610014,-0.26272863050372236,-0.22484388909386463,-0.2582163358951858,-0.22013851808552298,0.004512294608536582,0.00019307639980506441
v5c0_corrected_v4b_075c,25.0,60.0,0.4453125,-0.2403598890380265,0.014245553783431375,0.01756421928610014,-0.26272863050372236,-0.22484388909386463,-0.2582163358951858,-0.22013851808552298,0.004512294608536582,0.00019307639980506441
v4b_legacy_025c,25.0,60.0,0.453125,-0.23070290437728358,0.014866790389103254,0.015298562171921885,-0.2460183529539987,-0.22958394341009677,-0.24122341558279098,-0.20538141173554791,0.00479493737120773,0.01940759430334113
v5c0_corrected_v4b_075c,25.0,60.0,0.453125,-0.22561943836961135,0.014866790389103254,0.015298562171921885,-0.2460183529539987,-0.22958394341009677,-0.24122341558279098,-0.20538141173554791,0.00479493737120773,0.01940759430334113
v4b_legacy_025c,25.0,60.0,0.4609375,-0.21336548218217488,0.01545478018681408,0.01332212464471878,-0.22600098294034546,-0.2571067879231232,-0.22094041359417185,-0.1876841125507138,0.0050605693461736045,0.0643621060262358
v5c0_corrected_v4b_075c,25.0,60.0,0.4609375,-0.20731021063500538,0.01545478018681408,0.01332212464471878,-0.22600098294034546,-0.2571067879231232,-0.22094041359417185,-0.1876841125507138,0.0050605693461736045,0.0643621060262358
v4b_legacy_025c,25.0,60.0,0.46875,-0.19318841677833615,0.016007777920126014,0.011181783264671764,-0.20275848149229875,-0.2922601634000661,-0.19745215346029532,-0.16712165081995778,0.005306328032003427,0.1198321845481049
v5c0_corrected_v4b_075c,25.0,60.0,0.46875,-0.18596384174840308,0.016007777920126014,0.011181783264671764,-0.20275848149229875,-0.2922601634000661,-0.19745215346029532,-0.16712165081995778,0.005306328032003427,0.1198321845481049
v4b_legacy_025c,25.0,60.0,0.4765625,-0.16969762901498434,0.016524084391598703,0.009089448591675238,-0.17640872008555983,-0.31125205861454075,-0.17087945308852276,-0.1438009683155247,0.005529266997037069,0.161921823301979
v5c0_corrected_v4b_075c,25.0,60.0,0.4765625,-0.16149275214486383,0.016524084391598703,0.009089448591675238,-0.17640872008555983,-0.31125205861454075,-0.17087945308852276,-0.1438009683155247,0.005529266997037069,0.161921823301979
v4b_legacy_025c,25.0,60.0,0.484375,-0.1426471993887906,0.017002059198959474,0.007328726086062455,-0.14710777855869747,-0.3084731431467286,-0.1413813691224748,-0.11786284948901173,0.005726409436222685,0.18488388422149418
v5c0_corrected_v4b_075c,25.0,60.0,0.484375,-0.1337773832081005,0.017002059198959474,0.007328726086062455,-0.14710777855869747,-0.3084731431467286,-0.1413813691224748,-0.11786284948901173,0.005726409436222685,0.18488388422149418
v4b_legacy_025c,25.0,60.0,0.4921875,-0.11266565744436807,0.017440134261251652,0.005791798527568081,-0.11505218149804333,-0.30451544367597894,-0.10915736622297748,-0.08948376994021391,0.005894815275065857,0.20913685846069918
v5c0_corrected_v4b_075c,25.0,60.0,0.4921875,-0.10312346727877122,0.017440134261251652,0.005791798527568081,-0.11505218149804333,-0.30451544367597894,-0.10915736622297748,-0.08948376994021391,0.005894815275065857,0.20913685846069918
v4b_legacy_025c,25.0,60.0,0.5,-0.08007682936370346,0.01783682783098237,0.004389182058041485,-0.08048039426693696,-0.2995399774587911,-0.07444873532929991,-0.05887709324494929,0.006031658937637047,0.23463122527620475
v5c0_corrected_v4b_075c,25.0,60.0,0.5,-0.06986009365704231,0.01783682783098237,0.004389182058041485,-0.08048039426693696,-0.2995399774587911,-0.07444873532929991,-0.05887709324494929,0.006031658937637047,0.23463122527620475
v4b_legacy_025c,25.0,60.0,0.5078125,-0.045135833080588085,0.01819075865027879,0.003140109429516201,-0.043673277434117,-0.29355532966781145,-0.03753896340243097,-0.026293350684232147,0.006134314031686031,0.26112766495189327
v5c0_corrected_v4b_075c,25.0,60.0,0.5078125,-0.03425140871885131,0.01819075865027879,0.003140109429516201,-0.043673277434117,-0.29355532966781145,-0.03753896340243097,-0.026293350684232147,0.006134314031686031,0.26112766495189327
v4b_legacy_025c,25.0,60.0,0.515625,-0.008150604746858728,0.018500659886217415,0.002050510756728889,-0.0049534995444483945,-0.286547788022615,0.0012469410995713847,0.007980383112560024,0.006200440644019779,0.2883277304911553
v5c0_corrected_v4b_075c,25.0,60.0,0.515625,0.003384089174742872,0.018500659886217415,0.002050510756728889,-0.0049534995444483945,-0.286547788022615,0.0012469410995713847,0.007980383112560024,0.006200440644019779,0.2883277304911553
v4b_legacy_025c,25.0,60.0,0.5234375,0.030466276603661066,0.018765392474954002,0.0010583795826894448,0.035316331038540025,-0.2784832933056447,0.04154440176800609,0.043622232298663445,0.006228070729466066,0.3158774548748421
v5c0_corrected_v4b_075c,25.0,60.0,0.5234375,0.04262191174784311,0.018765392474954002,0.0010583795826894448,0.035316331038540025,-0.2784832933056447,0.04154440176800609,0.043622232298663445,0.006228070729466066,0.3158774548748421
v4b_legacy_025c,25.0,60.0,0.53125,0.07031045753777462,0.01898395751678168,0.00014595600407404105,0.07673663929093658,-0.26931169804062655,0.08295232650906031,0.08027337039433584,0.006215687218123739,0.3433693812168387
v5c0_corrected_v4b_075c,25.0,60.0,0.53125,0.08304465450148243,0.01898395751678168,0.00014595600407404105,0.07673663929093658,-0.26931169804062655,0.08295232650906031,0.08027337039433584,0.006215687218123739,0.3433693812168387
v4b_legacy_025c,25.0,60.0,0.5390625,0.10478528005663248,0.019155507393993028,-0.006985869557305709,0.11887520381765514,-0.2589728965122322,0.1250374967357188,0.11447152291472697,0.006162292918063653,0.3672821265088955
v5c0_corrected_v4b_075c,25.0,60.0,0.5390625,0.11798304846471877,0.019155507393993028,-0.006985869557305709,0.11887520381765514,-0.2589728965122322,0.1250374967357188,0.11447152291472697,0.006162292918063653,0.3672821265088955
v4b_legacy_025c,25.0,60.0,0.546875,0.13422255072911682,0.019279355328212715,-0.01954776855405843,0.161272483558542,-0.24740470076951648,0.1673399495415392,0.14420291274937183,0.006067465982997178,0.3855401475358911
v5c0_corrected_v4b_075c,25.0,60.0,0.546875,0.14772298220975,0.019279355328212715,-0.01954776855405843,0.161272483558542,-0.24740470076951648,0.1673399495415392,0.14420291274937183,0.006067465982997178,0.3855401475358911
v4b_legacy_025c,25.0,60.0,0.5546875,0.16236460182058637,0.019354983150352726,-0.03324964896095735,0.2034481834525381,-0.2345516329531057,0.20937958301154888,0.17063210215000563,0.005931399559010786,0.39925233554410056
v5c0_corrected_v4b_075c,25.0,60.0,0.5546875,0.1760235236067922,0.019354983150352726,-0.03324964896095735,0.2034481834525381,-0.2345516329531057,0.20937958301154888,0.17063210215000563,0.005931399559010786,0.39925233554410056
v4b_legacy_025c,25.0,60.0,0.5625,0.19179038981883562,0.01938204712044721,-0.04497166578020168,0.24490854741340382,-0.22037433542974225,0.2506634715453751,0.194882977333634,0.00575492413197129,0.409502388631405
v5c0_corrected_v4b_075c,25.0,60.0,0.5625,0.20548230854319652,0.01938204712044721,-0.04497166578020168,0.24490854741340382,-0.22037433542974225,0.2506634715453751,0.194882977333634,0.00575492413197129,0.409502388631405
v4b_legacy_025c,25.0,60.0,0.5703125,0.22287679551822376,0.01936038170201248,-0.05383315077384133,0.28515455790454597,-0.2048586094855535,0.2906940698934623,0.2179009487558693,0.005539511988916335,0.41722004625250647
v5c0_corrected_v4b_075c,25.0,60.0,0.5703125,0.2364938468563199,0.01936038170201248,-0.05383315077384133,0.28515455790454597,-0.2048586094855535,0.2906940698934623,0.2179009487558693,0.005539511988916335,0.41722004625250647
v4b_legacy_025c,25.0,60.0,0.578125,0.2550999260340627,0.019290001262105446,-0.05987465047224277,0.32369056246606426,-0.188023662370598,0.32897782648842616,0.2403786642482871,0.005287264022361904,0.4231150625965232
v5c0_corrected_v4b_075c,25.0,60.0,0.578125,0.2685490801479273,0.019290001262105446,-0.05987465047224277,0.32369056246606426,-0.188023662370598,0.32897782648842616,0.2403786642482871,0.005287264022361904,0.4231150625965232
v4b_legacy_025c,25.0,60.0,0.5859375,0.28792122611420373,0.01917109973033699,-0.06316300225965152,0.3600332801132057,-0.1699288033274341,0.36503415992007576,0.2627438092737868,0.005000879806870084,0.42767173279435083
v5c0_corrected_v4b_075c,25.0,60.0,0.5859375,0.3011210433623204,0.01917109973033699,-0.06316300225965152,0.3600332801132057,-0.1699288033274341,0.36503415992007576,0.2627438092737868,0.005000879806870084,0.42767173279435083
v4b_legacy_025c,25.0,60.0,0.59375,0.3205002345987679,0.019004048304959668,-0.06409282833920632,0.39372082508865086,-0.15067819928850307,0.39840443753185084,0.2851933426815379,0.00468361244319998,0.431187929526841
v5c0_corrected_v4b_075c,25.0,60.0,0.59375,0.3333781632832115,0.019004048304959668,-0.06409282833920632,0.39372082508865086,-0.15067819928850307,0.39840443753185084,0.2851933426815379,0.00468361244319998,0.431187929526841
v4b_legacy_025c,25.0,60.0,0.6015625,0.3510394796166073,0.018789391339939714,-0.0640624345347366,0.4243215378700971,-0.13042330100391616,0.42866074796373926,0.30775004255693283,0.004339210093642187,0.43383413346720684
v5c0_corrected_v4b_075c,25.0,60.0,0.6015625,0.36353016902058843,0.018789391339939714,-0.0640624345347366,0.4243215378700971,-0.13042330100391616,0.42866074796373926,0.30775004255693283,0.004339210093642187,0.43383413346720684
v4b_legacy_025c,25.0,60.0,0.609375,0.3805383703912648,0.01852784058270186,-0.06165581997818896,0.4514423489075704,-0.10936276463432443,0.4554141953378127,0.33031577951803853,0.003971846430242287,0.4357066977221207
v5c0_corrected_v4b_075c,25.0,60.0,0.609375,0.392582921057718,0.01852784058270186,-0.06165581997818896,0.4514423489075704,-0.10936276463432443,0.4554141953378127,0.33031577951803853,0.003971846430242287,0.4357066977221207
v4b_legacy_025c,25.0,60.0,0.6171875,0.40603907302483694,0.01822026795787613,-0.059533642480250816,0.4747364650157542,-0.08773980881614986,0.47832250741485693,0.3527015800857923,0.003586042399102707,0.4368553465028394
v5c0_corrected_v4b_075c,25.0,60.0,0.6171875,0.4175847368960522,0.01822026795787613,-0.059533642480250816,0.4747364650157542,-0.08773980881614986,0.47832250741485693,0.3527015800857923,0.003586042399102707,0.4368553465028394
v4b_legacy_025c,25.0,60.0,0.625,0.4269090771695014,0.017867697108400752,-0.058036536790246215,0.4939100295300898,-0.06583724905057001,0.49709661131468474,0.37462491686563626,0.003186581784594966,0.4372755841316113
v5c0_corrected_v4b_075c,25.0,60.0,0.625,0.43790876664425904,0.017867697108400752,-0.058036536790246215,0.4939100295300898,-0.06583724905057001,0.49709661131468474,0.37462491686563626,0.003186581784594966,0.4372755841316113
v4b_legacy_025c,25.0,60.0,0.6328125,0.44639154224169575,0.01747129391273021,-0.053616613519630076,0.5087277543749479,-0.04397030423837726,0.5115061774275391,0.39567719111799676,0.002778423052591239,0.4368690723037828
v5c0_corrected_v4b_075c,25.0,60.0,0.6328125,0.4568026332578881,0.01747129391273021,-0.053616613519630076,0.5087277543749479,-0.04397030423837726,0.5115061774275391,0.39567719111799676,0.002778423052591239,0.4368690723037828
v4b_legacy_025c,25.0,60.0,0.640625,0.45029846271056545,0.01703235619692985,-0.06052661350395071,0.5190170992833003,-0.022477794478948928,0.5213837091590648,0.41527457965087067,0.002366609875764536,0.43538576425405506
v5c0_corrected_v4b_075c,25.0,60.0,0.640625,0.46008071800617756,0.01703235619692985,-0.06052661350395071,0.5190170992833003,-0.022477794478948928,0.5213837091590648,0.41527457965087067,0.002366609875764536,0.43538576425405506
v4b_legacy_025c,25.0,60.0,0.6484375,0.4698651337491232,0.01655230285449402,-0.046868916489682284,0.5246711144429093,-0.0017119985834110312,0.5266272970518048,0.43261224051664177,0.001956182608895518,0.4323680564911573
v5c0_corrected_v4b_075c,25.0,60.0,0.6484375,0.4789780033736693,0.01655230285449402,-0.046868916489682284,0.5246711144429093,-0.0017119985834110312,0.5266272970518048,0.43261224051664177,0.001956182608895518,0.4323680564911573
v4b_legacy_025c,25.0,60.0,0.65625,0.459967069918106,0.01603266257618531,-0.05848089147041143,0.5256497797995388,0.017972232639582964,0.5272018725982676,0.4466424761226173,0.0015520927987288102,0.42711815068430553
v5c0_corrected_v4b_075c,25.0,60.0,0.65625,0.46836700390692054,0.01603266257618531,-0.05848089147041143,0.5256497797995388,0.017972232639582964,0.5272018725982676,0.4466424761226173,0.0015520927987288102,0.42711815068430553
v4b_legacy_025c,25.0,60.0,0.6640625,0.47447771331390814,0.01547506237834283,-0.040613414854996054,0.5219796639108195,0.03622841545615238,0.5231387865018522,0.4560929438391279,0.0011591225910326797,0.4187054057919428
v5c0_corrected_v4b_075c,25.0,60.0,0.6640625,0.4821163281777205,0.01547506237834283,-0.040613414854996054,0.5219796639108195,0.03622841545615238,0.5231387865018522,0.4560929438391279,0.0011591225910326797,0.4187054057919428
v4b_legacy_025c,25.0,60.0,0.671875,0.4764133950786912,0.014881216102080133,-0.030938747073559238,0.5137523198232001,0.052729255241808624,0.5145341304696136,0.4595331994241285,0.0007818106464134722,0.40602213353590644
v5c0_corrected_v4b_075c,25.0,60.0,0.671875,0.4832373088364801,0.014881216102080133,-0.030938747073559238,0.5137523198232001,0.052729255241808624,0.5145341304696136,0.4595331994241285,0.0007818106464134722,0.40602213353590644
v4b_legacy_025c,25.0,60.0,0.6796875,0.44715606684978265,0.014252913038541438,-0.048470836353883606,0.5011210268549396,0.06717645355923528,0.5015454127600475,0.4554870477399005,0.0004243859051078491,0.38788620827555736
v5c0_corrected_v4b_075c,25.0,60.0,0.6796875,0.4531089611502916,0.014252913038541438,-0.048470836353883606,0.5011210268549396,0.06717645355923528,0.5015454127600475,0.4554870477399005,0.0004243859051078491,0.38788620827555736
v4b_legacy_025c,25.0,60.0,0.6875,0.4461280149396989,0.013592006817673202,-0.0331138377334525,0.48429635474076993,0.0793093907338404,0.4843870649990354,0.44271015326634106,9.071025826545842e-05,0.3633100522742352
v5c0_corrected_v4b_075c,25.0,60.0,0.6875,0.4511568379054049,0.013592006817673202,-0.0331138377334525,0.48429635474076993,0.0793093907338404,0.4843870649990354,0.44271015326634106,9.071025826545842e-05,0.3633100522742352
v4b_legacy_025c,25.0,60.0,0.6953125,0.41541794285391853,0.012900404680386163,-0.04385564799731846,0.463540692394807,0.08891235553310124,0.4633249232924934,0.42457159896783414,-0.00021576910231357882,0.3358750125370465
v5c0_corrected_v4b_075c,25.0,60.0,0.6953125,0.4195350973353626,0.012900404680386163,-0.04385564799731846,0.463540692394807,0.08891235553310124,0.4633249232924934,0.42457159896783414,-0.00021576910231357882,0.3358750125370465
v4b_legacy_025c,25.0,60.0,0.703125,0.4188352051996325,0.012180057236957227,-0.016343554284841084,0.4391616170933745,0.09581979577117211,0.4386695599289349,0.403221681623533,-0.0004920571644395633,0.30789394301680045
v5c0_corrected_v4b_075c,25.0,60.0,0.703125,0.42209331388405,0.012180057236957227,-0.016343554284841084,0.4391616170933745,0.09581979577117211,0.4386695599289349,0.403221681623533,-0.0004920571644395633,0.30789394301680045
v4b_legacy_025c,25.0,60.0,0.7109375,0.40922845825100335,0.011432948798341263,0.0013008640782481914,0.41150480127841005,0.09991988507800094,0.4107691630960242,0.3789611087584043,-0.0007356381823858671,0.2797768618627892
v5c0_corrected_v4b_075c,25.0,60.0,0.7109375,0.4116914946052553,0.011432948798341263,0.0013008640782481914,0.41150480127841005,0.09991988507800094,0.4107691630960242,0.3789611087584043,-0.0007356381823858671,0.2797768618627892
v4b_legacy_025c,25.0,60.0,0.71875,0.379401279123969,0.010661088351904366,0.0014358669550816744,0.3809464121067124,0.10276730548430067,0.3800019197098291,0.3521177051358736,-0.0009444923968832675,0.2502948920484562
v5c0_corrected_v4b_075c,25.0,60.0,0.71875,0.38112520268524464,0.010661088351904366,0.0014358669550816744,0.3809464121067124,0.10276730548430067,0.3800019197098291,0.3521177051358736,-0.0009444923968832675,0.2502948920484562
v4b_legacy_025c,25.0,60.0,0.7265625,0.32854480109652484,0.009866501239034438,-0.017372283116013926,0.3478851433652276,0.13104406122827383,0.34676804072317147,0.323039531121189,-0.0011171026420561114,0.19311257253497127
v5c0_corrected_v4b_075c,25.0,60.0,0.7265625,0.32933304389065815,0.009866501239034438,-0.017372283116013926,0.3478851433652276,0.13104406122827383,0.34676804072317147,0.323039531121189,-0.0011171026420561114,0.19311257253497127
v4b_legacy_025c,25.0,60.0,0.734375,0.3204152633138725,0.009051221579141521,0.009021678650968076,0.31273450711402456,0.1736079563359027,0.3114820558193352,0.29208821589052963,-0.0012524512946893718,0.1197327108493163
v5c0_corrected_v4b_075c,25.0,60.0,0.734375,0.3202465393153515,0.009051221579141521,0.009021678650968076,0.31273450711402456,0.1736079563359027,0.3114820558193352,0.29208821589052963,-0.0012524512946893718,0.1197327108493163
v4b_legacy_025c,25.0,60.0,0.7421875,0.29890116554449886,0.00821728547268279,0.02374235396266613,0.2759152842321876,0.2075989342749706,0.2745652760363488,0.2596324184314616,-0.0013500081958388033,0.05338349235232984
v5c0_corrected_v4b_075c,25.0,60.0,0.7421875,0.2979898247448479,0.00821728547268279,0.02374235396266613,0.2759152842321876,0.2075989342749706,0.2745652760363488,0.2596324184314616,-0.0013500081958388033,0.05338349235232984
v4b_legacy_025c,25.0,60.0,0.75,0.2584996640086076,0.00736672500494808,0.02096105012126605,0.23784832327830638,0.2167677075634239,0.23643861295571525,0.22604156841160827,-0.001409710322591129,0.010683571170775508
v5c0_corrected_v4b_075c,25.0,60.0,0.75,0.2571686566169024,0.00736672500494808,0.02096105012126605,0.23784832327830638,0.2167677075634239,0.23643861295571525,0.22604156841160827,-0.001409710322591129,0.010683571170775508
v4b_legacy_025c,25.0,60.0,0.7578125,0.23901042166688632,0.00650156306230334,0.04036264844516185,0.19894813612705844,0.1931122162501651,0.19751620201687536,0.19168028213998198,-0.0014319341101830807,-2.7755575615628914e-17
v5c0_corrected_v4b_075c,25.0,60.0,0.7578125,0.23757848755670324,0.00650156306230334,0.04036264844516185,0.19894813612705844,0.1931122162501651,0.19751620201687536,0.19168028213998198,-0.0014319341101830807,-2.7755575615628914e-17
v4b_legacy_025c,25.0,60.0,0.765625,0.23168158912291273,0.005623808963272843,0.07247926621832304,0.15961722294749828,0.158320860296106,0.15819976152332035,0.1569033988719281,-0.0014174614241779238,2.7755575615628914e-17
v5c0_corrected_v4b_075c,25.0,60.0,0.765625,0.2302641276987348,0.005623808963272843,0.07247926621832304,0.15961722294749828,0.158320860296106,0.15819976152332035,0.1569033988719281,-0.0014174614241779238,2.7755575615628914e-17
v4b_legacy_025c,25.0,60.0,0.7734375,0.2072508240471155,0.004735454898093373,0.0874084899856869,0.1202412040499241,0.12341914024951059,0.11887376378796734,0.12205169998755383,-0.0013674402619567594,0.0
v5c0_corrected_v4b_075c,25.0,60.0,0.7734375,0.20588338378515872,0.004735454898093373,0.0874084899856869,0.1202412040499241,0.12341914024951059,0.11887376378796734,0.12205169998755383,-0.0013674402619567594,0.0
v4b_legacy_025c,25.0,60.0,0.78125,0.21786317542528796,0.0038384731620340917,0.1371757943854277,0.0811849581915591,0.08873182703953321,0.07990161686587335,0.08744848571384746,-0.0012833413256857495,0.0
v5c0_corrected_v4b_075c,25.0,60.0,0.78125,0.21657983409960224,0.0038384731620340917,0.1371757943854277,0.0811849581915591,0.08873182703953321,0.07990161686587335,0.08744848571384746,-0.0012833413256857495,0.0
v4b_legacy_025c,25.0,60.0,0.7890625,0.19602275979981404,0.002934814159680176,0.153649361328609,0.04278977582291021,0.05456393516238309,0.041622864164798976,0.053397023504271855,-0.0011669116581112318,0.0
v5c0_corrected_v4b_075c,25.0,60.0,0.7890625,0.1948558481417028,0.002934814159680176,0.153649361328609,0.04278977582291021,0.05456393516238309,0.041622864164798976,0.053397023504271855,-0.0011669116581112318,0.0
v4b_legacy_025c,25.0,60.0,0.796875,0.16348948860455773,0.0020264051493640634,0.158406959371174,0.005371453028082102,0.021198931297455044,0.004351326457818537,0.020178804727191482,-0.0010201265702635643,2.6020852139652106e-18
v5c0_corrected_v4b_075c,25.0,60.0,0.796875,0.1624693620342942,0.0020264051493640634,0.158406959371174,0.005371453028082102,0.021198931297455044,0.004351326457818537,0.020178804727191482,-0.0010201265702635643,2.6020852139652106e-18
v4b_legacy_025c,25.0,60.0,0.8046875,0.11473068702300215,0.0011151496888394442,0.14565187637838348,-0.030780710105284898,-0.011102280612426865,-0.03162585122286784,-0.011947421730009804,-0.0008451411175829406,1.734723475976807e-18
v5c0_corrected_v4b_075c,25.0,60.0,0.8046875,0.11388554590541922,0.0011151496888394442,0.14565187637838348,-0.030780710105284898,-0.011102280612426865,-0.03162585122286784,-0.011947421730009804,-0.0008451411175829406,1.734723475976807e-18
v4b_legacy_025c,25.0,60.0,0.8125,0.06037130196857562,0.0002029277349870974,0.12579607627119652,-0.06540397549511866,-0.04210156527487012,-0.06604821789279568,-0.04274580767254715,-0.0006442423976770195,-6.938893903907228e-18
v5c0_corrected_v4b_075c,25.0,60.0,0.8125,0.0597270595708986,0.0002029277349870974,0.12579607627119652,-0.06540397549511866,-0.04210156527487012,-0.06604821789279568,-0.04274580767254715,-0.0006442423976770195,-6.938893903907228e-18
v4b_legacy_025c,25.0,60.0,0.8203125,0.0045555221602135475,0.000708403658304741,0.10287098376041219,-0.09826148647725126,-0.07158311171119038,-0.09868129042395532,-0.07200291565789443,-0.00041980394670405874,0.0
v5c0_corrected_v4b_075c,25.0,60.0,0.8203125,0.004135718213509489,0.000708403658304741,0.10287098376041219,-0.09826148647725126,-0.07158311171119038,-0.09868129042395532,-0.07200291565789443,-0.00041980394670405874,0.0
v4b_legacy_025c,25.0,60.0,0.828125,-0.047132730220793596,0.0016170091090228391,0.08209279092130398,-0.1291409446558995,-0.0993524269301686,-0.12931518815383863,-0.0995266704281077,-0.00017424349793912497,2.7755575615628914e-17
v5c0_corrected_v4b_075c,25.0,60.0,0.828125,-0.047306973718732714,0.0016170091090228391,0.08209279092130398,-0.1291409446558995,-0.0993524269301686,-0.12931518815383863,-0.0995266704281077,-0.00017424349793912497,2.7755575615628914e-17
v4b_legacy_025c,25.0,60.0,0.8359375,-0.0946162918538359,0.0025210732171778803,0.06331389022487506,-0.15785279523841908,-0.1252348958180131,-0.15776278056745938,-0.12514488114705338,9.001467095970384e-05,0.0
v5c0_corrected_v4b_075c,25.0,60.0,0.8359375,-0.0945262771828762,0.0025210732171778803,0.06331389022487506,-0.15785279523841908,-0.1252348958180131,-0.15776278056745938,-0.12514488114705338,9.001467095970384e-05,0.0
v4b_legacy_025c,25.0,60.0,0.84375,-0.13108656525951945,0.003418798500773297,0.053203172711823,-0.18422803159296028,-0.14907400052204772,-0.183857459948425,-0.14870342887751245,0.00037057164453527247,0.0
v5c0_corrected_v4b_075c,25.0,60.0,0.84375,-0.13071599361498418,0.003418798500773297,0.053203172711823,-0.18422803159296028,-0.14907400052204772,-0.183857459948425,-0.14870342887751245,0.00037057164453527247,0.0
v4b_legacy_025c,25.0,60.0,0.8515625,-0.17925361028905873,0.004308403052606831,0.028825324523323415,-0.2081158195860701,-0.17072937085093004,-0.20745074060245783,-0.17006429186731778,0.0006650789836122606,0.0
v5c0_corrected_v4b_075c,25.0,60.0,0.8515625,-0.17858853130544647,0.004308403052606831,0.028825324523323415,-0.2081158195860701,-0.17072937085093004,-0.20745074060245783,-0.17006429186731778,0.0006650789836122606,0.0
v4b_legacy_025c,25.0,60.0,0.859375,-0.21836888444296593,0.005188118023622197,0.010864655628431842,-0.22938109866835057,-0.1900748007563445,-0.22840984250384272,-0.18910354459183668,0.0009712561645078555,-2.7755575615628914e-17
v5c0_corrected_v4b_075c,25.0,60.0,0.859375,-0.21739762827845807,0.005188118023622197,0.010864655628431842,-0.22938109866835057,-0.1900748007563445,-0.22840984250384272,-0.18910354459183668,0.0009712561645078555,-2.7755575615628914e-17
v4b_legacy_025c,25.0,60.0,0.8671875,-0.24562010845447327,0.006056185049203993,0.0020468764016877083,-0.24790232260320375,-0.20699637153145295,-0.2466154229147966,-0.20570947184304583,0.0012868996884071449,-2.7755575615628914e-17
v5c0_corrected_v4b_075c,25.0,60.0,0.8671875,-0.24433320876606615,0.006056185049203993,0.0020468764016877083,-0.24790232260320375,-0.20699637153145295,-0.2466154229147966,-0.20570947184304583,0.0012868996884071449,-2.7755575615628914e-17
v4b_legacy_025c,25.0,60.0,0.875,-0.2589102011383021,0.00691085187939335,0.004398185489354021,-0.263569482009902,-0.2213908047949984,-0.26195959850467737,-0.21978092128977372,0.0016098835052246185,5.551115123125783e-17
v5c0_corrected_v4b_075c,25.0,60.0,0.875,-0.2573003176330775,0.00691085187939335,0.004398185489354021,-0.263569482009902,-0.2213908047949984,-0.26195959850467737,-0.21978092128977372,0.0016098835052246185,5.551115123125783e-17
v4b_legacy_025c,25.0,60.0,0.8828125,-0.2657399191687934,0.007750351140568267,0.010288179614659372,-0.27628254437573807,-0.23316416291984438,-0.27434439360395607,-0.23122601214806235,0.001938150771781999,2.7755575615628914e-17
v5c0_corrected_v4b_075c,25.0,60.0,0.8828125,-0.2638017683970114,0.007750351140568267,0.010288179614659372,-0.27628254437573807,-0.23316416291984438,-0.27434439360395607,-0.23122601214806235,0.001938150771781999,2.7755575615628914e-17
v4b_legacy_025c,25.0,60.0,0.890625,-0.27260699292492335,0.008572899477218817,0.013080775676991188,-0.2859504307002358,-0.24223100131929287,-0.2836807332868202,-0.23996130390587722,0.0022696974134155945,5.551115123125783e-17
v5c0_corrected_v4b_075c,25.0,60.0,0.890625,-0.27033729551150776,0.008572899477218817,0.013080775676991188,-0.2859504307002358,-0.24223100131929287,-0.2836807332868202,-0.23996130390587722,0.0022696974134155945,5.551115123125783e-17
v4b_legacy_025c,25.0,60.0,0.8984375,-0.274334067839044,0.009376703181469477,0.017912153179786467,-0.2924906192907554,-0.24851405229781168,-0.2898880708213028,-0.24591150382835905,0.0026025484694526257,0.0
v5c0_corrected_v4b_075c,25.0,60.0,0.8984375,-0.2717315193695914,0.009376703181469477,0.017912153179786467,-0.2924906192907554,-0.24851405229781168,-0.2898880708213028,-0.24591150382835905,0.0026025484694526257,0.0
v4b_legacy_025c,25.0,60.0,0.90625,-0.26640078838431436,0.010159958279591172,0.029280265336568318,-0.29582943663155353,-0.25194449413121117,-0.2928947078785841,-0.24900976537824182,0.0029347287529694066,-5.551115123125783e-17
v5c0_corrected_v4b_075c,25.0,60.0,0.90625,-0.263466059631345,0.010159958279591172,0.029280265336568318,-0.29582943663155353,-0.25194449413121117,-0.2928947078785841,-0.24900976537824182,0.0029347287529694066,-5.551115123125783e-17
v4b_legacy_025c,25.0,60.0,0.9140625,-0.2503801207505909,0.010920851569813077,0.045545941828646824,-0.2959030664378556,-0.25246283415348175,-0.2926388365303158,-0.24919860424594195,0.003264229907539773,2.7755575615628914e-17
v5c0_corrected_v4b_075c,25.0,60.0,0.9140625,-0.24711589084305113,0.010920851569813077,0.045545941828646824,-0.2959030664378556,-0.25246283415348175,-0.2926388365303158,-0.24919860424594195,0.003264229907539773,2.7755575615628914e-17
v4b_legacy_025c,25.0,60.0,0.921875,-0.2662541650671019,0.011657562762926973,0.026213629157503072,-0.2926592724858854,-0.25002040375005985,-0.2890702960364574,-0.2464314273006318,0.0035889764494280163,2.7755575615628914e-17
v5c0_corrected_v4b_075c,25.0,60.0,0.921875,-0.2626651886176739,0.011657562762926973,0.026213629157503072,-0.2926592724858854,-0.25002040375005985,-0.2890702960364574,-0.2464314273006318,0.0035889764494280163,2.7755575615628914e-17
v4b_legacy_025c,25.0,60.0,0.9296875,-0.26619766825296315,0.012368267861423112,0.019591414043742754,-0.28605978593178744,-0.24458142392454868,-0.2821529921474632,-0.24067463014022444,0.003906793784324236,0.0
v5c0_corrected_v4b_075c,25.0,60.0,0.9296875,-0.2622908744686389,0.012368267861423112,0.019591414043742754,-0.28605978593178744,-0.24458142392454868,-0.2821529921474632,-0.24067463014022444,0.003906793784324236,0.0
v4b_legacy_025c,25.0,60.0,0.9375,-0.2591855839246065,0.013051143888463753,0.01659273472961503,-0.27608325818990553,-0.23612555727111362,-0.27186787676925045,-0.23191017585045856,0.004215381420655084,-2.7755575615628914e-17
v5c0_corrected_v4b_075c,25.0,60.0,0.9375,-0.25497020250395136,0.013051143888463753,0.01659273472961503,-0.27608325818990553,-0.23612555727111362,-0.27186787676925045,-0.23191017585045856,0.004215381420655084,-2.7755575615628914e-17
v4b_legacy_025c,25.0,60.0,0.9453125,-0.24789076585979708,0.013704375044375668,0.014517650882273051,-0.2627286480767872,-0.22484390940830568,-0.2582163534682506,-0.22013853839996386,0.004512294608536582,0.00019307639980523095
v5c0_corrected_v4b_075c,25.0,60.0,0.9453125,-0.24337582525986534,0.013704375044375668,0.014517650882273051,-0.2627286480767872,-0.22484390940830568,-0.2582163534682506,-0.22013853839996386,0.004512294608536582,0.00019307639980523095
v4b_legacy_025c,25.0,60.0,0.953125,-0.23355634202563966,0.014326160325628123,0.012404274036041983,-0.24601835236920172,-0.22958394700643048,-0.24122341499799393,-0.20538141533187523,0.004794937371207786,0.01940759430334746
v5c0_corrected_v4b_075c,25.0,60.0,0.953125,-0.22848336834690738,0.014326160325628123,0.012404274036041983,-0.24601835236920172,-0.22958394700643048,-0.24122341499799393,-0.20538141533187523,0.004794937371207786,0.01940759430334746
v4b_legacy_025c,25.0,60.0,0.9609375,-0.21635355627437372,0.014914722590339085,0.010264434586361166,-0.2260009651315663,-0.25710677564572504,-0.22094039578539268,-0.1876841002733156,0.005060569346173632,0.0643621060262358
v5c0_corrected_v4b_075c,25.0,60.0,0.9609375,-0.2103330439714888,0.014914722590339085,0.010264434586361166,-0.2260009651315663,-0.25710677564572504,-0.22094039578539268,-0.1876841002733156,0.005060569346173632,0.0643621060262358
v4b_legacy_025c,25.0,60.0,0.96875,-0.19580113480256142,0.015468318996984113,0.008472813526739842,-0.20275844747544233,-0.2922601361654197,-0.1974521194434391,-0.1671216235853181,0.0053063280320032324,0.11983218454809835
v5c0_corrected_v4b_075c,25.0,60.0,0.96875,-0.18864120431386272,0.015468318996984113,0.008472813526739842,-0.20275844747544233,-0.2922601361654197,-0.1974521194434391,-0.1671216235853181,0.0053063280320032324,0.11983218454809835
v4b_legacy_025c,25.0,60.0,0.9765625,-0.1717970372656917,0.015985252681834913,0.006877070328704095,-0.17640867092188603,-0.31125201737984576,-0.1708794039248489,-0.14380092708082928,0.005529266997037124,0.16192182330197935
v5c0_corrected_v4b_075c,25.0,60.0,0.9765625,-0.16367940900846903,0.015985252681834913,0.006877070328704095,-0.17640867092188603,-0.31125201737984576,-0.1708794039248489,-0.14380092708082928,0.005529266997037124,0.16192182330197935
v4b_legacy_025c,25.0,60.0,0.984375,-0.14427321771341947,0.016463885479186896,0.005583118484076456,-0.14710771534361816,-0.30847308890004294,-0.1413813059073953,-0.11786279524232443,0.005726409436222851,0.18488388422149565
v5c0_corrected_v4b_075c,25.0,60.0,0.984375,-0.13550290118042668,0.016463885479186896,0.005583118484076456,-0.14710771534361816,-0.30847308890004294,-0.1413813059073953,-0.11786279524232443,0.005726409436222851,0.18488388422149565
v4b_legacy_025c,25.0,60.0,0.9921875,-0.11386258228561626,0.01690265143066615,0.004467466746360931,-0.11505210535196797,-0.3045153774281632,-0.10915729007690209,-0.08948370369239605,0.005894815275065884,0.20913685846070126
v5c0_corrected_v4b_075c,25.0,60.0,0.9921875,-0.10443279959068458,0.01690265143066615,0.004467466746360931,-0.11505210535196797,-0.3045153774281632,-0.10915729007690209,-0.08948370369239605,0.005894815275065884,0.20913685846070126
v4b_legacy_025c,25.0,75.0,0.0,-0.008983001629913596,0.015243216944263706,-0.0,-0.007273937102012131,-0.11939361198104848,-0.0030547968705518266,0.0035986920272991396,0.004219140231460304,0.1187731637768873
v5c0_corrected_v4b_075c,25.0,75.0,0.0,-0.0029533762958456346,0.015243216944263706,-0.0,-0.007273937102012131,-0.11939361198104848,-0.0030547968705518266,0.0035986920272991396,0.004219140231460304,0.1187731637768873
v4b_legacy_025c,25.0,75.0,0.0078125,0.013569346879157796,0.015771672143887826,-0.0,0.01591993627351449,-0.1331187561943382,0.020052847007534083,0.023888261858802825,0.004132910734019592,0.15287410731912143
v5c0_corrected_v4b_075c,25.0,75.0,0.0078125,0.02011333791310409,0.015771672143887826,-0.0,0.01591993627351449,-0.1331187561943382,0.020052847007534083,0.023888261858802825,0.004132910734019592,0.15287410731912143
v4b_legacy_025c,25.0,75.0,0.015625,0.03729583038513896,0.016260115076995676,-0.0,0.04017030581987854,-0.13661045010517064,0.04419023244224548,0.04511120693441456,0.004019926622366936,0.17770173041721826
v5c0_corrected_v4b_075c,25.0,75.0,0.015625,0.04420520759347113,0.016260115076995676,-0.0,0.04017030581987854,-0.13661045010517064,0.04419023244224548,0.04511120693441456,0.004019926622366936,0.17770173041721826
v4b_legacy_025c,25.0,75.0,0.0234375,0.06192286083465484,0.0167067972294462,-0.0,0.06517711195288699,-0.12960894270134887,0.06905721466154732,0.06700505299324855,0.003880102708660335,0.19273389298593707
v5c0_corrected_v4b_075c,25.0,75.0,0.0234375,0.06902292961267302,0.0167067972294462,-0.0,0.06517711195288699,-0.12960894270134887,0.06905721466154732,0.06700505299324855,0.003880102708660335,0.19273389298593707
v4b_legacy_025c,25.0,75.0,0.03125,0.08699776181983147,0.01711011255069259,-0.0,0.09061838917110702,-0.12098906464011891,0.09433215367408586,0.08928832386764675,0.0037137645029788335,0.20656362400478684
v5c0_corrected_v4b_075c,25.0,75.0,0.03125,0.09424585317841115,0.01711011255069259,-0.0,0.09061838917110702,-0.12098906464011891,0.09433215367408586,0.08928832386764675,0.0037137645029788335,0.20656362400478684
v4b_legacy_025c,25.0,75.0,0.0390625,0.11217897456053659,0.01746861447528456,-0.0,0.11615673843298296,-0.11155244125463898,0.1196784269393652,0.11166620120322653,0.0035216885063822367,0.21969695395148325
v5c0_corrected_v4b_075c,25.0,75.0,0.0390625,0.11953846445689165,0.01746861447528456,-0.0,0.11615673843298296,-0.11155244125463898,0.1196784269393652,0.11166620120322653,0.0035216885063822367,0.21969695395148325
v4b_legacy_025c,25.0,75.0,0.046875,0.13712910532212497,0.017781030847023125,0.0,0.14144633171816476,-0.10135322434708907,0.14475145844934803,0.1338366343496496,0.003305126731183272,0.2318847319655554
v5c0_corrected_v4b_075c,25.0,75.0,0.046875,0.14455738162534146,0.017781030847023125,0.0,0.14144633171816476,-0.10135322434708907,0.14475145844934803,0.1338366343496496,0.003305126731183272,0.2318847319655554
v4b_legacy_025c,25.0,75.0,0.0546875,0.16150968397274085,0.01804627639558195,0.0,0.16614026165549028,-0.09045437212076439,0.16920607580960825,0.15549673657623472,0.0030658141541179684,0.24288529454288113
v5c0_corrected_v4b_075c,25.0,75.0,0.0546875,0.16895867328460198,0.01804627639558195,0.0,0.16614026165549028,-0.09045437212076439,0.16920607580960825,0.15549673657623472,0.0030658141541179684,0.24288529454288113
v4b_legacy_025c,25.0,75.0,0.0625,0.18498825179535072,0.01826346251001678,0.0,0.1898979804026813,-0.07892993788706106,0.1927039392402766,0.17634924529151325,0.002805958837595296,0.25247322434097896
v5c0_corrected_v4b_075c,25.0,75.0,0.0625,0.19240524590048055,0.01826346251001678,0.0,0.1898979804026813,-0.07892993788706106,0.1927039392402766,0.17634924529151325,0.002805958837595296,0.25247322434097896
v4b_legacy_025c,25.0,75.0,0.0703125,0.20724532185128264,0.018431904153637588,0.0,0.2123926084696759,-0.06686701525061146,0.2149208238641619,0.1961088567600109,0.0025282153944859997,0.2604476566161364
v5c0_corrected_v4b_075c,25.0,75.0,0.0703125,0.2145740834895568,0.018431904153637588,0.0,0.2123926084696759,-0.06686701525061146,0.2149208238641619,0.1961088567600109,0.0025282153944859997,0.2604476566161364
v4b_legacy_025c,25.0,75.0,0.078125,0.22798096986095678,0.01855112386395828,0.0,0.2333178490388163,-0.054367102934803326,0.235553492301136,0.2145082070581483,0.002235643262319703,0.2666396667306319
v5c0_corrected_v4b_075c,25.0,75.0,0.078125,0.23516307860784103,0.01855112386395828,0.0,0.2333178490388163,-0.054367102934803326,0.235553492301136,0.2145082070581483,0.002235643262319703,0.2666396667306319
v4b_legacy_025c,25.0,75.0,0.0859375,0.2469209266992542,0.01862085287441926,0.0,0.252394358460484,-0.041546622553819516,0.25432601031944446,0.2313033727596915,0.001931651858960437,0.27091834345455057
v5c0_corrected_v4b_075c,25.0,75.0,0.0859375,0.25389730917266323,0.01862085287441926,0.0,0.252394358460484,-0.041546622553819516,0.25432601031944446,0.2313033727596915,0.001931651858960437,0.27091834345455057
v4b_legacy_025c,25.0,75.0,0.09375,0.2638219368335415,0.018641029477047478,0.0,0.26937532002184617,-0.02853650910446356,0.27099525512554123,0.24627867563842157,0.0016199351036950693,0.27319524963919006
v5c0_corrected_v4b_075c,25.0,75.0,0.09375,0.27053451263875006,0.018641029477047478,0.0,0.26937532002184617,-0.02853650910446356,0.27099525512554123,0.24627867563842157,0.0016199351036950693,0.27319524963919006
v4b_legacy_025c,25.0,75.0,0.1015625,0.27847627816748416,0.01861179481430424,0.0,0.2840511043376183,-0.015480790665307456,0.28535550235187473,0.2592506914108444,0.0013043980142564138,0.2734270840618954
v5c0_corrected_v4b_075c,25.0,75.0,0.1015625,0.2848696449669741,0.01861179481430424,0.0,0.2840511043376183,-0.015480790665307456,0.28535550235187473,0.2592506914108444,0.0013043980142564138,0.2734270840618954
v4b_legacy_025c,25.0,75.0,0.109375,0.29071533860297005,0.01853348634257541,0.0,0.29625290496377893,-0.002534180123814369,0.29724198311756933,0.2700713734983353,0.0009890781537904014,0.27161647546835926
v5c0_corrected_v4b_075c,25.0,75.0,0.109375,0.2967384169952718,0.01853348634257541,0.0,0.29625290496377893,-0.002534180123814369,0.29724198311756933,0.2700713734983353,0.0009890781537904014,0.27161647546835926
v4b_legacy_025c,25.0,75.0,0.1171875,0.3004121129535826,0.018406629248813526,0.0,0.3058552119569568,0.010141155363729707,0.3065332765882663,0.27863017256742734,0.0006780646313094829,0.26781095257238813
v5c0_corrected_v4b_075c,25.0,75.0,0.1171875,0.30601967449766365,0.018406629248813526,0.0,0.3058552119569568,0.010141155363729707,0.3065332765882663,0.27863017256742734,0.0006780646313094829,0.26781095257238813
v4b_legacy_025c,25.0,75.0,0.125,0.3074826635390425,0.018231926126469025,0.0,0.31277717158006474,0.02237954686965857,0.3131525887661229,0.2848551981872712,0.0003754171860581579,0.2621002341315544
v5c0_corrected_v4b_075c,25.0,75.0,0.125,0.3126366728315174,0.018231926126469025,0.0,0.31277717158006474,0.02237954686965857,0.3131525887661229,0.2848551981872712,0.0003754171860581579,0.2621002341315544
v4b_legacy_025c,25.0,75.0,0.1328125,0.31188642425616653,0.018010245228482366,0.0,0.3169827211054418,0.03401617708439134,0.31706780874581325,0.2887133300864963,8.508764037146177e-05,0.2546120653617335
v5c0_corrected_v4b_075c,25.0,75.0,0.1328125,0.31655713763183313,0.018010245228482366,0.0,0.3169827211054418,0.03401617708439134,0.31706780874581325,0.2887133300864963,8.508764037146177e-05,0.2546120653617335
v4b_legacy_025c,25.0,75.0,0.140625,0.31362543841758106,0.017742607615623816,0.0,0.318479602403177,0.044891633218679554,0.31829044811661,0.2902093661792759,-0.00018915428656701705,0.24550688724716335
v5c0_corrected_v4b_075c,25.0,75.0,0.140625,0.3177922164983737,0.017742607615623816,0.0,0.318479602403177,0.044891633218679554,0.31829044811661,0.2902093661792759,-0.00018915428656701705,0.24550688724716335
v4b_legacy_025c,25.0,75.0,0.1484375,0.31275135162678236,0.01743017350993055,0.0,0.31731733826122605,0.05535857853675595,0.3168735491331299,0.2893842854873046,-0.00044378912809617255,0.2344694960786448
v5c0_corrected_v4b_075c,25.0,75.0,0.1484375,0.3163944064981229,0.01743017350993055,0.0,0.31731733826122605,0.05535857853675595,0.3168735491331299,0.2893842854873046,-0.00044378912809617255,0.2344694960786448
v4b_legacy_025c,25.0,75.0,0.15625,0.30949762591609536,0.017074228147474238,0.0,0.31358421057461183,0.07424193265612569,0.31290860214480476,0.2863126574752501,-0.000675608429807073,0.21274633324893147
v5c0_corrected_v4b_075c,25.0,75.0,0.15625,0.3124544969177192,0.017074228147474238,0.0,0.31358421057461183,0.07424193265612569,0.31290860214480476,0.2863126574752501,-0.000675608429807073,0.21274633324893147
v4b_legacy_025c,25.0,75.0,0.1640625,0.3039902860357607,0.016676167404132962,0.0,0.3074034161169458,0.10273228284808625,0.3065216490333729,0.28109934548781157,-0.0008817670835729041,0.17924882972329823
v5c0_corrected_v4b_075c,25.0,75.0,0.1640625,0.3060977024436485,0.016676167404132962,0.0,0.3074034161169458,0.10273228284808625,0.3065216490333729,0.28109934548781157,-0.0008817670835729041,0.17924882972329823
v4b_legacy_025c,25.0,75.0,0.171875,0.2962961559752607,0.01623748344415295,0.0,0.29892856657716566,0.13680919561929508,0.29786874007679115,0.27387565273359427,-0.0010598265003745055,0.1381262836146737
v5c0_corrected_v4b_075c,25.0,75.0,0.171875,0.2974791527182819,0.01623748344415295,0.0,0.29892856657716566,0.13680919561929508,0.29786874007679115,0.27387565273359427,-0.0010598265003745055,0.1381262836146737
v4b_legacy_025c,25.0,75.0,0.1796875,0.2864956756245036,0.015759750615515482,0.0,0.2883386521926346,0.17139666414387808,0.28713086402832266,0.26479500812287315,-0.0012077881643119404,0.09460613214330701
v5c0_corrected_v4b_075c,25.0,75.0,0.1796875,0.2867788565094687,0.015759750615515482,0.0,0.2883386521926346,0.17139666414387808,0.28713086402832266,0.26479500812287315,-0.0012077881643119404,0.09460613214330701
v4b_legacy_025c,25.0,75.0,0.1875,0.2746924857186659,0.015244611789638249,0.0,0.2758326940506783,0.2010385078984653,0.27450857668921574,0.2540283814501464,-0.0013241173614625401,0.05431399091314362
v5c0_corrected_v4b_075c,25.0,75.0,0.1875,0.27419636406342013,0.015244611789638249,0.0,0.2758326940506783,0.2010385078984653,0.27450857668921574,0.2540283814501464,-0.0013241173614625401,0.05431399091314362
v4b_legacy_025c,25.0,75.0,0.1953125,0.2610213434730333,0.014693765316638201,0.0,0.2616242740850439,0.22059118290535193,0.26021651698509235,0.24175959493624097,-0.0014077570999515565,0.022576169130840595
v5c0_corrected_v4b_075c,25.0,75.0,0.1953125,0.259945315304039,0.014693765316638201,0.0,0.2616242740850439,0.22059118290535193,0.26021651698509235,0.24175959493624097,-0.0014077570999515565,0.022576169130840595
v4b_legacy_025c,25.0,75.0,0.203125,0.2456526312201936,0.01410895274191847,0.0,0.2459360454822308,0.22584849772291618,0.2444779130506577,0.22818061294435102,-0.0014581324315731115,0.00379024765300795
v5c0_corrected_v4b_075c,25.0,75.0,0.203125,0.24424797521363695,0.01410895274191847,0.0,0.2459360454822308,0.22584849772291618,0.2444779130506577,0.22818061294435102,-0.0014581324315731115,0.00379024765300795
v4b_legacy_025c,25.0,75.0,0.2109375,0.22880516085023042,0.013491947405660436,0.0,0.2289944840048837,0.21496217651353894,0.22751933845321318,0.21348703096186863,-0.0014751455516705259,2.220446049250313e-16
v5c0_corrected_v4b_075c,25.0,75.0,0.2109375,0.22733001529855992,0.013491947405660436,0.0,0.2289944840048837,0.21496217651353894,0.22751933845321318,0.21348703096186863,-0.0014751455516705259,2.220446049250313e-16
v4b_legacy_025c,25.0,75.0,0.21875,0.21087484281472957,0.012844544024170828,0.0,0.2110250208245738,0.19933305187950098,0.20956585862966676,0.19787388968459393,-0.0014591621949070488,0.0
v5c0_corrected_v4b_075c,25.0,75.0,0.21875,0.20941568061982255,0.012844544024170828,0.0,0.2110250208245738,0.19933305187950098,0.20956585862966676,0.19787388968459393,-0.0014591621949070488,0.0
v4b_legacy_025c,25.0,75.0,0.2265625,0.19213439268182045,0.012168549331078287,0.0,0.19224761818461628,0.18294285229057064,0.19083662822166542,0.18153186232761975,-0.0014109899629508593,-2.7755575615628914e-17
v5c0_corrected_v4b_075c,25.0,75.0,0.2265625,0.1907234027188696,0.012168549331078287,0.0,0.19224761818461628,0.18294285229057064,0.19083662822166542,0.18153186232761975,-0.0014109899629508593,-2.7755575615628914e-17
v4b_legacy_025c,25.0,75.0,0.234375,0.17279388724271047,0.011465773837106638,0.0,0.17287296842291583,0.16597581683691393,0.17154111910357198,0.16464396751757004,-0.001331849319343853,-2.7755575615628914e-17
v5c0_corrected_v4b_075c,25.0,75.0,0.234375,0.17146203792336664,0.011465773837106638,0.0,0.17287296842291583,0.16597581683691393,0.17154111910357198,0.16464396751757004,-0.001331849319343853,-2.7755575615628914e-17
v4b_legacy_025c,25.0,75.0,0.2421875,0.1530511921881436,0.01073802474949927,0.0,0.15309944007349244,0.14860625939320815,0.1518761020030628,0.1473829213227785,-0.0012233380704296248,-2.7755575615628914e-17
v5c0_corrected_v4b_075c,25.0,75.0,0.2421875,0.15182785411771393,0.01073802474949927,0.0,0.15309944007349244,0.14860625939320815,0.1518761020030628,0.1473829213227785,-0.0012233380704296248,-2.7755575615628914e-17
v4b_legacy_025c,25.0,75.0,0.25,0.13308962459422266,0.009987100075992279,0.0,0.1331107398231214,0.13099648956648335,0.13202334960047868,0.12990909934384062,-0.0010873902226427312,0.0
v5c0_corrected_v4b_075c,25.0,75.0,0.25,0.13200223437157996,0.009987100075992279,0.0,0.1331107398231214,0.13099648956648335,0.13202334960047868,0.12990909934384062,-0.0010873902226427312,0.0
v4b_legacy_025c,25.0,75.0,0.2578125,0.11307638326207482,0.00921478392334822,0.0,0.11307434643104476,0.11329538590923637,0.112148116262213,0.11236915574040461,-0.0009262301688317681,1.3877787807814457e-17
v5c0_corrected_v4b_075c,25.0,75.0,0.2578125,0.11215015309324305,0.00921478392334822,0.0,0.11307434643104476,0.11329538590923637,0.112148116262213,0.11236915574040461,-0.0009262301688317681,1.3877787807814457e-17
v4b_legacy_025c,25.0,75.0,0.265625,0.09316185060054466,0.00842284298664967,0.0,0.09314081962819705,0.09563771674250107,0.09239849641612828,0.0948953935304323,-0.0007423232120687684,0.0
v5c0_corrected_v4b_075c,25.0,75.0,0.265625,0.09241952738847588,0.00842284298664967,0.0,0.09314081962819705,0.09563771674250107,0.09239849641612828,0.0948953935304323,-0.0007423232120687684,0.0
v4b_legacy_025c,25.0,75.0,0.2734375,0.07347962716735537,0.007613024212574038,0.0,0.07344384407809491,0.07814409042715649,0.07290552059177467,0.07760576694083625,-0.0005383234863202413,0.0
v5c0_corrected_v4b_075c,25.0,75.0,0.2734375,0.07294130368103514,0.007613024212574038,0.0,0.07344384407809491,0.07814409042715649,0.07290552059177467,0.07760576694083625,-0.0005383234863202413,0.0
v4b_legacy_025c,25.0,75.0,0.28125,0.05414728685380278,0.006787053607477624,0.0,0.05410099554995426,0.06092152571307555,0.05378397516982208,0.06060450533294336,-0.00031702038013218387,0.0
v5c0_corrected_v4b_075c,25.0,75.0,0.28125,0.0538302664736706,0.006787053607477624,0.0,0.05410099554995426,0.06092152571307555,0.05378397516982208,0.06060450533294336,-0.00031702038013218387,0.0
v4b_legacy_025c,25.0,75.0,0.2890625,0.03526780509574091,0.005946636149054979,0.0,0.03521518080342927,0.04406460272745223,0.03513389619181675,0.04398331811583971,-8.128461161252543e-05,6.938893903907228e-18
v5c0_corrected_v4b_075c,25.0,75.0,0.2890625,0.03518652048412838,0.005946636149054979,0.0,0.03521518080342927,0.04406460272745223,0.03513389619181675,0.04398331811583971,-8.128461161252543e-05,6.938893903907228e-18
v4b_legacy_025c,25.0,75.0,0.296875,0.016931565649849874,0.005093456748360317,0.0,0.016876655834951723,0.027657117437149492,0.017042640696208932,0.027823102298406704,0.00016598486125720888,3.469446951953614e-18
v5c0_corrected_v4b_075c,25.0,75.0,0.296875,0.017097550511107083,0.005093456748360317,0.0,0.016876655834951723,0.027657117437149492,0.017042640696208932,0.027823102298406704,0.00016598486125720888,3.469446951953614e-18
v4b_legacy_025c,25.0,75.0,0.3046875,-0.0007812056118784915,0.004229182196845817,0.0,-0.0008345298450596401,0.011774109532292899,-0.0004126179602931756,0.012196021417059362,0.0004219118847664645,-7.589415207398531e-19
v5c0_corrected_v4b_075c,25.0,75.0,0.3046875,-0.00035929372711202706,0.004229182196845817,0.0,-0.0008345298450596401,0.011774109532292899,-0.0004126179602931756,0.012196021417059362,0.0004219118847664645,-7.589415207398531e-19
v4b_legacy_025c,25.0,75.0,0.3125,-0.017797699878715316,0.003355464020574729,0.0,-0.01784578349261026,-0.00351583878150376,-0.01716209260674267,-0.0028321478956361695,0.0006836908858675883,2.168404344971009e-18
v5c0_corrected_v4b_075c,25.0,75.0,0.3125,-0.017114008992847728,0.003355464020574729,0.0,-0.01784578349261026,-0.00351583878150376,-0.01716209260674267,-0.0028321478956361695,0.0006836908858675883,2.168404344971009e-18
v4b_legacy_025c,25.0,75.0,0.3203125,-0.03404959825190301,0.0024739421507270097,0.0,-0.034089035114647365,-0.01814813579622204,-0.03314040494781765,-0.017199505629392323,0.0009486301668297156,0.0
v5c0_corrected_v4b_075c,25.0,75.0,0.3203125,-0.033100968085073304,0.0024739421507270097,0.0,-0.034089035114647365,-0.01814813579622204,-0.03314040494781765,-0.017199505629392323,0.0009486301668297156,0.0
v4b_legacy_025c,25.0,75.0,0.328125,-0.049470130920492954,0.0015862493058029531,0.0,-0.049497792093261696,-0.032059692881780705,-0.04828360255331095,-0.03084550334182996,0.0012141895399507482,-3.469446951953614e-18
v5c0_corrected_v4b_075c,25.0,75.0,0.328125,-0.04825594138054221,0.0015862493058029531,0.0,-0.049497792093261696,-0.032059692881780705,-0.04828360255331095,-0.03084550334182996,0.0012141895399507482,-3.469446951953614e-18
v4b_legacy_025c,25.0,75.0,0.3359375,-0.06399128676820737,0.0006940159664833,0.0,-0.06400434661376098,-0.045186558285646265,-0.0625263354179155,-0.04370854708980078,0.00147801119584548,6.938893903907228e-18
v5c0_corrected_v4b_075c,25.0,75.0,0.3359375,-0.06251327557236187,0.0006940159664833,0.0,-0.06400434661376098,-0.045186558285646265,-0.0625263354179155,-0.04370854708980078,0.00147801119584548,6.938893903907228e-18
v4b_legacy_025c,25.0,75.0,0.34375,-0.07753324660038588,0.00020112419105179055,0.0,-0.07753728426577654,-0.05746180070735899,-0.07579934145033151,-0.055723857891913975,0.0017379428154450233,-6.938893903907228e-18
v5c0_corrected_v4b_075c,25.0,75.0,0.34375,-0.07579530378494086,0.00020112419105179055,0.0,-0.07753728426577654,-0.05746180070735899,-0.07579934145033151,-0.055723857891913975,0.0017379428154450233,-6.938893903907228e-18
v4b_legacy_025c,25.0,75.0,0.3515625,-0.08999616435538266,0.0010975285532695929,0.0,-0.09001943818420369,-0.06881376772425339,-0.08802738607794243,-0.06682171561799215,0.001992052106261258,-1.3877787807814457e-17
v5c0_corrected_v4b_075c,25.0,75.0,0.3515625,-0.0880041122491214,0.0010975285532695929,0.0,-0.09001943818420369,-0.06881376772425339,-0.08802738607794243,-0.06682171561799215,0.001992052106261258,-1.3877787807814457e-17
v4b_legacy_025c,25.0,75.0,0.359375,-0.10132216389463557,0.0019935396848416533,0.0,-0.10136642363910114,-0.07916483678225614,-0.09912779146354143,-0.07692620460669643,0.00223863217555971,0.0
v5c0_corrected_v4b_075c,25.0,75.0,0.359375,-0.09908353171907586,0.0019935396848416533,0.0,-0.10136642363910114,-0.07916483678225614,-0.09912779146354143,-0.07692620460669643,0.00223863217555971,0.0
v4b_legacy_025c,25.0,75.0,0.3671875,-0.1114192986119906,0.0028874794834190228,0.0,-0.11148586976561488,-0.0884307609738325,-0.10900967231326186,-0.0859545635214795,0.0024761974523530156,-1.3877787807814457e-17
v5c0_corrected_v4b_075c,25.0,75.0,0.3671875,-0.10894310115963758,0.0028874794834190228,0.0,-0.11148586976561488,-0.0884307609738325,-0.10900967231326186,-0.0859545635214795,0.0024761974523530156,-1.3877787807814457e-17
v4b_legacy_025c,25.0,75.0,0.375,-0.12018768589513987,0.003777643570499439,0.0,-0.12027743042189705,-0.09652068231097832,-0.11757396018365701,-0.09381721207273828,0.0027034702382400383,0.0
v5c0_corrected_v4b_075c,25.0,75.0,0.375,-0.11748421565689982,0.003777643570499439,0.0,-0.12027743042189705,-0.09652068231097832,-0.11757396018365701,-0.09381721207273828,0.0027034702382400383,0.0
v4b_legacy_025c,25.0,75.0,0.3828125,-0.12752035320222516,0.004662296128664649,0.0,-0.12763362726265096,-0.10333786026291551,-0.12471426886268645,-0.10041850186295102,0.002919358399964503,-1.3877787807814457e-17
v5c0_corrected_v4b_075c,25.0,75.0,0.3828125,-0.12460099480226065,0.004662296128664649,0.0,-0.12763362726265096,-0.10333786026291551,-0.12471426886268645,-0.10041850186295102,0.002919358399964503,-1.3877787807814457e-17
v4b_legacy_025c,25.0,75.0,0.390625,-0.13330493588420345,0.005539665406121701,0.0,-0.1334415463061883,-0.10878113597998433,-0.13031862110385292,-0.10565821077764898,0.0031229252023353693,-1.3877787807814457e-17
v5c0_corrected_v4b_075c,25.0,75.0,0.390625,-0.13018201068186808,0.005539665406121701,0.0,-0.1334415463061883,-0.10878113597998433,-0.13031862110385292,-0.10565821077764898,0.0031229252023353693,-1.3877787807814457e-17
v4b_legacy_025c,25.0,75.0,0.3984375,-0.13742619917621327,0.006407940116082786,0.0,-0.13758536119606693,-0.11274711099859655,-0.13427200839835715,-0.10943375820088674,0.0033133527977097788,2.7755575615628914e-17
v5c0_corrected_v4b_075c,25.0,75.0,0.3984375,-0.13411284637850346,0.006407940116082786,0.0,-0.13758536119606693,-0.11274711099859655,-0.13427200839835715,-0.10943375820088674,0.0033133527977097788,2.7755575615628914e-17
v4b_legacy_025c,25.0,75.0,0.40625,-0.13976932670698966,0.0072652669595776875,0.0,-0.13994962617170997,-0.11513299304267799,-0.13645972476581358,-0.1116430916367816,0.0034899014058963895,0.0
v5c0_corrected_v4b_075c,25.0,75.0,0.40625,-0.13627942530109327,0.0072652669595776875,0.0,-0.13994962617170997,-0.11513299304267799,-0.13645972476581358,-0.1116430916367816,0.0034899014058963895,0.0
v4b_legacy_025c,25.0,75.0,0.4140625,-0.14022387766188152,0.008109748402220248,0.0,-0.14042324135404444,-0.11584002591072119,-0.13677137466001893,-0.1121881592166957,0.0036518666940255073,-1.3877787807814457e-17
v5c0_corrected_v4b_075c,25.0,75.0,0.4140625,-0.136572010967856,0.008109748402220248,0.0,-0.14042324135404444,-0.11584002591072119,-0.13677137466001893,-0.1121881592166957,0.0036518666940255073,-1.3877787807814457e-17
v4b_legacy_025c,25.0,75.0,0.421875,-0.13868826454738095,0.008939421324403046,0.0,-0.13890394207997206,-0.11477737675047575,-0.13510540383096384,-0.11097883850146754,0.003798538249008221,-1.3877787807814457e-17
v5c0_corrected_v4b_075c,25.0,75.0,0.421875,-0.13488972629837273,0.008939421324403046,0.0,-0.13890394207997206,-0.11477737675047575,-0.13510540383096384,-0.11097883850146754,0.003798538249008221,-1.3877787807814457e-17
v4b_legacy_025c,25.0,75.0,0.4296875,-0.1350745690995332,0.009752255077451673,0.0,-0.13530313081854528,-0.11186632392651281,-0.13137396854821703,-0.10793716165618455,0.003929162270328246,1.3877787807814457e-17
v5c0_corrected_v4b_075c,25.0,75.0,0.4296875,-0.13114540682920497,0.009752255077451673,0.0,-0.13530313081854528,-0.11186632392651281,-0.13137396854821703,-0.10793716165618455,0.003929162270328246,1.3877787807814457e-17
v4b_legacy_025c,25.0,75.0,0.4375,-0.12931351637212676,0.010546167631834488,0.0,-0.12955087138954818,-0.10704458989399011,-0.1255079597449747,-0.10300167824941664,0.004042911644573488,-1.3877787807814457e-17
v5c0_corrected_v4b_075c,25.0,75.0,0.4375,-0.12527060472755328,0.010546167631834488,0.0,-0.12955087138954818,-0.10704458989399011,-0.1255079597449747,-0.10300167824941664,0.004042911644573488,-1.3877787807814457e-17
v4b_legacy_025c,25.0,75.0,0.4453125,-0.1213593472065834,0.01131903245786094,0.0,-0.12160078432858559,-0.10027059352817562,-0.11746191797673838,-0.0961317271763284,0.004138866351847209,1.3877787807814457e-17
v5c0_corrected_v4b_075c,25.0,75.0,0.4453125,-0.11722048085473617,0.01131903245786094,0.0,-0.12160078432858559,-0.10027059352817562,-0.11746191797673838,-0.0961317271763284,0.004138866351847209,1.3877787807814457e-17
v4b_legacy_025c,25.0,75.0,0.453125,-0.11119439373759327,0.012068687756672266,0.0,-0.11143464748489264,-0.09152745026980694,-0.10721864081098051,-0.08731144359589481,0.004216006673912129,0.0
v5c0_corrected_v4b_075c,25.0,75.0,0.453125,-0.10697838706368115,0.012068687756672266,0.0,-0.11143464748489264,-0.09152745026980694,-0.10721864081098051,-0.08731144359589481,0.004216006673912129,0.0
v4b_legacy_025c,25.0,75.0,0.4609375,-0.09883312204750676,0.012792948035870182,0.0,-0.09906646476355797,-0.08082651605142867,-0.09479324383498418,-0.07655329512285487,0.004273220928573795,0.0
v5c0_corrected_v4b_075c,25.0,75.0,0.4609375,-0.09455990111893298,0.012792948035870182,0.0,-0.09906646476355797,-0.08082651605142867,-0.09479324383498418,-0.07655329512285487,0.004273220928573795,0.0
v4b_legacy_025c,25.0,75.0,0.46875,-0.08434613211515492,0.013489617937529076,0.0,-0.08454576534507355,-0.06974673761551631,-0.0802364368630052,-0.0639009371772326,0.004309328482068345,0.0015364719562153684
v5c0_corrected_v4b_075c,25.0,75.0,0.46875,-0.0800160772134255,0.013489617937529076,0.0,-0.08454576534507355,-0.06974673761551631,-0.0802364368630052,-0.0639009371772326,0.004309328482068345,0.0015364719562153684
v4b_legacy_025c,25.0,75.0,0.4765625,-0.06799244181075599,0.01415650813350572,0.0,-0.06796000600422832,-0.0702512353258793,-0.06363688834082466,-0.0494312781329316,0.004323117663403653,0.016496839529544054
v5c0_corrected_v4b_075c,25.0,75.0,0.4765625,-0.0634357865043752,0.01415650813350572,0.0,-0.06796000600422832,-0.0702512353258793,-0.06363688834082466,-0.0494312781329316,0.004323117663403653,0.016496839529544054
v4b_legacy_025c,25.0,75.0,0.484375,-0.049918894152672616,0.01479145300906974,0.0,-0.049435846971811685,-0.08209302950585583,-0.045122449948639676,-0.03325555438843462,0.0043133970231720095,0.0445240780942492
v5c0_corrected_v4b_075c,25.0,75.0,0.484375,-0.04494692132059736,0.01479145300906974,0.0,-0.049435846971811685,-0.08209302950585583,-0.045122449948639676,-0.03325555438843462,0.0043133970231720095,0.0445240780942492
v4b_legacy_025c,25.0,75.0,0.4921875,-0.030236452433195473,0.015392329766982557,0.0,-0.0291392734708565,-0.10042016330031456,-0.024860216207725584,-0.015519392344336353,0.004279057263130916,0.08062171369284729
v5c0_corrected_v4b_075c,25.0,75.0,0.4921875,-0.024716439166524995,0.015392329766982557,0.0,-0.0291392734708565,-0.10042016330031456,-0.024860216207725584,-0.015519392344336353,0.004279057263130916,0.08062171369284729
v4b_legacy_025c,25.0,75.0,0.5,-0.009063422230201307,0.015957078506651963,0.0,-0.00727432041745403,-0.11939395509879391,-0.0030551801859937367,0.0035983489095492752,0.004219140231460293,0.11877316377688289
v5c0_corrected_v4b_075c,25.0,75.0,0.5,-0.002949009299869864,0.015957078506651963,0.0,-0.00727432041745403,-0.11939395509879391,-0.0030551801859937367,0.0035983489095492752,0.004219140231460293,0.11877316377688289
v4b_legacy_025c,25.0,75.0,0.5078125,0.013462796011271287,0.01648372277295955,0.0,0.015919507788824092,-0.1331191415133153,0.020052418522843674,0.023887876539821874,0.004132910734019581,0.1528741073191176
v5c0_corrected_v4b_075c,25.0,75.0,0.5078125,0.02011564114950287,0.01648372277295955,0.0,0.015919507788824092,-0.1331191415133153,0.020052418522843674,0.023887876539821874,0.004132910734019581,0.1528741073191176
v4b_legacy_025c,25.0,75.0,0.515625,0.0371697987004454,0.01697039003184263,0.0,0.04016983630205288,-0.1366108738630242,0.04418976292441982,0.04511078317656106,0.004019926622366936,0.17770173041721832
v5c0_corrected_v4b_075c,25.0,75.0,0.515625,0.04420539299732588,0.01697039003184263,0.0,0.04016983630205288,-0.1366108738630242,0.04418976292441982,0.04511078317656106,0.004019926622366936,0.17770173041721832
v4b_legacy_025c,25.0,75.0,0.5234375,0.061784342585692605,0.017415331518088106,0.0,0.06517660546679578,-0.1296094011952007,0.06905670817545613,0.06700459449939927,0.003880102708660349,0.19273389298593963
v5c0_corrected_v4b_075c,25.0,75.0,0.5234375,0.0690209699354748,0.017415331518088106,0.0,0.06517660546679578,-0.1296094011952007,0.06905670817545613,0.06700459449939927,0.003880102708660349,0.19273389298593963
v4b_legacy_025c,25.0,75.0,0.53125,0.0868476530672707,0.017816940916327816,0.0,0.09061784968061654,-0.12098955425317275,0.0943316141835954,0.08928783425459488,0.0037137645029788613,0.20656362400478875
v5c0_corrected_v4b_075c,25.0,75.0,0.53125,0.09424174945460544,0.017816940916327816,0.0,0.09061784968061654,-0.12098955425317275,0.0943316141835954,0.08928783425459488,0.0037137645029788613,0.20656362400478875
v4b_legacy_025c,25.0,75.0,0.5390625,0.11201783614039153,0.018173771377890644,0.0,0.11615616977795362,-0.11155295847687846,0.11967785828433586,0.1116656839809855,0.0035216885063822367,0.21969695395148173
v5c0_corrected_v4b_075c,25.0,75.0,0.5390625,0.11953224686030695,0.018173771377890644,0.0,0.11615616977795362,-0.11155295847687846,0.11967785828433586,0.1116656839809855,0.0035216885063822367,0.21969695395148173
v4b_legacy_025c,25.0,75.0,0.546875,0.13695769792474757,0.018484550440784273,-0.0,0.14144573759211237,-0.10135376579545273,0.1447508643232956,0.1338360929012882,0.0033051267311832166,0.2318847319655577
v5c0_corrected_v4b_075c,25.0,75.0,0.546875,0.14454910968039586,0.018484550440784273,-0.0,0.14144573759211237,-0.10135376579545273,0.1447508643232956,0.1338360929012882,0.0033051267311832166,0.2318847319655577
v4b_legacy_025c,25.0,75.0,0.5546875,0.16132896100175098,0.018748192502716948,-0.0,0.16613964558541883,-0.09045493455720922,0.16920545973953682,0.15549617413979236,0.003065814154117996,0.2428852945428836
v5c0_corrected_v4b_075c,25.0,75.0,0.5546875,0.1689484354140381,0.018748192502716948,-0.0,0.16613964558541883,-0.09045493455720922,0.16920545973953682,0.15549617413979236,0.003065814154117996,0.2428852945428836
v4b_legacy_025c,25.0,75.0,0.5625,0.18479934558463945,0.018963808591656476,-0.0,0.18989734574101702,-0.07893051822616877,0.19270330457861226,0.1763486649524021,0.0028059588375952405,0.25247322434097563
v5c0_corrected_v4b_075c,25.0,75.0,0.5625,0.1923931583231553,0.018963808591656476,-0.0,0.18989734574101702,-0.07893051822616877,0.19270330457861226,0.1763486649524021,0.0028059588375952405,0.25247322434097563
v4b_legacy_025c,25.0,75.0,0.5703125,0.20704952364075266,0.019130713278453625,-0.0,0.2123919583846605,-0.0668676105685201,0.2149201737791465,0.19610826144210133,0.0025282153944859997,0.26044765661613545
v5c0_corrected_v4b_075c,25.0,75.0,0.5703125,0.21456028847800707,0.019130713278453625,-0.0,0.2123919583846605,-0.0668676105685201,0.2149201737791465,0.19610826144210133,0.0025282153944859997,0.26044765661613545
v4b_legacy_025c,25.0,75.0,0.578125,0.2277797042875296,0.019248428675273058,-0.0,0.2333171865080676,-0.05436771047531869,0.23555282977038727,0.21450759951763645,0.0022356432623196754,0.2666396667306355
v5c0_corrected_v4b_075c,25.0,75.0,0.578125,0.2351477421569125,0.019248428675273058,-0.0,0.2333171865080676,-0.05436771047531869,0.23555282977038727,0.21450759951763645,0.0022356432623196754,0.2666396667306355
v4b_legacy_025c,25.0,75.0,0.5859375,0.2467157218284554,0.019316685556531727,-0.0,0.25239368626818465,-0.04154723973137427,0.25432533812714503,0.23130275558213587,0.0019316518589603815,0.27091834345454974
v5c0_corrected_v4b_075c,25.0,75.0,0.5859375,0.2538806181394238,0.019316685556531727,-0.0,0.25239368626818465,-0.04154723973137427,0.25432533812714503,0.23130275558213587,0.0019316518589603815,0.27091834345454974
v4b_legacy_025c,25.0,75.0,0.59375,0.2636143909672886,0.019335421721491386,-0.0,0.2693746407584679,-0.028537133504864084,0.270994575862163,0.24627805123801402,0.0016199351036951248,0.27319524963918296
v5c0_corrected_v4b_075c,25.0,75.0,0.59375,0.27051667143506547,0.019335421721491386,-0.0,0.2693746407584679,-0.028537133504864084,0.270994575862163,0.24627805123801402,0.0016199351036951248,0.27319524963918296
v4b_legacy_025c,25.0,75.0,0.6015625,0.2782680247828799,0.01930477778671797,-0.0,0.28405042040274686,-0.015481420043786073,0.28535481841700316,0.2592500620323627,0.0013043980142563028,0.2734270840618925
v5c0_corrected_v4b_075c,25.0,75.0,0.6015625,0.2848508718958213,0.01930477778671797,-0.0,0.28405042040274686,-0.015481420043786073,0.28535481841700316,0.2592500620323627,0.0013043980142563028,0.2734270840618925
v4b_legacy_025c,25.0,75.0,0.609375,0.29050801081542954,0.019225090650808282,-0.0,0.29625221857115686,-0.002534812401090359,0.29724129672494726,0.27007074122106145,0.0009890781537904014,0.27161647546836143
v5c0_corrected_v4b_075c,25.0,75.0,0.609375,0.29671894033235224,0.019225090650808282,-0.0,0.29625221857115686,-0.002534812401090359,0.29724129672494726,0.27007074122106145,0.0009890781537904014,0.27161647546836143
v4b_legacy_025c,25.0,75.0,0.6171875,0.30020730885799135,0.019096884912826448,-0.0,0.30585452514105,0.01014052210667768,0.3065325897723594,0.2786295393103754,0.0006780646313094274,0.26781095257238824
v5c0_corrected_v4b_075c,25.0,75.0,0.6171875,0.3059997284289701,0.019096884912826448,-0.0,0.30585452514105,0.01014052210667768,0.3065325897723594,0.2786295393103754,0.0006780646313094274,0.26781095257238824
v4b_legacy_025c,25.0,75.0,0.625,0.3072819136642844,0.01892086255051068,-0.0,0.31277648620543114,0.02237891439925387,0.31315190339148935,0.2848545657168641,0.0003754171860582134,0.26210023413155203
v5c0_corrected_v4b_075c,25.0,75.0,0.625,0.31261649335480235,0.01892086255051068,-0.0,0.31277648620543114,0.02237891439925387,0.31315190339148935,0.2848545657168641,0.0003754171860582134,0.26210023413155203
v4b_legacy_025c,25.0,75.0,0.6328125,0.3116911622050862,0.018697891175940118,-0.0,0.31698203887620857,0.03401554702227754,0.3170671265165801,0.2887127000243799,8.508764037151728e-05,0.2546120653617308
v5c0_corrected_v4b_075c,25.0,75.0,0.6328125,0.3165369585356727,0.018697891175940118,-0.0,0.31698203887620857,0.03401554702227754,0.3170671265165801,0.2887127000243799,8.508764037151728e-05,0.2546120653617308
v4b_legacy_025c,25.0,75.0,0.640625,0.3134369755476345,0.018428991186863652,-0.0,0.3184789248740308,0.04489100705082235,0.3182897705874638,0.29020874001142716,-0.00018915428656696154,0.24550688724717176
v5c0_corrected_v4b_075c,25.0,75.0,0.640625,0.31777226552246,0.018428991186863652,-0.0,0.3184789248740308,0.04489100705082235,0.3182897705874638,0.29020874001142716,-0.00018915428656696154,0.24550688724717176
v4b_legacy_025c,25.0,75.0,0.6484375,0.31257120044907893,0.01811532212335605,-0.0,0.3173166668497255,0.055357957623781144,0.31687287772162936,0.289383664574341,-0.00044378912809611704,0.23446949607865597
v5c0_corrected_v4b_075c,25.0,75.0,0.6484375,0.3163749017705486,0.01811532212335605,-0.0,0.3173166668497255,0.055357957623781144,0.31687287772162936,0.289383664574341,-0.00044378912809611704,0.23446949607865597
v4b_legacy_025c,25.0,75.0,0.65625,0.30933326694634694,0.017758168523953115,-0.0,0.31358354657192233,0.0742413182423279,0.3129079381421152,0.2863120430614448,-0.0006756084298071285,0.21274633324892406
v5c0_corrected_v4b_075c,25.0,75.0,0.65625,0.3124356437552273,0.017758168523953115,-0.0,0.31358354657192233,0.0742413182423279,0.3129079381421152,0.2863120430614448,-0.0006756084298071285,0.21274633324892406
v4b_legacy_025c,25.0,75.0,0.6640625,0.30384989057960415,0.017358925554862844,-0.0,0.30740276070090367,0.102731676072382,0.30652099361733076,0.28109873871210134,-0.0008817670835729041,0.17924882972329226
v5c0_corrected_v4b_075c,25.0,75.0,0.6640625,0.30607969058699414,0.017358925554862844,-0.0,0.30740276070090367,0.102731676072382,0.30652099361733076,0.28109873871210134,-0.0008817670835729041,0.17924882972329226
v4b_legacy_025c,25.0,75.0,0.671875,0.29618501026748983,0.016919084661967704,-0.0,0.29892792082372216,0.13680859752498206,0.2978680943233476,0.27387505463928047,-0.001059826500374561,0.13812628361467297
v5c0_corrected_v4b_075c,25.0,75.0,0.671875,0.2974621540536349,0.016919084661967704,-0.0,0.29892792082372216,0.13680859752498206,0.2978680943233476,0.27387505463928047,-0.001059826500374561,0.13812628361467297
v4b_legacy_025c,25.0,75.0,0.6796875,0.28641546590625266,0.016440219469569896,-0.0,0.2883380170880492,0.17139607568908605,0.2871302289237372,0.2647944196680725,-0.0012077881643119959,0.09460613214329844
v5c0_corrected_v4b_075c,25.0,75.0,0.6796875,0.2867630233175436,0.016440219469569896,-0.0,0.2883380170880492,0.17139607568908605,0.2871302289237372,0.2647944196680725,-0.0012077881643119959,0.09460613214329844
v4b_legacy_025c,25.0,75.0,0.6875,0.2746410506931951,0.015923972123353818,-0.0,0.2758320705020957,0.20103792996514602,0.27450795314063314,0.25402780351682797,-0.0013241173614625401,0.05431399091314448
v5c0_corrected_v4b_075c,25.0,75.0,0.6875,0.27418182780894157,0.015923972123353818,-0.0,0.2758320705020957,0.20103792996514602,0.27450795314063314,0.25402780351682797,-0.0013241173614625401,0.05431399091314448
v4b_legacy_025c,25.0,75.0,0.6953125,0.26099290128798175,0.015372040248745437,-0.0,0.26162366293219536,0.2205906163094426,0.2602159058322438,0.24175902834033522,-0.0014077570999515565,0.022576169130844176
v5c0_corrected_v4b_075c,25.0,75.0,0.6953125,0.25993218596857204,0.015372040248745437,-0.0,0.26162366293219536,0.2205906163094426,0.2602159058322438,0.24175902834033522,-0.0014077570999515565,0.022576169130844176
v4b_legacy_025c,25.0,75.0,0.703125,0.24563843036007882,0.014786164670392489,-0.0,0.24593544750624177,0.22584794322207247,0.24447731507466866,0.228180058443507,-0.0014581324315731115,0.0037902476530076445
v5c0_corrected_v4b_075c,25.0,75.0,0.703125,0.24423634115444465,0.014786164670392489,-0.0,0.24593544750624177,0.22584794322207247,0.24447731507466866,0.228180058443507,-0.0014581324315731115,0.0037902476530076445
v4b_legacy_025c,25.0,75.0,0.7109375,0.22879508914921956,0.014168118014315749,-0.0,0.22899389993748065,0.214961634815167,0.22751875438581012,0.21348648926349667,-0.0014751455516705259,1.942890293094024e-16
v5c0_corrected_v4b_075c,25.0,75.0,0.7109375,0.227319943597549,0.014168118014315749,-0.0,0.22899389993748065,0.214961634815167,0.22751875438581012,0.21348648926349667,-0.0014751455516705259,1.942890293094024e-16
v4b_legacy_025c,25.0,75.0,0.71875,0.21086638006756508,0.013519694291658283,-0.0,0.21102445135585987,0.19933252364768062,0.2095652891609528,0.1978733614527735,-0.0014591621949070765,-2.7755575615628914e-17
v5c0_corrected_v4b_075c,25.0,75.0,0.71875,0.20940721787265804,0.013519694291658283,-0.0,0.21102445135585987,0.19933252364768062,0.2095652891609528,0.1978733614527735,-0.0014591621949070765,-2.7755575615628914e-17
v4b_legacy_025c,25.0,75.0,0.7265625,0.192127566172371,0.012842699542011244,-0.0,0.19224706397036795,0.18294233815271238,0.19083607400741728,0.18153134818976172,-0.001410989962950665,0.0
v5c0_corrected_v4b_075c,25.0,75.0,0.7265625,0.19071657620942034,0.012842699542011244,-0.0,0.19224706397036795,0.18294233815271238,0.19083607400741728,0.18153134818976172,-0.001410989962950665,0.0
v4b_legacy_025c,25.0,75.0,0.734375,0.1727887064270461,0.012138943595034295,-0.0,0.1728724300890944,0.16597531738790924,0.17154058076975054,0.1646434680685654,-0.001331849319343853,0.0
v5c0_corrected_v4b_075c,25.0,75.0,0.734375,0.17145685710770225,0.012138943595034295,-0.0,0.1728724300890944,0.16597531738790924,0.17154058076975054,0.1646434680685654,-0.001331849319343853,0.0
v4b_legacy_025c,25.0,75.0,0.7421875,0.15304765041120102,0.011410232991441883,-0.0,0.15309891821993415,0.14860577519896365,0.15187558014950442,0.1473824371285339,-0.0012233380704297359,0.0
v5c0_corrected_v4b_075c,25.0,75.0,0.7421875,0.1518243123407713,0.011410232991441883,-0.0,0.15309891821993415,0.14860577519896365,0.15187558014950442,0.1473824371285339,-0.0012233380704297359,0.0
v4b_legacy_025c,25.0,75.0,0.75,0.13308770096669048,0.010658365088255158,-0.0,0.13311023502988564,0.1309960211698249,0.13202284480724297,0.12990863094718222,-0.0010873902226426757,0.0
v5c0_corrected_v4b_075c,25.0,75.0,0.75,0.13200031074404778,0.010658365088255158,-0.0,0.13311023502988564,0.1309960211698249,0.13202284480724297,0.12990863094718222,-0.0010873902226426757,0.0
v4b_legacy_025c,25.0,75.0,0.7578125,0.1130760446053985,0.009885123358338209,-0.0,0.11307385925598047,0.11329493382822478,0.1121476290871487,0.11236870365939304,-0.0009262301688317681,2.7755575615628914e-17
v5c0_corrected_v4b_075c,25.0,75.0,0.7578125,0.11214981443656673,0.009885123358338209,-0.0,0.11307385925598047,0.11329493382822478,0.1121476290871487,0.11236870365939304,-0.0009262301688317681,2.7755575615628914e-17
v4b_legacy_025c,25.0,75.0,0.765625,0.09316305338933187,0.009092273880428698,-0.0,0.09314035061006115,0.09563728147348198,0.09239802739799235,0.09489495826141318,-0.0007423232120687961,0.0
v5c0_corrected_v4b_075c,25.0,75.0,0.765625,0.09242073017726309,0.009092273880428698,-0.0,0.09314035061006115,0.09563728147348198,0.09239802739799235,0.09489495826141318,-0.0007423232120687961,0.0
v4b_legacy_025c,25.0,75.0,0.7734375,0.0734823193904904,0.00828156300289859,-0.0,0.07344339373623315,0.07814367244492822,0.0729050702499129,0.07760534895860795,-0.0005383234863202552,-1.3877787807814457e-17
v5c0_corrected_v4b_075c,25.0,75.0,0.7734375,0.07294399590417014,0.00828156300289859,-0.0,0.07344339373623315,0.07814367244492822,0.0729050702499129,0.07760534895860795,-0.0005383234863202552,-1.3877787807814457e-17
v4b_legacy_025c,25.0,75.0,0.78125,0.054151409726991735,0.007454716152090154,-0.0,0.054100564380085675,0.06092112546768665,0.053783543999953526,0.060604105087554504,-0.00031702038013214917,0.0
v5c0_corrected_v4b_075c,25.0,75.0,0.78125,0.05383438934685958,0.007454716152090154,-0.0,0.054100564380085675,0.06092112546768665,0.053783543999953526,0.060604105087554504,-0.00031702038013214917,0.0
v4b_legacy_025c,25.0,75.0,0.7890625,0.03527329457309071,0.006613437744012758,-0.0,0.03521476927740716,0.04406422064429003,0.035133484665794634,0.04398293603267751,-8.128461161252543e-05,0.0
v5c0_corrected_v4b_075c,25.0,75.0,0.7890625,0.035192009961478185,0.006613437744012758,-0.0,0.03521476927740716,0.04406422064429003,0.035133484665794634,0.04398293603267751,-8.128461161252543e-05,0.0
v4b_legacy_025c,25.0,75.0,0.796875,0.016938353676912085,0.005759412146208509,-0.0,0.016876264394643545,0.0276567539120353,0.017042249255900744,0.0278227387732925,0.00016598486125719847,0.0
v5c0_corrected_v4b_075c,25.0,75.0,0.796875,0.017104338538169284,0.005759412146208509,-0.0,0.016876264394643545,0.0276567539120353,0.017042249255900744,0.0278227387732925,0.00016598486125719847,0.0
v4b_legacy_025c,25.0,75.0,0.8046875,-0.0007731901274664183,0.004894305624464382,-0.0,-0.0008349007910168867,0.01177376492899972,-0.0004129889062503884,0.012195676813766218,0.0004219118847664983,1.0842021724855044e-19
v5c0_corrected_v4b_075c,25.0,75.0,0.8046875,-0.0003512782426999199,0.004894305624464382,-0.0,-0.0008349007910168867,0.01177376492899972,-0.0004129889062503884,0.012195676813766218,0.0004219118847664983,1.0842021724855044e-19
v4b_legacy_025c,25.0,75.0,0.8125,-0.017788530405391776,0.0040197691965525245,-0.0,-0.017846133575128893,-0.0035161641364561715,-0.017162442689261325,-0.002832473250588604,0.0006836908858675675,0.0
v5c0_corrected_v4b_075c,25.0,75.0,0.8125,-0.01710483951952421,0.0040197691965525245,-0.0,-0.017846133575128893,-0.0035161641364561715,-0.017162442689261325,-0.002832473250588604,0.0006836908858675675,0.0
v4b_legacy_025c,25.0,75.0,0.8203125,-0.03403935028638232,0.003137442302141025,-0.0,-0.034089364010629244,-0.01814844161891076,-0.03314073384379954,-0.017199811452081055,0.0009486301668297017,3.469446951953614e-18
v5c0_corrected_v4b_075c,25.0,75.0,0.8203125,-0.033090720119552615,0.003137442302141025,-0.0,-0.034089364010629244,-0.01814844161891076,-0.03314073384379954,-0.017199811452081055,0.0009486301668297017,3.469446951953614e-18
v4b_legacy_025c,25.0,75.0,0.828125,-0.04945888194429723,0.002248957184305514,-0.0,-0.04949809953089151,-0.0320599789352819,-0.04828390999094085,-0.030845789395331245,0.001214189539950658,0.0
v5c0_corrected_v4b_075c,25.0,75.0,0.828125,-0.04824469240434657,0.002248957184305514,-0.0,-0.04949809953089151,-0.0320599789352819,-0.04828390999094085,-0.030845789395331245,0.001214189539950658,0.0
v4b_legacy_025c,25.0,75.0,0.8359375,-0.06397911648836173,0.0013559438636251682,-0.0,-0.06400463237963752,-0.0451868243860399,-0.06252662118379203,-0.0437088131901944,0.001478011195845494,6.938893903907228e-18
v5c0_corrected_v4b_075c,25.0,75.0,0.8359375,-0.06250110529251623,0.0013559438636251682,-0.0,-0.06400463237963752,-0.0451868243860399,-0.06252662118379203,-0.0437088131901944,0.001478011195845494,6.938893903907228e-18
v4b_legacy_025c,25.0,75.0,0.84375,-0.07752831276703252,0.0004600355706904154,-0.0,-0.0775375482118138,-0.05746204672959274,-0.07579960539636878,-0.05572410391414772,0.0017379428154450233,0.0
v5c0_corrected_v4b_075c,25.0,75.0,0.84375,-0.0757903699515875,0.0004600355706904154,-0.0,-0.0775375482118138,-0.05746204672959274,-0.07579960539636878,-0.05572410391414772,0.0017379428154450233,0.0
v4b_legacy_025c,25.0,75.0,0.8515625,-0.0900104106862753,0.00043712551287781277,-0.0,-0.09001968023291773,-0.06881399360666453,-0.08802762812665649,-0.06682194150040328,0.001992052106261244,0.0
v5c0_corrected_v4b_075c,25.0,75.0,0.8515625,-0.08801835858001407,0.00043712551287781277,-0.0,-0.09001968023291773,-0.06881399360666453,-0.08802762812665649,-0.06682194150040328,0.001992052106261244,0.0
v4b_legacy_025c,25.0,75.0,0.859375,-0.10133702946534746,0.001333882370817585,-0.0,-0.10136664378986934,-0.07916504253193811,-0.09912801161430956,-0.07692641035637833,0.0022386321755597793,0.0
v5c0_corrected_v4b_075c,25.0,75.0,0.859375,-0.09909839728978768,0.001333882370817585,-0.0,-0.10136664378986934,-0.07916504253193811,-0.09912801161430956,-0.07692641035637833,0.0022386321755597793,0.0
v4b_legacy_025c,25.0,75.0,0.8671875,-0.11143468844016675,0.0022285573078097334,-0.0,-0.11148606809950914,-0.08843094667080119,-0.10900987064715612,-0.08595474921844816,0.0024761974523530295,0.0
v5c0_corrected_v4b_075c,25.0,75.0,0.8671875,-0.10895849098781374,0.0022285573078097334,-0.0,-0.11148606809950914,-0.08843094667080119,-0.10900987064715612,-0.08595474921844816,0.0024761974523530295,0.0
v4b_legacy_025c,25.0,75.0,0.875,-0.12020349917053787,0.0031194463411078053,-0.0,-0.12027760710545832,-0.09652084811144995,-0.11757413686721827,-0.0938173778732099,0.002703470238240052,0.0
v5c0_corrected_v4b_075c,25.0,75.0,0.875,-0.11750002893229783,0.0031194463411078053,-0.0,-0.12027760710545832,-0.09652084811144995,-0.11757413686721827,-0.0938173778732099,0.002703470238240052,0.0
v4b_legacy_025c,25.0,75.0,0.8828125,-0.1275364824858132,0.004004814038472406,-0.0,-0.12763378255121036,-0.10333800640219526,-0.12471442415124603,-0.10041864800223095,0.0029193583999643224,-1.3877787807814457e-17
v5c0_corrected_v4b_075c,25.0,75.0,0.8828125,-0.12461712408584888,0.004004814038472406,-0.0,-0.12763378255121036,-0.10333800640219526,-0.12471442415124603,-0.10041864800223095,0.0029193583999643224,-1.3877787807814457e-17
v4b_legacy_025c,25.0,75.0,0.890625,-0.13332126646200498,0.0048828890233258105,-0.0,-0.13344168054525235,-0.10878126277369254,-0.130318755342917,-0.10565833757135719,0.0031229252023353415,1.3877787807814457e-17
v5c0_corrected_v4b_075c,25.0,75.0,0.890625,-0.13019834125966964,0.0048828890233258105,-0.0,-0.13344168054525235,-0.10878126277369254,-0.130318755342917,-0.10565833757135719,0.0031229252023353415,1.3877787807814457e-17
v4b_legacy_025c,25.0,75.0,0.8984375,-0.13744260864053692,0.005751860374645962,-0.0,-0.1375854748208753,-0.11274721884231638,-0.13427212202316544,-0.1094338660446065,0.003313352797709862,1.3877787807814457e-17
v5c0_corrected_v4b_075c,25.0,75.0,0.8984375,-0.13412925584282703,0.005751860374645962,-0.0,-0.1375854748208753,-0.11274721884231638,-0.13427212202316544,-0.1094338660446065,0.003313352797709862,1.3877787807814457e-17
v4b_legacy_025c,25.0,75.0,0.90625,-0.13978568483373086,0.006609875150181424,-0.0,-0.13994971970790068,-0.11513308241251863,-0.13645981830200438,-0.11164318100662232,0.0034899014058963063,0.0
v5c0_corrected_v4b_075c,25.0,75.0,0.90625,-0.13629578342783458,0.006609875150181424,-0.0,-0.13994971970790068,-0.11513308241251863,-0.13645981830200438,-0.11164318100662232,0.0034899014058963063,0.0
v4b_legacy_025c,25.0,75.0,0.9140625,-0.14024004663129,0.007455036252436044,-0.0,-0.14042331541308176,-0.11584009735939767,-0.13677144871905628,-0.11218823066537219,0.0036518666940254796,0.0
v5c0_corrected_v4b_075c,25.0,75.0,0.9140625,-0.13658817993726452,0.007455036252436044,-0.0,-0.14042331541308176,-0.11584009735939767,-0.13677144871905628,-0.11218823066537219,0.0036518666940254796,0.0
v4b_legacy_025c,25.0,75.0,0.921875,-0.13870409952091464,0.008285382646257666,-0.0,-0.13890399735590517,-0.11477743090446806,-0.1351054591068969,-0.11097889265545978,0.0037985382490082764,0.0
v5c0_corrected_v4b_075c,25.0,75.0,0.921875,-0.13490556127190637,0.008285382646257666,-0.0,-0.13890399735590517,-0.11477743090446806,-0.1351054591068969,-0.11097889265545978,0.0037985382490082764,0.0
v4b_legacy_025c,25.0,75.0,0.9296875,-0.1350899192271599,0.009098887003522526,-0.0,-0.13530316808214757,-0.11186636148095663,-0.13137400581181935,-0.10793719921062837,0.003929162270328218,4.163336342344337e-17
v5c0_corrected_v4b_075c,25.0,75.0,0.9296875,-0.1311607569568317,0.009098887003522526,-0.0,-0.13530316808214757,-0.11186636148095663,-0.13137400581181935,-0.10793719921062837,0.003929162270328218,4.163336342344337e-17
v4b_legacy_025c,25.0,75.0,0.9375,-0.1293282262618246,0.009893470654928575,-0.0,-0.1295508914813172,-0.10704461160655233,-0.12550797983674378,-0.10300169996197892,0.0040429116445734326,-1.3877787807814457e-17
v5c0_corrected_v4b_075c,25.0,75.0,0.9375,-0.12528531461725118,0.009893470654928575,-0.0,-0.1295508914813172,-0.10704461160655233,-0.12550797983674378,-0.10300169996197892,0.0040429116445734326,-1.3877787807814457e-17
v4b_legacy_025c,25.0,75.0,0.9453125,-0.12137325881255154,0.01066701046134419,-0.0,-0.1216007881504357,-0.10027060021177286,-0.11746192179858865,-0.09613173385992582,0.004138866351847056,-1.3877787807814457e-17
v5c0_corrected_v4b_075c,25.0,75.0,0.9453125,-0.1172343924607045,0.01066701046134419,-0.0,-0.1216007881504357,-0.10027060021177286,-0.11746192179858865,-0.09613173385992582,0.004138866351847056,-1.3877787807814457e-17
v4b_legacy_025c,25.0,75.0,0.953125,-0.11120734863815648,0.01141734803214043,-0.0,-0.11143463599133806,-0.09152744278484704,-0.10721862931742593,-0.0873114361109349,0.004216006673912129,0.0
v5c0_corrected_v4b_075c,25.0,75.0,0.953125,-0.10699134196424435,0.01141734803214043,-0.0,-0.11143463599133806,-0.09152744278484704,-0.10721862931742593,-0.0873114361109349,0.004216006673912129,0.0
v4b_legacy_025c,25.0,75.0,0.9609375,-0.09884496405946344,0.012142301284896823,-0.0,-0.09906643895073658,-0.08082649529618247,-0.09479321802216265,-0.07655327436760853,0.004273220928573934,0.0
v5c0_corrected_v4b_075c,25.0,75.0,0.9609375,-0.09457174313088951,0.012142301284896823,-0.0,-0.09906643895073658,-0.08082649529618247,-0.09479321802216265,-0.07655327436760853,0.004273220928573934,0.0
v4b_legacy_025c,25.0,75.0,0.96875,-0.08435571156398558,0.012839678254392662,-0.0,-0.08454572624139593,-0.06974670451783103,-0.0802363977593275,-0.06390090407954786,0.004309328482068428,0.0015364719562147439
v5c0_corrected_v4b_075c,25.0,75.0,0.96875,-0.08002665527635247,0.012839678254392662,-0.0,-0.08454572624139593,-0.06974670451783103,-0.0802363977593275,-0.06390090407954786,0.004309328482068428,0.0015364719562147439
v4b_legacy_025c,25.0,75.0,0.9765625,-0.06799090305672635,0.013507292966093785,-0.0,-0.06795995465846635,-0.07025119083270719,-0.06363683699506263,-0.04943123363975261,0.004323117663403722,0.016496839529550854
v5c0_corrected_v4b_075c,25.0,75.0,0.9765625,-0.06344495774878234,0.013507292966093785,-0.0,-0.06795995465846635,-0.07025119083270719,-0.06363683699506263,-0.04943123363975261,0.004323117663403722,0.016496839529550854
v4b_legacy_025c,25.0,75.0,0.984375,-0.04989765453055936,0.014142983095583832,-0.0,-0.04943578444258271,-0.08209297457391133,-0.045122387419410784,-0.0332554994564878,0.004313397023171926,0.04452407809425161
v5c0_corrected_v4b_075c,25.0,75.0,0.984375,-0.04495455422355398,0.014142983095583832,-0.0,-0.04943578444258271,-0.08209297457391133,-0.045122387419410784,-0.0332554994564878,0.004313397023171926,0.04452407809425161
v4b_legacy_025c,25.0,75.0,0.9921875,-0.03019021121593297,0.014744629046614726,-0.0,-0.0291392008157706,-0.10042009888649417,-0.024860143552639696,-0.015519327930523663,0.004279057263130905,0.0806217136928396
v5c0_corrected_v4b_075c,25.0,75.0,0.9921875,-0.02472241669129877,0.014744629046614726,-0.0,-0.0291392008157706,-0.10042009888649417,-0.024860143552639696,-0.015519327930523663,0.004279057263130905,0.0806217136928396
v4b_legacy_025c,25.0,90.0,0.0,-0.015009483860743961,0.005674624134437749,0.0,-0.015054169699542692,-0.007179491528781693,-0.013586907822671263,-0.005712229651910264,0.0014672618768714289,8.673617379884035e-19
v5c0_corrected_v4b_075c,25.0,90.0,0.0,-0.013542221983872534,0.005674624134437749,0.0,-0.015054169699542692,-0.007179491528781693,-0.013586907822671263,-0.005712229651910264,0.0014672618768714289,8.673617379884035e-19
v4b_legacy_025c,25.0,90.0,0.0078125,-0.005127848935606367,0.006532411981438775,0.0,-0.005169940831700734,0.0012736050153718801,-0.0038733468234579513,0.0025701990236146623,0.0012965940082427826,-4.336808689942018e-19
v5c0_corrected_v4b_075c,25.0,90.0,0.0078125,-0.0038312549273635844,0.006532411981438775,0.0,-0.005169940831700734,0.0012736050153718801,-0.0038733468234579513,0.0025701990236146623,0.0012965940082427826,-4.336808689942018e-19
v4b_legacy_025c,25.0,90.0,0.015625,0.005621652704158347,0.00737199339969928,0.0,0.005585283184164956,0.010518754773392683,0.006701952150822764,0.01163542374005049,0.001116668966657808,-8.673617379884035e-19
v5c0_corrected_v4b_075c,25.0,90.0,0.015625,0.006738321670816155,0.00737199339969928,0.0,0.005585283184164956,0.010518754773392683,0.006701952150822764,0.01163542374005049,0.001116668966657808,-8.673617379884035e-19
v4b_legacy_025c,25.0,90.0,0.0234375,0.01703083846065115,0.008190710132569732,0.0,0.01700320821738133,0.020376571799123864,0.017931426717882427,0.021304790299624957,0.0009282185005010969,-3.469446951953614e-18
v5c0_corrected_v4b_075c,25.0,90.0,0.0234375,0.01795905696115225,0.008190710132569732,0.0,0.01700320821738133,0.020376571799123864,0.017931426717882427,0.021304790299624957,0.0009282185005010969,-3.469446951953614e-18
v4b_legacy_025c,25.0,90.0,0.03125,0.02888428330599933,0.008985997311023319,0.0,0.02886817510844406,0.0306607638437548,0.02960043505739674,0.03139302379270748,0.0007322599489526828,0.0
v5c0_corrected_v4b_075c,25.0,90.0,0.03125,0.029616543254952013,0.008985997311023319,0.0,0.02886817510844406,0.0306607638437548,0.02960043505739674,0.03139302379270748,0.0007322599489526828,0.0
v4b_legacy_025c,25.0,90.0,0.0390625,0.040965664688348086,0.009755405722391496,0.0,0.04096351735318411,0.041183634816781466,0.04149363489478521,0.041713752358382566,0.0005301175416011009,0.0
v5c0_corrected_v4b_075c,25.0,90.0,0.0390625,0.04149578222994919,0.009755405722391496,0.0,0.04096351735318411,0.041183634816781466,0.04149363489478521,0.041713752358382566,0.0005301175416011009,0.0
v4b_legacy_025c,25.0,90.0,0.046875,0.05306346975998886,0.010496621822049943,0.0,0.053077693442092545,0.051722621082164084,0.0534011212373919,0.0520848291622813,0.0003234277952993553,3.8780284817858945e-05
v5c0_corrected_v4b_075c,25.0,90.0,0.046875,0.053387304617272105,0.010496621822049943,0.0,0.053077693442092545,0.051722621082164084,0.0534011212373919,0.0520848291622813,0.0003234277952993553,3.8780284817858945e-05
v4b_legacy_025c,25.0,90.0,0.0546875,0.06497112994805618,0.011207485042063762,0.0,0.06500996199119599,0.06154513085432085,0.06512409078250118,0.062333250794436704,0.00011412879130519304,0.000673991148810664
v5c0_corrected_v4b_075c,25.0,90.0,0.0546875,0.06509281248508016,0.011207485042063762,0.0,0.06500996199119599,0.06154513085432085,0.06512409078250118,0.062333250794436704,0.00011412879130519304,0.000673991148810664
v4b_legacy_025c,25.0,90.0,0.0625,0.07650695639338562,0.011886002064543395,0.0,0.07657542401507449,0.07081506646868606,0.07647985812380406,0.07229951928590911,-9.556589127042436e-05,0.0015800187084934747
v5c0_corrected_v4b_075c,25.0,90.0,0.0625,0.07643017060774634,0.011886002064543395,0.0,0.07657542401507449,0.07081506646868606,0.07647985812380406,0.07229951928590911,-9.556589127042436e-05,0.0015800187084934747
v4b_legacy_025c,25.0,90.0,0.0703125,0.08751249742558202,0.01253035784858521,0.0,0.08760926208489772,0.07988684421902538,0.08730605510805457,0.08184130199108865,-0.00030320697684314835,0.0022576647489064156
v5c0_corrected_v4b_075c,25.0,90.0,0.0703125,0.08723757979594482,0.01253035784858521,0.0,0.08760926208489772,0.07988684421902538,0.08730605510805457,0.08184130199108865,-0.00030320697684314835,0.0022576647489064156
v4b_legacy_025c,25.0,90.0,0.078125,0.09785113281707841,0.013138923320439404,0.0,0.09797007846139236,0.0889171567407135,0.0974639176678389,0.09083630529678599,-0.0005061607935534507,0.00242530934962594
v5c0_corrected_v4b_075c,25.0,90.0,0.078125,0.09737683797709805,0.013138923320439404,0.0,0.09797007846139236,0.0889171567407135,0.0974639176678389,0.09083630529678599,-0.0005061607935534507,0.00242530934962594
v4b_legacy_025c,25.0,90.0,0.0859375,0.10740953677009625,0.013710259750199199,0.0,0.10754225790912134,0.09786183307084279,0.10684058847801313,0.0991843005818588,-0.0007016694311082067,0.0020241369421242217
v5c0_corrected_v4b_075c,25.0,90.0,0.0859375,0.10673561878223455,0.013710259750199199,0.0,0.10754225790912134,0.09786183307084279,0.10684058847801313,0.0991843005818588,-0.0007016694311082067,0.0020241369421242217
v4b_legacy_025c,25.0,90.0,0.09375,0.1160982869599071,0.014243119939529762,0.0,0.11623723986206472,0.10648144880311493,0.11535032293875232,0.10680820703816692,-0.0008869169233124002,0.0012136751583643884
v5c0_corrected_v4b_075c,25.0,90.0,0.09375,0.11522865655744292,0.014243119939529762,0.0,0.11623723986206472,0.10648144880311493,0.11535032293875232,0.10680820703816692,-0.0008869169233124002,0.0012136751583643884
v4b_legacy_025c,25.0,90.0,0.1015625,0.1238513377317014,0.014736446430134708,0.0,0.12399338320827524,0.11435432420939937,0.12293428459110015,0.11365396580966405,-0.0010590986171750971,0.0003587402174397847
v5c0_corrected_v4b_075c,25.0,90.0,0.1015625,0.12279752567052293,0.014736446430134708,0.0,0.12399338320827524,0.11435432420939937,0.12293428459110015,0.11365396580966405,-0.0010590986171750971,0.0003587402174397847
v4b_legacy_025c,25.0,90.0,0.109375,0.13062642894134677,0.015189367009870754,0.0,0.13077634842052085,0.12090632032279452,0.12956085738596942,0.1196908292882431,-0.0012154910345514303,0.0
v5c0_corrected_v4b_075c,25.0,90.0,0.109375,0.12941093790679534,0.015189367009870754,0.0,0.13077634842052085,0.12090632032279452,0.12956085738596942,0.1196908292882431,-0.0012154910345514303,0.0
v4b_legacy_025c,25.0,90.0,0.1171875,0.13641654651605215,0.015601187842266507,0.0,0.13657745710209301,0.1262634612917912,0.13522393731751683,0.12490994150721502,-0.0013535197845761793,0.0
v5c0_corrected_v4b_075c,25.0,90.0,0.1171875,0.13506302673147597,0.015601187842266507,0.0,0.13657745710209301,0.1262634612917912,0.13522393731751683,0.12490994150721502,-0.0013535197845761793,0.0
v4b_legacy_025c,25.0,90.0,0.125,0.14124171072337513,0.015971384576508214,0.0,0.14141129814044506,0.1307930942985953,0.13994047473418786,0.1293222708923381,-0.0014708234062572045,0.0
v5c0_corrected_v4b_075c,25.0,90.0,0.125,0.1397708873171179,0.015971384576508214,0.0,0.14141129814044506,0.1307930942985953,0.13994047473418786,0.1293222708923381,-0.0014708234062572045,0.0
v4b_legacy_025c,25.0,90.0,0.1328125,0.14513691438011328,0.016299591810440325,0.0,0.14531280989170486,0.13452140396956866,0.14374749851542795,0.13295609259329175,-0.0015653113762769122,0.0
v5c0_corrected_v4b_075c,25.0,90.0,0.1328125,0.14357160300383637,0.016299591810440325,0.0,0.14531280989170486,0.13452140396956866,0.14374749851542795,0.13295609259329175,-0.0015653113762769122,0.0
v4b_legacy_025c,25.0,90.0,0.140625,0.14815399004813948,0.016585591281055304,0.0,0.14833385416244446,0.13748925349328292,0.1466986392824165,0.13585403861325496,-0.0016352148800279631,0.0
v5c0_corrected_v4b_075c,25.0,90.0,0.140625,0.14651877516811151,0.016585591281055304,0.0,0.14833385416244446,0.13748925349328292,0.1466986392824165,0.13585403861325496,-0.0016352148800279631,0.0
v4b_legacy_025c,25.0,90.0,0.1484375,0.15035780594582238,0.016829299147826875,0.0,0.15053940171548827,0.13974894822893583,0.14886027242122918,0.13806981893467674,-0.0016791292942590907,0.0
v5c0_corrected_v4b_075c,25.0,90.0,0.1484375,0.14867867665156329,0.016829299147826875,0.0,0.15053940171548827,0.13974894822893583,0.14886027242122918,0.13806981893467674,-0.0016791292942590907,0.0
v4b_legacy_025c,25.0,90.0,0.15625,0.15182224980422893,0.017030752716592816,0.0,0.1520035028649814,0.1413608105677769,0.15030745521070626,0.13966476291350177,-0.0016960476542751401,0.0
v5c0_corrected_v4b_075c,25.0,90.0,0.15625,0.15012620214995379,0.017030752716592816,0.0,0.1520035028649814,0.1413608105677769,0.15030745521070626,0.13966476291350177,-0.0016960476542751401,0.0
v4b_legacy_025c,25.0,90.0,0.1640625,0.1526261373199803,0.017190096927872323,0.0,0.1528051807330025,0.14238968314893116,0.15111979606288692,0.14070429847881555,-0.0016853846701155861,-2.7755575615628914e-17
v5c0_corrected_v4b_075c,25.0,90.0,0.1640625,0.1509407526498647,0.017190096927872323,0.0,0.1528051807330025,0.14238968314893116,0.15111979606288692,0.14070429847881555,-0.0016853846701155861,-2.7755575615628914e-17
v4b_legacy_025c,25.0,90.0,0.171875,0.15284919474907888,0.017307570905589487,0.0,0.15302439771808637,0.14290148850319842,0.15137740660638188,0.14125449739149393,-0.0016469911117044933,0.0
v5c0_corrected_v4b_075c,25.0,90.0,0.171875,0.15120220363737435,0.017307570905589487,0.0,0.15302439771808637,0.14290148850319842,0.15137740660638188,0.14125449739149393,-0.0016469911117044933,0.0
v4b_legacy_025c,25.0,90.0,0.1796875,0.15256825749485825,0.017383494831919536,0.0,0.15273823801455605,0.14295996722716084,0.15115707941147605,0.14137880862408084,-0.0015811586030800018,0.0
v5c0_corrected_v4b_075c,25.0,90.0,0.1796875,0.15098709889177825,0.017383494831919536,0.0,0.15273823801455605,0.14295996722716084,0.15115707941147605,0.14137880862408084,-0.0015811586030800018,0.0
v4b_legacy_025c,25.0,90.0,0.1875,0.1518538079963122,0.01741825738278385,0.0,0.1520174304067474,0.1426237002051874,0.15052881535354234,0.1411350851519823,-0.0014886150532050502,-2.7755575615628914e-17
v5c0_corrected_v4b_075c,25.0,90.0,0.1875,0.15036519294310716,0.01741825738278385,0.0,0.1520174304067474,0.1426237002051874,0.15052881535354234,0.1411350851519823,-0.0014886150532050502,-2.7755575615628914e-17
v4b_legacy_025c,25.0,90.0,0.1953125,0.15076697248204263,0.01741230392746806,0.0,0.15092333172407457,0.14194351821500345,0.14955282061460043,0.1405730071055293,-0.001370511109474143,0.0
v5c0_corrected_v4b_075c,25.0,90.0,0.1953125,0.14939646137256848,0.01741230392746806,0.0,0.15092333172407457,0.14194351821500345,0.14955282061460043,0.1405730071055293,-0.001370511109474143,0.0
v4b_legacy_025c,25.0,90.0,0.203125,0.14935706746150768,0.017366125665699162,0.0,0.14950546247695728,0.14096037773518902,0.14827706432246215,0.1397319795806939,-0.0012283981544951306,0.0
v5c0_corrected_v4b_075c,25.0,90.0,0.203125,0.14812866930701254,0.017366125665699162,0.0,0.14950546247695728,0.14096037773518902,0.14827706432246215,0.1397319795806939,-0.0012283981544951306,0.0
v4b_legacy_025c,25.0,90.0,0.2109375,0.14765977194618202,0.01728024984680793,0.0,0.14779967116520426,0.13970376860230896,0.14673547268346152,0.13863957012056619,-0.0010641984817427452,-2.7755575615628914e-17
v5c0_corrected_v4b_075c,25.0,90.0,0.2109375,0.14659557346443924,0.01728024984680793,0.0,0.14779967116520426,0.13970376860230896,0.14673547268346152,0.13863957012056619,-0.0010641984817427452,-2.7755575615628914e-17
v4b_legacy_025c,25.0,90.0,0.21875,0.1456959965453858,0.017155231188621167,0.0,0.14582699873462315,0.13819071637870445,0.14494683034903968,0.13731054799312098,-0.0008801683855834685,0.0
v5c0_corrected_v4b_075c,25.0,90.0,0.21875,0.14481582815980232,0.017155231188621167,0.0,0.14582699873462315,0.13819071637870445,0.14494683034903968,0.13731054799312098,-0.0008801683855834685,0.0
v4b_legacy_025c,25.0,90.0,0.2265625,0.1434714738696837,0.016991644588599034,0.0,0.14359326769665648,0.13642540196490066,0.14291441270679853,0.1357465469750427,-0.0006788549898579521,0.0
v5c0_corrected_v4b_075c,25.0,90.0,0.2265625,0.14279261887982572,0.016991644588599034,0.0,0.14359326769665648,0.13642540196490066,0.14291441270679853,0.1357465469750427,-0.0006788549898579521,0.0
v4b_legacy_025c,25.0,90.0,0.234375,0.1409770819904979,0.01679007919644559,0.0,0.1410894075774546,0.13439941013060175,0.1406263598577571,0.13393636241090423,-0.000463047719697518,0.0
v5c0_corrected_v4b_075c,25.0,90.0,0.234375,0.14051403427080042,0.01679007919644559,0.0,0.1410894075774546,0.13439941013060175,0.1406263598577571,0.13393636241090423,-0.000463047719697518,0.0
v4b_legacy_025c,25.0,90.0,0.2421875,0.1381899055720616,0.0165511338958608,0.0,0.1382925210829094,0.1320926128776199,0.13805679568713192,0.1318568874818424,-0.0002357253957774863,0.0
v5c0_corrected_v4b_075c,25.0,90.0,0.2421875,0.1379541801762841,0.0165511338958608,0.0,0.1382925210829094,0.1320926128776199,0.13805679568713192,0.1318568874818424,-0.0002357253957774863,0.0
v4b_legacy_025c,25.0,90.0,0.25,0.13507499369973866,0.016275414223080282,0.0,0.13516764955565,0.1294746543027284,0.13516764955565,0.1294746543027284,0.0,0.0
v5c0_corrected_v4b_075c,25.0,90.0,0.25,0.13507499369973866,0.016275414223080282,0.0,0.13516764955565,0.1294746543027284,0.13516764955565,0.1294746543027284,0.0,0.0
v4b_legacy_025c,25.0,90.0,0.2578125,0.13158776162991292,0.015963530731121837,0.0,0.13167018437914826,0.12650699394066625,0.13191112615228656,0.12674793571380452,0.0002409417731382979,-2.7755575615628914e-17
v5c0_corrected_v4b_075c,25.0,90.0,0.2578125,0.13182870340305122,0.015963530731121837,0.0,0.13167018437914826,0.12650699394066625,0.13191112615228656,0.12674793571380452,0.0002409417731382979,-2.7755575615628914e-17
v4b_legacy_025c,25.0,90.0,0.265625,0.12767694941377172,0.015616098790948375,0.0,0.1277488365920085,0.12314543473094677,0.1282327345973435,0.12362933273628175,0.00048389800533499283,-1.3877787807814457e-17
v5c0_corrected_v4b_075c,25.0,90.0,0.265625,0.12816084741910672,0.015616098790948375,0.0,0.1277488365920085,0.12314543473094677,0.1282327345973435,0.12362933273628175,0.00048389800533499283,-1.3877787807814457e-17
v4b_legacy_025c,25.0,90.0,0.2734375,0.12328805468756666,0.015233739803767014,0.0,0.12334908128048445,0.11934306609945158,0.12407479213709371,0.12006877695606083,0.0007257108566092602,-1.3877787807814457e-17
v5c0_corrected_v4b_075c,25.0,90.0,0.2734375,0.12401376554417592,0.015233739803767014,0.0,0.12334908128048445,0.11934306609945158,0.12407479213709371,0.12006877695606083,0.0007257108566092602,-1.3877787807814457e-17
v4b_legacy_025c,25.0,90.0,0.28125,0.11836711077150813,0.014817083782109714,0.0,0.11841694706626323,0.11505351229812964,0.11938027147772803,0.11601683670959445,0.0009633244114648082,0.0
v5c0_corrected_v4b_075c,25.0,90.0,0.28125,0.11933043518297295,0.014817083782109714,0.0,0.11841694706626323,0.11505351229812964,0.11938027147772803,0.11601683670959445,0.0009633244114648082,0.0
v4b_legacy_025c,25.0,90.0,0.2890625,0.11286466913813228,0.01436677324088,0.0,0.1129030089361916,0.11023436529461084,0.11409684870759204,0.11142820506601128,0.0011938397714004456,0.0
v5c0_corrected_v4b_075c,25.0,90.0,0.2890625,0.11405850890953273,0.01436677324088,0.0,0.1129030089361916,0.11023436529461084,0.11409684870759204,0.11142820506601128,0.0011938397714004456,0.0
v4b_legacy_025c,25.0,90.0,0.296875,0.10673983906531004,0.013883468322916146,0.0,0.10676643647717524,0.10485067513810814,0.10818100256373246,0.10626524122466537,0.0014145660865572257,0.0
v5c0_corrected_v4b_075c,25.0,90.0,0.296875,0.10815440515186726,0.013883468322916146,0.0,0.10676643647717524,0.10485067513810814,0.10818100256373246,0.10626524122466537,0.0014145660865572257,0.0
v4b_legacy_025c,25.0,90.0,0.3046875,0.09996422397082502,0.013367853066551843,0.0,0.09997893632451545,0.09887835916996672,0.10160200255872885,0.10050142540418013,0.001623066234213405,0.0
v5c0_corrected_v4b_075c,25.0,90.0,0.3046875,0.10158729020503843,0.013367853066551843,0.0,0.09997893632451545,0.09887835916996672,0.10160200255872885,0.10050142540418013,0.001623066234213405,0.0
v4b_legacy_025c,25.0,90.0,0.3125,0.09252558955613957,0.012820642704927969,0.0,0.09252842338461116,0.09230738700314335,0.09434561928191408,0.09412458290044626,0.00181719589730292,-1.3877787807814457e-17
v5c0_corrected_v4b_075c,25.0,90.0,0.3125,0.09434278545344249,0.012820642704927969,0.0,0.09252842338461116,0.09230738700314335,0.09434561928191408,0.09412458290044626,0.00181719589730292,-1.3877787807814457e-17
v4b_legacy_025c,25.0,90.0,0.3203125,0.0844310887471717,0.012242591868254446,0.0,0.084422245389872,0.0851445889421896,0.08641738026839028,0.08713972382070789,0.0019951348785182815,1.3877787807814457e-17
v5c0_corrected_v4b_075c,25.0,90.0,0.3203125,0.08642622362568997,0.012242591868254446,0.0,0.084422245389872,0.0851445889421896,0.08641738026839028,0.08713972382070789,0.0019951348785182815,1.3877787807814457e-17
v4b_legacy_025c,25.0,90.0,0.328125,0.07570989064336148,0.011634503540743565,0.0,0.07568980778819148,0.0774159540822435,0.07784521739938985,0.07957136369344188,0.0021554096111983667,1.3877787807814457e-17
v5c0_corrected_v4b_075c,25.0,90.0,0.328125,0.07786530025455984,0.011634503540743565,0.0,0.07568980778819148,0.0774159540822435,0.07784521739938985,0.07957136369344188,0.0021554096111983667,1.3877787807814457e-17
v4b_legacy_025c,25.0,90.0,0.3359375,0.06641506459058043,0.01099723860353633,0.0,0.06638445006541509,0.0691682875603558,0.06868135606833528,0.07146519356327598,0.002296906002920193,-1.3877787807814457e-17
v5c0_corrected_v4b_075c,25.0,90.0,0.3359375,0.06871197059350062,0.01099723860353633,0.0,0.06638445006541509,0.0691682875603558,0.06868135606833528,0.07146519356327598,0.002296906002920193,-1.3877787807814457e-17
v4b_legacy_025c,25.0,90.0,0.34375,0.056624599924182006,0.010331725773745519,0.0,0.05658445427470738,0.06047012162145794,0.05900332625088755,0.06288899359763811,0.0024188719761801675,0.0
v5c0_corrected_v4b_075c,25.0,90.0,0.34375,0.05904347190036217,0.010331725773745519,0.0,0.05658445427470738,0.06047012162145794,0.05900332625088755,0.06288899359763811,0.0024188719761801675,0.0
v4b_legacy_025c,25.0,90.0,0.3515625,0.04644145686825735,0.009638971728023438,0.0,0.046393081700197604,0.05141178799218744,0.048913991055924776,0.05393269734791461,0.0025209093557271717,0.0
v5c0_corrected_v4b_075c,25.0,90.0,0.3515625,0.04896236622398452,0.009638971728023438,0.0,0.046393081700197604,0.05141178799218744,0.048913991055924776,0.05393269734791461,0.0025209093557271717,0.0
v4b_legacy_025c,25.0,90.0,0.359375,0.03599259244182875,0.008920071177298565,0.0,0.035937582197053265,0.042104600787160974,0.03854053729123761,0.04470755588134532,0.002602955094184345,0.0
v5c0_corrected_v4b_075c,25.0,90.0,0.359375,0.038595547536013096,0.008920071177298565,0.0,0.035937582197053265,0.042104600787160974,0.03854053729123761,0.04470755588134532,0.002602955094184345,0.0
v4b_legacy_025c,25.0,90.0,0.3671875,0.02542693922280838,0.008176216638208961,0.0,0.02536715493992104,0.03267912886780781,0.02803240716304871,0.03534438109093548,0.002665252223127669,0.0
v5c0_corrected_v4b_075c,25.0,90.0,0.3671875,0.028092191445936048,0.008176216638208961,0.0,0.02536715493992104,0.03267912886780781,0.02803240716304871,0.03534438109093548,0.002665252223127669,0.0
v4b_legacy_025c,25.0,90.0,0.375,0.014912359916578863,0.007408707627243784,0.0,0.014849884574026502,0.023282575631049948,0.01755819593162181,0.025990886988645254,0.0027083113575953072,-1.734723475976807e-18
v5c0_corrected_v4b_075c,25.0,90.0,0.375,0.01762067127417417,0.007408707627243784,0.0,0.014849884574026502,0.023282575631049948,0.01755819593162181,0.025990886988645254,0.0027083113575953072,-1.734723475976807e-18
v4b_legacy_025c,25.0,90.0,0.3828125,0.004631644543199257,0.006618958986920437,0.0,0.004568720734696807,0.014075322698357871,0.007301584788565476,0.01680818675222654,0.002732864053868669,8.673617379884035e-19
v5c0_corrected_v4b_075c,25.0,90.0,0.3828125,0.007364508597067925,0.006618958986920437,0.0,0.004568720734696807,0.014075322698357871,0.007301584788565476,0.01680818675222654,0.002732864053868669,8.673617379884035e-19
v4b_legacy_025c,25.0,90.0,0.390625,-0.005222336158615201,0.005808508040992574,0.0,-0.005283384269625197,0.005226734779734636,-0.0025435744672649583,0.007966544582094873,0.0027398098023602383,-8.673617379884035e-19
v5c0_corrected_v4b_075c,25.0,90.0,0.390625,-0.0024825263562549627,0.005808508040992574,0.0,-0.005283384269625197,0.005226734779734636,-0.0025435744672649583,0.007966544582094873,0.0027398098023602383,-8.673617379884035e-19
v4b_legacy_025c,25.0,90.0,0.3984375,-0.014452160147760575,0.0049790202694881555,0.0,-0.014509017480725998,-0.0030896357774922297,-0.011778858579624622,-0.00035947687639085313,0.0027301589011013757,8.673617379884035e-19
v5c0_corrected_v4b_075c,25.0,90.0,0.3984375,-0.0117220012466592,0.0049790202694881555,0.0,-0.014509017480725998,-0.0030896357774922297,-0.011778858579624622,-0.00035947687639085313,0.0027301589011013757,8.673617379884035e-19
v4b_legacy_025c,25.0,90.0,0.40625,-0.02286187088793676,0.004132293196308548,0.0,-0.022912330547137098,-0.01070127561874734,-0.020207356682189363,-0.007996301753799605,0.0027049738649477344,0.0
v5c0_corrected_v4b_075c,25.0,90.0,0.40625,-0.020156897022989027,0.004132293196308548,0.0,-0.022912330547137098,-0.01070127561874734,-0.020207356682189363,-0.007996301753799605,0.0027049738649477344,0.0
v4b_legacy_025c,25.0,90.0,0.4140625,-0.03026325726345788,0.0032702581942723186,0.0,-0.0303053230832783,-0.017442173655476283,-0.027640010743607137,-0.014776861315805122,0.0026653123396711623,-1.734723475976807e-18
v5c0_corrected_v4b_075c,25.0,90.0,0.4140625,-0.02759794492378672,0.0032702581942723186,0.0,-0.0303053230832783,-0.017442173655476283,-0.027640010743607137,-0.014776861315805122,0.0026653123396711623,-1.734723475976807e-18
v4b_legacy_025c,25.0,90.0,0.421875,-0.036482132994474274,0.002394979936890954,0.0,-0.036514119934165645,-0.023158292105021346,-0.033901945270362784,-0.02054611744121848,0.0026121746638028617,3.469446951953614e-18
v5c0_corrected_v4b_075c,25.0,90.0,0.421875,-0.03386995833067141,0.002394979936890954,0.0,-0.036514119934165645,-0.023158292105021346,-0.033901945270362784,-0.02054611744121848,0.0026121746638028617,3.469446951953614e-18
v4b_legacy_025c,25.0,90.0,0.4296875,-0.04136435595344317,0.001508653264565034,0.0,-0.04138498250682307,-0.02771281948277366,-0.03883852329566693,-0.025166360271617515,0.002546459211156142,3.469446951953614e-18
v5c0_corrected_v4b_075c,25.0,90.0,0.4296875,-0.03881789674228703,0.001508653264565034,0.0,-0.04138498250682307,-0.02771281948277366,-0.03883852329566693,-0.025166360271617515,0.002546459211156142,3.469446951953614e-18
v4b_legacy_025c,25.0,90.0,0.4375,-0.044781336048292195,0.0006135972864784042,0.0,-0.04478980296464967,-0.03099098647041597,-0.04232087454700208,-0.028522058052768386,0.0024689284176475923,-6.938893903907228e-18
v5c0_corrected_v4b_075c,25.0,90.0,0.4375,-0.0423124076306446,0.0006135972864784042,0.0,-0.04478980296464967,-0.03099098647041597,-0.04232087454700208,-0.028522058052768386,0.0024689284176475923,-6.938893903907228e-18
v4b_legacy_025c,25.0,90.0,0.4453125,-0.04662687130706499,0.0002877533914254796,0.0,-0.04663082118380824,-0.03290421756782466,-0.04425063325743182,-0.030524029641448243,0.002380187926376419,0.0
v5c0_corrected_v4b_075c,25.0,90.0,0.4453125,-0.04424668338068857,0.0002877533914254796,0.0,-0.04663082118380824,-0.03290421756782466,-0.04425063325743182,-0.030524029641448243,0.002380187926376419,0.0
v4b_legacy_025c,25.0,90.0,0.453125,-0.04682831270790597,0.0011928603382041231,0.0,-0.04684435777766324,-0.033393437126357076,-0.044563677201648964,-0.031112756550342794,0.002280680576014278,3.469446951953614e-18
v5c0_corrected_v4b_075c,25.0,90.0,0.453125,-0.044547632131891696,0.0011928603382041231,0.0,-0.04684435777766324,-0.033393437126357076,-0.044563677201648964,-0.031112756550342794,0.002280680576014278,3.469446951953614e-18
v4b_legacy_025c,25.0,90.0,0.4609375,-0.04537617075979682,0.0020990957989733276,0.0,-0.04540340026066127,-0.03243138589249235,-0.04323270422237034,-0.03026068985420143,0.0021706960382909257,-3.469446951953614e-18
v5c0_corrected_v4b_075c,25.0,90.0,0.4609375,-0.04320547472150589,0.0020990957989733276,0.0,-0.04540340026066127,-0.03243138589249235,-0.04323270422237034,-0.03026068985420143,0.0021706960382909257,-3.469446951953614e-18
v4b_legacy_025c,25.0,90.0,0.46875,-0.04228197039316619,0.003003759849853274,0.0,-0.042318901855049974,-0.030023823776289992,-0.040268506015282306,-0.02797342793652232,0.0020503958397676686,3.469446951953614e-18
v5c0_corrected_v4b_075c,25.0,90.0,0.46875,-0.040231574553398514,0.003003759849853274,0.0,-0.042318901855049974,-0.030023823776289992,-0.040268506015282306,-0.02797342793652232,0.0020503958397676686,3.469446951953614e-18
v4b_legacy_025c,25.0,90.0,0.4765625,-0.03759512252392178,0.003904099922952244,0.0,-0.037639747053572224,-0.026209576071500828,-0.03571989468554638,-0.02428972370347499,0.0019198523680258456,-6.938893903907228e-18
v5c0_corrected_v4b_075c,25.0,90.0,0.4765625,-0.035675270155895944,0.003904099922952244,0.0,-0.037639747053572224,-0.026209576071500828,-0.03571989468554638,-0.02428972370347499,0.0019198523680258456,-6.938893903907228e-18
v4b_legacy_025c,25.0,90.0,0.484375,-0.03140152823974639,0.004797332312067914,0.0,-0.03145138193986355,-0.021059418891619153,-0.029672282570416743,-0.019280319522172348,0.0017790993694468057,0.0
v5c0_corrected_v4b_075c,25.0,90.0,0.484375,-0.029622428870299585,0.004797332312067914,0.0,-0.03145138193986355,-0.021059418891619153,-0.029672282570416743,-0.019280319522172348,0.0017790993694468057,0.0
v4b_legacy_025c,25.0,90.0,0.4921875,-0.02382090466480463,0.005680665174465412,0.0,-0.02387316289286599,-0.014673847943577838,-0.02224497238472169,-0.013045657435433539,0.001628190508144299,0.0
v5c0_corrected_v4b_075c,25.0,90.0,0.4921875,-0.02219271415666033,0.005680665174465412,0.0,-0.02387316289286599,-0.014673847943577838,-0.02224497238472169,-0.013045657435433539,0.001628190508144299,0.0
v4b_legacy_025c,25.0,90.0,0.5,-0.015002969561019725,0.006551322466130746,0.0,-0.015054559346343001,-0.007179846173546664,-0.013587297469471548,-0.005712584296675212,0.0014672618768714531,-8.673617379884035e-19
v5c0_corrected_v4b_075c,25.0,90.0,0.5,-0.013535707684148272,0.006551322466130746,0.0,-0.015054559346343001,-0.007179846173546664,-0.013587297469471548,-0.005712584296675212,0.0014672618768714531,-8.673617379884035e-19
v4b_legacy_025c,25.0,90.0,0.5078125,-0.0051226471930511065,0.007406545868675766,-0.0,-0.005170371887565878,0.001273211310455243,-0.0038737778793231188,0.002569805318698002,0.0012965940082427596,-4.336808689942018e-19
v5c0_corrected_v4b_075c,25.0,90.0,0.5078125,-0.003826053184808347,0.007406545868675766,-0.0,-0.005170371887565878,0.001273211310455243,-0.0038737778793231188,0.002569805318698002,0.0012965940082427596,-4.336808689942018e-19
v4b_legacy_025c,25.0,90.0,0.515625,0.005625484825793519,0.008243606803806794,-0.0,0.005584814901357008,0.010518325851652422,0.006701483868014781,0.011634994818310197,0.0011166689666577733,8.673617379884035e-19
v5c0_corrected_v4b_075c,25.0,90.0,0.515625,0.006742153792451292,0.008243606803806794,-0.0,0.005584814901357008,0.010518325851652422,0.006701483868014781,0.011634994818310197,0.0011166689666577733,8.673617379884035e-19
v4b_legacy_025c,25.0,90.0,0.5234375,0.017033269208552977,0.009059846140837824,-0.0,0.017002706681532725,0.020376111322753594,0.017930925182033857,0.02130432982325472,0.0009282185005011316,-3.469446951953614e-18
v5c0_corrected_v4b_075c,25.0,90.0,0.5234375,0.017961487709054105,0.009059846140837824,-0.0,0.017002706681532725,0.020376111322753594,0.017930925182033857,0.02130432982325472,0.0009282185005011316,-3.469446951953614e-18
v4b_legacy_025c,25.0,90.0,0.53125,0.028885306324408513,0.009852698175142482,-0.0,0.028867644070160684,0.03066027527979114,0.029599904019113374,0.03139253522874383,0.0007322599489526897,0.0
v5c0_corrected_v4b_075c,25.0,90.0,0.53125,0.029617566273361203,0.009852698175142482,-0.0,0.028867644070160684,0.03066027527979114,0.029599904019113374,0.03139253522874383,0.0007322599489526897,0.0
v4b_legacy_025c,25.0,90.0,0.5390625,0.0409652983787791,0.0106197128937554,-0.0,0.04096296033113206,0.041183121428747235,0.041493077872733125,0.0417132389703483,0.0005301175416010662,0.0
v5c0_corrected_v4b_075c,25.0,90.0,0.5390625,0.04149541592038017,0.0106197128937554,-0.0,0.04096296033113206,0.041183121428747235,0.041493077872733125,0.0417132389703483,0.0005301175416010662,0.0
v4b_legacy_025c,25.0,90.0,0.546875,0.05306172252150934,0.011358575983824224,-0.0,0.053077113707639734,0.05172208591610026,0.053400541502939144,0.05208429399621765,0.0003234277952994108,3.878028481797691e-05
v5c0_corrected_v4b_075c,25.0,90.0,0.546875,0.05338559080562053,0.011358575983824224,-0.0,0.053077113707639734,0.05172208591610026,0.053400541502939144,0.05208429399621765,0.0003234277952994108,3.878028481797691e-05
v4b_legacy_025c,25.0,90.0,0.5546875,0.06496755256489496,0.012067126137986661,-0.0,0.06500936257255815,0.06154457674160666,0.06512349136386325,0.06233269668172336,0.0001141287913050959,0.0006739911488116007
v5c0_corrected_v4b_075c,25.0,90.0,0.5546875,0.06508981449240865,0.012067126137986661,-0.0,0.06500936257255815,0.06154457674160666,0.06512349136386325,0.06233269668172336,0.0001141287913050959,0.0006739911488116007
v4b_legacy_025c,25.0,90.0,0.5625,0.07650140193859507,0.012743369324490467,-0.0,0.0765748077176907,0.07081449604293223,0.07647924182642027,0.07229894886015524,-9.556589127042436e-05,0.001580018708493433
v5c0_corrected_v4b_075c,25.0,90.0,0.5625,0.07642597080926658,0.012743369324490467,-0.0,0.0765748077176907,0.07081449604293223,0.07647924182642027,0.07229894886015524,-9.556589127042436e-05,0.001580018708493433
v4b_legacy_025c,25.0,90.0,0.5703125,0.08750526376262613,0.01338548981099393,-0.0,0.08760863148866443,0.07988625991333351,0.0873054245118214,0.08184071768539614,-0.0003032069768430373,0.002257664748905666
v5c0_corrected_v4b_075c,25.0,90.0,0.5703125,0.0872322767342762,0.01338548981099393,-0.0,0.08760863148866443,0.07988625991333351,0.0873054245118214,0.08184071768539614,-0.0003032069768430373,0.002257664748905666
v4b_legacy_025c,25.0,90.0,0.578125,0.09784276939087792,0.013991857851747527,-0.0,0.09796943593291801,0.08891656079780734,0.09746327513936456,0.09083570935387952,-0.0005061607935534507,0.0024253093496256345
v5c0_corrected_v4b_075c,25.0,90.0,0.578125,0.09737054318099096,0.013991857851747527,-0.0,0.09796943593291801,0.08891656079780734,0.09746327513936456,0.09083570935387952,-0.0005061607935534507,0.0024253093496256345
v4b_legacy_025c,25.0,90.0,0.5859375,0.10740064930097547,0.014561034061500453,-0.0,0.10754160561564885,0.09786122755472049,0.10683993618454064,0.09918369506573581,-0.0007016694311082067,0.002024136942123528
v5c0_corrected_v4b_075c,25.0,90.0,0.5859375,0.10672845339682667,0.014561034061500453,-0.0,0.10754160561564885,0.09786122755472049,0.10683993618454064,0.09918369506573581,-0.0007016694311082067,0.002024136942123528
v4b_legacy_025c,25.0,90.0,0.59375,0.11608934836478518,0.015091770600690358,-0.0,0.11623657981798458,0.10648083563826184,0.11534966289467218,0.10680759387331332,-0.0008869169233124002,0.001213675158363875
v5c0_corrected_v4b_075c,25.0,90.0,0.59375,0.11522074794854657,0.015091770600690358,-0.0,0.11623657981798458,0.10648083563826184,0.11534966289467218,0.10680759387331332,-0.0008869169233124002,0.001213675158363875
v4b_legacy_025c,25.0,90.0,0.6015625,0.1238425124598889,0.015583009381643144,-0.0,0.12399271727578044,0.11435370518171799,0.12293361865860529,0.11365334678198223,-0.0010590986171751526,0.0003587402174393961
v5c0_corrected_v4b_075c,25.0,90.0,0.6015625,0.12278900409488767,0.015583009381643144,-0.0,0.12399271727578044,0.11435370518171799,0.12293361865860529,0.11365334678198223,-0.0010590986171751526,0.0003587402174393961
v4b_legacy_025c,25.0,90.0,0.609375,0.13061742420200873,0.01603387757271124,-0.0,0.13077567827259987,0.12090569704856367,0.12956018723804844,0.11969020601401223,-0.0012154910345514303,-1.3877787807814457e-17
v5c0_corrected_v4b_075c,25.0,90.0,0.609375,0.12940193316745727,0.01603387757271124,-0.0,0.13077567827259987,0.12090569704856367,0.12956018723804844,0.11969020601401223,-0.0012154910345514303,-1.3877787807814457e-17
v4b_legacy_025c,25.0,90.0,0.6171875,0.13640718499122678,0.016443680726113487,-0.0,0.13657678427583006,0.12626283526233723,0.13522326449125394,0.1249093154777611,-0.0013535197845761238,0.0
v5c0_corrected_v4b_075c,25.0,90.0,0.6171875,0.13505366520665063,0.016443680726113487,-0.0,0.13657678427583006,0.12626283526233723,0.13522326449125394,0.1249093154777611,-0.0013535197845761238,0.0
v4b_legacy_025c,25.0,90.0,0.625,0.14123211272604058,0.016811893886536665,-0.0,0.1414106240574828,0.13079246689761911,0.13993980065122552,0.1293216434913618,-0.0014708234062572878,-2.7755575615628914e-17
v5c0_corrected_v4b_075c,25.0,90.0,0.625,0.13976128931978332,0.016811893886536665,-0.0,0.1414106240574828,0.13079246689761911,0.13993980065122552,0.1293216434913618,-0.0014708234062572878,-2.7755575615628914e-17
v4b_legacy_025c,25.0,90.0,0.6328125,0.14512719192878082,0.017138151053035226,-0.0,0.14531213587603503,0.13452077648832123,0.14374682449975806,0.13295546511204426,-0.0015653113762769677,0.0
v5c0_corrected_v4b_075c,25.0,90.0,0.6328125,0.14356188055250385,0.017138151053035226,-0.0,0.14531213587603503,0.13452077648832123,0.14374682449975806,0.13295546511204426,-0.0015653113762769677,0.0
v4b_legacy_025c,25.0,90.0,0.640625,0.1481442451012755,0.017422233368685095,-0.0,0.14833318145728247,0.13748862714505736,0.1466979665772547,0.1358534122650296,-0.0016352148800277688,0.0
v5c0_corrected_v4b_075c,25.0,90.0,0.640625,0.14650903022124773,0.017422233368685095,-0.0,0.14833318145728247,0.13748862714505736,0.1466979665772547,0.1358534122650296,-0.0016352148800277688,0.0
v4b_legacy_025c,25.0,90.0,0.6484375,0.1503481291333683,0.017664056403321807,-0.0,0.15053873149716904,0.13974832416101104,0.14885960220290997,0.13806919486675198,-0.001679129294259063,0.0
v5c0_corrected_v4b_075c,25.0,90.0,0.6484375,0.14866899983910925,0.017664056403321807,-0.0,0.15053873149716904,0.13974832416101104,0.14885960220290997,0.13806919486675198,-0.001679129294259063,0.0
v4b_legacy_025c,25.0,90.0,0.65625,0.1518127196744324,0.017863656877041206,-0.0,0.15200283625769245,0.1413601898741068,0.15030678860341723,0.1396641422198316,-0.0016960476542752234,0.0
v5c0_corrected_v4b_075c,25.0,90.0,0.65625,0.1501166720201572,0.017863656877041206,-0.0,0.15200283625769245,0.1413601898741068,0.15030678860341723,0.1396641422198316,-0.0016960476542752234,0.0
v4b_legacy_025c,25.0,90.0,0.6640625,0.15261682009745484,0.018021179148317374,-0.0,0.15280451882278495,0.14238906688230282,0.15111913415266937,0.14070368221218724,-0.0016853846701155861,0.0
v5c0_corrected_v4b_075c,25.0,90.0,0.6640625,0.15093143542733925,0.018021179148317374,-0.0,0.15280451882278495,0.14238906688230282,0.15111913415266937,0.14070368221218724,-0.0016853846701155861,0.0
v4b_legacy_025c,25.0,90.0,0.671875,0.15284014457949563,0.01813686176267824,-0.0,0.15302374156230697,0.14290087768355522,0.15137675045060242,0.14125388657185067,-0.0016469911117045488,0.0
v5c0_corrected_v4b_075c,25.0,90.0,0.671875,0.1511931534677911,0.01813686176267824,-0.0,0.15302374156230697,0.14290087768355522,0.15137675045060242,0.14125388657185067,-0.0016469911117045488,0.0
v4b_legacy_025c,25.0,90.0,0.6796875,0.1525595171443881,0.018211024327624413,-0.0,0.15273758865234188,0.14295936285075017,0.1511564300492619,0.1413782042476702,-0.001581158603079974,0.0
v5c0_corrected_v4b_075c,25.0,90.0,0.6796875,0.15097835854130812,0.018211024327624413,-0.0,0.15273758865234188,0.14295936285075017,0.1511564300492619,0.1413782042476702,-0.001581158603079974,0.0
v4b_legacy_025c,25.0,90.0,0.6875,0.15184540995074594,0.0182440549482876,-0.0,0.15201678886727887,0.1426231032519535,0.15052817381407382,0.14113448819874844,-0.0014886150532050502,0.0
v5c0_corrected_v4b_075c,25.0,90.0,0.6875,0.1503567948975409,0.0182440549482876,-0.0,0.15201678886727887,0.1426231032519535,0.15052817381407382,0.14113448819874844,-0.0014886150532050502,0.0
v4b_legacy_025c,25.0,90.0,0.6953125,0.15075894038067966,0.018236398427275227,-0.0,0.15092269903285166,0.14194292965431637,0.14955218792337752,0.14057241854484226,-0.001370511109474143,2.7755575615628914e-17
v5c0_corrected_v4b_075c,25.0,90.0,0.6953125,0.14938842927120552,0.018236398427275227,-0.0,0.15092269903285166,0.14194292965431637,0.14955218792337752,0.14057241854484226,-0.001370511109474143,2.7755575615628914e-17
v4b_legacy_025c,25.0,90.0,0.703125,0.14934941779069472,0.01818854540201227,-0.0,0.14950483965925163,0.14095979852915086,0.14827644150475652,0.13973140037465576,-0.0012283981544951028,0.0
v5c0_corrected_v4b_075c,25.0,90.0,0.703125,0.1481210196361996,0.01818854540201227,-0.0,0.14950483965925163,0.14095979852915086,0.14827644150475652,0.13973140037465576,-0.0012283981544951028,0.0
v4b_legacy_025c,25.0,90.0,0.7109375,0.14765251591388157,0.01810102256418497,-0.0,0.1477990592501012,0.1397031997095686,0.14673486076835845,0.13863900122782585,-0.0010641984817427452,0.0
v5c0_corrected_v4b_075c,25.0,90.0,0.7109375,0.1465883174321388,0.01810102256418497,-0.0,0.1477990592501012,0.1397031997095686,0.14673486076835845,0.13863900122782585,-0.0010641984817427452,0.0
v4b_legacy_025c,25.0,90.0,0.71875,0.14568914204535396,0.017974384078912355,-0.0,0.14582639875603723,0.13819015875578652,0.1449462303704537,0.13730999037020303,-0.0008801683855835241,2.7755575615628914e-17
v5c0_corrected_v4b_075c,25.0,90.0,0.71875,0.14480897365977044,0.017974384078912355,-0.0,0.14582639875603723,0.13819015875578652,0.1449462303704537,0.13730999037020303,-0.0008801683855835241,2.7755575615628914e-17
v4b_legacy_025c,25.0,90.0,0.7265625,0.14346502744760775,0.017809204296146415,-0.0,0.14359268069183542,0.13642485656533612,0.14291382570197747,0.13574600157547817,-0.0006788549898579521,0.0
v5c0_corrected_v4b_075c,25.0,90.0,0.7265625,0.1427861724577498,0.017809204296146415,-0.0,0.14359268069183542,0.13642485656533612,0.14291382570197747,0.13574600157547817,-0.0006788549898579521,0.0
v4b_legacy_025c,25.0,90.0,0.734375,0.14097105072753668,0.017606071823517845,-0.0,0.1410888345853667,0.13439887790390587,0.1406257868656692,0.13393583018420838,-0.00046304771969749026,0.0
v5c0_corrected_v4b_075c,25.0,90.0,0.734375,0.1405080030078392,0.017606071823517845,-0.0,0.1410888345853667,0.13439887790390587,0.1406257868656692,0.13393583018420838,-0.00046304771969749026,0.0
v4b_legacy_025c,25.0,90.0,0.7421875,0.13818429879862495,0.01736558500828815,-0.0,0.1382919631399125,0.1320920947659909,0.138056237744135,0.13185636937021342,-0.0002357253957774863,0.0
v5c0_corrected_v4b_075c,25.0,90.0,0.7421875,0.1379485734028475,0.01736558500828815,-0.0,0.1382919631399125,0.1320920947659909,0.138056237744135,0.13185636937021342,-0.0002357253957774863,0.0
v4b_legacy_025c,25.0,90.0,0.75,0.1350698244660417,0.0170883488560504,-0.0,0.13516710769194212,0.12947415123840078,0.13516710769194212,0.12947415123840078,0.0,0.0
v5c0_corrected_v4b_075c,25.0,90.0,0.75,0.1350698244660417,0.0170883488560504,-0.0,0.13516710769194212,0.12947415123840078,0.13516710769194212,0.12947415123840078,0.0,0.0
v4b_legacy_025c,25.0,90.0,0.7578125,0.13158304785895494,0.016774973395096985,-0.0,0.13166965960932672,0.12650650683812276,0.131910601382465,0.12674744861126103,0.00024094177313827014,0.0
v5c0_corrected_v4b_075c,25.0,90.0,0.7578125,0.1318239896320932,0.016774973395096985,-0.0,0.13166965960932672,0.12650650683812276,0.131910601382465,0.12674744861126103,0.00024094177313827014,0.0
v4b_legacy_025c,25.0,90.0,0.765625,0.12767271469045272,0.01642607347766617,-0.0,0.12774832990920204,0.123144964482148,0.12823222791453703,0.12362886248748299,0.00048389800533499283,0.0
v5c0_corrected_v4b_075c,25.0,90.0,0.765625,0.12815661269578768,0.01642607347766617,-0.0,0.12774832990920204,0.123144964482148,0.12823222791453703,0.12362886248748299,0.00048389800533499283,0.0
v4b_legacy_025c,25.0,90.0,0.7734375,0.12328432863385587,0.0160422699922925,-0.0,0.1233485936478996,0.11934261356686306,0.12407430450450886,0.1200683244234723,0.0007257108566092602,-1.3877787807814457e-17
v5c0_corrected_v4b_075c,25.0,90.0,0.7734375,0.12401003949046513,0.0160422699922925,-0.0,0.1233485936478996,0.11934261356686306,0.12407430450450886,0.1200683244234723,0.0007257108566092602,-1.3877787807814457e-17
v4b_legacy_025c,25.0,90.0,0.78125,0.11836392897838861,0.015624192444913839,-0.0,0.11841647940445156,0.11505307830399643,0.11937980381591627,0.11601640271546113,0.000963324411464711,-1.3877787807814457e-17
v5c0_corrected_v4b_075c,25.0,90.0,0.78125,0.11932725338985332,0.015624192444913839,-0.0,0.11841647940445156,0.11505307830399643,0.11937980381591627,0.11601640271546113,0.000963324411464711,-1.3877787807814457e-17
v4b_legacy_025c,25.0,90.0,0.7890625,0.11286207265337807,0.015172482849929494,-0.0,0.11290256211560966,0.11023395061463957,0.1140964018870101,0.11142779038604002,0.0011938397714004456,0.0
v5c0_corrected_v4b_075c,25.0,90.0,0.7890625,0.11405591242477851,0.015172482849929494,-0.0,0.11290256211560966,0.11023395061463957,0.1140964018870101,0.11142779038604002,0.0011938397714004456,0.0
v4b_legacy_025c,25.0,90.0,0.796875,0.10673787343254994,0.014687800855771328,-0.0,0.10676601130525061,0.10485028049047594,0.1081805773918078,0.10626484657703313,0.001414566086557184,0.0
v5c0_corrected_v4b_075c,25.0,90.0,0.796875,0.10815243951910711,0.014687800855771328,-0.0,0.10676601130525061,0.10485028049047594,0.1081805773918078,0.10626484657703313,0.001414566086557184,0.0
v4b_legacy_025c,25.0,90.0,0.8046875,0.09996293785239943,0.014170830012481959,-0.0,0.0999785335356886,0.09887798520680285,0.10160159976990202,0.10050105144101627,0.0016230662342134189,0.0
v5c0_corrected_v4b_075c,25.0,90.0,0.8046875,0.10158600408661286,0.014170830012481959,-0.0,0.0999785335356886,0.09887798520680285,0.10160159976990202,0.10050105144101627,0.0016230662342134189,0.0
v4b_legacy_025c,25.0,90.0,0.8125,0.09252503297618991,0.013622285071067783,-0.0,0.0925280436282613,0.09230703430011455,0.09434523952556438,0.09412423019741765,0.0018171958973030866,1.3877787807814457e-17
v5c0_corrected_v4b_075c,25.0,90.0,0.8125,0.094342228873493,0.013622285071067783,-0.0,0.0925280436282613,0.09230703430011455,0.09434523952556438,0.09412423019741765,0.0018171958973030866,1.3877787807814457e-17
v4b_legacy_025c,25.0,90.0,0.8203125,0.0844313110181044,0.013042920185840542,-0.0,0.0844218892198981,0.08514425798947281,0.08641702409841623,0.08713939286799094,0.001995134878518129,0.0
v5c0_corrected_v4b_075c,25.0,90.0,0.8203125,0.08642644589662254,0.013042920185840542,-0.0,0.0844218892198981,0.08514425798947281,0.08641702409841623,0.08713939286799094,0.001995134878518129,0.0
v4b_legacy_025c,25.0,90.0,0.828125,0.07571093804941013,0.012433537871483711,-0.0,0.07568947565403407,0.07741564527670339,0.07784488526523245,0.07957105488790178,0.0021554096111983806,1.3877787807814457e-17
v5c0_corrected_v4b_075c,25.0,90.0,0.828125,0.07786634766060851,0.012433537871483711,-0.0,0.07568947565403407,0.07741564527670339,0.07784488526523245,0.07957105488790178,0.0021554096111983806,1.3877787807814457e-17
v4b_legacy_025c,25.0,90.0,0.8359375,0.06641697791428347,0.011794998546179712,-0.0,0.0663841423026678,0.06916800119736025,0.06868104830558815,0.0714649072002806,0.002296906002920346,1.3877787807814457e-17
v5c0_corrected_v4b_075c,25.0,90.0,0.8359375,0.06871388391720382,0.011794998546179712,-0.0,0.0663841423026678,0.06916800119736025,0.06868104830558815,0.0714649072002806,0.002296906002920346,1.3877787807814457e-17
v4b_legacy_025c,25.0,90.0,0.84375,0.056627411915630005,0.011128230470935191,-0.0,0.056584171097485425,0.06046985788816763,0.0590030430736656,0.0628887298643478,0.0024188719761801744,0.0
v5c0_corrected_v4b_075c,25.0,90.0,0.84375,0.05904628389181018,0.011128230470935191,-0.0,0.056584171097485425,0.06046985788816763,0.0590030430736656,0.0628887298643478,0.0024188719761801744,0.0
v4b_legacy_025c,25.0,90.0,0.8515625,0.04644518976279012,0.010434239873524221,-0.0,0.04639282319514518,0.051411546962251295,0.04891373255087232,0.05393245631797844,0.002520909355727144,0.0
v5c0_corrected_v4b_075c,25.0,90.0,0.8515625,0.04896609911851726,0.010434239873524221,-0.0,0.04639282319514518,0.051411546962251295,0.04891373255087232,0.05393245631797844,0.002520909355727144,0.0
v4b_legacy_025c,25.0,90.0,0.859375,0.035997255635879626,0.009714121023703283,-0.0,0.03593734832029782,0.042104382417940456,0.038540303414482016,0.044707337512124655,0.002602955094184199,0.0
v5c0_corrected_v4b_075c,25.0,90.0,0.859375,0.03860021073006382,0.009714121023703283,-0.0,0.03593734832029782,0.042104382417940456,0.038540303414482016,0.044707337512124655,0.002602955094184199,0.0
v4b_legacy_025c,25.0,90.0,0.8671875,0.0254325272115355,0.008969066005232555,-0.0,0.02536694551316435,0.03267893299690999,0.028032197736292164,0.035344185220037815,0.0026652522231278147,6.938893903907228e-18
v5c0_corrected_v4b_075c,25.0,90.0,0.8671875,0.028097779434663316,0.008969066005232555,-0.0,0.02536694551316435,0.03267893299690999,0.028032197736292164,0.035344185220037815,0.0026652522231278147,6.938893903907228e-18
v4b_legacy_025c,25.0,90.0,0.875,0.014918850602220857,0.00820037391071784,-0.0,0.014849699287074294,0.023282401978372683,0.01755801064466969,0.02599071333596808,0.0027083113575953974,-1.734723475976807e-18
v5c0_corrected_v4b_075c,25.0,90.0,0.875,0.017627161959816253,0.00820037391071784,-0.0,0.014849699287074294,0.023282401978372683,0.01755801064466969,0.02599071333596808,0.0027083113575953974,-1.734723475976807e-18
v4b_legacy_025c,25.0,90.0,0.8828125,0.004638997996586271,0.007409459168599175,-0.0,0.004568559145210588,0.014075170865833575,0.00730142319907911,0.016808034919702095,0.0027328640538685223,-1.734723475976807e-18
v5c0_corrected_v4b_075c,25.0,90.0,0.8828125,0.007371862050454793,0.007409459168599175,-0.0,0.004568559145210588,0.014075170865833575,0.00730142319907911,0.016808034919702095,0.0027328640538685223,-1.734723475976807e-18
v4b_legacy_025c,25.0,90.0,0.890625,-0.00521417839673374,0.0065978586992749555,-0.0,-0.005283522729502018,0.005226604256985045,-0.002543712927141724,0.007966414059345341,0.0027398098023602943,1.3010426069826053e-18
v5c0_corrected_v4b_075c,25.0,90.0,0.890625,-0.002474368594373446,0.0065978586992749555,-0.0,-0.005283522729502018,0.005226604256985045,-0.002543712927141724,0.007966414059345341,0.0027398098023602943,1.3010426069826053e-18
v4b_legacy_025c,25.0,90.0,0.8984375,-0.014443275175636377,0.005767237591148681,-0.0,-0.014509133498746178,-0.003089745608280661,-0.011778974597644825,-0.000359586707179307,0.002730158901101353,8.673617379884035e-19
v5c0_corrected_v4b_075c,25.0,90.0,0.8984375,-0.011713116274535024,0.005767237591148681,-0.0,-0.014509133498746178,-0.003089745608280661,-0.011778974597644825,-0.000359586707179307,0.002730158901101353,8.673617379884035e-19
v4b_legacy_025c,25.0,90.0,0.90625,-0.022852353921696125,0.004919392989311348,-0.0,-0.022912424921931445,-0.010701365474995206,-0.020207451056983697,-0.00799639161004746,0.0027049738649477482,-3.469446951953614e-18
v5c0_corrected_v4b_075c,25.0,90.0,0.90625,-0.020147380056748373,0.004919392989311348,-0.0,-0.022912424921931445,-0.010701365474995206,-0.020207451056983697,-0.00799639161004746,0.0027049738649477482,-3.469446951953614e-18
v4b_legacy_025c,25.0,90.0,0.9140625,-0.03025322047562322,0.004056255901719039,-0.0,-0.030305396713333616,-0.017442244344597554,-0.027640084373662457,-0.014776932004926394,0.002665312339671159,1.734723475976807e-18
v5c0_corrected_v4b_075c,25.0,90.0,0.9140625,-0.02758790813595206,0.004056255901719039,-0.0,-0.030305396713333616,-0.017442244344597554,-0.027640084373662457,-0.014776932004926394,0.002665312339671159,1.734723475976807e-18
v4b_legacy_025c,25.0,90.0,0.921875,-0.03647170372907527,0.003179890652122917,-0.0,-0.036514173805791986,-0.023158344513875447,-0.03390199914198907,-0.02054616985007253,0.0026121746638029172,0.0
v5c0_corrected_v4b_075c,25.0,90.0,0.921875,-0.033859529065272356,0.003179890652122917,-0.0,-0.036514173805791986,-0.023158344513875447,-0.03390199914198907,-0.02054616985007253,0.0026121746638029172,0.0
v4b_legacy_025c,25.0,90.0,0.9296875,-0.04135367435901761,0.0022924917474046844,-0.0,-0.04138501768012739,-0.02771285456535601,-0.03883855846897127,-0.02516639535419989,0.0025464592111561213,0.0
v5c0_corrected_v4b_075c,25.0,90.0,0.9296875,-0.038807215147861486,0.0022924917474046844,-0.0,-0.04138501768012739,-0.02771285456535601,-0.03883855846897127,-0.02516639535419989,0.0025464592111561213,0.0
v4b_legacy_025c,25.0,90.0,0.9375,-0.04477055219725892,0.0013963779805550264,-0.0,-0.04478982055913505,-0.030991005235167905,-0.042320892141487494,-0.028522076817520354,0.0024689284176475576,-6.938893903907228e-18
v5c0_corrected_v4b_075c,25.0,90.0,0.9375,-0.042301623779611365,0.0013963779805550264,-0.0,-0.04478982055913505,-0.030991005235167905,-0.042320892141487494,-0.028522076817520354,0.0024689284176475576,-6.938893903907228e-18
v4b_legacy_025c,25.0,90.0,0.9453125,-0.04662404164590354,0.000493983659636039,-0.0,-0.046630822362647525,-0.03290422106376889,-0.04425063443627109,-0.03052403313739246,0.002380187926376433,-3.469446951953614e-18
v5c0_corrected_v4b_075c,25.0,90.0,0.9453125,-0.044243853719527104,0.000493983659636039,-0.0,-0.046630822362647525,-0.03290422106376889,-0.04425063443627109,-0.03052403313739246,0.002380187926376433,-3.469446951953614e-18
v4b_legacy_025c,25.0,90.0,0.953125,-0.046838799895746616,0.00041215306313607765,-0.0,-0.04684434373251498,-0.033393426429651915,-0.04456366315650067,-0.0311127458536376,0.002280680576014313,3.469446951953614e-18
v5c0_corrected_v4b_075c,25.0,90.0,0.953125,-0.04455811931973231,0.00041215306313607765,-0.0,-0.04684434373251498,-0.033393426429651915,-0.04456366315650067,-0.0311127458536376,0.002280680576014313,3.469446951953614e-18
v4b_legacy_025c,25.0,90.0,0.9609375,-0.04538625686479382,0.0013194046917918247,-0.0,-0.04540337219578624,-0.03243136209236906,-0.04323267615749531,-0.03026066605407814,0.0021706960382909257,-3.469446951953614e-18
v5c0_corrected_v4b_075c,25.0,90.0,0.9609375,-0.043215560826502894,0.0013194046917918247,-0.0,-0.04540337219578624,-0.03243136209236906,-0.04323267615749531,-0.03026066605407814,0.0021706960382909257,-3.469446951953614e-18
v4b_legacy_025c,25.0,90.0,0.96875,-0.042291503555925425,0.0022250715411255384,-0.0,-0.042318860972977566,-0.030023787962290726,-0.04026846513320992,-0.02797339212252308,0.0020503958397676478,-3.469446951953614e-18
v5c0_corrected_v4b_075c,25.0,90.0,0.96875,-0.040241107716157784,0.0022250715411255384,-0.0,-0.042318860972977566,-0.030023787962290726,-0.04026846513320992,-0.02797339212252308,0.0020503958397676478,-3.469446951953614e-18
v4b_legacy_025c,25.0,90.0,0.9765625,-0.037603959257763164,0.0031264012615129966,-0.0,-0.037639694540726396,-0.026209529320688547,-0.035719842172700585,-0.024289676952662743,0.0019198523680258109,-6.938893903907228e-18
v5c0_corrected_v4b_075c,25.0,90.0,0.9765625,-0.03568410688973736,0.0031264012615129966,-0.0,-0.037639694540726396,-0.026209529320688547,-0.035719842172700585,-0.024289676952662743,0.0019198523680258109,-6.938893903907228e-18
v4b_legacy_025c,25.0,90.0,0.984375,-0.03140953694542476,0.004020610344736684,-0.0,-0.03145131895402143,-0.021059362257355763,-0.029672219584574486,-0.019280262887908822,0.0017790993694469445,-3.469446951953614e-18
v5c0_corrected_v4b_075c,25.0,90.0,0.984375,-0.029630437575977817,0.004020610344736684,-0.0,-0.03145131895402143,-0.021059362257355763,-0.029672219584574486,-0.019280262887908822,0.0017790993694469445,-3.469446951953614e-18
v4b_legacy_025c,25.0,90.0,0.9921875,-0.02382796879991651,0.00490490712619504,-0.0,-0.023873090551803956,-0.014673782445342839,-0.02224490004365969,-0.013045591937198573,0.0016281905081442678,-1.734723475976807e-18
v5c0_corrected_v4b_075c,25.0,90.0,0.9921875,-0.022199778291772245,0.00490490712619504,-0.0,-0.023873090551803956,-0.014673782445342839,-0.02224490004365969,-0.013045591937198573,0.0016281905081442678,-1.734723475976807e-18
v4b_legacy_025c,25.0,105.0,0.0,-0.0799034579784583,0.0056426167103789835,0.0,-0.07999332486911483,-0.06406686817904324,-0.08143628736766274,-0.06550983067759115,-0.0014429624985479172,0.0
v5c0_corrected_v4b_075c,25.0,105.0,0.0,-0.08134642047700621,0.0056426167103789835,0.0,-0.07999332486911483,-0.06406686817904324,-0.08143628736766274,-0.06550983067759115,-0.0014429624985479172,0.0
v4b_legacy_025c,25.0,105.0,0.0078125,-0.07889616502479405,0.004722129662164563,0.0,-0.07896839623685298,-0.06367207503718852,-0.08054029183289343,-0.06524397063322897,-0.0015718955960404568,1.3877787807814457e-17
v5c0_corrected_v4b_075c,25.0,105.0,0.0078125,-0.0804680606208345,0.004722129662164563,0.0,-0.07896839623685298,-0.06367207503718852,-0.08054029183289343,-0.06524397063322897,-0.0015718955960404568,1.3877787807814457e-17
v4b_legacy_025c,25.0,105.0,0.015625,-0.07668145810825891,0.003792899775357578,0.0,-0.07673664832985448,-0.06218571767933939,-0.07842929642934876,-0.06387836577883367,-0.0016926480994942789,0.0
v5c0_corrected_v4b_075c,25.0,105.0,0.015625,-0.07837410620775317,0.003792899775357578,0.0,-0.07673664832985448,-0.06218571767933939,-0.07842929642934876,-0.06387836577883367,-0.0016926480994942789,0.0
v4b_legacy_025c,25.0,105.0,0.0234375,-0.07338121280844,0.0028576583305879024,0.0,-0.07342039227495628,-0.05971005255487161,-0.07522520868864911,-0.06151486896856443,-0.0018048164136928307,6.938893903907228e-18
v5c0_corrected_v4b_075c,25.0,105.0,0.0234375,-0.07518602922213283,0.0028576583305879024,0.0,-0.07342039227495628,-0.05971005255487161,-0.07522520868864911,-0.06151486896856443,-0.0018048164136928307,6.938893903907228e-18
v4b_legacy_025c,25.0,105.0,0.03125,-0.0691151027348538,0.00191909767223491,0.0,-0.06913965488824766,-0.05634606248850749,-0.07104748352708729,-0.05825389112734711,-0.0019078286388396204,0.0
v5c0_corrected_v4b_075c,25.0,105.0,0.03125,-0.07102293137369342,0.00191909767223491,0.0,-0.06913965488824766,-0.05634606248850749,-0.07104748352708729,-0.05825389112734711,-0.0019078286388396204,0.0
v4b_legacy_025c,25.0,105.0,0.0390625,-0.06399619871031494,0.0009798534975194242,0.0,-0.06400777875776145,-0.052189637090830986,-0.06600871236475166,-0.05419057069782119,-0.0020009336069902045,0.0
v5c0_corrected_v4b_075c,25.0,105.0,0.0390625,-0.06599713231730513,0.0009798534975194242,0.0,-0.06400777875776145,-0.052189637090830986,-0.06600871236475166,-0.05419057069782119,-0.0020009336069902045,0.0
v4b_legacy_025c,25.0,105.0,0.046875,-0.05812738533606758,4.248915501728677e-05,0.0,-0.058127844193076636,-0.04732845293978675,-0.06021104934427877,-0.04941165809098889,-0.002083205151202132,-6.938893903907228e-18
v5c0_corrected_v4b_075c,25.0,105.0,0.046875,-0.06021059048726971,4.248915501728677e-05,0.0,-0.058127844193076636,-0.04732845293978675,-0.06021104934427877,-0.04941165809098889,-0.002083205151202132,-6.938893903907228e-18
v4b_legacy_025c,25.0,105.0,0.0546875,-0.05158127715487178,0.0008905177683594696,0.0,-0.05158996002579692,-0.041839597670723615,-0.05374352093241275,-0.04399315857733944,-0.00215356090661583,6.938893903907228e-18
v5c0_corrected_v4b_075c,25.0,105.0,0.0546875,-0.053734838061487614,0.0008905177683594696,0.0,-0.05158996002579692,-0.041839597670723615,-0.05374352093241275,-0.04399315857733944,-0.00215356090661583,6.938893903907228e-18
v4b_legacy_025c,25.0,105.0,0.0625,-0.044453814627008405,0.0018167863880450893,0.0,-0.04446958707012294,-0.03578808041732058,-0.04668038115255942,-0.037998874499757064,-0.0022107940824364833,0.0
v5c0_corrected_v4b_075c,25.0,105.0,0.0625,-0.04666460870944489,0.0018167863880450893,0.0,-0.04446958707012294,-0.03578808041732058,-0.04668038115255942,-0.037998874499757064,-0.0022107940824364833,0.0
v4b_legacy_025c,25.0,105.0,0.0703125,-0.03680602754784511,0.002734040902619568,0.0,-0.036826808039647795,-0.029226156643842826,-0.03908042402352298,-0.03147977262771801,-0.002253615983875183,-3.469446951953614e-18
v5c0_corrected_v4b_075c,25.0,105.0,0.0703125,-0.0390596435317203,0.002734040902619568,0.0,-0.036826808039647795,-0.029226156643842826,-0.03908042402352298,-0.03147977262771801,-0.002253615983875183,-3.469446951953614e-18
v4b_legacy_025c,25.0,105.0,0.078125,-0.028682819495042294,0.0036401164188879045,0.0,-0.0287065278358484,-0.022193455703570095,-0.030987234464805242,-0.024474162332526937,-0.002280706628956842,0.0
v5c0_corrected_v4b_075c,25.0,105.0,0.078125,-0.030963526123999132,0.0036401164188879045,0.0,-0.0287065278358484,-0.022193455703570095,-0.030987234464805242,-0.024474162332526937,-0.002280706628956842,0.0
v4b_legacy_025c,25.0,105.0,0.0859375,-0.02011498616831125,0.004532962307798349,0.0,-0.020139562472870166,-0.01471787508830178,-0.022430333067649952,-0.017008645683081566,-0.0022907705947797855,-1.734723475976807e-18
v5c0_corrected_v4b_075c,25.0,105.0,0.0859375,-0.022405756763091037,0.004532962307798349,0.0,-0.020139562472870166,-0.01471787508830178,-0.022430333067649952,-0.017008645683081566,-0.0022907705947797855,-1.734723475976807e-18
v4b_legacy_025c,25.0,105.0,0.09375,-0.011121059917048854,0.005410633605934169,0.0,-0.011144473642765227,-0.0068171198757882735,-0.013427068860512573,-0.009099715093535621,-0.0022825952177473463,-1.734723475976807e-18
v5c0_corrected_v4b_075c,25.0,105.0,0.09375,-0.013403655134796202,0.005410633605934169,0.0,-0.011144473642765227,-0.0068171198757882735,-0.013427068860512573,-0.009099715093535621,-0.0022825952177473463,-1.734723475976807e-18
v4b_legacy_025c,25.0,105.0,0.1015625,-0.0017097865816200655,0.006271278923020192,0.0,-0.0017300380829176783,0.0014992077449588114,-0.003985146507961863,-0.0007559006800853729,-0.0022551084250441843,0.0
v5c0_corrected_v4b_075c,25.0,105.0,0.1015625,-0.00396489500666425,0.006271278923020192,0.0,-0.0017300380829176783,0.0014992077449588114,-0.003985146507961863,-0.0007559006800853729,-0.0022551084250441843,0.0
v4b_legacy_025c,25.0,105.0,0.109375,0.008116884356311435,0.007113145227803142,0.0,0.008101766753463316,0.010227071715469443,0.005894333006893973,0.0080196379689001,-0.0022074337465693428,0.0
v5c0_corrected_v4b_075c,25.0,105.0,0.109375,0.005909450609742093,0.007113145227803142,0.0,0.008101766753463316,0.010227071715469443,0.005894333006893973,0.0080196379689001,-0.0022074337465693428,0.0
v4b_legacy_025c,25.0,105.0,0.1171875,0.01836047784435622,0.007934575610118531,0.0,0.018352442260759307,0.019365172366534192,0.01621350185639619,0.017226231962171074,-0.0021389404043631183,0.0
v5c0_corrected_v4b_075c,25.0,105.0,0.1171875,0.016221537439993102,0.007934575610118531,0.0,0.018352442260759307,0.019365172366534192,0.01621350185639619,0.017226231962171074,-0.0021389404043631183,0.0
v4b_legacy_025c,25.0,105.0,0.125,0.029022472322223998,0.008734005258546382,0.0,0.029023446224689026,0.028911939254381947,0.026974159462737016,0.02686265249242994,-0.0020492867619520093,3.469446951953614e-18
v5c0_corrected_v4b_075c,25.0,105.0,0.125,0.02697318556027199,0.008734005258546382,0.0,0.029023446224689026,0.028911939254381947,0.026974159462737016,0.02686265249242994,-0.0020492867619520093,3.469446951953614e-18
v4b_legacy_025c,25.0,105.0,0.1328125,0.04010072703427968,0.009509956407824805,0.0,0.040112615838287846,0.038862472988170735,0.03817416003005168,0.03692401717993457,-0.0019384558082361641,0.0
v5c0_corrected_v4b_075c,25.0,105.0,0.1328125,0.038162271226043515,0.009509956407824805,0.0,0.040112615838287846,0.038862472988170735,0.03817416003005168,0.03692401717993457,-0.0019384558082361641,0.0
v4b_legacy_025c,25.0,105.0,0.140625,0.051585996594782746,0.010261032515714709,0.0,0.051610675612797634,0.0492055552726084,0.04980389388547522,0.047398773545285995,-0.001806781727322411,6.938893903907228e-18
v5c0_corrected_v4b_075c,25.0,105.0,0.140625,0.049779214867460335,0.010261032515714709,0.0,0.051610675612797634,0.0492055552726084,0.04980389388547522,0.047398773545285995,-0.001806781727322411,6.938893903907228e-18
v4b_legacy_025c,25.0,105.0,0.1484375,0.06345867641296135,0.010985911921419888,0.0,0.06349797436341184,0.059920852069733445,0.061843007410611016,0.05826588511693263,-0.0016549669528008251,6.938893903907228e-18
v5c0_corrected_v4b_075c,25.0,105.0,0.1484375,0.061803709460160526,0.010985911921419888,0.0,0.06349797436341184,0.059920852069733445,0.061843007410611016,0.05826588511693263,-0.0016549669528008251,6.938893903907228e-18
v4b_legacy_025c,25.0,105.0,0.15625,0.07568597631470148,0.01168334122435295,0.0,0.07574164940815124,0.07097648057667633,0.07425755999311853,0.06949239116164363,-0.0014840894150327105,1.3877787807814457e-17
v5c0_corrected_v4b_075c,25.0,105.0,0.15625,0.07420188689966876,0.01168334122435295,0.0,0.07574164940815124,0.07097648057667633,0.07425755999311853,0.06949239116164363,-0.0014840894150327105,1.3877787807814457e-17
v4b_legacy_025c,25.0,105.0,0.1640625,0.08821953755842447,0.012352128604663172,0.0,0.0882932338160676,0.08232695383293087,0.08699763385511643,0.0810313538719797,-0.0012955999609511742,0.0
v5c0_corrected_v4b_075c,25.0,105.0,0.1640625,0.0869239375974733,0.012352128604663172,0.0,0.0882932338160676,0.08232695383293087,0.08699763385511643,0.0810313538719797,-0.0012955999609511742,0.0
v4b_legacy_025c,25.0,105.0,0.171875,0.10099359455537008,0.012991137286956349,0.0,0.101086808808841,0.09391158993370007,0.09999549864957552,0.09282027977443459,-0.001091310159265474,0.0
v5c0_corrected_v4b_075c,25.0,105.0,0.171875,0.0999022843961046,0.012991137286956349,0.0,0.101086808808841,0.09391158993370007,0.09999549864957552,0.09282027977443459,-0.001091310159265474,0.0
v4b_legacy_025c,25.0,105.0,0.1796875,0.1139236307751632,0.013599279327236802,0.0,0.11403765128741482,0.10565334580269206,0.11316428038373982,0.10477997489901705,-0.0008733709036749943,-1.3877787807814457e-17
v5c0_corrected_v4b_075c,25.0,105.0,0.1796875,0.11305025987148819,0.013599279327236802,0.0,0.11403765128741482,0.10565334580269206,0.11316428038373982,0.10477997489901705,-0.0008733709036749943,-1.3877787807814457e-17
v4b_legacy_025c,25.0,105.0,0.1875,0.12690509210379555,0.014175509881230269,0.0,0.1270409392854756,0.11745770857150041,0.12639669688779873,0.11681346617382353,-0.0006442423976768807,0.0
v5c0_corrected_v4b_075c,25.0,105.0,0.1875,0.12626084970611864,0.014175509881230269,0.0,0.1270409392854756,0.11745770857150041,0.12639669688779873,0.11681346617382353,-0.0006442423976768807,0.0
v4b_legacy_025c,25.0,105.0,0.1953125,0.13981485436895538,0.014718822090604218,0.0,0.13997321853929107,0.12921392208466778,0.13956656228734332,0.12880726583272004,-0.0004066562519477457,0.0
v5c0_corrected_v4b_075c,25.0,105.0,0.1953125,0.13940819811700764,0.014718822090604218,0.0,0.13997321853929107,0.12921392208466778,0.13956656228734332,0.12880726583272004,-0.0004066562519477457,0.0
v4b_legacy_025c,25.0,105.0,0.203125,0.15251271874563715,0.015228242702675435,0.0,0.15269389884133192,0.14079626237518086,0.15253032828748847,0.1406326918213374,-0.0001635705538434451,-2.7755575615628914e-17
v5c0_corrected_v4b_075c,25.0,105.0,0.203125,0.15234914819179374,0.015228242702675435,0.0,0.15269389884133192,0.14079626237518086,0.15253032828748847,0.1406326918213374,-0.0001635705538434451,-2.7755575615628914e-17
v4b_legacy_025c,25.0,105.0,0.2109375,0.164842469388301,0.015702828519287344,0.0,0.16504631331057049,0.15206496272019057,0.16512819442838678,0.1521468438380069,8.188111781629037e-05,2.7755575615628914e-17
v5c0_corrected_v4b_075c,25.0,105.0,0.2109375,0.16492435050611726,0.015702828519287344,0.0,0.16504631331057049,0.15206496272019057,0.16512819442838678,0.1521468438380069,8.188111781629037e-05,2.7755575615628914e-17
v4b_legacy_025c,25.0,105.0,0.21875,0.1766343688516078,0.016141663751806236,0.0,0.17686022062173995,0.16286836862898113,0.17718666627975146,0.16319481428699267,0.00032644565801151493,2.7755575615628914e-17
v5c0_corrected_v4b_075c,25.0,105.0,0.21875,0.1769608145096193,0.016141663751806236,0.0,0.17686022062173995,0.16286836862898113,0.17718666627975146,0.16319481428699267,0.00032644565801151493,2.7755575615628914e-17
v4b_legacy_025c,25.0,105.0,0.2265625,0.18770838476283555,0.0165438583416638,0.0,0.1879550423183746,0.17304572972363025,0.1885218525335179,0.17361253993877354,0.000566810215143293,0.0
v5c0_corrected_v4b_075c,25.0,105.0,0.2265625,0.18827519497797887,0.0165438583416638,0.0,0.1879550423183746,0.17304572972363025,0.1885218525335179,0.17361253993877354,0.000566810215143293,0.0
v4b_legacy_025c,25.0,105.0,0.234375,0.19787809798223654,0.016908547289511768,0.0,0.19814378530184543,0.18243058918512797,0.19894344984025553,0.18323025372353807,0.0007996645384100998,0.0
v5c0_corrected_v4b_075c,25.0,105.0,0.234375,0.19867776252064662,0.016908547289511768,0.0,0.19814378530184543,0.18243058918512797,0.19894344984025553,0.18323025372353807,0.0007996645384100998,0.0
v4b_legacy_025c,25.0,105.0,0.2421875,0.20695518627520285,0.017234891020735565,0.0,0.2072375431098862,0.19085468148670248,0.20825930768620785,0.19187644606302412,0.0010217645763216376,0.0
v5c0_corrected_v4b_075c,25.0,105.0,0.2421875,0.20797695085152446,0.017234891020735565,0.0,0.2072375431098862,0.19085468148670248,0.20825930768620785,0.19187644606302412,0.0010217645763216376,0.0
v4b_legacy_025c,25.0,105.0,0.25,0.2147543224622404,0.017522076800636364,0.0,0.21505041421100726,0.1981522033347653,0.2162804101635256,0.19938219928728362,0.0012299959525183257,0.0
v5c0_corrected_v4b_075c,25.0,105.0,0.25,0.21598431841475874,0.017522076800636364,0.0,0.21505041421100726,0.1981522033347653,0.2162804101635256,0.19938219928728362,0.0012299959525183257,0.0
v4b_legacy_025c,25.0,105.0,0.2578125,0.22109835959103757,0.017769321198842527,0.0,0.22140470917148672,0.20416434433025185,0.22282614507502202,0.20558578023378715,0.0014214359035353008,0.0
v5c0_corrected_v4b_075c,25.0,105.0,0.2578125,0.22251979549457288,0.017769321198842527,0.0,0.22140470917148672,0.20416434433025185,0.22282614507502202,0.20558578023378715,0.0014214359035353008,0.0
v4b_legacy_025c,25.0,105.0,0.265625,0.22582371484623798,0.017975873589243633,0.0,0.22613635762044978,0.20874400265869328,0.22772976986138205,0.2103374148996255,0.0015934122409322626,-2.7755575615628914e-17
v5c0_corrected_v4b_075c,25.0,105.0,0.265625,0.22741712708717024,0.017975873589243633,0.0,0.22613635762044978,0.20874400265869328,0.22772976986138205,0.2103374148996255,0.0015934122409322626,-2.7755575615628914e-17
v4b_legacy_025c,25.0,105.0,0.2734375,0.22878574563911655,0.0181410206587382,0.0,0.22910030729650618,0.21176050799264992,0.23084386519802594,0.21350406589416962,0.0017435579015197544,-5.551115123125783e-17
v5c0_corrected_v4b_075c,25.0,105.0,0.2734375,0.23052930354063628,0.0181410206587382,0.0,0.22910030729650618,0.21176050799264992,0.23084386519802594,0.21350406589416962,0.0017435579015197544,-5.551115123125783e-17
v4b_legacy_025c,25.0,105.0,0.28125,0.22986388169442074,0.01826409188513551,0.0,0.23017567772402758,0.2131041456945274,0.23204553740279804,0.21497400537329786,0.001869859678770458,0.0
v5c0_corrected_v4b_075c,25.0,105.0,0.28125,0.2317337413731912,0.01826409188513551,0.0,0.23017567772402758,0.2131041456945274,0.23204553740279804,0.21497400537329786,0.001869859678770458,0.0
v4b_legacy_025c,25.0,105.0,0.2890625,0.22896639015672027,0.018344465931447694,0.0,0.22927054456085535,0.21269037235678684,0.23124124435126875,0.2146610721472002,0.001970699790413394,-2.7755575615628914e-17
v5c0_corrected_v4b_075c,25.0,105.0,0.2890625,0.2309370899471337,0.018344465931447694,0.0,0.22927054456085535,0.21269037235678684,0.23124124435126875,0.2146610721472002,0.001970699790413394,-2.7755575615628914e-17
v4b_legacy_025c,25.0,105.0,0.296875,0.2260345740484637,0.018381577890362273,0.0,0.22632615375842302,0.2104635487253597,0.2283710427943091,0.21250843776124573,0.002044889035886066,-2.7755575615628914e-17
v5c0_corrected_v4b_075c,25.0,105.0,0.296875,0.22807946308434976,0.018381577890362273,0.0,0.22632615375842302,0.2104635487253597,0.2283710427943091,0.21250843776124573,0.002044889035886066,-2.7755575615628914e-17
v4b_legacy_025c,25.0,105.0,0.3046875,0.22104621634804453,0.018374927298731906,0.0,0.2213203767371228,0.2064000244211063,0.2234120671735085,0.208491714857492,0.0020916904363857125,-2.7755575615628914e-17
v5c0_corrected_v4b_075c,25.0,105.0,0.3046875,0.2231379067844302,0.018374927298731906,0.0,0.2213203767371228,0.2064000244211063,0.2234120671735085,0.208491714857492,0.0020916904363857125,-2.7755575615628914e-17
v4b_legacy_025c,25.0,105.0,0.3125,0.2140180843621259,0.01832408682732705,0.0,0.21427022031835194,0.20051041015143994,0.21638105275067046,0.20262124258375847,0.0021108324323185212,0.0
v5c0_corrected_v4b_075c,25.0,105.0,0.3125,0.21612891679444446,0.01832408682732705,0.0,0.21427022031835194,0.20051041015143994,0.21638105275067046,0.20262124258375847,0.0021108324323185212,0.0
v4b_legacy_025c,25.0,105.0,0.3203125,0.20500738119760603,0.018228711535781757,0.0,0.20523327763466342,0.19284093511423972,0.20733578857402282,0.19494344605359912,0.0021025109393593977,0.0
v5c0_corrected_v4b_075c,25.0,105.0,0.3203125,0.2071098921369654,0.018228711535781757,0.0,0.20523327763466342,0.19284093511423972,0.20733578857402282,0.19494344605359912,0.0021025109393593977,0.0
v4b_legacy_025c,25.0,105.0,0.328125,0.19411202206584693,0.018088548566595967,0.0,0.19430799732783785,0.18347378023908545,0.19637537716275227,0.18554116007399987,0.0020673798349144235,0.0
v5c0_corrected_v4b_075c,25.0,105.0,0.328125,0.19617940190076133,0.018088548566595967,0.0,0.19430799732783785,0.18347378023908545,0.19637537716275227,0.18554116007399987,0.0020673798349144235,0.0
v4b_legacy_025c,25.0,105.0,0.3359375,0.18146967904559547,0.017903447135289956,0.0,0.18163271463488864,0.17252633483768137,0.1836392443942557,0.1745328645970484,0.0020065297593670484,-2.7755575615628914e-17
v5c0_corrected_v4b_075c,25.0,105.0,0.3359375,0.18347620880496254,0.017903447135289956,0.0,0.18163271463488864,0.17252633483768137,0.1836392443942557,0.1745328645970484,0.0020065297593670484,-2.7755575615628914e-17
v4b_legacy_025c,25.0,105.0,0.34375,0.16725554017530345,0.017673368656485857,0.0,0.16738339047697084,0.16014932524852285,0.16930484594383674,0.16207078071538875,0.0019214554668658956,0.0
v5c0_corrected_v4b_075c,25.0,105.0,0.34375,0.16917699564216931,0.017673368656485857,0.0,0.16738339047697084,0.16014932524852285,0.16930484594383674,0.16207078071538875,0.0019214554668658956,0.0
v4b_legacy_025c,25.0,105.0,0.3515625,0.15167884377926483,0.0173983968280877,0.0,0.15177012018912664,0.14652386613688892,0.15358413253100642,0.14833787847876873,0.0018140123418797782,2.7755575615628914e-17
v5c0_corrected_v4b_075c,25.0,105.0,0.3515625,0.15349285612114463,0.0173983968280877,0.0,0.15177012018912664,0.14652386613688892,0.15358413253100642,0.14833787847876873,0.0018140123418797782,2.7755575615628914e-17
v4b_legacy_025c,25.0,105.0,0.359375,0.13497823664730252,0.017078747478265044,0.0,0.13503246146848275,0.13185747329975162,0.13671882456939044,0.13354383640065934,0.0016863631009076951,2.7755575615628914e-17
v5c0_corrected_v4b_075c,25.0,105.0,0.359375,0.13666459974821019,0.017078747478265044,0.0,0.13503246146848275,0.13185747329975162,0.13671882456939044,0.13354383640065934,0.0016863631009076951,2.7755575615628914e-17
v4b_legacy_025c,25.0,105.0,0.3671875,0.11741610604090837,0.016714777963210806,0.0,0.11743373289147482,0.11637916605216349,0.11897464900264709,0.11792008216333576,0.0015409161111722691,0.0
v5c0_corrected_v4b_075c,25.0,105.0,0.3671875,0.11895702215208064,0.016714777963210806,0.0,0.11743373289147482,0.11637916605216349,0.11897464900264709,0.11792008216333576,0.0015409161111722691,0.0
v4b_legacy_025c,25.0,105.0,0.375,0.09927205978025795,0.01630699588843687,0.0,0.09925445880587579,0.10033380993238532,0.1006347159701283,0.10171406709663783,0.0013802571642525102,0.0
v5c0_corrected_v4b_075c,25.0,105.0,0.375,0.10065231694451048,0.01630699588843687,0.0,0.09925445880587579,0.10033380993238532,0.1006347159701283,0.10171406709663783,0.0013802571642525102,0.0
v4b_legacy_025c,25.0,105.0,0.3828125,0.08083576106259818,0.015856066913703767,0.0,0.08078516897004598,0.08397587779005487,0.08199224589330897,0.08518295471331787,0.0012070769232629952,0.0
v5c0_corrected_v4b_075c,25.0,105.0,0.3828125,0.08204283798586118,0.015856066913703767,0.0,0.08078516897004598,0.08397587779005487,0.08199224589330897,0.08518295471331787,0.0012070769232629952,0.0
v4b_legacy_025c,25.0,105.0,0.390625,0.06239939165765296,0.015362821392785485,0.0,0.06231882842365886,0.06756286738852864,0.06334292501843243,0.06858696398330222,0.0010240965947735728,6.938893903907228e-18
v5c0_corrected_v4b_075c,25.0,105.0,0.390625,0.06342348825242654,0.015362821392785485,0.0,0.06231882842365886,0.06756286738852864,0.06334292501843243,0.06858696398330222,0.0010240965947735728,6.938893903907228e-18
v4b_legacy_025c,25.0,105.0,0.3984375,0.04425001970380904,0.014828259595581492,0.0,0.044143175554272183,0.051348616546733325,0.044977170189692516,0.05218261118215366,0.000833994635420332,0.0
v5c0_corrected_v4b_075c,25.0,105.0,0.3984375,0.04508401433922937,0.014828259595581492,0.0,0.044143175554272183,0.051348616546733325,0.044977170189692516,0.05218261118215366,0.000833994635420332,0.0
v4b_legacy_025c,25.0,105.0,0.40625,0.0266621658856254,0.014253555263193654,0.0,0.02653326373014795,0.03557677274226843,0.027172601190032834,0.03621611020215331,0.0006393374598848839,0.0
v5c0_corrected_v4b_075c,25.0,105.0,0.40625,0.027301503345510285,0.014253555263193654,0.0,0.02653326373014795,0.03557677274226843,0.027172601190032834,0.03621611020215331,0.0006393374598848839,0.0
v4b_legacy_025c,25.0,105.0,0.4140625,0.009890856832914328,0.013640057258140372,0.0,0.009744496650483351,0.020474670260541193,0.010187013793265903,0.020917187403323746,0.0004425171427825513,1.734723475976807e-18
v5c0_corrected_v4b_075c,25.0,105.0,0.4140625,0.010333373975696879,0.013640057258140372,0.0,0.009744496650483351,0.020474670260541193,0.010187013793265903,0.020917187403323746,0.0004425171427825513,1.734723475976807e-18
v4b_legacy_025c,25.0,105.0,0.421875,-0.005834555691208589,0.012989289093474788,0.0,-0.00599356307130153,0.006247859761670879,-0.005747864096266328,0.006493558736706081,0.0002456989750352018,0.0
v5c0_corrected_v4b_075c,25.0,105.0,0.421875,-0.005588856716173387,0.012989289093474788,0.0,-0.00599356307130153,0.006247859761670879,-0.005747864096266328,0.006493558736706081,0.0002456989750352018,0.0
v4b_legacy_025c,25.0,105.0,0.4296875,-0.020315568939743324,0.012302946157556175,0.0,-0.020482370726934165,-0.006924497266812353,-0.02043158930281351,-0.006873715842691696,5.0781424120655005e-05,2.6020852139652106e-18
v5c0_corrected_v4b_075c,25.0,105.0,0.4296875,-0.020264787515622672,0.012302946157556175,0.0,-0.020482370726934165,-0.006924497266812353,-0.02043158930281351,-0.006873715842691696,5.0781424120655005e-05,2.6020852139652106e-18
v4b_legacy_025c,25.0,105.0,0.4375,-0.033388499609553736,0.01158289049648216,0.0,-0.033558364666920276,-0.018893194740801755,-0.03369899412090993,-0.019033824194791413,-0.00014062945398965465,-3.469446951953614e-18
v5c0_corrected_v4b_075c,25.0,105.0,0.4375,-0.0335291290635434,0.01158289049648216,0.0,-0.033558364666920276,-0.018893194740801755,-0.03369899412090993,-0.019033824194791413,-0.00014062945398965465,-3.469446951953614e-18
v4b_legacy_025c,25.0,105.0,0.4453125,-0.04492710805289251,0.010831143073911436,0.0,-0.045095577777116376,-0.02954138159724526,-0.04542280756854997,-0.02986861138867885,-0.0003272297914335906,0.0
v5c0_corrected_v4b_075c,25.0,105.0,0.4453125,-0.045254337844326094,0.010831143073911436,0.0,-0.045095577777116376,-0.02954138159724526,-0.04542280756854997,-0.02986861138867885,-0.0003272297914335906,0.0
v4b_legacy_025c,25.0,105.0,0.453125,-0.05484379773034752,0.010049873497443094,0.0,-0.055006817677169924,-0.038785723265993284,-0.05551482904204446,-0.03929373463086783,-0.000508011364874536,-6.938893903907228e-18
v5c0_corrected_v4b_075c,25.0,105.0,0.453125,-0.055351809095222054,0.010049873497443094,0.0,-0.055006817677169924,-0.038785723265993284,-0.05551482904204446,-0.03929373463086783,-0.000508011364874536,-6.938893903907228e-18
v4b_legacy_025c,25.0,105.0,0.4609375,-0.06308937951747183,0.009241387279994876,-0.0,-0.06324340658533899,-0.046576312868729514,-0.06392564577663963,-0.04725855206003017,-0.0006822391913006431,-1.3877787807814457e-17
v5c0_corrected_v4b_075c,25.0,105.0,0.4609375,-0.06377161870877247,0.009241387279994876,-0.0,-0.06324340658533899,-0.046576312868729514,-0.06392564577663963,-0.04725855206003017,-0.0006822391913006431,-1.3877787807814457e-17
v4b_legacy_025c,25.0,105.0,0.46875,-0.06965145986181272,0.008408110790642026,-0.0,-0.0697935414703087,-0.052895380630884656,-0.07064295621107902,-0.05374479537165497,-0.0008494147407703267,1.3877787807814457e-17
v5c0_corrected_v4b_075c,25.0,105.0,0.46875,-0.07050087460258306,0.008408110790642026,-0.0,-0.0697935414703087,-0.052895380630884656,-0.07064295621107902,-0.05374479537165497,-0.0008494147407703267,1.3877787807814457e-17
v4b_legacy_025c,25.0,105.0,0.4765625,-0.07455157410050034,0.007552574137866033,-0.0,-0.07467939758928768,-0.05775490450202683,-0.07568862481551711,-0.058764131728256244,-0.0010092272262294255,1.3877787807814457e-17
v5c0_corrected_v4b_075c,25.0,105.0,0.4765625,-0.07556080132672977,0.007552574137866033,-0.0,-0.07467939758928768,-0.05775490450202683,-0.07568862481551711,-0.058764131728256244,-0.0010092272262294255,1.3877787807814457e-17
v4b_legacy_025c,25.0,105.0,0.484375,-0.07784124523212853,0.006677392313882253,-0.0,-0.07795315753148693,-0.06119327671307975,-0.07911465381518967,-0.062354772996782486,-0.0011614962837027398,6.938893903907228e-18
v5c0_corrected_v4b_075c,25.0,105.0,0.484375,-0.07900274151583125,0.006677392313882253,-0.0,-0.07795315753148693,-0.06119327671307975,-0.07911465381518967,-0.062354772996782486,-0.0011614962837027398,6.938893903907228e-18
v4b_legacy_025c,25.0,105.0,0.4921875,-0.07959719400121502,0.005785245005867985,-0.0,-0.07969219334886297,-0.0632712211080013,-0.08099830333812998,-0.0645773310972683,-0.0013061099892670014,0.0
v5c0_corrected_v4b_075c,25.0,105.0,0.4921875,-0.08090330399048204,0.005785245005867985,-0.0,-0.07969219334886297,-0.0632712211080013,-0.08099830333812998,-0.0645773310972683,-0.0013061099892670014,0.0
v4b_legacy_025c,25.0,105.0,0.5,-0.07991595684346964,0.004878855542690056,-0.0,-0.07999365982202375,-0.06406718323869294,-0.08143662232057167,-0.06551014573724084,-0.0014429624985479172,1.3877787807814457e-17
v5c0_corrected_v4b_075c,25.0,105.0,0.5,-0.08135891934201755,0.004878855542690056,-0.0,-0.07999365982202375,-0.06406718323869294,-0.08143662232057167,-0.06551014573724084,-0.0014429624985479172,1.3877787807814457e-17
v4b_legacy_025c,25.0,105.0,0.5078125,-0.07890818658782024,0.0039609694889608926,-0.0,-0.07896877493721814,-0.06367243156301237,-0.0805406705332586,-0.06524432715905282,-0.0015718955960404568,1.3877787807814457e-17
v5c0_corrected_v4b_075c,25.0,105.0,0.5078125,-0.0804800821838607,0.0039609694889608926,-0.0,-0.07896877493721814,-0.06367243156301237,-0.0805406705332586,-0.06524432715905282,-0.0015718955960404568,1.3877787807814457e-17
v4b_legacy_025c,25.0,105.0,0.515625,-0.07669291446492771,0.0030343334180386507,-0.0,-0.07673706691355658,-0.06218611204274559,-0.07842971501305089,-0.0638787601422399,-0.0016926480994943066,0.0
v5c0_corrected_v4b_075c,25.0,105.0,0.515625,-0.07838556256442201,0.0030343334180386507,-0.0,-0.07673706691355658,-0.06218611204274559,-0.07842971501305089,-0.0638787601422399,-0.0016926480994943066,0.0
v4b_legacy_025c,25.0,105.0,0.5234375,-0.07339203248293312,0.002101674389838011,-0.0,-0.07342084720758764,-0.059710481418368606,-0.07522566362128046,-0.06151529783206143,-0.0018048164136928169,-6.938893903907228e-18
v5c0_corrected_v4b_075c,25.0,105.0,0.5234375,-0.07519684889662594,0.002101674389838011,-0.0,-0.07342084720758764,-0.059710481418368606,-0.07522566362128046,-0.06151529783206143,-0.0018048164136928169,-6.938893903907228e-18
v4b_legacy_025c,25.0,105.0,0.53125,-0.06912522967662242,0.001165680628060454,-0.0,-0.06914014295180167,-0.05634652279525246,-0.07104797159064126,-0.05825435143409206,-0.0019078286388395926,-6.938893903907228e-18
v5c0_corrected_v4b_075c,25.0,105.0,0.53125,-0.071033058315462,0.001165680628060454,-0.0,-0.06914014295180167,-0.05634652279525246,-0.07104797159064126,-0.05825435143409206,-0.0019078286388395926,-6.938893903907228e-18
v4b_legacy_025c,25.0,105.0,0.5390625,-0.06400559085590518,0.00022898383687051696,-0.0,-0.06400829702604137,-0.05219012604426725,-0.06600923063303155,-0.05419105965125743,-0.0020009336069901767,0.0
v5c0_corrected_v4b_075c,25.0,105.0,0.5390625,-0.06600652446289536,0.00022898383687051696,-0.0,-0.06400829702604137,-0.05219012604426725,-0.06600923063303155,-0.05419105965125743,-0.0020009336069901767,0.0
v4b_legacy_025c,25.0,105.0,0.546875,-0.058120767249506385,0.0007058564767705482,-0.0,-0.0581283900914964,-0.04732896805475341,-0.06021159524269853,-0.04941217320595554,-0.002083205151202125,-6.938893903907228e-18
v5c0_corrected_v4b_075c,25.0,105.0,0.546875,-0.06020397240070851,0.0007058564767705482,-0.0,-0.0581283900914964,-0.04732896805475341,-0.06021159524269853,-0.04941217320595554,-0.002083205151202125,-6.938893903907228e-18
v4b_legacy_025c,25.0,105.0,0.5546875,-0.05157457598400811,0.0016363663964470813,-0.0,-0.05159053120198228,-0.04184013666392776,-0.05374409210859813,-0.04399369757054361,-0.0021535609066158506,0.0
v5c0_corrected_v4b_075c,25.0,105.0,0.5546875,-0.05372813689062396,0.0016363663964470813,-0.0,-0.05159053120198228,-0.04184013666392776,-0.05374409210859813,-0.04399369757054361,-0.0021535609066158506,0.0
v4b_legacy_025c,25.0,105.0,0.5625,-0.044447955164148,0.0025601685216541546,-0.0,-0.04447018137004486,-0.03578864118670574,-0.04668097545248143,-0.037999435269142304,-0.0022107940824365666,0.0
v5c0_corrected_v4b_075c,25.0,105.0,0.5625,-0.046658749246584565,0.0025601685216541546,-0.0,-0.04447018137004486,-0.03578864118670574,-0.04668097545248143,-0.037999435269142304,-0.0022107940824365666,0.0
v4b_legacy_025c,25.0,105.0,0.5703125,-0.03680101119472765,0.0034749903376934403,-0.0,-0.03682742350596803,-0.02922673726696388,-0.03908103948984311,-0.031480353250838956,-0.002253615983875079,3.469446951953614e-18
v5c0_corrected_v4b_075c,25.0,105.0,0.5703125,-0.039054627178602724,0.0034749903376934403,-0.0,-0.03682742350596803,-0.02922673726696388,-0.03908103948984311,-0.031480353250838956,-0.002253615983875079,3.469446951953614e-18
v4b_legacy_025c,25.0,105.0,0.578125,-0.028678643923156298,0.004378670034167943,-0.0,-0.02870716267514873,-0.022194054409421068,-0.03098786930410546,-0.024474761038377795,-0.002280706628956731,3.469446951953614e-18
v5c0_corrected_v4b_075c,25.0,105.0,0.578125,-0.03095935055211303,0.004378670034167943,-0.0,-0.02870716267514873,-0.022194054409421068,-0.03098786930410546,-0.024474761038377795,-0.002280706628956731,3.469446951953614e-18
v4b_legacy_025c,25.0,105.0,0.5859375,-0.02011164708871878,0.005269159858410076,-0.0,-0.020140215023365972,-0.014718490229498728,-0.02243098561814595,-0.017009260824278706,-0.0022907705947799797,1.734723475976807e-18
v5c0_corrected_v4b_075c,25.0,105.0,0.5859375,-0.02240241768349876,0.005269159858410076,-0.0,-0.020140215023365972,-0.014718490229498728,-0.02243098561814595,-0.017009260824278706,-0.0022907705947799797,1.734723475976807e-18
v4b_legacy_025c,25.0,105.0,0.59375,-0.011118552610961572,0.006144516220049703,-0.0,-0.011145142344009559,-0.00681774990240056,-0.013427737561756907,-0.009100345120147907,-0.002282595217747348,1.734723475976807e-18
v5c0_corrected_v4b_075c,25.0,105.0,0.59375,-0.01340114782870892,0.006144516220049703,-0.0,-0.011145142344009559,-0.00681774990240056,-0.013427737561756907,-0.009100345120147907,-0.002282595217747348,1.734723475976807e-18
v4b_legacy_025c,25.0,105.0,0.6015625,-0.0017081071239194133,0.007002887240579736,-0.0,-0.0017307214479466914,0.0014985643095383704,-0.003985829872990843,-0.0007565441155057803,-0.0022551084250441514,8.673617379884035e-19
v5c0_corrected_v4b_075c,25.0,105.0,0.6015625,-0.003963215548963565,0.007002887240579736,-0.0,-0.0017307214479466914,0.0014985643095383704,-0.003985829872990843,-0.0007565441155057803,-0.0022551084250441514,8.673617379884035e-19
v4b_legacy_025c,25.0,105.0,0.609375,0.008117738231965554,0.007842519318958836,-0.0,0.008101070163858227,0.010226416296832665,0.005893636417288919,0.008018982550263357,-0.002207433746569308,0.0
v5c0_corrected_v4b_075c,25.0,105.0,0.609375,0.005910304485396246,0.007842519318958836,-0.0,0.008101070163858227,0.010226416296832665,0.005893636417288919,0.008018982550263357,-0.002207433746569308,0.0
v4b_legacy_025c,25.0,105.0,0.6171875,0.01836050624920241,0.008661754991869818,-0.0,0.01835173386196137,0.019364506360060662,0.016212793457598254,0.017225565955697544,-0.002138940404363115,-3.469446951953614e-18
v5c0_corrected_v4b_075c,25.0,105.0,0.6171875,0.016221565844839296,0.008661754991869818,-0.0,0.01835173386196137,0.019364506360060662,0.016212793457598254,0.017225565955697544,-0.002138940404363115,-3.469446951953614e-18
v4b_legacy_025c,25.0,105.0,0.625,0.029021673093175472,0.00945902891002972,-0.0,0.029022727428562316,0.02891126404295768,0.02697344066661031,0.026861977281005676,-0.002049286761952006,0.0
v5c0_corrected_v4b_075c,25.0,105.0,0.625,0.026972386331223466,0.00945902891002972,-0.0,0.029022727428562316,0.02891126404295768,0.02697344066661031,0.026861977281005676,-0.002049286761952006,0.0
v4b_legacy_025c,25.0,105.0,0.6328125,0.040099095989219916,0.010232862784487887,-0.0,0.04011188807168056,0.03886178995837085,0.03817343226344442,0.0369233341501347,-0.0019384558082361433,-6.938893903907228e-18
v5c0_corrected_v4b_075c,25.0,105.0,0.6328125,0.03816064018098377,0.010232862784487887,-0.0,0.04011188807168056,0.03886178995837085,0.03817343226344442,0.0369233341501347,-0.0019384558082361433,-6.938893903907228e-18
v4b_legacy_025c,25.0,105.0,0.640625,0.05158352814075627,0.010981859562575537,-0.0,0.05160994033120159,0.0492048658267597,0.04980315860387911,0.04739808409943722,-0.0018067817273224804,0.0
v5c0_corrected_v4b_075c,25.0,105.0,0.640625,0.0497767464134338,0.010981859562575537,-0.0,0.05160994033120159,0.0492048658267597,0.04980315860387911,0.04739808409943722,-0.0018067817273224804,0.0
v4b_legacy_025c,25.0,105.0,0.6484375,0.0634553644797874,0.01170469708557835,-0.0,0.06349723306410784,0.05992015763752384,0.061842266111307005,0.05826519068472301,-0.001654966952800839,6.938893903907228e-18
v5c0_corrected_v4b_075c,25.0,105.0,0.6484375,0.06180039752698657,0.01170469708557835,-0.0,0.06349723306410784,0.05992015763752384,0.061842266111307005,0.05826519068472301,-0.001654966952800839,6.938893903907228e-18
v4b_legacy_025c,25.0,105.0,0.65625,0.07568181555678616,0.012400121466888243,-0.0,0.07574090363618312,0.07097578262065621,0.07425681422115044,0.06949169320562353,-0.0014840894150326828,0.0
v5c0_corrected_v4b_075c,25.0,105.0,0.65625,0.07419772614175348,0.012400121466888243,-0.0,0.07574090363618312,0.07097578262065621,0.07425681422115044,0.06949169320562353,-0.0014840894150326828,0.0
v4b_legacy_025c,25.0,105.0,0.6640625,0.08821452478364401,0.013066940412015757,-0.0,0.08829248517274202,0.08232625385616553,0.08699688521179089,0.08103065389521438,-0.0012955999609511326,-1.3877787807814457e-17
v5c0_corrected_v4b_075c,25.0,105.0,0.6640625,0.0869189248226929,0.013066940412015757,-0.0,0.08829248517274202,0.08232625385616553,0.08699688521179089,0.08103065389521438,-0.0012955999609511326,-1.3877787807814457e-17
v4b_legacy_025c,25.0,105.0,0.671875,0.10098773031084443,0.013704016681858899,-0.0,0.10108605895297995,0.09391088948126748,0.09999474879371449,0.09281957932200202,-0.00109131015926546,0.0
v5c0_corrected_v4b_075c,25.0,105.0,0.671875,0.09989642015157897,0.013704016681858899,-0.0,0.10108605895297995,0.09391088948126748,0.09999474879371449,0.09281957932200202,-0.00109131015926546,0.0
v4b_legacy_025c,25.0,105.0,0.6796875,0.1139169210719213,0.014310261879225822,-0.0,0.1140369019634683,0.10565264648585394,0.11316353105979328,0.10477927558217892,-0.000873370903675022,0.0
v5c0_corrected_v4b_075c,25.0,105.0,0.6796875,0.11304355016824628,0.014310261879225822,-0.0,0.1140369019634683,0.10565264648585394,0.11316353105979328,0.10477927558217892,-0.000873370903675022,0.0
v4b_legacy_025c,25.0,105.0,0.6875,0.12689755026099012,0.014884630716739232,-0.0,0.12704019236026592,0.11745701209934178,0.12639594996258904,0.11681276970166492,-0.0006442423976768807,1.3877787807814457e-17
v5c0_corrected_v4b_075c,25.0,105.0,0.6875,0.12625330786331326,0.014884630716739232,-0.0,0.12704019236026592,0.11745701209934178,0.12639594996258904,0.11681276970166492,-0.0006442423976768807,1.3877787807814457e-17
v4b_legacy_025c,25.0,105.0,0.6953125,0.1398065024678053,0.01542611590261071,-0.0,0.1399724758391776,0.1292132301275445,0.13956581958722983,0.1288065738755967,-0.00040665625194777344,0.0
v5c0_corrected_v4b_075c,25.0,105.0,0.6953125,0.1393998462158575,0.01542611590261071,-0.0,0.1399724758391776,0.1292132301275445,0.13956581958722983,0.1288065738755967,-0.00040665625194777344,0.0
v4b_legacy_025c,25.0,105.0,0.703125,0.15250358914621476,0.015933743759849444,-0.0,0.15269316222651919,0.14079557662694905,0.15252959167267574,0.1406320060731056,-0.0001635705538434451,0.0
v5c0_corrected_v4b_075c,25.0,105.0,0.703125,0.1523400185923713,0.015933743759849444,-0.0,0.15269316222651919,0.14079557662694905,0.15252959167267574,0.1406320060731056,-0.0001635705538434451,0.0
v4b_legacy_025c,25.0,105.0,0.7109375,0.16483260606533573,0.016406570674565524,-0.0,0.16504558467757657,0.1520642849004683,0.16512746579539286,0.1521461660182846,8.188111781629037e-05,0.0
v5c0_corrected_v4b_075c,25.0,105.0,0.7109375,0.16491448718315202,0.016406570674565524,-0.0,0.16504558467757657,0.1520642849004683,0.16512746579539286,0.1521461660182846,8.188111781629037e-05,0.0
v4b_legacy_025c,25.0,105.0,0.71875,0.1766238284603356,0.016843680450298257,-0.0,0.17685950189234947,0.16286770047405089,0.17718594755036104,0.16319414613206246,0.00032644565801157044,0.0
v5c0_corrected_v4b_075c,25.0,105.0,0.71875,0.17695027411834718,0.016843680450298257,-0.0,0.17685950189234947,0.16286770047405089,0.17718594755036104,0.16319414613206246,0.00032644565801157044,0.0
v4b_legacy_025c,25.0,105.0,0.7265625,0.18769723738157326,0.017244182627781726,-0.0,0.18795433542612275,0.173045072975186,0.188521145641266,0.17361188319032927,0.0005668102151432652,0.0
v5c0_corrected_v4b_075c,25.0,105.0,0.7265625,0.18826404759671653,0.017244182627781726,-0.0,0.18795433542612275,0.173045072975186,0.188521145641266,0.17361188319032927,0.0005668102151432652,0.0
v4b_legacy_025c,25.0,105.0,0.734375,0.19786642747750646,0.01760721181320176,-0.0,0.19814309217793535,0.18242994557845948,0.19894275671634545,0.18322961011686958,0.0007996645384100998,0.0
v5c0_corrected_v4b_075c,25.0,105.0,0.734375,0.1986660920159166,0.01760721181320176,-0.0,0.19814309217793535,0.18242994557845948,0.19894275671634545,0.18322961011686958,0.0007996645384100998,0.0
v4b_legacy_025c,25.0,105.0,0.7421875,0.20694309024189844,0.017931928042683728,-0.0,0.2072368656644886,0.19085405273489964,0.2082586302408102,0.19187581731122125,0.0010217645763216099,0.0
v5c0_corrected_v4b_075c,25.0,105.0,0.7421875,0.20796485481822005,0.017931928042683728,-0.0,0.2072368656644886,0.19085405273489964,0.2082586302408102,0.19187581731122125,0.0010217645763216099,0.0
v4b_legacy_025c,25.0,105.0,0.75,0.21474191172185736,0.018217518196316597,-0.0,0.2150497543174776,0.1981515911152852,0.21627975026999596,0.19938158706780357,0.0012299959525183535,0.0
v5c0_corrected_v4b_075c,25.0,105.0,0.75,0.2159719076743757,0.018217518196316597,-0.0,0.2150497543174776,0.1981515911152852,0.21627975026999596,0.19938158706780357,0.0012299959525183535,0.0
v4b_legacy_025c,25.0,105.0,0.7578125,0.22108575722512383,0.01846319846127438,-0.0,0.22140406864487888,0.20416375026652872,0.22282550454841424,0.2055851861700641,0.0014214359035353563,2.7755575615628914e-17
v5c0_corrected_v4b_075c,25.0,105.0,0.7578125,0.2225071931286592,0.01846319846127438,-0.0,0.22140406864487888,0.20416375026652872,0.22282550454841424,0.2055851861700641,0.0014214359035353563,2.7755575615628914e-17
v4b_legacy_025c,25.0,105.0,0.765625,0.2258110547706756,0.018668217830332227,-0.0,0.2261357382003681,0.2087434283053685,0.22772915044130038,0.21033684054630075,0.0015934122409322626,0.0
v5c0_corrected_v4b_075c,25.0,105.0,0.765625,0.22740446701160788,0.018668217830332227,-0.0,0.2261357382003681,0.2087434283053685,0.22772915044130038,0.21033684054630075,0.0015934122409322626,0.0
v4b_legacy_025c,25.0,105.0,0.7734375,0.2287731707282649,0.018831862609076294,-0.0,0.22909971062733142,0.21175995481851784,0.230843268528851,0.21350351272003742,0.001743557901519588,0.0
v5c0_corrected_v4b_075c,25.0,105.0,0.7734375,0.2305167286297845,0.018831862609076294,-0.0,0.22909971062733142,0.21175995481851784,0.230843268528851,0.21350351272003742,0.001743557901519588,0.0
v4b_legacy_025c,25.0,105.0,0.78125,0.22985154149232884,0.018953461892159736,-0.0,0.23017510533259228,0.21310361506319278,0.23204496501136274,0.21497347474196324,0.001869859678770458,0.0
v5c0_corrected_v4b_075c,25.0,105.0,0.78125,0.2317214011710993,0.018953461892159736,-0.0,0.23017510533259228,0.21310361506319278,0.23204496501136274,0.21497347474196324,0.001869859678770458,0.0
v4b_legacy_025c,25.0,105.0,0.7890625,0.22895443823022396,0.019032393955857027,-0.0,0.22926999784052746,0.21268986551269628,0.23124069763094088,0.21466056530310973,0.0019706997904134216,2.7755575615628914e-17
v5c0_corrected_v4b_075c,25.0,105.0,0.7890625,0.23092513802063738,0.019032393955857027,-0.0,0.22926999784052746,0.21268986551269628,0.23124069763094088,0.21466056530310973,0.0019706997904134216,2.7755575615628914e-17
v4b_legacy_025c,25.0,105.0,0.796875,0.22602316503545897,0.019068093500726496,-0.0,0.22632563394947156,0.21046306677666682,0.22837052298535757,0.21250795581255286,0.0020448890358860106,2.7755575615628914e-17
v5c0_corrected_v4b_075c,25.0,105.0,0.796875,0.22806805407134498,0.019068093500726496,-0.0,0.22632563394947156,0.21046306677666682,0.22837052298535757,0.21250795581255286,0.0020448890358860106,2.7755575615628914e-17
v4b_legacy_025c,25.0,105.0,0.8046875,0.2210355027872068,0.019060059664241676,-0.0,0.22131988491153118,0.2063995683262722,0.22341157534791684,0.2084912587626579,0.002091690436385657,2.7755575615628914e-17
v5c0_corrected_v4b_075c,25.0,105.0,0.8046875,0.22312719322359242,0.019060059664241676,-0.0,0.22131988491153118,0.2063995683262722,0.22341157534791684,0.2084912587626579,0.002091690436385657,2.7755575615628914e-17
v4b_legacy_025c,25.0,105.0,0.8125,0.21400821339195444,0.01900786470866438,-0.0,0.21426975736510787,0.20050998070622897,0.21638058979742641,0.20262081313854752,0.002110832432318549,0.0
v5c0_corrected_v4b_075c,25.0,105.0,0.8125,0.21611904582427302,0.01900786470866438,-0.0,0.21426975736510787,0.20050998070622897,0.21638058979742641,0.20262081313854752,0.002110832432318549,0.0
v4b_legacy_025c,25.0,105.0,0.8203125,0.20499849122530603,0.0189111632741206,-0.0,0.2052328442477713,0.19284053294104295,0.20733535518713075,0.1949430438804024,0.002102510939359453,0.0
v5c0_corrected_v4b_075c,25.0,105.0,0.8203125,0.2071010021646655,0.0189111632741206,-0.0,0.2052328442477713,0.19284053294104295,0.20733535518713075,0.1949430438804024,0.002102510939359453,0.0
v4b_legacy_025c,25.0,105.0,0.828125,0.19410423951316852,0.01876970207077669,-0.0,0.19430759399821101,0.18347340577957622,0.19637497383312544,0.18554078561449064,0.0020673798349144235,0.0
v5c0_corrected_v4b_075c,25.0,105.0,0.828125,0.19617161934808297,0.01876970207077669,-0.0,0.19430759399821101,0.18347340577957622,0.19637497383312544,0.18554078561449064,0.0020673798349144235,0.0
v4b_legacy_025c,25.0,105.0,0.8359375,0.18146311527715936,0.01858332986724834,-0.0,0.1816323416443657,0.1725259883473392,0.18363887140373278,0.17453251810670625,0.002006529759367076,-2.7755575615628914e-17
v5c0_corrected_v4b_075c,25.0,105.0,0.8359375,0.18346964503652644,0.01858332986724834,-0.0,0.1816323416443657,0.1725259883473392,0.18363887140373278,0.17453251810670625,0.002006529759367076,-2.7755575615628914e-17
v4b_legacy_025c,25.0,105.0,0.84375,0.1672502887180846,0.018352007615056558,-0.0,0.16738304789546823,0.1601490067938983,0.16930450336233413,0.16207046226076416,0.0019214554668658956,-2.7755575615628914e-17
v5c0_corrected_v4b_075c,25.0,105.0,0.84375,0.16917174418495048,0.018352007615056558,-0.0,0.16738304789546823,0.1601490067938983,0.16930450336233413,0.16207046226076416,0.0019214554668658956,-2.7755575615628914e-17
v4b_legacy_025c,25.0,105.0,0.8515625,0.15167497793385523,0.018075818531343157,-0.0,0.15176980787651378,0.1465235755969572,0.1535838202183935,0.14833758793883695,0.0018140123418797227,2.7755575615628914e-17
v5c0_corrected_v4b_075c,25.0,105.0,0.8515625,0.15348899027573495,0.018075818531343157,-0.0,0.15176980787651378,0.1465235755969572,0.1535838202183935,0.14833758793883695,0.0018140123418797227,2.7755575615628914e-17
v4b_legacy_025c,25.0,105.0,0.859375,0.13497580758047076,0.017754977944593027,-0.0,0.13503217907988405,0.13185721037030934,0.13671854218079166,0.13354357347121695,0.0016863631009076119,0.0
v5c0_corrected_v4b_075c,25.0,105.0,0.859375,0.13666217068137837,0.017754977944593027,-0.0,0.13503217907988405,0.13185721037030934,0.13671854218079166,0.13354357347121695,0.0016863631009076119,0.0
v4b_legacy_025c,25.0,105.0,0.8671875,0.11741514143251319,0.017389842691375952,-0.0,0.11743347988473359,0.11637893025217842,0.11897439599590592,0.11791984636335077,0.0015409161111723385,1.3877787807814457e-17
v5c0_corrected_v4b_075c,25.0,105.0,0.8671875,0.11895605754368554,0.017389842691375952,-0.0,0.11743347988473359,0.11637893025217842,0.11897439599590592,0.11791984636335077,0.0015409161111723385,1.3877787807814457e-17
v4b_legacy_025c,25.0,105.0,0.875,0.09927256308524096,0.016980919836913133,-0.0,0.09925423445499422,0.10033360061553001,0.10063449161924692,0.10171385777978273,0.0013802571642527045,1.3877787807814457e-17
v5c0_corrected_v4b_075c,25.0,105.0,0.875,0.10065282024949367,0.016980919836913133,-0.0,0.09925423445499422,0.10033360061553001,0.10063449161924692,0.10171385777978273,0.0013802571642527045,1.3877787807814457e-17
v4b_legacy_025c,25.0,105.0,0.8828125,0.08083771141872163,0.016528874479603876,-0.0,0.08078497237895844,0.08397569415667298,0.08199204930222155,0.08518277107993609,0.0012070769232631062,0.0
v5c0_corrected_v4b_075c,25.0,105.0,0.8828125,0.08204478834198473,0.016528874479603876,-0.0,0.08078497237895844,0.08397569415667298,0.08199204930222155,0.08518277107993609,0.0012070769232631062,0.0
v4b_legacy_025c,25.0,105.0,0.890625,0.06240274445509586,0.016034536390749435,-0.0,0.062318658545226426,0.06756270850216499,0.06334275513999993,0.06858680509693849,0.0010240965947735034,-6.938893903907228e-18
v5c0_corrected_v4b_075c,25.0,105.0,0.890625,0.06342684104986937,0.016034536390749435,-0.0,0.062318658545226426,0.06756270850216499,0.06334275513999993,0.06858680509693849,0.0010240965947735034,-6.938893903907228e-18
v4b_legacy_025c,25.0,105.0,0.8984375,0.04425470779948912,0.015498905237016915,-0.0,0.044143031210558764,0.05134848135187759,0.04497702584597905,0.052182475987297874,0.0008339946354202835,0.0
v5c0_corrected_v4b_075c,25.0,105.0,0.8984375,0.045088702434909395,0.015498905237016915,-0.0,0.044143031210558764,0.05134848135187759,0.04497702584597905,0.052182475987297874,0.0008339946354202835,0.0
v4b_legacy_025c,25.0,105.0,0.90625,0.02666810142430226,0.014923154136285094,-0.0,0.0265331436343959,0.03557666008365733,0.02717248109428069,0.03621599754354212,0.0006393374598847902,3.469446951953614e-18
v5c0_corrected_v4b_075c,25.0,105.0,0.90625,0.027307438884187046,0.014923154136285094,-0.0,0.0265331436343959,0.03557666008365733,0.02717248109428069,0.03621599754354212,0.0006393374598847902,3.469446951953614e-18
v4b_legacy_025c,25.0,105.0,0.9140625,0.009897933612995999,0.014308631309060477,-0.0,0.009744399431034249,0.020474578904211966,0.010186916573816788,0.020917096046994505,0.0004425171427825392,0.0
v5c0_corrected_v4b_075c,25.0,105.0,0.9140625,0.010340450755778536,0.014308631309060477,-0.0,0.009744399431034249,0.020474578904211966,0.010186916573816788,0.020917096046994505,0.0004425171427825392,0.0
v4b_legacy_025c,25.0,105.0,0.921875,-0.005826459393580847,0.013656859609236271,-0.0,-0.0059936388471309495,0.006247788416061972,-0.005747939872095647,0.006493487391097275,0.0002456989750353024,8.673617379884035e-19
v5c0_corrected_v4b_075c,25.0,105.0,0.921875,-0.005580760418545544,0.013656859609236271,-0.0,-0.0059936388471309495,0.006247788416061972,-0.005747939872095647,0.006493487391097275,0.0002456989750353024,8.673617379884035e-19
v4b_legacy_025c,25.0,105.0,0.9296875,-0.02030658719046451,0.012969533750937848,-0.0,-0.02048242652860914,-0.006924549929389571,-0.020431645104488506,-0.006873768505268936,5.078142412063419e-05,8.673617379884035e-19
v5c0_corrected_v4b_075c,25.0,105.0,0.9296875,-0.020255805766343876,0.012969533750937848,-0.0,-0.02048242652860914,-0.006924549929389571,-0.020431645104488506,-0.006873768505268936,5.078142412063419e-05,8.673617379884035e-19
v4b_legacy_025c,25.0,105.0,0.9375,-0.03337877539780061,0.012248515093443992,-0.0,-0.03355840197733632,-0.018893230063407877,-0.03369903143132601,-0.01903385951739757,-0.00014062945398968935,-3.469446951953614e-18
v5c0_corrected_v4b_075c,25.0,105.0,0.9375,-0.03351940485179031,0.012248515093443992,-0.0,-0.03355840197733632,-0.018893230063407877,-0.03369903143132601,-0.01903385951739757,-0.00014062945398968935,-3.469446951953614e-18
v4b_legacy_025c,25.0,105.0,0.9453125,-0.04491678975883776,0.011495823903881507,-0.0,-0.04509559807026183,-0.02954140091839948,-0.045422827861695415,-0.02986863070983306,-0.00032722979143358366,3.469446951953614e-18
v5c0_corrected_v4b_075c,25.0,105.0,0.9453125,-0.04524401955027135,0.011495823903881507,-0.0,-0.04509559807026183,-0.02954140091839948,-0.045422827861695415,-0.02986863070983306,-0.00032722979143358366,3.469446951953614e-18
v4b_legacy_025c,25.0,105.0,0.953125,-0.054833035607994206,0.010713629086813201,-0.0,-0.05500682239780999,-0.03878572790148367,-0.05551483376268445,-0.039293739266358124,-0.0005080113648744597,6.938893903907228e-18
v5c0_corrected_v4b_075c,25.0,105.0,0.953125,-0.055341046972868665,0.010713629086813201,-0.0,-0.05500682239780999,-0.03878572790148367,-0.05551483376268445,-0.039293739266358124,-0.0005080113648744597,6.938893903907228e-18
v4b_legacy_025c,25.0,105.0,0.9609375,-0.06307832231710617,0.00990423544910188,0.0,-0.06324339713078246,-0.04657630409522064,-0.06392563632208313,-0.047258543286521314,-0.0006822391913006709,0.0
v5c0_corrected_v4b_075c,25.0,105.0,0.9609375,-0.06376056150840684,0.00990423544910188,0.0,-0.06324339713078246,-0.04657630409522064,-0.06392563632208313,-0.047258543286521314,-0.0006822391913006709,0.0
v4b_legacy_025c,25.0,105.0,0.96875,-0.06964025170800804,0.009070068654439599,0.0,-0.06979351917483397,-0.05289535967182947,-0.0706429339156043,-0.053744774412599804,-0.0008494147407703406,6.938893903907228e-18
v5c0_corrected_v4b_075c,25.0,105.0,0.96875,-0.07048966644877838,0.009070068654439599,0.0,-0.06979351917483397,-0.05289535967182947,-0.0706429339156043,-0.053744774412599804,-0.0008494147407703406,6.938893903907228e-18
v4b_legacy_025c,25.0,105.0,0.9765625,-0.07454035172703155,0.00821365811040872,0.0,-0.07467936371140278,-0.05775487251605315,-0.07568859093763217,-0.05876409974228253,-0.0010092272262293839,6.938893903907228e-18
v5c0_corrected_v4b_075c,25.0,105.0,0.9765625,-0.07554957895326093,0.00821365811040872,0.0,-0.07467936371140278,-0.05775487251605315,-0.07568859093763217,-0.05876409974228253,-0.0010092272262293839,6.938893903907228e-18
v4b_legacy_025c,25.0,105.0,0.984375,-0.07783013565642413,0.007337618116653152,0.0,-0.07795311324423923,-0.06119323478504376,-0.07911460952794196,-0.06235473106874648,-0.001161496283702726,6.938893903907228e-18
v5c0_corrected_v4b_075c,25.0,105.0,0.984375,-0.07899163194012687,0.007337618116653152,0.0,-0.07795311324423923,-0.06119323478504376,-0.07911460952794196,-0.06235473106874648,-0.001161496283702726,6.938893903907228e-18
v4b_legacy_025c,25.0,105.0,0.9921875,-0.07958631269849843,0.00644462767988663,0.0,-0.07969213973300714,-0.06327117024255888,-0.0809982497222741,-0.06457728023182585,-0.0013061099892669598,-1.3877787807814457e-17
v5c0_corrected_v4b_075c,25.0,105.0,0.9921875,-0.08089242268776538,0.00644462767988663,0.0,-0.07969213973300714,-0.06327117024255888,-0.0809982497222741,-0.06457728023182585,-0.0013061099892669598,-1.3877787807814457e-17
