aoa_deg,model,model_label,phase,lift_n,drag_n,thrust_n,CL,CD,CT
0.0,fluxv_uvpm,FluxV current load channel,0.0,-0.5707877184583913,-0.11935693310819469,0.11935693310819469,-0.9440407998112726,-0.19740756668487175,0.19740756668487175
0.0,fluxv_uvpm,FluxV current load channel,0.0078125,-0.5658963507615268,-0.12002221138138354,0.12002221138138354,-0.9359508383012554,-0.19850788789503115,0.19850788789503115
0.0,fluxv_uvpm,FluxV current load channel,0.015625,-0.5596208796722207,-0.12031374509586336,0.12031374509586336,-0.9255716718357581,-0.19899006316280463,0.19899006316280463
0.0,fluxv_uvpm,FluxV current load channel,0.0234375,-0.5519841881367977,-0.12022732576246557,0.12022732576246557,-0.9129411471207484,-0.1988471319574165,0.1988471319574165
0.0,fluxv_uvpm,FluxV current load channel,0.03125,-0.5430107485531005,-0.11975876545520985,0.11975876545520985,-0.8980997396978079,-0.19807216775808822,0.19807216775808822
0.0,fluxv_uvpm,FluxV current load channel,0.0390625,-0.5325182375482965,-0.11883820900937314,0.11883820900937314,-0.8807459001517214,-0.19654963527307567,0.19654963527307567
0.0,fluxv_uvpm,FluxV current load channel,0.046875,-0.5204984119045553,-0.11743635205926875,0.11743635205926875,-0.8608659948080034,-0.19423106724226402,0.19423106724226402
0.0,fluxv_uvpm,FluxV current load channel,0.0546875,-0.5072790495390542,-0.11563620364530236,0.11563620364530236,-0.8390021441732558,-0.1912537544978874,0.1912537544978874
0.0,fluxv_uvpm,FluxV current load channel,0.0625,-0.49290025586189046,-0.11343524190848822,0.11343524190848822,-0.8152206796386428,-0.18761352607113035,0.18761352607113035
0.0,fluxv_uvpm,FluxV current load channel,0.0703125,-0.4774038219149021,-0.11083139279665478,0.11083139279665478,-0.7895907205059396,-0.18330695163262956,0.18330695163262956
0.0,fluxv_uvpm,FluxV current load channel,0.078125,-0.4605119559003532,-0.10768930053443806,0.10768930053443806,-0.7616528196244193,-0.17811016271026925,0.17811016271026925
0.0,fluxv_uvpm,FluxV current load channel,0.0859375,-0.44260264908566405,-0.1041245997296865,0.1041245997296865,-0.7320321466795492,-0.17221441041921698,0.17221441041921698
0.0,fluxv_uvpm,FluxV current load channel,0.09375,-0.42378939943706856,-0.10016561492471909,0.10016561492471909,-0.7009164189388096,-0.16566654146398374,0.16566654146398374
0.0,fluxv_uvpm,FluxV current load channel,0.1015625,-0.40412907772641066,-0.09582006625140374,0.09582006625140374,-0.6683996964655152,-0.15847932437344206,0.15847932437344206
0.0,fluxv_uvpm,FluxV current load channel,0.109375,-0.38360526597037886,-0.09105851967900544,0.09105851967900544,-0.6344548251258341,-0.15060407743104803,0.15060407743104803
0.0,fluxv_uvpm,FluxV current load channel,0.1171875,-0.3622203136753215,-0.08585265087658338,0.08585265087658338,-0.5990856908300274,-0.1419939542818946,0.1419939542818946
0.0,fluxv_uvpm,FluxV current load channel,0.125,-0.3402581255226956,-0.08033337383798862,0.08033337383798862,-0.5627618509877692,-0.13286547701898582,0.13286547701898582
0.0,fluxv_uvpm,FluxV current load channel,0.1328125,-0.3177874009468283,-0.07453119705425368,0.07453119705425368,-0.5255969293979452,-0.1232691044369734,0.1232691044369734
0.0,fluxv_uvpm,FluxV current load channel,0.140625,-0.2948776457103344,-0.06847984410725223,0.06847984410725223,-0.48770588346697585,-0.11326061285369841,0.11326061285369841
0.0,fluxv_uvpm,FluxV current load channel,0.1484375,-0.27153871070655783,-0.06218682091959081,0.06218682091959081,-0.4491050058461048,-0.1028524165117096,0.1028524165117096
0.0,fluxv_uvpm,FluxV current load channel,0.15625,-0.24795618656708107,-0.05577578151910654,0.05577578151910654,-0.41010124975561146,-0.09224903005553106,0.09224903005553106
0.0,fluxv_uvpm,FluxV current load channel,0.1640625,-0.22423709770456296,-0.04932864329218365,0.04932864329218365,-0.37087162568268467,-0.08158593880213753,0.08158593880213753
0.0,fluxv_uvpm,FluxV current load channel,0.171875,-0.2004495599131988,-0.042908448872774674,0.042908448872774674,-0.33152879212846675,-0.07096741061969462,0.07096741061969462
0.0,fluxv_uvpm,FluxV current load channel,0.1796875,-0.17666644892559796,-0.03659285353994314,0.03659285353994314,-0.29219328018126695,-0.06052188161393125,0.06052188161393125
0.0,fluxv_uvpm,FluxV current load channel,0.1875,-0.15302198746020468,-0.03056192568442428,0.03056192568442428,-0.2530870843206007,-0.050547171625942716,0.050547171625942716
0.0,fluxv_uvpm,FluxV current load channel,0.1953125,-0.12956357225453585,-0.024852095324116266,0.024852095324116266,-0.21428859525556507,-0.04110353321919798,0.04110353321919798
0.0,fluxv_uvpm,FluxV current load channel,0.203125,-0.10633528038875684,-0.01952844294939835,0.01952844294939835,-0.17587071322676978,-0.032298604726132926,0.032298604726132926
0.0,fluxv_uvpm,FluxV current load channel,0.2109375,-0.08337718069190254,-0.014652948509323548,0.014652948509323548,-0.13789970912299948,-0.024234896412445462,0.024234896412445462
0.0,fluxv_uvpm,FluxV current load channel,0.21875,-0.06080229168764862,-0.010416740620733406,0.010416740620733406,-0.10056250724909452,-0.017228520917694893,0.017228520917694893
0.0,fluxv_uvpm,FluxV current load channel,0.2265625,-0.03863085007653616,-0.006869482146282656,0.006869482146282656,-0.06389257761561498,-0.011361616954865645,0.011361616954865645
0.0,fluxv_uvpm,FluxV current load channel,0.234375,-0.01681537931786545,-0.003944504570320665,0.003944504570320665,-0.02781139752488355,-0.006523919714814595,0.006523919714814595
0.0,fluxv_uvpm,FluxV current load channel,0.2421875,0.004642773839539589,-0.0016558749663815127,0.0016558749663815127,0.007678805599846333,-0.002738695099944098,0.002738695099944098
0.0,fluxv_uvpm,FluxV current load channel,0.25,0.025746054170504885,-1.1442363427145415e-05,1.1442363427145415e-05,0.04258207523587347,-1.8924825416125434e-05,1.8924825416125434e-05
0.0,fluxv_uvpm,FluxV current load channel,0.2578125,0.04638083830036718,0.0007569786153798795,-0.0007569786153798795,0.07671048669942215,0.0012519868147011378,-0.0012519868147011378
0.0,fluxv_uvpm,FluxV current load channel,0.265625,0.06670463207877939,0.0009303018965017009,-0.0009303018965017009,0.11032454305226616,0.0015386507418404286,-0.0015386507418404286
0.0,fluxv_uvpm,FluxV current load channel,0.2734375,0.08673631269817247,0.000540354929325455,-0.000540354929325455,0.14345546577879353,0.0008937072105197236,-0.0008937072105197236
0.0,fluxv_uvpm,FluxV current load channel,0.28125,0.10649536998646163,-0.0003787715824796836,0.0003787715824796836,0.17613548961731104,-0.0006264602690395275,0.0006264602690395275
0.0,fluxv_uvpm,FluxV current load channel,0.2890625,0.12596689808726946,-0.0018587736680341258,0.0018587736680341258,0.20833996138044042,-0.003074274591924293,0.003074274591924293
0.0,fluxv_uvpm,FluxV current load channel,0.296875,0.14517817031096406,-0.003845038026064197,0.003845038026064197,0.24011398911255744,-0.006359409384690551,0.006359409384690551
0.0,fluxv_uvpm,FluxV current load channel,0.3046875,0.16420187613773915,-0.006190644709629724,0.006190644709629724,0.27157779585420916,-0.010238869888109365,0.010238869888109365
0.0,fluxv_uvpm,FluxV current load channel,0.3125,0.18305450978015955,-0.008857234733107466,0.008857234733107466,0.3027586618167918,-0.014649213168325188,0.014649213168325188
0.0,fluxv_uvpm,FluxV current load channel,0.3203125,0.2017514917479536,-0.011807511716941459,0.011807511716941459,0.3336820913863786,-0.01952875376356745,0.01952875376356745
0.0,fluxv_uvpm,FluxV current load channel,0.328125,0.22026689831634136,-0.01506654849143783,0.01506654849143783,0.36430520863364624,-0.024918960286439903,0.024918960286439903
0.0,fluxv_uvpm,FluxV current load channel,0.3359375,0.23865422520807003,-0.0185198362721454,0.0185198362721454,0.3947164915395594,-0.030630443650662493,0.030630443650662493
0.0,fluxv_uvpm,FluxV current load channel,0.34375,0.25692607959786506,-0.022130704993717307,0.022130704993717307,0.4249367914415354,-0.03660255427198579,0.03660255427198579
0.0,fluxv_uvpm,FluxV current load channel,0.3515625,0.2750861223000962,-0.02587698478148888,0.02587698478148888,0.45497216305661486,-0.04279862481239019,0.04279862481239019
0.0,fluxv_uvpm,FluxV current load channel,0.359375,0.2931240321678296,-0.029747875256707967,0.029747875256707967,0.4848055359687898,-0.04920079224177585,0.04920079224177585
0.0,fluxv_uvpm,FluxV current load channel,0.3671875,0.31101668849075426,-0.03372940792022323,0.03372940792022323,0.5143986702279905,-0.05578595369250117,0.05578595369250117
0.0,fluxv_uvpm,FluxV current load channel,0.375,0.32878635536508144,-0.037779801982700784,0.037779801982700784,0.5437883890077273,-0.06248500681967682,0.06248500681967682
0.0,fluxv_uvpm,FluxV current load channel,0.3828125,0.34642303001970576,-0.04188911723206493,0.04188911723206493,0.5729581484621372,-0.0692815112454622,0.0692815112454622
0.0,fluxv_uvpm,FluxV current load channel,0.390625,0.36391503835033273,-0.046048287188236725,0.046048287188236725,0.6018886404834968,-0.07616047168031545,0.07616047168031545
0.0,fluxv_uvpm,FluxV current load channel,0.3984375,0.3811932108881865,-0.05025743924056317,0.05025743924056317,0.6304654638705993,-0.0831220988168236,0.0831220988168236
0.0,fluxv_uvpm,FluxV current load channel,0.40625,0.3982475038925474,-0.05449916187356648,0.05449916187356648,0.6586720070168607,-0.09013759529220884,0.09013759529220884
0.0,fluxv_uvpm,FluxV current load channel,0.4140625,0.41506878869001823,-0.05876401800611326,0.05876401800611326,0.6864931717695762,-0.09719135287011119,0.09719135287011119
0.0,fluxv_uvpm,FluxV current load channel,0.421875,0.4316269289771445,-0.06304686815279666,0.06304686815279666,0.7138791149049056,-0.10427487122062307,0.10427487122062307
0.0,fluxv_uvpm,FluxV current load channel,0.4296875,0.4478692749528187,-0.06734287992376747,0.06734287992376747,0.7407427575339028,-0.11138015792724582,0.11138015792724582
0.0,fluxv_uvpm,FluxV current load channel,0.4375,0.46362556097960234,-0.07164359827472735,0.07164359827472735,0.766802492846628,-0.11849322897013502,0.11849322897013502
0.0,fluxv_uvpm,FluxV current load channel,0.4453125,0.4789440631690261,-0.07593795122680466,0.07593795122680466,0.7921381659719575,-0.1255957721126194,0.1255957721126194
0.0,fluxv_uvpm,FluxV current load channel,0.453125,0.49377025093159566,-0.08021820897476413,0.08021820897476413,0.8166595873356314,-0.1326750028267901,0.1326750028267901
0.0,fluxv_uvpm,FluxV current load channel,0.4609375,0.5080466642031366,-0.08447597361989269,0.08447597361989269,0.8402717222282714,-0.13971703160738716,0.13971703160738716
0.0,fluxv_uvpm,FluxV current load channel,0.46875,0.5215455178706643,-0.08868987064475596,0.08868987064475596,0.8625978308685314,-0.14668650657860496,0.14668650657860496
0.0,fluxv_uvpm,FluxV current load channel,0.4765625,0.5341656097282114,-0.0928384480288881,0.0928384480288881,0.8834705322697949,-0.15354794768033841,0.15354794768033841
0.0,fluxv_uvpm,FluxV current load channel,0.484375,0.5459313416553692,-0.0969116803634701,0.0969116803634701,0.9029301853416554,-0.16028477362561536,0.16028477362561536
0.0,fluxv_uvpm,FluxV current load channel,0.4921875,0.5567585895079314,-0.10089221632219866,0.10089221632219866,0.9208376549524138,-0.1668682866001146,0.1668682866001146
0.0,fluxv_uvpm,FluxV current load channel,0.5,0.5665605659874593,-0.10476148033707598,0.10476148033707598,0.9370494013096355,-0.17326776398402058,0.17326776398402058
0.0,fluxv_uvpm,FluxV current load channel,0.5078125,0.5747271027935801,-0.10842546516346074,0.10842546516346074,0.9505562510347151,-0.17932772472623612,0.17932772472623612
0.0,fluxv_uvpm,FluxV current load channel,0.515625,0.5815563149063796,-0.11189851301518476,0.11189851301518476,0.9618512643234742,-0.18507188979092887,0.18507188979092887
0.0,fluxv_uvpm,FluxV current load channel,0.5234375,0.5869481824766228,-0.11515007230418783,0.11515007230418783,0.9707690157201522,-0.19044972910414107,0.19044972910414107
0.0,fluxv_uvpm,FluxV current load channel,0.53125,0.5908028999918269,-0.11814808402787552,0.11814808402787552,0.9771444342661716,-0.19540821943942324,0.19540821943942324
0.0,fluxv_uvpm,FluxV current load channel,0.5390625,0.592716636662966,-0.12079877050343958,0.12079877050343958,0.980309613612584,-0.19979225942402362,0.19979225942402362
0.0,fluxv_uvpm,FluxV current load channel,0.546875,0.5924065876253315,-0.12300855314820293,0.12300855314820293,0.9797968153655233,-0.20344707698212694,0.20344707698212694
0.0,fluxv_uvpm,FluxV current load channel,0.5546875,0.5901589485931228,-0.12480078618275989,0.12480078618275989,0.976079386133892,-0.20641129827259375,0.20641129827259375
0.0,fluxv_uvpm,FluxV current load channel,0.5625,0.5858968396734614,-0.1261323426508718,0.1261323426508718,0.9690301722435388,-0.20861359448973263,0.20861359448973263
0.0,fluxv_uvpm,FluxV current load channel,0.5703125,0.5795487219574257,-0.12695951326283814,0.12695951326283814,0.9585308536139644,-0.20998167369124404,0.20998167369124404
0.0,fluxv_uvpm,FluxV current load channel,0.578125,0.5703065767681965,-0.1270234319572494,0.1270234319572494,0.9432450269322401,-0.21008739049881286,0.21008739049881286
0.0,fluxv_uvpm,FluxV current load channel,0.5859375,0.5587197172998979,-0.1264103277069436,0.1264103277069436,0.9240812157183329,-0.20907336127549736,0.20907336127549736
0.0,fluxv_uvpm,FluxV current load channel,0.59375,0.5449085368708082,-0.12511507037574143,0.12511507037574143,0.9012385416435822,-0.206931101154323,0.206931101154323
0.0,fluxv_uvpm,FluxV current load channel,0.6015625,0.5288847700932228,-0.12310402764689228,0.12310402764689228,0.8747364128914833,-0.20360498476323285,0.20360498476323285
0.0,fluxv_uvpm,FluxV current load channel,0.609375,0.5104408257031978,-0.12025938756067373,0.12025938756067373,0.8442314888180283,-0.19890015980760492,0.19890015980760492
0.0,fluxv_uvpm,FluxV current load channel,0.6171875,0.48934545165064425,-0.11642042234318238,0.11642042234318238,0.8093412955835319,-0.1925507944005208,0.1925507944005208
0.0,fluxv_uvpm,FluxV current load channel,0.625,0.46631583861721027,-0.11180189307268999,0.11180189307268999,0.7712520136940303,-0.18491208753022706,0.18491208753022706
0.0,fluxv_uvpm,FluxV current load channel,0.6328125,0.4414742904191945,-0.10641910789080404,0.10641910789080404,0.7301659246437198,-0.1760093577342104,0.1760093577342104
0.0,fluxv_uvpm,FluxV current load channel,0.640625,0.41495348168554924,-0.10029515001487925,0.10029515001487925,0.6863024624862427,-0.1658807829519553,0.1658807829519553
0.0,fluxv_uvpm,FluxV current load channel,0.6484375,0.3865728659837895,-0.09330183220109123,0.09330183220109123,0.639363016734698,-0.15431435093394733,0.15431435093394733
0.0,fluxv_uvpm,FluxV current load channel,0.65625,0.3568873864949797,-0.0856730717623227,0.0856730717623227,0.5902654224923299,-0.14169694366801183,0.14169694366801183
0.0,fluxv_uvpm,FluxV current load channel,0.6640625,0.3262402218353414,-0.07757927664078763,0.07757927664078763,0.5395772718864024,-0.1283104033256945,0.1283104033256945
0.0,fluxv_uvpm,FluxV current load channel,0.671875,0.2948099894159498,-0.06912254369594614,0.06912254369594614,0.48759398494463974,-0.11432359058452218,0.11432359058452218
0.0,fluxv_uvpm,FluxV current load channel,0.6796875,0.2627575678481994,-0.060411477875338085,0.060411477875338085,0.43458164302804864,-0.09991613001983775,0.09991613001983775
0.0,fluxv_uvpm,FluxV current load channel,0.6875,0.23027863991683054,-0.05165831672785747,0.05165831672785747,0.38086389103409557,-0.08543904688836718,0.08543904688836718
0.0,fluxv_uvpm,FluxV current load channel,0.6953125,0.1977011537741137,-0.04308457267676702,0.04308457267676702,0.32698313102567406,-0.07125870640516772,0.07125870640516772
0.0,fluxv_uvpm,FluxV current load channel,0.703125,0.16514324053787857,-0.03482626591577559,0.03482626591577559,0.2731347431613826,-0.05760007594130727,0.05760007594130727
0.0,fluxv_uvpm,FluxV current load channel,0.7109375,0.13271230847227608,-0.027016594845340546,0.027016594845340546,0.21949637279047518,-0.044683455829878045,0.044683455829878045
0.0,fluxv_uvpm,FluxV current load channel,0.71875,0.10057907757303261,-0.01996493535461384,0.01996493535461384,0.16635037819799792,-0.033020530979984544,0.033020530979984544
0.0,fluxv_uvpm,FluxV current load channel,0.7265625,0.06883774846905306,-0.013840715259667645,0.013840715259667645,0.11385256027836087,-0.022891522506802528,0.022891522506802528
0.0,fluxv_uvpm,FluxV current load channel,0.734375,0.03747248293106648,-0.008614350874263226,0.008614350874263226,0.06197672376816747,-0.014247501174619636,0.014247501174619636
0.0,fluxv_uvpm,FluxV current load channel,0.7421875,0.006503042989112253,-0.004347530347692457,0.004347530347692457,0.01075555360796738,-0.007190494633844429,0.007190494633844429
0.0,fluxv_uvpm,FluxV current load channel,0.75,-0.02405754225475955,-0.0010909887628765876,0.0010909887628765876,-0.039789401028137716,-0.0018044149707229624,0.0018044149707229624
0.0,fluxv_uvpm,FluxV current load channel,0.7578125,-0.05404594896630429,0.0007180373348622587,-0.0007180373348622587,-0.08938801456084317,0.0011875808080252781,-0.0011875808080252781
0.0,fluxv_uvpm,FluxV current load channel,0.765625,-0.08362497653615275,0.001501048762053399,-0.001501048762053399,-0.13830954517838567,0.002482623973956283,-0.002482623973956283
0.0,fluxv_uvpm,FluxV current load channel,0.7734375,-0.11279205032613124,0.001293258821412858,-0.001293258821412858,-0.1865497346190646,0.0021389547333411614,-0.0021389547333411614
0.0,fluxv_uvpm,FluxV current load channel,0.78125,-0.14154258742248388,0.00013706303190927615,-0.00013706303190927615,-0.23410100308144471,0.00022669214855859483,-0.00022669214855859483
0.0,fluxv_uvpm,FluxV current load channel,0.7890625,-0.16979514163672096,-0.0020439924457192012,0.0020439924457192012,-0.2808286445751255,-0.0033806127932754686,0.0033806127932754686
0.0,fluxv_uvpm,FluxV current load channel,0.796875,-0.19749698434648708,-0.0051616479171323676,0.0051616479171323676,-0.3266454498466287,-0.008536985065471486,0.008536985065471486
0.0,fluxv_uvpm,FluxV current load channel,0.8046875,-0.22471684591518093,-0.008941865999059724,0.008941865999059724,-0.3716650938492441,-0.014789187041999968,0.014789187041999968
0.0,fluxv_uvpm,FluxV current load channel,0.8125,-0.2514250758387973,-0.013306861861971414,0.013306861861971414,-0.41583853683560046,-0.02200856835021296,0.02200856835021296
0.0,fluxv_uvpm,FluxV current load channel,0.8203125,-0.2775888689953527,-0.018178355378346216,0.018178355378346216,-0.4591115215527931,-0.03006565943110513,0.03006565943110513
0.0,fluxv_uvpm,FluxV current load channel,0.828125,-0.3029453336383918,-0.023566836352118037,0.023566836352118037,-0.5010492444362715,-0.03897780964692691,0.03897780964692691
0.0,fluxv_uvpm,FluxV current load channel,0.8359375,-0.3275840002756447,-0.02923992235813072,0.02923992235813072,-0.5417997823443698,-0.04836067560097908,0.04836067560097908
0.0,fluxv_uvpm,FluxV current load channel,0.84375,-0.35148837950785916,-0.03511108406773403,0.03511108406773403,-0.5813358630265555,-0.05807114416383633,0.05807114416383633
0.0,fluxv_uvpm,FluxV current load channel,0.8515625,-0.37460770722367237,-0.041118187835291635,0.041118187835291635,-0.619573526385681,-0.06800645086698465,0.06800645086698465
0.0,fluxv_uvpm,FluxV current load channel,0.859375,-0.396786491059726,-0.047200191303577,0.047200191303577,-0.6562555995178408,-0.07806563615247464,0.07806563615247464
0.0,fluxv_uvpm,FluxV current load channel,0.8671875,-0.4177742553922736,-0.05326359313944449,0.05326359313944449,-0.6909678142099533,-0.08809405570952009,0.08809405570952009
0.0,fluxv_uvpm,FluxV current load channel,0.875,-0.43775568097953854,-0.0592507616047944,0.0592507616047944,-0.7240156188188503,-0.09799639089272846,0.09799639089272846
0.0,fluxv_uvpm,FluxV current load channel,0.8828125,-0.45668188887223,-0.0651251409309327,0.0651251409309327,-0.7553181711664502,-0.10771218115608654,0.10771218115608654
0.0,fluxv_uvpm,FluxV current load channel,0.890625,-0.47450515663024023,-0.07085263839918853,0.07085263839918853,-0.7847965418555858,-0.11718503965670862,0.11718503965670862
0.0,fluxv_uvpm,FluxV current load channel,0.8984375,-0.4908360763056758,-0.07633882366381047,0.07633882366381047,-0.8118066788530861,-0.12625878556545853,0.12625878556545853
0.0,fluxv_uvpm,FluxV current load channel,0.90625,-0.5057961636804633,-0.08157282658676385,0.08157282658676385,-0.8365495603024011,-0.1349154404755267,0.1349154404755267
0.0,fluxv_uvpm,FluxV current load channel,0.9140625,-0.519480851420895,-0.08655790385529932,0.08655790385529932,-0.8591830247969361,-0.14316039070749687,0.14316039070749687
0.0,fluxv_uvpm,FluxV current load channel,0.921875,-0.5318577804128104,-0.09127759012414338,0.09127759012414338,-0.87965355274784,-0.150966403794344,0.150966403794344
0.0,fluxv_uvpm,FluxV current load channel,0.9296875,-0.5428198025407874,-0.0957002133007876,0.0957002133007876,-0.8977839290726745,-0.15828109643037244,0.15828109643037244
0.0,fluxv_uvpm,FluxV current load channel,0.9375,-0.5519411582972937,-0.09972232386505271,0.09972232386505271,-0.9128699789389753,-0.16493337073696301,0.16493337073696301
0.0,fluxv_uvpm,FluxV current load channel,0.9453125,-0.5596527725656546,-0.10342991665128498,0.10342991665128498,-0.9256244203299039,-0.17106545582937266,0.17106545582937266
0.0,fluxv_uvpm,FluxV current load channel,0.953125,-0.5659407570151082,-0.10681551215349074,0.10681551215349074,-0.9360242829704237,-0.1766649811561825,0.1766649811561825
0.0,fluxv_uvpm,FluxV current load channel,0.9609375,-0.5707932113861841,-0.10987215688123304,0.10987215688123304,-0.9440498847088259,-0.18172044615691924,0.18172044615691924
0.0,fluxv_uvpm,FluxV current load channel,0.96875,-0.5738778943123534,-0.11251675909966306,0.11251675909966306,-0.9491517228223895,-0.18609442322883715,0.18609442322883715
0.0,fluxv_uvpm,FluxV current load channel,0.9765625,-0.5752702143079645,-0.11475830250770484,0.11475830250770484,-0.951454517433668,-0.18980177074755167,0.18980177074755167
0.0,fluxv_uvpm,FluxV current load channel,0.984375,-0.575215288954397,-0.11664855964565701,0.11664855964565701,-0.9513636749487389,-0.19292811667731508,0.19292811667731508
0.0,fluxv_uvpm,FluxV current load channel,0.9921875,-0.5737187009683486,-0.11818296096652653,0.11818296096652653,-0.9488884287693836,-0.1954659033243323,0.1954659033243323
0.0,ptera_prescribed_wake_uvlm,Ptera prescribed-wake control,0.0,-0.5707877184583913,-0.11935693310819469,0.11935693310819469,-0.9440407998112726,-0.19740756668487175,0.19740756668487175
0.0,ptera_prescribed_wake_uvlm,Ptera prescribed-wake control,0.0078125,-0.5658963507615268,-0.12002221138138354,0.12002221138138354,-0.9359508383012554,-0.19850788789503115,0.19850788789503115
0.0,ptera_prescribed_wake_uvlm,Ptera prescribed-wake control,0.015625,-0.5596208796722207,-0.12031374509586336,0.12031374509586336,-0.9255716718357581,-0.19899006316280463,0.19899006316280463
0.0,ptera_prescribed_wake_uvlm,Ptera prescribed-wake control,0.0234375,-0.5519841881367977,-0.12022732576246557,0.12022732576246557,-0.9129411471207484,-0.1988471319574165,0.1988471319574165
0.0,ptera_prescribed_wake_uvlm,Ptera prescribed-wake control,0.03125,-0.5430107485531005,-0.11975876545520985,0.11975876545520985,-0.8980997396978079,-0.19807216775808822,0.19807216775808822
0.0,ptera_prescribed_wake_uvlm,Ptera prescribed-wake control,0.0390625,-0.5325182375482965,-0.11883820900937314,0.11883820900937314,-0.8807459001517214,-0.19654963527307567,0.19654963527307567
0.0,ptera_prescribed_wake_uvlm,Ptera prescribed-wake control,0.046875,-0.5204984119045553,-0.11743635205926875,0.11743635205926875,-0.8608659948080034,-0.19423106724226402,0.19423106724226402
0.0,ptera_prescribed_wake_uvlm,Ptera prescribed-wake control,0.0546875,-0.5072790495390542,-0.11563620364530236,0.11563620364530236,-0.8390021441732558,-0.1912537544978874,0.1912537544978874
0.0,ptera_prescribed_wake_uvlm,Ptera prescribed-wake control,0.0625,-0.49290025586189046,-0.11343524190848822,0.11343524190848822,-0.8152206796386428,-0.18761352607113035,0.18761352607113035
0.0,ptera_prescribed_wake_uvlm,Ptera prescribed-wake control,0.0703125,-0.4774038219149021,-0.11083139279665478,0.11083139279665478,-0.7895907205059396,-0.18330695163262956,0.18330695163262956
0.0,ptera_prescribed_wake_uvlm,Ptera prescribed-wake control,0.078125,-0.4605119559003532,-0.10768930053443806,0.10768930053443806,-0.7616528196244193,-0.17811016271026925,0.17811016271026925
0.0,ptera_prescribed_wake_uvlm,Ptera prescribed-wake control,0.0859375,-0.44260264908566405,-0.1041245997296865,0.1041245997296865,-0.7320321466795492,-0.17221441041921698,0.17221441041921698
0.0,ptera_prescribed_wake_uvlm,Ptera prescribed-wake control,0.09375,-0.42378939943706856,-0.10016561492471909,0.10016561492471909,-0.7009164189388096,-0.16566654146398374,0.16566654146398374
0.0,ptera_prescribed_wake_uvlm,Ptera prescribed-wake control,0.1015625,-0.40412907772641066,-0.09582006625140374,0.09582006625140374,-0.6683996964655152,-0.15847932437344206,0.15847932437344206
0.0,ptera_prescribed_wake_uvlm,Ptera prescribed-wake control,0.109375,-0.38360526597037886,-0.09105851967900544,0.09105851967900544,-0.6344548251258341,-0.15060407743104803,0.15060407743104803
0.0,ptera_prescribed_wake_uvlm,Ptera prescribed-wake control,0.1171875,-0.3622203136753215,-0.08585265087658338,0.08585265087658338,-0.5990856908300274,-0.1419939542818946,0.1419939542818946
0.0,ptera_prescribed_wake_uvlm,Ptera prescribed-wake control,0.125,-0.3402581255226956,-0.08033337383798862,0.08033337383798862,-0.5627618509877692,-0.13286547701898582,0.13286547701898582
0.0,ptera_prescribed_wake_uvlm,Ptera prescribed-wake control,0.1328125,-0.3177874009468283,-0.07453119705425368,0.07453119705425368,-0.5255969293979452,-0.1232691044369734,0.1232691044369734
0.0,ptera_prescribed_wake_uvlm,Ptera prescribed-wake control,0.140625,-0.2948776457103344,-0.06847984410725223,0.06847984410725223,-0.48770588346697585,-0.11326061285369841,0.11326061285369841
0.0,ptera_prescribed_wake_uvlm,Ptera prescribed-wake control,0.1484375,-0.27153871070655783,-0.06218682091959081,0.06218682091959081,-0.4491050058461048,-0.1028524165117096,0.1028524165117096
0.0,ptera_prescribed_wake_uvlm,Ptera prescribed-wake control,0.15625,-0.24795618656708107,-0.05577578151910654,0.05577578151910654,-0.41010124975561146,-0.09224903005553106,0.09224903005553106
0.0,ptera_prescribed_wake_uvlm,Ptera prescribed-wake control,0.1640625,-0.22423709770456296,-0.04932864329218365,0.04932864329218365,-0.37087162568268467,-0.08158593880213753,0.08158593880213753
0.0,ptera_prescribed_wake_uvlm,Ptera prescribed-wake control,0.171875,-0.2004495599131988,-0.042908448872774674,0.042908448872774674,-0.33152879212846675,-0.07096741061969462,0.07096741061969462
0.0,ptera_prescribed_wake_uvlm,Ptera prescribed-wake control,0.1796875,-0.17666644892559796,-0.03659285353994314,0.03659285353994314,-0.29219328018126695,-0.06052188161393125,0.06052188161393125
0.0,ptera_prescribed_wake_uvlm,Ptera prescribed-wake control,0.1875,-0.15302198746020468,-0.03056192568442428,0.03056192568442428,-0.2530870843206007,-0.050547171625942716,0.050547171625942716
0.0,ptera_prescribed_wake_uvlm,Ptera prescribed-wake control,0.1953125,-0.12956357225453585,-0.024852095324116266,0.024852095324116266,-0.21428859525556507,-0.04110353321919798,0.04110353321919798
0.0,ptera_prescribed_wake_uvlm,Ptera prescribed-wake control,0.203125,-0.10633528038875684,-0.01952844294939835,0.01952844294939835,-0.17587071322676978,-0.032298604726132926,0.032298604726132926
0.0,ptera_prescribed_wake_uvlm,Ptera prescribed-wake control,0.2109375,-0.08337718069190254,-0.014652948509323548,0.014652948509323548,-0.13789970912299948,-0.024234896412445462,0.024234896412445462
0.0,ptera_prescribed_wake_uvlm,Ptera prescribed-wake control,0.21875,-0.06080229168764862,-0.010416740620733406,0.010416740620733406,-0.10056250724909452,-0.017228520917694893,0.017228520917694893
0.0,ptera_prescribed_wake_uvlm,Ptera prescribed-wake control,0.2265625,-0.03863085007653616,-0.006869482146282656,0.006869482146282656,-0.06389257761561498,-0.011361616954865645,0.011361616954865645
0.0,ptera_prescribed_wake_uvlm,Ptera prescribed-wake control,0.234375,-0.01681537931786545,-0.003944504570320665,0.003944504570320665,-0.02781139752488355,-0.006523919714814595,0.006523919714814595
0.0,ptera_prescribed_wake_uvlm,Ptera prescribed-wake control,0.2421875,0.004642773839539589,-0.0016558749663815127,0.0016558749663815127,0.007678805599846333,-0.002738695099944098,0.002738695099944098
0.0,ptera_prescribed_wake_uvlm,Ptera prescribed-wake control,0.25,0.025746054170504885,-1.1442363427145415e-05,1.1442363427145415e-05,0.04258207523587347,-1.8924825416125434e-05,1.8924825416125434e-05
0.0,ptera_prescribed_wake_uvlm,Ptera prescribed-wake control,0.2578125,0.04638083830036718,0.0007569786153798795,-0.0007569786153798795,0.07671048669942215,0.0012519868147011378,-0.0012519868147011378
0.0,ptera_prescribed_wake_uvlm,Ptera prescribed-wake control,0.265625,0.06670463207877939,0.0009303018965017009,-0.0009303018965017009,0.11032454305226616,0.0015386507418404286,-0.0015386507418404286
0.0,ptera_prescribed_wake_uvlm,Ptera prescribed-wake control,0.2734375,0.08673631269817247,0.000540354929325455,-0.000540354929325455,0.14345546577879353,0.0008937072105197236,-0.0008937072105197236
0.0,ptera_prescribed_wake_uvlm,Ptera prescribed-wake control,0.28125,0.10649536998646163,-0.0003787715824796836,0.0003787715824796836,0.17613548961731104,-0.0006264602690395275,0.0006264602690395275
0.0,ptera_prescribed_wake_uvlm,Ptera prescribed-wake control,0.2890625,0.12596689808726946,-0.0018587736680341258,0.0018587736680341258,0.20833996138044042,-0.003074274591924293,0.003074274591924293
0.0,ptera_prescribed_wake_uvlm,Ptera prescribed-wake control,0.296875,0.14517817031096406,-0.003845038026064197,0.003845038026064197,0.24011398911255744,-0.006359409384690551,0.006359409384690551
0.0,ptera_prescribed_wake_uvlm,Ptera prescribed-wake control,0.3046875,0.16420187613773915,-0.006190644709629724,0.006190644709629724,0.27157779585420916,-0.010238869888109365,0.010238869888109365
0.0,ptera_prescribed_wake_uvlm,Ptera prescribed-wake control,0.3125,0.18305450978015955,-0.008857234733107466,0.008857234733107466,0.3027586618167918,-0.014649213168325188,0.014649213168325188
0.0,ptera_prescribed_wake_uvlm,Ptera prescribed-wake control,0.3203125,0.2017514917479536,-0.011807511716941459,0.011807511716941459,0.3336820913863786,-0.01952875376356745,0.01952875376356745
0.0,ptera_prescribed_wake_uvlm,Ptera prescribed-wake control,0.328125,0.22026689831634136,-0.01506654849143783,0.01506654849143783,0.36430520863364624,-0.024918960286439903,0.024918960286439903
0.0,ptera_prescribed_wake_uvlm,Ptera prescribed-wake control,0.3359375,0.23865422520807003,-0.0185198362721454,0.0185198362721454,0.3947164915395594,-0.030630443650662493,0.030630443650662493
0.0,ptera_prescribed_wake_uvlm,Ptera prescribed-wake control,0.34375,0.25692607959786506,-0.022130704993717307,0.022130704993717307,0.4249367914415354,-0.03660255427198579,0.03660255427198579
0.0,ptera_prescribed_wake_uvlm,Ptera prescribed-wake control,0.3515625,0.2750861223000962,-0.02587698478148888,0.02587698478148888,0.45497216305661486,-0.04279862481239019,0.04279862481239019
0.0,ptera_prescribed_wake_uvlm,Ptera prescribed-wake control,0.359375,0.2931240321678296,-0.029747875256707967,0.029747875256707967,0.4848055359687898,-0.04920079224177585,0.04920079224177585
0.0,ptera_prescribed_wake_uvlm,Ptera prescribed-wake control,0.3671875,0.31101668849075426,-0.03372940792022323,0.03372940792022323,0.5143986702279905,-0.05578595369250117,0.05578595369250117
0.0,ptera_prescribed_wake_uvlm,Ptera prescribed-wake control,0.375,0.32878635536508144,-0.037779801982700784,0.037779801982700784,0.5437883890077273,-0.06248500681967682,0.06248500681967682
0.0,ptera_prescribed_wake_uvlm,Ptera prescribed-wake control,0.3828125,0.34642303001970576,-0.04188911723206493,0.04188911723206493,0.5729581484621372,-0.0692815112454622,0.0692815112454622
0.0,ptera_prescribed_wake_uvlm,Ptera prescribed-wake control,0.390625,0.36391503835033273,-0.046048287188236725,0.046048287188236725,0.6018886404834968,-0.07616047168031545,0.07616047168031545
0.0,ptera_prescribed_wake_uvlm,Ptera prescribed-wake control,0.3984375,0.3811932108881865,-0.05025743924056317,0.05025743924056317,0.6304654638705993,-0.0831220988168236,0.0831220988168236
0.0,ptera_prescribed_wake_uvlm,Ptera prescribed-wake control,0.40625,0.3982475038925474,-0.05449916187356648,0.05449916187356648,0.6586720070168607,-0.09013759529220884,0.09013759529220884
0.0,ptera_prescribed_wake_uvlm,Ptera prescribed-wake control,0.4140625,0.41506878869001823,-0.05876401800611326,0.05876401800611326,0.6864931717695762,-0.09719135287011119,0.09719135287011119
0.0,ptera_prescribed_wake_uvlm,Ptera prescribed-wake control,0.421875,0.4316269289771445,-0.06304686815279666,0.06304686815279666,0.7138791149049056,-0.10427487122062307,0.10427487122062307
0.0,ptera_prescribed_wake_uvlm,Ptera prescribed-wake control,0.4296875,0.4478692749528187,-0.06734287992376747,0.06734287992376747,0.7407427575339028,-0.11138015792724582,0.11138015792724582
0.0,ptera_prescribed_wake_uvlm,Ptera prescribed-wake control,0.4375,0.46362556097960234,-0.07164359827472735,0.07164359827472735,0.766802492846628,-0.11849322897013502,0.11849322897013502
0.0,ptera_prescribed_wake_uvlm,Ptera prescribed-wake control,0.4453125,0.4789440631690261,-0.07593795122680466,0.07593795122680466,0.7921381659719575,-0.1255957721126194,0.1255957721126194
0.0,ptera_prescribed_wake_uvlm,Ptera prescribed-wake control,0.453125,0.49377025093159566,-0.08021820897476413,0.08021820897476413,0.8166595873356314,-0.1326750028267901,0.1326750028267901
0.0,ptera_prescribed_wake_uvlm,Ptera prescribed-wake control,0.4609375,0.5080466642031366,-0.08447597361989269,0.08447597361989269,0.8402717222282714,-0.13971703160738716,0.13971703160738716
0.0,ptera_prescribed_wake_uvlm,Ptera prescribed-wake control,0.46875,0.5215455178706643,-0.08868987064475596,0.08868987064475596,0.8625978308685314,-0.14668650657860496,0.14668650657860496
0.0,ptera_prescribed_wake_uvlm,Ptera prescribed-wake control,0.4765625,0.5341656097282114,-0.0928384480288881,0.0928384480288881,0.8834705322697949,-0.15354794768033841,0.15354794768033841
0.0,ptera_prescribed_wake_uvlm,Ptera prescribed-wake control,0.484375,0.5459313416553692,-0.0969116803634701,0.0969116803634701,0.9029301853416554,-0.16028477362561536,0.16028477362561536
0.0,ptera_prescribed_wake_uvlm,Ptera prescribed-wake control,0.4921875,0.5567585895079314,-0.10089221632219866,0.10089221632219866,0.9208376549524138,-0.1668682866001146,0.1668682866001146
0.0,ptera_prescribed_wake_uvlm,Ptera prescribed-wake control,0.5,0.5665605659874593,-0.10476148033707598,0.10476148033707598,0.9370494013096355,-0.17326776398402058,0.17326776398402058
0.0,ptera_prescribed_wake_uvlm,Ptera prescribed-wake control,0.5078125,0.5747271027935801,-0.10842546516346074,0.10842546516346074,0.9505562510347151,-0.17932772472623612,0.17932772472623612
0.0,ptera_prescribed_wake_uvlm,Ptera prescribed-wake control,0.515625,0.5815563149063796,-0.11189851301518476,0.11189851301518476,0.9618512643234742,-0.18507188979092887,0.18507188979092887
0.0,ptera_prescribed_wake_uvlm,Ptera prescribed-wake control,0.5234375,0.5869481824766228,-0.11515007230418783,0.11515007230418783,0.9707690157201522,-0.19044972910414107,0.19044972910414107
0.0,ptera_prescribed_wake_uvlm,Ptera prescribed-wake control,0.53125,0.5908028999918269,-0.11814808402787552,0.11814808402787552,0.9771444342661716,-0.19540821943942324,0.19540821943942324
0.0,ptera_prescribed_wake_uvlm,Ptera prescribed-wake control,0.5390625,0.592716636662966,-0.12079877050343958,0.12079877050343958,0.980309613612584,-0.19979225942402362,0.19979225942402362
0.0,ptera_prescribed_wake_uvlm,Ptera prescribed-wake control,0.546875,0.5924065876253315,-0.12300855314820293,0.12300855314820293,0.9797968153655233,-0.20344707698212694,0.20344707698212694
0.0,ptera_prescribed_wake_uvlm,Ptera prescribed-wake control,0.5546875,0.5901589485931228,-0.12480078618275989,0.12480078618275989,0.976079386133892,-0.20641129827259375,0.20641129827259375
0.0,ptera_prescribed_wake_uvlm,Ptera prescribed-wake control,0.5625,0.5858968396734614,-0.1261323426508718,0.1261323426508718,0.9690301722435388,-0.20861359448973263,0.20861359448973263
0.0,ptera_prescribed_wake_uvlm,Ptera prescribed-wake control,0.5703125,0.5795487219574257,-0.12695951326283814,0.12695951326283814,0.9585308536139644,-0.20998167369124404,0.20998167369124404
0.0,ptera_prescribed_wake_uvlm,Ptera prescribed-wake control,0.578125,0.5703065767681965,-0.1270234319572494,0.1270234319572494,0.9432450269322401,-0.21008739049881286,0.21008739049881286
0.0,ptera_prescribed_wake_uvlm,Ptera prescribed-wake control,0.5859375,0.5587197172998979,-0.1264103277069436,0.1264103277069436,0.9240812157183329,-0.20907336127549736,0.20907336127549736
0.0,ptera_prescribed_wake_uvlm,Ptera prescribed-wake control,0.59375,0.5449085368708082,-0.12511507037574143,0.12511507037574143,0.9012385416435822,-0.206931101154323,0.206931101154323
0.0,ptera_prescribed_wake_uvlm,Ptera prescribed-wake control,0.6015625,0.5288847700932228,-0.12310402764689228,0.12310402764689228,0.8747364128914833,-0.20360498476323285,0.20360498476323285
0.0,ptera_prescribed_wake_uvlm,Ptera prescribed-wake control,0.609375,0.5104408257031978,-0.12025938756067373,0.12025938756067373,0.8442314888180283,-0.19890015980760492,0.19890015980760492
0.0,ptera_prescribed_wake_uvlm,Ptera prescribed-wake control,0.6171875,0.48934545165064425,-0.11642042234318238,0.11642042234318238,0.8093412955835319,-0.1925507944005208,0.1925507944005208
0.0,ptera_prescribed_wake_uvlm,Ptera prescribed-wake control,0.625,0.46631583861721027,-0.11180189307268999,0.11180189307268999,0.7712520136940303,-0.18491208753022706,0.18491208753022706
0.0,ptera_prescribed_wake_uvlm,Ptera prescribed-wake control,0.6328125,0.4414742904191945,-0.10641910789080404,0.10641910789080404,0.7301659246437198,-0.1760093577342104,0.1760093577342104
0.0,ptera_prescribed_wake_uvlm,Ptera prescribed-wake control,0.640625,0.41495348168554924,-0.10029515001487925,0.10029515001487925,0.6863024624862427,-0.1658807829519553,0.1658807829519553
0.0,ptera_prescribed_wake_uvlm,Ptera prescribed-wake control,0.6484375,0.3865728659837895,-0.09330183220109123,0.09330183220109123,0.639363016734698,-0.15431435093394733,0.15431435093394733
0.0,ptera_prescribed_wake_uvlm,Ptera prescribed-wake control,0.65625,0.3568873864949797,-0.0856730717623227,0.0856730717623227,0.5902654224923299,-0.14169694366801183,0.14169694366801183
0.0,ptera_prescribed_wake_uvlm,Ptera prescribed-wake control,0.6640625,0.3262402218353414,-0.07757927664078763,0.07757927664078763,0.5395772718864024,-0.1283104033256945,0.1283104033256945
0.0,ptera_prescribed_wake_uvlm,Ptera prescribed-wake control,0.671875,0.2948099894159498,-0.06912254369594614,0.06912254369594614,0.48759398494463974,-0.11432359058452218,0.11432359058452218
0.0,ptera_prescribed_wake_uvlm,Ptera prescribed-wake control,0.6796875,0.2627575678481994,-0.060411477875338085,0.060411477875338085,0.43458164302804864,-0.09991613001983775,0.09991613001983775
0.0,ptera_prescribed_wake_uvlm,Ptera prescribed-wake control,0.6875,0.23027863991683054,-0.05165831672785747,0.05165831672785747,0.38086389103409557,-0.08543904688836718,0.08543904688836718
0.0,ptera_prescribed_wake_uvlm,Ptera prescribed-wake control,0.6953125,0.1977011537741137,-0.04308457267676702,0.04308457267676702,0.32698313102567406,-0.07125870640516772,0.07125870640516772
0.0,ptera_prescribed_wake_uvlm,Ptera prescribed-wake control,0.703125,0.16514324053787857,-0.03482626591577559,0.03482626591577559,0.2731347431613826,-0.05760007594130727,0.05760007594130727
0.0,ptera_prescribed_wake_uvlm,Ptera prescribed-wake control,0.7109375,0.13271230847227608,-0.027016594845340546,0.027016594845340546,0.21949637279047518,-0.044683455829878045,0.044683455829878045
0.0,ptera_prescribed_wake_uvlm,Ptera prescribed-wake control,0.71875,0.10057907757303261,-0.01996493535461384,0.01996493535461384,0.16635037819799792,-0.033020530979984544,0.033020530979984544
0.0,ptera_prescribed_wake_uvlm,Ptera prescribed-wake control,0.7265625,0.06883774846905306,-0.013840715259667645,0.013840715259667645,0.11385256027836087,-0.022891522506802528,0.022891522506802528
0.0,ptera_prescribed_wake_uvlm,Ptera prescribed-wake control,0.734375,0.03747248293106648,-0.008614350874263226,0.008614350874263226,0.06197672376816747,-0.014247501174619636,0.014247501174619636
0.0,ptera_prescribed_wake_uvlm,Ptera prescribed-wake control,0.7421875,0.006503042989112253,-0.004347530347692457,0.004347530347692457,0.01075555360796738,-0.007190494633844429,0.007190494633844429
0.0,ptera_prescribed_wake_uvlm,Ptera prescribed-wake control,0.75,-0.02405754225475955,-0.0010909887628765876,0.0010909887628765876,-0.039789401028137716,-0.0018044149707229624,0.0018044149707229624
0.0,ptera_prescribed_wake_uvlm,Ptera prescribed-wake control,0.7578125,-0.05404594896630429,0.0007180373348622587,-0.0007180373348622587,-0.08938801456084317,0.0011875808080252781,-0.0011875808080252781
0.0,ptera_prescribed_wake_uvlm,Ptera prescribed-wake control,0.765625,-0.08362497653615275,0.001501048762053399,-0.001501048762053399,-0.13830954517838567,0.002482623973956283,-0.002482623973956283
0.0,ptera_prescribed_wake_uvlm,Ptera prescribed-wake control,0.7734375,-0.11279205032613124,0.001293258821412858,-0.001293258821412858,-0.1865497346190646,0.0021389547333411614,-0.0021389547333411614
0.0,ptera_prescribed_wake_uvlm,Ptera prescribed-wake control,0.78125,-0.14154258742248388,0.00013706303190927615,-0.00013706303190927615,-0.23410100308144471,0.00022669214855859483,-0.00022669214855859483
0.0,ptera_prescribed_wake_uvlm,Ptera prescribed-wake control,0.7890625,-0.16979514163672096,-0.0020439924457192012,0.0020439924457192012,-0.2808286445751255,-0.0033806127932754686,0.0033806127932754686
0.0,ptera_prescribed_wake_uvlm,Ptera prescribed-wake control,0.796875,-0.19749698434648708,-0.0051616479171323676,0.0051616479171323676,-0.3266454498466287,-0.008536985065471486,0.008536985065471486
0.0,ptera_prescribed_wake_uvlm,Ptera prescribed-wake control,0.8046875,-0.22471684591518093,-0.008941865999059724,0.008941865999059724,-0.3716650938492441,-0.014789187041999968,0.014789187041999968
0.0,ptera_prescribed_wake_uvlm,Ptera prescribed-wake control,0.8125,-0.2514250758387973,-0.013306861861971414,0.013306861861971414,-0.41583853683560046,-0.02200856835021296,0.02200856835021296
0.0,ptera_prescribed_wake_uvlm,Ptera prescribed-wake control,0.8203125,-0.2775888689953527,-0.018178355378346216,0.018178355378346216,-0.4591115215527931,-0.03006565943110513,0.03006565943110513
0.0,ptera_prescribed_wake_uvlm,Ptera prescribed-wake control,0.828125,-0.3029453336383918,-0.023566836352118037,0.023566836352118037,-0.5010492444362715,-0.03897780964692691,0.03897780964692691
0.0,ptera_prescribed_wake_uvlm,Ptera prescribed-wake control,0.8359375,-0.3275840002756447,-0.02923992235813072,0.02923992235813072,-0.5417997823443698,-0.04836067560097908,0.04836067560097908
0.0,ptera_prescribed_wake_uvlm,Ptera prescribed-wake control,0.84375,-0.35148837950785916,-0.03511108406773403,0.03511108406773403,-0.5813358630265555,-0.05807114416383633,0.05807114416383633
0.0,ptera_prescribed_wake_uvlm,Ptera prescribed-wake control,0.8515625,-0.37460770722367237,-0.041118187835291635,0.041118187835291635,-0.619573526385681,-0.06800645086698465,0.06800645086698465
0.0,ptera_prescribed_wake_uvlm,Ptera prescribed-wake control,0.859375,-0.396786491059726,-0.047200191303577,0.047200191303577,-0.6562555995178408,-0.07806563615247464,0.07806563615247464
0.0,ptera_prescribed_wake_uvlm,Ptera prescribed-wake control,0.8671875,-0.4177742553922736,-0.05326359313944449,0.05326359313944449,-0.6909678142099533,-0.08809405570952009,0.08809405570952009
0.0,ptera_prescribed_wake_uvlm,Ptera prescribed-wake control,0.875,-0.43775568097953854,-0.0592507616047944,0.0592507616047944,-0.7240156188188503,-0.09799639089272846,0.09799639089272846
0.0,ptera_prescribed_wake_uvlm,Ptera prescribed-wake control,0.8828125,-0.45668188887223,-0.0651251409309327,0.0651251409309327,-0.7553181711664502,-0.10771218115608654,0.10771218115608654
0.0,ptera_prescribed_wake_uvlm,Ptera prescribed-wake control,0.890625,-0.47450515663024023,-0.07085263839918853,0.07085263839918853,-0.7847965418555858,-0.11718503965670862,0.11718503965670862
0.0,ptera_prescribed_wake_uvlm,Ptera prescribed-wake control,0.8984375,-0.4908360763056758,-0.07633882366381047,0.07633882366381047,-0.8118066788530861,-0.12625878556545853,0.12625878556545853
0.0,ptera_prescribed_wake_uvlm,Ptera prescribed-wake control,0.90625,-0.5057961636804633,-0.08157282658676385,0.08157282658676385,-0.8365495603024011,-0.1349154404755267,0.1349154404755267
0.0,ptera_prescribed_wake_uvlm,Ptera prescribed-wake control,0.9140625,-0.519480851420895,-0.08655790385529932,0.08655790385529932,-0.8591830247969361,-0.14316039070749687,0.14316039070749687
0.0,ptera_prescribed_wake_uvlm,Ptera prescribed-wake control,0.921875,-0.5318577804128104,-0.09127759012414338,0.09127759012414338,-0.87965355274784,-0.150966403794344,0.150966403794344
0.0,ptera_prescribed_wake_uvlm,Ptera prescribed-wake control,0.9296875,-0.5428198025407874,-0.0957002133007876,0.0957002133007876,-0.8977839290726745,-0.15828109643037244,0.15828109643037244
0.0,ptera_prescribed_wake_uvlm,Ptera prescribed-wake control,0.9375,-0.5519411582972937,-0.09972232386505271,0.09972232386505271,-0.9128699789389753,-0.16493337073696301,0.16493337073696301
0.0,ptera_prescribed_wake_uvlm,Ptera prescribed-wake control,0.9453125,-0.5596527725656546,-0.10342991665128498,0.10342991665128498,-0.9256244203299039,-0.17106545582937266,0.17106545582937266
0.0,ptera_prescribed_wake_uvlm,Ptera prescribed-wake control,0.953125,-0.5659407570151082,-0.10681551215349074,0.10681551215349074,-0.9360242829704237,-0.1766649811561825,0.1766649811561825
0.0,ptera_prescribed_wake_uvlm,Ptera prescribed-wake control,0.9609375,-0.5707932113861841,-0.10987215688123304,0.10987215688123304,-0.9440498847088259,-0.18172044615691924,0.18172044615691924
0.0,ptera_prescribed_wake_uvlm,Ptera prescribed-wake control,0.96875,-0.5738778943123534,-0.11251675909966306,0.11251675909966306,-0.9491517228223895,-0.18609442322883715,0.18609442322883715
0.0,ptera_prescribed_wake_uvlm,Ptera prescribed-wake control,0.9765625,-0.5752702143079645,-0.11475830250770484,0.11475830250770484,-0.951454517433668,-0.18980177074755167,0.18980177074755167
0.0,ptera_prescribed_wake_uvlm,Ptera prescribed-wake control,0.984375,-0.575215288954397,-0.11664855964565701,0.11664855964565701,-0.9513636749487389,-0.19292811667731508,0.19292811667731508
0.0,ptera_prescribed_wake_uvlm,Ptera prescribed-wake control,0.9921875,-0.5737187009683486,-0.11818296096652653,0.11818296096652653,-0.9488884287693836,-0.1954659033243323,0.1954659033243323
0.0,ptera_free_wake_uvlm,Ptera free-wake UVLM,0.0,-0.5641569944249488,-0.11888956534169226,0.11888956534169226,-0.9330740711704301,-0.19663457486001854,0.19663457486001854
0.0,ptera_free_wake_uvlm,Ptera free-wake UVLM,0.0078125,-0.5592775735394966,-0.11953483470239784,0.11953483470239784,-0.9250038688056011,-0.19770180280426977,0.19770180280426977
0.0,ptera_free_wake_uvlm,Ptera free-wake UVLM,0.015625,-0.5530514380820167,-0.11980982774254945,0.11980982774254945,-0.9147062998374261,-0.19815662101631612,0.19815662101631612
0.0,ptera_free_wake_uvlm,Ptera free-wake UVLM,0.0234375,-0.5454992874790765,-0.11971032384317061,0.11971032384317061,-0.9022155995911932,-0.19799204890357402,0.19799204890357402
0.0,ptera_free_wake_uvlm,Ptera free-wake UVLM,0.03125,-0.5366452218652891,-0.11923223289306256,0.11923223289306256,-0.8875716279125513,-0.1972013217237014,0.1972013217237014
0.0,ptera_free_wake_uvlm,Ptera free-wake UVLM,0.0390625,-0.5263168771422102,-0.11830672297750408,0.11830672297750408,-0.870489307291785,-0.19567059656500865,0.19567059656500865
0.0,ptera_free_wake_uvlm,Ptera free-wake UVLM,0.046875,-0.5144881676613092,-0.11690385131846613,0.11690385131846613,-0.8509254939896266,-0.19335035028043954,0.19335035028043954
0.0,ptera_free_wake_uvlm,Ptera free-wake UVLM,0.0546875,-0.5014882624633812,-0.1151060396391638,0.1151060396391638,-0.8294246093285679,-0.19037690232290025,0.19037690232290025
0.0,ptera_free_wake_uvlm,Ptera free-wake UVLM,0.0625,-0.4873573960395529,-0.11291084209033818,0.11291084209033818,-0.8060531981902788,-0.186746207438059,0.186746207438059
0.0,ptera_free_wake_uvlm,Ptera free-wake UVLM,0.0703125,-0.47213554115391726,-0.11031623843545645,0.11031623843545645,-0.7808773725792129,-0.18245492430365085,0.18245492430365085
0.0,ptera_free_wake_uvlm,Ptera free-wake UVLM,0.078125,-0.4555445679313493,-0.10718782952078793,0.10718782952078793,-0.7534371261895698,-0.17728076662920594,0.17728076662920594
0.0,ptera_free_wake_uvlm,Ptera free-wake UVLM,0.0859375,-0.4379521289216806,-0.10363990186406968,0.10363990186406968,-0.7243405292302411,-0.1714127558882478,0.1714127558882478
0.0,ptera_free_wake_uvlm,Ptera free-wake UVLM,0.09375,-0.41946750599115534,-0.09970024482788413,0.09970024482788413,-0.6937683258501941,-0.16489685363746412,0.16489685363746412
0.0,ptera_free_wake_uvlm,Ptera free-wake UVLM,0.1015625,-0.4001453043002746,-0.0953763221737897,0.0953763221737897,-0.6618108289586357,-0.1577454043881388,0.1577454043881388
0.0,ptera_free_wake_uvlm,Ptera free-wake UVLM,0.109375,-0.37996849102512487,-0.09063875274715719,0.09063875274715719,-0.6284398675207127,-0.1499098138769081,0.1499098138769081
0.0,ptera_free_wake_uvlm,Ptera free-wake UVLM,0.1171875,-0.35893253494891086,-0.08545896230508192,0.08545896230508192,-0.5936479472379508,-0.1413428224129038,0.1413428224129038
0.0,ptera_free_wake_uvlm,Ptera free-wake UVLM,0.125,-0.33731513848071043,-0.07996681338880354,0.07996681338880354,-0.5578943674188276,-0.13225921306403865,0.13225921306403865
0.0,ptera_free_wake_uvlm,Ptera free-wake UVLM,0.1328125,-0.31518278119382986,-0.07419253878144291,0.07419253878144291,-0.5212890803757801,-0.12270898862440748,0.12270898862440748
0.0,ptera_free_wake_uvlm,Ptera free-wake UVLM,0.140625,-0.2926022385961711,-0.0681695481485141,0.0681695481485141,-0.4839425278752462,-0.1127474062173389,0.1127474062173389
0.0,ptera_free_wake_uvlm,Ptera free-wake UVLM,0.1484375,-0.2695682310663573,-0.06190432480134027,0.06190432480134027,-0.44584597781275664,-0.10238518876172033,0.10238518876172033
0.0,ptera_free_wake_uvlm,Ptera free-wake UVLM,0.15625,-0.24626655367433772,-0.05551997861704955,0.05551997861704955,-0.4073067215345752,-0.09182595091692564,0.09182595091692564
0.0,ptera_free_wake_uvlm,Ptera free-wake UVLM,0.1640625,-0.2228037092382249,-0.049098249111190435,0.049098249111190435,-0.3685009068489705,-0.08120488381468242,0.08120488381468242
0.0,ptera_free_wake_uvlm,Ptera free-wake UVLM,0.171875,-0.19924427102177505,-0.04270189014011185,0.04270189014011185,-0.3295353331729439,-0.07062577770629264,0.07062577770629264
0.0,ptera_free_wake_uvlm,Ptera free-wake UVLM,0.1796875,-0.17565445126896972,-0.03640809421637586,0.03640809421637586,-0.2905195106759406,-0.06021630331581347,0.06021630331581347
0.0,ptera_free_wake_uvlm,Ptera free-wake UVLM,0.1875,-0.1521592887260687,-0.030396349076614808,0.030396349076614808,-0.2516602442246548,-0.050273320125268056,0.050273320125268056
0.0,ptera_free_wake_uvlm,Ptera free-wake UVLM,0.1953125,-0.12881402627199984,-0.024703743287416594,0.024703743287416594,-0.21304890146754918,-0.04085816988910068,0.04085816988910068
0.0,ptera_free_wake_uvlm,Ptera free-wake UVLM,0.203125,-0.1056637319796822,-0.01939558347947101,0.01939558347947101,-0.1747600216741781,-0.03207886495914659,0.03207886495914659
0.0,ptera_free_wake_uvlm,Ptera free-wake UVLM,0.2109375,-0.0827502918278221,-0.014534154543107459,0.014534154543107459,-0.13686288116489684,-0.024038419951490274,0.024038419951490274
0.0,ptera_free_wake_uvlm,Ptera free-wake UVLM,0.21875,-0.06018466940010714,-0.010311027183485888,0.010311027183485888,-0.09954100552532463,-0.017053678687172686,0.017053678687172686
0.0,ptera_free_wake_uvlm,Ptera free-wake UVLM,0.2265625,-0.0379929860632167,-0.006776684506923876,0.006776684506923876,-0.06283759756991376,-0.011208136501716674,0.011208136501716674
0.0,ptera_free_wake_uvlm,Ptera free-wake UVLM,0.234375,-0.016137878452737432,-0.0038649224876752975,0.0038649224876752975,-0.026690861048878578,-0.0063922968180324235,0.0063922968180324235
0.0,ptera_free_wake_uvlm,Ptera free-wake UVLM,0.2421875,0.005373813078983734,-0.001590098846078829,0.001590098846078829,0.008887890599366314,-0.0026299062469065135,0.0026299062469065135
0.0,ptera_free_wake_uvlm,Ptera free-wake UVLM,0.25,0.02653854845020774,3.967863885652506e-05,-3.967863885652506e-05,0.04389280234064925,6.562554299995359e-05,-6.562554299995359e-05
0.0,ptera_free_wake_uvlm,Ptera free-wake UVLM,0.2578125,0.04723722762831646,0.0007920793668398638,-0.0007920793668398638,0.07812689150275362,0.0013100408694936218,-0.0013100408694936218
0.0,ptera_free_wake_uvlm,Ptera free-wake UVLM,0.265625,0.067617348588067,0.0009485417736426322,-0.0009485417736426322,0.11183410886029721,0.0015688181537305977,-0.0015688181537305977
0.0,ptera_free_wake_uvlm,Ptera free-wake UVLM,0.2734375,0.08769391258362448,0.0005412027439345704,-0.0005412027439345704,0.1450392653815651,0.000895109433370353,-0.000895109433370353
0.0,ptera_free_wake_uvlm,Ptera free-wake UVLM,0.28125,0.1074830186089733,-0.0003955182903089395,0.0003955182903089395,0.1777689876155627,-0.0006541580889856814,0.0006541580889856814
0.0,ptera_free_wake_uvlm,Ptera free-wake UVLM,0.2890625,0.12696351402952566,-0.0018928128571691542,0.0018928128571691542,0.20998829066435226,-0.003130572900904643,0.003130572900904643
0.0,ptera_free_wake_uvlm,Ptera free-wake UVLM,0.296875,0.14615490973861045,-0.003895206696178127,0.003895206696178127,0.2417294441068816,-0.006442384665917234,0.006442384665917234
0.0,ptera_free_wake_uvlm,Ptera free-wake UVLM,0.3046875,0.1651343953312401,-0.006255445592643299,0.006255445592643299,0.27312011384179596,-0.010346045770579007,0.010346045770579007
0.0,ptera_free_wake_uvlm,Ptera free-wake UVLM,0.3125,0.18391792373336163,-0.008934829293612685,0.008934829293612685,0.30418668483233696,-0.01477754885003571,0.01477754885003571
0.0,ptera_free_wake_uvlm,Ptera free-wake UVLM,0.3203125,0.20252049054465437,-0.011895752272525466,0.011895752272525466,0.3349539586946873,-0.01967469713616542,0.01967469713616542
0.0,ptera_free_wake_uvlm,Ptera free-wake UVLM,0.328125,0.22090922332202875,-0.01516214094773005,0.01516214094773005,0.3653675668317968,-0.02507706316072347,0.02507706316072347
0.0,ptera_free_wake_uvlm,Ptera free-wake UVLM,0.3359375,0.23914678177809714,-0.018619965845971448,0.018619965845971448,0.39553114378816867,-0.030796050582806732,0.030796050582806732
0.0,ptera_free_wake_uvlm,Ptera free-wake UVLM,0.34375,0.25724824943337604,-0.02223268841575342,0.02223268841575342,0.42546963659456755,-0.03677122733237765,0.03677122733237765
0.0,ptera_free_wake_uvlm,Ptera free-wake UVLM,0.3515625,0.2752188397080229,-0.025978151909343803,0.025978151909343803,0.455191667863527,-0.04296594778239508,0.04296594778239508
0.0,ptera_free_wake_uvlm,Ptera free-wake UVLM,0.359375,0.2930487771396707,-0.02984532121266521,0.02984532121266521,0.48468106970107677,-0.04936196066783924,0.04936196066783924
0.0,ptera_free_wake_uvlm,Ptera free-wake UVLM,0.3671875,0.31071542119266327,-0.03382000518402594,0.03382000518402594,0.5139003963306211,-0.055935794886723116,0.055935794886723116
0.0,ptera_free_wake_uvlm,Ptera free-wake UVLM,0.375,0.3282463563197495,-0.03786126322603937,0.03786126322603937,0.542895270403092,-0.06261973770968735,0.06261973770968735
0.0,ptera_free_wake_uvlm,Ptera free-wake UVLM,0.3828125,0.34563353990409573,-0.04195930735680946,0.04195930735680946,0.5716523900232616,-0.06939760053638394,0.06939760053638394
0.0,ptera_free_wake_uvlm,Ptera free-wake UVLM,0.390625,0.3628670956176344,-0.04610522327455759,0.04610522327455759,0.6001554204727284,-0.07625463976895906,0.07625463976895906
0.0,ptera_free_wake_uvlm,Ptera free-wake UVLM,0.3984375,0.3798754919769705,-0.05029879185021715,0.05029879185021715,0.6282860539522664,-0.08319049298409383,0.08319049298409383
0.0,ptera_free_wake_uvlm,Ptera free-wake UVLM,0.40625,0.3966532002829925,-0.05452316345202231,0.05452316345202231,0.6560351464011991,-0.09017729213323998,0.09017729213323998
0.0,ptera_free_wake_uvlm,Ptera free-wake UVLM,0.4140625,0.4131910491107322,-0.05876913293497684,0.05876913293497684,0.6833875289588757,-0.09719981258530688,0.09719981258530688
0.0,ptera_free_wake_uvlm,Ptera free-wake UVLM,0.421875,0.42945919851952813,-0.06303161005180481,0.06303161005180481,0.7102938485636633,-0.10424963544662491,0.10424963544662491
0.0,ptera_free_wake_uvlm,Ptera free-wake UVLM,0.4296875,0.44540584774281555,-0.06730573897831207,0.06730573897831207,0.7366684305671467,-0.11131872954201678,0.11131872954201678
0.0,ptera_free_wake_uvlm,Ptera free-wake UVLM,0.4375,0.4608613901308499,-0.07158285995172256,0.07158285995172256,0.7622307580764424,-0.1183927722623707,0.1183927722623707
0.0,ptera_free_wake_uvlm,Ptera free-wake UVLM,0.4453125,0.4758763437190904,-0.07585244201031835,0.07585244201031835,0.7870643841972975,-0.1254543461734962,0.1254543461734962
0.0,ptera_free_wake_uvlm,Ptera free-wake UVLM,0.453125,0.49039579926568305,-0.08010673516802723,0.08010673516802723,0.8110784930923697,-0.13249063336986813,0.13249063336986813
0.0,ptera_free_wake_uvlm,Ptera free-wake UVLM,0.4609375,0.504362783574226,-0.08433736499746042,0.08433736499746042,0.8341788552956773,-0.13948778316606628,0.13948778316606628
0.0,ptera_free_wake_uvlm,Ptera free-wake UVLM,0.46875,0.5175540206352394,-0.08852297134837263,0.08852297134837263,0.8559961887505962,-0.1464104674485564,0.1464104674485564
0.0,ptera_free_wake_uvlm,Ptera free-wake UVLM,0.4765625,0.5298657041151189,-0.09264202529777198,0.09264202529777198,0.8763588054354119,-0.1532230789661257,0.1532230789661257
0.0,ptera_free_wake_uvlm,Ptera free-wake UVLM,0.484375,0.5413267399649031,-0.0966848820780455,0.0966848820780455,0.8953145136617876,-0.1599096659842906,0.1599096659842906
0.0,ptera_free_wake_uvlm,Ptera free-wake UVLM,0.4921875,0.5518547542666524,-0.10063430125425842,0.10063430125425842,0.9127270730432181,-0.16644171409487693,0.16644171409487693
0.0,ptera_free_wake_uvlm,Ptera free-wake UVLM,0.5,0.5613637386254853,-0.10447178968534904,0.10447178968534904,0.9284542320363207,-0.17278863700614377,0.17278863700614377
0.0,ptera_free_wake_uvlm,Ptera free-wake UVLM,0.5078125,0.5692508978500272,-0.10810334528644784,0.10810334528644784,0.9414990118411235,-0.17879496220087612,0.17879496220087612
0.0,ptera_free_wake_uvlm,Ptera free-wake UVLM,0.515625,0.5758162507661603,-0.11154389818930119,0.11154389818930119,0.9523576214740168,-0.18448538301612258,0.18448538301612258
0.0,ptera_free_wake_uvlm,Ptera free-wake UVLM,0.5234375,0.5809623004513158,-0.1147631412993229,0.1147631412993229,0.9608688082139202,-0.189809773752104,0.189809773752104
0.0,ptera_free_wake_uvlm,Ptera free-wake UVLM,0.53125,0.5845917528333747,-0.11772925490850014,0.11772925490850014,0.9668716548394395,-0.19471550695796466,0.19471550695796466
0.0,ptera_free_wake_uvlm,Ptera free-wake UVLM,0.5390625,0.586307901843403,-0.12034887281839031,0.12034887281839031,0.969710038763323,-0.1990481618257532,0.1990481618257532
0.0,ptera_free_wake_uvlm,Ptera free-wake UVLM,0.546875,0.5858404470221122,-0.12252944843421129,0.12252944843421129,0.9689369029562688,-0.20265467311153984,0.20265467311153984
0.0,ptera_free_wake_uvlm,Ptera free-wake UVLM,0.5546875,0.583470438475787,-0.12429442870185664,0.12429442870185664,0.9650170835710947,-0.20557382033499308,0.20557382033499308
0.0,ptera_free_wake_uvlm,Ptera free-wake UVLM,0.5625,0.57912507578927,-0.12560114923811896,0.12560114923811896,0.957830174089004,-0.20773503975210783,0.20773503975210783
0.0,ptera_free_wake_uvlm,Ptera free-wake UVLM,0.5703125,0.572737606591267,-0.12640641446541953,0.12640641446541953,0.9472657710098019,-0.20906688906255588,0.20906688906255588
0.0,ptera_free_wake_uvlm,Ptera free-wake UVLM,0.578125,0.5635197970159613,-0.12645331646724914,0.12645331646724914,0.9320201936391425,-0.20914446151530516,0.20914446151530516
0.0,ptera_free_wake_uvlm,Ptera free-wake UVLM,0.5859375,0.5520122587915937,-0.12582787197646836,0.12582787197646836,0.9129875739140164,-0.2081100224441406,0.2081100224441406
0.0,ptera_free_wake_uvlm,Ptera free-wake UVLM,0.59375,0.5383346693514237,-0.12452522828466284,0.12452522828466284,0.8903658494847275,-0.20595554582715495,0.20595554582715495
0.0,ptera_free_wake_uvlm,Ptera free-wake UVLM,0.6015625,0.5224999362479792,-0.12251218750922425,0.12251218750922425,0.8641763684914298,-0.20262612481433004,0.20262612481433004
0.0,ptera_free_wake_uvlm,Ptera free-wake UVLM,0.609375,0.5043068708717232,-0.11967203517520913,0.11967203517520913,0.8340863798084104,-0.19792872226994623,0.19792872226994623
0.0,ptera_free_wake_uvlm,Ptera free-wake UVLM,0.6171875,0.48352993183844784,-0.11584539557024584,0.11584539557024584,0.7997228546162803,-0.19159974251716552,0.19159974251716552
0.0,ptera_free_wake_uvlm,Ptera free-wake UVLM,0.625,0.46086462249725135,-0.11124502972178174,0.11124502972178174,0.7622361041721346,-0.183991076607643,0.183991076607643
0.0,ptera_free_wake_uvlm,Ptera free-wake UVLM,0.6328125,0.4364295465885049,-0.10588605504603267,0.10588605504603267,0.721822290317407,-0.1751277276331305,0.1751277276331305
0.0,ptera_free_wake_uvlm,Ptera free-wake UVLM,0.640625,0.4103527990882983,-0.09979126310947124,0.09979126310947124,0.678693272697582,-0.16504739116405812,0.16504739116405812
0.0,ptera_free_wake_uvlm,Ptera free-wake UVLM,0.6484375,0.382446337672134,-0.09283254416874817,0.09283254416874817,0.6325380431730724,-0.15353818313098277,0.15353818313098277
0.0,ptera_free_wake_uvlm,Ptera free-wake UVLM,0.65625,0.3532457208182799,-0.08524148205648924,0.08524148205648924,0.5842423759780109,-0.140983126117442,0.140983126117442
0.0,ptera_free_wake_uvlm,Ptera free-wake UVLM,0.6640625,0.3230792369655458,-0.07718675231495328,0.07718675231495328,0.5343492359841361,-0.1276611970331925,0.1276611970331925
0.0,ptera_free_wake_uvlm,Ptera free-wake UVLM,0.671875,0.2921146353196452,-0.0687692876318021,0.0687692876318021,0.4831360680088613,-0.113739331101446,0.113739331101446
0.0,ptera_free_wake_uvlm,Ptera free-wake UVLM,0.6796875,0.26050023522354193,-0.06009640151427485,0.06009640151427485,0.4308481813092554,-0.09939501695051119,0.09939501695051119
0.0,ptera_free_wake_uvlm,Ptera free-wake UVLM,0.6875,0.2284019590086141,-0.051377944928702596,0.051377944928702596,0.377759999187284,-0.08497533260552738,0.08497533260552738
0.0,ptera_free_wake_uvlm,Ptera free-wake UVLM,0.6953125,0.19614870764829637,-0.042835310867120946,0.042835310867120946,0.32441549960179056,-0.0708464457511084,0.0708464457511084
0.0,ptera_free_wake_uvlm,Ptera free-wake UVLM,0.703125,0.16385253405326244,-0.03460428658719773,0.03460428658719773,0.27100000980490896,-0.05723293849928558,0.05723293849928558
0.0,ptera_free_wake_uvlm,Ptera free-wake UVLM,0.7109375,0.13161666801424435,-0.02681805357457015,0.02681805357457015,0.21768426425895415,-0.044355083207285796,0.044355083207285796
0.0,ptera_free_wake_uvlm,Ptera free-wake UVLM,0.71875,0.09959734312326254,-0.019785884639200967,0.019785884639200967,0.16472666180538464,-0.032724394298835065,0.032724394298835065
0.0,ptera_free_wake_uvlm,Ptera free-wake UVLM,0.7265625,0.06789596295213304,-0.0136790269084712,0.0136790269084712,0.11229491647508295,-0.02262410189586872,0.02262410189586872
0.0,ptera_free_wake_uvlm,Ptera free-wake UVLM,0.734375,0.0365164026537098,-0.00846973762065115,0.00846973762065115,0.06039543748513863,-0.014008321516073414,0.014008321516073414
0.0,ptera_free_wake_uvlm,Ptera free-wake UVLM,0.7421875,0.005485783743820872,-0.004220804603693581,0.004220804603693581,0.009073081822950704,-0.006980899597279012,0.006980899597279012
0.0,ptera_free_wake_uvlm,Ptera free-wake UVLM,0.75,-0.025175407072999933,-0.000984000971507875,0.000984000971507875,-0.04163826701275063,-0.001627465052447656,0.001627465052447656
0.0,ptera_free_wake_uvlm,Ptera free-wake UVLM,0.7578125,-0.05528860998239596,0.0008010223736509695,-0.0008010223736509695,-0.09144328425496673,0.001324831943354629,-0.001324831943354629
0.0,ptera_free_wake_uvlm,Ptera free-wake UVLM,0.765625,-0.08499090121861766,0.001556624242517643,-0.001556624242517643,-0.14056868388795504,0.0025745417208360897,-0.0025745417208360897
0.0,ptera_free_wake_uvlm,Ptera free-wake UVLM,0.7734375,-0.11427076288943686,0.0013182924250859777,-0.0013182924250859777,-0.18899541616723156,0.0021803584679862564,-0.0021803584679862564
0.0,ptera_free_wake_uvlm,Ptera free-wake UVLM,0.78125,-0.14311336075157494,0.00012888641312535412,-0.00012888641312535412,-0.23669894634820307,0.00021316862398561767,-0.00021316862398561767
0.0,ptera_free_wake_uvlm,Ptera free-wake UVLM,0.7890625,-0.1714151734119719,-0.002087311052333203,0.002087311052333203,-0.2835080576798051,-0.003452258574556541,0.003452258574556541
0.0,ptera_free_wake_uvlm,Ptera free-wake UVLM,0.796875,-0.19910831475979093,-0.005239552778278553,0.005239552778278553,-0.32931047154023485,-0.008665833961562428,0.008665833961562428
0.0,ptera_free_wake_uvlm,Ptera free-wake UVLM,0.8046875,-0.2262630334045085,-0.009052238627464314,0.009052238627464314,-0.3742223739498484,-0.014971735231154701,0.014971735231154701
0.0,ptera_free_wake_uvlm,Ptera free-wake UVLM,0.8125,-0.2528470103569302,-0.01344631961146464,0.01344631961146464,-0.4181903116835298,-0.022239221185083057,0.022239221185083057
0.0,ptera_free_wake_uvlm,Ptera free-wake UVLM,0.8203125,-0.2788264101082871,-0.018342271790985062,0.018342271790985062,-0.4611583233046061,-0.030336765091380564,0.030336765091380564
0.0,ptera_free_wake_uvlm,Ptera free-wake UVLM,0.828125,-0.3039194329758627,-0.023747239406273837,0.023747239406273837,-0.5026603329161101,-0.03927618299664371,0.03927618299664371
0.0,ptera_free_wake_uvlm,Ptera free-wake UVLM,0.8359375,-0.3282377375802714,-0.02942946114222995,0.02942946114222995,-0.5428810156434903,-0.04867415877440748,0.04867415877440748
0.0,ptera_free_wake_uvlm,Ptera free-wake UVLM,0.84375,-0.3517738662623336,-0.03530261560899668,0.03530261560899668,-0.5818080370683473,-0.05838792321067888,0.05838792321067888
0.0,ptera_free_wake_uvlm,Ptera free-wake UVLM,0.8515625,-0.37448302195288036,-0.04130455001448069,0.04130455001448069,-0.6193673061413473,-0.06831468017011573,0.06831468017011573
0.0,ptera_free_wake_uvlm,Ptera free-wake UVLM,0.859375,-0.39621357389302453,-0.047373629383637754,0.047373629383637754,-0.6553080367676485,-0.07835248994859433,0.07835248994859433
0.0,ptera_free_wake_uvlm,Ptera free-wake UVLM,0.8671875,-0.4167242199536635,-0.053416140250596184,0.053416140250596184,-0.6892311330179106,-0.08834635738344099,0.08834635738344099
0.0,ptera_free_wake_uvlm,Ptera free-wake UVLM,0.875,-0.43621417622455233,-0.0593769948803219,0.0593769948803219,-0.7214660836155694,-0.09820517142275394,0.09820517142275394
0.0,ptera_free_wake_uvlm,Ptera free-wake UVLM,0.8828125,-0.45464138846719176,-0.06522029699666289,0.06522029699666289,-0.7519433339509785,-0.10786956227255735,0.10786956227255735
0.0,ptera_free_wake_uvlm,Ptera free-wake UVLM,0.890625,-0.4719648470279061,-0.07091263036736163,0.07091263036736163,-0.7805950570807683,-0.11728426194861315,0.11728426194861315
0.0,ptera_free_wake_uvlm,Ptera free-wake UVLM,0.8984375,-0.48780432278807456,-0.0763596407663963,0.0763596407663963,-0.8067923820785918,-0.12629321551820516,0.12629321551820516
0.0,ptera_free_wake_uvlm,Ptera free-wake UVLM,0.90625,-0.5022900043083063,-0.08155227742133551,0.08155227742133551,-0.8307506312243603,-0.13488145367108248,0.13488145367108248
0.0,ptera_free_wake_uvlm,Ptera free-wake UVLM,0.9140625,-0.5155203583524247,-0.08649468965395835,0.08649468965395835,-0.8526326612850796,-0.14305583907952116,0.14305583907952116
0.0,ptera_free_wake_uvlm,Ptera free-wake UVLM,0.921875,-0.5274664701196936,-0.09117093857707725,0.09117093857707725,-0.8723906493123386,-0.1507900099993525,0.1507900099993525
0.0,ptera_free_wake_uvlm,Ptera free-wake UVLM,0.9296875,-0.5380259222779327,-0.0955498737492633,0.0955498737492633,-0.889855204590361,-0.15803244589730284,0.15803244589730284
0.0,ptera_free_wake_uvlm,Ptera free-wake UVLM,0.9375,-0.5467834401096119,-0.09952870180830269,0.09952870180830269,-0.90433949335626,-0.16461313413164663,0.16461313413164663
0.0,ptera_free_wake_uvlm,Ptera free-wake UVLM,0.9453125,-0.5541698253415905,-0.10319427700016458,0.10319427700016458,-0.9165560299014828,-0.1706757252210972,0.1706757252210972
0.0,ptera_free_wake_uvlm,Ptera free-wake UVLM,0.953125,-0.5601692936389991,-0.1065393650559024,0.1065393650559024,-0.9264787080999991,-0.17620825421822922,0.17620825421822922
0.0,ptera_free_wake_uvlm,Ptera free-wake UVLM,0.9609375,-0.5647684719353522,-0.10955722241463534,0.10955722241463534,-0.9340854098858931,-0.1811995677705762,0.1811995677705762
0.0,ptera_free_wake_uvlm,Ptera free-wake UVLM,0.96875,-0.5676459680977867,-0.11216549985171213,0.11216549985171213,-0.9388445763689689,-0.18551346633251095,0.18551346633251095
0.0,ptera_free_wake_uvlm,Ptera free-wake UVLM,0.9765625,-0.5688796331402394,-0.11437377395211654,0.11437377395211654,-0.9408849673860037,-0.18916578886947572,0.18916578886947572
0.0,ptera_free_wake_uvlm,Ptera free-wake UVLM,0.984375,-0.5687049240337171,-0.11623348524587943,0.11623348524587943,-0.9405960114058346,-0.1922416142252204,0.1922416142252204
0.0,ptera_free_wake_uvlm,Ptera free-wake UVLM,0.9921875,-0.5671277232268533,-0.11774021180799733,0.11774021180799733,-0.9379874375647645,-0.1947336288618359,0.1947336288618359
0.0,robofalcon2_coefficient_transfer,RoboFalcon2 S3-S4 coefficient transfer,0.0,0.473585025601194,0.3386088889880334,-0.3386088889880334,0.7832747129785769,0.56003413536441,-0.56003413536441
0.0,robofalcon2_coefficient_transfer,RoboFalcon2 S3-S4 coefficient transfer,0.0078125,0.47256880553859887,0.3384916428712029,-0.3384916428712029,0.7815939599251166,0.5598402189322094,-0.5598402189322094
0.0,robofalcon2_coefficient_transfer,RoboFalcon2 S3-S4 coefficient transfer,0.015625,0.47107108673503617,0.3377146292744538,-0.3377146292744538,0.7791168434569725,0.5585550957355848,-0.5585550957355848
0.0,robofalcon2_coefficient_transfer,RoboFalcon2 S3-S4 coefficient transfer,0.0234375,0.4690986306325186,0.3362694484489154,-0.3362694484489154,0.7758545465006846,0.5561648732092523,-0.5561648732092523
0.0,robofalcon2_coefficient_transfer,RoboFalcon2 S3-S4 coefficient transfer,0.03125,0.466662508593838,0.33414706446271514,-0.33414706446271514,0.7718253802739737,0.5526546065881509,-0.5526546065881509
0.0,robofalcon2_coefficient_transfer,RoboFalcon2 S3-S4 coefficient transfer,0.0390625,0.4637782928386156,0.3313380979134692,-0.3313380979134692,0.7670551000798898,0.5480087830323195,-0.5480087830323195
0.0,robofalcon2_coefficient_transfer,RoboFalcon2 S3-S4 coefficient transfer,0.046875,0.46046630446616915,0.3278332208836384,-0.3278332208836384,0.7615773155183464,0.542211974853934,-0.542211974853934
0.0,robofalcon2_coefficient_transfer,RoboFalcon2 S3-S4 coefficient transfer,0.0546875,0.456751920828758,0.32362366440925233,-0.32362366440925233,0.7554339988588041,0.5352496788331589,-0.5352496788331589
0.0,robofalcon2_coefficient_transfer,RoboFalcon2 S3-S4 coefficient transfer,0.0625,0.4526659424748906,0.31870184391168266,-0.31870184391168266,0.7486760919374454,0.5271093506361851,-0.5271093506361851
0.0,robofalcon2_coefficient_transfer,RoboFalcon2 S3-S4 coefficient transfer,0.0703125,0.44824125243564017,0.3130528598646465,-0.3130528598646465,0.7413579808630645,0.5177663475451438,-0.5177663475451438
0.0,robofalcon2_coefficient_transfer,RoboFalcon2 S3-S4 coefficient transfer,0.078125,0.44352580185542884,0.3066831048537469,-0.3066831048537469,0.7335589732929012,0.507231242425271,-0.507231242425271
0.0,robofalcon2_coefficient_transfer,RoboFalcon2 S3-S4 coefficient transfer,0.0859375,0.43856963493744694,0.29959362222824243,-0.29959362222824243,0.725361838649068,0.4955057608993099,-0.4955057608993099
0.0,robofalcon2_coefficient_transfer,RoboFalcon2 S3-S4 coefficient transfer,0.09375,0.4334301350378575,0.29179026252620016,-0.29179026252620016,0.7168614847715483,0.48259957932583925,-0.48259957932583925
0.0,robofalcon2_coefficient_transfer,RoboFalcon2 S3-S4 coefficient transfer,0.1015625,0.42817246677891924,0.28328470631689173,-0.28328470631689173,0.7081656891407034,0.4685320165051781,-0.4685320165051781
0.0,robofalcon2_coefficient_transfer,RoboFalcon2 S3-S4 coefficient transfer,0.109375,0.42286988739690784,0.2740954126995432,-0.2740954126995432,0.6993956138237768,0.45333360242638127,-0.45333360242638127
0.0,robofalcon2_coefficient_transfer,RoboFalcon2 S3-S4 coefficient transfer,0.1171875,0.4176038224450455,0.26424839167761727,-0.26424839167761727,0.690685930681958,0.4370473557173519,-0.4370473557173519
0.0,robofalcon2_coefficient_transfer,RoboFalcon2 S3-S4 coefficient transfer,0.125,0.41246356871699585,0.25377767981612526,-0.25377767981612526,0.6821843300277481,0.4197295703469632,-0.4197295703469632
0.0,robofalcon2_coefficient_transfer,RoboFalcon2 S3-S4 coefficient transfer,0.1328125,0.40754957457074953,0.24271855031356884,-0.24271855031356884,0.6740569460387942,0.4014385855846993,-0.4014385855846993
0.0,robofalcon2_coefficient_transfer,RoboFalcon2 S3-S4 coefficient transfer,0.140625,0.4029621164249488,0.2311289365028089,-0.2311289365028089,0.6664696285177389,0.38227021889145,-0.38227021889145
0.0,robofalcon2_coefficient_transfer,RoboFalcon2 S3-S4 coefficient transfer,0.1484375,0.3988059844048565,0.21906522355619,-0.21906522355619,0.6595956926051617,0.3623177271847632,-0.3623177271847632
0.0,robofalcon2_coefficient_transfer,RoboFalcon2 S3-S4 coefficient transfer,0.15625,0.39518523613104317,0.20658852012253848,-0.20658852012253848,0.653607241932891,0.3416821796640065,-0.3416821796640065
0.0,robofalcon2_coefficient_transfer,RoboFalcon2 S3-S4 coefficient transfer,0.1640625,0.39219853088975215,0.1937625109284757,-0.1937625109284757,0.6486674516858196,0.3204689061712756,-0.3204689061712756
0.0,robofalcon2_coefficient_transfer,RoboFalcon2 S3-S4 coefficient transfer,0.171875,0.38993351605727394,0.18065114422641387,-0.18065114422641387,0.6449212841617316,0.2987836724008933,-0.2987836724008933
0.0,robofalcon2_coefficient_transfer,RoboFalcon2 S3-S4 coefficient transfer,0.1796875,0.38846062580530144,0.1673165511529665,-0.1673165511529665,0.6424852322872067,0.27672923867163507,-0.27672923867163507
0.0,robofalcon2_coefficient_transfer,RoboFalcon2 S3-S4 coefficient transfer,0.1875,0.38782690087747207,0.1538176392771194,-0.1538176392771194,0.6414370979837143,0.2544030337591067,-0.2544030337591067
0.0,robofalcon2_coefficient_transfer,RoboFalcon2 S3-S4 coefficient transfer,0.1953125,0.38806150455992144,0.1402090044139802,-0.1402090044139802,0.6418251151761941,0.23189535511592302,-0.23189535511592302
0.0,robofalcon2_coefficient_transfer,RoboFalcon2 S3-S4 coefficient transfer,0.203125,0.3891384455905085,0.12654530649721615,-0.12654530649721615,0.6436062962335071,0.2092966062420685,-0.2092966062420685
0.0,robofalcon2_coefficient_transfer,RoboFalcon2 S3-S4 coefficient transfer,0.2109375,0.3910093174712827,0.1128785516540357,-0.1128785516540357,0.6467005803772526,0.18669280143732098,-0.18669280143732098
0.0,robofalcon2_coefficient_transfer,RoboFalcon2 S3-S4 coefficient transfer,0.21875,0.39359480146514525,0.0992627702743544,-0.0992627702743544,0.6509767802647651,0.1641733029827186,-0.1641733029827186
0.0,robofalcon2_coefficient_transfer,RoboFalcon2 S3-S4 coefficient transfer,0.2265625,0.3967900824861674,0.08575645721044202,-0.08575645721044202,0.6562615394723642,0.1418348570508502,-0.1418348570508502
0.0,robofalcon2_coefficient_transfer,RoboFalcon2 S3-S4 coefficient transfer,0.234375,0.4004727674202676,0.07242404946172888,-0.07242404946172888,0.6623524288139055,0.11978403768756941,-0.11978403768756941
0.0,robofalcon2_coefficient_transfer,RoboFalcon2 S3-S4 coefficient transfer,0.2421875,0.40451222133146314,0.0593358552269713,-0.0593358552269713,0.669033387737523,0.09813712946950738,-0.09813712946950738
0.0,robofalcon2_coefficient_transfer,RoboFalcon2 S3-S4 coefficient transfer,0.25,0.40877899232294557,0.04656624129331092,-0.04656624129331092,0.6760903123509145,0.07701712957922821,-0.07701712957922821
0.0,robofalcon2_coefficient_transfer,RoboFalcon2 S3-S4 coefficient transfer,0.2578125,0.43439622494732344,0.03587302367263423,-0.03587302367263423,0.7184593262480347,0.059331336089409985,-0.059331336089409985
0.0,robofalcon2_coefficient_transfer,RoboFalcon2 S3-S4 coefficient transfer,0.265625,0.4643816875204469,0.024446078676175466,-0.024446078676175466,0.7680530703928747,0.040432011620776157,-0.040432011620776157
0.0,robofalcon2_coefficient_transfer,RoboFalcon2 S3-S4 coefficient transfer,0.2734375,0.4957150971241666,0.01202815344187488,-0.01202815344187488,0.8198762195366593,0.019893678907788245,-0.019893678907788245
0.0,robofalcon2_coefficient_transfer,RoboFalcon2 S3-S4 coefficient transfer,0.28125,0.5282366682334263,-0.001288916522233791,0.001288916522233791,0.8736645002025875,-0.0021317728906745078,0.0021317728906745078
0.0,robofalcon2_coefficient_transfer,RoboFalcon2 S3-S4 coefficient transfer,0.2890625,0.5617888618453427,-0.015398554381269663,0.015398554381269663,0.9291573544958868,-0.02546807354806616,0.02546807354806616
0.0,robofalcon2_coefficient_transfer,RoboFalcon2 S3-S4 coefficient transfer,0.296875,0.596222788404921,-0.03018631930138994,0.03018631930138994,0.9861085300708332,-0.04992594636340265,0.04992594636340265
0.0,robofalcon2_coefficient_transfer,RoboFalcon2 S3-S4 coefficient transfer,0.3046875,0.6314026441272925,-0.04553640884421461,0.04553640884421461,1.0442934174806238,-0.07531386264219204,0.07531386264219204
0.0,robofalcon2_coefficient_transfer,RoboFalcon2 S3-S4 coefficient transfer,0.3125,0.6672082055499065,-0.06133719281593139,0.06133719281593139,1.1035131759827685,-0.10144719427482075,0.10144719427482075
0.0,robofalcon2_coefficient_transfer,RoboFalcon2 S3-S4 coefficient transfer,0.3203125,0.7035411945127221,-0.07748873535138581,0.07748873535138581,1.1636052607470118,-0.1281606547090044,0.1281606547090044
0.0,robofalcon2_coefficient_transfer,RoboFalcon2 S3-S4 coefficient transfer,0.328125,0.7403061521334764,-0.09389378077346265,0.09389378077346265,1.224411789820665,-0.15529339022585423,0.15529339022585423
0.0,robofalcon2_coefficient_transfer,RoboFalcon2 S3-S4 coefficient transfer,0.3359375,0.7774297020247404,-0.11047354772127033,0.11047354772127033,1.285811404069263,-0.18271510226332835,0.18271510226332835
0.0,robofalcon2_coefficient_transfer,RoboFalcon2 S3-S4 coefficient transfer,0.34375,0.814850390994162,-0.1271623629994958,0.1271623629994958,1.3477024644438511,-0.21031717219873297,0.21031717219873297
0.0,robofalcon2_coefficient_transfer,RoboFalcon2 S3-S4 coefficient transfer,0.3515625,0.8525161177385218,-0.1439071334659795,0.1439071334659795,1.409998799230547,-0.23801178788971125,0.23801178788971125
0.0,robofalcon2_coefficient_transfer,RoboFalcon2 S3-S4 coefficient transfer,0.359375,0.8903814211318011,-0.16066619984077454,0.16066619984077454,1.472625219078951,-0.26573004795894056,0.26573004795894056
0.0,robofalcon2_coefficient_transfer,RoboFalcon2 S3-S4 coefficient transfer,0.3671875,0.9284047691762948,-0.17740778982950284,0.17740778982950284,1.5355130331271836,-0.293419403374221,0.293419403374221
0.0,robofalcon2_coefficient_transfer,RoboFalcon2 S3-S4 coefficient transfer,0.375,0.9665459337321337,-0.1941082458790966,0.1941082458790966,1.5985957069980865,-0.321040726287147,0.321040726287147
0.0,robofalcon2_coefficient_transfer,RoboFalcon2 S3-S4 coefficient transfer,0.3828125,1.0047639205853245,-0.21074924394007605,0.21074924394007605,1.6618054392843866,-0.3485637100709862,0.3485637100709862
0.0,robofalcon2_coefficient_transfer,RoboFalcon2 S3-S4 coefficient transfer,0.390625,1.0430121092465539,-0.22731841681583576,0.22731841681583576,1.7250651231342795,-0.37596790029443733,0.37596790029443733
0.0,robofalcon2_coefficient_transfer,RoboFalcon2 S3-S4 coefficient transfer,0.3984375,1.0812395250314888,-0.24380533569050516,0.24380533569050516,1.7882904501784505,-0.40323604846500993,0.40323604846500993
0.0,robofalcon2_coefficient_transfer,RoboFalcon2 S3-S4 coefficient transfer,0.40625,1.1193872865641679,-0.26020033107030976,0.26020033107030976,1.851384034962625,-0.4303521619529723,0.4303521619529723
0.0,robofalcon2_coefficient_transfer,RoboFalcon2 S3-S4 coefficient transfer,0.4140625,1.1573866502229244,-0.27649285984230665,0.27649285984230665,1.9142321806053155,-0.45729880322690386,0.45729880322690386
0.0,robofalcon2_coefficient_transfer,RoboFalcon2 S3-S4 coefficient transfer,0.421875,1.1951571559364786,-0.2926699653385039,0.2926699653385039,1.9767018120812758,-0.48405454291329425,0.48405454291329425
0.0,robofalcon2_coefficient_transfer,RoboFalcon2 S3-S4 coefficient transfer,0.4296875,1.2326048647338381,-0.3087148206640777,0.3087148206640777,2.0386375612589904,-0.5105915505688207,0.5105915505688207
0.0,robofalcon2_coefficient_transfer,RoboFalcon2 S3-S4 coefficient transfer,0.4375,1.2696206843418898,-0.3246053415448016,0.3246053415448016,2.0998589975625506,-0.536873300432277,0.536873300432277
0.0,robofalcon2_coefficient_transfer,RoboFalcon2 S3-S4 coefficient transfer,0.4453125,1.3060698633437728,-0.3403100647750296,0.3403100647750296,2.1601432520842434,-0.5628477546814357,0.5628477546814357
0.0,robofalcon2_coefficient_transfer,RoboFalcon2 S3-S4 coefficient transfer,0.453125,1.341813307384941,-0.35579413451533204,0.35579413451533204,2.219260273017646,-0.5884572643279439,0.5884572643279439
0.0,robofalcon2_coefficient_transfer,RoboFalcon2 S3-S4 coefficient transfer,0.4609375,1.376686775135383,-0.37101155228199423,0.37101155228199423,2.2769384173131066,-0.6136257512713946,0.6136257512713946
0.0,robofalcon2_coefficient_transfer,RoboFalcon2 S3-S4 coefficient transfer,0.46875,1.4105053672084253,-0.38590597858559694,0.38590597858559694,2.3328718750184576,-0.6382600341504299,0.6382600341504299
0.0,robofalcon2_coefficient_transfer,RoboFalcon2 S3-S4 coefficient transfer,0.4765625,1.4430626714465655,-0.40040959977174295,0.40040959977174295,2.386719255644804,-0.6622479541808556,0.6622479541808556
0.0,robofalcon2_coefficient_transfer,RoboFalcon2 S3-S4 coefficient transfer,0.484375,1.474130235274791,-0.414442068557204,0.414442068557204,2.43810271547782,-0.6854566228805467,0.6854566228805467
0.0,robofalcon2_coefficient_transfer,RoboFalcon2 S3-S4 coefficient transfer,0.4921875,1.5034574493922577,-0.4279095453311989,0.4279095453311989,2.4866077652123613,-0.7077308364524504,0.7077308364524504
0.0,robofalcon2_coefficient_transfer,RoboFalcon2 S3-S4 coefficient transfer,0.5,1.5307719443900585,-0.4407038814474977,0.4407038814474977,2.531783925929009,-0.7288917250099457,0.7288917250099457
0.0,robofalcon2_coefficient_transfer,RoboFalcon2 S3-S4 coefficient transfer,0.5078125,1.5557471652407444,-0.4526900757388632,0.4526900757388632,2.573091099690603,-0.7487160065766116,0.7487160065766116
0.0,robofalcon2_coefficient_transfer,RoboFalcon2 S3-S4 coefficient transfer,0.515625,1.5780963766186622,-0.46373790080829047,0.46373790080829047,2.610055047410685,-0.7669882946400021,0.7669882946400021
0.0,robofalcon2_coefficient_transfer,RoboFalcon2 S3-S4 coefficient transfer,0.5234375,1.597490702687365,-0.47369315490213726,0.47369315490213726,2.642131832705135,-0.7834535508695204,0.7834535508695204
0.0,robofalcon2_coefficient_transfer,RoboFalcon2 S3-S4 coefficient transfer,0.53125,1.613588788475199,-0.48238681603207156,0.48238681603207156,2.6687568796203394,-0.7978322253591497,0.7978322253591497
0.0,robofalcon2_coefficient_transfer,RoboFalcon2 S3-S4 coefficient transfer,0.5390625,1.62604161303263,-0.4896360753198571,0.4896360753198571,2.689352933240515,-0.8098219657035352,0.8098219657035352
0.0,robofalcon2_coefficient_transfer,RoboFalcon2 S3-S4 coefficient transfer,0.546875,1.6344985133298562,-0.4952460710828023,0.4952460710828023,2.7033400227701923,-0.819100485047456,0.819100485047456
0.0,robofalcon2_coefficient_transfer,RoboFalcon2 S3-S4 coefficient transfer,0.5546875,1.6386144733826427,-0.4990124633220622,0.4990124633220622,2.7101475172108893,-0.8253298200996486,0.8253298200996486
0.0,robofalcon2_coefficient_transfer,RoboFalcon2 S3-S4 coefficient transfer,0.5625,1.6380586786549736,-0.5007249903872628,0.5007249903872628,2.7092282737123488,-0.8281622135938479,0.8281622135938479
0.0,robofalcon2_coefficient_transfer,RoboFalcon2 S3-S4 coefficient transfer,0.5703125,1.6324569995456975,-0.5001405097363901,0.5001405097363901,2.699963509500376,-0.8271955256934594,0.8271955256934594
0.0,robofalcon2_coefficient_transfer,RoboFalcon2 S3-S4 coefficient transfer,0.578125,1.6215990054255813,-0.49707900681209094,0.49707900681209094,2.6820051878301316,-0.8221320255938325,0.8221320255938325
0.0,robofalcon2_coefficient_transfer,RoboFalcon2 S3-S4 coefficient transfer,0.5859375,1.6052611101563097,-0.4913463268558244,0.4913463268558244,2.6549835137147655,-0.8126505956401667,0.8126505956401667
0.0,robofalcon2_coefficient_transfer,RoboFalcon2 S3-S4 coefficient transfer,0.59375,1.5832787983777683,-0.482769331016281,0.482769331016281,2.6186263908790406,-0.7984648769386338,0.7984648769386338
0.0,robofalcon2_coefficient_transfer,RoboFalcon2 S3-S4 coefficient transfer,0.6015625,1.5555587072131392,-0.4712058820480813,0.4712058820480813,2.5727794040087275,-0.779339784965738,0.779339784965738
0.0,robofalcon2_coefficient_transfer,RoboFalcon2 S3-S4 coefficient transfer,0.609375,1.5220901305618395,-0.45655593820486884,0.45655593820486884,2.517424846002867,-0.7551098580494939,0.7551098580494939
0.0,robofalcon2_coefficient_transfer,RoboFalcon2 S3-S4 coefficient transfer,0.6171875,1.4829553245789309,-0.43877341394226915,0.43877341394226915,2.4526987624768473,-0.7256988740975824,0.7256988740975824
0.0,robofalcon2_coefficient_transfer,RoboFalcon2 S3-S4 coefficient transfer,0.625,1.4383379574311213,-0.41787827070257133,0.41787827070257133,2.378904927035796,-0.6911398478637104,0.6911398478637104
0.0,robofalcon2_coefficient_transfer,RoboFalcon2 S3-S4 coefficient transfer,0.6328125,1.3884674042211538,-0.3939316384392753,0.3939316384392753,2.2964227091868845,-0.651533883783605,0.651533883783605
0.0,robofalcon2_coefficient_transfer,RoboFalcon2 S3-S4 coefficient transfer,0.640625,1.33381910492062,-0.36716197622842317,0.36716197622842317,2.206038451586986,-0.607258836323815,0.607258836323815
0.0,robofalcon2_coefficient_transfer,RoboFalcon2 S3-S4 coefficient transfer,0.6484375,1.274907593019468,-0.33785285134747517,0.33785285134747517,2.1086031546898103,-0.558783704852682,0.558783704852682
0.0,robofalcon2_coefficient_transfer,RoboFalcon2 S3-S4 coefficient transfer,0.65625,1.2123518190617681,-0.3063855860522532,0.3063855860522532,2.0051405170574883,-0.5067391682648816,0.5067391682648816
0.0,robofalcon2_coefficient_transfer,RoboFalcon2 S3-S4 coefficient transfer,0.6640625,1.1468659588850043,-0.2732361028699943,0.2732361028699943,1.8968317328661064,-0.45191236732874457,0.45191236732874457
0.0,robofalcon2_coefficient_transfer,RoboFalcon2 S3-S4 coefficient transfer,0.671875,1.079245750503809,-0.2389645255647613,0.2389645255647613,1.7849928941188393,-0.3952297054498091,0.3952297054498091
0.0,robofalcon2_coefficient_transfer,RoboFalcon2 S3-S4 coefficient transfer,0.6796875,1.0103502222095073,-0.20419658740756985,0.20419658740756985,1.6710447702698605,-0.3377260993204552,0.3377260993204552
0.0,robofalcon2_coefficient_transfer,RoboFalcon2 S3-S4 coefficient transfer,0.6875,0.9410787604204444,-0.1695967159635725,0.1695967159635725,1.5564748801396648,-0.28050046314247645,0.28050046314247645
0.0,robofalcon2_coefficient_transfer,RoboFalcon2 S3-S4 coefficient transfer,0.6953125,0.8723617688268921,-0.13585261202258989,0.13585261202258989,1.4428220428294827,-0.22469020331523712,0.22469020331523712
0.0,robofalcon2_coefficient_transfer,RoboFalcon2 S3-S4 coefficient transfer,0.703125,0.8050958449089199,-0.10359415751002359,0.10359415751002359,1.3315691644615404,-0.17133709809957437,0.17133709809957437
0.0,robofalcon2_coefficient_transfer,RoboFalcon2 S3-S4 coefficient transfer,0.7109375,0.7401191268694703,-0.07337825672098797,0.07337825672098797,1.2241024638241387,-0.12136222613677014,0.12136222613677014
0.0,robofalcon2_coefficient_transfer,RoboFalcon2 S3-S4 coefficient transfer,0.71875,0.6781809532385377,-0.04565152813957862,0.04565152813957862,1.1216612915940856,-0.07550426146850646,0.07550426146850646
0.0,robofalcon2_coefficient_transfer,RoboFalcon2 S3-S4 coefficient transfer,0.7265625,0.6199099715741624,-0.020725313724414475,0.020725313724414475,1.0252853844796177,-0.034278140737819776,0.034278140737819776
0.0,robofalcon2_coefficient_transfer,RoboFalcon2 S3-S4 coefficient transfer,0.734375,0.5657885773849055,0.001235709346423067,-0.001235709346423067,0.9357725890828967,0.0020437721450668107,-0.0020437721450668107
0.0,robofalcon2_coefficient_transfer,RoboFalcon2 S3-S4 coefficient transfer,0.7421875,0.5161371169535878,0.020209741195079404,-0.020209741195079404,0.8536527345352627,0.03342542178957618,-0.03342542178957618
0.0,robofalcon2_coefficient_transfer,RoboFalcon2 S3-S4 coefficient transfer,0.75,0.4711102029784844,0.036300149043207317,-0.036300149043207317,0.7791815388394349,0.060037769958632935,-0.060037769958632935
0.0,robofalcon2_coefficient_transfer,RoboFalcon2 S3-S4 coefficient transfer,0.7578125,0.44286234642126837,0.05110948216289453,-0.05110948216289453,0.7324616669240893,0.08453131498574135,-0.08453131498574135
0.0,robofalcon2_coefficient_transfer,RoboFalcon2 S3-S4 coefficient transfer,0.765625,0.4368616392689315,0.06741574570723795,-0.06741574570723795,0.7225369397508675,0.11150067256041299,-0.11150067256041299
0.0,robofalcon2_coefficient_transfer,RoboFalcon2 S3-S4 coefficient transfer,0.7734375,0.4313459182936542,0.08346192123106683,-0.08346192123106683,0.7134143439544827,0.13803986372650978,-0.13803986372650978
0.0,robofalcon2_coefficient_transfer,RoboFalcon2 S3-S4 coefficient transfer,0.78125,0.42654221923899405,0.09917000539428619,-0.09917000539428619,0.7054693799145029,0.16401987671102075,-0.16401987671102075
0.0,robofalcon2_coefficient_transfer,RoboFalcon2 S3-S4 coefficient transfer,0.7890625,0.4226138263460608,0.11449601749737466,-0.11449601749737466,0.6989721077261071,0.18936797067981484,-0.18936797067981484
0.0,robofalcon2_coefficient_transfer,RoboFalcon2 S3-S4 coefficient transfer,0.796875,0.4196595490341747,0.129419180286296,-0.129419180286296,0.6940859508832271,0.21404978158670823,-0.21404978158670823
0.0,robofalcon2_coefficient_transfer,RoboFalcon2 S3-S4 coefficient transfer,0.8046875,0.41771887621458964,0.14393172658195427,-0.14393172658195427,0.6908762211333979,0.23805246309018224,-0.23805246309018224
0.0,robofalcon2_coefficient_transfer,RoboFalcon2 S3-S4 coefficient transfer,0.8125,0.41678091973410863,0.15803075796783256,-0.15803075796783256,0.6893249102740595,0.26137122142303,-0.26137122142303
0.0,robofalcon2_coefficient_transfer,RoboFalcon2 S3-S4 coefficient transfer,0.8203125,0.4168063575270658,0.17170728981464486,-0.17170728981464486,0.6893669825079779,0.283991196670886,-0.283991196670886
0.0,robofalcon2_coefficient_transfer,RoboFalcon2 S3-S4 coefficient transfer,0.828125,0.4177021429577358,0.18495924995306823,-0.18495924995306823,0.6908485455603732,0.3059089616184797,-0.3059089616184797
0.0,robofalcon2_coefficient_transfer,RoboFalcon2 S3-S4 coefficient transfer,0.8359375,0.41936955568418577,0.19777461530497845,-0.19777461530497845,0.6936063232647443,0.3271046309811044,-0.3271046309811044
0.0,robofalcon2_coefficient_transfer,RoboFalcon2 S3-S4 coefficient transfer,0.84375,0.4216995341164861,0.2101371509241834,-0.2101371509241834,0.6974599357929054,0.3475513533548276,-0.3475513533548276
0.0,robofalcon2_coefficient_transfer,RoboFalcon2 S3-S4 coefficient transfer,0.8515625,0.4245791122691449,0.2220275840174617,-0.2220275840174617,0.7022225457342987,0.3672172529607231,-0.3672172529607231
0.0,robofalcon2_coefficient_transfer,RoboFalcon2 S3-S4 coefficient transfer,0.859375,0.4278961667111951,0.23342504339253142,-0.23342504339253142,0.7077087092014247,0.3860678103856752,-0.3860678103856752
0.0,robofalcon2_coefficient_transfer,RoboFalcon2 S3-S4 coefficient transfer,0.8671875,0.43154269770554515,0.244308444725408,-0.244308444725408,0.7137398025923974,0.40406815371244714,-0.40406815371244714
0.0,robofalcon2_coefficient_transfer,RoboFalcon2 S3-S4 coefficient transfer,0.875,0.4354169253584401,0.2546576383344015,-0.2546576383344015,0.7201474894675952,0.4211849568532424,-0.4211849568532424
0.0,robofalcon2_coefficient_transfer,RoboFalcon2 S3-S4 coefficient transfer,0.8828125,0.43942510205562274,0.2644469539794845,-0.2644469539794845,0.7267767181854324,0.4373757631238276,-0.4373757631238276
0.0,robofalcon2_coefficient_transfer,RoboFalcon2 S3-S4 coefficient transfer,0.890625,0.44347824792260554,0.27366724089584643,-0.27366724089584643,0.7334803225943579,0.45262543783392956,-0.45262543783392956
0.0,robofalcon2_coefficient_transfer,RoboFalcon2 S3-S4 coefficient transfer,0.8984375,0.4474982668950668,0.28230499368260703,-0.28230499368260703,0.7401291375623266,0.4669116440463009,-0.4669116440463009
0.0,robofalcon2_coefficient_transfer,RoboFalcon2 S3-S4 coefficient transfer,0.90625,0.4514148895218445,0.290349200256413,-0.290349200256413,0.7466069425983711,0.48021616858704125,-0.48021616858704125
0.0,robofalcon2_coefficient_transfer,RoboFalcon2 S3-S4 coefficient transfer,0.9140625,0.4551653023298847,0.2977911572225836,-0.2977911572225836,0.7528098488495554,0.4925246166830858,-0.4925246166830858
0.0,robofalcon2_coefficient_transfer,RoboFalcon2 S3-S4 coefficient transfer,0.921875,0.4586936969218501,0.3046241715299315,-0.3046241715299315,0.7586455533416652,0.5038259185212767,-0.5038259185212767
0.0,robofalcon2_coefficient_transfer,RoboFalcon2 S3-S4 coefficient transfer,0.9296875,0.46195079476960343,0.31084319370190044,-0.31084319370190044,0.7640325530226697,0.5141117226397084,-0.5141117226397084
0.0,robofalcon2_coefficient_transfer,RoboFalcon2 S3-S4 coefficient transfer,0.9375,0.4648933841233161,0.3164444207665275,-0.3164444207665275,0.7688993788445317,0.5233757392031632,-0.5233757392031632
0.0,robofalcon2_coefficient_transfer,RoboFalcon2 S3-S4 coefficient transfer,0.9453125,0.46747896780400017,0.3214169050829932,-0.3214169050829932,0.7731757436066966,0.5315998616209399,-0.5315998616209399
0.0,robofalcon2_coefficient_transfer,RoboFalcon2 S3-S4 coefficient transfer,0.953125,0.46967947022917184,0.3257660812629522,-0.3257660812629522,0.7768152123658639,0.5387930783399992,-0.5387930783399992
0.0,robofalcon2_coefficient_transfer,RoboFalcon2 S3-S4 coefficient transfer,0.9609375,0.4714676644082657,0.32948955314327777,-0.32948955314327777,0.7797727536871962,0.5449514262832085,-0.5449514262832085
0.0,robofalcon2_coefficient_transfer,RoboFalcon2 S3-S4 coefficient transfer,0.96875,0.47282096269739055,0.3325847063130477,-0.3325847063130477,0.7820110092731768,0.5500705814076735,-0.5500705814076735
0.0,robofalcon2_coefficient_transfer,RoboFalcon2 S3-S4 coefficient transfer,0.9765625,0.47372119804697455,0.3350484441521604,-0.3350484441521604,0.7834999321633451,0.5541454221320729,-0.5541454221320729
0.0,robofalcon2_coefficient_transfer,RoboFalcon2 S3-S4 coefficient transfer,0.984375,0.47415445766182795,0.3368769751508654,-0.3368769751508654,0.7842165116203048,0.5571696775788428,-0.5571696775788428
0.0,robofalcon2_coefficient_transfer,RoboFalcon2 S3-S4 coefficient transfer,0.9921875,0.4741109673804362,0.33806565506790226,-0.33806565506790226,0.7841445819015995,0.5591356665153775,-0.5591356665153775
5.0,fluxv_uvpm,FluxV current load channel,0.0,-0.4200951508459912,-0.10497755994837485,0.10497755994837485,-0.6948064041612639,-0.17362514372867316,0.17362514372867316
5.0,fluxv_uvpm,FluxV current load channel,0.0078125,-0.41621143457199805,-0.10538486712964337,0.10538486712964337,-0.6883830238064047,-0.1742987997740627,0.1742987997740627
5.0,fluxv_uvpm,FluxV current load channel,0.015625,-0.411084350968514,-0.10542978927301035,0.10542978927301035,-0.679903205567139,-0.17437309768689788,0.17437309768689788
5.0,fluxv_uvpm,FluxV current load channel,0.0234375,-0.4047313756668567,-0.10510739622046064,0.10510739622046064,-0.6693958528491162,-0.17383988334934233,0.17383988334934233
5.0,fluxv_uvpm,FluxV current load channel,0.03125,-0.39717117075785774,-0.10441280191680107,0.10441280191680107,-0.6568918313745392,-0.17269107558637548,0.17269107558637548
5.0,fluxv_uvpm,FluxV current load channel,0.0390625,-0.3882333246813262,-0.10327683236904428,0.10327683236904428,-0.6421092929879956,-0.17081226571407837,0.17081226571407837
5.0,fluxv_uvpm,FluxV current load channel,0.046875,-0.37790106687314173,-0.10166961648797435,0.10166961648797435,-0.6250205004129924,-0.16815404915340576,0.16815404915340576
5.0,fluxv_uvpm,FluxV current load channel,0.0546875,-0.36646611587501526,-0.09967179530609672,0.09967179530609672,-0.6061079346079156,-0.16484980022612766,0.16484980022612766
5.0,fluxv_uvpm,FluxV current load channel,0.0625,-0.35395906493606166,-0.09728057459581621,0.09728057459581621,-0.5854221945510352,-0.16089489748583147,0.16089489748583147
5.0,fluxv_uvpm,FluxV current load channel,0.0703125,-0.34041179989281495,-0.09449367354455611,0.09449367354455611,-0.5630160170649052,-0.15628556863668902,0.15628556863668902
5.0,fluxv_uvpm,FluxV current load channel,0.078125,-0.3255499247174523,-0.09117810939441609,0.09117810939441609,-0.5384355713518508,-0.15080187000249717,0.15080187000249717
5.0,fluxv_uvpm,FluxV current load channel,0.0859375,-0.30971406900097753,-0.087447956201859,0.087447956201859,-0.5122442336393759,-0.14463247166149754,0.14463247166149754
5.0,fluxv_uvpm,FluxV current load channel,0.09375,-0.2930014812474579,-0.08333175264648905,0.08333175264648905,-0.4846028457826768,-0.1378245744854816,0.1378245744854816
5.0,fluxv_uvpm,FluxV current load channel,0.1015625,-0.27545587744986066,-0.07883798552712906,0.07883798552712906,-0.455583710810762,-0.13039221501393589,0.13039221501393589
5.0,fluxv_uvpm,FluxV current load channel,0.109375,-0.2570445661591696,-0.07393951668349719,0.07393951668349719,-0.42513275947743306,-0.122290508730762,0.122290508730762
5.0,fluxv_uvpm,FluxV current load channel,0.1171875,-0.23773990185854751,-0.06861277531822874,0.06861277531822874,-0.39320426813625875,-0.1134804712750903,0.1134804712750903
5.0,fluxv_uvpm,FluxV current load channel,0.125,-0.2178116186757276,-0.06298809630737047,0.06298809630737047,-0.36024435714590647,-0.10417766692177731,0.10417766692177731
5.0,fluxv_uvpm,FluxV current load channel,0.1328125,-0.19731379801734636,-0.05709846278559788,0.05709846278559788,-0.32634247316530907,-0.09443664734359451,0.09443664734359451
5.0,fluxv_uvpm,FluxV current load channel,0.140625,-0.176301369284402,-0.05098028284719611,0.05098028284719611,-0.29158946537354774,-0.08431762884397147,0.08431762884397147
5.0,fluxv_uvpm,FluxV current load channel,0.1484375,-0.1547365608367814,-0.044652656493605614,0.044652656493605614,-0.25592286226293315,-0.07385220141696927,0.07385220141696927
5.0,fluxv_uvpm,FluxV current load channel,0.15625,-0.13279636422771876,-0.038241681367961085,0.038241681367961085,-0.21963539481220187,-0.06324892126663642,0.06324892126663642
5.0,fluxv_uvpm,FluxV current load channel,0.1640625,-0.11058642379946604,-0.03183051916676063,0.03183051916676063,-0.18290179097384798,-0.052645331707127915,0.052645331707127915
5.0,fluxv_uvpm,FluxV current load channel,0.171875,-0.08816349235725936,-0.025486229234124927,0.025486229234124927,-0.14581591570311506,-0.04215234394905895,0.04215234394905895
5.0,fluxv_uvpm,FluxV current load channel,0.1796875,-0.06558024918590533,-0.0192933396034786,0.0192933396034786,-0.10846489665281352,-0.031909761127115355,0.031909761127115355
5.0,fluxv_uvpm,FluxV current load channel,0.1875,-0.0429093895540352,-0.01345234722209867,0.01345234722209867,-0.07096896643713925,-0.022249190408631294,0.022249190408631294
5.0,fluxv_uvpm,FluxV current load channel,0.1953125,-0.020246075430842884,-0.007987427107021876,0.007987427107021876,-0.03348551593645679,-0.013210615489262402,0.013210615489262402
5.0,fluxv_uvpm,FluxV current load channel,0.203125,0.0023686959801617483,-0.0029654771518407984,0.0029654771518407984,0.003917648497520452,-0.004904680552354806,0.004904680552354806
5.0,fluxv_uvpm,FluxV current load channel,0.2109375,0.02489688252490905,0.0015502634797574795,-0.0015502634797574795,0.04117760794696528,0.002564021488235899,-0.002564021488235899
5.0,fluxv_uvpm,FluxV current load channel,0.21875,0.04726612644613526,0.005355646545069656,-0.005355646545069656,0.07817468801659758,0.008857844491765462,-0.008857844491765462
5.0,fluxv_uvpm,FluxV current load channel,0.2265625,0.06944047956775569,0.008407642611254295,-0.008407642611254295,0.11484943307377969,0.01390562094905067,-0.01390562094905067
5.0,fluxv_uvpm,FluxV current load channel,0.234375,0.09143060093252112,0.010786726863415003,-0.010786726863415003,0.15121947238928649,0.01784045088248751,-0.01784045088248751
5.0,fluxv_uvpm,FluxV current load channel,0.2421875,0.1132279839912136,0.012483421395900396,-0.012483421395900396,0.1872707367579342,0.020646658534973442,-0.020646658534973442
5.0,fluxv_uvpm,FluxV current load channel,0.25,0.13482697590120704,0.013495022839406704,-0.013495022839406704,0.2229938767948266,0.022319772733010536,-0.022319772733010536
5.0,fluxv_uvpm,FluxV current load channel,0.2578125,0.15615372080947534,0.013588138145493641,-0.013588138145493641,0.25826674036475333,0.022473778583505008,-0.022473778583505008
5.0,fluxv_uvpm,FluxV current load channel,0.265625,0.17729647958627806,0.013066906432660813,-0.013066906432660813,0.2932353044392879,0.021611699763030925,-0.021611699763030925
5.0,fluxv_uvpm,FluxV current load channel,0.2734375,0.1982660696630749,0.011970030265344971,-0.011970030265344971,0.327917460252451,0.019797547459467907,-0.019797547459467907
5.0,fluxv_uvpm,FluxV current load channel,0.28125,0.21907390155097847,0.01033831140315571,-0.01033831140315571,0.3623320799482792,0.017098804774729182,-0.017098804774729182
5.0,fluxv_uvpm,FluxV current load channel,0.2890625,0.2397114995404695,0.008148648554733896,-0.008148648554733896,0.3964651453281764,0.013477263876259681,-0.013477263876259681
5.0,fluxv_uvpm,FluxV current load channel,0.296875,0.2601949519399961,0.005466823731916882,-0.005466823731916882,0.4303432652680588,0.009041723361260924,-0.009041723361260924
5.0,fluxv_uvpm,FluxV current load channel,0.3046875,0.2805664225211372,0.0024431994206769456,-0.0024431994206769456,0.4640361755372103,0.00404087169468843,-0.00404087169468843
5.0,fluxv_uvpm,FluxV current load channel,0.3125,0.3008344125059291,-0.0008803356565994015,0.0008803356565994015,0.49755793653004887,-0.0014560102652577721,0.0014560102652577721
5.0,fluxv_uvpm,FluxV current load channel,0.3203125,0.3210064470591444,-0.004463391392017453,0.004463391392017453,0.5309209943142471,-0.007382120258248104,0.007382120258248104
5.0,fluxv_uvpm,FluxV current load channel,0.328125,0.34106035485124536,-0.008318834580070624,0.008318834580070624,0.5640886791455327,-0.013758739013653161,0.013758739013653161
5.0,fluxv_uvpm,FluxV current load channel,0.3359375,0.3610233656510053,-0.012337969951082078,0.012337969951082078,0.5971060270536942,-0.020406092569975373,0.020406092569975373
5.0,fluxv_uvpm,FluxV current load channel,0.34375,0.3808982936532456,-0.016485499632779364,0.016485499632779364,0.6299776925094641,-0.027265800849132965,0.027265800849132965
5.0,fluxv_uvpm,FluxV current load channel,0.3515625,0.40068175585711935,-0.020739321260475764,0.020739321260475764,0.662698080278884,-0.034301308169632075,0.034301308169632075
5.0,fluxv_uvpm,FluxV current load channel,0.359375,0.4203566616321711,-0.02508593515517471,0.02508593515517471,0.695238923719343,-0.04149028705779908,0.04149028705779908
5.0,fluxv_uvpm,FluxV current load channel,0.3671875,0.43988821106849535,-0.029508393913440113,0.029508393913440113,0.7275426663457973,-0.04880470775795221,0.04880470775795221
5.0,fluxv_uvpm,FluxV current load channel,0.375,0.4592891143776131,-0.0339741755822838,0.0339741755822838,0.7596303299109267,-0.056190781357826,0.056190781357826
5.0,fluxv_uvpm,FluxV current load channel,0.3828125,0.47854324000901416,-0.03847466409296976,0.03847466409296976,0.7914752340196328,-0.06363425751502914,0.06363425751502914
5.0,fluxv_uvpm,FluxV current load channel,0.390625,0.49763284414742304,-0.04300217240947783,0.04300217240947783,0.823048031709774,-0.07112242243878099,0.07112242243878099
5.0,fluxv_uvpm,FluxV current load channel,0.3984375,0.5164721650700382,-0.04755321500113735,0.04755321500113735,0.8542068794154003,-0.07864951131835472,0.07864951131835472
5.0,fluxv_uvpm,FluxV current load channel,0.40625,0.535045300186814,-0.052116583661628406,0.052116583661628406,0.884925475425139,-0.08619698660692422,0.08619698660692422
5.0,fluxv_uvpm,FluxV current load channel,0.4140625,0.5533404930791959,-0.056686670533757026,0.056686670533757026,0.9151843754895502,-0.09375557332218096,0.09375557332218096
5.0,fluxv_uvpm,FluxV current load channel,0.421875,0.5713218127524596,-0.06125985561893515,0.06125985561893515,0.9449241523926994,-0.10131928425337762,0.10131928425337762
5.0,fluxv_uvpm,FluxV current load channel,0.4296875,0.5889271266706815,-0.06583222137453967,0.06583222137453967,0.9740420435014554,-0.10888164007387208,0.10888164007387208
5.0,fluxv_uvpm,FluxV current load channel,0.4375,0.6059576827432438,-0.07039488990747525,0.07039488990747525,1.002209327512743,-0.11642795740308809,0.11642795740308809
5.0,fluxv_uvpm,FluxV current load channel,0.4453125,0.622474925720101,-0.0749426620163426,0.0749426620163426,1.0295276295124138,-0.12394963714526969,0.12394963714526969
5.0,fluxv_uvpm,FluxV current load channel,0.453125,0.6384184821087435,-0.07946925795064594,0.07946925795064594,1.0558970961954421,-0.13143629305612858,0.13143629305612858
5.0,fluxv_uvpm,FluxV current load channel,0.4609375,0.6537250466007729,-0.08396772538625305,0.08396772538625305,1.0812130252494965,-0.13887642650417345,0.13887642650417345
5.0,fluxv_uvpm,FluxV current load channel,0.46875,0.6681377068906674,-0.08841783574173043,0.08841783574173043,1.1050505026644422,-0.14623658090724956,0.14623658090724956
5.0,fluxv_uvpm,FluxV current load channel,0.4765625,0.6815495316299836,-0.09280107302660089,0.09280107302660089,1.1272326718744399,-0.1534861321823675,0.1534861321823675
5.0,fluxv_uvpm,FluxV current load channel,0.484375,0.6939951927561387,-0.09710946625052971,0.09710946625052971,1.1478168777074742,-0.1606118968992475,0.1606118968992475
5.0,fluxv_uvpm,FluxV current load channel,0.4921875,0.7053850879904698,-0.10132710847621121,0.10132710847621121,1.1666549246013798,-0.16758756615646964,0.16758756615646964
5.0,fluxv_uvpm,FluxV current load channel,0.5,0.7156270402937677,-0.10543687113471574,0.10543687113471574,1.1835943585298956,-0.1743848105639839,0.1743848105639839
5.0,fluxv_uvpm,FluxV current load channel,0.5078125,0.7240517690448425,-0.10934937042902527,0.10934937042902527,1.1975282386943782,-0.1808557959121563,0.1808557959121563
5.0,fluxv_uvpm,FluxV current load channel,0.515625,0.7310009487493553,-0.11307907569744594,0.11307907569744594,1.2090216695341287,-0.18702445341966156,0.18702445341966156
5.0,fluxv_uvpm,FluxV current load channel,0.5234375,0.7363708330104576,-0.11659685656622222,0.11659685656622222,1.217903062158407,-0.19284260359621,0.19284260359621
5.0,fluxv_uvpm,FluxV current load channel,0.53125,0.7400582504233483,-0.11987204983619694,0.11987204983619694,1.2240017786709227,-0.19825953177131897,0.19825953177131897
5.0,fluxv_uvpm,FluxV current load channel,0.5390625,0.7416310900506833,-0.12281471101251254,0.12281471101251254,1.22660313944262,-0.20312647638247053,0.20312647638247053
5.0,fluxv_uvpm,FluxV current load channel,0.546875,0.7407953246544929,-0.12533441954802357,0.12533441954802357,1.2252208451017306,-0.20729388851176378,0.20729388851176378
5.0,fluxv_uvpm,FluxV current load channel,0.5546875,0.7378708702873918,-0.1274526605748141,0.1274526605748141,1.2203840132105572,-0.2107973029834789,0.2107973029834789
5.0,fluxv_uvpm,FluxV current load channel,0.5625,0.7327822833466585,-0.1291271083193321,0.1291271083193321,1.2119678656129644,-0.21356671608901368,0.21356671608901368
5.0,fluxv_uvpm,FluxV current load channel,0.5703125,0.7254601642080348,-0.1303147320434426,0.1303147320434426,1.1998576204475482,-0.21553095816032558,0.21553095816032558
5.0,fluxv_uvpm,FluxV current load channel,0.578125,0.7150557773097728,-0.13076310362090734,0.13076310362090734,1.1826495316759302,-0.2162725316891774,0.2162725316891774
5.0,fluxv_uvpm,FluxV current load channel,0.5859375,0.7021689436233084,-0.1305529277191657,0.1305529277191657,1.1613356589576063,-0.21592491624482776,0.21592491624482776
5.0,fluxv_uvpm,FluxV current load channel,0.59375,0.686937324306306,-0.12967694252634013,0.12967694252634013,1.1361436836970313,-0.21447610132587436,0.21447610132587436
5.0,fluxv_uvpm,FluxV current load channel,0.6015625,0.6693830850935282,-0.12810002787684144,0.12810002787684144,1.1071102663851324,-0.2118680007679865,0.2118680007679865
5.0,fluxv_uvpm,FluxV current load channel,0.609375,0.6493020715829644,-0.1257033987606437,0.1257033987606437,1.073897750694125,-0.2079041529230872,0.2079041529230872
5.0,fluxv_uvpm,FluxV current load channel,0.6171875,0.6264776701135367,-0.12232193683132318,0.12232193683132318,1.0361478736003997,-0.20231146422104423,0.20231146422104423
5.0,fluxv_uvpm,FluxV current load channel,0.625,0.6016721167094861,-0.11816205107842631,0.11816205107842631,0.9951213172852638,-0.19543131991118634,0.19543131991118634
5.0,fluxv_uvpm,FluxV current load channel,0.6328125,0.5750267347842716,-0.11323367232605874,0.11323367232605874,0.9510518202542235,-0.18728014484434383,0.18728014484434383
5.0,fluxv_uvpm,FluxV current load channel,0.640625,0.5466939021779701,-0.10755404548287077,0.10755404548287077,0.9041914042193232,-0.17788646082788648,0.17788646082788648
5.0,fluxv_uvpm,FluxV current load channel,0.6484375,0.5165297994380952,-0.10097943687086441,0.10097943687086441,0.8543022024105482,-0.16701254295647908,0.16701254295647908
5.0,fluxv_uvpm,FluxV current load channel,0.65625,0.48512520019266697,-0.09373271106914699,0.09373271106914699,0.802361310848482,-0.15502699281124585,0.15502699281124585
5.0,fluxv_uvpm,FluxV current load channel,0.6640625,0.4528424078019863,-0.085977761907719,0.085977761907719,0.7489679525769496,-0.14220087870244358,0.14220087870244358
5.0,fluxv_uvpm,FluxV current load channel,0.671875,0.4198810707161791,-0.07780797075704146,0.07780797075704146,0.6944523314115605,-0.1286886465314234,0.1286886465314234
5.0,fluxv_uvpm,FluxV current load channel,0.6796875,0.3864315182022282,-0.06931892671990063,0.06931892671990063,0.6391292379261472,-0.11464839362601731,0.11464839362601731
5.0,fluxv_uvpm,FluxV current load channel,0.6875,0.35276495813577413,-0.06068757981532261,0.06068757981532261,0.5834472299497503,-0.10037278227044401,0.10037278227044401
5.0,fluxv_uvpm,FluxV current load channel,0.6953125,0.31918079326133714,-0.05214942373116868,0.05214942373116868,0.5279014975456142,-0.08625130166051086,0.08625130166051086
5.0,fluxv_uvpm,FluxV current load channel,0.703125,0.2858091472202515,-0.04383503096642249,0.04383503096642249,0.47270725562195637,-0.07249990908189104,0.07249990908189104
5.0,fluxv_uvpm,FluxV current load channel,0.7109375,0.25276790252408865,-0.035872997210869464,0.035872997210869464,0.41805947316095476,-0.059331292323602194,0.059331292323602194
5.0,fluxv_uvpm,FluxV current load channel,0.71875,0.22028521569578863,-0.028546625325596056,0.028546625325596056,0.36433550422863653,-0.0472140134287997,0.0472140134287997
5.0,fluxv_uvpm,FluxV current load channel,0.7265625,0.1884486692369352,-0.02203095231410456,0.02203095231410456,0.3116802038248041,-0.0364375706950804,0.0364375706950804
5.0,fluxv_uvpm,FluxV current load channel,0.734375,0.15720383251229736,-0.016316810971491014,0.016316810971491014,0.2600035476921793,-0.02698680224146871,0.02698680224146871
5.0,fluxv_uvpm,FluxV current load channel,0.7421875,0.12656607444654464,-0.011470539773021034,0.011470539773021034,0.20933095489895176,-0.018971427014646196,0.018971427014646196
5.0,fluxv_uvpm,FluxV current load channel,0.75,0.09654254104578396,-0.007548502603534994,0.007548502603534994,0.15967424441231795,-0.012484666724198483,0.012484666724198483
5.0,fluxv_uvpm,FluxV current load channel,0.7578125,0.06735515168773856,-0.004972251740269276,0.004972251740269276,0.11140045452000652,-0.008223737753896641,0.008223737753896641
5.0,fluxv_uvpm,FluxV current load channel,0.765625,0.03874664814228891,-0.003363990962160317,0.003363990962160317,0.06408409907810383,-0.0055637930105660125,0.0055637930105660125
5.0,fluxv_uvpm,FluxV current load channel,0.7734375,0.010703061086632817,-0.002698489849039756,0.002698489849039756,0.017702073856710555,-0.004463103239590457,0.004463103239590457
5.0,fluxv_uvpm,FluxV current load channel,0.78125,-0.016787568174662062,-0.002943296700200538,0.002943296700200538,-0.027765399944654767,-0.0048679957207974625,0.0048679957207974625
5.0,fluxv_uvpm,FluxV current load channel,0.7890625,-0.04364561227523889,-0.004183179262998037,0.004183179262998037,-0.07218662453329015,-0.006918670058039229,0.006918670058039229
5.0,fluxv_uvpm,FluxV current load channel,0.796875,-0.06983774026639648,-0.006346313750682107,0.006346313750682107,-0.11550647297767136,-0.010496335003893313,0.010496335003893313
5.0,fluxv_uvpm,FluxV current load channel,0.8046875,-0.09547063337484071,-0.00917162092293605,0.00917162092293605,-0.1579013881607256,-0.015169184745318802,0.015169184745318802
5.0,fluxv_uvpm,FluxV current load channel,0.8125,-0.12052808156833247,-0.012588077738701173,0.012588077738701173,-0.1993445598843616,-0.020819752409224648,0.020819752409224648
5.0,fluxv_uvpm,FluxV current load channel,0.8203125,-0.14499108495225152,-0.016523693758661615,0.016523693758661615,-0.2398045637238175,-0.027328971117132696,0.027328971117132696
5.0,fluxv_uvpm,FluxV current load channel,0.828125,-0.16860854679132495,-0.021003838483871076,0.021003838483871076,-0.2788661041933439,-0.034738800153188434,0.034738800153188434
5.0,fluxv_uvpm,FluxV current load channel,0.8359375,-0.19150119096550994,-0.025797076085174946,0.025797076085174946,-0.31672884968892323,-0.04266646172068277,0.04266646172068277
5.0,fluxv_uvpm,FluxV current load channel,0.84375,-0.2136670490157226,-0.03081826093806256,0.03081826093806256,-0.3533895445243733,-0.05097113123481111,0.05097113123481111
5.0,fluxv_uvpm,FluxV current load channel,0.8515625,-0.23506812042417338,-0.03600741398917546,0.03600741398917546,-0.3887853386452043,-0.05955360776382009,0.05955360776382009
5.0,fluxv_uvpm,FluxV current load channel,0.859375,-0.25556759605083784,-0.04130911129273646,0.04130911129273646,-0.4226899598213145,-0.06832222418802902,0.06832222418802902
5.0,fluxv_uvpm,FluxV current load channel,0.8671875,-0.2749457832003826,-0.04663698117133694,0.04663698117133694,-0.45474005253346583,-0.07713412812154198,0.07713412812154198
5.0,fluxv_uvpm,FluxV current load channel,0.875,-0.2933884522544373,-0.05192373551878564,0.05192373551878564,-0.4852428672952617,-0.08587802999814659,0.08587802999814659
5.0,fluxv_uvpm,FluxV current load channel,0.8828125,-0.31085712638803337,-0.05713246874017453,0.05713246874017453,-0.5141347662752582,-0.09449289068506582,0.09449289068506582
5.0,fluxv_uvpm,FluxV current load channel,0.890625,-0.3273141208704418,-0.06222858543751889,0.06222858543751889,-0.5413534217074792,-0.10292149194489349,0.10292149194489349
5.0,fluxv_uvpm,FluxV current load channel,0.8984375,-0.34241241478366824,-0.06712570950228906,0.06712570950228906,-0.5663248865808375,-0.11102097406298617,0.11102097406298617
5.0,fluxv_uvpm,FluxV current load channel,0.90625,-0.3562707634039846,-0.07180558665256374,0.07180558665256374,-0.5892455733659729,-0.1187611458030091,0.1187611458030091
5.0,fluxv_uvpm,FluxV current load channel,0.9140625,-0.36897971327612356,-0.07626660005144592,0.07626660005144592,-0.6102652393715057,-0.12613933303595065,0.12613933303595065
5.0,fluxv_uvpm,FluxV current load channel,0.921875,-0.380513228572889,-0.08049107545902916,0.08049107545902916,-0.6293408232589816,-0.13312630387219973,0.13312630387219973
5.0,fluxv_uvpm,FluxV current load channel,0.9296875,-0.3907782014692869,-0.08444751211456643,0.08444751211456643,-0.6463183315510821,-0.13966995837616103,0.13966995837616103
5.0,fluxv_uvpm,FluxV current load channel,0.9375,-0.3993975711492203,-0.088037334812508,0.088037334812508,-0.6605741334602231,-0.14560726042620936,0.14560726042620936
5.0,fluxv_uvpm,FluxV current load channel,0.9453125,-0.4067589073717064,-0.09133611223384551,0.09133611223384551,-0.6727492407907114,-0.1510631950487162,0.1510631950487162
5.0,fluxv_uvpm,FluxV current load channel,0.953125,-0.4128507804307655,-0.09433513205665478,0.09433513205665478,-0.6828247496516158,-0.1560233527056142,0.1560233527056142
5.0,fluxv_uvpm,FluxV current load channel,0.9609375,-0.41766333763824326,-0.09702622428605982,0.09702622428605982,-0.6907843644232079,-0.16047422082778567,0.16047422082778567
5.0,fluxv_uvpm,FluxV current load channel,0.96875,-0.4209011009007448,-0.09932900069882263,0.09932900069882263,-0.6961393861258242,-0.16428284322134826,0.16428284322134826
5.0,fluxv_uvpm,FluxV current load channel,0.9765625,-0.42263092797787716,-0.10124922315571404,0.10124922315571404,-0.6990003925641578,-0.16745874957917134,0.16745874957917134
5.0,fluxv_uvpm,FluxV current load channel,0.984375,-0.42307032990797183,-0.1028343884391677,0.1028343884391677,-0.6997271309576284,-0.17008049607726763,0.17008049607726763
5.0,fluxv_uvpm,FluxV current load channel,0.9921875,-0.4222232948529054,-0.1040789841717231,0.1040789841717231,-0.6983261974319163,-0.17213896564976763,0.17213896564976763
5.0,ptera_prescribed_wake_uvlm,Ptera prescribed-wake control,0.0,-0.4200951508459912,-0.10497755994837485,0.10497755994837485,-0.6948064041612639,-0.17362514372867316,0.17362514372867316
5.0,ptera_prescribed_wake_uvlm,Ptera prescribed-wake control,0.0078125,-0.41621143457199805,-0.10538486712964337,0.10538486712964337,-0.6883830238064047,-0.1742987997740627,0.1742987997740627
5.0,ptera_prescribed_wake_uvlm,Ptera prescribed-wake control,0.015625,-0.411084350968514,-0.10542978927301035,0.10542978927301035,-0.679903205567139,-0.17437309768689788,0.17437309768689788
5.0,ptera_prescribed_wake_uvlm,Ptera prescribed-wake control,0.0234375,-0.4047313756668567,-0.10510739622046064,0.10510739622046064,-0.6693958528491162,-0.17383988334934233,0.17383988334934233
5.0,ptera_prescribed_wake_uvlm,Ptera prescribed-wake control,0.03125,-0.39717117075785774,-0.10441280191680107,0.10441280191680107,-0.6568918313745392,-0.17269107558637548,0.17269107558637548
5.0,ptera_prescribed_wake_uvlm,Ptera prescribed-wake control,0.0390625,-0.3882333246813262,-0.10327683236904428,0.10327683236904428,-0.6421092929879956,-0.17081226571407837,0.17081226571407837
5.0,ptera_prescribed_wake_uvlm,Ptera prescribed-wake control,0.046875,-0.37790106687314173,-0.10166961648797435,0.10166961648797435,-0.6250205004129924,-0.16815404915340576,0.16815404915340576
5.0,ptera_prescribed_wake_uvlm,Ptera prescribed-wake control,0.0546875,-0.36646611587501526,-0.09967179530609672,0.09967179530609672,-0.6061079346079156,-0.16484980022612766,0.16484980022612766
5.0,ptera_prescribed_wake_uvlm,Ptera prescribed-wake control,0.0625,-0.35395906493606166,-0.09728057459581621,0.09728057459581621,-0.5854221945510352,-0.16089489748583147,0.16089489748583147
5.0,ptera_prescribed_wake_uvlm,Ptera prescribed-wake control,0.0703125,-0.34041179989281495,-0.09449367354455611,0.09449367354455611,-0.5630160170649052,-0.15628556863668902,0.15628556863668902
5.0,ptera_prescribed_wake_uvlm,Ptera prescribed-wake control,0.078125,-0.3255499247174523,-0.09117810939441609,0.09117810939441609,-0.5384355713518508,-0.15080187000249717,0.15080187000249717
5.0,ptera_prescribed_wake_uvlm,Ptera prescribed-wake control,0.0859375,-0.30971406900097753,-0.087447956201859,0.087447956201859,-0.5122442336393759,-0.14463247166149754,0.14463247166149754
5.0,ptera_prescribed_wake_uvlm,Ptera prescribed-wake control,0.09375,-0.2930014812474579,-0.08333175264648905,0.08333175264648905,-0.4846028457826768,-0.1378245744854816,0.1378245744854816
5.0,ptera_prescribed_wake_uvlm,Ptera prescribed-wake control,0.1015625,-0.27545587744986066,-0.07883798552712906,0.07883798552712906,-0.455583710810762,-0.13039221501393589,0.13039221501393589
5.0,ptera_prescribed_wake_uvlm,Ptera prescribed-wake control,0.109375,-0.2570445661591696,-0.07393951668349719,0.07393951668349719,-0.42513275947743306,-0.122290508730762,0.122290508730762
5.0,ptera_prescribed_wake_uvlm,Ptera prescribed-wake control,0.1171875,-0.23773990185854751,-0.06861277531822874,0.06861277531822874,-0.39320426813625875,-0.1134804712750903,0.1134804712750903
5.0,ptera_prescribed_wake_uvlm,Ptera prescribed-wake control,0.125,-0.2178116186757276,-0.06298809630737047,0.06298809630737047,-0.36024435714590647,-0.10417766692177731,0.10417766692177731
5.0,ptera_prescribed_wake_uvlm,Ptera prescribed-wake control,0.1328125,-0.19731379801734636,-0.05709846278559788,0.05709846278559788,-0.32634247316530907,-0.09443664734359451,0.09443664734359451
5.0,ptera_prescribed_wake_uvlm,Ptera prescribed-wake control,0.140625,-0.176301369284402,-0.05098028284719611,0.05098028284719611,-0.29158946537354774,-0.08431762884397147,0.08431762884397147
5.0,ptera_prescribed_wake_uvlm,Ptera prescribed-wake control,0.1484375,-0.1547365608367814,-0.044652656493605614,0.044652656493605614,-0.25592286226293315,-0.07385220141696927,0.07385220141696927
5.0,ptera_prescribed_wake_uvlm,Ptera prescribed-wake control,0.15625,-0.13279636422771876,-0.038241681367961085,0.038241681367961085,-0.21963539481220187,-0.06324892126663642,0.06324892126663642
5.0,ptera_prescribed_wake_uvlm,Ptera prescribed-wake control,0.1640625,-0.11058642379946604,-0.03183051916676063,0.03183051916676063,-0.18290179097384798,-0.052645331707127915,0.052645331707127915
5.0,ptera_prescribed_wake_uvlm,Ptera prescribed-wake control,0.171875,-0.08816349235725936,-0.025486229234124927,0.025486229234124927,-0.14581591570311506,-0.04215234394905895,0.04215234394905895
5.0,ptera_prescribed_wake_uvlm,Ptera prescribed-wake control,0.1796875,-0.06558024918590533,-0.0192933396034786,0.0192933396034786,-0.10846489665281352,-0.031909761127115355,0.031909761127115355
5.0,ptera_prescribed_wake_uvlm,Ptera prescribed-wake control,0.1875,-0.0429093895540352,-0.01345234722209867,0.01345234722209867,-0.07096896643713925,-0.022249190408631294,0.022249190408631294
5.0,ptera_prescribed_wake_uvlm,Ptera prescribed-wake control,0.1953125,-0.020246075430842884,-0.007987427107021876,0.007987427107021876,-0.03348551593645679,-0.013210615489262402,0.013210615489262402
5.0,ptera_prescribed_wake_uvlm,Ptera prescribed-wake control,0.203125,0.0023686959801617483,-0.0029654771518407984,0.0029654771518407984,0.003917648497520452,-0.004904680552354806,0.004904680552354806
5.0,ptera_prescribed_wake_uvlm,Ptera prescribed-wake control,0.2109375,0.02489688252490905,0.0015502634797574795,-0.0015502634797574795,0.04117760794696528,0.002564021488235899,-0.002564021488235899
5.0,ptera_prescribed_wake_uvlm,Ptera prescribed-wake control,0.21875,0.04726612644613526,0.005355646545069656,-0.005355646545069656,0.07817468801659758,0.008857844491765462,-0.008857844491765462
5.0,ptera_prescribed_wake_uvlm,Ptera prescribed-wake control,0.2265625,0.06944047956775569,0.008407642611254295,-0.008407642611254295,0.11484943307377969,0.01390562094905067,-0.01390562094905067
5.0,ptera_prescribed_wake_uvlm,Ptera prescribed-wake control,0.234375,0.09143060093252112,0.010786726863415003,-0.010786726863415003,0.15121947238928649,0.01784045088248751,-0.01784045088248751
5.0,ptera_prescribed_wake_uvlm,Ptera prescribed-wake control,0.2421875,0.1132279839912136,0.012483421395900396,-0.012483421395900396,0.1872707367579342,0.020646658534973442,-0.020646658534973442
5.0,ptera_prescribed_wake_uvlm,Ptera prescribed-wake control,0.25,0.13482697590120704,0.013495022839406704,-0.013495022839406704,0.2229938767948266,0.022319772733010536,-0.022319772733010536
5.0,ptera_prescribed_wake_uvlm,Ptera prescribed-wake control,0.2578125,0.15615372080947534,0.013588138145493641,-0.013588138145493641,0.25826674036475333,0.022473778583505008,-0.022473778583505008
5.0,ptera_prescribed_wake_uvlm,Ptera prescribed-wake control,0.265625,0.17729647958627806,0.013066906432660813,-0.013066906432660813,0.2932353044392879,0.021611699763030925,-0.021611699763030925
5.0,ptera_prescribed_wake_uvlm,Ptera prescribed-wake control,0.2734375,0.1982660696630749,0.011970030265344971,-0.011970030265344971,0.327917460252451,0.019797547459467907,-0.019797547459467907
5.0,ptera_prescribed_wake_uvlm,Ptera prescribed-wake control,0.28125,0.21907390155097847,0.01033831140315571,-0.01033831140315571,0.3623320799482792,0.017098804774729182,-0.017098804774729182
5.0,ptera_prescribed_wake_uvlm,Ptera prescribed-wake control,0.2890625,0.2397114995404695,0.008148648554733896,-0.008148648554733896,0.3964651453281764,0.013477263876259681,-0.013477263876259681
5.0,ptera_prescribed_wake_uvlm,Ptera prescribed-wake control,0.296875,0.2601949519399961,0.005466823731916882,-0.005466823731916882,0.4303432652680588,0.009041723361260924,-0.009041723361260924
5.0,ptera_prescribed_wake_uvlm,Ptera prescribed-wake control,0.3046875,0.2805664225211372,0.0024431994206769456,-0.0024431994206769456,0.4640361755372103,0.00404087169468843,-0.00404087169468843
5.0,ptera_prescribed_wake_uvlm,Ptera prescribed-wake control,0.3125,0.3008344125059291,-0.0008803356565994015,0.0008803356565994015,0.49755793653004887,-0.0014560102652577721,0.0014560102652577721
5.0,ptera_prescribed_wake_uvlm,Ptera prescribed-wake control,0.3203125,0.3210064470591444,-0.004463391392017453,0.004463391392017453,0.5309209943142471,-0.007382120258248104,0.007382120258248104
5.0,ptera_prescribed_wake_uvlm,Ptera prescribed-wake control,0.328125,0.34106035485124536,-0.008318834580070624,0.008318834580070624,0.5640886791455327,-0.013758739013653161,0.013758739013653161
5.0,ptera_prescribed_wake_uvlm,Ptera prescribed-wake control,0.3359375,0.3610233656510053,-0.012337969951082078,0.012337969951082078,0.5971060270536942,-0.020406092569975373,0.020406092569975373
5.0,ptera_prescribed_wake_uvlm,Ptera prescribed-wake control,0.34375,0.3808982936532456,-0.016485499632779364,0.016485499632779364,0.6299776925094641,-0.027265800849132965,0.027265800849132965
5.0,ptera_prescribed_wake_uvlm,Ptera prescribed-wake control,0.3515625,0.40068175585711935,-0.020739321260475764,0.020739321260475764,0.662698080278884,-0.034301308169632075,0.034301308169632075
5.0,ptera_prescribed_wake_uvlm,Ptera prescribed-wake control,0.359375,0.4203566616321711,-0.02508593515517471,0.02508593515517471,0.695238923719343,-0.04149028705779908,0.04149028705779908
5.0,ptera_prescribed_wake_uvlm,Ptera prescribed-wake control,0.3671875,0.43988821106849535,-0.029508393913440113,0.029508393913440113,0.7275426663457973,-0.04880470775795221,0.04880470775795221
5.0,ptera_prescribed_wake_uvlm,Ptera prescribed-wake control,0.375,0.4592891143776131,-0.0339741755822838,0.0339741755822838,0.7596303299109267,-0.056190781357826,0.056190781357826
5.0,ptera_prescribed_wake_uvlm,Ptera prescribed-wake control,0.3828125,0.47854324000901416,-0.03847466409296976,0.03847466409296976,0.7914752340196328,-0.06363425751502914,0.06363425751502914
5.0,ptera_prescribed_wake_uvlm,Ptera prescribed-wake control,0.390625,0.49763284414742304,-0.04300217240947783,0.04300217240947783,0.823048031709774,-0.07112242243878099,0.07112242243878099
5.0,ptera_prescribed_wake_uvlm,Ptera prescribed-wake control,0.3984375,0.5164721650700382,-0.04755321500113735,0.04755321500113735,0.8542068794154003,-0.07864951131835472,0.07864951131835472
5.0,ptera_prescribed_wake_uvlm,Ptera prescribed-wake control,0.40625,0.535045300186814,-0.052116583661628406,0.052116583661628406,0.884925475425139,-0.08619698660692422,0.08619698660692422
5.0,ptera_prescribed_wake_uvlm,Ptera prescribed-wake control,0.4140625,0.5533404930791959,-0.056686670533757026,0.056686670533757026,0.9151843754895502,-0.09375557332218096,0.09375557332218096
5.0,ptera_prescribed_wake_uvlm,Ptera prescribed-wake control,0.421875,0.5713218127524596,-0.06125985561893515,0.06125985561893515,0.9449241523926994,-0.10131928425337762,0.10131928425337762
5.0,ptera_prescribed_wake_uvlm,Ptera prescribed-wake control,0.4296875,0.5889271266706815,-0.06583222137453967,0.06583222137453967,0.9740420435014554,-0.10888164007387208,0.10888164007387208
5.0,ptera_prescribed_wake_uvlm,Ptera prescribed-wake control,0.4375,0.6059576827432438,-0.07039488990747525,0.07039488990747525,1.002209327512743,-0.11642795740308809,0.11642795740308809
5.0,ptera_prescribed_wake_uvlm,Ptera prescribed-wake control,0.4453125,0.622474925720101,-0.0749426620163426,0.0749426620163426,1.0295276295124138,-0.12394963714526969,0.12394963714526969
5.0,ptera_prescribed_wake_uvlm,Ptera prescribed-wake control,0.453125,0.6384184821087435,-0.07946925795064594,0.07946925795064594,1.0558970961954421,-0.13143629305612858,0.13143629305612858
5.0,ptera_prescribed_wake_uvlm,Ptera prescribed-wake control,0.4609375,0.6537250466007729,-0.08396772538625305,0.08396772538625305,1.0812130252494965,-0.13887642650417345,0.13887642650417345
5.0,ptera_prescribed_wake_uvlm,Ptera prescribed-wake control,0.46875,0.6681377068906674,-0.08841783574173043,0.08841783574173043,1.1050505026644422,-0.14623658090724956,0.14623658090724956
5.0,ptera_prescribed_wake_uvlm,Ptera prescribed-wake control,0.4765625,0.6815495316299836,-0.09280107302660089,0.09280107302660089,1.1272326718744399,-0.1534861321823675,0.1534861321823675
5.0,ptera_prescribed_wake_uvlm,Ptera prescribed-wake control,0.484375,0.6939951927561387,-0.09710946625052971,0.09710946625052971,1.1478168777074742,-0.1606118968992475,0.1606118968992475
5.0,ptera_prescribed_wake_uvlm,Ptera prescribed-wake control,0.4921875,0.7053850879904698,-0.10132710847621121,0.10132710847621121,1.1666549246013798,-0.16758756615646964,0.16758756615646964
5.0,ptera_prescribed_wake_uvlm,Ptera prescribed-wake control,0.5,0.7156270402937677,-0.10543687113471574,0.10543687113471574,1.1835943585298956,-0.1743848105639839,0.1743848105639839
5.0,ptera_prescribed_wake_uvlm,Ptera prescribed-wake control,0.5078125,0.7240517690448425,-0.10934937042902527,0.10934937042902527,1.1975282386943782,-0.1808557959121563,0.1808557959121563
5.0,ptera_prescribed_wake_uvlm,Ptera prescribed-wake control,0.515625,0.7310009487493553,-0.11307907569744594,0.11307907569744594,1.2090216695341287,-0.18702445341966156,0.18702445341966156
5.0,ptera_prescribed_wake_uvlm,Ptera prescribed-wake control,0.5234375,0.7363708330104576,-0.11659685656622222,0.11659685656622222,1.217903062158407,-0.19284260359621,0.19284260359621
5.0,ptera_prescribed_wake_uvlm,Ptera prescribed-wake control,0.53125,0.7400582504233483,-0.11987204983619694,0.11987204983619694,1.2240017786709227,-0.19825953177131897,0.19825953177131897
5.0,ptera_prescribed_wake_uvlm,Ptera prescribed-wake control,0.5390625,0.7416310900506833,-0.12281471101251254,0.12281471101251254,1.22660313944262,-0.20312647638247053,0.20312647638247053
5.0,ptera_prescribed_wake_uvlm,Ptera prescribed-wake control,0.546875,0.7407953246544929,-0.12533441954802357,0.12533441954802357,1.2252208451017306,-0.20729388851176378,0.20729388851176378
5.0,ptera_prescribed_wake_uvlm,Ptera prescribed-wake control,0.5546875,0.7378708702873918,-0.1274526605748141,0.1274526605748141,1.2203840132105572,-0.2107973029834789,0.2107973029834789
5.0,ptera_prescribed_wake_uvlm,Ptera prescribed-wake control,0.5625,0.7327822833466585,-0.1291271083193321,0.1291271083193321,1.2119678656129644,-0.21356671608901368,0.21356671608901368
5.0,ptera_prescribed_wake_uvlm,Ptera prescribed-wake control,0.5703125,0.7254601642080348,-0.1303147320434426,0.1303147320434426,1.1998576204475482,-0.21553095816032558,0.21553095816032558
5.0,ptera_prescribed_wake_uvlm,Ptera prescribed-wake control,0.578125,0.7150557773097728,-0.13076310362090734,0.13076310362090734,1.1826495316759302,-0.2162725316891774,0.2162725316891774
5.0,ptera_prescribed_wake_uvlm,Ptera prescribed-wake control,0.5859375,0.7021689436233084,-0.1305529277191657,0.1305529277191657,1.1613356589576063,-0.21592491624482776,0.21592491624482776
5.0,ptera_prescribed_wake_uvlm,Ptera prescribed-wake control,0.59375,0.686937324306306,-0.12967694252634013,0.12967694252634013,1.1361436836970313,-0.21447610132587436,0.21447610132587436
5.0,ptera_prescribed_wake_uvlm,Ptera prescribed-wake control,0.6015625,0.6693830850935282,-0.12810002787684144,0.12810002787684144,1.1071102663851324,-0.2118680007679865,0.2118680007679865
5.0,ptera_prescribed_wake_uvlm,Ptera prescribed-wake control,0.609375,0.6493020715829644,-0.1257033987606437,0.1257033987606437,1.073897750694125,-0.2079041529230872,0.2079041529230872
5.0,ptera_prescribed_wake_uvlm,Ptera prescribed-wake control,0.6171875,0.6264776701135367,-0.12232193683132318,0.12232193683132318,1.0361478736003997,-0.20231146422104423,0.20231146422104423
5.0,ptera_prescribed_wake_uvlm,Ptera prescribed-wake control,0.625,0.6016721167094861,-0.11816205107842631,0.11816205107842631,0.9951213172852638,-0.19543131991118634,0.19543131991118634
5.0,ptera_prescribed_wake_uvlm,Ptera prescribed-wake control,0.6328125,0.5750267347842716,-0.11323367232605874,0.11323367232605874,0.9510518202542235,-0.18728014484434383,0.18728014484434383
5.0,ptera_prescribed_wake_uvlm,Ptera prescribed-wake control,0.640625,0.5466939021779701,-0.10755404548287077,0.10755404548287077,0.9041914042193232,-0.17788646082788648,0.17788646082788648
5.0,ptera_prescribed_wake_uvlm,Ptera prescribed-wake control,0.6484375,0.5165297994380952,-0.10097943687086441,0.10097943687086441,0.8543022024105482,-0.16701254295647908,0.16701254295647908
5.0,ptera_prescribed_wake_uvlm,Ptera prescribed-wake control,0.65625,0.48512520019266697,-0.09373271106914699,0.09373271106914699,0.802361310848482,-0.15502699281124585,0.15502699281124585
5.0,ptera_prescribed_wake_uvlm,Ptera prescribed-wake control,0.6640625,0.4528424078019863,-0.085977761907719,0.085977761907719,0.7489679525769496,-0.14220087870244358,0.14220087870244358
5.0,ptera_prescribed_wake_uvlm,Ptera prescribed-wake control,0.671875,0.4198810707161791,-0.07780797075704146,0.07780797075704146,0.6944523314115605,-0.1286886465314234,0.1286886465314234
5.0,ptera_prescribed_wake_uvlm,Ptera prescribed-wake control,0.6796875,0.3864315182022282,-0.06931892671990063,0.06931892671990063,0.6391292379261472,-0.11464839362601731,0.11464839362601731
5.0,ptera_prescribed_wake_uvlm,Ptera prescribed-wake control,0.6875,0.35276495813577413,-0.06068757981532261,0.06068757981532261,0.5834472299497503,-0.10037278227044401,0.10037278227044401
5.0,ptera_prescribed_wake_uvlm,Ptera prescribed-wake control,0.6953125,0.31918079326133714,-0.05214942373116868,0.05214942373116868,0.5279014975456142,-0.08625130166051086,0.08625130166051086
5.0,ptera_prescribed_wake_uvlm,Ptera prescribed-wake control,0.703125,0.2858091472202515,-0.04383503096642249,0.04383503096642249,0.47270725562195637,-0.07249990908189104,0.07249990908189104
5.0,ptera_prescribed_wake_uvlm,Ptera prescribed-wake control,0.7109375,0.25276790252408865,-0.035872997210869464,0.035872997210869464,0.41805947316095476,-0.059331292323602194,0.059331292323602194
5.0,ptera_prescribed_wake_uvlm,Ptera prescribed-wake control,0.71875,0.22028521569578863,-0.028546625325596056,0.028546625325596056,0.36433550422863653,-0.0472140134287997,0.0472140134287997
5.0,ptera_prescribed_wake_uvlm,Ptera prescribed-wake control,0.7265625,0.1884486692369352,-0.02203095231410456,0.02203095231410456,0.3116802038248041,-0.0364375706950804,0.0364375706950804
5.0,ptera_prescribed_wake_uvlm,Ptera prescribed-wake control,0.734375,0.15720383251229736,-0.016316810971491014,0.016316810971491014,0.2600035476921793,-0.02698680224146871,0.02698680224146871
5.0,ptera_prescribed_wake_uvlm,Ptera prescribed-wake control,0.7421875,0.12656607444654464,-0.011470539773021034,0.011470539773021034,0.20933095489895176,-0.018971427014646196,0.018971427014646196
5.0,ptera_prescribed_wake_uvlm,Ptera prescribed-wake control,0.75,0.09654254104578396,-0.007548502603534994,0.007548502603534994,0.15967424441231795,-0.012484666724198483,0.012484666724198483
5.0,ptera_prescribed_wake_uvlm,Ptera prescribed-wake control,0.7578125,0.06735515168773856,-0.004972251740269276,0.004972251740269276,0.11140045452000652,-0.008223737753896641,0.008223737753896641
5.0,ptera_prescribed_wake_uvlm,Ptera prescribed-wake control,0.765625,0.03874664814228891,-0.003363990962160317,0.003363990962160317,0.06408409907810383,-0.0055637930105660125,0.0055637930105660125
5.0,ptera_prescribed_wake_uvlm,Ptera prescribed-wake control,0.7734375,0.010703061086632817,-0.002698489849039756,0.002698489849039756,0.017702073856710555,-0.004463103239590457,0.004463103239590457
5.0,ptera_prescribed_wake_uvlm,Ptera prescribed-wake control,0.78125,-0.016787568174662062,-0.002943296700200538,0.002943296700200538,-0.027765399944654767,-0.0048679957207974625,0.0048679957207974625
5.0,ptera_prescribed_wake_uvlm,Ptera prescribed-wake control,0.7890625,-0.04364561227523889,-0.004183179262998037,0.004183179262998037,-0.07218662453329015,-0.006918670058039229,0.006918670058039229
5.0,ptera_prescribed_wake_uvlm,Ptera prescribed-wake control,0.796875,-0.06983774026639648,-0.006346313750682107,0.006346313750682107,-0.11550647297767136,-0.010496335003893313,0.010496335003893313
5.0,ptera_prescribed_wake_uvlm,Ptera prescribed-wake control,0.8046875,-0.09547063337484071,-0.00917162092293605,0.00917162092293605,-0.1579013881607256,-0.015169184745318802,0.015169184745318802
5.0,ptera_prescribed_wake_uvlm,Ptera prescribed-wake control,0.8125,-0.12052808156833247,-0.012588077738701173,0.012588077738701173,-0.1993445598843616,-0.020819752409224648,0.020819752409224648
5.0,ptera_prescribed_wake_uvlm,Ptera prescribed-wake control,0.8203125,-0.14499108495225152,-0.016523693758661615,0.016523693758661615,-0.2398045637238175,-0.027328971117132696,0.027328971117132696
5.0,ptera_prescribed_wake_uvlm,Ptera prescribed-wake control,0.828125,-0.16860854679132495,-0.021003838483871076,0.021003838483871076,-0.2788661041933439,-0.034738800153188434,0.034738800153188434
5.0,ptera_prescribed_wake_uvlm,Ptera prescribed-wake control,0.8359375,-0.19150119096550994,-0.025797076085174946,0.025797076085174946,-0.31672884968892323,-0.04266646172068277,0.04266646172068277
5.0,ptera_prescribed_wake_uvlm,Ptera prescribed-wake control,0.84375,-0.2136670490157226,-0.03081826093806256,0.03081826093806256,-0.3533895445243733,-0.05097113123481111,0.05097113123481111
5.0,ptera_prescribed_wake_uvlm,Ptera prescribed-wake control,0.8515625,-0.23506812042417338,-0.03600741398917546,0.03600741398917546,-0.3887853386452043,-0.05955360776382009,0.05955360776382009
5.0,ptera_prescribed_wake_uvlm,Ptera prescribed-wake control,0.859375,-0.25556759605083784,-0.04130911129273646,0.04130911129273646,-0.4226899598213145,-0.06832222418802902,0.06832222418802902
5.0,ptera_prescribed_wake_uvlm,Ptera prescribed-wake control,0.8671875,-0.2749457832003826,-0.04663698117133694,0.04663698117133694,-0.45474005253346583,-0.07713412812154198,0.07713412812154198
5.0,ptera_prescribed_wake_uvlm,Ptera prescribed-wake control,0.875,-0.2933884522544373,-0.05192373551878564,0.05192373551878564,-0.4852428672952617,-0.08587802999814659,0.08587802999814659
5.0,ptera_prescribed_wake_uvlm,Ptera prescribed-wake control,0.8828125,-0.31085712638803337,-0.05713246874017453,0.05713246874017453,-0.5141347662752582,-0.09449289068506582,0.09449289068506582
5.0,ptera_prescribed_wake_uvlm,Ptera prescribed-wake control,0.890625,-0.3273141208704418,-0.06222858543751889,0.06222858543751889,-0.5413534217074792,-0.10292149194489349,0.10292149194489349
5.0,ptera_prescribed_wake_uvlm,Ptera prescribed-wake control,0.8984375,-0.34241241478366824,-0.06712570950228906,0.06712570950228906,-0.5663248865808375,-0.11102097406298617,0.11102097406298617
5.0,ptera_prescribed_wake_uvlm,Ptera prescribed-wake control,0.90625,-0.3562707634039846,-0.07180558665256374,0.07180558665256374,-0.5892455733659729,-0.1187611458030091,0.1187611458030091
5.0,ptera_prescribed_wake_uvlm,Ptera prescribed-wake control,0.9140625,-0.36897971327612356,-0.07626660005144592,0.07626660005144592,-0.6102652393715057,-0.12613933303595065,0.12613933303595065
5.0,ptera_prescribed_wake_uvlm,Ptera prescribed-wake control,0.921875,-0.380513228572889,-0.08049107545902916,0.08049107545902916,-0.6293408232589816,-0.13312630387219973,0.13312630387219973
5.0,ptera_prescribed_wake_uvlm,Ptera prescribed-wake control,0.9296875,-0.3907782014692869,-0.08444751211456643,0.08444751211456643,-0.6463183315510821,-0.13966995837616103,0.13966995837616103
5.0,ptera_prescribed_wake_uvlm,Ptera prescribed-wake control,0.9375,-0.3993975711492203,-0.088037334812508,0.088037334812508,-0.6605741334602231,-0.14560726042620936,0.14560726042620936
5.0,ptera_prescribed_wake_uvlm,Ptera prescribed-wake control,0.9453125,-0.4067589073717064,-0.09133611223384551,0.09133611223384551,-0.6727492407907114,-0.1510631950487162,0.1510631950487162
5.0,ptera_prescribed_wake_uvlm,Ptera prescribed-wake control,0.953125,-0.4128507804307655,-0.09433513205665478,0.09433513205665478,-0.6828247496516158,-0.1560233527056142,0.1560233527056142
5.0,ptera_prescribed_wake_uvlm,Ptera prescribed-wake control,0.9609375,-0.41766333763824326,-0.09702622428605982,0.09702622428605982,-0.6907843644232079,-0.16047422082778567,0.16047422082778567
5.0,ptera_prescribed_wake_uvlm,Ptera prescribed-wake control,0.96875,-0.4209011009007448,-0.09932900069882263,0.09932900069882263,-0.6961393861258242,-0.16428284322134826,0.16428284322134826
5.0,ptera_prescribed_wake_uvlm,Ptera prescribed-wake control,0.9765625,-0.42263092797787716,-0.10124922315571404,0.10124922315571404,-0.6990003925641578,-0.16745874957917134,0.16745874957917134
5.0,ptera_prescribed_wake_uvlm,Ptera prescribed-wake control,0.984375,-0.42307032990797183,-0.1028343884391677,0.1028343884391677,-0.6997271309576284,-0.17008049607726763,0.17008049607726763
5.0,ptera_prescribed_wake_uvlm,Ptera prescribed-wake control,0.9921875,-0.4222232948529054,-0.1040789841717231,0.1040789841717231,-0.6983261974319163,-0.17213896564976763,0.17213896564976763
5.0,ptera_free_wake_uvlm,Ptera free-wake UVLM,0.0,-0.41721563789792526,-0.10464738402592835,0.10464738402592835,-0.6900439020634596,-0.17307905709817126,0.17307905709817126
5.0,ptera_free_wake_uvlm,Ptera free-wake UVLM,0.0078125,-0.4132962463176281,-0.10503667903361401,0.10503667903361401,-0.6835615173824602,-0.17372292233656617,0.17372292233656617
5.0,ptera_free_wake_uvlm,Ptera free-wake UVLM,0.015625,-0.4081575854769038,-0.10506717464531316,0.10506717464531316,-0.6750625512464361,-0.17377335982975006,0.17377335982975006
5.0,ptera_free_wake_uvlm,Ptera free-wake UVLM,0.0234375,-0.4018163829187035,-0.10473393663428525,0.10473393663428525,-0.6645746697780386,-0.17322220873051483,0.17322220873051483
5.0,ptera_free_wake_uvlm,Ptera free-wake UVLM,0.03125,-0.3942904397774248,-0.10403206042207735,0.10403206042207735,-0.6521273147410103,-0.17206135722773405,0.17206135722773405
5.0,ptera_free_wake_uvlm,Ptera free-wake UVLM,0.0390625,-0.3854115209877681,-0.1028929007932347,0.1028929007932347,-0.6374422377420071,-0.17017727119653867,0.17017727119653867
5.0,ptera_free_wake_uvlm,Ptera free-wake UVLM,0.046875,-0.37516406029752086,-0.10128704978789903,0.10128704978789903,-0.6204936933476329,-0.16752131203969262,0.16752131203969262
5.0,ptera_free_wake_uvlm,Ptera free-wake UVLM,0.0546875,-0.36383036031690175,-0.09929375416840186,0.09929375416840186,-0.6017485892598605,-0.16422454805890352,0.16422454805890352
5.0,ptera_free_wake_uvlm,Ptera free-wake UVLM,0.0625,-0.3514398489127857,-0.09691008902042902,0.09691008902042902,-0.5812555970006638,-0.16028214166156166,0.16028214166156166
5.0,ptera_free_wake_uvlm,Ptera free-wake UVLM,0.0703125,-0.33802418824796887,-0.09413377169408425,0.09413377169408425,-0.5590670834527264,-0.15569031751304774,0.15569031751304774
5.0,ptera_free_wake_uvlm,Ptera free-wake UVLM,0.078125,-0.3233152499547858,-0.09083328208495815,0.09083328208495815,-0.5347395840661335,-0.15023155105818517,0.15023155105818517
5.0,ptera_free_wake_uvlm,Ptera free-wake UVLM,0.0859375,-0.3076387007280512,-0.08712031229023318,0.08712031229023318,-0.5088117275413683,-0.14409057279019746,0.14409057279019746
5.0,ptera_free_wake_uvlm,Ptera free-wake UVLM,0.09375,-0.2910917031504909,-0.08302323602708139,0.08302323602708139,-0.4814442136260632,-0.13731431074517672,0.13731431074517672
5.0,ptera_free_wake_uvlm,Ptera free-wake UVLM,0.1015625,-0.27371742054933196,-0.07855042154086,0.07855042154086,-0.45270843128084304,-0.1299166053839187,0.1299166053839187
5.0,ptera_free_wake_uvlm,Ptera free-wake UVLM,0.109375,-0.25548184153512915,-0.07367466895577625,0.07367466895577625,-0.4225481281753644,-0.1218524701174205,0.1218524701174205
5.0,ptera_free_wake_uvlm,Ptera free-wake UVLM,0.1171875,-0.23634984649467636,-0.06837140876139805,0.06837140876139805,-0.3909052190588975,-0.11308126878703827,0.11308126878703827
5.0,ptera_free_wake_uvlm,Ptera free-wake UVLM,0.125,-0.2165909292853335,-0.0627705637635554,0.0627705637635554,-0.3582254269006286,-0.10381788413387359,0.10381788413387359
5.0,ptera_free_wake_uvlm,Ptera free-wake UVLM,0.1328125,-0.19625592957872515,-0.056904569008299925,0.056904569008299925,-0.3245928367688072,-0.09411596133252692,0.09411596133252692
5.0,ptera_free_wake_uvlm,Ptera free-wake UVLM,0.140625,-0.17539635636457748,-0.05080925026453138,0.05080925026453138,-0.29009264073447144,-0.08403475356317762,0.08403475356317762
5.0,ptera_free_wake_uvlm,Ptera free-wake UVLM,0.1484375,-0.1539686855085043,-0.04450282750720147,0.04450282750720147,-0.25465285308855934,-0.07360439532096233,0.07360439532096233
5.0,ptera_free_wake_uvlm,Ptera free-wake UVLM,0.15625,-0.13214785166227683,-0.03811084633524325,0.03811084633524325,-0.2185628028464515,-0.06303252976952455,0.06303252976952455
5.0,ptera_free_wake_uvlm,Ptera free-wake UVLM,0.1640625,-0.1100388298254862,-0.031716244845888926,0.031716244845888926,-0.18199611091723436,-0.05245633040632036,0.05245633040632036
5.0,ptera_free_wake_uvlm,Ptera free-wake UVLM,0.171875,-0.08769738086236156,-0.02538590506723234,0.02538590506723234,-0.14504500165886583,-0.041986415174330806,0.041986415174330806
5.0,ptera_free_wake_uvlm,Ptera free-wake UVLM,0.1796875,-0.06517499691468706,-0.019204196638253145,0.019204196638253145,-0.10779463927713014,-0.031762325235508794,0.031762325235508794
5.0,ptera_free_wake_uvlm,Ptera free-wake UVLM,0.1875,-0.04253605033940898,-0.013370664128547132,0.013370664128547132,-0.07035149090397859,-0.022114092594726468,0.022114092594726468
5.0,ptera_free_wake_uvlm,Ptera free-wake UVLM,0.1953125,-0.019884280436768136,-0.007910835254313164,0.007910835254313164,-0.03288713369288555,-0.013083938212313547,0.013083938212313547
5.0,ptera_free_wake_uvlm,Ptera free-wake UVLM,0.203125,0.002737426585622071,-0.0028920502186850737,0.0028920502186850737,0.004527501730932364,-0.004783237818984094,0.004783237818984094
5.0,ptera_free_wake_uvlm,Ptera free-wake UVLM,0.2109375,0.025288568334410157,0.001621918192584897,-0.001621918192584897,0.041825427395279335,0.002682533099856662,-0.002682533099856662
5.0,ptera_free_wake_uvlm,Ptera free-wake UVLM,0.21875,0.0476941617109148,0.005426011139057309,-0.005426011139057309,0.07888262678374777,0.008974222341951006,-0.008974222341951006
5.0,ptera_free_wake_uvlm,Ptera free-wake UVLM,0.2265625,0.06991258677178212,0.008476144916554264,-0.008476144916554264,0.11563026357883946,0.014018918711060967,-0.014018918711060967
5.0,ptera_free_wake_uvlm,Ptera free-wake UVLM,0.234375,0.09194664805870884,0.010851940606461104,-0.010851940606461104,0.15207297628573038,0.01794830960500909,-0.01794830960500909
5.0,ptera_free_wake_uvlm,Ptera free-wake UVLM,0.2421875,0.11378294804429696,0.012543362596078357,-0.012543362596078357,0.18818860638195892,0.020745796860357324,-0.020745796860357324
5.0,ptera_free_wake_uvlm,Ptera free-wake UVLM,0.25,0.13541117925407198,0.013547251293391899,-0.013547251293391899,0.22396010606475655,0.022406154744883982,-0.022406154744883982
5.0,ptera_free_wake_uvlm,Ptera free-wake UVLM,0.2578125,0.15674489791176638,0.013628870021614909,-0.013628870021614909,0.25924450370203095,0.022541146103281343,-0.022541146103281343
5.0,ptera_free_wake_uvlm,Ptera free-wake UVLM,0.265625,0.1778696319346151,0.013093186027694926,-0.013093186027694926,0.2941832561625646,0.02165516427551505,-0.02165516427551505
5.0,ptera_free_wake_uvlm,Ptera free-wake UVLM,0.2734375,0.1987941898653722,0.011979299142796329,-0.011979299142796329,0.3287909321265828,0.01981287749934011,-0.01981287749934011
5.0,ptera_free_wake_uvlm,Ptera free-wake UVLM,0.28125,0.21952768439162507,0.010328375074712796,-0.010328375074712796,0.3630826033074392,0.01708237082013084,-0.01708237082013084
5.0,ptera_free_wake_uvlm,Ptera free-wake UVLM,0.2890625,0.24005259288872177,0.008117400614212374,-0.008117400614212374,0.3970292885759745,0.013425582086675866,-0.013425582086675866
5.0,ptera_free_wake_uvlm,Ptera free-wake UVLM,0.296875,0.2603823358029934,0.005413196815710948,-0.005413196815710948,0.43065318436087585,0.00895302839598873,-0.00895302839598873
5.0,ptera_free_wake_uvlm,Ptera free-wake UVLM,0.3046875,0.2805675093091162,0.0023670509756059184,-0.0023670509756059184,0.46403797300439426,0.00391492778127804,-0.00391492778127804
5.0,ptera_free_wake_uvlm,Ptera free-wake UVLM,0.3125,0.3006174167259956,-0.0009786872355827124,0.0009786872355827124,0.4971990415100275,-0.001618676525030975,0.001618676525030975
5.0,ptera_free_wake_uvlm,Ptera free-wake UVLM,0.3203125,0.32054056896505817,-0.004583195015146191,0.004583195015146191,0.5301504662977305,-0.007580266617290668,0.007580266617290668
5.0,ptera_free_wake_uvlm,Ptera free-wake UVLM,0.328125,0.340309666222145,-0.00845820035786799,0.00845820035786799,0.5628470955043514,-0.013989239734119759,0.013989239734119759
5.0,ptera_free_wake_uvlm,Ptera free-wake UVLM,0.3359375,0.3599624524992256,-0.012495016862841563,0.012495016862841563,0.5953513549261273,-0.020665836582312812,0.020665836582312812
5.0,ptera_free_wake_uvlm,Ptera free-wake UVLM,0.34375,0.3795059061320412,-0.01665822622779205,0.01665822622779205,0.6276747862158332,-0.02755147790144386,0.02755147790144386
5.0,ptera_free_wake_uvlm,Ptera free-wake UVLM,0.3515625,0.3989389076493448,-0.020925590730983008,0.020925590730983008,0.6598155378505696,-0.03460938413943923,0.03460938413943923
5.0,ptera_free_wake_uvlm,Ptera free-wake UVLM,0.359375,0.4182447131027223,-0.025283299194878726,0.025283299194878726,0.6917459165742594,-0.04181671262700961,0.04181671262700961
5.0,ptera_free_wake_uvlm,Ptera free-wake UVLM,0.3671875,0.43738926028407177,-0.029713978333365896,0.029713978333365896,0.7234095860062486,-0.049144729229927214,0.049144729229927214
5.0,ptera_free_wake_uvlm,Ptera free-wake UVLM,0.375,0.4563925478597519,-0.03418570574022892,0.03418570574022892,0.7548396224661106,-0.05654063664208133,0.05654063664208133
5.0,ptera_free_wake_uvlm,Ptera free-wake UVLM,0.3828125,0.475238519007674,-0.038689966796996995,0.038689966796996995,0.7860094691540461,-0.063990352312339,0.063990352312339
5.0,ptera_free_wake_uvlm,Ptera free-wake UVLM,0.390625,0.49390949951991653,-0.04321917104870915,0.04321917104870915,0.8168898942333447,-0.07148132218787015,0.07148132218787015
5.0,ptera_free_wake_uvlm,Ptera free-wake UVLM,0.3984375,0.5123211074961775,-0.04776917405594994,0.04776917405594994,0.8473413362627304,-0.07900669167146812,0.07900669167146812
5.0,ptera_free_wake_uvlm,Ptera free-wake UVLM,0.40625,0.5304598100828883,-0.05232932375285616,0.05232932375285616,0.8773414129002335,-0.0865488430316157,0.0865488430316157
5.0,ptera_free_wake_uvlm,Ptera free-wake UVLM,0.4140625,0.5483133952027089,-0.05689432435040344,0.05689432435040344,0.9068699262703801,-0.09409901742374677,0.09409901742374677
5.0,ptera_free_wake_uvlm,Ptera free-wake UVLM,0.421875,0.5658469913207643,-0.061460556043961924,0.061460556043961924,0.9358692014257082,-0.10165122795790663,0.10165122795790663
5.0,ptera_free_wake_uvlm,Ptera free-wake UVLM,0.4296875,0.5830012783594681,-0.06602392154110422,0.06602392154110422,0.9642411273318025,-0.10919869801453051,0.10919869801453051
5.0,ptera_free_wake_uvlm,Ptera free-wake UVLM,0.4375,0.5995744739614132,-0.07057525893900335,0.07057525893900335,0.991651970847752,-0.1167262744818873,0.1167262744818873
5.0,ptera_free_wake_uvlm,Ptera free-wake UVLM,0.4453125,0.6156312866890137,-0.07510988732556634,0.07510988732556634,1.0182087551645624,-0.12422621547651802,0.12422621547651802
5.0,ptera_free_wake_uvlm,Ptera free-wake UVLM,0.453125,0.6311129118827119,-0.07962151993199797,0.07962151993199797,1.0438142217112338,-0.13168812314638462,0.13168812314638462
5.0,ptera_free_wake_uvlm,Ptera free-wake UVLM,0.4609375,0.6459575747283466,-0.0841032136078028,0.0841032136078028,1.0683661995000537,-0.13910051403251464,0.13910051403251464
5.0,ptera_free_wake_uvlm,Ptera free-wake UVLM,0.46875,0.6599105359136056,-0.08853440929729774,0.08853440929729774,1.0914433684914322,-0.14642938497271166,0.14642938497271166
5.0,ptera_free_wake_uvlm,Ptera free-wake UVLM,0.4765625,0.6728678913500852,-0.0928967671270527,0.0928967671270527,1.1128738789844235,-0.15364440316859643,0.15364440316859643
5.0,ptera_free_wake_uvlm,Ptera free-wake UVLM,0.484375,0.6848659549907203,-0.09718265254663312,0.09718265254663312,1.1327177915796056,-0.16073294163667684,0.16073294163667684
5.0,ptera_free_wake_uvlm,Ptera free-wake UVLM,0.4921875,0.6958175557626531,-0.10137619196819196,0.10137619196819196,1.1508309317499523,-0.16766874663307868,0.16766874663307868
5.0,ptera_free_wake_uvlm,Ptera free-wake UVLM,0.5,0.7056332644222997,-0.10546028419590324,0.10546028419590324,1.1670653901205603,-0.174423534040847,0.174423534040847
5.0,ptera_free_wake_uvlm,Ptera free-wake UVLM,0.5078125,0.7136567121301899,-0.10934504218178602,0.10934504218178602,1.1803355810277125,-0.180848637310362,0.180848637310362
5.0,ptera_free_wake_uvlm,Ptera free-wake UVLM,0.515625,0.720227095555951,-0.11304569444505463,0.11304569444505463,1.1912025107526105,-0.18696924328954298,0.18696924328954298
5.0,ptera_free_wake_uvlm,Ptera free-wake UVLM,0.5234375,0.7252467537141164,-0.11653319037102802,0.11653319037102802,1.1995046552262378,-0.1927373044037284,0.1927373044037284
5.0,ptera_free_wake_uvlm,Ptera free-wake UVLM,0.53125,0.7286175381004153,-0.1197770002967592,0.1197770002967592,1.205079684059422,-0.1981023268414812,0.1981023268414812
5.0,ptera_free_wake_uvlm,Ptera free-wake UVLM,0.5390625,0.7299176339514529,-0.12268733468059562,0.12268733468059562,1.2072299467356402,-0.20291580532145917,0.20291580532145917
5.0,ptera_free_wake_uvlm,Ptera free-wake UVLM,0.546875,0.7288682758562255,-0.12517402367277505,0.12517402367277505,1.2054943858196092,-0.20702860556074829,0.20702860556074829
5.0,ptera_free_wake_uvlm,Ptera free-wake UVLM,0.5546875,0.7257847693067512,-0.12725919152766607,0.12725919152766607,1.20039449334636,-0.2104773194447622,0.2104773194447622
5.0,ptera_free_wake_uvlm,Ptera free-wake UVLM,0.5625,0.720596949265621,-0.12890085388130612,0.12890085388130612,1.1918142215175742,-0.21319250793118613,0.21319250793118613
5.0,ptera_free_wake_uvlm,Ptera free-wake UVLM,0.5703125,0.7132409181510984,-0.13005631590388503,0.13005631590388503,1.17964788844449,-0.21510355691957891,0.21510355691957891
5.0,ptera_free_wake_uvlm,Ptera free-wake UVLM,0.578125,0.7028996847469944,-0.13047420596557943,0.13047420596557943,1.1625442508956436,-0.21579471626887373,0.21579471626887373
5.0,ptera_free_wake_uvlm,Ptera free-wake UVLM,0.5859375,0.6901599299379817,-0.13023560892318473,0.13023560892318473,1.141473635795896,-0.21540009435349114,0.21540009435349114
5.0,ptera_free_wake_uvlm,Ptera free-wake UVLM,0.59375,0.6751573730600723,-0.12933367517856878,0.12933367517856878,1.116660512919868,-0.2139083624431696,0.2139083624431696
5.0,ptera_free_wake_uvlm,Ptera free-wake UVLM,0.6015625,0.6579157906440225,-0.12773374171499333,0.12773374171499333,1.0881442068962897,-0.21126219046407035,0.21126219046407035
5.0,ptera_free_wake_uvlm,Ptera free-wake UVLM,0.609375,0.6382413945216318,-0.12531791764452152,0.12531791764452152,1.0556042063837532,-0.2072665955801244,0.2072665955801244
5.0,ptera_free_wake_uvlm,Ptera free-wake UVLM,0.6171875,0.6159277687780325,-0.12192229029930794,0.12192229029930794,1.0186991146789595,-0.20165047832466854,0.20165047832466854
5.0,ptera_free_wake_uvlm,Ptera free-wake UVLM,0.625,0.5917081193660056,-0.11775244171161942,0.11775244171161942,0.978641600365527,-0.19475385622066588,0.19475385622066588
5.0,ptera_free_wake_uvlm,Ptera free-wake UVLM,0.6328125,0.5657167992872576,-0.1128183008018121,0.1128183008018121,0.9356538734018806,-0.18659315097028553,0.18659315097028553
5.0,ptera_free_wake_uvlm,Ptera free-wake UVLM,0.640625,0.5380983180358917,-0.10713705319375035,0.10713705319375035,0.8899749418359891,-0.17719678632823258,0.17719678632823258
5.0,ptera_free_wake_uvlm,Ptera free-wake UVLM,0.6484375,0.5087082632533414,-0.1005658694609142,0.1005658694609142,0.8413659582748994,-0.1663285329544423,0.1663285329544423
5.0,ptera_free_wake_uvlm,Ptera free-wake UVLM,0.65625,0.47810195725027727,-0.09332631266941448,0.09332631266941448,0.7907453848742692,-0.15435483982350867,0.15435483982350867
5.0,ptera_free_wake_uvlm,Ptera free-wake UVLM,0.6640625,0.4466248996163301,-0.08558123014990242,0.08558123014990242,0.7386846524802466,-0.14154504441292737,0.14154504441292737
5.0,ptera_free_wake_uvlm,Ptera free-wake UVLM,0.671875,0.41446188309969023,-0.07742351128619461,0.07742351128619461,0.6854893946728114,-0.1280527789144159,0.1280527789144159
5.0,ptera_free_wake_uvlm,Ptera free-wake UVLM,0.6796875,0.38178313848365186,-0.06894837478949509,0.06894837478949509,0.6314411606157185,-0.11403552805543976,0.11403552805543976
5.0,ptera_free_wake_uvlm,Ptera free-wake UVLM,0.6875,0.34882109841863584,-0.06033212901745605,0.06033212901745605,0.5769243767745517,-0.09978489285961752,0.09978489285961752
5.0,ptera_free_wake_uvlm,Ptera free-wake UVLM,0.6953125,0.31587262976392316,-0.05180979269251691,0.05180979269251691,0.5224300390453508,-0.08568957696496991,0.08568957696496991
5.0,ptera_free_wake_uvlm,Ptera free-wake UVLM,0.703125,0.2830574616082427,-0.04351208576487559,0.04351208576487559,0.46815617051275676,-0.07196578153060637,0.07196578153060637
5.0,ptera_free_wake_uvlm,Ptera free-wake UVLM,0.7109375,0.25048465666547864,-0.0355679012841877,0.0355679012841877,0.41428315286389306,-0.05882668615684423,0.05882668615684423
5.0,ptera_free_wake_uvlm,Ptera free-wake UVLM,0.71875,0.21835423140766536,-0.02826184620231578,0.02826184620231578,0.36114179859546985,-0.046743009756826576,0.046743009756826576
5.0,ptera_free_wake_uvlm,Ptera free-wake UVLM,0.7265625,0.1867624523597654,-0.02177024305333077,0.02177024305333077,0.30889132544164966,-0.036006376800923334,0.036006376800923334
5.0,ptera_free_wake_uvlm,Ptera free-wake UVLM,0.734375,0.15567012053855975,-0.016084512790920394,0.016084512790920394,0.25746690117448984,-0.02660259817910226,0.02660259817910226
5.0,ptera_free_wake_uvlm,Ptera free-wake UVLM,0.7421875,0.1251018974448812,-0.011271344513333219,0.011271344513333219,0.2069093140979744,-0.018641972742605813,0.018641972742605813
5.0,ptera_free_wake_uvlm,Ptera free-wake UVLM,0.75,0.09507958767274312,-0.007387148292186222,0.007387148292186222,0.15725462740285923,-0.012217798590542598,0.012217798590542598
5.0,ptera_free_wake_uvlm,Ptera free-wake UVLM,0.7578125,0.06581835529847688,-0.0048561197992036675,0.0048561197992036675,0.10885870660646686,-0.00803166408625832,0.00803166408625832
5.0,ptera_free_wake_uvlm,Ptera free-wake UVLM,0.765625,0.03710063041126559,-0.0032978347807875908,0.0032978347807875908,0.061361707118627803,-0.005454375564542039,0.005454375564542039
5.0,ptera_free_wake_uvlm,Ptera free-wake UVLM,0.7734375,0.008926128080013203,-0.002685913045401319,0.002685913045401319,0.014763157684318325,-0.004442302133711783,0.004442302133711783
5.0,ptera_free_wake_uvlm,Ptera free-wake UVLM,0.78125,-0.018702870225414198,-0.0029865456183915404,0.0029865456183915404,-0.030933168313525206,-0.004939526242565307,0.004939526242565307
5.0,ptera_free_wake_uvlm,Ptera free-wake UVLM,0.7890625,-0.04568539077628974,-0.004282320099328717,0.004282320099328717,-0.07556026777279559,-0.0070826416912698,0.0070826416912698
5.0,ptera_free_wake_uvlm,Ptera free-wake UVLM,0.796875,-0.07197928705816772,-0.006499487275832119,0.006499487275832119,-0.11904843346623495,-0.01074967272037936,0.01074967272037936
5.0,ptera_free_wake_uvlm,Ptera free-wake UVLM,0.8046875,-0.09768175653912115,-0.00937488733998695,0.00937488733998695,-0.1615584228392682,-0.015505372411454598,0.015505372411454598
5.0,ptera_free_wake_uvlm,Ptera free-wake UVLM,0.8125,-0.12277086628584559,-0.012836035294187621,0.012836035294187621,-0.20305396043741486,-0.021229855923071955,0.021229855923071955
5.0,ptera_free_wake_uvlm,Ptera free-wake UVLM,0.8203125,-0.1472236054150662,-0.016809631561680142,0.016809631561680142,-0.2434969879564252,-0.02780189115995868,0.02780189115995868
5.0,ptera_free_wake_uvlm,Ptera free-wake UVLM,0.828125,-0.17076899745833393,-0.02131685154745605,0.02131685154745605,-0.2824393302976905,-0.03525650068062134,0.03525650068062134
5.0,ptera_free_wake_uvlm,Ptera free-wake UVLM,0.8359375,-0.19354264828636758,-0.026127605693499235,0.026127605693499235,-0.3201052695726029,-0.043213133321547845,0.043213133321547845
5.0,ptera_free_wake_uvlm,Ptera free-wake UVLM,0.84375,-0.21554672888116347,-0.031157182682687606,0.031157182682687606,-0.3564983964253088,-0.05153168281033101,0.05153168281033101
5.0,ptera_free_wake_uvlm,Ptera free-wake UVLM,0.8515625,-0.23674594868237692,-0.03634567938777591,0.03634567938777591,-0.3915603428711158,-0.06011307379141039,0.06011307379141039
5.0,ptera_free_wake_uvlm,Ptera free-wake UVLM,0.859375,-0.25700446272718164,-0.041636985171270666,0.041636985171270666,-0.4250664313579155,-0.06886450340763914,0.06886450340763914
5.0,ptera_free_wake_uvlm,Ptera free-wake UVLM,0.8671875,-0.2761064845255393,-0.04694466338693952,0.04694466338693952,-0.45665976694200705,-0.07764301181947729,0.07764301181947729
5.0,ptera_free_wake_uvlm,Ptera free-wake UVLM,0.875,-0.294252207187861,-0.052204544281569766,0.052204544281569766,-0.4866714542669516,-0.08634246698661005,0.08634246698661005
5.0,ptera_free_wake_uvlm,Ptera free-wake UVLM,0.8828125,-0.3114087411564413,-0.05738065917092106,0.05738065917092106,-0.5150470964293862,-0.09490337935742246,0.09490337935742246
5.0,ptera_free_wake_uvlm,Ptera free-wake UVLM,0.890625,-0.3275438809277761,-0.062439377814783564,0.062439377814783564,-0.5417334279011591,-0.10327012699430295,0.10327012699430295
5.0,ptera_free_wake_uvlm,Ptera free-wake UVLM,0.8984375,-0.34231545290709064,-0.06729454745266544,0.06729454745266544,-0.5661645187863749,-0.11130021958379432,0.11130021958379432
5.0,ptera_free_wake_uvlm,Ptera free-wake UVLM,0.90625,-0.3558505714619525,-0.07193000565416127,0.07193000565416127,-0.5885506068763267,-0.11896692565772828,0.11896692565772828
5.0,ptera_free_wake_uvlm,Ptera free-wake UVLM,0.9140625,-0.3682437183315253,-0.07634529893374192,0.07634529893374192,-0.6090479580010653,-0.12626949518447694,0.12626949518447694
5.0,ptera_free_wake_uvlm,Ptera free-wake UVLM,0.921875,-0.37947221656049757,-0.08052346824774592,0.08052346824774592,-0.6276190661485702,-0.13317987915628413,0.13317987915628413
5.0,ptera_free_wake_uvlm,Ptera free-wake UVLM,0.9296875,-0.3894471697231077,-0.0844337456492529,0.0844337456492529,-0.6441169031853301,-0.13964718965759038,0.13964718965759038
5.0,ptera_free_wake_uvlm,Ptera free-wake UVLM,0.9375,-0.3977987873036574,-0.08797857191830673,0.08797857191830673,-0.6579298628645506,-0.14551007093202958,0.14551007093202958
5.0,ptera_free_wake_uvlm,Ptera free-wake UVLM,0.9453125,-0.40491307622395667,-0.09123401353575657,0.09123401353575657,-0.6696963721730325,-0.15089433133023275,0.15089433133023275
5.0,ptera_free_wake_uvlm,Ptera free-wake UVLM,0.953125,-0.4107795773695463,-0.09419167395674151,0.09419167395674151,-0.6793991325066535,-0.1557860835861116,0.1557860835861116
5.0,ptera_free_wake_uvlm,Ptera free-wake UVLM,0.9609375,-0.4153892805178554,-0.09684366951124183,0.09684366951124183,-0.6870232416216423,-0.16017228869074882,0.16017228869074882
5.0,ptera_free_wake_uvlm,Ptera free-wake UVLM,0.96875,-0.41845326632745555,-0.09911054752819502,0.09911054752819502,-0.6920908482304838,-0.16392153778457821,0.16392153778457821
5.0,ptera_free_wake_uvlm,Ptera free-wake UVLM,0.9765625,-0.42003783980669523,-0.10099824969630335,0.10099824969630335,-0.6947116159280463,-0.1670436579826083,0.1670436579826083
5.0,ptera_free_wake_uvlm,Ptera free-wake UVLM,0.984375,-0.420356211235375,-0.10255386341677553,0.10255386341677553,-0.6952381787962518,-0.16961652837449112,0.16961652837449112
5.0,ptera_free_wake_uvlm,Ptera free-wake UVLM,0.9921875,-0.4194132210261402,-0.10377200295008647,0.10377200295008647,-0.6936785425207121,-0.17163124134416485,0.17163124134416485
5.0,robofalcon2_coefficient_transfer,RoboFalcon2 S3-S4 coefficient transfer,0.0,0.5239639128584236,0.33102239634445224,-0.33102239634445224,0.8665976778601066,0.5474866359151367,-0.5474866359151367
5.0,robofalcon2_coefficient_transfer,RoboFalcon2 S3-S4 coefficient transfer,0.0078125,0.5228603979974035,0.3309120851670311,-0.3309120851670311,0.8647725456466547,0.5473041893613775,-0.5473041893613775
5.0,robofalcon2_coefficient_transfer,RoboFalcon2 S3-S4 coefficient transfer,0.015625,0.5213410474269854,0.33018101511474446,-0.33018101511474446,0.8622596518311306,0.546095053399688,-0.546095053399688
5.0,robofalcon2_coefficient_transfer,RoboFalcon2 S3-S4 coefficient transfer,0.0234375,0.5194145677428563,0.3288212098906143,-0.3288212098906143,0.8590733964808276,0.5438460358229915,-0.5438460358229915
5.0,robofalcon2_coefficient_transfer,RoboFalcon2 S3-S4 coefficient transfer,0.03125,0.5170949181835267,0.32682401677322864,-0.32682401677322864,0.8552368671469697,0.5405428256680734,-0.5405428256680734
5.0,robofalcon2_coefficient_transfer,RoboFalcon2 S3-S4 coefficient transfer,0.0390625,0.5144014903268369,0.324180353472701,-0.324180353472701,0.8507821360694846,0.5361704014971358,-0.5361704014971358
5.0,robofalcon2_coefficient_transfer,RoboFalcon2 S3-S4 coefficient transfer,0.046875,0.511359328560616,0.32088103606220214,-0.32088103606220214,0.8457506248192163,0.5307135737723716,-0.5307135737723716
5.0,robofalcon2_coefficient_transfer,RoboFalcon2 S3-S4 coefficient transfer,0.0546875,0.5079993861601017,0.31691719473164665,-0.31691719473164665,0.8401935278310956,0.5241576724819073,-0.5241576724819073
5.0,robofalcon2_coefficient_transfer,RoboFalcon2 S3-S4 coefficient transfer,0.0625,0.5043588078755895,0.31228077902879386,-0.31228077902879386,0.834172279783277,0.5164893827713294,-0.5164893827713294
5.0,robofalcon2_coefficient_transfer,RoboFalcon2 S3-S4 coefficient transfer,0.0703125,0.5004788082805105,0.3069563821166039,-0.3069563821166039,0.8277550465412958,0.5076832228681835,-0.5076832228681835
5.0,robofalcon2_coefficient_transfer,RoboFalcon2 S3-S4 coefficient transfer,0.078125,0.4964136116070249,0.3009481682218704,-0.3009481682218704,0.82103151098697,0.4977460800965404,-0.4977460800965404
5.0,robofalcon2_coefficient_transfer,RoboFalcon2 S3-S4 coefficient transfer,0.0859375,0.4922208731535452,0.294254519077541,-0.294254519077541,0.8140970307327124,0.4866752779620172,-0.4866752779620172
5.0,robofalcon2_coefficient_transfer,RoboFalcon2 S3-S4 coefficient transfer,0.09375,0.48796538750935686,0.28687741937296496,-0.28687741937296496,0.8070587712516304,0.47447409899445825,-0.47447409899445825
5.0,robofalcon2_coefficient_transfer,RoboFalcon2 S3-S4 coefficient transfer,0.1015625,0.4837190461755618,0.2788231902016553,-0.2788231902016553,0.8000356357856914,0.46115299781645397,-0.46115299781645397
5.0,robofalcon2_coefficient_transfer,RoboFalcon2 S3-S4 coefficient transfer,0.109375,0.4795605314787723,0.27010313668152375,-0.27010313668152375,0.7931577591015415,0.4467306722594576,-0.4467306722594576
5.0,robofalcon2_coefficient_transfer,RoboFalcon2 S3-S4 coefficient transfer,0.1171875,0.4755746321625084,0.2607340351465581,-0.2607340351465581,0.7865653755291411,0.4312348691428971,-0.4312348691428971
5.0,robofalcon2_coefficient_transfer,RoboFalcon2 S3-S4 coefficient transfer,0.125,0.4718510468719845,0.25073838073071114,-0.25073838073071114,0.780406840013826,0.41470279375967195,-0.41470279375967195
5.0,robofalcon2_coefficient_transfer,RoboFalcon2 S3-S4 coefficient transfer,0.1328125,0.4684882527905888,0.24013706637278848,-0.24013706637278848,0.7748450265557938,0.39716900149004447,-0.39716900149004447
5.0,robofalcon2_coefficient_transfer,RoboFalcon2 S3-S4 coefficient transfer,0.140625,0.465575943194679,0.22897168006066787,-0.22897168006066787,0.7700282812206869,0.3787022757995117,-0.3787022757995117
5.0,robofalcon2_coefficient_transfer,RoboFalcon2 S3-S4 coefficient transfer,0.1484375,0.4632039417004715,0.2172802397878917,-0.2172802397878917,0.766105165646664,0.35936549564617015,-0.35936549564617015
5.0,robofalcon2_coefficient_transfer,RoboFalcon2 S3-S4 coefficient transfer,0.15625,0.46145434432566923,0.2051042170343836,-0.2051042170343836,0.7632114605937294,0.3392272517999512,-0.3392272517999512
5.0,robofalcon2_coefficient_transfer,RoboFalcon2 S3-S4 coefficient transfer,0.1640625,0.4603963496807234,0.192487500314408,-0.192487500314408,0.7614616154612722,0.3183601326273682,-0.3183601326273682
5.0,robofalcon2_coefficient_transfer,RoboFalcon2 S3-S4 coefficient transfer,0.171875,0.4600806950932466,0.17947559269081584,-0.17947559269081584,0.7609395460480927,0.2968393968392491,-0.2968393968392491
5.0,robofalcon2_coefficient_transfer,RoboFalcon2 S3-S4 coefficient transfer,0.1796875,0.46053424427803097,0.16611535630801927,-0.16611535630801927,0.7616896829576849,0.2747425509671136,-0.2747425509671136
5.0,robofalcon2_coefficient_transfer,RoboFalcon2 S3-S4 coefficient transfer,0.1875,0.46175546145718965,0.15245556217605843,-0.15245556217605843,0.7637094861266633,0.2521502586654815,-0.2521502586654815
5.0,robofalcon2_coefficient_transfer,RoboFalcon2 S3-S4 coefficient transfer,0.1953125,0.4637202530285066,0.13854588811220866,-0.13854588811220866,0.7669591065134828,0.22914468338117716,-0.22914468338117716
5.0,robofalcon2_coefficient_transfer,RoboFalcon2 S3-S4 coefficient transfer,0.203125,0.4663534151894283,0.12444811018823286,-0.12444811018823286,0.7713141625738041,0.2058279981818932,-0.2058279981818932
5.0,robofalcon2_coefficient_transfer,RoboFalcon2 S3-S4 coefficient transfer,0.2109375,0.4695609870945086,0.11022835484951284,-0.11022835484951284,0.7766192499973783,0.18230957133251727,-0.18230957133251727
5.0,robofalcon2_coefficient_transfer,RoboFalcon2 S3-S4 coefficient transfer,0.21875,0.4732262636290093,0.09596292777061216,-0.09596292777061216,0.7826813471295747,0.1587156067924472,-0.1587156067924472
5.0,robofalcon2_coefficient_transfer,RoboFalcon2 S3-S4 coefficient transfer,0.2265625,0.4772181509758294,0.08173909539630657,-0.08173909539630657,0.789283634462993,0.1351904368268293,-0.1351904368268293
5.0,robofalcon2_coefficient_transfer,RoboFalcon2 S3-S4 coefficient transfer,0.234375,0.48140094414784035,0.06765404443046327,-0.06765404443046327,0.7962016659550076,0.1118948010778857,-0.1118948010778857
5.0,robofalcon2_coefficient_transfer,RoboFalcon2 S3-S4 coefficient transfer,0.2421875,0.4856441659392044,0.0538118274366866,-0.0538118274366866,0.8032196419277824,0.08900079481359587,-0.08900079481359587
5.0,robofalcon2_coefficient_transfer,RoboFalcon2 S3-S4 coefficient transfer,0.25,0.4898311098623003,0.04031858946785262,-0.04031858946785262,0.8101445384560396,0.06668397412490679,-0.06668397412490679
5.0,robofalcon2_coefficient_transfer,RoboFalcon2 S3-S4 coefficient transfer,0.2578125,0.5192465436252759,0.02860138347991148,-0.02860138347991148,0.8587954969794567,0.04730457937849417,-0.04730457937849417
5.0,robofalcon2_coefficient_transfer,RoboFalcon2 S3-S4 coefficient transfer,0.265625,0.5534687859228781,0.016092095282801883,-0.016092095282801883,0.9153965623934431,0.026615139061586027,-0.026615139061586027
5.0,robofalcon2_coefficient_transfer,RoboFalcon2 S3-S4 coefficient transfer,0.2734375,0.5888789719581142,0.0026084634275730994,-0.0026084634275730994,0.9739623991575135,0.0043142061765018,-0.0043142061765018
5.0,robofalcon2_coefficient_transfer,RoboFalcon2 S3-S4 coefficient transfer,0.28125,0.6252967811780052,-0.011728659237543185,0.011728659237543185,1.034194770372814,-0.019398337576759336,0.019398337576759336
5.0,robofalcon2_coefficient_transfer,RoboFalcon2 S3-S4 coefficient transfer,0.2890625,0.6625530292844907,-0.026787529269757065,0.026787529269757065,1.0958138576850047,-0.04430459825780711,0.04430459825780711
5.0,robofalcon2_coefficient_transfer,RoboFalcon2 S3-S4 coefficient transfer,0.296875,0.7004947837407307,-0.042433359018533845,0.042433359018533845,1.1585667219544955,-0.07018164703110327,0.07018164703110327
5.0,robofalcon2_coefficient_transfer,RoboFalcon2 S3-S4 coefficient transfer,0.3046875,0.7389882091949995,-0.05853516391699347,0.05853516391699347,1.2222320093777612,-0.09681284508105743,0.09681284508105743
5.0,robofalcon2_coefficient_transfer,RoboFalcon2 S3-S4 coefficient transfer,0.3125,0.7779194059367499,-0.07497112846192583,0.07497112846192583,1.2866213382318494,-0.12399671854731659,0.12399671854731659
5.0,robofalcon2_coefficient_transfer,RoboFalcon2 S3-S4 coefficient transfer,0.3203125,0.8171970691206342,-0.0916340047975377,0.0916340047975377,1.3515836970348356,-0.1515558873842229,0.1515558873842229
5.0,robofalcon2_coefficient_transfer,RoboFalcon2 S3-S4 coefficient transfer,0.328125,0.8567387884478257,-0.10842617285874728,0.10842617285874728,1.4169827852289099,-0.17932889520205877,0.17932889520205877
5.0,robofalcon2_coefficient_transfer,RoboFalcon2 S3-S4 coefficient transfer,0.3359375,0.8964822083707256,-0.12526987422609442,0.12526987422609442,1.4827154713360737,-0.2071871353084842,0.2071871353084842
5.0,robofalcon2_coefficient_transfer,RoboFalcon2 S3-S4 coefficient transfer,0.34375,0.9363764972247698,-0.14210257120215222,0.14210257120215222,1.5486976835311654,-0.23502717496311595,0.23502717496311595
5.0,robofalcon2_coefficient_transfer,RoboFalcon2 S3-S4 coefficient transfer,0.3515625,0.9763792408414644,-0.1588757302945424,0.1588757302945424,1.6148592719068666,-0.26276874334813377,0.26276874334813377
5.0,robofalcon2_coefficient_transfer,RoboFalcon2 S3-S4 coefficient transfer,0.359375,1.01645340087524,-0.1755531082587244,0.1755531082587244,1.6811389777705943,-0.2903518968094305,0.2903518968094305
5.0,robofalcon2_coefficient_transfer,RoboFalcon2 S3-S4 coefficient transfer,0.3671875,1.056564436898065,-0.19210876688046316,0.19210876688046316,1.7474796738011917,-0.3177337354531924,0.3177337354531924
5.0,robofalcon2_coefficient_transfer,RoboFalcon2 S3-S4 coefficient transfer,0.375,1.0966776377584129,-0.20852498629281468,0.20852498629281468,1.8138239503134301,-0.34488495192605245,0.34488495192605245
5.0,robofalcon2_coefficient_transfer,RoboFalcon2 S3-S4 coefficient transfer,0.3828125,1.1367547033334444,-0.22478816482438418,0.22478816482438418,1.8801084617281578,-0.3717830500664307,0.3717830500664307
5.0,robofalcon2_coefficient_transfer,RoboFalcon2 S3-S4 coefficient transfer,0.390625,1.176753215866027,-0.240892809569336,0.240892809569336,1.9462630522027127,-0.3984189450130894,0.3984189450130894
5.0,robofalcon2_coefficient_transfer,RoboFalcon2 S3-S4 coefficient transfer,0.3984375,1.2166237618977833,-0.25683386536109165,0.25683386536109165,2.0122059955203957,-0.42478427589324597,0.42478427589324597
5.0,robofalcon2_coefficient_transfer,RoboFalcon2 S3-S4 coefficient transfer,0.40625,1.2563080341107913,-0.272606822022099,0.272606822022099,2.0778408556766017,-0.450871583205783,0.450871583205783
5.0,robofalcon2_coefficient_transfer,RoboFalcon2 S3-S4 coefficient transfer,0.4140625,1.2957370665438273,-0.28820615825039037,0.28820615825039037,2.1430535680566094,-0.4766717351243542,0.4766717351243542
5.0,robofalcon2_coefficient_transfer,RoboFalcon2 S3-S4 coefficient transfer,0.421875,1.3348295788862343,-0.30362391471025985,0.30362391471025985,2.207709701019723,-0.5021715674945765,0.5021715674945765
5.0,robofalcon2_coefficient_transfer,RoboFalcon2 S3-S4 coefficient transfer,0.4296875,1.373490415635736,-0.3188483780662514,0.3188483780662514,2.2716518743813827,-0.5273517073232777,0.5273517073232777
5.0,robofalcon2_coefficient_transfer,RoboFalcon2 S3-S4 coefficient transfer,0.4375,1.4116090733987823,-0.333862855534672,0.333862855534672,2.334697323676525,-0.5521845459770571,0.5521845459770571
5.0,robofalcon2_coefficient_transfer,RoboFalcon2 S3-S4 coefficient transfer,0.4453125,1.4490479472445408,-0.3486411722070363,0.3486411722070363,2.3966184604957284,-0.5766267920872633,0.5766267920872633
5.0,robofalcon2_coefficient_transfer,RoboFalcon2 S3-S4 coefficient transfer,0.453125,1.4856681642570504,-0.36315569953411636,0.36315569953411636,2.4571855992756637,-0.6006327500706394,0.6006327500706394
5.0,robofalcon2_coefficient_transfer,RoboFalcon2 S3-S4 coefficient transfer,0.4609375,1.521304689072185,-0.3773678015142474,0.3773678015142474,2.5161257836928,-0.6241385188292227,0.6241385188292227
5.0,robofalcon2_coefficient_transfer,RoboFalcon2 S3-S4 coefficient transfer,0.46875,1.5557724091661367,-0.39122954143741057,0.39122954143741057,2.573132851281864,-0.6470648145792122,0.6470648145792122
5.0,robofalcon2_coefficient_transfer,RoboFalcon2 S3-S4 coefficient transfer,0.4765625,1.5888654504914597,-0.4046827385171353,0.4046827385171353,2.6278663015483184,-0.6693154105896935,0.6693154105896935
5.0,robofalcon2_coefficient_transfer,RoboFalcon2 S3-S4 coefficient transfer,0.484375,1.620356805247957,-0.4176580861198844,0.4176580861198844,2.679950680328854,-0.6907756787990584,0.6907756787990584
5.0,robofalcon2_coefficient_transfer,RoboFalcon2 S3-S4 coefficient transfer,0.4921875,1.6499983514168721,-0.4300743500506973,0.4300743500506973,2.7289756120994997,-0.7113112638385723,0.7113112638385723
5.0,robofalcon2_coefficient_transfer,RoboFalcon2 S3-S4 coefficient transfer,0.5,1.6775213599741932,-0.4418376773030041,0.4418376773030041,2.774496638869034,-0.7307669397555359,0.7307669397555359
5.0,robofalcon2_coefficient_transfer,RoboFalcon2 S3-S4 coefficient transfer,0.5078125,1.7026029293852267,-0.4528298198716287,0.4528298198716287,2.815979705307928,-0.7489471330682977,0.7489471330682977
5.0,robofalcon2_coefficient_transfer,RoboFalcon2 S3-S4 coefficient transfer,0.515625,1.724963868058353,-0.46293820460212,0.46293820460212,2.852963049109583,-0.7656656560798764,0.7656656560798764
5.0,robofalcon2_coefficient_transfer,RoboFalcon2 S3-S4 coefficient transfer,0.5234375,1.7442827483359342,-0.47202827797767244,0.47202827797767244,2.8849150526284455,-0.7806999671946577,0.7806999671946577
5.0,robofalcon2_coefficient_transfer,RoboFalcon2 S3-S4 coefficient transfer,0.53125,1.7602268526023077,-0.4799522283281023,0.4799522283281023,2.9112854254608433,-0.7938055968089185,0.7938055968089185
5.0,robofalcon2_coefficient_transfer,RoboFalcon2 S3-S4 coefficient transfer,0.5390625,1.772456847075891,-0.4865497291829758,0.4865497291829758,2.93151293455251,-0.8047173767620892,0.8047173767620892
5.0,robofalcon2_coefficient_transfer,RoboFalcon2 S3-S4 coefficient transfer,0.546875,1.7806325859205558,-0.4916492329830929,0.4916492329830929,2.9450350037708377,-0.813151580040158,0.813151580040158
5.0,robofalcon2_coefficient_transfer,RoboFalcon2 S3-S4 coefficient transfer,0.5546875,1.7844200880499792,-0.49506992944008776,0.49506992944008776,2.9512992530248416,-0.8188091597580517,0.8188091597580517
5.0,robofalcon2_coefficient_transfer,RoboFalcon2 S3-S4 coefficient transfer,0.5625,1.7834996741543754,-0.4966244869748297,0.4966244869748297,2.9497769563074034,-0.8213802832966136,0.8213802832966136
5.0,robofalcon2_coefficient_transfer,RoboFalcon2 S3-S4 coefficient transfer,0.5703125,1.7775077104319033,-0.49609397447791764,0.49609397447791764,2.9398666901224892,-0.8205028547435828,0.8205028547435828
5.0,robofalcon2_coefficient_transfer,RoboFalcon2 S3-S4 coefficient transfer,0.578125,1.7662437646268832,-0.4933142199378881,0.4933142199378881,2.921236954297896,-0.8159053456970741,0.8159053456970741
5.0,robofalcon2_coefficient_transfer,RoboFalcon2 S3-S4 coefficient transfer,0.5859375,1.7494918461887932,-0.48810488138082275,0.48810488138082275,2.8935305163889304,-0.8072894838295799,0.8072894838295799
5.0,robofalcon2_coefficient_transfer,RoboFalcon2 S3-S4 coefficient transfer,0.59375,1.7270921314852103,-0.4803004933834603,0.4803004933834603,2.856483039892016,-0.7943816015314701,0.7943816015314701
5.0,robofalcon2_coefficient_transfer,RoboFalcon2 S3-S4 coefficient transfer,0.6015625,1.6989519479147255,-0.4697586344825791,0.4697586344825791,2.8099412511575528,-0.7769461442038945,0.7769461442038945
5.0,robofalcon2_coefficient_transfer,RoboFalcon2 S3-S4 coefficient transfer,0.609375,1.6650560593135202,-0.456369173846511,0.456369173846511,2.7538799506940106,-0.7548009635716719,0.7548009635716719
5.0,robofalcon2_coefficient_transfer,RoboFalcon2 S3-S4 coefficient transfer,0.6171875,1.6254756728395094,-0.44006440864325447,0.44006440864325447,2.6884169098901847,-0.7278340841426792,0.7278340841426792
5.0,robofalcon2_coefficient_transfer,RoboFalcon2 S3-S4 coefficient transfer,0.625,1.5803755845104226,-0.4208297653494342,0.4208297653494342,2.6138246892083132,-0.6960214023838193,0.6960214023838193
5.0,robofalcon2_coefficient_transfer,RoboFalcon2 S3-S4 coefficient transfer,0.6328125,1.5299559859904686,-0.3986790966047448,0.3986790966047448,2.5304343909000457,-0.6593858295397348,0.6593858295397348
5.0,robofalcon2_coefficient_transfer,RoboFalcon2 S3-S4 coefficient transfer,0.640625,1.474654618597404,-0.37377624741291343,0.37377624741291343,2.4389700068284896,-0.6181983531656268,0.6181983531656268
5.0,robofalcon2_coefficient_transfer,RoboFalcon2 S3-S4 coefficient transfer,0.6484375,1.4149375158969244,-0.34633039026736673,0.34633039026736673,2.340202322148739,-0.5728049291424773,0.5728049291424773
5.0,robofalcon2_coefficient_transfer,RoboFalcon2 S3-S4 coefficient transfer,0.65625,1.3513652548833426,-0.31663931807104817,0.31663931807104817,2.235058489875747,-0.523698084974263,0.523698084974263
5.0,robofalcon2_coefficient_transfer,RoboFalcon2 S3-S4 coefficient transfer,0.6640625,1.2845853248271226,-0.2850909605052943,0.2850909605052943,2.1246094095208226,-0.4715194277502684,0.4715194277502684
5.0,robofalcon2_coefficient_transfer,RoboFalcon2 S3-S4 coefficient transfer,0.671875,1.2153214158560373,-0.2521592836014148,0.2521592836014148,2.0100520111946616,-0.417052862338821,0.417052862338821
5.0,robofalcon2_coefficient_transfer,RoboFalcon2 S3-S4 coefficient transfer,0.6796875,1.1443596555942463,-0.21839323806928249,0.21839323806928249,1.892686492023211,-0.3612063127376635,0.3612063127376635
5.0,robofalcon2_coefficient_transfer,RoboFalcon2 S3-S4 coefficient transfer,0.6875,1.0725316948894694,-0.18439786142055367,0.18439786142055367,1.7738883411875719,-0.304980466379179,0.304980466379179
5.0,robofalcon2_coefficient_transfer,RoboFalcon2 S3-S4 coefficient transfer,0.6953125,1.000705064372185,-0.15082060276610446,0.15082060276610446,1.6550923903839654,-0.24944615635367884,0.24944615635367884
5.0,robofalcon2_coefficient_transfer,RoboFalcon2 S3-S4 coefficient transfer,0.703125,0.9297480792604045,-0.11829318024160061,0.11829318024160061,1.5377347689585403,-0.19564819787838575,0.19564819787838575
5.0,robofalcon2_coefficient_transfer,RoboFalcon2 S3-S4 coefficient transfer,0.7109375,0.8604913202485726,-0.08740146671154475,0.08740146671154475,1.4231891961377887,-0.1445555814723785,0.1445555814723785
5.0,robofalcon2_coefficient_transfer,RoboFalcon2 S3-S4 coefficient transfer,0.71875,0.7937084207788976,-0.058651152626282926,0.058651152626282926,1.312735204591957,-0.09700468185389907,0.09700468185389907
5.0,robofalcon2_coefficient_transfer,RoboFalcon2 S3-S4 coefficient transfer,0.7265625,0.7300857681007717,-0.032436418501975955,0.032436418501975955,1.2075080282213935,-0.05364744453213168,0.05364744453213168
5.0,robofalcon2_coefficient_transfer,RoboFalcon2 S3-S4 coefficient transfer,0.734375,0.6701946236598602,-0.009018935485899212,0.009018935485899212,1.1084524913357794,-0.014916654290583205,0.014916654290583205
5.0,robofalcon2_coefficient_transfer,RoboFalcon2 S3-S4 coefficient transfer,0.7421875,0.6144691107042012,0.011479568001626857,-0.011479568001626857,1.0162866017776833,0.018986359039071914,-0.018986359039071914
5.0,robofalcon2_coefficient_transfer,RoboFalcon2 S3-S4 coefficient transfer,0.75,0.5631932455543092,0.029070390575435888,-0.029070390575435888,0.931480101599548,0.0480802825326753,-0.0480802825326753
5.0,robofalcon2_coefficient_transfer,RoboFalcon2 S3-S4 coefficient transfer,0.7578125,0.5310694645367078,0.04511647989333359,-0.04511647989333359,0.8783497364145282,0.07461933112051825,-0.07461933112051825
5.0,robofalcon2_coefficient_transfer,RoboFalcon2 S3-S4 coefficient transfer,0.765625,0.5249328795507718,0.06235742407554284,-0.06235742407554284,0.8682002773233632,0.10313458155238403,-0.10313458155238403
5.0,robofalcon2_coefficient_transfer,RoboFalcon2 S3-S4 coefficient transfer,0.7734375,0.5187602146257493,0.07931717389009149,-0.07931717389009149,0.8579911446732709,0.1311847572337529,-0.1311847572337529
5.0,robofalcon2_coefficient_transfer,RoboFalcon2 S3-S4 coefficient transfer,0.78125,0.5128404378166432,0.09586516221197196,-0.09586516221197196,0.8482002703204268,0.1585539097671118,-0.1585539097671118
5.0,robofalcon2_coefficient_transfer,RoboFalcon2 S3-S4 coefficient transfer,0.7890625,0.5074126538148669,0.11191657910260445,-0.11191657910260445,0.8392231157942589,0.18510176976743434,-0.18510176976743434
5.0,robofalcon2_coefficient_transfer,RoboFalcon2 S3-S4 coefficient transfer,0.796875,0.5026579727422092,0.12742341396513118,-0.12742341396513118,0.8313592238822144,0.2107489312475358,-0.2107489312475358
5.0,robofalcon2_coefficient_transfer,RoboFalcon2 S3-S4 coefficient transfer,0.8046875,0.49869813343160474,0.14236411437737692,-0.14236411437737692,0.8248099416376636,0.23545974809028689,-0.23545974809028689
5.0,robofalcon2_coefficient_transfer,RoboFalcon2 S3-S4 coefficient transfer,0.8125,0.4955993708264826,0.1567338243968773,-0.1567338243968773,0.8196848167732644,0.25922618892490007,-0.25922618892490007
5.0,robofalcon2_coefficient_transfer,RoboFalcon2 S3-S4 coefficient transfer,0.8203125,0.49339073814641643,0.17052921682952463,-0.17052921682952463,0.8160319011719787,0.28204275081764885,-0.28204275081764885
5.0,robofalcon2_coefficient_transfer,RoboFalcon2 S3-S4 coefficient transfer,0.828125,0.4920387175127181,0.1837644674511001,-0.1837644674511001,0.8137957587338667,0.30393287945643727,-0.30393287945643727
5.0,robofalcon2_coefficient_transfer,RoboFalcon2 S3-S4 coefficient transfer,0.8359375,0.491491366280162,0.19644572441264282,-0.19644572441264282,0.8128904801536696,0.32490674342975573,-0.32490674342975573
5.0,robofalcon2_coefficient_transfer,RoboFalcon2 S3-S4 coefficient transfer,0.84375,0.49167580827415747,0.20857671871839517,-0.20857671871839517,0.8131955336120736,0.3449705135435187,-0.3449705135435187
5.0,robofalcon2_coefficient_transfer,RoboFalcon2 S3-S4 coefficient transfer,0.8515625,0.49250565779601174,0.22015828803735715,-0.22015828803735715,0.8145680435330127,0.36412557524048755,-0.36412557524048755
5.0,robofalcon2_coefficient_transfer,RoboFalcon2 S3-S4 coefficient transfer,0.859375,0.49388706582584,0.2311886654406321,-0.2311886654406321,0.8168527905574704,0.3823690061505501,-0.3823690061505501
5.0,robofalcon2_coefficient_transfer,RoboFalcon2 S3-S4 coefficient transfer,0.8671875,0.4957234052337372,0.24166414955304275,-0.24166414955304275,0.8198899605372981,0.3996946844720806,-0.3996946844720806
5.0,robofalcon2_coefficient_transfer,RoboFalcon2 S3-S4 coefficient transfer,0.875,0.49791873597860614,0.25157988376356977,-0.25157988376356977,0.8235208757185739,0.4160945777285511,-0.4160945777285511
5.0,robofalcon2_coefficient_transfer,RoboFalcon2 S3-S4 coefficient transfer,0.8828125,0.5003825529688816,0.2609232666001332,-0.2609232666001332,0.8275958473531604,0.4315478440142994,-0.4315478440142994
5.0,robofalcon2_coefficient_transfer,RoboFalcon2 S3-S4 coefficient transfer,0.890625,0.5030224596428027,0.2696963359429182,-0.2696963359429182,0.8319620583406823,0.44605785383289054,-0.44605785383289054
5.0,robofalcon2_coefficient_transfer,RoboFalcon2 S3-S4 coefficient transfer,0.8984375,0.5057563946591606,0.2778944908731705,-0.2778944908731705,0.8364837852734994,0.45961699760394953,-0.45961699760394953
5.0,robofalcon2_coefficient_transfer,RoboFalcon2 S3-S4 coefficient transfer,0.90625,0.5085086273892951,0.28551388104788067,-0.28551388104788067,0.8410357752757377,0.4722189071440405,-0.4722189071440405
5.0,robofalcon2_coefficient_transfer,RoboFalcon2 S3-S4 coefficient transfer,0.9140625,0.5112099809259913,0.29255146769426077,-0.29255146769426077,0.8455036148435605,0.48385855654703325,-0.48385855654703325
5.0,robofalcon2_coefficient_transfer,RoboFalcon2 S3-S4 coefficient transfer,0.921875,0.513797846513415,0.29900496873277393,-0.29900496873277393,0.8497837537112183,0.4945321714216409,-0.4945321714216409
5.0,robofalcon2_coefficient_transfer,RoboFalcon2 S3-S4 coefficient transfer,0.9296875,0.5162160670779643,0.3048727197494858,-0.3048727197494858,0.8537833122196651,0.5042369989499401,-0.5042369989499401
5.0,robofalcon2_coefficient_transfer,RoboFalcon2 S3-S4 coefficient transfer,0.9375,0.5184147463102181,0.3101534815940171,-0.3101534815940171,0.8574197655521778,0.5129709896685711,-0.5129709896685711
5.0,robofalcon2_coefficient_transfer,RoboFalcon2 S3-S4 coefficient transfer,0.9453125,0.5203461649406684,0.3148386657855446,-0.3148386657855446,0.8606141895555275,0.5207199388635163,-0.5207199388635163
5.0,robofalcon2_coefficient_transfer,RoboFalcon2 S3-S4 coefficient transfer,0.953125,0.5219753189783194,0.3189347267166691,-0.3189347267166691,0.8633086902095949,0.5274945216242286,-0.5274945216242286
5.0,robofalcon2_coefficient_transfer,RoboFalcon2 S3-S4 coefficient transfer,0.9609375,0.5232699295933864,0.32244032740808437,-0.32244032740808437,0.8654498807099666,0.5332925266855163,-0.5332925266855163
5.0,robofalcon2_coefficient_transfer,RoboFalcon2 S3-S4 coefficient transfer,0.96875,0.5242031003818036,0.3253536584427351,-0.3253536584427351,0.8669932763875002,0.5381109614049858,-0.5381109614049858
5.0,robofalcon2_coefficient_transfer,RoboFalcon2 S3-S4 coefficient transfer,0.9765625,0.5247531567667785,0.327672256980917,-0.327672256980917,0.867903029090336,0.5419457524273613,-0.5419457524273613
5.0,robofalcon2_coefficient_transfer,RoboFalcon2 S3-S4 coefficient transfer,0.984375,0.5249035226314647,0.32939285881488917,-0.32939285881488917,0.8681517231434352,0.544791500993723,-0.544791500993723
5.0,robofalcon2_coefficient_transfer,RoboFalcon2 S3-S4 coefficient transfer,0.9921875,0.5246426370502645,0.33051128885264447,-0.33051128885264447,0.8677202376282938,0.5466413018097377,-0.5466413018097377
10.0,fluxv_uvpm,FluxV current load channel,0.0,-0.26768861156022655,-0.07910560666506823,0.07910560666506823,-0.4427372257416696,-0.13083484064328343,0.13083484064328343
10.0,fluxv_uvpm,FluxV current load channel,0.0078125,-0.2649007138846715,-0.07926120770126359,0.07926120770126359,-0.43812624854942855,-0.13109219328404814,0.13109219328404814
10.0,fluxv_uvpm,FluxV current load channel,0.015625,-0.2610147573489305,-0.07907053603749092,0.07907053603749092,-0.43169916296682204,-0.13077683641117174,0.13077683641117174
10.0,fluxv_uvpm,FluxV current load channel,0.0234375,-0.2560427577624826,-0.07852803024023626,0.07852803024023626,-0.4234758422567536,-0.12987957182368942,0.12987957182368942
10.0,fluxv_uvpm,FluxV current load channel,0.03125,-0.2499975143738372,-0.07762819592393064,0.07762819592393064,-0.41347745543251674,-0.12839131221299369,0.12839131221299369
10.0,fluxv_uvpm,FluxV current load channel,0.0390625,-0.24272119391516842,-0.07630349422838108,0.07630349422838108,-0.4014429579068214,-0.12620035328424245,0.12620035328424245
10.0,fluxv_uvpm,FluxV current load channel,0.046875,-0.23418865884370293,-0.07452393814896763,0.07452393814896763,-0.3873307740374146,-0.12325709874285913,0.12325709874285913
10.0,fluxv_uvpm,FluxV current load channel,0.0546875,-0.2246545268226785,-0.07236675060995536,0.07236675060995536,-0.3715620226652873,-0.11968926961161529,0.11968926961161529
10.0,fluxv_uvpm,FluxV current load channel,0.0625,-0.21413981987736352,-0.06982892890319371,0.06982892890319371,-0.35417147267019333,-0.11549189963263191,0.11549189963263191
10.0,fluxv_uvpm,FluxV current load channel,0.0703125,-0.20266646006874417,-0.06690804292912732,0.06690804292912732,-0.33519538152460027,-0.11066096960042558,0.11066096960042558
10.0,fluxv_uvpm,FluxV current load channel,0.078125,-0.189964724144874,-0.06347535779379321,0.06347535779379321,-0.31418764685759015,-0.10498356149253318,0.10498356149253318
10.0,fluxv_uvpm,FluxV current load channel,0.0859375,-0.17633664753710887,-0.05964186208564415,0.05964186208564415,-0.2916478130023147,-0.09864324225061184,0.09864324225061184
10.0,fluxv_uvpm,FluxV current load channel,0.09375,-0.16186292750275671,-0.055435941404208294,0.055435941404208294,-0.26770934727222157,-0.09168695956329449,0.09168695956329449
10.0,fluxv_uvpm,FluxV current load channel,0.1015625,-0.14657404055842352,-0.05086675736451453,0.05086675736451453,-0.2424226555786185,-0.08412986606631546,0.08412986606631546
10.0,fluxv_uvpm,FluxV current load channel,0.109375,-0.13042131672895885,-0.04590988381674115,0.04590988381674115,-0.21570724137124356,-0.07593156270890986,0.07593156270890986
10.0,fluxv_uvpm,FluxV current load channel,0.1171875,-0.11334747525425881,-0.04054689422952745,0.04054689422952745,-0.1874683664964302,-0.06706157336687074,0.06706157336687074
10.0,fluxv_uvpm,FluxV current load channel,0.125,-0.09560691290482662,-0.03490573770510483,0.03490573770510483,-0.15812678445487374,-0.05773151642107694,0.05773151642107694
10.0,fluxv_uvpm,FluxV current load channel,0.1328125,-0.07723894432951985,-0.029021438411851244,0.029021438411851244,-0.12774751877695437,-0.04799931926355004,0.04799931926355004
10.0,fluxv_uvpm,FluxV current load channel,0.140625,-0.05828376800939797,-0.022932606927597507,0.022932606927597507,-0.09639705478634555,-0.03792884094310598,0.03792884094310598
10.0,fluxv_uvpm,FluxV current load channel,0.1484375,-0.03865650193870958,-0.0166697703378132,0.0166697703378132,-0.06393500390423285,-0.027570571008224277,0.027570571008224277
10.0,fluxv_uvpm,FluxV current load channel,0.15625,-0.018524725502337424,-0.010359711097687468,0.010359711097687468,-0.03063853007689711,-0.017134198291597486,0.017134198291597486
10.0,fluxv_uvpm,FluxV current load channel,0.1640625,0.0020078152053948327,-0.004085669676050369,0.004085669676050369,0.0033207783052752312,-0.006757396391009453,0.006757396391009453
10.0,fluxv_uvpm,FluxV current load channel,0.171875,0.022895954126352924,0.0020821958184702293,-0.0020821958184702293,0.03786821991240877,0.0034437983549143493,-0.0034437983549143493
10.0,fluxv_uvpm,FluxV current load channel,0.1796875,0.04410736991449894,0.008053629257697145,-0.008053629257697145,0.07295033762134218,0.013320108965123275,-0.013320108965123275
10.0,fluxv_uvpm,FluxV current load channel,0.1875,0.06563101652637707,0.013610395309286209,-0.013610395309286209,0.10854886209066959,0.022510590291305966,-0.022510590291305966
10.0,fluxv_uvpm,FluxV current load channel,0.1953125,0.08732483765421512,0.01874102368167653,-0.01874102368167653,0.1444288426617299,0.030996271316972333,-0.030996271316972333
10.0,fluxv_uvpm,FluxV current load channel,0.203125,0.10915117014685297,0.023377718079922675,-0.023377718079922675,0.1805279872595628,0.038665021969181444,-0.038665021969181444
10.0,fluxv_uvpm,FluxV current load channel,0.2109375,0.13107415459707406,0.027456824267282024,-0.027456824267282024,0.21678698706869323,0.04541156283384888,-0.04541156283384888
10.0,fluxv_uvpm,FluxV current load channel,0.21875,0.15306185453035082,0.0307637728581462,-0.0307637728581462,0.25315302151505986,0.05088101196825901,-0.05088101196825901
10.0,fluxv_uvpm,FluxV current load channel,0.2265625,0.17506184703283784,0.03326244571802102,-0.03326244571802102,0.2895393869645187,0.055013632641096585,-0.055013632641096585
10.0,fluxv_uvpm,FluxV current load channel,0.234375,0.1970487224338313,0.035046051773597674,-0.035046051773597674,0.32590405769528485,0.057963585544432504,-0.057963585544432504
10.0,fluxv_uvpm,FluxV current load channel,0.2421875,0.21900867358365045,0.03610997294836533,-0.03610997294836533,0.36222419769984415,0.059723232720227545,-0.059723232720227545
10.0,fluxv_uvpm,FluxV current load channel,0.25,0.24093062351170588,0.0364569461173445,-0.0364569461173445,0.3984814864855922,0.060297100757964635,-0.060297100757964635
10.0,fluxv_uvpm,FluxV current load channel,0.2578125,0.2627892356632707,0.03585596262165953,-0.03585596262165953,0.4346340192591787,0.05930311836907907,-0.05930311836907907
10.0,fluxv_uvpm,FluxV current load channel,0.265625,0.28460213355294295,0.03463061317474157,-0.03463061317474157,0.4707109440142948,0.05727648073391584,-0.05727648073391584
10.0,fluxv_uvpm,FluxV current load channel,0.2734375,0.30637191490295884,0.03282625086506064,-0.03282625086506064,0.5067165571919786,0.05429219851673518,-0.05429219851673518
10.0,fluxv_uvpm,FluxV current load channel,0.28125,0.3281014846698883,0.030490036612675644,-0.030490036612675644,0.5426556633762024,0.0504282724019465,-0.0504282724019465
10.0,fluxv_uvpm,FluxV current load channel,0.2890625,0.34978925268733824,0.027608052870822197,-0.027608052870822197,0.5785256325490014,0.0456616837933993,-0.0456616837933993
10.0,fluxv_uvpm,FluxV current load channel,0.296875,0.3714388928612886,0.024256294627084472,-0.024256294627084472,0.6143325410799744,0.040118122797135766,-0.040118122797135766
10.0,fluxv_uvpm,FluxV current load channel,0.3046875,0.3930589425508295,0.020586042921131486,-0.020586042921131486,0.6500905091315619,0.034047797098197094,-0.034047797098197094
10.0,fluxv_uvpm,FluxV current load channel,0.3125,0.41464889423145807,0.01664199722985221,-0.01664199722985221,0.6857986972956579,0.02752463633548192,-0.02752463633548192
10.0,fluxv_uvpm,FluxV current load channel,0.3203125,0.43620737369269874,0.012466944680025148,-0.012466944680025148,0.7214548327294621,0.020619407261811606,-0.020619407261811606
10.0,fluxv_uvpm,FluxV current load channel,0.328125,0.45771621642037247,0.008060488479201555,-0.008060488479201555,0.7570288726658666,0.013331453611733044,-0.013331453611733044
10.0,fluxv_uvpm,FluxV current load channel,0.3359375,0.47917440761572067,0.003523683906827324,-0.003523683906827324,0.7925191387025498,0.005827913366229636,-0.005827913366229636
10.0,fluxv_uvpm,FluxV current load channel,0.34375,0.5005743196316665,-0.0011101439042695987,0.0011101439042695987,0.8279130152736643,-0.0018360961621998852,0.0018360961621998852
10.0,fluxv_uvpm,FluxV current load channel,0.3515625,0.521905186358893,-0.005819330181678876,0.005819330181678876,0.8631926960282293,-0.009624743037421325,0.009624743037421325
10.0,fluxv_uvpm,FluxV current load channel,0.359375,0.5431431024188019,-0.010587887745678745,0.010587887745678745,0.8983186432326848,-0.0175115856429752,0.0175115856429752
10.0,fluxv_uvpm,FluxV current load channel,0.3671875,0.5642415633974567,-0.015396179539145257,0.015396179539145257,0.9332139420153409,-0.02546414573429924,0.02546414573429924
10.0,fluxv_uvpm,FluxV current load channel,0.375,0.5852030893391511,-0.02022151442319188,0.02022151442319188,0.9678827603436464,-0.03344489384078583,0.03344489384078583
10.0,fluxv_uvpm,FluxV current load channel,0.3828125,0.6060054626456002,-0.02505673601756235,0.02505673601756235,1.0022883519482324,-0.04144199383716038,0.04144199383716038
10.0,fluxv_uvpm,FluxV current load channel,0.390625,0.6266249597420392,-0.029895653633687923,0.029895653633687923,1.0363914797856748,-0.049445206780995024,0.049445206780995024
10.0,fluxv_uvpm,FluxV current load channel,0.3984375,0.6469598697890321,-0.03473120851224765,0.03473120851224765,1.070023921627103,-0.05744285800484418,0.05744285800484418
10.0,fluxv_uvpm,FluxV current load channel,0.40625,0.6669884550363254,-0.03955856873292165,0.03955856873292165,1.103149724836412,-0.06542695586877609,0.06542695586877609
10.0,fluxv_uvpm,FluxV current load channel,0.4140625,0.6866964627632849,-0.04437602485767791,0.04437602485767791,1.1357453164645837,-0.07339467308832964,0.07339467308832964
10.0,fluxv_uvpm,FluxV current load channel,0.421875,0.7060424862168263,-0.049181509173683975,0.049181509173683975,1.1677422127951065,-0.08134258981894094,0.08134258981894094
10.0,fluxv_uvpm,FluxV current load channel,0.4296875,0.724955446151381,-0.0539720447923626,0.0539720447923626,1.1990228539967744,-0.08926578250640138,0.08926578250640138
10.0,fluxv_uvpm,FluxV current load channel,0.4375,0.7432098464175753,-0.05873833979170762,0.05873833979170762,1.2292142860652788,-0.0971488829968443,0.0971488829968443
10.0,fluxv_uvpm,FluxV current load channel,0.4453125,0.7608798220823716,-0.0634811539949665,0.0634811539949665,1.2584391229350933,-0.10499314798189611,0.10499314798189611
10.0,fluxv_uvpm,FluxV current load channel,0.453125,0.7778996997013412,-0.06819570256023999,0.06819570256023999,1.2865887455715048,-0.1127906636858615,0.1127906636858615
10.0,fluxv_uvpm,FluxV current load channel,0.4609375,0.7942008952472719,-0.07287653009086642,0.07287653009086642,1.313549721050486,-0.1205324072849108,0.1205324072849108
10.0,fluxv_uvpm,FluxV current load channel,0.46875,0.8094996196162444,-0.07750467277046788,0.07750467277046788,1.338852683119089,-0.12818701402503488,0.12818701402503488
10.0,fluxv_uvpm,FluxV current load channel,0.4765625,0.8236841082986112,-0.08206471363913158,0.08206471363913158,1.3623127815192118,-0.13572898539129366,0.13572898539129366
10.0,fluxv_uvpm,FluxV current load channel,0.484375,0.8367989706516269,-0.08655084170589902,0.08655084170589902,1.384003796838523,-0.14314871043311,0.14314871043311
10.0,fluxv_uvpm,FluxV current load channel,0.4921875,0.8487498454127143,-0.09094874046565515,0.09094874046565515,1.403769662506363,-0.1504225107066382,0.1504225107066382
10.0,fluxv_uvpm,FluxV current load channel,0.5,0.8594398889187804,-0.09524288961575045,0.09524288961575045,1.4214502062446557,-0.15752471677567148,0.15752471677567148
10.0,fluxv_uvpm,FluxV current load channel,0.5078125,0.868146224433519,-0.09934927665090215,0.09934927665090215,1.4358498432322169,-0.1643163781510587,0.1643163781510587
10.0,fluxv_uvpm,FluxV current load channel,0.515625,0.8752510274433289,-0.10328249809157497,0.10328249809157497,1.4476006635441845,-0.1708216364013872,0.1708216364013872
10.0,fluxv_uvpm,FluxV current load channel,0.5234375,0.8806475390869424,-0.1070151483068718,0.1070151483068718,1.4565260958957902,-0.17699516463388262,0.17699516463388262
10.0,fluxv_uvpm,FluxV current load channel,0.53125,0.8842299132357302,-0.11051828309695289,0.11051828309695289,1.4624510785947502,-0.18278909127618462,0.18278909127618462
10.0,fluxv_uvpm,FluxV current load channel,0.5390625,0.8855409998987664,-0.11370667419158623,0.11370667419158623,1.4646195192636167,-0.18806245505355926,0.18806245505355926
10.0,fluxv_uvpm,FluxV current load channel,0.546875,0.8842774654145071,-0.11649401011759145,0.11649401011759145,1.4625297263922301,-0.19267250315346504,0.19267250315346504
10.0,fluxv_uvpm,FluxV current load channel,0.5546875,0.8807900624303054,-0.11889980427818941,0.11889980427818941,1.456761818996882,-0.19665150930602604,0.19665150930602604
10.0,fluxv_uvpm,FluxV current load channel,0.5625,0.8750050524916143,-0.12088300594530102,0.12088300594530102,1.4471938391107904,-0.19993157863383793,0.19993157863383793
10.0,fluxv_uvpm,FluxV current load channel,0.5703125,0.8668553776982149,-0.12240174687522375,0.12240174687522375,1.4337148779114466,-0.202443464148934,0.202443464148934
10.0,fluxv_uvpm,FluxV current load channel,0.578125,0.8554570519374801,-0.12321266485657685,0.12321266485657685,1.4148628875484865,-0.20378466269778422,0.20378466269778422
10.0,fluxv_uvpm,FluxV current load channel,0.5859375,0.8414554124726042,-0.12339023859912683,0.12339023859912683,1.3917052082718713,-0.20407835657472173,0.20407835657472173
10.0,fluxv_uvpm,FluxV current load channel,0.59375,0.8250038839304571,-0.12292521496516545,0.12292521496516545,1.3644955931018161,-0.2033092417722489,0.2033092417722489
10.0,fluxv_uvpm,FluxV current load channel,0.6015625,0.8061343549811959,-0.12178140585919507,0.12178140585919507,1.333286783547479,-0.2014174658487093,0.2014174658487093
10.0,fluxv_uvpm,FluxV current load channel,0.609375,0.7846465811256352,-0.1198403619067966,0.1198403619067966,1.2977475899720552,-0.19820712227257178,0.19820712227257178
10.0,fluxv_uvpm,FluxV current load channel,0.6171875,0.7603384345079096,-0.11693440612142861,0.11693440612142861,1.2575437078056588,-0.19340088567160857,0.19340088567160857
10.0,fluxv_uvpm,FluxV current load channel,0.625,0.7340118330740963,-0.11325946753627866,0.11325946753627866,1.2140014502024035,-0.18732280822006095,0.18732280822006095
10.0,fluxv_uvpm,FluxV current load channel,0.6328125,0.7058254547114818,-0.10882002451070723,0.10882002451070723,1.1673832586878896,-0.17998029679410332,0.17998029679410332
10.0,fluxv_uvpm,FluxV current load channel,0.640625,0.6759496315754974,-0.1036273268749801,0.1036273268749801,1.1179708500879122,-0.17139195778349914,0.17139195778349914
10.0,fluxv_uvpm,FluxV current load channel,0.6484375,0.6442754420228447,-0.09752367941766606,0.09752367941766606,1.0655840760356954,-0.1612969749360558,0.1612969749360558
10.0,fluxv_uvpm,FluxV current load channel,0.65625,0.6114252869980431,-0.09071853875423347,0.09071853875423347,1.0112523418013004,-0.15004177404966282,0.15004177404966282
10.0,fluxv_uvpm,FluxV current load channel,0.6640625,0.5777782458429199,-0.08336754435823723,0.08336754435823723,0.9556026166650354,-0.13788377133764346,0.13788377133764346
10.0,fluxv_uvpm,FluxV current load channel,0.671875,0.5435531180283316,-0.07555437713090049,0.07555437713090049,0.8989967788187149,-0.1249613688404848,0.1249613688404848
10.0,fluxv_uvpm,FluxV current load channel,0.6796875,0.5089673825331404,-0.06736060540272609,0.06736060540272609,0.84179452245776,-0.11140947456247112,0.11140947456247112
10.0,fluxv_uvpm,FluxV current load channel,0.6875,0.47436271605419866,-0.05892603348316354,0.05892603348316354,0.7845609556455407,-0.09745931452308691,0.09745931452308691
10.0,fluxv_uvpm,FluxV current load channel,0.6953125,0.4400110331480437,-0.05049755500283832,0.05049755500283832,0.7277458050091947,-0.083519232582907,0.083519232582907
10.0,fluxv_uvpm,FluxV current load channel,0.703125,0.40605372537511747,-0.042198883896980004,0.042198883896980004,0.6715829217643134,-0.06979384246886536,0.06979384246886536
10.0,fluxv_uvpm,FluxV current load channel,0.7109375,0.3726186161230337,-0.03415262196422778,0.03415262196422778,0.6162837163690674,-0.056485918515977916,0.056485918515977916
10.0,fluxv_uvpm,FluxV current load channel,0.71875,0.33998848140214044,-0.0266129593202927,0.0266129593202927,0.5623158794943376,-0.04401587243315122,0.04401587243315122
10.0,fluxv_uvpm,FluxV current load channel,0.7265625,0.30824567224827065,-0.019758629875746277,0.019758629875746277,0.5098156136813122,-0.032679316929686474,0.032679316929686474
10.0,fluxv_uvpm,FluxV current load channel,0.734375,0.2773000138715785,-0.0136009516462766,0.0136009516462766,0.4586337764765433,-0.02249497116900807,0.02249497116900807
10.0,fluxv_uvpm,FluxV current load channel,0.7421875,0.24716333207983188,-0.008210186794000955,0.008210186794000955,0.4087899268941136,-0.013579043586540687,0.013579043586540687
10.0,fluxv_uvpm,FluxV current load channel,0.75,0.21783778391544684,-0.003647708498449258,0.003647708498449258,0.3602876325231317,-0.006033040895930631,0.006033040895930631
10.0,fluxv_uvpm,FluxV current load channel,0.7578125,0.1896025414449621,-0.0003148346040304645,0.0003148346040304645,0.31358862337715143,-0.0005207132210201037,0.0005207132210201037
10.0,fluxv_uvpm,FluxV current load channel,0.765625,0.16211068508386162,0.0021184575283704774,-0.0021184575283704774,0.2681191200431867,0.0035037725493648033,-0.0035037725493648033
10.0,fluxv_uvpm,FluxV current load channel,0.7734375,0.1353348386365627,0.0036670925655965803,-0.0036670925655965803,0.22383384431230297,0.00606510071372555,-0.00606510071372555
10.0,fluxv_uvpm,FluxV current load channel,0.78125,0.10924902782683978,0.004353145565319003,-0.004353145565319003,0.18068983664681298,0.007199781789765716,-0.007199781789765716
10.0,fluxv_uvpm,FluxV current load channel,0.7890625,0.08393333359579828,0.004084211152783565,-0.004084211152783565,0.13881954501860902,0.0067549841010690614,-0.0067549841010690614
10.0,fluxv_uvpm,FluxV current load channel,0.796875,0.059392712852551696,0.0029137331973818894,-0.0029137331973818894,0.09823116778987148,0.004819099866973701,-0.004819099866973701
10.0,fluxv_uvpm,FluxV current load channel,0.8046875,0.03547743858700015,0.0010865524033901784,-0.0010865524033901784,0.058677067525881615,0.0017970775592434172,-0.0017970775592434172
10.0,fluxv_uvpm,FluxV current load channel,0.8125,0.01218879533688842,-0.0013339972239677427,0.0013339972239677427,0.020159368757355033,-0.002206333047357479,0.002206333047357479
10.0,fluxv_uvpm,FluxV current load channel,0.8203125,-0.01046823936381933,-0.0042829721839571875,0.0042829721839571875,-0.01731369604154552,-0.007083720191164416,0.007083720191164416
10.0,fluxv_uvpm,FluxV current load channel,0.828125,-0.032256592958949754,-0.007800357438746722,0.007800357438746722,-0.05335002634324098,-0.01290121605134899,0.01290121605134899
10.0,fluxv_uvpm,FluxV current load channel,0.8359375,-0.053324271880763066,-0.011657156303967308,0.011657156303967308,-0.08819441387356862,-0.019280076996829314,0.019280076996829314
10.0,fluxv_uvpm,FluxV current load channel,0.84375,-0.07368326992693577,-0.01577024429972085,0.01577024429972085,-0.12186669548953348,-0.02608282126696268,0.02608282126696268
10.0,fluxv_uvpm,FluxV current load channel,0.8515625,-0.0933083478390501,-0.020082300722194316,0.020082300722194316,-0.1543251273187066,-0.03321464464413286,0.03321464464413286
10.0,fluxv_uvpm,FluxV current load channel,0.859375,-0.1120825092809748,-0.024544105349301428,0.024544105349301428,-0.18537620604774646,-0.040594140510217945,0.040594140510217945
10.0,fluxv_uvpm,FluxV current load channel,0.8671875,-0.12981794602298358,-0.029077421175279245,0.029077421175279245,-0.21470931071255664,-0.04809191062642126,0.04809191062642126
10.0,fluxv_uvpm,FluxV current load channel,0.875,-0.1466979732960406,-0.03360581288614778,0.03360581288614778,-0.24262763118856823,-0.05558153661930902,0.05558153661930902
10.0,fluxv_uvpm,FluxV current load channel,0.8828125,-0.1626940037563976,-0.03809240158319517,0.03809240158319517,-0.26908388611708367,-0.06300202350964422,0.06300202350964422
10.0,fluxv_uvpm,FluxV current load channel,0.890625,-0.17777789289184975,-0.04250244124380925,0.04250244124380925,-0.2940315265501265,-0.07029590393799307,0.07029590393799307
10.0,fluxv_uvpm,FluxV current load channel,0.8984375,-0.1916464963241802,-0.046758667856490035,0.046758667856490035,-0.316969174038204,-0.07733538892632695,0.07733538892632695
10.0,fluxv_uvpm,FluxV current load channel,0.90625,-0.20441390466120088,-0.050835537729419865,0.050835537729419865,-0.3380855260342688,-0.0840782310918206,0.0840782310918206
10.0,fluxv_uvpm,FluxV current load channel,0.9140625,-0.2161646541985508,-0.05472651625744961,0.05472651625744961,-0.35752039933810004,-0.0905136226793806,0.0905136226793806
10.0,fluxv_uvpm,FluxV current load channel,0.921875,-0.22687877167191367,-0.05841291335149066,0.05841291335149066,-0.3752407596432294,-0.09661065165975125,0.09661065165975125
10.0,fluxv_uvpm,FluxV current load channel,0.9296875,-0.23647727332588536,-0.061863775551636954,0.061863775551636954,-0.3911159736420145,-0.10231812329257349,0.10231812329257349
10.0,fluxv_uvpm,FluxV current load channel,0.9375,-0.24463305794630752,-0.06498662750930086,0.06498662750930086,-0.4046050400447512,-0.10748309016986998,0.10748309016986998
10.0,fluxv_uvpm,FluxV current load channel,0.9453125,-0.2516881304571755,-0.06784562434699193,0.06784562434699193,-0.4162736097783023,-0.11221166013385131,0.11221166013385131
10.0,fluxv_uvpm,FluxV current load channel,0.953125,-0.25763338336736635,-0.0704309282810089,0.0704309282810089,-0.4261066197238834,-0.1164875622156557,0.1164875622156557
10.0,fluxv_uvpm,FluxV current load channel,0.9609375,-0.2624608836830234,-0.07273325549863886,0.07273325549863886,-0.43409094929458747,-0.12029544167358958,0.12029544167358958
10.0,fluxv_uvpm,FluxV current load channel,0.96875,-0.26591291764713093,-0.07467595110895318,0.07467595110895318,-0.43980035893860264,-0.1235085169701364,0.1235085169701364
10.0,fluxv_uvpm,FluxV current load channel,0.9765625,-0.2680473083276176,-0.0762614973346503,0.0762614973346503,-0.443330483746751,-0.12613089351861492,0.12613089351861492
10.0,fluxv_uvpm,FluxV current load channel,0.984375,-0.2690530179018795,-0.07753252570607272,0.07753252570607272,-0.4449938532274895,-0.12823308072681414,0.12823308072681414
10.0,fluxv_uvpm,FluxV current load channel,0.9921875,-0.268932352963191,-0.07848265111314359,0.07848265111314359,-0.4447942823160195,-0.12980451809346724,0.12980451809346724
10.0,ptera_prescribed_wake_uvlm,Ptera prescribed-wake control,0.0,-0.26768861156022655,-0.07910560666506823,0.07910560666506823,-0.4427372257416696,-0.13083484064328343,0.13083484064328343
10.0,ptera_prescribed_wake_uvlm,Ptera prescribed-wake control,0.0078125,-0.2649007138846715,-0.07926120770126359,0.07926120770126359,-0.43812624854942855,-0.13109219328404814,0.13109219328404814
10.0,ptera_prescribed_wake_uvlm,Ptera prescribed-wake control,0.015625,-0.2610147573489305,-0.07907053603749092,0.07907053603749092,-0.43169916296682204,-0.13077683641117174,0.13077683641117174
10.0,ptera_prescribed_wake_uvlm,Ptera prescribed-wake control,0.0234375,-0.2560427577624826,-0.07852803024023626,0.07852803024023626,-0.4234758422567536,-0.12987957182368942,0.12987957182368942
10.0,ptera_prescribed_wake_uvlm,Ptera prescribed-wake control,0.03125,-0.2499975143738372,-0.07762819592393064,0.07762819592393064,-0.41347745543251674,-0.12839131221299369,0.12839131221299369
10.0,ptera_prescribed_wake_uvlm,Ptera prescribed-wake control,0.0390625,-0.24272119391516842,-0.07630349422838108,0.07630349422838108,-0.4014429579068214,-0.12620035328424245,0.12620035328424245
10.0,ptera_prescribed_wake_uvlm,Ptera prescribed-wake control,0.046875,-0.23418865884370293,-0.07452393814896763,0.07452393814896763,-0.3873307740374146,-0.12325709874285913,0.12325709874285913
10.0,ptera_prescribed_wake_uvlm,Ptera prescribed-wake control,0.0546875,-0.2246545268226785,-0.07236675060995536,0.07236675060995536,-0.3715620226652873,-0.11968926961161529,0.11968926961161529
10.0,ptera_prescribed_wake_uvlm,Ptera prescribed-wake control,0.0625,-0.21413981987736352,-0.06982892890319371,0.06982892890319371,-0.35417147267019333,-0.11549189963263191,0.11549189963263191
10.0,ptera_prescribed_wake_uvlm,Ptera prescribed-wake control,0.0703125,-0.20266646006874417,-0.06690804292912732,0.06690804292912732,-0.33519538152460027,-0.11066096960042558,0.11066096960042558
10.0,ptera_prescribed_wake_uvlm,Ptera prescribed-wake control,0.078125,-0.189964724144874,-0.06347535779379321,0.06347535779379321,-0.31418764685759015,-0.10498356149253318,0.10498356149253318
10.0,ptera_prescribed_wake_uvlm,Ptera prescribed-wake control,0.0859375,-0.17633664753710887,-0.05964186208564415,0.05964186208564415,-0.2916478130023147,-0.09864324225061184,0.09864324225061184
10.0,ptera_prescribed_wake_uvlm,Ptera prescribed-wake control,0.09375,-0.16186292750275671,-0.055435941404208294,0.055435941404208294,-0.26770934727222157,-0.09168695956329449,0.09168695956329449
10.0,ptera_prescribed_wake_uvlm,Ptera prescribed-wake control,0.1015625,-0.14657404055842352,-0.05086675736451453,0.05086675736451453,-0.2424226555786185,-0.08412986606631546,0.08412986606631546
10.0,ptera_prescribed_wake_uvlm,Ptera prescribed-wake control,0.109375,-0.13042131672895885,-0.04590988381674115,0.04590988381674115,-0.21570724137124356,-0.07593156270890986,0.07593156270890986
10.0,ptera_prescribed_wake_uvlm,Ptera prescribed-wake control,0.1171875,-0.11334747525425881,-0.04054689422952745,0.04054689422952745,-0.1874683664964302,-0.06706157336687074,0.06706157336687074
10.0,ptera_prescribed_wake_uvlm,Ptera prescribed-wake control,0.125,-0.09560691290482662,-0.03490573770510483,0.03490573770510483,-0.15812678445487374,-0.05773151642107694,0.05773151642107694
10.0,ptera_prescribed_wake_uvlm,Ptera prescribed-wake control,0.1328125,-0.07723894432951985,-0.029021438411851244,0.029021438411851244,-0.12774751877695437,-0.04799931926355004,0.04799931926355004
10.0,ptera_prescribed_wake_uvlm,Ptera prescribed-wake control,0.140625,-0.05828376800939797,-0.022932606927597507,0.022932606927597507,-0.09639705478634555,-0.03792884094310598,0.03792884094310598
10.0,ptera_prescribed_wake_uvlm,Ptera prescribed-wake control,0.1484375,-0.03865650193870958,-0.0166697703378132,0.0166697703378132,-0.06393500390423285,-0.027570571008224277,0.027570571008224277
10.0,ptera_prescribed_wake_uvlm,Ptera prescribed-wake control,0.15625,-0.018524725502337424,-0.010359711097687468,0.010359711097687468,-0.03063853007689711,-0.017134198291597486,0.017134198291597486
10.0,ptera_prescribed_wake_uvlm,Ptera prescribed-wake control,0.1640625,0.0020078152053948327,-0.004085669676050369,0.004085669676050369,0.0033207783052752312,-0.006757396391009453,0.006757396391009453
10.0,ptera_prescribed_wake_uvlm,Ptera prescribed-wake control,0.171875,0.022895954126352924,0.0020821958184702293,-0.0020821958184702293,0.03786821991240877,0.0034437983549143493,-0.0034437983549143493
10.0,ptera_prescribed_wake_uvlm,Ptera prescribed-wake control,0.1796875,0.04410736991449894,0.008053629257697145,-0.008053629257697145,0.07295033762134218,0.013320108965123275,-0.013320108965123275
10.0,ptera_prescribed_wake_uvlm,Ptera prescribed-wake control,0.1875,0.06563101652637707,0.013610395309286209,-0.013610395309286209,0.10854886209066959,0.022510590291305966,-0.022510590291305966
10.0,ptera_prescribed_wake_uvlm,Ptera prescribed-wake control,0.1953125,0.08732483765421512,0.01874102368167653,-0.01874102368167653,0.1444288426617299,0.030996271316972333,-0.030996271316972333
10.0,ptera_prescribed_wake_uvlm,Ptera prescribed-wake control,0.203125,0.10915117014685297,0.023377718079922675,-0.023377718079922675,0.1805279872595628,0.038665021969181444,-0.038665021969181444
10.0,ptera_prescribed_wake_uvlm,Ptera prescribed-wake control,0.2109375,0.13107415459707406,0.027456824267282024,-0.027456824267282024,0.21678698706869323,0.04541156283384888,-0.04541156283384888
10.0,ptera_prescribed_wake_uvlm,Ptera prescribed-wake control,0.21875,0.15306185453035082,0.0307637728581462,-0.0307637728581462,0.25315302151505986,0.05088101196825901,-0.05088101196825901
10.0,ptera_prescribed_wake_uvlm,Ptera prescribed-wake control,0.2265625,0.17506184703283784,0.03326244571802102,-0.03326244571802102,0.2895393869645187,0.055013632641096585,-0.055013632641096585
10.0,ptera_prescribed_wake_uvlm,Ptera prescribed-wake control,0.234375,0.1970487224338313,0.035046051773597674,-0.035046051773597674,0.32590405769528485,0.057963585544432504,-0.057963585544432504
10.0,ptera_prescribed_wake_uvlm,Ptera prescribed-wake control,0.2421875,0.21900867358365045,0.03610997294836533,-0.03610997294836533,0.36222419769984415,0.059723232720227545,-0.059723232720227545
10.0,ptera_prescribed_wake_uvlm,Ptera prescribed-wake control,0.25,0.24093062351170588,0.0364569461173445,-0.0364569461173445,0.3984814864855922,0.060297100757964635,-0.060297100757964635
10.0,ptera_prescribed_wake_uvlm,Ptera prescribed-wake control,0.2578125,0.2627892356632707,0.03585596262165953,-0.03585596262165953,0.4346340192591787,0.05930311836907907,-0.05930311836907907
10.0,ptera_prescribed_wake_uvlm,Ptera prescribed-wake control,0.265625,0.28460213355294295,0.03463061317474157,-0.03463061317474157,0.4707109440142948,0.05727648073391584,-0.05727648073391584
10.0,ptera_prescribed_wake_uvlm,Ptera prescribed-wake control,0.2734375,0.30637191490295884,0.03282625086506064,-0.03282625086506064,0.5067165571919786,0.05429219851673518,-0.05429219851673518
10.0,ptera_prescribed_wake_uvlm,Ptera prescribed-wake control,0.28125,0.3281014846698883,0.030490036612675644,-0.030490036612675644,0.5426556633762024,0.0504282724019465,-0.0504282724019465
10.0,ptera_prescribed_wake_uvlm,Ptera prescribed-wake control,0.2890625,0.34978925268733824,0.027608052870822197,-0.027608052870822197,0.5785256325490014,0.0456616837933993,-0.0456616837933993
10.0,ptera_prescribed_wake_uvlm,Ptera prescribed-wake control,0.296875,0.3714388928612886,0.024256294627084472,-0.024256294627084472,0.6143325410799744,0.040118122797135766,-0.040118122797135766
10.0,ptera_prescribed_wake_uvlm,Ptera prescribed-wake control,0.3046875,0.3930589425508295,0.020586042921131486,-0.020586042921131486,0.6500905091315619,0.034047797098197094,-0.034047797098197094
10.0,ptera_prescribed_wake_uvlm,Ptera prescribed-wake control,0.3125,0.41464889423145807,0.01664199722985221,-0.01664199722985221,0.6857986972956579,0.02752463633548192,-0.02752463633548192
10.0,ptera_prescribed_wake_uvlm,Ptera prescribed-wake control,0.3203125,0.43620737369269874,0.012466944680025148,-0.012466944680025148,0.7214548327294621,0.020619407261811606,-0.020619407261811606
10.0,ptera_prescribed_wake_uvlm,Ptera prescribed-wake control,0.328125,0.45771621642037247,0.008060488479201555,-0.008060488479201555,0.7570288726658666,0.013331453611733044,-0.013331453611733044
10.0,ptera_prescribed_wake_uvlm,Ptera prescribed-wake control,0.3359375,0.47917440761572067,0.003523683906827324,-0.003523683906827324,0.7925191387025498,0.005827913366229636,-0.005827913366229636
10.0,ptera_prescribed_wake_uvlm,Ptera prescribed-wake control,0.34375,0.5005743196316665,-0.0011101439042695987,0.0011101439042695987,0.8279130152736643,-0.0018360961621998852,0.0018360961621998852
10.0,ptera_prescribed_wake_uvlm,Ptera prescribed-wake control,0.3515625,0.521905186358893,-0.005819330181678876,0.005819330181678876,0.8631926960282293,-0.009624743037421325,0.009624743037421325
10.0,ptera_prescribed_wake_uvlm,Ptera prescribed-wake control,0.359375,0.5431431024188019,-0.010587887745678745,0.010587887745678745,0.8983186432326848,-0.0175115856429752,0.0175115856429752
10.0,ptera_prescribed_wake_uvlm,Ptera prescribed-wake control,0.3671875,0.5642415633974567,-0.015396179539145257,0.015396179539145257,0.9332139420153409,-0.02546414573429924,0.02546414573429924
10.0,ptera_prescribed_wake_uvlm,Ptera prescribed-wake control,0.375,0.5852030893391511,-0.02022151442319188,0.02022151442319188,0.9678827603436464,-0.03344489384078583,0.03344489384078583
10.0,ptera_prescribed_wake_uvlm,Ptera prescribed-wake control,0.3828125,0.6060054626456002,-0.02505673601756235,0.02505673601756235,1.0022883519482324,-0.04144199383716038,0.04144199383716038
10.0,ptera_prescribed_wake_uvlm,Ptera prescribed-wake control,0.390625,0.6266249597420392,-0.029895653633687923,0.029895653633687923,1.0363914797856748,-0.049445206780995024,0.049445206780995024
10.0,ptera_prescribed_wake_uvlm,Ptera prescribed-wake control,0.3984375,0.6469598697890321,-0.03473120851224765,0.03473120851224765,1.070023921627103,-0.05744285800484418,0.05744285800484418
10.0,ptera_prescribed_wake_uvlm,Ptera prescribed-wake control,0.40625,0.6669884550363254,-0.03955856873292165,0.03955856873292165,1.103149724836412,-0.06542695586877609,0.06542695586877609
10.0,ptera_prescribed_wake_uvlm,Ptera prescribed-wake control,0.4140625,0.6866964627632849,-0.04437602485767791,0.04437602485767791,1.1357453164645837,-0.07339467308832964,0.07339467308832964
10.0,ptera_prescribed_wake_uvlm,Ptera prescribed-wake control,0.421875,0.7060424862168263,-0.049181509173683975,0.049181509173683975,1.1677422127951065,-0.08134258981894094,0.08134258981894094
10.0,ptera_prescribed_wake_uvlm,Ptera prescribed-wake control,0.4296875,0.724955446151381,-0.0539720447923626,0.0539720447923626,1.1990228539967744,-0.08926578250640138,0.08926578250640138
10.0,ptera_prescribed_wake_uvlm,Ptera prescribed-wake control,0.4375,0.7432098464175753,-0.05873833979170762,0.05873833979170762,1.2292142860652788,-0.0971488829968443,0.0971488829968443
10.0,ptera_prescribed_wake_uvlm,Ptera prescribed-wake control,0.4453125,0.7608798220823716,-0.0634811539949665,0.0634811539949665,1.2584391229350933,-0.10499314798189611,0.10499314798189611
10.0,ptera_prescribed_wake_uvlm,Ptera prescribed-wake control,0.453125,0.7778996997013412,-0.06819570256023999,0.06819570256023999,1.2865887455715048,-0.1127906636858615,0.1127906636858615
10.0,ptera_prescribed_wake_uvlm,Ptera prescribed-wake control,0.4609375,0.7942008952472719,-0.07287653009086642,0.07287653009086642,1.313549721050486,-0.1205324072849108,0.1205324072849108
10.0,ptera_prescribed_wake_uvlm,Ptera prescribed-wake control,0.46875,0.8094996196162444,-0.07750467277046788,0.07750467277046788,1.338852683119089,-0.12818701402503488,0.12818701402503488
10.0,ptera_prescribed_wake_uvlm,Ptera prescribed-wake control,0.4765625,0.8236841082986112,-0.08206471363913158,0.08206471363913158,1.3623127815192118,-0.13572898539129366,0.13572898539129366
10.0,ptera_prescribed_wake_uvlm,Ptera prescribed-wake control,0.484375,0.8367989706516269,-0.08655084170589902,0.08655084170589902,1.384003796838523,-0.14314871043311,0.14314871043311
10.0,ptera_prescribed_wake_uvlm,Ptera prescribed-wake control,0.4921875,0.8487498454127143,-0.09094874046565515,0.09094874046565515,1.403769662506363,-0.1504225107066382,0.1504225107066382
10.0,ptera_prescribed_wake_uvlm,Ptera prescribed-wake control,0.5,0.8594398889187804,-0.09524288961575045,0.09524288961575045,1.4214502062446557,-0.15752471677567148,0.15752471677567148
10.0,ptera_prescribed_wake_uvlm,Ptera prescribed-wake control,0.5078125,0.868146224433519,-0.09934927665090215,0.09934927665090215,1.4358498432322169,-0.1643163781510587,0.1643163781510587
10.0,ptera_prescribed_wake_uvlm,Ptera prescribed-wake control,0.515625,0.8752510274433289,-0.10328249809157497,0.10328249809157497,1.4476006635441845,-0.1708216364013872,0.1708216364013872
10.0,ptera_prescribed_wake_uvlm,Ptera prescribed-wake control,0.5234375,0.8806475390869424,-0.1070151483068718,0.1070151483068718,1.4565260958957902,-0.17699516463388262,0.17699516463388262
10.0,ptera_prescribed_wake_uvlm,Ptera prescribed-wake control,0.53125,0.8842299132357302,-0.11051828309695289,0.11051828309695289,1.4624510785947502,-0.18278909127618462,0.18278909127618462
10.0,ptera_prescribed_wake_uvlm,Ptera prescribed-wake control,0.5390625,0.8855409998987664,-0.11370667419158623,0.11370667419158623,1.4646195192636167,-0.18806245505355926,0.18806245505355926
10.0,ptera_prescribed_wake_uvlm,Ptera prescribed-wake control,0.546875,0.8842774654145071,-0.11649401011759145,0.11649401011759145,1.4625297263922301,-0.19267250315346504,0.19267250315346504
10.0,ptera_prescribed_wake_uvlm,Ptera prescribed-wake control,0.5546875,0.8807900624303054,-0.11889980427818941,0.11889980427818941,1.456761818996882,-0.19665150930602604,0.19665150930602604
10.0,ptera_prescribed_wake_uvlm,Ptera prescribed-wake control,0.5625,0.8750050524916143,-0.12088300594530102,0.12088300594530102,1.4471938391107904,-0.19993157863383793,0.19993157863383793
10.0,ptera_prescribed_wake_uvlm,Ptera prescribed-wake control,0.5703125,0.8668553776982149,-0.12240174687522375,0.12240174687522375,1.4337148779114466,-0.202443464148934,0.202443464148934
10.0,ptera_prescribed_wake_uvlm,Ptera prescribed-wake control,0.578125,0.8554570519374801,-0.12321266485657685,0.12321266485657685,1.4148628875484865,-0.20378466269778422,0.20378466269778422
10.0,ptera_prescribed_wake_uvlm,Ptera prescribed-wake control,0.5859375,0.8414554124726042,-0.12339023859912683,0.12339023859912683,1.3917052082718713,-0.20407835657472173,0.20407835657472173
10.0,ptera_prescribed_wake_uvlm,Ptera prescribed-wake control,0.59375,0.8250038839304571,-0.12292521496516545,0.12292521496516545,1.3644955931018161,-0.2033092417722489,0.2033092417722489
10.0,ptera_prescribed_wake_uvlm,Ptera prescribed-wake control,0.6015625,0.8061343549811959,-0.12178140585919507,0.12178140585919507,1.333286783547479,-0.2014174658487093,0.2014174658487093
10.0,ptera_prescribed_wake_uvlm,Ptera prescribed-wake control,0.609375,0.7846465811256352,-0.1198403619067966,0.1198403619067966,1.2977475899720552,-0.19820712227257178,0.19820712227257178
10.0,ptera_prescribed_wake_uvlm,Ptera prescribed-wake control,0.6171875,0.7603384345079096,-0.11693440612142861,0.11693440612142861,1.2575437078056588,-0.19340088567160857,0.19340088567160857
10.0,ptera_prescribed_wake_uvlm,Ptera prescribed-wake control,0.625,0.7340118330740963,-0.11325946753627866,0.11325946753627866,1.2140014502024035,-0.18732280822006095,0.18732280822006095
10.0,ptera_prescribed_wake_uvlm,Ptera prescribed-wake control,0.6328125,0.7058254547114818,-0.10882002451070723,0.10882002451070723,1.1673832586878896,-0.17998029679410332,0.17998029679410332
10.0,ptera_prescribed_wake_uvlm,Ptera prescribed-wake control,0.640625,0.6759496315754974,-0.1036273268749801,0.1036273268749801,1.1179708500879122,-0.17139195778349914,0.17139195778349914
10.0,ptera_prescribed_wake_uvlm,Ptera prescribed-wake control,0.6484375,0.6442754420228447,-0.09752367941766606,0.09752367941766606,1.0655840760356954,-0.1612969749360558,0.1612969749360558
10.0,ptera_prescribed_wake_uvlm,Ptera prescribed-wake control,0.65625,0.6114252869980431,-0.09071853875423347,0.09071853875423347,1.0112523418013004,-0.15004177404966282,0.15004177404966282
10.0,ptera_prescribed_wake_uvlm,Ptera prescribed-wake control,0.6640625,0.5777782458429199,-0.08336754435823723,0.08336754435823723,0.9556026166650354,-0.13788377133764346,0.13788377133764346
10.0,ptera_prescribed_wake_uvlm,Ptera prescribed-wake control,0.671875,0.5435531180283316,-0.07555437713090049,0.07555437713090049,0.8989967788187149,-0.1249613688404848,0.1249613688404848
10.0,ptera_prescribed_wake_uvlm,Ptera prescribed-wake control,0.6796875,0.5089673825331404,-0.06736060540272609,0.06736060540272609,0.84179452245776,-0.11140947456247112,0.11140947456247112
10.0,ptera_prescribed_wake_uvlm,Ptera prescribed-wake control,0.6875,0.47436271605419866,-0.05892603348316354,0.05892603348316354,0.7845609556455407,-0.09745931452308691,0.09745931452308691
10.0,ptera_prescribed_wake_uvlm,Ptera prescribed-wake control,0.6953125,0.4400110331480437,-0.05049755500283832,0.05049755500283832,0.7277458050091947,-0.083519232582907,0.083519232582907
10.0,ptera_prescribed_wake_uvlm,Ptera prescribed-wake control,0.703125,0.40605372537511747,-0.042198883896980004,0.042198883896980004,0.6715829217643134,-0.06979384246886536,0.06979384246886536
10.0,ptera_prescribed_wake_uvlm,Ptera prescribed-wake control,0.7109375,0.3726186161230337,-0.03415262196422778,0.03415262196422778,0.6162837163690674,-0.056485918515977916,0.056485918515977916
10.0,ptera_prescribed_wake_uvlm,Ptera prescribed-wake control,0.71875,0.33998848140214044,-0.0266129593202927,0.0266129593202927,0.5623158794943376,-0.04401587243315122,0.04401587243315122
10.0,ptera_prescribed_wake_uvlm,Ptera prescribed-wake control,0.7265625,0.30824567224827065,-0.019758629875746277,0.019758629875746277,0.5098156136813122,-0.032679316929686474,0.032679316929686474
10.0,ptera_prescribed_wake_uvlm,Ptera prescribed-wake control,0.734375,0.2773000138715785,-0.0136009516462766,0.0136009516462766,0.4586337764765433,-0.02249497116900807,0.02249497116900807
10.0,ptera_prescribed_wake_uvlm,Ptera prescribed-wake control,0.7421875,0.24716333207983188,-0.008210186794000955,0.008210186794000955,0.4087899268941136,-0.013579043586540687,0.013579043586540687
10.0,ptera_prescribed_wake_uvlm,Ptera prescribed-wake control,0.75,0.21783778391544684,-0.003647708498449258,0.003647708498449258,0.3602876325231317,-0.006033040895930631,0.006033040895930631
10.0,ptera_prescribed_wake_uvlm,Ptera prescribed-wake control,0.7578125,0.1896025414449621,-0.0003148346040304645,0.0003148346040304645,0.31358862337715143,-0.0005207132210201037,0.0005207132210201037
10.0,ptera_prescribed_wake_uvlm,Ptera prescribed-wake control,0.765625,0.16211068508386162,0.0021184575283704774,-0.0021184575283704774,0.2681191200431867,0.0035037725493648033,-0.0035037725493648033
10.0,ptera_prescribed_wake_uvlm,Ptera prescribed-wake control,0.7734375,0.1353348386365627,0.0036670925655965803,-0.0036670925655965803,0.22383384431230297,0.00606510071372555,-0.00606510071372555
10.0,ptera_prescribed_wake_uvlm,Ptera prescribed-wake control,0.78125,0.10924902782683978,0.004353145565319003,-0.004353145565319003,0.18068983664681298,0.007199781789765716,-0.007199781789765716
10.0,ptera_prescribed_wake_uvlm,Ptera prescribed-wake control,0.7890625,0.08393333359579828,0.004084211152783565,-0.004084211152783565,0.13881954501860902,0.0067549841010690614,-0.0067549841010690614
10.0,ptera_prescribed_wake_uvlm,Ptera prescribed-wake control,0.796875,0.059392712852551696,0.0029137331973818894,-0.0029137331973818894,0.09823116778987148,0.004819099866973701,-0.004819099866973701
10.0,ptera_prescribed_wake_uvlm,Ptera prescribed-wake control,0.8046875,0.03547743858700015,0.0010865524033901784,-0.0010865524033901784,0.058677067525881615,0.0017970775592434172,-0.0017970775592434172
10.0,ptera_prescribed_wake_uvlm,Ptera prescribed-wake control,0.8125,0.01218879533688842,-0.0013339972239677427,0.0013339972239677427,0.020159368757355033,-0.002206333047357479,0.002206333047357479
10.0,ptera_prescribed_wake_uvlm,Ptera prescribed-wake control,0.8203125,-0.01046823936381933,-0.0042829721839571875,0.0042829721839571875,-0.01731369604154552,-0.007083720191164416,0.007083720191164416
10.0,ptera_prescribed_wake_uvlm,Ptera prescribed-wake control,0.828125,-0.032256592958949754,-0.007800357438746722,0.007800357438746722,-0.05335002634324098,-0.01290121605134899,0.01290121605134899
10.0,ptera_prescribed_wake_uvlm,Ptera prescribed-wake control,0.8359375,-0.053324271880763066,-0.011657156303967308,0.011657156303967308,-0.08819441387356862,-0.019280076996829314,0.019280076996829314
10.0,ptera_prescribed_wake_uvlm,Ptera prescribed-wake control,0.84375,-0.07368326992693577,-0.01577024429972085,0.01577024429972085,-0.12186669548953348,-0.02608282126696268,0.02608282126696268
10.0,ptera_prescribed_wake_uvlm,Ptera prescribed-wake control,0.8515625,-0.0933083478390501,-0.020082300722194316,0.020082300722194316,-0.1543251273187066,-0.03321464464413286,0.03321464464413286
10.0,ptera_prescribed_wake_uvlm,Ptera prescribed-wake control,0.859375,-0.1120825092809748,-0.024544105349301428,0.024544105349301428,-0.18537620604774646,-0.040594140510217945,0.040594140510217945
10.0,ptera_prescribed_wake_uvlm,Ptera prescribed-wake control,0.8671875,-0.12981794602298358,-0.029077421175279245,0.029077421175279245,-0.21470931071255664,-0.04809191062642126,0.04809191062642126
10.0,ptera_prescribed_wake_uvlm,Ptera prescribed-wake control,0.875,-0.1466979732960406,-0.03360581288614778,0.03360581288614778,-0.24262763118856823,-0.05558153661930902,0.05558153661930902
10.0,ptera_prescribed_wake_uvlm,Ptera prescribed-wake control,0.8828125,-0.1626940037563976,-0.03809240158319517,0.03809240158319517,-0.26908388611708367,-0.06300202350964422,0.06300202350964422
10.0,ptera_prescribed_wake_uvlm,Ptera prescribed-wake control,0.890625,-0.17777789289184975,-0.04250244124380925,0.04250244124380925,-0.2940315265501265,-0.07029590393799307,0.07029590393799307
10.0,ptera_prescribed_wake_uvlm,Ptera prescribed-wake control,0.8984375,-0.1916464963241802,-0.046758667856490035,0.046758667856490035,-0.316969174038204,-0.07733538892632695,0.07733538892632695
10.0,ptera_prescribed_wake_uvlm,Ptera prescribed-wake control,0.90625,-0.20441390466120088,-0.050835537729419865,0.050835537729419865,-0.3380855260342688,-0.0840782310918206,0.0840782310918206
10.0,ptera_prescribed_wake_uvlm,Ptera prescribed-wake control,0.9140625,-0.2161646541985508,-0.05472651625744961,0.05472651625744961,-0.35752039933810004,-0.0905136226793806,0.0905136226793806
10.0,ptera_prescribed_wake_uvlm,Ptera prescribed-wake control,0.921875,-0.22687877167191367,-0.05841291335149066,0.05841291335149066,-0.3752407596432294,-0.09661065165975125,0.09661065165975125
10.0,ptera_prescribed_wake_uvlm,Ptera prescribed-wake control,0.9296875,-0.23647727332588536,-0.061863775551636954,0.061863775551636954,-0.3911159736420145,-0.10231812329257349,0.10231812329257349
10.0,ptera_prescribed_wake_uvlm,Ptera prescribed-wake control,0.9375,-0.24463305794630752,-0.06498662750930086,0.06498662750930086,-0.4046050400447512,-0.10748309016986998,0.10748309016986998
10.0,ptera_prescribed_wake_uvlm,Ptera prescribed-wake control,0.9453125,-0.2516881304571755,-0.06784562434699193,0.06784562434699193,-0.4162736097783023,-0.11221166013385131,0.11221166013385131
10.0,ptera_prescribed_wake_uvlm,Ptera prescribed-wake control,0.953125,-0.25763338336736635,-0.0704309282810089,0.0704309282810089,-0.4261066197238834,-0.1164875622156557,0.1164875622156557
10.0,ptera_prescribed_wake_uvlm,Ptera prescribed-wake control,0.9609375,-0.2624608836830234,-0.07273325549863886,0.07273325549863886,-0.43409094929458747,-0.12029544167358958,0.12029544167358958
10.0,ptera_prescribed_wake_uvlm,Ptera prescribed-wake control,0.96875,-0.26591291764713093,-0.07467595110895318,0.07467595110895318,-0.43980035893860264,-0.1235085169701364,0.1235085169701364
10.0,ptera_prescribed_wake_uvlm,Ptera prescribed-wake control,0.9765625,-0.2680473083276176,-0.0762614973346503,0.0762614973346503,-0.443330483746751,-0.12613089351861492,0.12613089351861492
10.0,ptera_prescribed_wake_uvlm,Ptera prescribed-wake control,0.984375,-0.2690530179018795,-0.07753252570607272,0.07753252570607272,-0.4449938532274895,-0.12823308072681414,0.12823308072681414
10.0,ptera_prescribed_wake_uvlm,Ptera prescribed-wake control,0.9921875,-0.268932352963191,-0.07848265111314359,0.07848265111314359,-0.4447942823160195,-0.12980451809346724,0.12980451809346724
10.0,ptera_free_wake_uvlm,Ptera free-wake UVLM,0.0,-0.26710300015450505,-0.07907459798637116,0.07907459798637116,-0.4417686676561364,-0.1307835545751155,0.1307835545751155
10.0,ptera_free_wake_uvlm,Ptera free-wake UVLM,0.0078125,-0.26424627268615686,-0.07920809255167995,0.07920809255167995,-0.43704385106171834,-0.13100434474303457,0.13100434474303457
10.0,ptera_free_wake_uvlm,Ptera free-wake UVLM,0.015625,-0.2603066858335148,-0.07899839975755872,0.07899839975755872,-0.43052806488934064,-0.13065752832306757,0.13065752832306757
10.0,ptera_free_wake_uvlm,Ptera free-wake UVLM,0.0234375,-0.2552957599799252,-0.07843994638706464,0.07843994638706464,-0.4222403630036132,-0.12973388762532723,0.12973388762532723
10.0,ptera_free_wake_uvlm,Ptera free-wake UVLM,0.03125,-0.24922586807966599,-0.07752723833554401,0.07752723833554401,-0.4122012093586028,-0.12822433580581916,0.12822433580581916
10.0,ptera_free_wake_uvlm,Ptera free-wake UVLM,0.0390625,-0.24194110314668676,-0.07619328081527321,0.07619328081527321,-0.40015274529504374,-0.1260180684254489,0.1260180684254489
10.0,ptera_free_wake_uvlm,Ptera free-wake UVLM,0.046875,-0.23341174450403418,-0.07440721224672942,0.07440721224672942,-0.3860458150046824,-0.12306404270723652,0.12306404270723652
10.0,ptera_free_wake_uvlm,Ptera free-wake UVLM,0.0546875,-0.22389427784114022,-0.07224669943624563,0.07224669943624563,-0.37030462690609767,-0.1194907138221647,0.1194907138221647
10.0,ptera_free_wake_uvlm,Ptera free-wake UVLM,0.0625,-0.21340639788470012,-0.06970808759311596,0.06970808759311596,-0.35295844677253885,-0.1152920370158886,0.1152920370158886
10.0,ptera_free_wake_uvlm,Ptera free-wake UVLM,0.0703125,-0.20196518665248359,-0.06678796566534016,0.06678796566534016,-0.3340355270018697,-0.11046237065991066,0.11046237065991066
10.0,ptera_free_wake_uvlm,Ptera free-wake UVLM,0.078125,-0.18930981910185843,-0.06335969936885127,0.06335969936885127,-0.31310448220527654,-0.10479227098564914,0.10479227098564914
10.0,ptera_free_wake_uvlm,Ptera free-wake UVLM,0.0859375,-0.1757327031777954,-0.05953218405270682,0.05953218405270682,-0.2906489335633042,-0.09846184287114458,0.09846184287114458
10.0,ptera_free_wake_uvlm,Ptera free-wake UVLM,0.09375,-0.16131365811874465,-0.05533357274748455,0.05533357274748455,-0.26680089621094943,-0.09151764935313422,0.09151764935313422
10.0,ptera_free_wake_uvlm,Ptera free-wake UVLM,0.1015625,-0.1460822554671566,-0.05077282077101395,0.05077282077101395,-0.2416092792989943,-0.08397450186699572,0.08397450186699572
10.0,ptera_free_wake_uvlm,Ptera free-wake UVLM,0.109375,-0.12998844215092478,-0.04582524796514801,0.04582524796514801,-0.2149912987367928,-0.07579158125092317,0.07579158125092317
10.0,ptera_free_wake_uvlm,Ptera free-wake UVLM,0.1171875,-0.112972300350667,-0.04047188732956437,0.04047188732956437,-0.18684785486907332,-0.0669375174848981,0.0669375174848981
10.0,ptera_free_wake_uvlm,Ptera free-wake UVLM,0.125,-0.09528645949675715,-0.03484011654416079,0.03484011654416079,-0.1575967781462706,-0.05762298385939277,0.05762298385939277
10.0,ptera_free_wake_uvlm,Ptera free-wake UVLM,0.1328125,-0.07696887641659018,-0.028964613414722437,0.028964613414722437,-0.12730084636218328,-0.04790533490823903,0.04790533490823903
10.0,ptera_free_wake_uvlm,Ptera free-wake UVLM,0.140625,-0.058058425213851704,-0.022883646778480583,0.022883646778480583,-0.09602435441796033,-0.03784786446649914,0.03784786446649914
10.0,ptera_free_wake_uvlm,Ptera free-wake UVLM,0.1484375,-0.03846639881649317,-0.016626893287720605,0.016626893287720605,-0.06362058735716959,-0.027499655528871833,0.027499655528871833
10.0,ptera_free_wake_uvlm,Ptera free-wake UVLM,0.15625,-0.018359966296782135,-0.010320935027091305,0.010320935027091305,-0.030366030499280456,-0.01707006552995011,0.01707006552995011
10.0,ptera_free_wake_uvlm,Ptera free-wake UVLM,0.1640625,0.0021565549408305695,-0.004049121311938117,0.004049121311938117,0.0035667828604953626,-0.006696948091628536,0.006696948091628536
10.0,ptera_free_wake_uvlm,Ptera free-wake UVLM,0.171875,0.023037976759398338,0.002118348435957924,-0.002118348435957924,0.0381031148755548,0.003503592118558271,-0.003503592118558271
10.0,ptera_free_wake_uvlm,Ptera free-wake UVLM,0.1796875,0.044252108382945826,0.008091160085630739,-0.008091160085630739,0.07318972437599257,0.013382182187223608,-0.013382182187223608
10.0,ptera_free_wake_uvlm,Ptera free-wake UVLM,0.1875,0.06578849109024695,0.013650866821206824,-0.013650866821206824,0.10880931340806509,0.022577527187892143,-0.022577527187892143
10.0,ptera_free_wake_uvlm,Ptera free-wake UVLM,0.1953125,0.08749959946588559,0.018784701938582705,-0.018784701938582705,0.1447178858123279,0.03106851193331817,-0.03106851193331817
10.0,ptera_free_wake_uvlm,Ptera free-wake UVLM,0.203125,0.10934474838223887,0.023424024058056072,-0.023424024058056072,0.18084815138757404,0.038741608642684444,-0.038741608642684444
10.0,ptera_free_wake_uvlm,Ptera free-wake UVLM,0.2109375,0.13128497094692376,0.02750433009492666,-0.02750433009492666,0.21713566176699076,0.04549013396997365,-0.04549013396997365
10.0,ptera_free_wake_uvlm,Ptera free-wake UVLM,0.21875,0.1532829114656272,0.030809416990229842,-0.030809416990229842,0.2535186333865727,0.05095650399719633,-0.05095650399719633
10.0,ptera_free_wake_uvlm,Ptera free-wake UVLM,0.2265625,0.17527757612970282,0.03330134270980752,-0.03330134270980752,0.2898961869841425,0.055077965397476766,-0.055077965397476766
10.0,ptera_free_wake_uvlm,Ptera free-wake UVLM,0.234375,0.19724017335068,0.035073057998617055,-0.035073057998617055,0.3262207033952915,0.058008251849334856,-0.058008251849334856
10.0,ptera_free_wake_uvlm,Ptera free-wake UVLM,0.2421875,0.2191523999013444,0.03611931585494965,-0.03611931585494965,0.3624619104317792,0.059738685198827204,-0.059738685198827204
10.0,ptera_free_wake_uvlm,Ptera free-wake UVLM,0.25,0.24099863051626694,0.0364422941132705,-0.0364422941132705,0.39859396505670086,0.060272867423578576,-0.060272867423578576
10.0,ptera_free_wake_uvlm,Ptera free-wake UVLM,0.2578125,0.2627329948674791,0.03580793240509311,-0.03580793240509311,0.4345410011298038,0.059223679932343024,-0.059223679932343024
10.0,ptera_free_wake_uvlm,Ptera free-wake UVLM,0.265625,0.28438348281203396,0.034543024398243714,-0.034543024398243714,0.47034931181084705,0.05713161535586802,-0.05713161535586802
10.0,ptera_free_wake_uvlm,Ptera free-wake UVLM,0.2734375,0.30595010875917317,0.03269322661469935,-0.03269322661469935,0.5060189209316537,0.05407218621506103,-0.05407218621506103
10.0,ptera_free_wake_uvlm,Ptera free-wake UVLM,0.28125,0.32743403177136526,0.030306171025024118,-0.030306171025024118,0.5415517454960843,0.05012417227713456,-0.05012417227713456
10.0,ptera_free_wake_uvlm,Ptera free-wake UVLM,0.2890625,0.348826163422337,0.027368174094074757,-0.027368174094074757,0.5769327539172099,0.04526494198390483,-0.04526494198390483
10.0,ptera_free_wake_uvlm,Ptera free-wake UVLM,0.296875,0.37013213599524,0.023957159498913715,-0.023957159498913715,0.6121712615760718,0.03962337535160089,-0.03962337535160089
10.0,ptera_free_wake_uvlm,Ptera free-wake UVLM,0.3046875,0.3913678549584201,0.020225516686211642,-0.020225516686211642,0.6472935749445389,0.033451513288717254,-0.033451513288717254
10.0,ptera_free_wake_uvlm,Ptera free-wake UVLM,0.3125,0.4125365203283323,0.01621905719146834,-0.01621905719146834,0.6823049866138772,0.026825124697098232,-0.026825124697098232
10.0,ptera_free_wake_uvlm,Ptera free-wake UVLM,0.3203125,0.4336418023668046,0.01198185824398407,-0.01198185824398407,0.7172115669265268,0.01981711006401161,-0.01981711006401161
10.0,ptera_free_wake_uvlm,Ptera free-wake UVLM,0.328125,0.454656459793304,0.007514285716133862,-0.007514285716133862,0.7519682608130974,0.01242807451538842,-0.01242807451538842
10.0,ptera_free_wake_uvlm,Ptera free-wake UVLM,0.3359375,0.4755958249431274,0.0029186142271277076,-0.0029186142271277076,0.7866004268256543,0.004827172730274947,-0.004827172730274947
10.0,ptera_free_wake_uvlm,Ptera free-wake UVLM,0.34375,0.4964546666702047,-0.001771793565797027,0.001771793565797027,0.8210994130343113,-0.0029304159162237176,0.0029304159162237176
10.0,ptera_free_wake_uvlm,Ptera free-wake UVLM,0.3515625,0.5172238911897654,-0.0065350261028838145,0.0065350261028838145,0.85545017898958,-0.010808451319899425,0.010808451319899425
10.0,ptera_free_wake_uvlm,Ptera free-wake UVLM,0.359375,0.5378805501746559,-0.011354326948237691,0.011354326948237691,0.8896147698504224,-0.01877921957130263,0.01877921957130263
10.0,ptera_free_wake_uvlm,Ptera free-wake UVLM,0.3671875,0.5583816014331423,-0.016208916668050338,0.016208916668050338,0.9235219970053884,-0.026808353019067227,0.026808353019067227
10.0,ptera_free_wake_uvlm,Ptera free-wake UVLM,0.375,0.5787340832292345,-0.021077173495216105,0.021077173495216105,0.9571835012241899,-0.034860090854662025,0.034860090854662025
10.0,ptera_free_wake_uvlm,Ptera free-wake UVLM,0.3828125,0.5989165675261836,-0.025951958503943454,0.025951958503943454,0.9905638421140215,-0.042922625821210085,0.042922625821210085
10.0,ptera_free_wake_uvlm,Ptera free-wake UVLM,0.390625,0.618906371244116,-0.03082705910466151,0.03082705910466151,1.0236255035332884,-0.050985682753640876,0.050985682753640876
10.0,ptera_free_wake_uvlm,Ptera free-wake UVLM,0.3984375,0.6386029116391457,-0.035694206828115825,0.035694206828115825,1.056202129039982,-0.059035586213475696,0.059035586213475696
10.0,ptera_free_wake_uvlm,Ptera free-wake UVLM,0.40625,0.6579857313049244,-0.040549566546991295,0.040549566546991295,1.0882598835924095,-0.06706599318291502,0.06706599318291502
10.0,ptera_free_wake_uvlm,Ptera free-wake UVLM,0.4140625,0.6770412396116914,-0.04539188840857279,0.04539188840857279,1.1197762892910406,-0.07507483649772478,0.07507483649772478
10.0,ptera_free_wake_uvlm,Ptera free-wake UVLM,0.421875,0.6957291395676228,-0.050219085070667795,0.050219085070667795,1.1506846978826608,-0.08305866384782687,0.08305866384782687
10.0,ptera_free_wake_uvlm,Ptera free-wake UVLM,0.4296875,0.7139804452367726,-0.055027881616466275,0.055027881616466275,1.180871011715831,-0.09101205876229053,0.09101205876229053
10.0,ptera_free_wake_uvlm,Ptera free-wake UVLM,0.4375,0.7315699899893303,-0.05980848582387395,0.05980848582387395,1.2099628217873035,-0.0989188256277925,0.0989188256277925
10.0,ptera_free_wake_uvlm,Ptera free-wake UVLM,0.4453125,0.7485736282933066,-0.06456272919935105,0.06456272919935105,1.2380855857941075,-0.10678199362097353,0.10678199362097353
10.0,ptera_free_wake_uvlm,Ptera free-wake UVLM,0.453125,0.7649278582173511,-0.06928579019068128,0.06928579019068128,1.265134276224047,-0.11459358824998067,0.11459358824998067
10.0,ptera_free_wake_uvlm,Ptera free-wake UVLM,0.4609375,0.7805657992020745,-0.07397222815152918,0.07397222815152918,1.2909982775632696,-0.12234461108693624,0.12234461108693624
10.0,ptera_free_wake_uvlm,Ptera free-wake UVLM,0.46875,0.795204252059206,-0.07860272807705593,0.07860272807705593,1.3152091992358133,-0.13000311653801136,0.13000311653801136
10.0,ptera_free_wake_uvlm,Ptera free-wake UVLM,0.4765625,0.8087388188666519,-0.0831616643922006,0.0831616643922006,1.3375943747762218,-0.13754326105419293,0.13754326105419293
10.0,ptera_free_wake_uvlm,Ptera free-wake UVLM,0.484375,0.8212159851668825,-0.0876437316828735,0.0876437316828735,1.3582306878441712,-0.14495626987176655,0.14495626987176655
10.0,ptera_free_wake_uvlm,Ptera free-wake UVLM,0.4921875,0.8325444389237745,-0.09203453375388337,0.09203453375388337,1.3769671150647247,-0.1522183327453764,0.1522183327453764
10.0,ptera_free_wake_uvlm,Ptera free-wake UVLM,0.5,0.842630621921824,-0.09631842012123652,0.09631842012123652,1.3936489180478693,-0.15930356492847125,0.15930356492847125
10.0,ptera_free_wake_uvlm,Ptera free-wake UVLM,0.5078125,0.8507691397135488,-0.10040973293418248,0.10040973293418248,1.4071094263890946,-0.1660702946518144,0.1660702946518144
10.0,ptera_free_wake_uvlm,Ptera free-wake UVLM,0.515625,0.8573415278114294,-0.10432403597877979,0.10432403597877979,1.4179796716938655,-0.1725442632699649,0.1725442632699649
10.0,ptera_free_wake_uvlm,Ptera free-wake UVLM,0.5234375,0.8622503852802622,-0.10803371457264051,0.10803371457264051,1.4260985599971259,-0.17867979813439683,0.17867979813439683
10.0,ptera_free_wake_uvlm,Ptera free-wake UVLM,0.53125,0.8653962482335713,-0.11150987445674253,0.11150987445674253,1.4313015853645246,-0.18442911027117986,0.18442911027117986
10.0,ptera_free_wake_uvlm,Ptera free-wake UVLM,0.5390625,0.8663322349033467,-0.11466736728890002,0.11466736728890002,1.4328496383021978,-0.18965137060067505,0.18965137060067505
10.0,ptera_free_wake_uvlm,Ptera free-wake UVLM,0.546875,0.8647784520633778,-0.11741865785442965,0.11741865785442965,1.430279796051669,-0.19420180233212642,0.19420180233212642
10.0,ptera_free_wake_uvlm,Ptera free-wake UVLM,0.5546875,0.8610787064368268,-0.1197842166521292,0.1197842166521292,1.4241606895827692,-0.19811426216117173,0.19811426216117173
10.0,ptera_free_wake_uvlm,Ptera free-wake UVLM,0.5625,0.8551675432860328,-0.12172296025228599,0.12172296025228599,1.4143840615856529,-0.2013208011243159,0.2013208011243159
10.0,ptera_free_wake_uvlm,Ptera free-wake UVLM,0.5703125,0.8469866547206347,-0.12319299788851354,0.12319299788851354,1.4008534751089428,-0.2037521349827337,0.2037521349827337
10.0,ptera_free_wake_uvlm,Ptera free-wake UVLM,0.578125,0.8356953920152557,-0.12395008877690009,0.12395008877690009,1.382178559145343,-0.20500430748870951,0.20500430748870951
10.0,ptera_free_wake_uvlm,Ptera free-wake UVLM,0.5859375,0.8219204228714979,-0.12406994521992531,0.12406994521992531,1.3593957758665247,-0.20520254120796624,0.20520254120796624
10.0,ptera_free_wake_uvlm,Ptera free-wake UVLM,0.59375,0.8058124849590149,-0.12354385704327352,0.12354385704327352,1.3327544342635882,-0.2043324301544226,0.2043324301544226
10.0,ptera_free_wake_uvlm,Ptera free-wake UVLM,0.6015625,0.7874060230865136,-0.12233594339772749,0.12233594339772749,1.3023115035103778,-0.2023346300491154,0.2023346300491154
10.0,ptera_free_wake_uvlm,Ptera free-wake UVLM,0.609375,0.7665162405262473,-0.1203278161980436,0.1203278161980436,1.2677613434450208,-0.1990133357282907,0.1990133357282907
10.0,ptera_free_wake_uvlm,Ptera free-wake UVLM,0.6171875,0.742954366138368,-0.11735237406541114,0.11735237406541114,1.2287917405210786,-0.19409217383246538,0.19409217383246538
10.0,ptera_free_wake_uvlm,Ptera free-wake UVLM,0.625,0.7174861101711736,-0.11360643927195284,0.11360643927195284,1.1866691230302802,-0.18789667388721726,0.18789667388721726
10.0,ptera_free_wake_uvlm,Ptera free-wake UVLM,0.6328125,0.6902613676826727,-0.10909504292499356,0.10909504292499356,1.141641406346194,-0.18043515697309753,0.18043515697309753
10.0,ptera_free_wake_uvlm,Ptera free-wake UVLM,0.640625,0.6614395014728724,-0.10383006010355153,0.10383006010355153,1.0939721647895595,-0.17172726359520407,0.17172726359520407
10.0,ptera_free_wake_uvlm,Ptera free-wake UVLM,0.6484375,0.6309098072358804,-0.09765491836391679,0.09765491836391679,1.043478301601113,-0.1615140344763689,0.1615140344763689
10.0,ptera_free_wake_uvlm,Ptera free-wake UVLM,0.65625,0.5992559185800606,-0.09077961307795994,0.09077961307795994,0.9911251037353893,-0.15014278647784607,0.15014278647784607
10.0,ptera_free_wake_uvlm,Ptera free-wake UVLM,0.6640625,0.5668281806026275,-0.0833604697010293,0.0833604697010293,0.9374920161508009,-0.137872070376265,0.137872070376265
10.0,ptera_free_wake_uvlm,Ptera free-wake UVLM,0.671875,0.533826197244949,-0.07548175227881959,0.07548175227881959,0.8829091690487529,-0.12484125269007113,0.12484125269007113
10.0,ptera_free_wake_uvlm,Ptera free-wake UVLM,0.6796875,0.5004462645864233,-0.06722573964401696,0.06722573964401696,0.8277012216708555,-0.1111864165417716,0.1111864165417716
10.0,ptera_free_wake_uvlm,Ptera free-wake UVLM,0.6875,0.46697675614823364,-0.05873593287337445,0.05873593287337445,0.7723451225581834,-0.0971449021313932,0.0971449021313932
10.0,ptera_free_wake_uvlm,Ptera free-wake UVLM,0.6953125,0.4336827191277103,-0.05025854744725888,0.05025854744725888,0.7172792402321042,-0.0831239317089857,0.0831239317089857
10.0,ptera_free_wake_uvlm,Ptera free-wake UVLM,0.703125,0.40068764074876795,-0.04191890637323119,0.04191890637323119,0.6627078134557536,-0.06933078028847565,0.06933078028847565
10.0,ptera_free_wake_uvlm,Ptera free-wake UVLM,0.7109375,0.3681045136620593,-0.033841059525011916,0.033841059525011916,0.6088177237418996,-0.05597061721429102,0.05597061721429102
10.0,ptera_free_wake_uvlm,Ptera free-wake UVLM,0.71875,0.3361814605598339,-0.026282574037192405,0.026282574037192405,0.5560193477284193,-0.043469439535564945,0.043469439535564945
10.0,ptera_free_wake_uvlm,Ptera free-wake UVLM,0.7265625,0.3050006310442895,-0.01942400141298388,0.01942400141298388,0.5044485548001212,-0.03212586612580612,0.03212586612580612
10.0,ptera_free_wake_uvlm,Ptera free-wake UVLM,0.734375,0.2744947775820691,-0.013275750156073074,0.013275750156073074,0.45399412249526877,-0.021957111882650746,0.021957111882650746
10.0,ptera_free_wake_uvlm,Ptera free-wake UVLM,0.7421875,0.24468012914569168,-0.007908649245778212,0.007908649245778212,0.40468289233778004,-0.013080322715380108,0.013080322715380108
10.0,ptera_free_wake_uvlm,Ptera free-wake UVLM,0.75,0.21556477499876583,-0.0033844357878876122,0.0033844357878876122,0.3565282433732088,-0.005597607244838127,0.005597607244838127
10.0,ptera_free_wake_uvlm,Ptera free-wake UVLM,0.7578125,0.18741088447691845,-0.00010787738856727746,0.00010787738856727746,0.309963784351862,-0.0001784212464480837,0.0001784212464480837
10.0,ptera_free_wake_uvlm,Ptera free-wake UVLM,0.765625,0.15993482250616925,0.0022595053682135714,-0.0022595053682135714,0.2645204037749532,0.003737055276429705,-0.003737055276429705
10.0,ptera_free_wake_uvlm,Ptera free-wake UVLM,0.7734375,0.13312125657153953,0.003734200972379996,-0.003734200972379996,0.22017274279323673,0.00617609307036732,-0.00617609307036732
10.0,ptera_free_wake_uvlm,Ptera free-wake UVLM,0.78125,0.10695715416291356,0.004340160364739069,-0.004340160364739069,0.17689924659592174,0.007178305225458588,-0.007178305225458588
10.0,ptera_free_wake_uvlm,Ptera free-wake UVLM,0.7890625,0.08153738442618086,0.003987548760373247,-0.003987548760373247,0.13485682175521826,0.006595111631336936,-0.006595111631336936
10.0,ptera_free_wake_uvlm,Ptera free-wake UVLM,0.796875,0.0568864293973552,0.002734282443873565,-0.002734282443873565,0.09408595975353225,0.004522301552310797,-0.004522301552310797
10.0,ptera_free_wake_uvlm,Ptera free-wake UVLM,0.8046875,0.03287088341920454,0.0008286226827260708,-0.0008286226827260708,0.054366017470347965,0.0013704808194808875,-0.0013704808194808875
10.0,ptera_free_wake_uvlm,Ptera free-wake UVLM,0.8125,0.009498734059893928,-0.0016644776514119814,0.0016644776514119814,0.015710205754454268,-0.0027529233066732515,0.0027529233066732515
10.0,ptera_free_wake_uvlm,Ptera free-wake UVLM,0.8203125,-0.013220057583806543,-0.004678830400800255,0.004678830400800255,-0.021865000474563617,-0.007738440493573368,0.007738440493573368
10.0,ptera_free_wake_uvlm,Ptera free-wake UVLM,0.828125,-0.0350320884455944,-0.008249386255446479,0.008249386255446479,-0.05794049122948851,-0.013643876605434561,0.013643876605434561
10.0,ptera_free_wake_uvlm,Ptera free-wake UVLM,0.8359375,-0.05609026497405911,-0.01214829601503351,0.01214829601503351,-0.092769162501868,-0.020092385865188075,0.020092385865188075
10.0,ptera_free_wake_uvlm,Ptera free-wake UVLM,0.84375,-0.07640643529292451,-0.016292657810102935,0.016292657810102935,-0.1263706102147305,-0.026946854693444454,0.026946854693444454
10.0,ptera_free_wake_uvlm,Ptera free-wake UVLM,0.8515625,-0.09595563643230964,-0.020625102828046755,0.020625102828046755,-0.1587035474565151,-0.03411239930418786,0.03411239930418786
10.0,ptera_free_wake_uvlm,Ptera free-wake UVLM,0.859375,-0.11462073095503392,-0.025095581646632524,0.025095581646632524,-0.18957423754314864,-0.041506241643394934,0.041506241643394934
10.0,ptera_free_wake_uvlm,Ptera free-wake UVLM,0.8671875,-0.13221235382403201,-0.02962527460688602,0.02962527460688602,-0.2186694846659857,-0.04899801980681897,0.04899801980681897
10.0,ptera_free_wake_uvlm,Ptera free-wake UVLM,0.875,-0.14892582419099118,-0.03414134943785415,0.03414134943785415,-0.24631233230023505,-0.05646727458852552,0.05646727458852552
10.0,ptera_free_wake_uvlm,Ptera free-wake UVLM,0.8828125,-0.1647365446648926,-0.038607983593334665,0.038607983593334665,-0.2724620981748181,-0.06385475813843929,0.06385475813843929
10.0,ptera_free_wake_uvlm,Ptera free-wake UVLM,0.890625,-0.17962033120645338,-0.04299152165680492,0.04299152165680492,-0.29707878367194934,-0.07110480687918366,0.07110480687918366
10.0,ptera_free_wake_uvlm,Ptera free-wake UVLM,0.8984375,-0.19327531544222576,-0.047214419177010074,0.047214419177010074,-0.319663120759939,-0.07808916800605349,0.07808916800605349
10.0,ptera_free_wake_uvlm,Ptera free-wake UVLM,0.90625,-0.20582450471852043,-0.05125390029099348,0.05125390029099348,-0.3404185545197491,-0.08477017192107626,0.08477017192107626
10.0,ptera_free_wake_uvlm,Ptera free-wake UVLM,0.9140625,-0.21735617333621562,-0.055104849507694474,0.055104849507694474,-0.359491084136206,-0.09113935797922375,0.09113935797922375
10.0,ptera_free_wake_uvlm,Ptera free-wake UVLM,0.921875,-0.22785287989368783,-0.05874935911682435,0.05874935911682435,-0.37685186281705046,-0.09716710814808735,0.09716710814808735
10.0,ptera_free_wake_uvlm,Ptera free-wake UVLM,0.9296875,-0.23723841681776775,-0.06215720147410407,0.06215720147410407,-0.39237484885535734,-0.10280342813283769,0.10280342813283769
10.0,ptera_free_wake_uvlm,Ptera free-wake UVLM,0.9375,-0.24519112771464777,-0.06523692431868022,0.06523692431868022,-0.40552804629281364,-0.1078970626371734,0.1078970626371734
10.0,ptera_free_wake_uvlm,Ptera free-wake UVLM,0.9453125,-0.2520535631873819,-0.06805361927776447,0.06805361927776447,-0.4168780085692102,-0.11255566841303001,0.11255566841303001
10.0,ptera_free_wake_uvlm,Ptera free-wake UVLM,0.953125,-0.25781759006428,-0.07059781154934393,0.07059781154934393,-0.4264112840182635,-0.11676357483649419,0.11676357483649419
10.0,ptera_free_wake_uvlm,Ptera free-wake UVLM,0.9609375,-0.26247623791018637,-0.07286056996854591,0.07286056996854591,-0.4341163440541849,-0.12050601041939793,0.12050601041939793
10.0,ptera_free_wake_uvlm,Ptera free-wake UVLM,0.96875,-0.26577652965801224,-0.07476622446168743,0.07476622446168743,-0.439574783261046,-0.12365782243933439,0.12365782243933439
10.0,ptera_free_wake_uvlm,Ptera free-wake UVLM,0.9765625,-0.26777633274382195,-0.07631755517019177,0.07631755517019177,-0.44288231011129386,-0.12622360904522645,0.12622360904522645
10.0,ptera_free_wake_uvlm,Ptera free-wake UVLM,0.984375,-0.2686623516061032,-0.0775569532148838,0.0775569532148838,-0.44434771997970335,-0.12827348202524727,0.12827348202524727
10.0,ptera_free_wake_uvlm,Ptera free-wake UVLM,0.9921875,-0.26843685615018154,-0.07847806458962152,0.07847806458962152,-0.4439747671223135,-0.12979693232174494,0.12979693232174494
10.0,robofalcon2_coefficient_transfer,RoboFalcon2 S3-S4 coefficient transfer,0.0,0.6051294494646335,0.333926574534592,-0.333926574534592,1.0008394907389575,0.5522899325046617,-0.5522899325046617
10.0,robofalcon2_coefficient_transfer,RoboFalcon2 S3-S4 coefficient transfer,0.0078125,0.6038762938688933,0.33382249339260395,-0.33382249339260395,0.9987668637839034,0.5521177899701428,-0.5521177899701428
10.0,robofalcon2_coefficient_transfer,RoboFalcon2 S3-S4 coefficient transfer,0.015625,0.6022623573107251,0.33313264160814693,-0.33313264160814693,0.9960975317188534,0.5509768259842517,-0.5509768259842517
10.0,robofalcon2_coefficient_transfer,RoboFalcon2 S3-S4 coefficient transfer,0.0234375,0.6002981381273021,0.3318491746510209,-0.3318491746510209,0.9928488580194063,0.5488540662724465,-0.5488540662724465
10.0,robofalcon2_coefficient_transfer,RoboFalcon2 S3-S4 coefficient transfer,0.03125,0.597999980011457,0.3299633135487992,-0.3299633135487992,0.9890478739484195,0.5457349910616437,-0.5457349910616437
10.0,robofalcon2_coefficient_transfer,RoboFalcon2 S3-S4 coefficient transfer,0.0390625,0.595390201747263,0.32746553415412727,-0.32746553415412727,0.9847314931290949,0.5416038481143728,-0.5416038481143728
10.0,robofalcon2_coefficient_transfer,RoboFalcon2 S3-S4 coefficient transfer,0.046875,0.5924972396420463,0.32434581527735945,-0.32434581527735945,0.9799467471170247,0.5364440631218635,-0.5364440631218635
10.0,robofalcon2_coefficient_transfer,RoboFalcon2 S3-S4 coefficient transfer,0.0546875,0.5893557901909249,0.3205939504175933,-0.3205939504175933,0.9747510213568189,0.5302387552841903,-0.5302387552841903
10.0,robofalcon2_coefficient_transfer,RoboFalcon2 S3-S4 coefficient transfer,0.0625,0.5860069353269745,0.31619992321962237,-0.31619992321962237,0.9692122623366455,0.5229713582883887,-0.5229713582883887
10.0,robofalcon2_coefficient_transfer,RoboFalcon2 S3-S4 coefficient transfer,0.0703125,0.5824968443673789,0.3111458849257556,-0.3111458849257556,0.9634068307028735,0.5146123516052998,-0.5146123516052998
10.0,robofalcon2_coefficient_transfer,RoboFalcon2 S3-S4 coefficient transfer,0.078125,0.578882406023356,0.3054318531879948,-0.3054318531879948,0.9574288161892193,0.5051617644300329,-0.5051617644300329
10.0,robofalcon2_coefficient_transfer,RoboFalcon2 S3-S4 coefficient transfer,0.0859375,0.5752242119423518,0.29905127358458833,-0.29905127358458833,0.9513784329128877,0.49460875623229533,-0.49460875623229533
10.0,robofalcon2_coefficient_transfer,RoboFalcon2 S3-S4 coefficient transfer,0.09375,0.5715888740374432,0.29199980159204303,-0.29199980159204303,0.9453658520665387,0.48294614149056886,-0.48294614149056886
10.0,robofalcon2_coefficient_transfer,RoboFalcon2 S3-S4 coefficient transfer,0.1015625,0.5680484356016983,0.284275826995924,-0.284275826995924,0.9395102279448594,0.47017125702890594,-0.47017125702890594
10.0,robofalcon2_coefficient_transfer,RoboFalcon2 S3-S4 coefficient transfer,0.109375,0.5646794211536773,0.2758809430050969,-0.2758809430050969,0.9339381264590821,0.4562867378972964,-0.4562867378972964
10.0,robofalcon2_coefficient_transfer,RoboFalcon2 S3-S4 coefficient transfer,0.1171875,0.5615614213863844,0.2668203217165016,-0.2668203217165016,0.9287811847468874,0.44130113836271906,-0.44130113836271906
10.0,robofalcon2_coefficient_transfer,RoboFalcon2 S3-S4 coefficient transfer,0.125,0.5587751079251873,0.2571029648548507,-0.2571029648548507,0.9241728277283836,0.4252293466141143,-0.4252293466141143
10.0,robofalcon2_coefficient_transfer,RoboFalcon2 S3-S4 coefficient transfer,0.1328125,0.5564057907099702,0.2467337719659812,-0.2467337719659812,0.9202541517538879,0.4080794661390331,-0.4080794661390331
10.0,robofalcon2_coefficient_transfer,RoboFalcon2 S3-S4 coefficient transfer,0.140625,0.5545230807485182,0.23573819138450772,-0.23573819138450772,0.9171402882975714,0.3898935866065179,-0.3898935866065179
10.0,robofalcon2_coefficient_transfer,RoboFalcon2 S3-S4 coefficient transfer,0.1484375,0.5531917257821314,0.22413716596892647,-0.22413716596892647,0.9149383253494283,0.37070634596031854,-0.37070634596031854
10.0,robofalcon2_coefficient_transfer,RoboFalcon2 S3-S4 coefficient transfer,0.15625,0.5524627005897422,0.2119556190453597,-0.2119556190453597,0.9137325714352333,0.3505589655441423,-0.3505589655441423
10.0,robofalcon2_coefficient_transfer,RoboFalcon2 S3-S4 coefficient transfer,0.1640625,0.5523683783203935,0.19922281561605848,-0.19922281561605848,0.9135765693564983,0.3294998475138838,-0.3294998475138838
10.0,robofalcon2_coefficient_transfer,RoboFalcon2 S3-S4 coefficient transfer,0.171875,0.5529179627310197,0.18597321080499501,-0.18597321080499501,0.9144855414485619,0.3075859781040754,-0.3075859781040754
10.0,robofalcon2_coefficient_transfer,RoboFalcon2 S3-S4 coefficient transfer,0.1796875,0.5540938234868823,0.1722479368557191,-0.1722479368557191,0.9164303284377237,0.28488538701269966,-0.28488538701269966
10.0,robofalcon2_coefficient_transfer,RoboFalcon2 S3-S4 coefficient transfer,0.1875,0.5558494690613359,0.15809693949843018,-0.15809693949843018,0.919334036766923,0.26148068079480286,-0.26148068079480286
10.0,robofalcon2_coefficient_transfer,RoboFalcon2 S3-S4 coefficient transfer,0.1953125,0.5581150848229289,0.14357781278352827,-0.14357781278352827,0.923081198183458,0.23746711576310114,-0.23746711576310114
10.0,robofalcon2_coefficient_transfer,RoboFalcon2 S3-S4 coefficient transfer,0.203125,0.5607819708394179,0.12877183389768915,-0.12877183389768915,0.9274920310142897,0.21297911839145606,-0.21297911839145606
10.0,robofalcon2_coefficient_transfer,RoboFalcon2 S3-S4 coefficient transfer,0.2109375,0.5637297471603457,0.11377069571828556,-0.11377069571828556,0.9323674356974692,0.1881683419381503,-0.1881683419381503
10.0,robofalcon2_coefficient_transfer,RoboFalcon2 S3-S4 coefficient transfer,0.21875,0.5668274447836887,0.09868222247668916,-0.09868222247668916,0.9374907991605311,0.16321311973154984,-0.16321311973154984
10.0,robofalcon2_coefficient_transfer,RoboFalcon2 S3-S4 coefficient transfer,0.2265625,0.5699434025195182,0.08362854445253258,-0.08362854445253258,0.9426443635032528,0.1383154462490008,-0.1383154462490008
10.0,robofalcon2_coefficient_transfer,RoboFalcon2 S3-S4 coefficient transfer,0.234375,0.5729552008795026,0.06874195458552662,-0.06874195458552662,0.9476256559184244,0.11369412425828394,-0.11369412425828394
10.0,robofalcon2_coefficient_transfer,RoboFalcon2 S3-S4 coefficient transfer,0.2421875,0.5757582281880466,0.0541587511205895,-0.0541587511205895,0.9522616564080593,0.08957458100666553,-0.08957458100666553
10.0,robofalcon2_coefficient_transfer,RoboFalcon2 S3-S4 coefficient transfer,0.25,0.5782717359178948,0.04001185426234147,-0.04001185426234147,0.9564188128619971,0.06617665671183576,-0.06617665671183576
10.0,robofalcon2_coefficient_transfer,RoboFalcon2 S3-S4 coefficient transfer,0.2578125,0.6102541846646512,0.027702424023304622,-0.027702424023304622,1.009315424892047,0.04581776672123321,-0.04581776672123321
10.0,robofalcon2_coefficient_transfer,RoboFalcon2 S3-S4 coefficient transfer,0.265625,0.6474384448076083,0.014658941894759003,-0.014658941894759003,1.0708154494205295,0.02424480903003882,-0.02424480903003882
10.0,robofalcon2_coefficient_transfer,RoboFalcon2 S3-S4 coefficient transfer,0.2734375,0.6855727852088362,0.0007290214061245086,-0.0007290214061245086,1.1338868366428791,0.001205747651992427,-0.001205747651992427
10.0,robofalcon2_coefficient_transfer,RoboFalcon2 S3-S4 coefficient transfer,0.28125,0.7244740646014773,-0.013943553583599437,0.013943553583599437,1.1982266844074694,-0.023061609511894416,0.023061609511894416
10.0,robofalcon2_coefficient_transfer,RoboFalcon2 S3-S4 coefficient transfer,0.2890625,0.763978201455159,-0.02920988697016257,0.02920988697016257,1.263563613961468,-0.04831099928391207,0.04831099928391207
10.0,robofalcon2_coefficient_transfer,RoboFalcon2 S3-S4 coefficient transfer,0.296875,0.803943298557709,-0.04492402348416742,0.04492402348416742,1.3296629377786058,-0.07430102241035759,0.07430102241035759
10.0,robofalcon2_coefficient_transfer,RoboFalcon2 S3-S4 coefficient transfer,0.3046875,0.8442504822258121,-0.060949418748781715,0.060949418748781715,1.3963280475517235,-0.10080584455992718,0.10080584455992718
10.0,robofalcon2_coefficient_transfer,RoboFalcon2 S3-S4 coefficient transfer,0.3125,0.884802925583377,-0.07716352888430922,0.07716352888430922,1.4633987987672081,-0.127622787191266,0.127622787191266
10.0,robofalcon2_coefficient_transfer,RoboFalcon2 S3-S4 coefficient transfer,0.3203125,0.925524979300835,-0.09346047062705719,0.09346047062705719,1.5307500730118886,-0.1545767271934334,0.1545767271934334
10.0,robofalcon2_coefficient_transfer,RoboFalcon2 S3-S4 coefficient transfer,0.328125,0.9663537968700804,-0.10975049737048018,0.10975049737048018,1.5982779267952891,-0.18151923029658856,0.18151923029658856
10.0,robofalcon2_coefficient_transfer,RoboFalcon2 S3-S4 coefficient transfer,0.3359375,1.0072427738395562,-0.12596366341055631,0.12596366341055631,1.6659052797908713,-0.20833461146366283,0.20833461146366283
10.0,robofalcon2_coefficient_transfer,RoboFalcon2 S3-S4 coefficient transfer,0.34375,1.048155003663116,-0.14204623588278228,0.14204623588278228,1.7335710912925801,-0.2349340004987122,0.2349340004987122
10.0,robofalcon2_coefficient_transfer,RoboFalcon2 S3-S4 coefficient transfer,0.3515625,1.0890599472519902,-0.15795883694475332,0.15795883694475332,1.801224851899363,-0.2612522693538889,0.2612522693538889
10.0,robofalcon2_coefficient_transfer,RoboFalcon2 S3-S4 coefficient transfer,0.359375,1.1299303540014425,-0.17367426432092598,0.17367426432092598,1.868821491120285,-0.2872444274711794,0.2872444274711794
10.0,robofalcon2_coefficient_transfer,RoboFalcon2 S3-S4 coefficient transfer,0.3671875,1.1707394792070422,-0.18917520133847412,0.18917520133847412,1.9363167751862143,-0.31288183435055855,0.31288183435055855
10.0,robofalcon2_coefficient_transfer,RoboFalcon2 S3-S4 coefficient transfer,0.375,1.2114585985701753,-0.20445196250167016,0.20445196250167016,2.0036631962252036,-0.33814847089624434,0.33814847089624434
10.0,robofalcon2_coefficient_transfer,RoboFalcon2 S3-S4 coefficient transfer,0.3828125,1.2520527411019988,-0.21949742979640968,0.21949742979640968,2.070802914800261,-0.3630325644377483,0.3630325644377483
10.0,robofalcon2_coefficient_transfer,RoboFalcon2 S3-S4 coefficient transfer,0.390625,1.2924837315943196,-0.23431394515238255,0.23431394515238255,2.1376727919318492,-0.3875379883540974,0.3875379883540974
10.0,robofalcon2_coefficient_transfer,RoboFalcon2 S3-S4 coefficient transfer,0.3984375,1.3327042014423964,-0.24890268927483758,0.24890268927483758,2.204194483440409,-0.41166669544471507,0.41166669544471507
10.0,robofalcon2_coefficient_transfer,RoboFalcon2 S3-S4 coefficient transfer,0.40625,1.3726571410639132,-0.2632650094257701,0.2632650094257701,2.2702736996803385,-0.43542091398160226,0.43542091398160226
10.0,robofalcon2_coefficient_transfer,RoboFalcon2 S3-S4 coefficient transfer,0.4140625,1.4122744013091015,-0.2774010345418001,0.2774010345418001,2.335797726982838,-0.4588008572164216,0.4588008572164216
10.0,robofalcon2_coefficient_transfer,RoboFalcon2 S3-S4 coefficient transfer,0.421875,1.4514752927473056,-0.2913084407905694,0.2913084407905694,2.4006331109791645,-0.4818026817017982,0.4818026817017982
10.0,robofalcon2_coefficient_transfer,RoboFalcon2 S3-S4 coefficient transfer,0.4296875,1.4901652669628254,-0.3049813420095668,0.3049813420095668,2.4646234755611935,-0.5044166521589494,0.5044166521589494
10.0,robofalcon2_coefficient_transfer,RoboFalcon2 S3-S4 coefficient transfer,0.4375,1.528234672573019,-0.31840927944345065,0.31840927944345065,2.5275874654270805,-0.5266254705777073,0.5266254705777073
10.0,robofalcon2_coefficient_transfer,RoboFalcon2 S3-S4 coefficient transfer,0.4453125,1.565546252089765,-0.3315726736973125,0.3315726736973125,2.5892980668120305,-0.5483967540825619,0.5483967540825619
10.0,robofalcon2_coefficient_transfer,RoboFalcon2 S3-S4 coefficient transfer,0.453125,1.6019641378154623,-0.3444520852157573,0.3444520852157573,2.6495305645622933,-0.5696983510822484,0.5696983510822484
10.0,robofalcon2_coefficient_transfer,RoboFalcon2 S3-S4 coefficient transfer,0.4609375,1.637326149201172,-0.3570176992708607,0.3570176992708607,2.708016724008161,-0.5904809502151418,0.5904809502151418
10.0,robofalcon2_coefficient_transfer,RoboFalcon2 S3-S4 coefficient transfer,0.46875,1.6714510514877787,-0.3692316911591822,0.3692316911591822,2.7644567962212396,-0.6106819922107222,0.6106819922107222
10.0,robofalcon2_coefficient_transfer,RoboFalcon2 S3-S4 coefficient transfer,0.4765625,1.704138021598165,-0.3810474864836429,0.3810474864836429,2.8185186346394846,-0.630224446450342,0.630224446450342
10.0,robofalcon2_coefficient_transfer,RoboFalcon2 S3-S4 coefficient transfer,0.484375,1.7351664049100612,-0.39240906731012654,0.39240906731012654,2.8698372927874325,-0.6490156634014053,0.6490156634014053
10.0,robofalcon2_coefficient_transfer,RoboFalcon2 S3-S4 coefficient transfer,0.4921875,1.7642958391394854,-0.4032503356488572,0.4032503356488572,2.9180152291702735,-0.6669463218624984,0.6669463218624984
10.0,robofalcon2_coefficient_transfer,RoboFalcon2 S3-S4 coefficient transfer,0.5,1.7912668369639955,-0.4134945555214332,0.4134945555214332,2.962623270889753,-0.683889506183403,0.683889506183403
10.0,robofalcon2_coefficient_transfer,RoboFalcon2 S3-S4 coefficient transfer,0.5078125,1.8157670407376618,-0.423043893599332,0.423043893599332,3.003144801430914,-0.6996834072523955,0.6996834072523955
10.0,robofalcon2_coefficient_transfer,RoboFalcon2 S3-S4 coefficient transfer,0.515625,1.8375301103176633,-0.43180641797961816,0.43180641797961816,3.0391393138358804,-0.714175976480537,0.714175976480537
10.0,robofalcon2_coefficient_transfer,RoboFalcon2 S3-S4 coefficient transfer,0.5234375,1.8562484415722793,-0.4396710025015553,0.4396710025015553,3.0700980535517,-0.7271834193917567,0.7271834193917567
10.0,robofalcon2_coefficient_transfer,RoboFalcon2 S3-S4 coefficient transfer,0.53125,1.8716045200761655,-0.4465151851327823,0.4465151851327823,3.095495875130495,-0.7385031928141573,0.7385031928141573
10.0,robofalcon2_coefficient_transfer,RoboFalcon2 S3-S4 coefficient transfer,0.5390625,1.8832754351555623,-0.4522056581979153,0.4522056581979153,3.1147987081273936,-0.7479148156819754,0.7479148156819754
10.0,robofalcon2_coefficient_transfer,RoboFalcon2 S3-S4 coefficient transfer,0.546875,1.8909384544284327,-0.4565991689065531,0.4565991689065531,3.1274727769788893,-0.7551813584425028,0.7551813584425028
10.0,robofalcon2_coefficient_transfer,RoboFalcon2 S3-S4 coefficient transfer,0.5546875,1.8942776909387755,-0.4595439183103822,0.4595439183103822,3.1329956279513964,-0.7600517568279881,0.7600517568279881
10.0,robofalcon2_coefficient_transfer,RoboFalcon2 S3-S4 coefficient transfer,0.5625,1.8929918385898683,-0.4608815506275448,0.4608815506275448,3.13086892297747,-0.7622641020514596,0.7622641020514596
10.0,robofalcon2_coefficient_transfer,RoboFalcon2 S3-S4 coefficient transfer,0.5703125,1.8867369202424604,-0.4604251093831934,0.4604251093831934,3.1205237492316344,-0.7615091818885869,0.7615091818885869
10.0,robofalcon2_coefficient_transfer,RoboFalcon2 S3-S4 coefficient transfer,0.578125,1.8753286666244207,-0.4580327224232349,0.4580327224232349,3.1016553389247137,-0.7575523502573156,0.7575523502573156
10.0,robofalcon2_coefficient_transfer,RoboFalcon2 S3-S4 coefficient transfer,0.5859375,1.8585666534553424,-0.45354593332171717,0.45354593332171717,3.073932205075019,-0.7501315319127632,0.7501315319127632
10.0,robofalcon2_coefficient_transfer,RoboFalcon2 S3-S4 coefficient transfer,0.59375,1.8363040139228806,-0.44681568388643556,0.44681568388643556,3.0371114408040243,-0.7390001955956945,0.7390001955956945
10.0,robofalcon2_coefficient_transfer,RoboFalcon2 S3-S4 coefficient transfer,0.6015625,1.808457307958687,-0.43770853786699154,0.43770853786699154,2.99105504239106,-0.7239376475867526,0.7239376475867526
10.0,robofalcon2_coefficient_transfer,RoboFalcon2 S3-S4 coefficient transfer,0.609375,1.7750155085031354,-0.4261138274496061,0.4261138274496061,2.935744771892574,-0.7047608514819383,0.7047608514819383
10.0,robofalcon2_coefficient_transfer,RoboFalcon2 S3-S4 coefficient transfer,0.6171875,1.7360475314177155,-0.41195164393985967,0.41195164393985967,2.871294611062022,-0.6813376441926777,0.6813376441926777
10.0,robofalcon2_coefficient_transfer,RoboFalcon2 S3-S4 coefficient transfer,0.625,1.6917077587635747,-0.39518151518895894,0.39518151518895894,2.7979598964453194,-0.653601087769044,0.653601087769044
10.0,robofalcon2_coefficient_transfer,RoboFalcon2 S3-S4 coefficient transfer,0.6328125,1.6421774044208979,-0.37577893426292897,0.37577893426292897,2.716040342438649,-0.6215106495492393,0.6215106495492393
10.0,robofalcon2_coefficient_transfer,RoboFalcon2 S3-S4 coefficient transfer,0.640625,1.587860179726372,-0.3538454295372862,0.3538454295372862,2.626203657825599,-0.5852342499802645,0.5852342499802645
10.0,robofalcon2_coefficient_transfer,RoboFalcon2 S3-S4 coefficient transfer,0.6484375,1.5291770947012668,-0.32951571001381497,0.32951571001381497,2.5291461621385545,-0.5449946878184236,0.5449946878184236
10.0,robofalcon2_coefficient_transfer,RoboFalcon2 S3-S4 coefficient transfer,0.65625,1.4666300044875935,-0.3029983822126838,0.3029983822126838,2.425697886778565,-0.5011369828666616,0.5011369828666616
10.0,robofalcon2_coefficient_transfer,RoboFalcon2 S3-S4 coefficient transfer,0.6640625,1.4007940797239764,-0.2745807842806737,0.2745807842806737,2.3168101215722245,-0.4541363712331342,0.4541363712331342
10.0,robofalcon2_coefficient_transfer,RoboFalcon2 S3-S4 coefficient transfer,0.671875,1.332308499223436,-0.2446301570145301,0.2446301570145301,2.2035400211469955,-0.4046002421174889,0.4046002421174889
10.0,robofalcon2_coefficient_transfer,RoboFalcon2 S3-S4 coefficient transfer,0.6796875,1.2618657546102843,-0.21358972910059537,0.21358972910059537,2.087032915589242,-0.3532616630858673,0.3532616630858673
10.0,robofalcon2_coefficient_transfer,RoboFalcon2 S3-S4 coefficient transfer,0.6875,1.1901996926894136,-0.18196835273746212,0.18196835273746212,1.9685025334047228,-0.30096223815498263,0.30096223815498263
10.0,robofalcon2_coefficient_transfer,RoboFalcon2 S3-S4 coefficient transfer,0.6953125,1.1180758032889477,-0.15032967810311995,0.15032967810311995,1.8492149383264505,-0.24863420315899082,0.24863420315899082
10.0,robofalcon2_coefficient_transfer,RoboFalcon2 S3-S4 coefficient transfer,0.703125,1.0462833344232652,-0.11926026566404108,0.11926026566404108,1.7304754883757145,-0.19724768585992872,0.19724768585992872
10.0,robofalcon2_coefficient_transfer,RoboFalcon2 S3-S4 coefficient transfer,0.7109375,0.9755891740759894,-0.08932910391766705,0.08932910391766705,1.6135525597316331,-0.14774375127870962,0.14774375127870962
10.0,robofalcon2_coefficient_transfer,RoboFalcon2 S3-S4 coefficient transfer,0.71875,0.9067312418608018,-0.06105990851328853,0.06105990851328853,1.499666617025396,-0.10098858648355807,0.10098858648355807
10.0,robofalcon2_coefficient_transfer,RoboFalcon2 S3-S4 coefficient transfer,0.7265625,0.8403939216583752,-0.034897412378730785,0.034897412378730785,1.3899495807332067,-0.05771774694511472,0.05771774694511472
10.0,robofalcon2_coefficient_transfer,RoboFalcon2 S3-S4 coefficient transfer,0.734375,0.7771824456265708,-0.011179694022642765,0.011179694022642765,1.2854024602179186,-0.01849038958877028,0.01849038958877028
10.0,robofalcon2_coefficient_transfer,RoboFalcon2 S3-S4 coefficient transfer,0.7421875,0.7175989960613146,0.009879119344243932,-0.009879119344243932,1.1868558279690338,0.01633933496740245,-0.01633933496740245
10.0,robofalcon2_coefficient_transfer,RoboFalcon2 S3-S4 coefficient transfer,0.75,0.6620238256566529,0.02819317760872382,-0.02819317760872382,1.0949385939049143,0.04662943696624245,-0.04662943696624245
10.0,robofalcon2_coefficient_transfer,RoboFalcon2 S3-S4 coefficient transfer,0.7578125,0.6279261657754249,0.045033553573528964,-0.045033553573528964,1.0385435786216384,0.07448217710205898,-0.07448217710205898
10.0,robofalcon2_coefficient_transfer,RoboFalcon2 S3-S4 coefficient transfer,0.765625,0.62386823481092,0.06315525984939416,-0.06315525984939416,1.0318320600142363,0.10445414309463111,-0.10445414309463111
10.0,robofalcon2_coefficient_transfer,RoboFalcon2 S3-S4 coefficient transfer,0.7734375,0.6192110752442762,0.0810666932505899,-0.0810666932505899,1.024129461482478,0.1340783332567812,-0.1340783332567812
10.0,robofalcon2_coefficient_transfer,RoboFalcon2 S3-S4 coefficient transfer,0.78125,0.6142643083203408,0.09857871452306842,-0.09857871452306842,1.0159478737356977,0.16304192520832697,-0.16304192520832697
10.0,robofalcon2_coefficient_transfer,RoboFalcon2 S3-S4 coefficient transfer,0.7890625,0.6093096958637109,0.11555417664452518,-0.11555417664452518,1.0077533100563238,0.19111808788678905,-0.19111808788678905
10.0,robofalcon2_coefficient_transfer,RoboFalcon2 S3-S4 coefficient transfer,0.796875,0.6045865380255896,0.131902845393536,-0.131902845393536,0.9999415552498653,0.21815758054327095,-0.21815758054327095
10.0,robofalcon2_coefficient_transfer,RoboFalcon2 S3-S4 coefficient transfer,0.8046875,0.6002836739776491,0.14757291817221552,-0.14757291817221552,0.9928249353823813,0.24407472550048825,-0.24407472550048825
10.0,robofalcon2_coefficient_transfer,RoboFalcon2 S3-S4 coefficient transfer,0.8125,0.5965374111962559,0.16254134805428935,-0.16254134805428935,0.9866288929692727,0.2688314048417275,-0.2688314048417275
10.0,robofalcon2_coefficient_transfer,RoboFalcon2 S3-S4 coefficient transfer,0.8203125,0.5934428622874363,0.1767957095699388,-0.1767957095699388,0.9815107372478646,0.29240706775608943,-0.29240706775608943
10.0,robofalcon2_coefficient_transfer,RoboFalcon2 S3-S4 coefficient transfer,0.828125,0.5910332475288087,0.1903536791718076,-0.1903536791718076,0.9775254121078711,0.31483094979288934,-0.31483094979288934
10.0,robofalcon2_coefficient_transfer,RoboFalcon2 S3-S4 coefficient transfer,0.8359375,0.5893121921079402,0.20322974737332875,-0.20322974737332875,0.9746789133422277,0.3361270171929005,-0.3361270171929005
10.0,robofalcon2_coefficient_transfer,RoboFalcon2 S3-S4 coefficient transfer,0.84375,0.5882541415453318,0.21544035967189415,-0.21544035967189415,0.9729289757260798,0.3563224695962153,-0.3563224695962153
10.0,robofalcon2_coefficient_transfer,RoboFalcon2 S3-S4 coefficient transfer,0.8515625,0.5878116737424038,0.22700156725560736,-0.22700156725560736,0.9721971666050023,0.37544385448443685,-0.37544385448443685
10.0,robofalcon2_coefficient_transfer,RoboFalcon2 S3-S4 coefficient transfer,0.859375,0.5879219942178023,0.23792782405351995,-0.23792782405351995,0.9723796285369304,0.39351507759046916,-0.39351507759046916
10.0,robofalcon2_coefficient_transfer,RoboFalcon2 S3-S4 coefficient transfer,0.8671875,0.5885124084504136,0.24823155678637523,-0.24823155678637523,0.9733561301440072,0.4105566917941486,-0.4105566917941486
10.0,robofalcon2_coefficient_transfer,RoboFalcon2 S3-S4 coefficient transfer,0.875,0.5895047395517972,0.25792319719366746,-0.25792319719366746,0.9749973726170545,0.4265859504234237,-0.4265859504234237
10.0,robofalcon2_coefficient_transfer,RoboFalcon2 S3-S4 coefficient transfer,0.8828125,0.5908218908934956,0.2670038029078304,-0.2670038029078304,0.9771758438172545,0.44160460272435625,-0.44160460272435625
10.0,robofalcon2_coefficient_transfer,RoboFalcon2 S3-S4 coefficient transfer,0.890625,0.5923791424429344,0.27548848269536386,-0.27548848269536386,0.9797514230574844,0.4556376374827058,-0.4556376374827058
10.0,robofalcon2_coefficient_transfer,RoboFalcon2 S3-S4 coefficient transfer,0.8984375,0.5940993671905078,0.2833834518446998,-0.2833834518446998,0.9825965479507467,0.46869533432726,-0.46869533432726
10.0,robofalcon2_coefficient_transfer,RoboFalcon2 S3-S4 coefficient transfer,0.90625,0.595909222794536,0.29069412675659173,-0.29069412675659173,0.9855899156717345,0.4807866515854917,-0.4807866515854917
10.0,robofalcon2_coefficient_transfer,RoboFalcon2 S3-S4 coefficient transfer,0.9140625,0.597740024391936,0.29742529668532447,-0.29742529668532447,0.9886179265213254,0.49191951033085674,-0.49191951033085674
10.0,robofalcon2_coefficient_transfer,RoboFalcon2 S3-S4 coefficient transfer,0.921875,0.5995283018664672,0.30358121528976095,-0.30358121528976095,0.9915756056071694,0.5021009458014746,-0.5021009458014746
10.0,robofalcon2_coefficient_transfer,RoboFalcon2 S3-S4 coefficient transfer,0.9296875,0.6012161294262302,0.3091656224296556,-0.3091656224296556,0.9943671479405706,0.511337143449624,-0.511337143449624
10.0,robofalcon2_coefficient_transfer,RoboFalcon2 S3-S4 coefficient transfer,0.9375,0.6027512959831539,0.31418171263484296,-0.31418171263484296,0.9969062002315975,0.5196333867921054,-0.5196333867921054
10.0,robofalcon2_coefficient_transfer,RoboFalcon2 S3-S4 coefficient transfer,0.9453125,0.6040843029207972,0.318624835519119,-0.318624835519119,0.9991108954183922,0.5269819844330293,-0.5269819844330293
10.0,robofalcon2_coefficient_transfer,RoboFalcon2 S3-S4 coefficient transfer,0.953125,0.6051766957329819,0.3225041156056142,-0.3225041156056142,1.0009176325831446,0.5333980276608653,-0.5333980276608653
10.0,robofalcon2_coefficient_transfer,RoboFalcon2 S3-S4 coefficient transfer,0.9609375,0.6059937621986886,0.32582057390350305,-0.32582057390350305,1.0022690002717627,0.5388832051495045,-0.5388832051495045
10.0,robofalcon2_coefficient_transfer,RoboFalcon2 S3-S4 coefficient transfer,0.96875,0.6065064726611693,0.32857430621382133,-0.32857430621382133,1.003116985572461,0.5434376753467964,-0.5434376753467964
10.0,robofalcon2_coefficient_transfer,RoboFalcon2 S3-S4 coefficient transfer,0.9765625,0.6066914268208027,0.33076438636448835,-0.33076438636448835,1.003422886115066,0.5470599064324101,-0.5470599064324101
10.0,robofalcon2_coefficient_transfer,RoboFalcon2 S3-S4 coefficient transfer,0.984375,0.6065308120131434,0.33238878501523866,-0.33238878501523866,1.003157241065986,0.549746542027178,-0.549746542027178
10.0,robofalcon2_coefficient_transfer,RoboFalcon2 S3-S4 coefficient transfer,0.9921875,0.6060123803686239,0.33344430995553975,-0.33344430995553975,1.0022997933520417,0.5514923024502542,-0.5514923024502542
15.0,fluxv_uvpm,FluxV current load channel,0.0,-0.11529631569250472,-0.041831354966196097,0.041831354966196097,-0.19069160488529252,-0.06918597671676384,0.06918597671676384
15.0,fluxv_uvpm,FluxV current load channel,0.0078125,-0.11366626841370267,-0.04175288315028086,0.04175288315028086,-0.18799562687622354,-0.06905619011928879,0.06905619011928879
15.0,fluxv_uvpm,FluxV current load channel,0.015625,-0.11108713139691496,-0.04134923808904992,0.04134923808904992,-0.18372992442080427,-0.06838859095041826,0.06838859095041826
15.0,fluxv_uvpm,FluxV current load channel,0.0234375,-0.10756552532405067,-0.04061436372952071,0.04061436372952071,-0.17790544763874228,-0.06717316294505671,0.06717316294505671
15.0,fluxv_uvpm,FluxV current load channel,0.03125,-0.10310845021938023,-0.03954229256188511,0.03954229256188511,-0.17053377405404035,-0.06540003628199047,0.06540003628199047
15.0,fluxv_uvpm,FluxV current load channel,0.0390625,-0.09757137426841346,-0.038068194348325674,0.038068194348325674,-0.1613758587024551,-0.06296198652806877,0.06296198652806877
15.0,fluxv_uvpm,FluxV current load channel,0.046875,-0.0909211683649076,-0.03616253417063427,0.03616253417063427,-0.1503769084850058,-0.059810165106305935,0.059810165106305935
15.0,fluxv_uvpm,FluxV current load channel,0.0546875,-0.08337459237503714,-0.033898033096193644,0.033898033096193644,-0.1378954282377513,-0.05606484730013059,0.05606484730013059
15.0,fluxv_uvpm,FluxV current load channel,0.0625,-0.07494319716001928,-0.031271593380810134,0.031271593380810134,-0.12395052223345257,-0.05172090966905578,0.05172090966905578
15.0,fluxv_uvpm,FluxV current load channel,0.0703125,-0.0656390427443674,-0.028280742182973398,0.028280742182973398,-0.10856213686341963,-0.04677426231555615,0.04677426231555615
15.0,fluxv_uvpm,FluxV current load channel,0.078125,-0.055198740294122334,-0.024803173802213432,0.024803173802213432,-0.09129464641702277,-0.0410226206291551,0.0410226206291551
15.0,fluxv_uvpm,FluxV current load channel,0.0859375,-0.04388467850399611,-0.020945148942094812,0.020945148942094812,-0.07258202244832129,-0.03464173197851105,0.03464173197851105
15.0,fluxv_uvpm,FluxV current load channel,0.09375,-0.03176085991799395,-0.016734529586254876,0.016734529586254876,-0.05253012044592986,-0.027677678030181882,0.027677678030181882
15.0,fluxv_uvpm,FluxV current load channel,0.1015625,-0.018844622406648248,-0.012181092014297974,0.012181092014297974,-0.031167615969316772,-0.020146628029787995,0.020146628029787995
15.0,fluxv_uvpm,FluxV current load channel,0.109375,-0.005071984633764081,-0.007263666403367781,0.007263666403367781,-0.008388688606021873,-0.012013568651262876,0.012013568651262876
15.0,fluxv_uvpm,FluxV current load channel,0.1171875,0.009642979189626356,-0.0019695310472216537,0.0019695310472216537,0.015948776563246832,-0.0032574591305047536,0.0032574591305047536
15.0,fluxv_uvpm,FluxV current load channel,0.125,0.02506258394365314,0.003577828894974601,-0.003577828894974601,0.04145166587572297,0.005917465184293242,-0.005917465184293242
15.0,fluxv_uvpm,FluxV current load channel,0.1328125,0.04116227612142824,0.00934181867068383,-0.00934181867068383,0.06807936964144448,0.015450679270715818,-0.015450679270715818
15.0,fluxv_uvpm,FluxV current load channel,0.140625,0.05791659858548443,0.015282154565878342,-0.015282154565878342,0.09578978363209971,0.025275556836044582,-0.025275556836044582
15.0,fluxv_uvpm,FluxV current load channel,0.1484375,0.07545620444139604,0.021356967233248567,-0.021356967233248567,0.12479899845071939,0.035322849067028164,-0.035322849067028164
15.0,fluxv_uvpm,FluxV current load channel,0.15625,0.09362396240435192,0.027440849585691224,-0.027440849585691224,0.15484713053815977,0.04538514188837647,-0.04538514188837647
15.0,fluxv_uvpm,FluxV current load channel,0.1640625,0.11231875630011759,0.033451862532166234,-0.033451862532166234,0.18576694119794723,0.05532691408521439,-0.05532691408521439
15.0,fluxv_uvpm,FluxV current load channel,0.171875,0.13150717075041224,0.03931780430722925,-0.03931780430722925,0.2175031638582581,0.06502874926122917,-0.06502874926122917
15.0,fluxv_uvpm,FluxV current load channel,0.1796875,0.15117718461595755,0.04494398476525363,-0.04494398476525363,0.25003591644109396,0.07433403689744707,-0.07433403689744707
15.0,fluxv_uvpm,FluxV current load channel,0.1875,0.17137831930114752,0.05009731263929829,-0.05009731263929829,0.28344710369790627,0.08285726122512238,-0.08285726122512238
15.0,fluxv_uvpm,FluxV current load channel,0.1953125,0.19192285987007973,0.05477946995182766,-0.05477946995182766,0.31742625896570437,0.09060120418538886,-0.09060120418538886
15.0,fluxv_uvpm,FluxV current load channel,0.203125,0.21277668815707637,0.058922801890577366,-0.058922801890577366,0.3519169533141294,0.09745396970722796,-0.09745396970722796
15.0,fluxv_uvpm,FluxV current load channel,0.2109375,0.23390677335318566,0.062464338640323976,-0.062464338640323976,0.38686455622067206,0.10331141035928278,-0.10331141035928278
15.0,fluxv_uvpm,FluxV current load channel,0.21875,0.2553236526368611,0.06518277704079516,-0.06518277704079516,0.4222864954015451,0.10780750703205232,-0.10780750703205232
15.0,fluxv_uvpm,FluxV current load channel,0.2265625,0.2769649464177675,0.06705112418049028,-0.06705112418049028,0.45807959961383715,0.11089761544021258,-0.11089761544021258
15.0,fluxv_uvpm,FluxV current load channel,0.234375,0.2987723106929022,0.06817485699604225,-0.06817485699604225,0.49414737217852434,0.11275618665970737,-0.11275618665970737
15.0,fluxv_uvpm,FluxV current load channel,0.2421875,0.3207283208678854,0.06855488044144797,-0.06855488044144797,0.5304609941012892,0.11338471741772158,-0.11338471741772158
15.0,fluxv_uvpm,FluxV current load channel,0.25,0.3428173967711501,0.06819978439921474,-0.06819978439921474,0.5669946969271499,0.11279741474655502,-0.11279741474655502
15.0,fluxv_uvpm,FluxV current load channel,0.2578125,0.36506568589038957,0.06688572411984782,-0.06688572411984782,0.6037917266727897,0.11062405593553462,-0.11062405593553462
15.0,fluxv_uvpm,FluxV current load channel,0.265625,0.38741521577631943,0.06494956939617318,-0.06494956939617318,0.6407562011816385,0.10742179878320343,-0.10742179878320343
15.0,fluxv_uvpm,FluxV current load channel,0.2734375,0.40985943913274775,0.06244242155661787,-0.06244242155661787,0.6778772917085538,0.10327516111886932,-0.10327516111886932
15.0,fluxv_uvpm,FluxV current load channel,0.28125,0.43239191409978245,0.059416886037560984,-0.059416886037560984,0.715144343892259,0.09827114845548879,-0.09827114845548879
15.0,fluxv_uvpm,FluxV current load channel,0.2890625,0.45501805806791845,0.05586858439664531,-0.05586858439664531,0.7525663176971863,0.0924025191722435,-0.0924025191722435
15.0,fluxv_uvpm,FluxV current load channel,0.296875,0.47772826533181484,0.05188233873315262,-0.05188233873315262,0.7901273259949697,0.08580956276706433,-0.08580956276706433
15.0,fluxv_uvpm,FluxV current load channel,0.3046875,0.5004956447851835,0.04760739236654789,-0.04760739236654789,0.8277828928786004,0.07873911668602446,-0.07873911668602446
15.0,fluxv_uvpm,FluxV current load channel,0.3125,0.5233101690003326,0.043090380152442,-0.043090380152442,0.8655164337220392,0.07126831154172515,-0.07126831154172515
15.0,fluxv_uvpm,FluxV current load channel,0.3203125,0.5461610436332378,0.03837563060318747,-0.03837563060318747,0.9033100954761815,0.06347046342507451,-0.06347046342507451
15.0,fluxv_uvpm,FluxV current load channel,0.328125,0.5690340518759366,0.033475187068153806,-0.033475187068153806,0.9411403645889204,0.055365491147924155,-0.055365491147924155
15.0,fluxv_uvpm,FluxV current load channel,0.3359375,0.5918988554578387,0.028480446920700862,-0.028480446920700862,0.9789570637976649,0.047104559226708205,-0.047104559226708205
15.0,fluxv_uvpm,FluxV current load channel,0.34375,0.6147371568693457,0.023422092170569297,-0.023422092170569297,1.0167299303706896,0.0387384134432273,-0.0387384134432273
15.0,fluxv_uvpm,FluxV current load channel,0.3515625,0.6375305912047425,0.018320881047697635,-0.018320881047697635,1.0544285901080614,0.03030138637921037,-0.03030138637921037
15.0,fluxv_uvpm,FluxV current load channel,0.359375,0.6602481725435138,0.01319487024251326,-0.01319487024251326,1.0920017945819671,0.021823342469230476,-0.021823342469230476
15.0,fluxv_uvpm,FluxV current load channel,0.3671875,0.6828319202914727,0.008066006019741317,-0.008066006019741317,1.1293536481647686,0.013340579216954923,-0.013340579216954923
15.0,fluxv_uvpm,FluxV current load channel,0.375,0.7052740432647251,0.0029467112337171683,-0.0029467112337171683,1.1664712648127809,0.004873643107466412,-0.004873643107466412
15.0,fluxv_uvpm,FluxV current load channel,0.3828125,0.7275462321465803,-0.002157491080849341,0.002157491080849341,1.2033078230035597,-0.003568331167060969,0.003568331167060969
15.0,fluxv_uvpm,FluxV current load channel,0.390625,0.749618793614155,-0.007242056619523192,0.007242056619523192,1.239814212170466,-0.011977827662161896,0.011977827662161896
15.0,fluxv_uvpm,FluxV current load channel,0.3984375,0.7713749965899827,-0.012296454489489333,0.012296454489489333,1.2757973677184318,-0.020337429057606184,0.020337429057606184
15.0,fluxv_uvpm,FluxV current load channel,0.40625,0.7927874521974895,-0.017322287001789845,0.017322287001789845,1.3112119904650976,-0.02864978545771247,0.02864978545771247
15.0,fluxv_uvpm,FluxV current load channel,0.4140625,0.8138394769359363,-0.02232174636994203,0.02232174636994203,1.3460304871303843,-0.03691852262199748,0.03691852262199748
15.0,fluxv_uvpm,FluxV current load channel,0.421875,0.8344845501270249,-0.027294312582309403,0.027294312582309403,1.3801759159425466,-0.045142780489557055,0.045142780489557055
15.0,fluxv_uvpm,FluxV current load channel,0.4296875,0.8546433105739331,-0.03223793317929257,0.03223793317929257,1.4135170193336672,-0.05331916444355007,0.05331916444355007
15.0,fluxv_uvpm,FluxV current load channel,0.4375,0.8740654864076809,-0.03714291017005224,0.03714291017005224,1.4456398660860243,-0.061431634722200944,0.061431634722200944
15.0,fluxv_uvpm,FluxV current load channel,0.4453125,0.8928372917328864,-0.042015881590049556,0.042015881590049556,1.4766870479717367,-0.06949117014671287,0.06949117014671287
15.0,fluxv_uvpm,FluxV current load channel,0.453125,0.9108883217192761,-0.046853551421264836,0.046853551421264836,1.5065421205927692,-0.07749231934631018,0.07749231934631018
15.0,fluxv_uvpm,FluxV current load channel,0.4609375,0.9281453074498244,-0.051651958121817984,0.051651958121817984,1.5350839025627785,-0.08542853022282396,0.08542853022282396
15.0,fluxv_uvpm,FluxV current load channel,0.46875,0.9443000780799875,-0.05639341167386679,0.05639341167386679,1.5618027020275895,-0.09327054479110071,0.09327054479110071
15.0,fluxv_uvpm,FluxV current load channel,0.4765625,0.9592369621415595,-0.0610656429435353,0.0610656429435353,1.5865072069077215,-0.10099807080836316,0.10099807080836316
15.0,fluxv_uvpm,FluxV current load channel,0.484375,0.9730100371202984,-0.06566504755479993,0.06566504755479993,1.6092868573772632,-0.10860514690243375,0.10860514690243375
15.0,fluxv_uvpm,FluxV current load channel,0.4921875,0.9855209288800145,-0.0701789719546365,0.0701789719546365,1.6299789498684853,-0.11607084502960881,0.11607084502960881
15.0,fluxv_uvpm,FluxV current load channel,0.5,0.9966688849784225,-0.0745935901927242,0.0745935901927242,1.6484168472707386,-0.12337229808750172,0.12337229808750172
15.0,fluxv_uvpm,FluxV current load channel,0.5078125,1.0056833515276509,-0.078830670543138,0.078830670543138,1.663326110269581,-0.13038011656977844,0.13038011656977844
15.0,fluxv_uvpm,FluxV current load channel,0.515625,1.0129835701092993,-0.08290500936348168,0.08290500936348168,1.6754001335285782,-0.13711877256091948,0.13711877256091948
15.0,fluxv_uvpm,FluxV current load channel,0.5234375,1.0184604837286109,-0.08679114242056549,0.08679114242056549,1.6844585448196212,-0.14354615009681132,0.14354615009681132
15.0,fluxv_uvpm,FluxV current load channel,0.53125,1.0220062559778067,-0.09046208148002806,0.09046208148002806,1.6903229906754642,-0.14961761262777346,0.14961761262777346
15.0,fluxv_uvpm,FluxV current load channel,0.5390625,1.0231420809119331,-0.09383792734274549,0.09383792734274549,1.6922015613674797,-0.1552010127697505,0.1552010127697505
15.0,fluxv_uvpm,FluxV current load channel,0.546875,1.021557195655332,-0.09683721555546415,0.09683721555546415,1.68958027801315,-0.16016161432376913,0.16016161432376913
15.0,fluxv_uvpm,FluxV current load channel,0.5546875,1.0176300619356635,-0.09947752114643967,0.09947752114643967,1.6830850884044901,-0.16452848509068527,0.16452848509068527
15.0,fluxv_uvpm,FluxV current load channel,0.5625,1.0112888733141068,-0.10171946618307136,0.10171946618307136,1.6725972299862732,-0.1682364968734738,0.1682364968734738
15.0,fluxv_uvpm,FluxV current load channel,0.5703125,1.0024690676249333,-0.1035227553714782,0.1035227553714782,1.658009921696818,-0.17121900422719274,0.17121900422719274
15.0,fluxv_uvpm,FluxV current load channel,0.578125,0.9902570063583437,-0.10465514153020751,0.10465514153020751,1.6378120728072296,-0.17309188743825638,0.17309188743825638
15.0,fluxv_uvpm,FluxV current load channel,0.5859375,0.9753381738140181,-0.10518451356891087,0.10518451356891087,1.6131374238056109,-0.1739674297575007,0.1739674297575007
15.0,fluxv_uvpm,FluxV current load channel,0.59375,0.9578800957035145,-0.10509984112522648,0.10509984112522648,1.5842630498665211,-0.1738273877788932,0.1738273877788932
15.0,fluxv_uvpm,FluxV current load channel,0.6015625,0.9379235552759797,-0.10436429171323214,0.10436429171323214,1.551256403476933,-0.1726108432865287,0.1726108432865287
15.0,fluxv_uvpm,FluxV current load channel,0.609375,0.9152725602326452,-0.10286091663480046,0.10286091663480046,1.5137933278259992,-0.17012437175681158,0.17012437175681158
15.0,fluxv_uvpm,FluxV current load channel,0.6171875,0.8897389763358877,-0.10042119526173794,0.10042119526173794,1.4715626627565994,-0.1660892524964267,0.1660892524964267
15.0,fluxv_uvpm,FluxV current load channel,0.625,0.8621587907168493,-0.09722899803970453,0.09722899803970453,1.4259470693428837,-0.16080959366497372,0.16080959366497372
15.0,fluxv_uvpm,FluxV current load channel,0.6328125,0.8327061363152841,-0.09328343386919287,0.09328343386919287,1.3772345506276698,-0.1542839214495719,0.1542839214495719
15.0,fluxv_uvpm,FluxV current load channel,0.640625,0.8015673046829578,-0.08858978183568428,0.08858978183568428,1.325733219101538,-0.14652096706835868,0.14652096706835868
15.0,fluxv_uvpm,FluxV current load channel,0.6484375,0.7686656879423933,-0.0829781621336193,0.0829781621336193,1.2713163709837547,-0.1372397618488734,0.1372397618488734
15.0,fluxv_uvpm,FluxV current load channel,0.65625,0.7346508356266984,-0.076642896699597,0.076642896699597,1.215058313308129,-0.1267616999460977,0.1267616999460977
15.0,fluxv_uvpm,FluxV current load channel,0.6640625,0.6999161429577216,-0.06973003449600078,0.06973003449600078,1.1576096927649562,-0.11532833557502493,0.11532833557502493
15.0,fluxv_uvpm,FluxV current load channel,0.671875,0.6646974244051661,-0.06231291698871911,0.06231291698871911,1.099360529099557,-0.10306097011246758,0.10306097011246758
15.0,fluxv_uvpm,FluxV current load channel,0.6796875,0.6292365876413528,-0.05445853277286039,0.05445853277286039,1.0407109197651059,-0.09007039775539116,0.09007039775539116
15.0,fluxv_uvpm,FluxV current load channel,0.6875,0.5939394173220516,-0.04626877136928115,0.04626877136928115,0.9823320026620797,-0.0765251362585602,0.0765251362585602
15.0,fluxv_uvpm,FluxV current load channel,0.6953125,0.5590519800472871,-0.03799933182346037,0.03799933182346037,0.9246307538034199,-0.06284809298945786,0.06284809298945786
15.0,fluxv_uvpm,FluxV current load channel,0.703125,0.5247259138145017,-0.029765962512359755,0.029765962512359755,0.8678579712560048,-0.049230707228976385,0.049230707228976385
15.0,fluxv_uvpm,FluxV current load channel,0.7109375,0.4910981520962677,-0.02168415712662711,0.02168415712662711,0.8122401328868026,-0.035863997025623845,0.035863997025623845
15.0,fluxv_uvpm,FluxV current load channel,0.71875,0.4585018791380303,-0.013976932641340872,0.013976932641340872,0.758328300870739,-0.02311681601222396,0.02311681601222396
15.0,fluxv_uvpm,FluxV current load channel,0.7265625,0.42701542473971604,-0.00682485132382374,0.00682485132382374,0.7062520269213152,-0.01128780086533214,0.01128780086533214
15.0,fluxv_uvpm,FluxV current load channel,0.734375,0.3965164763065354,-0.0002592396522062366,0.0002592396522062366,0.6558090150253585,-0.00042876326994658703,0.00042876326994658703
15.0,fluxv_uvpm,FluxV current load channel,0.7421875,0.3670143385743096,0.0056465115642323855,-0.0056465115642323855,0.6070146545298408,0.00933891378679011,-0.00933891378679011
15.0,fluxv_uvpm,FluxV current load channel,0.75,0.33850736543192184,0.010826745710685861,-0.010826745710685861,0.5598662228883496,0.01790663910511981,-0.01790663910511981
15.0,fluxv_uvpm,FluxV current load channel,0.7578125,0.3113300662750684,0.014904137266844197,-0.014904137266844197,0.5149169739766171,0.024650344096207564,-0.024650344096207564
15.0,fluxv_uvpm,FluxV current load channel,0.765625,0.28505201276762576,0.018158335198296703,-0.018158335198296703,0.47145501106394105,0.0300325475294732,-0.0300325475294732
15.0,fluxv_uvpm,FluxV current load channel,0.7734375,0.2596334551984325,0.02059392975626406,-0.02059392975626406,0.42941459105896973,0.03406084134197768,-0.03406084134197768
15.0,fluxv_uvpm,FluxV current load channel,0.78125,0.23503546926579316,0.02222251588988114,-0.02222251588988114,0.3887313360367472,0.03675440272464694,-0.03675440272464694
15.0,fluxv_uvpm,FluxV current load channel,0.7890625,0.21133916503272865,0.022945010539142177,-0.022945010539142177,0.34953939606093254,0.03794935560203173,-0.03794935560203173
15.0,fluxv_uvpm,FluxV current load channel,0.796875,0.18852582018448732,0.022796380816543352,-0.022796380816543352,0.31180780580339956,0.03770353299993215,-0.03770353299993215
15.0,fluxv_uvpm,FluxV current load channel,0.8046875,0.16640511683674472,0.022002996700273964,-0.022002996700273964,0.2752217935163936,0.03639133417108662,-0.03639133417108662
15.0,fluxv_uvpm,FluxV current load channel,0.8125,0.14496225031041118,0.020619458702251584,-0.020619458702251584,0.23975687335230997,0.03410306433628718,-0.03410306433628718
15.0,fluxv_uvpm,FluxV current load channel,0.8203125,0.12418586870587675,0.018702393462499592,-0.018702393462499592,0.20539427010621597,0.030932379782818133,-0.030932379782818133
15.0,fluxv_uvpm,FluxV current load channel,0.828125,0.1042915375654343,0.016195722366278753,-0.016195722366278753,0.1724905132905327,0.026786530616806997,-0.026786530616806997
15.0,fluxv_uvpm,FluxV current load channel,0.8359375,0.08510383656959394,0.013323991063297024,-0.013323991063297024,0.1407554706312833,0.022036898786199268,-0.022036898786199268
15.0,fluxv_uvpm,FluxV current load channel,0.84375,0.06659792339825821,0.01016786728627262,-0.01016786728627262,0.11014805476275269,0.01681690277294817,-0.01681690277294817
15.0,fluxv_uvpm,FluxV current load channel,0.8515625,0.04878695666296302,0.00678169935741083,-0.00678169935741083,0.08069002905818289,0.011216430694656606,-0.011216430694656606
15.0,fluxv_uvpm,FluxV current load channel,0.859375,0.03176832933194078,0.0032081661363081966,-0.0032081661363081966,0.0525424743058474,0.00530607023820995,-0.00530607023820995
15.0,fluxv_uvpm,FluxV current load channel,0.8671875,0.01569794019414409,-0.0004832146531535738,0.0004832146531535738,0.025963235607616895,-0.0007992014069182889,0.0007992014069182889
15.0,fluxv_uvpm,FluxV current load channel,0.875,0.0003970055505286528,-0.004207059014540002,0.004207059014540002,0.0006566179077272929,-0.006958165406337642,0.006958165406337642
15.0,fluxv_uvpm,FluxV current load channel,0.8828125,-0.014115595165839667,-0.007926806763226069,0.007926806763226069,-0.02334615360358847,-0.01311035391041065,0.01311035391041065
15.0,fluxv_uvpm,FluxV current load channel,0.890625,-0.027821094211154713,-0.011607852041760713,0.011607852041760713,-0.046014038461897715,-0.01919853138254502,0.01919853138254502
15.0,fluxv_uvpm,FluxV current load channel,0.8984375,-0.040461484728775005,-0.0151830553930914,0.0151830553930914,-0.06692031235021889,-0.02511165411124333,0.02511165411124333
15.0,fluxv_uvpm,FluxV current load channel,0.90625,-0.052144964543214684,-0.018619654467684415,0.018619654467684415,-0.08624392649242915,-0.030795535586079177,0.030795535586079177
15.0,fluxv_uvpm,FluxV current load channel,0.9140625,-0.06294928699518795,-0.021906152895122707,0.021906152895122707,-0.10411347918099714,-0.03623116165805729,0.03623116165805729
15.0,fluxv_uvpm,FluxV current load channel,0.921875,-0.07286034784613779,-0.025023028510897147,0.025023028510897147,-0.1205056430453129,-0.04138624410652881,0.04138624410652881
15.0,fluxv_uvpm,FluxV current load channel,0.9296875,-0.08181331066001432,-0.027940233220213394,0.027940233220213394,-0.1353131834008062,-0.04621108559827313,0.04621108559827313
15.0,fluxv_uvpm,FluxV current load channel,0.9375,-0.08953188314265993,-0.030572593741380834,0.030572593741380834,-0.14807913316510413,-0.05056481580554927,0.05056481580554927
15.0,fluxv_uvpm,FluxV current load channel,0.9453125,-0.09631094955291004,-0.032971914608418064,0.032971914608418064,-0.1592912091592949,-0.05453311560786329,0.05453311560786329
15.0,fluxv_uvpm,FluxV current load channel,0.953125,-0.10214362892990943,-0.035127353877415106,0.035127353877415106,-0.16893803078148542,-0.05809805322940905,0.05809805322940905
15.0,fluxv_uvpm,FluxV current load channel,0.9609375,-0.10702382511118314,-0.03702863315036048,0.03702863315036048,-0.1770095154284372,-0.06124262895774401,0.06124262895774401
15.0,fluxv_uvpm,FluxV current load channel,0.96875,-0.11073231739017121,-0.03860388409696269,0.03860388409696269,-0.18314308821554168,-0.06384797787371271,0.06384797787371271
15.0,fluxv_uvpm,FluxV current load channel,0.9765625,-0.11331762992638392,-0.039852302957571445,0.039852302957571445,-0.18741900452474353,-0.06591277061811805,0.06591277061811805
15.0,fluxv_uvpm,FluxV current load channel,0.984375,-0.11493955541867436,-0.04081109853302154,0.04081109853302154,-0.19010154969777493,-0.06749854780398334,0.06749854780398334
15.0,fluxv_uvpm,FluxV current load channel,0.9921875,-0.11559870054796788,-0.04147311291622438,0.04147311291622438,-0.1911917271401533,-0.06859347078076589,0.06859347078076589
15.0,ptera_prescribed_wake_uvlm,Ptera prescribed-wake control,0.0,-0.11529631569250472,-0.041831354966196097,0.041831354966196097,-0.19069160488529252,-0.06918597671676384,0.06918597671676384
15.0,ptera_prescribed_wake_uvlm,Ptera prescribed-wake control,0.0078125,-0.11366626841370267,-0.04175288315028086,0.04175288315028086,-0.18799562687622354,-0.06905619011928879,0.06905619011928879
15.0,ptera_prescribed_wake_uvlm,Ptera prescribed-wake control,0.015625,-0.11108713139691496,-0.04134923808904992,0.04134923808904992,-0.18372992442080427,-0.06838859095041826,0.06838859095041826
15.0,ptera_prescribed_wake_uvlm,Ptera prescribed-wake control,0.0234375,-0.10756552532405067,-0.04061436372952071,0.04061436372952071,-0.17790544763874228,-0.06717316294505671,0.06717316294505671
15.0,ptera_prescribed_wake_uvlm,Ptera prescribed-wake control,0.03125,-0.10310845021938023,-0.03954229256188511,0.03954229256188511,-0.17053377405404035,-0.06540003628199047,0.06540003628199047
15.0,ptera_prescribed_wake_uvlm,Ptera prescribed-wake control,0.0390625,-0.09757137426841346,-0.038068194348325674,0.038068194348325674,-0.1613758587024551,-0.06296198652806877,0.06296198652806877
15.0,ptera_prescribed_wake_uvlm,Ptera prescribed-wake control,0.046875,-0.0909211683649076,-0.03616253417063427,0.03616253417063427,-0.1503769084850058,-0.059810165106305935,0.059810165106305935
15.0,ptera_prescribed_wake_uvlm,Ptera prescribed-wake control,0.0546875,-0.08337459237503714,-0.033898033096193644,0.033898033096193644,-0.1378954282377513,-0.05606484730013059,0.05606484730013059
15.0,ptera_prescribed_wake_uvlm,Ptera prescribed-wake control,0.0625,-0.07494319716001928,-0.031271593380810134,0.031271593380810134,-0.12395052223345257,-0.05172090966905578,0.05172090966905578
15.0,ptera_prescribed_wake_uvlm,Ptera prescribed-wake control,0.0703125,-0.0656390427443674,-0.028280742182973398,0.028280742182973398,-0.10856213686341963,-0.04677426231555615,0.04677426231555615
15.0,ptera_prescribed_wake_uvlm,Ptera prescribed-wake control,0.078125,-0.055198740294122334,-0.024803173802213432,0.024803173802213432,-0.09129464641702277,-0.0410226206291551,0.0410226206291551
15.0,ptera_prescribed_wake_uvlm,Ptera prescribed-wake control,0.0859375,-0.04388467850399611,-0.020945148942094812,0.020945148942094812,-0.07258202244832129,-0.03464173197851105,0.03464173197851105
15.0,ptera_prescribed_wake_uvlm,Ptera prescribed-wake control,0.09375,-0.03176085991799395,-0.016734529586254876,0.016734529586254876,-0.05253012044592986,-0.027677678030181882,0.027677678030181882
15.0,ptera_prescribed_wake_uvlm,Ptera prescribed-wake control,0.1015625,-0.018844622406648248,-0.012181092014297974,0.012181092014297974,-0.031167615969316772,-0.020146628029787995,0.020146628029787995
15.0,ptera_prescribed_wake_uvlm,Ptera prescribed-wake control,0.109375,-0.005071984633764081,-0.007263666403367781,0.007263666403367781,-0.008388688606021873,-0.012013568651262876,0.012013568651262876
15.0,ptera_prescribed_wake_uvlm,Ptera prescribed-wake control,0.1171875,0.009642979189626356,-0.0019695310472216537,0.0019695310472216537,0.015948776563246832,-0.0032574591305047536,0.0032574591305047536
15.0,ptera_prescribed_wake_uvlm,Ptera prescribed-wake control,0.125,0.02506258394365314,0.003577828894974601,-0.003577828894974601,0.04145166587572297,0.005917465184293242,-0.005917465184293242
15.0,ptera_prescribed_wake_uvlm,Ptera prescribed-wake control,0.1328125,0.04116227612142824,0.00934181867068383,-0.00934181867068383,0.06807936964144448,0.015450679270715818,-0.015450679270715818
15.0,ptera_prescribed_wake_uvlm,Ptera prescribed-wake control,0.140625,0.05791659858548443,0.015282154565878342,-0.015282154565878342,0.09578978363209971,0.025275556836044582,-0.025275556836044582
15.0,ptera_prescribed_wake_uvlm,Ptera prescribed-wake control,0.1484375,0.07545620444139604,0.021356967233248567,-0.021356967233248567,0.12479899845071939,0.035322849067028164,-0.035322849067028164
15.0,ptera_prescribed_wake_uvlm,Ptera prescribed-wake control,0.15625,0.09362396240435192,0.027440849585691224,-0.027440849585691224,0.15484713053815977,0.04538514188837647,-0.04538514188837647
15.0,ptera_prescribed_wake_uvlm,Ptera prescribed-wake control,0.1640625,0.11231875630011759,0.033451862532166234,-0.033451862532166234,0.18576694119794723,0.05532691408521439,-0.05532691408521439
15.0,ptera_prescribed_wake_uvlm,Ptera prescribed-wake control,0.171875,0.13150717075041224,0.03931780430722925,-0.03931780430722925,0.2175031638582581,0.06502874926122917,-0.06502874926122917
15.0,ptera_prescribed_wake_uvlm,Ptera prescribed-wake control,0.1796875,0.15117718461595755,0.04494398476525363,-0.04494398476525363,0.25003591644109396,0.07433403689744707,-0.07433403689744707
15.0,ptera_prescribed_wake_uvlm,Ptera prescribed-wake control,0.1875,0.17137831930114752,0.05009731263929829,-0.05009731263929829,0.28344710369790627,0.08285726122512238,-0.08285726122512238
15.0,ptera_prescribed_wake_uvlm,Ptera prescribed-wake control,0.1953125,0.19192285987007973,0.05477946995182766,-0.05477946995182766,0.31742625896570437,0.09060120418538886,-0.09060120418538886
15.0,ptera_prescribed_wake_uvlm,Ptera prescribed-wake control,0.203125,0.21277668815707637,0.058922801890577366,-0.058922801890577366,0.3519169533141294,0.09745396970722796,-0.09745396970722796
15.0,ptera_prescribed_wake_uvlm,Ptera prescribed-wake control,0.2109375,0.23390677335318566,0.062464338640323976,-0.062464338640323976,0.38686455622067206,0.10331141035928278,-0.10331141035928278
15.0,ptera_prescribed_wake_uvlm,Ptera prescribed-wake control,0.21875,0.2553236526368611,0.06518277704079516,-0.06518277704079516,0.4222864954015451,0.10780750703205232,-0.10780750703205232
15.0,ptera_prescribed_wake_uvlm,Ptera prescribed-wake control,0.2265625,0.2769649464177675,0.06705112418049028,-0.06705112418049028,0.45807959961383715,0.11089761544021258,-0.11089761544021258
15.0,ptera_prescribed_wake_uvlm,Ptera prescribed-wake control,0.234375,0.2987723106929022,0.06817485699604225,-0.06817485699604225,0.49414737217852434,0.11275618665970737,-0.11275618665970737
15.0,ptera_prescribed_wake_uvlm,Ptera prescribed-wake control,0.2421875,0.3207283208678854,0.06855488044144797,-0.06855488044144797,0.5304609941012892,0.11338471741772158,-0.11338471741772158
15.0,ptera_prescribed_wake_uvlm,Ptera prescribed-wake control,0.25,0.3428173967711501,0.06819978439921474,-0.06819978439921474,0.5669946969271499,0.11279741474655502,-0.11279741474655502
15.0,ptera_prescribed_wake_uvlm,Ptera prescribed-wake control,0.2578125,0.36506568589038957,0.06688572411984782,-0.06688572411984782,0.6037917266727897,0.11062405593553462,-0.11062405593553462
15.0,ptera_prescribed_wake_uvlm,Ptera prescribed-wake control,0.265625,0.38741521577631943,0.06494956939617318,-0.06494956939617318,0.6407562011816385,0.10742179878320343,-0.10742179878320343
15.0,ptera_prescribed_wake_uvlm,Ptera prescribed-wake control,0.2734375,0.40985943913274775,0.06244242155661787,-0.06244242155661787,0.6778772917085538,0.10327516111886932,-0.10327516111886932
15.0,ptera_prescribed_wake_uvlm,Ptera prescribed-wake control,0.28125,0.43239191409978245,0.059416886037560984,-0.059416886037560984,0.715144343892259,0.09827114845548879,-0.09827114845548879
15.0,ptera_prescribed_wake_uvlm,Ptera prescribed-wake control,0.2890625,0.45501805806791845,0.05586858439664531,-0.05586858439664531,0.7525663176971863,0.0924025191722435,-0.0924025191722435
15.0,ptera_prescribed_wake_uvlm,Ptera prescribed-wake control,0.296875,0.47772826533181484,0.05188233873315262,-0.05188233873315262,0.7901273259949697,0.08580956276706433,-0.08580956276706433
15.0,ptera_prescribed_wake_uvlm,Ptera prescribed-wake control,0.3046875,0.5004956447851835,0.04760739236654789,-0.04760739236654789,0.8277828928786004,0.07873911668602446,-0.07873911668602446
15.0,ptera_prescribed_wake_uvlm,Ptera prescribed-wake control,0.3125,0.5233101690003326,0.043090380152442,-0.043090380152442,0.8655164337220392,0.07126831154172515,-0.07126831154172515
15.0,ptera_prescribed_wake_uvlm,Ptera prescribed-wake control,0.3203125,0.5461610436332378,0.03837563060318747,-0.03837563060318747,0.9033100954761815,0.06347046342507451,-0.06347046342507451
15.0,ptera_prescribed_wake_uvlm,Ptera prescribed-wake control,0.328125,0.5690340518759366,0.033475187068153806,-0.033475187068153806,0.9411403645889204,0.055365491147924155,-0.055365491147924155
15.0,ptera_prescribed_wake_uvlm,Ptera prescribed-wake control,0.3359375,0.5918988554578387,0.028480446920700862,-0.028480446920700862,0.9789570637976649,0.047104559226708205,-0.047104559226708205
15.0,ptera_prescribed_wake_uvlm,Ptera prescribed-wake control,0.34375,0.6147371568693457,0.023422092170569297,-0.023422092170569297,1.0167299303706896,0.0387384134432273,-0.0387384134432273
15.0,ptera_prescribed_wake_uvlm,Ptera prescribed-wake control,0.3515625,0.6375305912047425,0.018320881047697635,-0.018320881047697635,1.0544285901080614,0.03030138637921037,-0.03030138637921037
15.0,ptera_prescribed_wake_uvlm,Ptera prescribed-wake control,0.359375,0.6602481725435138,0.01319487024251326,-0.01319487024251326,1.0920017945819671,0.021823342469230476,-0.021823342469230476
15.0,ptera_prescribed_wake_uvlm,Ptera prescribed-wake control,0.3671875,0.6828319202914727,0.008066006019741317,-0.008066006019741317,1.1293536481647686,0.013340579216954923,-0.013340579216954923
15.0,ptera_prescribed_wake_uvlm,Ptera prescribed-wake control,0.375,0.7052740432647251,0.0029467112337171683,-0.0029467112337171683,1.1664712648127809,0.004873643107466412,-0.004873643107466412
15.0,ptera_prescribed_wake_uvlm,Ptera prescribed-wake control,0.3828125,0.7275462321465803,-0.002157491080849341,0.002157491080849341,1.2033078230035597,-0.003568331167060969,0.003568331167060969
15.0,ptera_prescribed_wake_uvlm,Ptera prescribed-wake control,0.390625,0.749618793614155,-0.007242056619523192,0.007242056619523192,1.239814212170466,-0.011977827662161896,0.011977827662161896
15.0,ptera_prescribed_wake_uvlm,Ptera prescribed-wake control,0.3984375,0.7713749965899827,-0.012296454489489333,0.012296454489489333,1.2757973677184318,-0.020337429057606184,0.020337429057606184
15.0,ptera_prescribed_wake_uvlm,Ptera prescribed-wake control,0.40625,0.7927874521974895,-0.017322287001789845,0.017322287001789845,1.3112119904650976,-0.02864978545771247,0.02864978545771247
15.0,ptera_prescribed_wake_uvlm,Ptera prescribed-wake control,0.4140625,0.8138394769359363,-0.02232174636994203,0.02232174636994203,1.3460304871303843,-0.03691852262199748,0.03691852262199748
15.0,ptera_prescribed_wake_uvlm,Ptera prescribed-wake control,0.421875,0.8344845501270249,-0.027294312582309403,0.027294312582309403,1.3801759159425466,-0.045142780489557055,0.045142780489557055
15.0,ptera_prescribed_wake_uvlm,Ptera prescribed-wake control,0.4296875,0.8546433105739331,-0.03223793317929257,0.03223793317929257,1.4135170193336672,-0.05331916444355007,0.05331916444355007
15.0,ptera_prescribed_wake_uvlm,Ptera prescribed-wake control,0.4375,0.8740654864076809,-0.03714291017005224,0.03714291017005224,1.4456398660860243,-0.061431634722200944,0.061431634722200944
15.0,ptera_prescribed_wake_uvlm,Ptera prescribed-wake control,0.4453125,0.8928372917328864,-0.042015881590049556,0.042015881590049556,1.4766870479717367,-0.06949117014671287,0.06949117014671287
15.0,ptera_prescribed_wake_uvlm,Ptera prescribed-wake control,0.453125,0.9108883217192761,-0.046853551421264836,0.046853551421264836,1.5065421205927692,-0.07749231934631018,0.07749231934631018
15.0,ptera_prescribed_wake_uvlm,Ptera prescribed-wake control,0.4609375,0.9281453074498244,-0.051651958121817984,0.051651958121817984,1.5350839025627785,-0.08542853022282396,0.08542853022282396
15.0,ptera_prescribed_wake_uvlm,Ptera prescribed-wake control,0.46875,0.9443000780799875,-0.05639341167386679,0.05639341167386679,1.5618027020275895,-0.09327054479110071,0.09327054479110071
15.0,ptera_prescribed_wake_uvlm,Ptera prescribed-wake control,0.4765625,0.9592369621415595,-0.0610656429435353,0.0610656429435353,1.5865072069077215,-0.10099807080836316,0.10099807080836316
15.0,ptera_prescribed_wake_uvlm,Ptera prescribed-wake control,0.484375,0.9730100371202984,-0.06566504755479993,0.06566504755479993,1.6092868573772632,-0.10860514690243375,0.10860514690243375
15.0,ptera_prescribed_wake_uvlm,Ptera prescribed-wake control,0.4921875,0.9855209288800145,-0.0701789719546365,0.0701789719546365,1.6299789498684853,-0.11607084502960881,0.11607084502960881
15.0,ptera_prescribed_wake_uvlm,Ptera prescribed-wake control,0.5,0.9966688849784225,-0.0745935901927242,0.0745935901927242,1.6484168472707386,-0.12337229808750172,0.12337229808750172
15.0,ptera_prescribed_wake_uvlm,Ptera prescribed-wake control,0.5078125,1.0056833515276509,-0.078830670543138,0.078830670543138,1.663326110269581,-0.13038011656977844,0.13038011656977844
15.0,ptera_prescribed_wake_uvlm,Ptera prescribed-wake control,0.515625,1.0129835701092993,-0.08290500936348168,0.08290500936348168,1.6754001335285782,-0.13711877256091948,0.13711877256091948
15.0,ptera_prescribed_wake_uvlm,Ptera prescribed-wake control,0.5234375,1.0184604837286109,-0.08679114242056549,0.08679114242056549,1.6844585448196212,-0.14354615009681132,0.14354615009681132
15.0,ptera_prescribed_wake_uvlm,Ptera prescribed-wake control,0.53125,1.0220062559778067,-0.09046208148002806,0.09046208148002806,1.6903229906754642,-0.14961761262777346,0.14961761262777346
15.0,ptera_prescribed_wake_uvlm,Ptera prescribed-wake control,0.5390625,1.0231420809119331,-0.09383792734274549,0.09383792734274549,1.6922015613674797,-0.1552010127697505,0.1552010127697505
15.0,ptera_prescribed_wake_uvlm,Ptera prescribed-wake control,0.546875,1.021557195655332,-0.09683721555546415,0.09683721555546415,1.68958027801315,-0.16016161432376913,0.16016161432376913
15.0,ptera_prescribed_wake_uvlm,Ptera prescribed-wake control,0.5546875,1.0176300619356635,-0.09947752114643967,0.09947752114643967,1.6830850884044901,-0.16452848509068527,0.16452848509068527
15.0,ptera_prescribed_wake_uvlm,Ptera prescribed-wake control,0.5625,1.0112888733141068,-0.10171946618307136,0.10171946618307136,1.6725972299862732,-0.1682364968734738,0.1682364968734738
15.0,ptera_prescribed_wake_uvlm,Ptera prescribed-wake control,0.5703125,1.0024690676249333,-0.1035227553714782,0.1035227553714782,1.658009921696818,-0.17121900422719274,0.17121900422719274
15.0,ptera_prescribed_wake_uvlm,Ptera prescribed-wake control,0.578125,0.9902570063583437,-0.10465514153020751,0.10465514153020751,1.6378120728072296,-0.17309188743825638,0.17309188743825638
15.0,ptera_prescribed_wake_uvlm,Ptera prescribed-wake control,0.5859375,0.9753381738140181,-0.10518451356891087,0.10518451356891087,1.6131374238056109,-0.1739674297575007,0.1739674297575007
15.0,ptera_prescribed_wake_uvlm,Ptera prescribed-wake control,0.59375,0.9578800957035145,-0.10509984112522648,0.10509984112522648,1.5842630498665211,-0.1738273877788932,0.1738273877788932
15.0,ptera_prescribed_wake_uvlm,Ptera prescribed-wake control,0.6015625,0.9379235552759797,-0.10436429171323214,0.10436429171323214,1.551256403476933,-0.1726108432865287,0.1726108432865287
15.0,ptera_prescribed_wake_uvlm,Ptera prescribed-wake control,0.609375,0.9152725602326452,-0.10286091663480046,0.10286091663480046,1.5137933278259992,-0.17012437175681158,0.17012437175681158
15.0,ptera_prescribed_wake_uvlm,Ptera prescribed-wake control,0.6171875,0.8897389763358877,-0.10042119526173794,0.10042119526173794,1.4715626627565994,-0.1660892524964267,0.1660892524964267
15.0,ptera_prescribed_wake_uvlm,Ptera prescribed-wake control,0.625,0.8621587907168493,-0.09722899803970453,0.09722899803970453,1.4259470693428837,-0.16080959366497372,0.16080959366497372
15.0,ptera_prescribed_wake_uvlm,Ptera prescribed-wake control,0.6328125,0.8327061363152841,-0.09328343386919287,0.09328343386919287,1.3772345506276698,-0.1542839214495719,0.1542839214495719
15.0,ptera_prescribed_wake_uvlm,Ptera prescribed-wake control,0.640625,0.8015673046829578,-0.08858978183568428,0.08858978183568428,1.325733219101538,-0.14652096706835868,0.14652096706835868
15.0,ptera_prescribed_wake_uvlm,Ptera prescribed-wake control,0.6484375,0.7686656879423933,-0.0829781621336193,0.0829781621336193,1.2713163709837547,-0.1372397618488734,0.1372397618488734
15.0,ptera_prescribed_wake_uvlm,Ptera prescribed-wake control,0.65625,0.7346508356266984,-0.076642896699597,0.076642896699597,1.215058313308129,-0.1267616999460977,0.1267616999460977
15.0,ptera_prescribed_wake_uvlm,Ptera prescribed-wake control,0.6640625,0.6999161429577216,-0.06973003449600078,0.06973003449600078,1.1576096927649562,-0.11532833557502493,0.11532833557502493
15.0,ptera_prescribed_wake_uvlm,Ptera prescribed-wake control,0.671875,0.6646974244051661,-0.06231291698871911,0.06231291698871911,1.099360529099557,-0.10306097011246758,0.10306097011246758
15.0,ptera_prescribed_wake_uvlm,Ptera prescribed-wake control,0.6796875,0.6292365876413528,-0.05445853277286039,0.05445853277286039,1.0407109197651059,-0.09007039775539116,0.09007039775539116
15.0,ptera_prescribed_wake_uvlm,Ptera prescribed-wake control,0.6875,0.5939394173220516,-0.04626877136928115,0.04626877136928115,0.9823320026620797,-0.0765251362585602,0.0765251362585602
15.0,ptera_prescribed_wake_uvlm,Ptera prescribed-wake control,0.6953125,0.5590519800472871,-0.03799933182346037,0.03799933182346037,0.9246307538034199,-0.06284809298945786,0.06284809298945786
15.0,ptera_prescribed_wake_uvlm,Ptera prescribed-wake control,0.703125,0.5247259138145017,-0.029765962512359755,0.029765962512359755,0.8678579712560048,-0.049230707228976385,0.049230707228976385
15.0,ptera_prescribed_wake_uvlm,Ptera prescribed-wake control,0.7109375,0.4910981520962677,-0.02168415712662711,0.02168415712662711,0.8122401328868026,-0.035863997025623845,0.035863997025623845
15.0,ptera_prescribed_wake_uvlm,Ptera prescribed-wake control,0.71875,0.4585018791380303,-0.013976932641340872,0.013976932641340872,0.758328300870739,-0.02311681601222396,0.02311681601222396
15.0,ptera_prescribed_wake_uvlm,Ptera prescribed-wake control,0.7265625,0.42701542473971604,-0.00682485132382374,0.00682485132382374,0.7062520269213152,-0.01128780086533214,0.01128780086533214
15.0,ptera_prescribed_wake_uvlm,Ptera prescribed-wake control,0.734375,0.3965164763065354,-0.0002592396522062366,0.0002592396522062366,0.6558090150253585,-0.00042876326994658703,0.00042876326994658703
15.0,ptera_prescribed_wake_uvlm,Ptera prescribed-wake control,0.7421875,0.3670143385743096,0.0056465115642323855,-0.0056465115642323855,0.6070146545298408,0.00933891378679011,-0.00933891378679011
15.0,ptera_prescribed_wake_uvlm,Ptera prescribed-wake control,0.75,0.33850736543192184,0.010826745710685861,-0.010826745710685861,0.5598662228883496,0.01790663910511981,-0.01790663910511981
15.0,ptera_prescribed_wake_uvlm,Ptera prescribed-wake control,0.7578125,0.3113300662750684,0.014904137266844197,-0.014904137266844197,0.5149169739766171,0.024650344096207564,-0.024650344096207564
15.0,ptera_prescribed_wake_uvlm,Ptera prescribed-wake control,0.765625,0.28505201276762576,0.018158335198296703,-0.018158335198296703,0.47145501106394105,0.0300325475294732,-0.0300325475294732
15.0,ptera_prescribed_wake_uvlm,Ptera prescribed-wake control,0.7734375,0.2596334551984325,0.02059392975626406,-0.02059392975626406,0.42941459105896973,0.03406084134197768,-0.03406084134197768
15.0,ptera_prescribed_wake_uvlm,Ptera prescribed-wake control,0.78125,0.23503546926579316,0.02222251588988114,-0.02222251588988114,0.3887313360367472,0.03675440272464694,-0.03675440272464694
15.0,ptera_prescribed_wake_uvlm,Ptera prescribed-wake control,0.7890625,0.21133916503272865,0.022945010539142177,-0.022945010539142177,0.34953939606093254,0.03794935560203173,-0.03794935560203173
15.0,ptera_prescribed_wake_uvlm,Ptera prescribed-wake control,0.796875,0.18852582018448732,0.022796380816543352,-0.022796380816543352,0.31180780580339956,0.03770353299993215,-0.03770353299993215
15.0,ptera_prescribed_wake_uvlm,Ptera prescribed-wake control,0.8046875,0.16640511683674472,0.022002996700273964,-0.022002996700273964,0.2752217935163936,0.03639133417108662,-0.03639133417108662
15.0,ptera_prescribed_wake_uvlm,Ptera prescribed-wake control,0.8125,0.14496225031041118,0.020619458702251584,-0.020619458702251584,0.23975687335230997,0.03410306433628718,-0.03410306433628718
15.0,ptera_prescribed_wake_uvlm,Ptera prescribed-wake control,0.8203125,0.12418586870587675,0.018702393462499592,-0.018702393462499592,0.20539427010621597,0.030932379782818133,-0.030932379782818133
15.0,ptera_prescribed_wake_uvlm,Ptera prescribed-wake control,0.828125,0.1042915375654343,0.016195722366278753,-0.016195722366278753,0.1724905132905327,0.026786530616806997,-0.026786530616806997
15.0,ptera_prescribed_wake_uvlm,Ptera prescribed-wake control,0.8359375,0.08510383656959394,0.013323991063297024,-0.013323991063297024,0.1407554706312833,0.022036898786199268,-0.022036898786199268
15.0,ptera_prescribed_wake_uvlm,Ptera prescribed-wake control,0.84375,0.06659792339825821,0.01016786728627262,-0.01016786728627262,0.11014805476275269,0.01681690277294817,-0.01681690277294817
15.0,ptera_prescribed_wake_uvlm,Ptera prescribed-wake control,0.8515625,0.04878695666296302,0.00678169935741083,-0.00678169935741083,0.08069002905818289,0.011216430694656606,-0.011216430694656606
15.0,ptera_prescribed_wake_uvlm,Ptera prescribed-wake control,0.859375,0.03176832933194078,0.0032081661363081966,-0.0032081661363081966,0.0525424743058474,0.00530607023820995,-0.00530607023820995
15.0,ptera_prescribed_wake_uvlm,Ptera prescribed-wake control,0.8671875,0.01569794019414409,-0.0004832146531535738,0.0004832146531535738,0.025963235607616895,-0.0007992014069182889,0.0007992014069182889
15.0,ptera_prescribed_wake_uvlm,Ptera prescribed-wake control,0.875,0.0003970055505286528,-0.004207059014540002,0.004207059014540002,0.0006566179077272929,-0.006958165406337642,0.006958165406337642
15.0,ptera_prescribed_wake_uvlm,Ptera prescribed-wake control,0.8828125,-0.014115595165839667,-0.007926806763226069,0.007926806763226069,-0.02334615360358847,-0.01311035391041065,0.01311035391041065
15.0,ptera_prescribed_wake_uvlm,Ptera prescribed-wake control,0.890625,-0.027821094211154713,-0.011607852041760713,0.011607852041760713,-0.046014038461897715,-0.01919853138254502,0.01919853138254502
15.0,ptera_prescribed_wake_uvlm,Ptera prescribed-wake control,0.8984375,-0.040461484728775005,-0.0151830553930914,0.0151830553930914,-0.06692031235021889,-0.02511165411124333,0.02511165411124333
15.0,ptera_prescribed_wake_uvlm,Ptera prescribed-wake control,0.90625,-0.052144964543214684,-0.018619654467684415,0.018619654467684415,-0.08624392649242915,-0.030795535586079177,0.030795535586079177
15.0,ptera_prescribed_wake_uvlm,Ptera prescribed-wake control,0.9140625,-0.06294928699518795,-0.021906152895122707,0.021906152895122707,-0.10411347918099714,-0.03623116165805729,0.03623116165805729
15.0,ptera_prescribed_wake_uvlm,Ptera prescribed-wake control,0.921875,-0.07286034784613779,-0.025023028510897147,0.025023028510897147,-0.1205056430453129,-0.04138624410652881,0.04138624410652881
15.0,ptera_prescribed_wake_uvlm,Ptera prescribed-wake control,0.9296875,-0.08181331066001432,-0.027940233220213394,0.027940233220213394,-0.1353131834008062,-0.04621108559827313,0.04621108559827313
15.0,ptera_prescribed_wake_uvlm,Ptera prescribed-wake control,0.9375,-0.08953188314265993,-0.030572593741380834,0.030572593741380834,-0.14807913316510413,-0.05056481580554927,0.05056481580554927
15.0,ptera_prescribed_wake_uvlm,Ptera prescribed-wake control,0.9453125,-0.09631094955291004,-0.032971914608418064,0.032971914608418064,-0.1592912091592949,-0.05453311560786329,0.05453311560786329
15.0,ptera_prescribed_wake_uvlm,Ptera prescribed-wake control,0.953125,-0.10214362892990943,-0.035127353877415106,0.035127353877415106,-0.16893803078148542,-0.05809805322940905,0.05809805322940905
15.0,ptera_prescribed_wake_uvlm,Ptera prescribed-wake control,0.9609375,-0.10702382511118314,-0.03702863315036048,0.03702863315036048,-0.1770095154284372,-0.06124262895774401,0.06124262895774401
15.0,ptera_prescribed_wake_uvlm,Ptera prescribed-wake control,0.96875,-0.11073231739017121,-0.03860388409696269,0.03860388409696269,-0.18314308821554168,-0.06384797787371271,0.06384797787371271
15.0,ptera_prescribed_wake_uvlm,Ptera prescribed-wake control,0.9765625,-0.11331762992638392,-0.039852302957571445,0.039852302957571445,-0.18741900452474353,-0.06591277061811805,0.06591277061811805
15.0,ptera_prescribed_wake_uvlm,Ptera prescribed-wake control,0.984375,-0.11493955541867436,-0.04081109853302154,0.04081109853302154,-0.19010154969777493,-0.06749854780398334,0.06749854780398334
15.0,ptera_prescribed_wake_uvlm,Ptera prescribed-wake control,0.9921875,-0.11559870054796788,-0.04147311291622438,0.04147311291622438,-0.1911917271401533,-0.06859347078076589,0.06859347078076589
15.0,ptera_free_wake_uvlm,Ptera free-wake UVLM,0.0,-0.11594389732115624,-0.04207942879529415,0.04207942879529415,-0.19176265715023336,-0.06959627253859142,0.06959627253859142
15.0,ptera_free_wake_uvlm,Ptera free-wake UVLM,0.0078125,-0.11422315256015199,-0.04197296828361555,0.04197296828361555,-0.18891667219309918,-0.06942019470204505,0.06942019470204505
15.0,ptera_free_wake_uvlm,Ptera free-wake UVLM,0.015625,-0.11156358032212046,-0.04154379785117659,0.04154379785117659,-0.18451793581256132,-0.06871037845128675,0.06871037845128675
15.0,ptera_free_wake_uvlm,Ptera free-wake UVLM,0.0234375,-0.10797112143674184,-0.040785745129093665,0.040785745129093665,-0.178576273702869,-0.06745661514329707,0.06745661514329707
15.0,ptera_free_wake_uvlm,Ptera free-wake UVLM,0.03125,-0.10345201557601588,-0.039692695251572194,0.039692695251572194,-0.17110200582143326,-0.0656487912409259,0.0656487912409259
15.0,ptera_free_wake_uvlm,Ptera free-wake UVLM,0.0390625,-0.09786186308213962,-0.038199885131068013,0.038199885131068013,-0.16185630578142682,-0.06317979337262321,0.06317979337262321
15.0,ptera_free_wake_uvlm,Ptera free-wake UVLM,0.046875,-0.09116905966671712,-0.03627831655581738,0.03627831655581738,-0.1507869024201566,-0.0600016606342888,0.0600016606342888
15.0,ptera_free_wake_uvlm,Ptera free-wake UVLM,0.0546875,-0.08358684472539266,-0.03399981152561902,0.03399981152561902,-0.13824647797500322,-0.05623318131785923,0.05623318131785923
15.0,ptera_free_wake_uvlm,Ptera free-wake UVLM,0.0625,-0.0751262975876871,-0.0313611823373122,0.0313611823373122,-0.12425335684006984,-0.05186908319734909,0.05186908319734909
15.0,ptera_free_wake_uvlm,Ptera free-wake UVLM,0.0703125,-0.06579921644176165,-0.028359922241290022,0.028359922241290022,-0.10882705234864626,-0.04690522029374148,0.04690522029374148
15.0,ptera_free_wake_uvlm,Ptera free-wake UVLM,0.078125,-0.05534255986959115,-0.024873893063778987,0.024873893063778987,-0.09153251339044118,-0.04113958507336339,0.04113958507336339
15.0,ptera_free_wake_uvlm,Ptera free-wake UVLM,0.0859375,-0.04401631438798447,-0.02100869298071537,0.02100869298071537,-0.07279973849438456,-0.03474682913302694,0.03474682913302694
15.0,ptera_free_wake_uvlm,Ptera free-wake UVLM,0.09375,-0.031883676798090566,-0.016791969918442368,0.016791969918442368,-0.05273325050981751,-0.027772680104308778,0.027772680104308778
15.0,ptera_free_wake_uvlm,Ptera free-wake UVLM,0.1015625,-0.018961362252985756,-0.012233335041946502,0.012233335041946502,-0.03136069506745147,-0.02023303414542602,0.02023303414542602
15.0,ptera_free_wake_uvlm,Ptera free-wake UVLM,0.109375,-0.005184741918808022,-0.007311453702096324,0.007311453702096324,-0.008575180841427582,-0.012092605319806406,0.012092605319806406
15.0,ptera_free_wake_uvlm,Ptera free-wake UVLM,0.1171875,0.009533053171877168,-0.00201335209353131,0.00201335209353131,0.0157669670351857,-0.003329935909995499,0.003329935909995499
15.0,ptera_free_wake_uvlm,Ptera free-wake UVLM,0.125,0.024955451842117712,0.0035378451574045104,-0.0035378451574045104,0.0412744772790725,0.005851335030517231,-0.005851335030517231
15.0,ptera_free_wake_uvlm,Ptera free-wake UVLM,0.1328125,0.041058290151496174,0.009305654729145778,-0.009305654729145778,0.06790738451448879,0.015390866777927574,-0.015390866777927574
15.0,ptera_free_wake_uvlm,Ptera free-wake UVLM,0.140625,0.05781640535503068,0.015249871746801947,-0.015249871746801947,0.09562407141658691,0.025222163433636844,-0.025222163433636844
15.0,ptera_free_wake_uvlm,Ptera free-wake UVLM,0.1484375,0.07536076084958503,0.021328635452339414,-0.021328635452339414,0.12464114178731134,0.0352759903904228,-0.0352759903904228
15.0,ptera_free_wake_uvlm,Ptera free-wake UVLM,0.15625,0.0935333104190536,0.02741619303651878,-0.02741619303651878,0.15469719883861893,0.04534436177407372,-0.04534436177407372
15.0,ptera_free_wake_uvlm,Ptera free-wake UVLM,0.1640625,0.11223220512013872,0.03343031537779027,-0.03343031537779027,0.18562379192803555,0.055291276680636596,-0.055291276680636596
15.0,ptera_free_wake_uvlm,Ptera free-wake UVLM,0.171875,0.1314230283429859,0.03929839188129045,-0.03929839188129045,0.21736399852053961,0.06499664254008417,-0.06499664254008417
15.0,ptera_free_wake_uvlm,Ptera free-wake UVLM,0.1796875,0.1510921428111763,0.04492507305833001,-0.04492507305833001,0.24989526356646674,0.0743027583286331,-0.0743027583286331
15.0,ptera_free_wake_uvlm,Ptera free-wake UVLM,0.1875,0.1712833068313483,0.050074995836794686,-0.050074995836794686,0.2832899600785173,0.08282035087929078,-0.08282035087929078
15.0,ptera_free_wake_uvlm,Ptera free-wake UVLM,0.1953125,0.19180658087073316,0.05474922300055458,-0.05474922300055458,0.31723394207451255,0.09055117795821492,-0.09055117795821492
15.0,ptera_free_wake_uvlm,Ptera free-wake UVLM,0.203125,0.2126242903571271,0.058878932807011515,-0.058878932807011515,0.351664898589928,0.09738141347765746,-0.09738141347765746
15.0,ptera_free_wake_uvlm,Ptera free-wake UVLM,0.2109375,0.23369978488056015,0.06240001115451532,-0.06240001115451532,0.3865222125490583,0.10320501744088456,-0.10320501744088456
15.0,ptera_free_wake_uvlm,Ptera free-wake UVLM,0.21875,0.2550334719153843,0.06508788895105273,-0.06508788895105273,0.42180655788443694,0.10765056912810628,-0.10765056912810628
15.0,ptera_free_wake_uvlm,Ptera free-wake UVLM,0.2265625,0.27655369267456953,0.06691327352436698,-0.06691327352436698,0.4573994162460125,0.11066962061927875,-0.11066962061927875
15.0,ptera_free_wake_uvlm,Ptera free-wake UVLM,0.234375,0.2982033431427057,0.06798283123190603,-0.06798283123190603,0.49320634180280976,0.11243859020467302,-0.11243859020467302
15.0,ptera_free_wake_uvlm,Ptera free-wake UVLM,0.2421875,0.31996152842383224,0.06829707401342389,-0.06829707401342389,0.5291927759375763,0.11295832459489477,-0.11295832459489477
15.0,ptera_free_wake_uvlm,Ptera free-wake UVLM,0.25,0.34180908795676673,0.06786423559309376,-0.06786423559309376,0.5653270284949031,0.11224244176262026,-0.11224244176262026
15.0,ptera_free_wake_uvlm,Ptera free-wake UVLM,0.2578125,0.3637462360679035,0.06645534539338929,-0.06645534539338929,0.6016094539548433,0.10991224125556041,-0.10991224125556041
15.0,ptera_free_wake_uvlm,Ptera free-wake UVLM,0.265625,0.38573230569138356,0.06441325321846032,-0.06441325321846032,0.6379727919890156,0.10653477137005724,-0.10653477137005724
15.0,ptera_free_wake_uvlm,Ptera free-wake UVLM,0.2734375,0.4077601363419823,0.061790052064421626,-0.061790052064421626,0.6744051996828304,0.10219619008065434,-0.10219619008065434
15.0,ptera_free_wake_uvlm,Ptera free-wake UVLM,0.28125,0.42982359843248796,0.05863956732245059,-0.05863956732245059,0.710896539150999,0.09698552061559233,-0.09698552061559233
15.0,ptera_free_wake_uvlm,Ptera free-wake UVLM,0.2890625,0.45192220780080006,0.05495834254741693,-0.05495834254741693,0.7474460096251068,0.09089704626948361,-0.09089704626948361
15.0,ptera_free_wake_uvlm,Ptera free-wake UVLM,0.296875,0.474042690914127,0.0508324256767097,-0.0508324256767097,0.784031657660628,0.0840730839861024,-0.0840730839861024
15.0,ptera_free_wake_uvlm,Ptera free-wake UVLM,0.3046875,0.49617798512741734,0.04641569880100786,-0.04641569880100786,0.8206418021634057,0.07676814339707419,-0.07676814339707419
15.0,ptera_free_wake_uvlm,Ptera free-wake UVLM,0.3125,0.5183198475921564,0.04175581718966097,-0.04175581718966097,0.8572628100697753,0.06906104280408473,-0.06906104280408473
15.0,ptera_free_wake_uvlm,Ptera free-wake UVLM,0.3203125,0.540458108454059,0.0368977016681767,-0.0368977016681767,0.8938778611906143,0.061026077940327085,-0.061026077940327085
15.0,ptera_free_wake_uvlm,Ptera free-wake UVLM,0.328125,0.5625771127867742,0.031857077913236574,-0.031857077913236574,0.9304610634320405,0.05268925791551385,-0.05268925791551385
15.0,ptera_free_wake_uvlm,Ptera free-wake UVLM,0.3359375,0.5846587552991964,0.026725801877597006,-0.026725801877597006,0.9669824719775421,0.044202505702588095,-0.044202505702588095
15.0,ptera_free_wake_uvlm,Ptera free-wake UVLM,0.34375,0.606689549559675,0.021535138440375395,-0.021535138440375395,1.003419781263579,0.03561753110632227,-0.03561753110632227
15.0,ptera_free_wake_uvlm,Ptera free-wake UVLM,0.3515625,0.6286537486095135,0.016306440020760773,-0.016306440020760773,1.0397469469815552,0.026969649453653616,-0.026969649453653616
15.0,ptera_free_wake_uvlm,Ptera free-wake UVLM,0.359375,0.6505207825404266,0.011058896589051424,-0.011058896589051424,1.0759134087572113,0.01829059954050029,-0.01829059954050029
15.0,ptera_free_wake_uvlm,Ptera free-wake UVLM,0.3671875,0.6722367752575666,0.005816625592050243,-0.005816625592050243,1.111830059502175,0.009620269845596049,-0.009620269845596049
15.0,ptera_free_wake_uvlm,Ptera free-wake UVLM,0.375,0.693799574073944,0.0005901774468193895,-0.0005901774468193895,1.1474933388308917,0.0009761099808361872,-0.0009761099808361872
15.0,ptera_free_wake_uvlm,Ptera free-wake UVLM,0.3828125,0.7151809659391701,-0.004615211501839944,0.004615211501839944,1.1828565844382826,-0.007633219525575293,0.007633219525575293
15.0,ptera_free_wake_uvlm,Ptera free-wake UVLM,0.390625,0.7363516463486319,-0.009795209753776664,0.009795209753776664,1.2178713288344587,-0.01620055469176775,0.01620055469176775
15.0,ptera_free_wake_uvlm,Ptera free-wake UVLM,0.3984375,0.7571972207064496,-0.014937068207103794,0.014937068207103794,1.2523483717926176,-0.024704809443263684,0.024704809443263684
15.0,ptera_free_wake_uvlm,Ptera free-wake UVLM,0.40625,0.7776915931333043,-0.020044133506425397,0.020044133506425397,1.2862445526525224,-0.03315151888347639,0.03315151888347639
15.0,ptera_free_wake_uvlm,Ptera free-wake UVLM,0.4140625,0.7978201603232636,-0.02511936256977156,0.02511936256977156,1.3195357186229222,-0.041545573536801925,0.041545573536801925
15.0,ptera_free_wake_uvlm,Ptera free-wake UVLM,0.421875,0.8175375174612926,-0.030162442107944134,0.030162442107944134,1.3521467734876325,-0.04988645524600666,0.04988645524600666
15.0,ptera_free_wake_uvlm,Ptera free-wake UVLM,0.4296875,0.8367653387162493,-0.03517134881670912,0.03517134881670912,1.383948172097229,-0.05817081761507409,0.05817081761507409
15.0,ptera_free_wake_uvlm,Ptera free-wake UVLM,0.4375,0.855252499034605,-0.04013569926612466,0.04013569926612466,1.4145245721296555,-0.06638148721649322,0.06638148721649322
15.0,ptera_free_wake_uvlm,Ptera free-wake UVLM,0.4453125,0.8730917895044005,-0.04506323337484268,0.04506323337484268,1.4440294432026637,-0.07453126530501841,0.07453126530501841
15.0,ptera_free_wake_uvlm,Ptera free-wake UVLM,0.453125,0.8902120799518092,-0.04995102102314995,0.04995102102314995,1.4723451412534638,-0.08261530567869374,0.08261530567869374
15.0,ptera_free_wake_uvlm,Ptera free-wake UVLM,0.4609375,0.9065407497469102,-0.0547952619016606,0.0547952619016606,1.499351557114784,-0.09062732290600733,0.09062732290600733
15.0,ptera_free_wake_uvlm,Ptera free-wake UVLM,0.46875,0.9217792728533566,-0.05957640233497878,0.05957640233497878,1.5245549507340546,-0.09853497664962715,0.09853497664962715
15.0,ptera_free_wake_uvlm,Ptera free-wake UVLM,0.4765625,0.9358138859583256,-0.06428317488726855,0.06428317488726855,1.5477671659801022,-0.10631963140147477,0.10631963140147477
15.0,ptera_free_wake_uvlm,Ptera free-wake UVLM,0.484375,0.9487036882090593,-0.06891204713905644,0.06891204713905644,1.5690859484848432,-0.11397544480020086,0.11397544480020086
15.0,ptera_free_wake_uvlm,Ptera free-wake UVLM,0.4921875,0.9603547652213822,-0.07345012039474098,0.07345012039474098,1.5883559707815438,-0.1214810833543543,0.1214810833543543
15.0,ptera_free_wake_uvlm,Ptera free-wake UVLM,0.5,0.9706702216550224,-0.0778834812113261,0.0778834812113261,1.605416975121885,-0.12881353525511477,0.12881353525511477
15.0,ptera_free_wake_uvlm,Ptera free-wake UVLM,0.5078125,0.9789123930527575,-0.08212976181011832,0.08212976181011832,1.619048918884646,-0.13583657026983736,0.13583657026983736
15.0,ptera_free_wake_uvlm,Ptera free-wake UVLM,0.515625,0.9854871603757799,-0.08620696551628647,0.08620696551628647,1.6299230992523714,-0.1425799645708923,0.1425799645708923
15.0,ptera_free_wake_uvlm,Ptera free-wake UVLM,0.5234375,0.9902981716610283,-0.09008817976758642,0.09008817976758642,1.6378801571825834,-0.14899920676470135,0.14899920676470135
15.0,ptera_free_wake_uvlm,Ptera free-wake UVLM,0.53125,0.9932481185638775,-0.09374550080298964,0.09374550080298964,1.6427591518482152,-0.1550481460879821,0.1550481460879821
15.0,ptera_free_wake_uvlm,Ptera free-wake UVLM,0.5390625,0.993879850396178,-0.09709760461420568,0.09709760461420568,1.6438039897186618,-0.16059227862737463,0.16059227862737463
15.0,ptera_free_wake_uvlm,Ptera free-wake UVLM,0.546875,0.9919069036169944,-0.10006122081506945,0.10006122081506945,1.640540881219348,-0.16549388130402898,0.16549388130402898
15.0,ptera_free_wake_uvlm,Ptera free-wake UVLM,0.5546875,0.9877004145491006,-0.10265503014027763,0.10265503014027763,1.6335836584627386,-0.16978385067572627,0.16978385067572627
15.0,ptera_free_wake_uvlm,Ptera free-wake UVLM,0.5625,0.9811971205262726,-0.10483916964788602,0.10483916964788602,1.6228276896635152,-0.17339625637574893,0.17339625637574893
15.0,ptera_free_wake_uvlm,Ptera free-wake UVLM,0.5703125,0.9723408256014029,-0.10657290668310933,0.10657290668310933,1.6081800308687193,-0.17626372959646777,0.17626372959646777
15.0,ptera_free_wake_uvlm,Ptera free-wake UVLM,0.578125,0.9602853611117372,-0.10761788113620709,0.10761788113620709,1.5882411815016406,-0.17799204029164029,0.17799204029164029
15.0,ptera_free_wake_uvlm,Ptera free-wake UVLM,0.5859375,0.9456817558681397,-0.10804636487743569,0.10804636487743569,1.5640878952124249,-0.1787007208057692,0.1787007208057692
15.0,ptera_free_wake_uvlm,Ptera free-wake UVLM,0.59375,0.9286964450776043,-0.10784740842388207,0.10784740842388207,1.5359954435614893,-0.17837166150146663,0.17837166150146663
15.0,ptera_free_wake_uvlm,Ptera free-wake UVLM,0.6015625,0.9093748616071192,-0.10698390352109075,0.10698390352109075,1.5040389691608813,-0.17694348806200694,0.17694348806200694
15.0,ptera_free_wake_uvlm,Ptera free-wake UVLM,0.609375,0.8875419820008172,-0.10533749346319762,0.10533749346319762,1.4679289961197934,-0.17422044722281613,0.17422044722281613
15.0,ptera_free_wake_uvlm,Ptera free-wake UVLM,0.6171875,0.8630391516122902,-0.10273712483322835,0.10273712483322835,1.4274031213513243,-0.16991962924468842,0.16991962924468842
15.0,ptera_free_wake_uvlm,Ptera free-wake UVLM,0.625,0.8366379070894704,-0.09937326801442048,0.09937326801442048,1.3837374095825932,-0.16435605809733642,0.16435605809733642
15.0,ptera_free_wake_uvlm,Ptera free-wake UVLM,0.6328125,0.8085044309749149,-0.09524554727355831,0.09524554727355831,1.3372067144856692,-0.1575291123457257,0.1575291123457257
15.0,ptera_free_wake_uvlm,Ptera free-wake UVLM,0.640625,0.7788165576383792,-0.09035960795685548,0.09035960795685548,1.2881051609956706,-0.14944812897623905,0.14944812897623905
15.0,ptera_free_wake_uvlm,Ptera free-wake UVLM,0.6484375,0.747505817029082,-0.08454477293597067,0.08454477293597067,1.2363195046971829,-0.13983082060332447,0.13983082060332447
15.0,ptera_free_wake_uvlm,Ptera free-wake UVLM,0.65625,0.7151592848099151,-0.07800178752800115,0.07800178752800115,1.1828207254491332,-0.12900920517968548,0.12900920517968548
15.0,ptera_free_wake_uvlm,Ptera free-wake UVLM,0.6640625,0.6821399016947972,-0.07087874862786633,0.07087874862786633,1.128209100431236,-0.1172282240497275,0.1172282240497275
15.0,ptera_free_wake_uvlm,Ptera free-wake UVLM,0.671875,0.6486609024346607,-0.06325097907159263,0.06325097907159263,1.072837304198861,-0.10461245563037665,0.10461245563037665
15.0,ptera_free_wake_uvlm,Ptera free-wake UVLM,0.6796875,0.6149363223372762,-0.05518832684972358,0.05518832684972358,1.01705933536936,-0.09127742334781318,0.09127742334781318
15.0,ptera_free_wake_uvlm,Ptera free-wake UVLM,0.6875,0.5812982486853266,-0.04680286658828164,0.04680286658828164,0.9614244418221334,-0.07740849036975654,0.07740849036975654
15.0,ptera_free_wake_uvlm,Ptera free-wake UVLM,0.6953125,0.5479922432008515,-0.03834863938550303,0.03834863938550303,0.9063387645391618,-0.0634258219411976,0.0634258219411976
15.0,ptera_free_wake_uvlm,Ptera free-wake UVLM,0.703125,0.5151442784981957,-0.029945684604003566,0.029945684604003566,0.8520106529360945,-0.04952795431690851,0.04952795431690851
15.0,ptera_free_wake_uvlm,Ptera free-wake UVLM,0.7109375,0.4828693040555024,-0.021713372416329976,0.021713372416329976,0.7986302249740839,-0.03591231696062928,0.03591231696062928
15.0,ptera_free_wake_uvlm,Ptera free-wake UVLM,0.71875,0.45145809243514035,-0.013882097830140567,0.013882097830140567,0.7466783970314345,-0.022959966227058138,0.022959966227058138
15.0,ptera_free_wake_uvlm,Ptera free-wake UVLM,0.7265625,0.42096132543863507,-0.006639489781672797,0.006639489781672797,0.6962389930708925,-0.010981226542081028,0.010981226542081028
15.0,ptera_free_wake_uvlm,Ptera free-wake UVLM,0.734375,0.3913079166712632,-8.590907923494793e-06,8.590907923494793e-06,0.647194441437077,-1.420872826259353e-05,1.420872826259353e-05
15.0,ptera_free_wake_uvlm,Ptera free-wake UVLM,0.7421875,0.3625030142982156,0.005934883064894674,-0.005934883064894674,0.5995532568156182,0.009815858986072368,-0.009815858986072368
15.0,ptera_free_wake_uvlm,Ptera free-wake UVLM,0.75,0.33452797220899777,0.011120052992463075,-0.011120052992463075,0.5532845999146124,0.01839174772243078,-0.01839174772243078
15.0,ptera_free_wake_uvlm,Ptera free-wake UVLM,0.7578125,0.30771197234582287,0.015168395127526211,-0.015168395127526211,0.5089329133945458,0.02508740711296,-0.02508740711296
15.0,ptera_free_wake_uvlm,Ptera free-wake UVLM,0.765625,0.28169039815216673,0.01837160965659222,-0.01837160965659222,0.46589514835560114,0.030385287757893675,-0.030385287757893675
15.0,ptera_free_wake_uvlm,Ptera free-wake UVLM,0.7734375,0.25643764735220254,0.020737634200930628,-0.020737634200930628,0.42412896052132176,0.03429851789753824,-0.03429851789753824
15.0,ptera_free_wake_uvlm,Ptera free-wake UVLM,0.78125,0.23192973820367316,0.022281718545438017,-0.022281718545438017,0.3835946858582865,0.036852319551683464,-0.036852319551683464
15.0,ptera_free_wake_uvlm,Ptera free-wake UVLM,0.7890625,0.20825941266009107,0.0229085168232012,-0.0229085168232012,0.3444457127193605,0.037888997686696665,-0.037888997686696665
15.0,ptera_free_wake_uvlm,Ptera free-wake UVLM,0.796875,0.1854294505328969,0.02265885354645747,-0.02265885354645747,0.3066866387076996,0.037476073035659634,-0.037476073035659634
15.0,ptera_free_wake_uvlm,Ptera free-wake UVLM,0.8046875,0.16327479240075146,0.021764722831841495,-0.021764722831841495,0.2700444677109168,0.03599724676160864,-0.03599724676160864
15.0,ptera_free_wake_uvlm,Ptera free-wake UVLM,0.8125,0.14179087285262673,0.020283859101255953,-0.020283859101255953,0.23451164887579817,0.03354800734137506,-0.03354800734137506
15.0,ptera_free_wake_uvlm,Ptera free-wake UVLM,0.8203125,0.1209753234997797,0.018275816640200677,-0.018275816640200677,0.20008426506199384,0.03022685317199395,-0.03022685317199395
15.0,ptera_free_wake_uvlm,Ptera free-wake UVLM,0.828125,0.10105709649513361,0.01569057005464734,-0.01569057005464734,0.1671409862488578,0.025951045940319873,-0.025951045940319873
15.0,ptera_free_wake_uvlm,Ptera free-wake UVLM,0.8359375,0.08186347455147444,0.012751484901413802,-0.012751484901413802,0.13539615077849185,0.021090015807671204,-0.021090015807671204
15.0,ptera_free_wake_uvlm,Ptera free-wake UVLM,0.84375,0.06337015082343254,0.009539039257122609,-0.009539039257122609,0.10480955692089795,0.015776867578803047,-0.015776867578803047
15.0,ptera_free_wake_uvlm,Ptera free-wake UVLM,0.8515625,0.04559203554331138,0.006108011695110719,-0.006108011695110719,0.07540586510091349,0.010102200974965914,-0.010102200974965914
15.0,ptera_free_wake_uvlm,Ptera free-wake UVLM,0.859375,0.02863169327416272,0.002503018444886043,-0.002503018444886043,0.047354709543320314,0.004139807950028343,-0.004139807950028343
15.0,ptera_free_wake_uvlm,Ptera free-wake UVLM,0.8671875,0.012643084398416275,-0.0012066408391757594,0.0012066408391757594,0.020910729368526858,-0.001995694977419994,0.001995694977419994
15.0,ptera_free_wake_uvlm,Ptera free-wake UVLM,0.875,-0.002556579185150379,-0.00493843756555805,0.00493843756555805,-0.004228393465172558,-0.008167811602182025,0.008167811602182025
15.0,ptera_free_wake_uvlm,Ptera free-wake UVLM,0.8828125,-0.016950577829443404,-0.008656740027030332,0.008656740027030332,-0.028035005894292867,-0.014317609707770386,0.014317609707770386
15.0,ptera_free_wake_uvlm,Ptera free-wake UVLM,0.890625,-0.030522792684353574,-0.012328025143765008,0.012328025143765008,-0.05048244852926232,-0.02038964459194436,0.02038964459194436
15.0,ptera_free_wake_uvlm,Ptera free-wake UVLM,0.8984375,-0.043014728586514214,-0.0158844080981371,0.0158844080981371,-0.07114318942978075,-0.026271639771778186,0.026271639771778186
15.0,ptera_free_wake_uvlm,Ptera free-wake UVLM,0.90625,-0.05453966508052204,-0.019295676652650872,0.019295676652650872,-0.09020458461004581,-0.031913626434126076,0.031913626434126076
15.0,ptera_free_wake_uvlm,Ptera free-wake UVLM,0.9140625,-0.06518046981410497,-0.022552482275052757,0.022552482275052757,-0.10780369104922803,-0.03730014279594624,0.03730014279594624
15.0,ptera_free_wake_uvlm,Ptera free-wake UVLM,0.921875,-0.0749251622824109,-0.025636160354167974,0.025636160354167974,-0.1239206938756738,-0.042400318966573904,0.042400318966573904
15.0,ptera_free_wake_uvlm,Ptera free-wake UVLM,0.9296875,-0.08370989764288057,-0.028517063106844535,0.028517063106844535,-0.13844999842733208,-0.047165119698728296,0.047165119698728296
15.0,ptera_free_wake_uvlm,Ptera free-wake UVLM,0.9375,-0.09126234661339071,-0.031110946842081367,0.031110946842081367,-0.15094119215152563,-0.051455212139126405,0.051455212139126405
15.0,ptera_free_wake_uvlm,Ptera free-wake UVLM,0.9453125,-0.09787948126485041,-0.033471182772007634,0.033471182772007634,-0.16188544495656962,-0.05535886833735156,0.05535886833735156
15.0,ptera_free_wake_uvlm,Ptera free-wake UVLM,0.953125,-0.10355516991064702,-0.03558731589165947,0.03558731589165947,-0.1712726154849211,-0.05885879648608392,0.05885879648608392
15.0,ptera_free_wake_uvlm,Ptera free-wake UVLM,0.9609375,-0.10828421033524466,-0.03744948595539083,0.03744948595539083,-0.1790940996556644,-0.06193868846606125,0.06193868846606125
15.0,ptera_free_wake_uvlm,Ptera free-wake UVLM,0.96875,-0.11185123006393793,-0.038986826259113476,0.038986826259113476,-0.1849936872759325,-0.0644813359740143,0.0644813359740143
15.0,ptera_free_wake_uvlm,Ptera free-wake UVLM,0.9765625,-0.11430464219878855,-0.04019882224619109,0.04019882224619109,-0.18905145004683888,-0.06648588797120696,0.06648588797120696
15.0,ptera_free_wake_uvlm,Ptera free-wake UVLM,0.984375,-0.115803731062825,-0.0411228483826503,0.0411228483826503,-0.19153083249398645,-0.06801415906867461,0.06801415906867461
15.0,ptera_free_wake_uvlm,Ptera free-wake UVLM,0.9921875,-0.11634960069318268,-0.041751981340056206,0.041751981340056206,-0.19243366061339193,-0.06905469859167138,0.06905469859167138
15.0,robofalcon2_coefficient_transfer,RoboFalcon2 S3-S4 coefficient transfer,0.0,0.7196102629363277,0.3504605265527612,-0.3504605265527612,1.1901823150813517,0.5796358700266364,-0.5796358700266364
15.0,robofalcon2_coefficient_transfer,RoboFalcon2 S3-S4 coefficient transfer,0.0078125,0.7181343786242202,0.3503604175131513,-0.3503604175131513,1.187741311252128,0.5794702970565716,-0.5794702970565716
15.0,robofalcon2_coefficient_transfer,RoboFalcon2 S3-S4 coefficient transfer,0.015625,0.7163097472809447,0.349696771316218,-0.349696771316218,1.1847235055479008,0.5783726751801992,-0.5783726751801992
15.0,robofalcon2_coefficient_transfer,RoboFalcon2 S3-S4 coefficient transfer,0.0234375,0.7141483163739655,0.34846149447889496,-0.34846149447889496,1.1811486581989206,0.5763296183732932,-0.5763296183732932
15.0,robofalcon2_coefficient_transfer,RoboFalcon2 S3-S4 coefficient transfer,0.03125,0.7116680958021991,0.3466450969072342,-0.3466450969072342,1.1770465562500516,0.5733254307202071,-0.5733254307202071
15.0,robofalcon2_coefficient_transfer,RoboFalcon2 S3-S4 coefficient transfer,0.0390625,0.7088932082440493,0.34423682141683526,-0.34423682141683526,1.1724570968327095,0.5693423206311139,-0.5693423206311139
15.0,robofalcon2_coefficient_transfer,RoboFalcon2 S3-S4 coefficient transfer,0.046875,0.7058539169696901,0.34122481300588253,-0.34122481300588253,1.1674303331643272,0.5643606808071285,-0.5643606808071285
15.0,robofalcon2_coefficient_transfer,RoboFalcon2 S3-S4 coefficient transfer,0.0546875,0.7025866128435566,0.3375963326835599,-0.3375963326835599,1.1620264530514326,0.558359441896739,-0.558359441896739
15.0,robofalcon2_coefficient_transfer,RoboFalcon2 S3-S4 coefficient transfer,0.0625,0.6991337366456564,0.3333380172457042,-0.3333380172457042,1.1563156504148255,0.5513165021455835,-0.5513165021455835
15.0,robofalcon2_coefficient_transfer,RoboFalcon2 S3-S4 coefficient transfer,0.0703125,0.6955425134599833,0.3284277634295008,-0.3284277634295008,1.150376032061333,0.5431953043867307,-0.5431953043867307
15.0,robofalcon2_coefficient_transfer,RoboFalcon2 S3-S4 coefficient transfer,0.078125,0.6918693661921883,0.3228600146508392,-0.3228600146508392,1.1443009173166094,0.5339866584397714,-0.5339866584397714
15.0,robofalcon2_coefficient_transfer,RoboFalcon2 S3-S4 coefficient transfer,0.0859375,0.688173390434354,0.31662157075580627,-0.31662157075580627,1.1381880459325988,0.5236687322234351,-0.5236687322234351
15.0,robofalcon2_coefficient_transfer,RoboFalcon2 S3-S4 coefficient transfer,0.09375,0.6845179391582489,0.30970009331034776,-0.30970009331034776,1.1321421990533322,0.5122211188775593,-0.5122211188775593
15.0,robofalcon2_coefficient_transfer,RoboFalcon2 S3-S4 coefficient transfer,0.1015625,0.6809695226717049,0.30208455031659964,-0.30208455031659964,1.1262733798238855,0.49962557229111115,-0.49962557229111115
15.0,robofalcon2_coefficient_transfer,RoboFalcon2 S3-S4 coefficient transfer,0.109375,0.677596303524973,0.29376567696343414,-0.29376567696343414,1.1206943240764702,0.48586676914961796,-0.48586676914961796
15.0,robofalcon2_coefficient_transfer,RoboFalcon2 S3-S4 coefficient transfer,0.1171875,0.6744661129639601,0.28473645346055476,-0.28473645346055476,1.1155172196903398,0.4709330992375272,-0.4709330992375272
15.0,robofalcon2_coefficient_transfer,RoboFalcon2 S3-S4 coefficient transfer,0.125,0.6716439326839946,0.27499261531758096,-0.27499261531758096,1.1108495415982007,0.4548175094021879,-0.4548175094021879
15.0,robofalcon2_coefficient_transfer,RoboFalcon2 S3-S4 coefficient transfer,0.1328125,0.6691941626788721,0.264524094361006,-0.264524094361006,1.1067978026413154,0.4375033476269875,-0.4375033476269875
15.0,robofalcon2_coefficient_transfer,RoboFalcon2 S3-S4 coefficient transfer,0.140625,0.6671619363497696,0.25334334863652086,-0.25334334863652086,1.10343665013736,0.4190112186009163,-0.4190112186009163
15.0,robofalcon2_coefficient_transfer,RoboFalcon2 S3-S4 coefficient transfer,0.1484375,0.6655827494049156,0.24145873456475642,-0.24145873456475642,1.1008247913705,0.3993549432275444,-0.3993549432275444
15.0,robofalcon2_coefficient_transfer,RoboFalcon2 S3-S4 coefficient transfer,0.15625,0.6644744323947833,0.22888501160944869,-0.22888501160944869,1.098991716756499,0.37855893257161544,-0.37855893257161544
15.0,robofalcon2_coefficient_transfer,RoboFalcon2 S3-S4 coefficient transfer,0.1640625,0.6638334606747722,0.21564516368129819,-0.21564516368129819,1.0979315967930738,0.35666120032673015,-0.35666120032673015
15.0,robofalcon2_coefficient_transfer,RoboFalcon2 S3-S4 coefficient transfer,0.171875,0.6636321615756114,0.20177275718080107,-0.20177275718080107,1.0975986629256698,0.3337172628443208,-0.3337172628443208
15.0,robofalcon2_coefficient_transfer,RoboFalcon2 S3-S4 coefficient transfer,0.1796875,0.6638174474681434,0.18731477104576297,-0.18731477104576297,1.0979051121300292,0.3098048198235682,-0.3098048198235682
15.0,robofalcon2_coefficient_transfer,RoboFalcon2 S3-S4 coefficient transfer,0.1875,0.6643116780900933,0.17233463896877899,-0.17233463896877899,1.098722533137084,0.2850287859147984,-0.2850287859147984
15.0,robofalcon2_coefficient_transfer,RoboFalcon2 S3-S4 coefficient transfer,0.1953125,0.6650173543069042,0.15691066121769306,-0.15691066121769306,1.0998896695672882,0.25951866398762546,-0.25951866398762546
15.0,robofalcon2_coefficient_transfer,RoboFalcon2 S3-S4 coefficient transfer,0.203125,0.6658163385148244,0.14115397429680043,-0.14115397429680043,1.1012111305348065,0.2334582656256035,-0.2334582656256035
15.0,robofalcon2_coefficient_transfer,RoboFalcon2 S3-S4 coefficient transfer,0.2109375,0.6665880620898842,0.12519013386050934,-0.12519013386050934,1.1024875044256117,0.2070552506233906,-0.2070552506233906
15.0,robofalcon2_coefficient_transfer,RoboFalcon2 S3-S4 coefficient transfer,0.21875,0.6672152809161902,0.10916340644634653,-0.10916340644634653,1.103524878116906,0.1805482251966926,-0.1805482251966926
15.0,robofalcon2_coefficient_transfer,RoboFalcon2 S3-S4 coefficient transfer,0.2265625,0.6675937556433118,0.0932317731971978,-0.0932317731971978,1.1041508474090718,0.15419847850724522,-0.15419847850724522
15.0,robofalcon2_coefficient_transfer,RoboFalcon2 S3-S4 coefficient transfer,0.234375,0.6676405269554304,0.0775595910792191,-0.0775595910792191,1.1042282037106752,0.1282778448583573,-0.1282778448583573
15.0,robofalcon2_coefficient_transfer,RoboFalcon2 S3-S4 coefficient transfer,0.2421875,0.6672995861055264,0.06230873211142851,-0.06230873211142851,1.103664312683901,0.1030540486339971,-0.1030540486339971
15.0,robofalcon2_coefficient_transfer,RoboFalcon2 S3-S4 coefficient transfer,0.25,0.6665442249049505,0.04762940107692114,-0.04762940107692114,1.1024150009540268,0.07877551747018935,-0.07877551747018935
15.0,robofalcon2_coefficient_transfer,RoboFalcon2 S3-S4 coefficient transfer,0.2578125,0.6995275017660221,0.03530212003492336,-0.03530212003492336,1.1569669088899937,0.05838710356770232,-0.05838710356770232
15.0,robofalcon2_coefficient_transfer,RoboFalcon2 S3-S4 coefficient transfer,0.265625,0.7380508025288979,0.022421905611722713,-0.022421905611722713,1.2206816078708662,0.037084178622751145,-0.037084178622751145
15.0,robofalcon2_coefficient_transfer,RoboFalcon2 S3-S4 coefficient transfer,0.2734375,0.7772505406908405,0.008802454433551746,-0.008802454433551746,1.2855150844332923,0.014558610592036132,-0.014558610592036132
15.0,robofalcon2_coefficient_transfer,RoboFalcon2 S3-S4 coefficient transfer,0.28125,0.8169591169841781,-0.0053996413213125,0.0053996413213125,1.351190141746324,-0.008930608607755882,0.008930608607755882
15.0,robofalcon2_coefficient_transfer,RoboFalcon2 S3-S4 coefficient transfer,0.2890625,0.8570335672276578,-0.020029471574411453,0.020029471574411453,1.4174703275955038,-0.033127269129009686,0.033127269129009686
15.0,robofalcon2_coefficient_transfer,RoboFalcon2 S3-S4 coefficient transfer,0.296875,0.8973563176634283,-0.03494124716572402,0.03494124716572402,1.4841611836545416,-0.05779024645068295,0.05779024645068295
15.0,robofalcon2_coefficient_transfer,RoboFalcon2 S3-S4 coefficient transfer,0.3046875,0.9378339368791397,-0.050003711578561205,0.050003711578561205,1.5511081812564915,-0.08270245197225325,0.08270245197225325
15.0,robofalcon2_coefficient_transfer,RoboFalcon2 S3-S4 coefficient transfer,0.3125,0.9783944915230756,-0.06510345723068144,0.06510345723068144,1.6181923479415554,-0.10767631791469906,0.10767631791469906
15.0,robofalcon2_coefficient_transfer,RoboFalcon2 S3-S4 coefficient transfer,0.3203125,1.018983950575215,-0.08014466476642977,0.08014466476642977,1.6853243203865473,-0.1325533661289211,0.1325533661289211
15.0,robofalcon2_coefficient_transfer,RoboFalcon2 S3-S4 coefficient transfer,0.328125,1.059562059254561,-0.09505262898622376,0.09505262898622376,1.7524375201518485,-0.1572100397231307,0.1572100397231307
15.0,robofalcon2_coefficient_transfer,RoboFalcon2 S3-S4 coefficient transfer,0.3359375,1.1000998337375907,-0.10977089192465786,0.10977089192465786,1.8194840101304484,-0.18155296138542434,0.18155296138542434
15.0,robofalcon2_coefficient_transfer,RoboFalcon2 S3-S4 coefficient transfer,0.34375,1.1405750022620422,-0.12425887583958994,0.12425887583958994,1.886426954469754,-0.20551501852226228,0.20551501852226228
15.0,robofalcon2_coefficient_transfer,RoboFalcon2 S3-S4 coefficient transfer,0.3515625,1.180968803403837,-0.13848953998964353,0.13848953998964353,1.953235323157696,-0.22905148774123255,0.22905148774123255
15.0,robofalcon2_coefficient_transfer,RoboFalcon2 S3-S4 coefficient transfer,0.359375,1.2212631717751492,-0.15244691931580207,0.15244691931580207,2.0198792373748455,-0.25213596401189103,0.25213596401189103
15.0,robofalcon2_coefficient_transfer,RoboFalcon2 S3-S4 coefficient transfer,0.3671875,1.2614382989132211,-0.16612371917646446,0.16612371917646446,2.086325935384361,-0.2747563825348933,0.2747563825348933
15.0,robofalcon2_coefficient_transfer,RoboFalcon2 S3-S4 coefficient transfer,0.375,1.3014705277093304,-0.179519073709099,0.179519073709099,2.1525362900727507,-0.2969113112374557,0.2969113112374557
15.0,robofalcon2_coefficient_transfer,RoboFalcon2 S3-S4 coefficient transfer,0.3828125,1.3413278719499413,-0.19263303821440947,0.19263303821440947,2.2184573986013016,-0.31860084158286445,0.31860084158286445
15.0,robofalcon2_coefficient_transfer,RoboFalcon2 S3-S4 coefficient transfer,0.390625,1.3809752778396813,-0.20547544921335356,0.20547544921335356,2.2840312845771273,-0.33984124245149677,0.33984124245149677
15.0,robofalcon2_coefficient_transfer,RoboFalcon2 S3-S4 coefficient transfer,0.3984375,1.4203670862460092,-0.21805354610038605,0.21805354610038605,2.34918243116164,-0.36064448726799053,0.36064448726799053
15.0,robofalcon2_coefficient_transfer,RoboFalcon2 S3-S4 coefficient transfer,0.40625,1.4594475830986617,-0.2303742599448735,0.2303742599448735,2.413818691390651,-0.3810220395100219,0.3810220395100219
15.0,robofalcon2_coefficient_transfer,RoboFalcon2 S3-S4 coefficient transfer,0.4140625,1.4981497961056338,-0.24244307263541684,0.24244307263541684,2.4778292980313257,-0.4009829658171346,0.4009829658171346
15.0,robofalcon2_coefficient_transfer,RoboFalcon2 S3-S4 coefficient transfer,0.421875,1.5363943610024662,-0.2542630293012725,0.2542630293012725,2.541082988442101,-0.42053230260858904,0.42053230260858904
15.0,robofalcon2_coefficient_transfer,RoboFalcon2 S3-S4 coefficient transfer,0.4296875,1.574088443181512,-0.26583387364811606,0.26583387364811606,2.603426221027005,-0.4396696259924702,0.4396696259924702
15.0,robofalcon2_coefficient_transfer,RoboFalcon2 S3-S4 coefficient transfer,0.4375,1.6111247095169576,-0.2771512779037152,0.2771512779037152,2.664681474710054,-0.45838777815261017,0.45838777815261017
15.0,robofalcon2_coefficient_transfer,RoboFalcon2 S3-S4 coefficient transfer,0.4453125,1.6473686303680157,-0.28820260428936706,0.28820260428936706,2.724626247384807,-0.47666585713486975,0.47666585713486975
15.0,robofalcon2_coefficient_transfer,RoboFalcon2 S3-S4 coefficient transfer,0.453125,1.6826889368190823,-0.2989763839307501,0.2989763839307501,2.783043429943851,-0.49448489426676817,0.49448489426676817
15.0,robofalcon2_coefficient_transfer,RoboFalcon2 S3-S4 coefficient transfer,0.4609375,1.71692869531697,-0.30945185396799096,0.30945185396799096,2.8396734658615688,-0.5118105493090057,0.5118105493090057
15.0,robofalcon2_coefficient_transfer,RoboFalcon2 S3-S4 coefficient transfer,0.46875,1.7499131708806983,-0.31960163306965605,0.31960163306965605,2.894227356363344,-0.528597535558329,0.528597535558329
15.0,robofalcon2_coefficient_transfer,RoboFalcon2 S3-S4 coefficient transfer,0.4765625,1.7814493994664962,-0.3293911735424866,0.3293911735424866,2.946385953148811,-0.5447887136774312,0.5447887136774312
15.0,robofalcon2_coefficient_transfer,RoboFalcon2 S3-S4 coefficient transfer,0.484375,1.8113260283368695,-0.33877824233029913,0.33877824233029913,2.9957996943740577,-0.5603142333054012,0.5603142333054012
15.0,robofalcon2_coefficient_transfer,RoboFalcon2 S3-S4 coefficient transfer,0.4921875,1.8393134992688995,-0.34771243777953864,0.34771243777953864,3.0420889076646453,-0.5750907338235797,0.5750907338235797
15.0,robofalcon2_coefficient_transfer,RoboFalcon2 S3-S4 coefficient transfer,0.5,1.865164664251082,-0.3561347570151638,0.3561347570151638,3.0848448284327823,-0.589020628827172,0.589020628827172
15.0,robofalcon2_coefficient_transfer,RoboFalcon2 S3-S4 coefficient transfer,0.5078125,1.888581697549306,-0.36396884563680654,0.36396884563680654,3.1235748748741616,-0.6019776337678926,0.6019776337678926
15.0,robofalcon2_coefficient_transfer,RoboFalcon2 S3-S4 coefficient transfer,0.515625,1.909313414705473,-0.3711437759420022,0.3711437759420022,3.1578636064159493,-0.6138444394556551,0.6138444394556551
15.0,robofalcon2_coefficient_transfer,RoboFalcon2 S3-S4 coefficient transfer,0.5234375,1.9270691087921197,-0.377572678899434,0.377572678899434,3.1872302152351333,-0.6244773709178717,0.6244773709178717
15.0,robofalcon2_coefficient_transfer,RoboFalcon2 S3-S4 coefficient transfer,0.53125,1.941549515980584,-0.3831594075462841,0.3831594075462841,3.2111797410250564,-0.633717408167351,0.633717408167351
15.0,robofalcon2_coefficient_transfer,RoboFalcon2 S3-S4 coefficient transfer,0.5390625,1.952451192048203,-0.3877988421873598,0.3877988421873598,3.2292103094156213,-0.6413906909791509,0.6413906909791509
15.0,robofalcon2_coefficient_transfer,RoboFalcon2 S3-S4 coefficient transfer,0.546875,1.9594719041412088,-0.39137749291094215,0.39137749291094215,3.240822049551563,-0.6473095154073646,0.6473095154073646
15.0,robofalcon2_coefficient_transfer,RoboFalcon2 S3-S4 coefficient transfer,0.5546875,1.962317063082708,-0.39377446390258136,0.39377446390258136,3.245527732655568,-0.6512739286890362,0.6512739286890362
15.0,robofalcon2_coefficient_transfer,RoboFalcon2 S3-S4 coefficient transfer,0.5625,1.960707162563412,-0.3948628454256937,0.3948628454256937,3.2428650759012188,-0.6530740314774316,0.6530740314774316
15.0,robofalcon2_coefficient_transfer,RoboFalcon2 S3-S4 coefficient transfer,0.5703125,1.9543228876979213,-0.39449148517497656,0.39449148517497656,3.2323059560124605,-0.6524598290046595,0.6524598290046595
15.0,robofalcon2_coefficient_transfer,RoboFalcon2 S3-S4 coefficient transfer,0.578125,1.9429993462400552,-0.39254453413277496,0.39254453413277496,3.213577653372292,-0.6492397155375415,0.6492397155375415
15.0,robofalcon2_coefficient_transfer,RoboFalcon2 S3-S4 coefficient transfer,0.5859375,1.926556736756905,-0.388890827776688,0.388890827776688,3.186382789668179,-0.6431967546273247,0.6431967546273247
15.0,robofalcon2_coefficient_transfer,RoboFalcon2 S3-S4 coefficient transfer,0.59375,1.9048671292241612,-0.3834044819335933,0.3834044819335933,3.150509778072719,-0.6341227431336209,0.6341227431336209
15.0,robofalcon2_coefficient_transfer,RoboFalcon2 S3-S4 coefficient transfer,0.6015625,1.8778634127512943,-0.37596930348190394,0.37596930348190394,3.1058476221213374,-0.6218255062007209,0.6218255062007209
15.0,robofalcon2_coefficient_transfer,RoboFalcon2 S3-S4 coefficient transfer,0.609375,1.8455471413162796,-0.3664838682492487,0.3664838682492487,3.0523988919790237,-0.6061372957259423,0.6061372957259423
15.0,robofalcon2_coefficient_transfer,RoboFalcon2 S3-S4 coefficient transfer,0.6171875,1.8079946731829544,-0.35486724216917115,0.35486724216917115,2.990289878583957,-0.586924252730967,0.586924252730967
15.0,robofalcon2_coefficient_transfer,RoboFalcon2 S3-S4 coefficient transfer,0.625,1.7653610378875975,-0.3410652953895274,0.3410652953895274,2.9197769893581795,-0.564096850431565,0.564096850431565
15.0,robofalcon2_coefficient_transfer,RoboFalcon2 S3-S4 coefficient transfer,0.6328125,1.7178227939297057,-0.32502945249637366,0.32502945249637366,2.8411522390414765,-0.5375747486747378,0.5375747486747378
15.0,robofalcon2_coefficient_transfer,RoboFalcon2 S3-S4 coefficient transfer,0.640625,1.6657606263577667,-0.3068097599540075,0.3068097599540075,2.7550452526345772,-0.5074407206223022,0.5074407206223022
15.0,robofalcon2_coefficient_transfer,RoboFalcon2 S3-S4 coefficient transfer,0.6484375,1.6095632061313963,-0.2864767323251696,0.2864767323251696,2.6620988632463822,-0.47381139216170376,0.47381139216170376
15.0,robofalcon2_coefficient_transfer,RoboFalcon2 S3-S4 coefficient transfer,0.65625,1.5496850523085945,-0.264156579304778,0.264156579304778,2.563064811885271,-0.43689550482237843,0.43689550482237843
15.0,robofalcon2_coefficient_transfer,RoboFalcon2 S3-S4 coefficient transfer,0.6640625,1.4866375896352708,-0.24003755330582738,0.24003755330582738,2.458788957371532,-0.39700441421479726,0.39700441421479726
15.0,robofalcon2_coefficient_transfer,RoboFalcon2 S3-S4 coefficient transfer,0.671875,1.4209794095443447,-0.2143746093408914,0.2143746093408914,2.3501951687479794,-0.35455979713087854,0.35455979713087854
15.0,robofalcon2_coefficient_transfer,RoboFalcon2 S3-S4 coefficient transfer,0.6796875,1.3533066201890878,-0.18749116767598978,0.18749116767598978,2.238269364946625,-0.3100965668435165,0.3100965668435165
15.0,robofalcon2_coefficient_transfer,RoboFalcon2 S3-S4 coefficient transfer,0.6875,1.2842438719331848,-0.15977650740590654,0.15977650740590654,2.1240446716109713,-0.2642585622723401,0.2642585622723401
15.0,robofalcon2_coefficient_transfer,RoboFalcon2 S3-S4 coefficient transfer,0.6953125,1.2144347513072753,-0.13167844093710968,0.13167844093710968,2.008585533408422,-0.21778643211860252,0.21778643211860252
15.0,robofalcon2_coefficient_transfer,RoboFalcon2 S3-S4 coefficient transfer,0.703125,1.1445539148892698,-0.10369694894738808,0.10369694894738808,1.8930077825736455,-0.1715071075577411,0.1715071075577411
15.0,robofalcon2_coefficient_transfer,RoboFalcon2 S3-S4 coefficient transfer,0.7109375,1.0752607919382577,-0.07633952387325903,0.07633952387325903,1.778402066478752,-0.12625994366025714,0.12625994366025714
15.0,robofalcon2_coefficient_transfer,RoboFalcon2 S3-S4 coefficient transfer,0.71875,1.0072049128788185,-0.05010274346527528,0.05010274346527528,1.665842660553455,-0.08286624341085126,0.08286624341085126
15.0,robofalcon2_coefficient_transfer,RoboFalcon2 S3-S4 coefficient transfer,0.7265625,0.9410102230020251,-0.025440543213476288,0.025440543213476288,1.5563615243031441,-0.04207678263952373,0.04207678263952373
15.0,robofalcon2_coefficient_transfer,RoboFalcon2 S3-S4 coefficient transfer,0.734375,0.877255944459376,-0.0027339130047500087,0.0027339130047500087,1.450916648457974,-0.004521690527240697,0.004521690527240697
15.0,robofalcon2_coefficient_transfer,RoboFalcon2 S3-S4 coefficient transfer,0.7421875,0.8164554897049617,0.017733295680652905,-0.017733295680652905,1.3503571793610043,0.0293295635071968,-0.0293295635071968
15.0,robofalcon2_coefficient_transfer,RoboFalcon2 S3-S4 coefficient transfer,0.75,0.7590361175524766,0.035788567759372704,-0.035788567759372704,1.2553897715865419,0.0591916522361562,-0.0591916522361562
15.0,robofalcon2_coefficient_transfer,RoboFalcon2 S3-S4 coefficient transfer,0.7578125,0.7252089243850737,0.052826878749639566,-0.052826878749639566,1.1994420883053127,0.08737176230952538,-0.08737176230952538
15.0,robofalcon2_coefficient_transfer,RoboFalcon2 S3-S4 coefficient transfer,0.765625,0.7254901119772413,0.07170475318389433,-0.07170475318389433,1.1999071518496438,0.11859437468069499,-0.11859437468069499
15.0,robofalcon2_coefficient_transfer,RoboFalcon2 S3-S4 coefficient transfer,0.7734375,0.724669027864361,0.09052864672935597,-0.09052864672935597,1.198549139268838,0.14972770664203305,-0.14972770664203305
15.0,robofalcon2_coefficient_transfer,RoboFalcon2 S3-S4 coefficient transfer,0.78125,0.7230285455950122,0.10905386472889836,-0.10905386472889836,1.1958359025548193,0.18036705127299332,-0.18036705127299332
15.0,robofalcon2_coefficient_transfer,RoboFalcon2 S3-S4 coefficient transfer,0.7890625,0.7208501305060339,0.12708715522705943,-0.12708715522705943,1.192232964621126,0.21019278408850067,-0.21019278408850067
15.0,robofalcon2_coefficient_transfer,RoboFalcon2 S3-S4 coefficient transfer,0.796875,0.7183948807658519,0.14448695608614742,-0.14448695608614742,1.1881721625864958,0.23897077175076972,-0.23897077175076972
15.0,robofalcon2_coefficient_transfer,RoboFalcon2 S3-S4 coefficient transfer,0.8046875,0.7158899911963816,0.16115855953710134,-0.16115855953710134,1.184029259934371,0.2665443745929658,-0.2665443745929658
15.0,robofalcon2_coefficient_transfer,RoboFalcon2 S3-S4 coefficient transfer,0.8125,0.7135209164045778,0.17704629903165403,-0.17704629903165403,1.1801109849103257,0.2928215242487779,-0.2928215242487779
15.0,robofalcon2_coefficient_transfer,RoboFalcon2 S3-S4 coefficient transfer,0.8203125,0.711433437994656,0.1921142317210732,-0.1921142317210732,1.1766584495386576,0.3177427738966163,-0.3177427738966163
15.0,robofalcon2_coefficient_transfer,RoboFalcon2 S3-S4 coefficient transfer,0.828125,0.7097219286714409,0.20636919301790319,-0.20636919301790319,1.17382773931466,0.34131942880482646,-0.34131942880482646
15.0,robofalcon2_coefficient_transfer,RoboFalcon2 S3-S4 coefficient transfer,0.8359375,0.7084435894505159,0.21982194675745184,-0.21982194675745184,1.1717134605004424,0.36356929156334583,-0.36356929156334583
15.0,robofalcon2_coefficient_transfer,RoboFalcon2 S3-S4 coefficient transfer,0.84375,0.707622094809295,0.23249160977980707,-0.23249160977980707,1.1703547689360314,0.3845239800161168,-0.3845239800161168
15.0,robofalcon2_coefficient_transfer,RoboFalcon2 S3-S4 coefficient transfer,0.8515625,0.7072536817590538,0.2444015165883429,-0.2444015165883429,1.1697454409155372,0.40422208771117135,-0.40422208771117135
15.0,robofalcon2_coefficient_transfer,RoboFalcon2 S3-S4 coefficient transfer,0.859375,0.7073131399514031,0.25557641923245633,-0.25557641923245633,1.1698437803815867,0.42270455271314217,-0.42270455271314217
15.0,robofalcon2_coefficient_transfer,RoboFalcon2 S3-S4 coefficient transfer,0.8671875,0.7077592977137577,0.26604073576699366,-0.26604073576699366,1.17058169242348,0.44001176068430153,-0.44001176068430153
15.0,robofalcon2_coefficient_transfer,RoboFalcon2 S3-S4 coefficient transfer,0.875,0.7085397964308561,0.27581755847024797,-0.27581755847024797,1.1718725797521898,0.4561819045502579,-0.4561819045502579
15.0,robofalcon2_coefficient_transfer,RoboFalcon2 S3-S4 coefficient transfer,0.8828125,0.709597816449384,0.2849198755008481,-0.2849198755008481,1.173622466850681,0.4712364657677132,-0.4712364657677132
15.0,robofalcon2_coefficient_transfer,RoboFalcon2 S3-S4 coefficient transfer,0.890625,0.7108655198235577,0.2933757291263759,-0.2933757291263759,1.1757191547585963,0.48522182417957654,-0.48522182417957654
15.0,robofalcon2_coefficient_transfer,RoboFalcon2 S3-S4 coefficient transfer,0.8984375,0.7122780306628635,0.30120240628278017,-0.30120240628278017,1.1780553435365924,0.4981665711032704,-0.4981665711032704
15.0,robofalcon2_coefficient_transfer,RoboFalcon2 S3-S4 coefficient transfer,0.90625,0.7137711231164161,0.3084153313252564,-0.3084153313252564,1.1805248083629394,0.5100962172849872,-0.5100962172849872
15.0,robofalcon2_coefficient_transfer,RoboFalcon2 S3-S4 coefficient transfer,0.9140625,0.7152826910596276,0.3150281807630836,-0.3150281807630836,1.1830248302869089,0.5210333826626494,-0.5210333826626494
15.0,robofalcon2_coefficient_transfer,RoboFalcon2 S3-S4 coefficient transfer,0.921875,0.7167538362413682,0.3210529881157145,-0.3210529881157145,1.1854579959439415,0.530997969790151,-0.530997969790151
15.0,robofalcon2_coefficient_transfer,RoboFalcon2 S3-S4 coefficient transfer,0.9296875,0.718129659092629,0.3265002235775637,-0.3265002235775637,1.1877335054948666,0.5400072955970435,-0.5400072955970435
15.0,robofalcon2_coefficient_transfer,RoboFalcon2 S3-S4 coefficient transfer,0.9375,0.7193598223058836,0.33137884561161657,-0.33137884561161657,1.1897681047446118,0.5480761767205604,-0.5480761767205604
15.0,robofalcon2_coefficient_transfer,RoboFalcon2 S3-S4 coefficient transfer,0.9453125,0.7203959889332939,0.33568920698606114,-0.33568920698606114,1.1914818479455345,0.5552051966132736,-0.5552051966132736
15.0,robofalcon2_coefficient_transfer,RoboFalcon2 S3-S4 coefficient transfer,0.953125,0.7212001024994781,0.33944452259727115,-0.33944452259727115,1.1928117924934127,0.5614162117393969,-0.5614162117393969
15.0,robofalcon2_coefficient_transfer,RoboFalcon2 S3-S4 coefficient transfer,0.9609375,0.7217376251813871,0.34264922381310353,-0.34264922381310353,1.1937008153755388,0.5667165512546226,-0.5667165512546226
15.0,robofalcon2_coefficient_transfer,RoboFalcon2 S3-S4 coefficient transfer,0.96875,0.721979565534181,0.3453062180083244,-0.3453062180083244,1.1941009668798057,0.5711110237424414,-0.5711110237424414
15.0,robofalcon2_coefficient_transfer,RoboFalcon2 S3-S4 coefficient transfer,0.9765625,0.7219025671229139,0.3474168616527474,-0.3474168616527474,1.1939736171849784,0.5746018727039067,-0.5746018727039067
15.0,robofalcon2_coefficient_transfer,RoboFalcon2 S3-S4 coefficient transfer,0.984375,0.7214889763258028,0.348980935572927,-0.348980935572927,1.193289568502302,0.5771887356423004,-0.5771887356423004
15.0,robofalcon2_coefficient_transfer,RoboFalcon2 S3-S4 coefficient transfer,0.9921875,0.7207269004214834,0.3499966273221948,-0.3499966273221948,1.192029151147539,0.578868614904472,-0.578868614904472
20.0,fluxv_uvpm,FluxV current load channel,0.0,0.03525869427754511,0.006533143358268389,-0.006533143358268389,0.05831528056695784,0.010805337399127991,-0.010805337399127991
20.0,fluxv_uvpm,FluxV current load channel,0.0078125,0.035695013741027105,0.006817703865061717,-0.006817703865061717,0.05903692078793396,0.011275979495551194,-0.011275979495551194
20.0,fluxv_uvpm,FluxV current load channel,0.015625,0.03692933264159764,0.0074011522178862275,-0.0074011522178862275,0.06107839323808395,0.012240960051083544,-0.012240960051083544
20.0,fluxv_uvpm,FluxV current load channel,0.0234375,0.03896025164813645,0.008289858014942805,-0.008289858014942805,0.06443738352691333,0.013710813911492708,-0.013710813911492708
20.0,fluxv_uvpm,FluxV current load channel,0.03125,0.04178639120236604,0.009490082679141346,-0.009490082679141346,0.0691116099667516,0.015695897008591274,-0.015695897008591274
20.0,fluxv_uvpm,FluxV current load channel,0.0390625,0.04553829100664863,0.011062762194138157,-0.011062762194138157,0.07531697560007836,0.018296992966286833,-0.018296992966286833
20.0,fluxv_uvpm,FluxV current load channel,0.046875,0.05025649514121143,0.013036303307170132,-0.013036303307170132,0.08312053734610815,0.021561084449963266,-0.021561084449963266
20.0,fluxv_uvpm,FluxV current load channel,0.0546875,0.05576246047744048,0.015343599364772073,-0.015343599364772073,0.09222699803483042,0.025377182002837846,-0.025377182002837846
20.0,fluxv_uvpm,FluxV current load channel,0.0625,0.06205385482923137,0.017987682250670066,-0.017987682250670066,0.10263250040239012,0.029750300137040307,-0.029750300137040307
20.0,fluxv_uvpm,FluxV current load channel,0.0703125,0.06912821976373214,0.02097091336962913,-0.02097091336962913,0.11433297838212046,0.03468434444193593,-0.03468434444193593
20.0,fluxv_uvpm,FluxV current load channel,0.078125,0.07724074148769415,0.024406701817987916,-0.024406701817987916,0.1277504911440628,0.04036688520075116,-0.04036688520075116
20.0,fluxv_uvpm,FluxV current load channel,0.0859375,0.08616937646956435,0.028195262192994876,-0.028195262192994876,0.14251779505920845,0.04663288471492183,-0.04663288471492183
20.0,fluxv_uvpm,FluxV current load channel,0.09375,0.09586675209032589,0.03230962065850351,-0.03230962065850351,0.15855653930868097,0.05343773024835318,-0.05343773024835318
20.0,fluxv_uvpm,FluxV current load channel,0.1015625,0.1063283654300519,0.036739408013695636,-0.036739408013695636,0.1758592763949401,0.06076427190745561,-0.06076427190745561
20.0,fluxv_uvpm,FluxV current load channel,0.109375,0.11763250677389335,0.04150185973331722,-0.04150185973331722,0.1945554926769617,0.06864101589661675,-0.06864101589661675
20.0,fluxv_uvpm,FluxV current load channel,0.1171875,0.12989217117340668,0.04660324452615421,-0.04660324452615421,0.21483207363843176,0.07707833019795093,-0.07707833019795093
20.0,fluxv_uvpm,FluxV current load channel,0.125,0.14288772218144877,0.05192684394498681,-0.05192684394498681,0.23632575679047135,0.08588317110588632,-0.08588317110588632
20.0,fluxv_uvpm,FluxV current load channel,0.1328125,0.1566091101956806,0.057434960874575926,-0.057434960874575926,0.25901992083181014,0.09499319037138033,-0.09499319037138033
20.0,fluxv_uvpm,FluxV current load channel,0.140625,0.17104536769688758,0.06308616830750514,-0.06308616830750514,0.28289642629434736,0.10433987077874936,-0.10433987077874936
20.0,fluxv_uvpm,FluxV current load channel,0.1484375,0.18637046289194828,0.06882709365689059,-0.06882709365689059,0.30824300376487085,0.11383493800466712,-0.11383493800466712
20.0,fluxv_uvpm,FluxV current load channel,0.15625,0.20243853000356984,0.07453592891921745,-0.07453592891921745,0.33481840200302027,0.12327693059272368,-0.12327693059272368
20.0,fluxv_uvpm,FluxV current load channel,0.1640625,0.21915173521567724,0.0801335621002961,-0.0801335621002961,0.3624608110906957,0.1325350031377811,-0.1325350031377811
20.0,fluxv_uvpm,FluxV current load channel,0.171875,0.23648841833178436,0.08554694186761594,-0.08554694186761594,0.39113440666000443,0.14148833412224118,-0.14148833412224118
20.0,fluxv_uvpm,FluxV current load channel,0.1796875,0.2544566008661113,0.09067845428062579,-0.09067845428062579,0.4208524557040073,0.14997547728590832,-0.14997547728590832
20.0,fluxv_uvpm,FluxV current load channel,0.1875,0.27316647181304843,0.09528425668157238,-0.09528425668157238,0.4517972026947395,0.15759313485237758,-0.15759313485237758
20.0,fluxv_uvpm,FluxV current load channel,0.1953125,0.29239038861531247,0.09938118620378575,-0.09938118620378575,0.48359214362747377,0.164369154198706,-0.164369154198706
20.0,fluxv_uvpm,FluxV current load channel,0.203125,0.312100551705554,0.10290389960090958,-0.10290389960090958,0.5161913000675902,0.17019546241344574,-0.17019546241344574
20.0,fluxv_uvpm,FluxV current load channel,0.2109375,0.33226930115116393,0.10579213789548456,-0.10579213789548456,0.5495489245260337,0.1749723955910205,-0.1749723955910205
20.0,fluxv_uvpm,FluxV current load channel,0.21875,0.35295327927559855,0.10782315909141346,-0.10782315909141346,0.58375869922933,0.17833155489356628,-0.17833155489356628
20.0,fluxv_uvpm,FluxV current load channel,0.2265625,0.3740805867023185,0.10898009011620878,-0.10898009011620878,0.618701707910119,0.18024503350330945,-0.18024503350330945
20.0,fluxv_uvpm,FluxV current load channel,0.234375,0.3955587137597912,0.10937857959180389,-0.10937857959180389,0.6542249463928033,0.1809041057136808,-0.1809041057136808
20.0,fluxv_uvpm,FluxV current load channel,0.2421875,0.41736643729870093,0.10902513971322861,-0.10902513971322861,0.6902933131532843,0.18031954221508875,-0.18031954221508875
20.0,fluxv_uvpm,FluxV current load channel,0.25,0.4394835064948045,0.10793414415135275,-0.10793414415135275,0.7268733148214402,0.1785151159993223,-0.1785151159993223
20.0,fluxv_uvpm,FluxV current load channel,0.2578125,0.46198943828116756,0.1058941320938778,-0.1058941320938778,0.7640964665414521,0.1751410864747125,-0.1751410864747125
20.0,fluxv_uvpm,FluxV current load channel,0.265625,0.4847483864274284,0.10324815980363138,-0.10324815980363138,0.8017380886648013,0.17076484340503126,-0.17076484340503126
20.0,fluxv_uvpm,FluxV current load channel,0.2734375,0.5077443519415828,0.10005207422565975,-0.10005207422565975,0.8397717200383841,0.16547875351956087,-0.16547875351956087
20.0,fluxv_uvpm,FluxV current load channel,0.28125,0.5309612436323871,0.0963628797479071,-0.0963628797479071,0.8781707470183527,0.1593770978727938,-0.1593770978727938
20.0,fluxv_uvpm,FluxV current load channel,0.2890625,0.5544117499700167,0.09218604203064534,-0.09218604203064534,0.9169561553988048,0.15246891626381423,-0.15246891626381423
20.0,fluxv_uvpm,FluxV current load channel,0.296875,0.5780725049750827,0.08761345785623924,-0.08761345785623924,0.9560892995727002,0.14490619919472686,-0.14490619919472686
20.0,fluxv_uvpm,FluxV current load channel,0.3046875,0.6018797954365782,0.08278884520662924,-0.08278884520662924,0.9954648025868701,0.13692664561074513,-0.13692664561074513
20.0,fluxv_uvpm,FluxV current load channel,0.3125,0.6258137515378962,0.07775971772775331,-0.07775971772775331,1.0350498012297293,0.1286088395788745,-0.1286088395788745
20.0,fluxv_uvpm,FluxV current load channel,0.3203125,0.6498539228180242,0.0725709509401956,-0.0725709509401956,1.0748104719466596,0.12002700190130501,-0.12002700190130501
20.0,fluxv_uvpm,FluxV current load channel,0.328125,0.673990727000958,0.06724695336302981,-0.06724695336302981,1.1147309663596905,0.11122150246884438,-0.11122150246884438
20.0,fluxv_uvpm,FluxV current load channel,0.3359375,0.6981633291510891,0.06186707268972072,-0.06186707268972072,1.154710667970935,0.10232357651585253,-0.10232357651585253
20.0,fluxv_uvpm,FluxV current load channel,0.34375,0.7223424157015325,0.056458563719869036,-0.056458563719869036,1.1947010943021743,0.09337830147126093,-0.09337830147126093
20.0,fluxv_uvpm,FluxV current load channel,0.3515625,0.7465020523708377,0.05104079695659334,-0.05104079695659334,1.234659351964131,0.08441771471896108,-0.08441771471896108
20.0,fluxv_uvpm,FluxV current load channel,0.359375,0.7706047771395254,0.04563358336605737,-0.04563358336605737,1.2745234815388136,0.07547458213624403,-0.07547458213624403
20.0,fluxv_uvpm,FluxV current load channel,0.3671875,0.7945810681766914,0.040260440542202666,-0.040260440542202666,1.314178499044037,0.06658780008944047,-0.06658780008944047
20.0,fluxv_uvpm,FluxV current load channel,0.375,0.8184124469589394,0.03492319310718915,-0.03492319310718915,1.353593842364601,0.057760386369066045,-0.057760386369066045
20.0,fluxv_uvpm,FluxV current load channel,0.3828125,0.8420648856482172,0.029625647490353246,-0.029625647490353246,1.3927132319653788,0.04899863652857953,-0.04899863652857953
20.0,fluxv_uvpm,FluxV current load channel,0.390625,0.8655031032370277,0.02437063507721901,-0.02437063507721901,1.431478315661384,0.04030723347086807,-0.04030723347086807
20.0,fluxv_uvpm,FluxV current load channel,0.3984375,0.8885960517600406,0.01917179909557102,-0.01917179909557102,1.4696723497806636,0.03170874208871623,-0.03170874208871623
20.0,fluxv_uvpm,FluxV current load channel,0.40625,0.9113109031508965,0.014021241563566943,-0.014021241563566943,1.5072410391220075,0.023190099702507364,-0.023190099702507364
20.0,fluxv_uvpm,FluxV current load channel,0.4140625,0.9336287449204682,0.008912976998446724,-0.008912976998446724,1.5441531038228946,0.014741406765090536,-0.014741406765090536
20.0,fluxv_uvpm,FluxV current load channel,0.421875,0.9554983498328382,0.0038460187775061997,-0.0038460187775061997,1.5803238178123116,0.006361031475260798,-0.006361031475260798
20.0,fluxv_uvpm,FluxV current load channel,0.4296875,0.976832725942528,-0.0011784812101962644,0.0011784812101962644,1.6156093028267098,-0.001949121027412818,0.001949121027412818
20.0,fluxv_uvpm,FluxV current load channel,0.4375,0.9973590545166653,-0.006150396129346116,0.006150396129346116,1.649558336797962,-0.010172301704013134,0.010172301704013134
20.0,fluxv_uvpm,FluxV current load channel,0.4453125,1.0171748223896608,-0.011082017445386736,0.011082017445386736,1.68233215576208,-0.018328839732083355,0.018328839732083355
20.0,fluxv_uvpm,FluxV current load channel,0.453125,1.0362055057173485,-0.0159714659346806,0.0159714659346806,1.7138075027757613,-0.026415627014289886,0.026415627014289886
20.0,fluxv_uvpm,FluxV current load channel,0.4609375,1.0543737844087167,-0.020816203904676263,0.020816203904676263,1.7438564961096001,-0.0344284663942671,0.0344284663942671
20.0,fluxv_uvpm,FluxV current load channel,0.46875,1.0713497806240886,-0.025599729053508005,0.025599729053508005,1.771933542140017,-0.04234006428151149,0.04234006428151149
20.0,fluxv_uvpm,FluxV current load channel,0.4765625,1.087014811423371,-0.03031285324539821,0.03031285324539821,1.7978423480350776,-0.0501352241769258,0.0501352241769258
20.0,fluxv_uvpm,FluxV current load channel,0.484375,1.1014318593946064,-0.034954162437202264,0.034954162437202264,1.821687082351439,-0.057811607357412045,0.057811607357412045
20.0,fluxv_uvpm,FluxV current load channel,0.4921875,1.1144993024981718,-0.039512662900681096,0.039512662900681096,1.843299669728575,-0.06535103100707546,0.06535103100707546
20.0,fluxv_uvpm,FluxV current load channel,0.5,1.1261132563061913,-0.043976229166960444,0.043976229166960444,1.862508292982604,-0.07273344049445854,0.07273344049445854
20.0,fluxv_uvpm,FluxV current load channel,0.5078125,1.135461662514882,-0.04827251120621613,0.04827251120621613,1.8779698675554568,-0.07983917420489646,0.07983917420489646
20.0,fluxv_uvpm,FluxV current load channel,0.515625,1.1429971247108528,-0.0524166285023958,0.0524166285023958,1.890432966407067,-0.08669323865001709,0.08669323865001709
20.0,fluxv_uvpm,FluxV current load channel,0.5234375,1.1486089773576322,-0.056385196709682756,0.056385196709682756,1.899714556899934,-0.0932569578460633,0.0932569578460633
20.0,fluxv_uvpm,FluxV current load channel,0.53125,1.1521880569851002,-0.060153338288110876,0.060153338288110876,1.9056340907035496,-0.09948918617625417,0.09948918617625417
20.0,fluxv_uvpm,FluxV current load channel,0.5390625,1.1532373799734887,-0.06364682937963859,0.06364682937963859,1.9073695935554578,-0.10526716285221832,0.10526716285221832
20.0,fluxv_uvpm,FluxV current load channel,0.546875,1.1514406641612343,-0.06678956954939913,0.06678956954939913,1.904397958081213,-0.11046502336588324,0.11046502336588324
20.0,fluxv_uvpm,FluxV current load channel,0.5546875,1.1472008018495394,-0.0695973435696936,0.0695973435696936,1.8973855384401026,-0.11510887456675895,0.11510887456675895
20.0,fluxv_uvpm,FluxV current load channel,0.5625,1.1404481274559792,-0.07203276452411024,0.07203276452411024,1.8862171128955254,-0.11913688125179103,0.11913688125179103
20.0,fluxv_uvpm,FluxV current load channel,0.5703125,1.1311207007047293,-0.07405744571971268,0.07405744571971268,1.870790236798378,-0.12248555466127103,0.12248555466127103
20.0,fluxv_uvpm,FluxV current load channel,0.578125,1.1182809233660702,-0.07545173880080151,0.07545173880080151,1.8495541918096665,-0.12479161261044602,0.12479161261044602
20.0,fluxv_uvpm,FluxV current load channel,0.5859375,1.1026487992371061,-0.07627690826432527,0.07627690826432527,1.823699811120969,-0.1261563820599863,0.1261563820599863
20.0,fluxv_uvpm,FluxV current load channel,0.59375,1.0844042089992563,-0.07652042455674114,0.07652042455674114,1.7935246041160127,-0.1265591400521874,0.1265591400521874
20.0,fluxv_uvpm,FluxV current load channel,0.6015625,1.0635959340439816,-0.07614523546684705,0.07614523546684705,1.7591092516194218,-0.1259386049617326,0.1259386049617326
20.0,fluxv_uvpm,FluxV current load channel,0.609375,1.0400325005567441,-0.07503692118268784,0.07503692118268784,1.7201370700601002,-0.12410553485628989,0.12410553485628989
20.0,fluxv_uvpm,FluxV current load channel,0.6171875,1.0135390592054172,-0.07302772376169342,0.07302772376169342,1.6763188715350685,-0.12078247046832935,0.12078247046832935
20.0,fluxv_uvpm,FluxV current load channel,0.625,0.9849798015909326,-0.070288434414826,0.070288434414826,1.6290839652318776,-0.11625188786764622,0.11625188786764622
20.0,fluxv_uvpm,FluxV current load channel,0.6328125,0.954542226868039,-0.06681305448401419,0.06681305448401419,1.5787424609274003,-0.11050386571609601,0.11050386571609601
20.0,fluxv_uvpm,FluxV current load channel,0.640625,0.9224263992742885,-0.0626011198781555,0.0626011198781555,1.5256252501189913,-0.10353763644121461,0.10353763644121461
20.0,fluxv_uvpm,FluxV current load channel,0.6484375,0.8885849342753618,-0.05747259554808225,0.05747259554808225,1.4696539622807425,-0.095055435346401,0.095055435346401
20.0,fluxv_uvpm,FluxV current load channel,0.65625,0.8536898615153989,-0.051605576036009834,0.051605576036009834,1.4119400848925603,-0.08535181767283864,0.08535181767283864
20.0,fluxv_uvpm,FluxV current load channel,0.6640625,0.8181463870761191,-0.045135574598810194,0.045135574598810194,1.3531537989361022,-0.07465091235544562,0.07465091235544562
20.0,fluxv_uvpm,FluxV current load channel,0.671875,0.7822050161387659,-0.0381253139902563,0.0381253139902563,1.2937094215103713,-0.06305645820415662,0.06305645820415662
20.0,fluxv_uvpm,FluxV current load channel,0.6796875,0.7461290234768128,-0.030627125666709686,0.030627125666709686,1.2340423896783634,-0.050655007589180734,0.050655007589180734
20.0,fluxv_uvpm,FluxV current load channel,0.6875,0.7103809283248287,-0.022705434376524582,0.022705434376524582,1.1749176761506168,-0.03755311429399504,0.03755311429399504
20.0,fluxv_uvpm,FluxV current load channel,0.6953125,0.6751829697011152,-0.014622108255255298,0.014622108255255298,1.1167028478768077,-0.024183888906194963,0.024183888906194963
20.0,fluxv_uvpm,FluxV current load channel,0.703125,0.6406958188330614,-0.006484153326738049,0.006484153326738049,1.0596636432200892,-0.01072431149921271,0.01072431149921271
20.0,fluxv_uvpm,FluxV current load channel,0.7109375,0.6070644923005111,0.0016008543518850398,-0.0016008543518850398,1.0040399089108563,0.0026476950604624417,-0.0026476950604624417
20.0,fluxv_uvpm,FluxV current load channel,0.71875,0.5746673681484922,0.009442019490246792,-0.009442019490246792,0.95045745433622,0.015616404038055674,-0.015616404038055674
20.0,fluxv_uvpm,FluxV current load channel,0.7265625,0.5435796426649373,0.016858716513559677,-0.016858716513559677,0.8990406486118904,0.027883074051132665,-0.027883074051132665
20.0,fluxv_uvpm,FluxV current load channel,0.734375,0.5136507216304989,0.02380065420859135,-0.02380065420859135,0.8495404200029959,0.039364527141184484,-0.039364527141184484
20.0,fluxv_uvpm,FluxV current load channel,0.7421875,0.48488818871332,0.03019214657809631,-0.03019214657809631,0.8019693113374703,0.04993558424940598,-0.04993558424940598
20.0,fluxv_uvpm,FluxV current load channel,0.75,0.45728759008308845,0.03596406357208471,-0.03596406357208471,0.7563199563083761,0.059481909370355995,-0.059481909370355995
20.0,fluxv_uvpm,FluxV current load channel,0.7578125,0.4312353728215089,0.04076590586703239,-0.04076590586703239,0.7132315098945253,0.06742380246667785,-0.06742380246667785
20.0,fluxv_uvpm,FluxV current load channel,0.765625,0.4062261922089942,0.04482615795640617,-0.04482615795640617,0.6718681691908587,0.07413916004346711,-0.07413916004346711
20.0,fluxv_uvpm,FluxV current load channel,0.7734375,0.3822095841266963,0.04813940400104426,-0.04813940400104426,0.6321464702657282,0.07961902470208221,-0.07961902470208221
20.0,fluxv_uvpm,FluxV current load channel,0.78125,0.35913522860411495,0.05070700006286392,-0.05070700006286392,0.593983187598224,0.08386563926894626,-0.08386563926894626
20.0,fluxv_uvpm,FluxV current load channel,0.7890625,0.33708582476988,0.05242428137356089,-0.05242428137356089,0.5575150994493543,0.08670589593464657,-0.08670589593464657
20.0,fluxv_uvpm,FluxV current load channel,0.796875,0.31602083435953576,0.053307833149087755,-0.053307833149087755,0.5226751585187615,0.08816722542347274,-0.08816722542347274
20.0,fluxv_uvpm,FluxV current load channel,0.8046875,0.2957116966444693,0.05356388904131173,-0.05356388904131173,0.48908534221403965,0.08859072298916035,-0.08859072298916035
20.0,fluxv_uvpm,FluxV current load channel,0.8125,0.2761289245600326,0.053238107138849945,-0.053238107138849945,0.45669688110446316,0.08805190374372404,-0.08805190374372404
20.0,fluxv_uvpm,FluxV current load channel,0.8203125,0.257246447064838,0.0523786134870162,-0.0523786134870162,0.42546665560990166,0.0866303646175822,-0.0866303646175822
20.0,fluxv_uvpm,FluxV current load channel,0.828125,0.23926128558711451,0.0509143786463536,-0.0509143786463536,0.39572052464544805,0.08420862815516492,-0.08420862815516492
20.0,fluxv_uvpm,FluxV current load channel,0.8359375,0.2219701242349168,0.04906284262849086,-0.04906284262849086,0.36712221871713924,0.08114632410296246,-0.08114632410296246
20.0,fluxv_uvpm,FluxV current load channel,0.84375,0.2053333804842016,0.04690072684167658,-0.04690072684167658,0.33960627124878934,0.07757034401323402,-0.07757034401323402
20.0,fluxv_uvpm,FluxV current load channel,0.8515625,0.18935059326670223,0.04447832611058556,-0.04447832611058556,0.3131719196674818,0.07356387181754806,-0.07356387181754806
20.0,fluxv_uvpm,FluxV current load channel,0.859375,0.17409750695793996,0.04183064018325468,-0.04183064018325468,0.28794443958538546,0.06918479451848261,-0.06918479451848261
20.0,fluxv_uvpm,FluxV current load channel,0.8671875,0.1596965638065993,0.03901732829008717,-0.03901732829008717,0.2641263414536553,0.06453178408420499,-0.06453178408420499
20.0,fluxv_uvpm,FluxV current load channel,0.875,0.14597507629978124,0.03613265459645264,-0.03613265459645264,0.2414320128589149,0.05976074649375304,-0.05976074649375304
20.0,fluxv_uvpm,FluxV current load channel,0.8828125,0.13294259433909159,0.03321266374632469,-0.03321266374632469,0.2198772486342668,0.05493129693053976,-0.05493129693053976
20.0,fluxv_uvpm,FluxV current load channel,0.890625,0.12060891549447982,0.03029164327919031,-0.03029164327919031,0.19947825323799245,0.05010014445671571,-0.05010014445671571
20.0,fluxv_uvpm,FluxV current load channel,0.8984375,0.10918673362961384,0.02742578712081298,-0.02742578712081298,0.18058680663780788,0.04536022968208516,-0.04536022968208516
20.0,fluxv_uvpm,FluxV current load channel,0.90625,0.0985746927323281,0.02465512688912927,-0.02465512688912927,0.16303527346298563,0.040777761951019835,-0.040777761951019835
20.0,fluxv_uvpm,FluxV current load channel,0.9140625,0.08870231234655968,0.021996189969590046,-0.021996189969590046,0.14670708423601062,0.03638007634042359,-0.03638007634042359
20.0,fluxv_uvpm,FluxV current load channel,0.921875,0.07957798480234039,0.0194691612609787,-0.0194691612609787,0.13161611925195463,0.03220055718456879,-0.03220055718456879
20.0,fluxv_uvpm,FluxV current load channel,0.9296875,0.07125243277592559,0.017102832305595256,-0.017102832305595256,0.11784627007735304,0.028286823571501207,-0.028286823571501207
20.0,fluxv_uvpm,FluxV current load channel,0.9375,0.0639508323799549,0.014973897222565551,-0.014973897222565551,0.10576996139935377,0.02476572191928311,-0.02476572191928311
20.0,fluxv_uvpm,FluxV current load channel,0.9453125,0.05742602838358429,0.013043733959268392,-0.013043733959268392,0.09497841668990936,0.02157337420064134,-0.02157337420064134
20.0,fluxv_uvpm,FluxV current load channel,0.953125,0.051682697438864125,0.011324039119118657,-0.011324039119118657,0.08547937078668238,0.01872912573518558,-0.01872912573518558
20.0,fluxv_uvpm,FluxV current load channel,0.9609375,0.046725114120398835,0.009825938365793945,-0.009825938365793945,0.07727989352088664,0.01625137755029777,-0.01625137755029777
20.0,fluxv_uvpm,FluxV current load channel,0.96875,0.04273368789610859,0.008615442139926956,-0.008615442139926956,0.0706783688501323,0.014249306047563954,-0.014249306047563954
20.0,fluxv_uvpm,FluxV current load channel,0.9765625,0.03966921174843202,0.007696582206999789,-0.007696582206999789,0.06560995125826703,0.012729579469812914,-0.012729579469812914
20.0,fluxv_uvpm,FluxV current load channel,0.984375,0.037401241851461285,0.007038081117219948,-0.007038081117219948,0.06185889627539739,0.011640467221302485,-0.011640467221302485
20.0,fluxv_uvpm,FluxV current load channel,0.9921875,0.035930819756209154,0.006647737415132464,-0.006647737415132464,0.05942692655010068,0.010994867519691483,-0.010994867519691483
20.0,ptera_prescribed_wake_uvlm,Ptera prescribed-wake control,0.0,0.03525869427754511,0.006533143358268389,-0.006533143358268389,0.05831528056695784,0.010805337399127991,-0.010805337399127991
20.0,ptera_prescribed_wake_uvlm,Ptera prescribed-wake control,0.0078125,0.035695013741027105,0.006817703865061717,-0.006817703865061717,0.05903692078793396,0.011275979495551194,-0.011275979495551194
20.0,ptera_prescribed_wake_uvlm,Ptera prescribed-wake control,0.015625,0.03692933264159764,0.0074011522178862275,-0.0074011522178862275,0.06107839323808395,0.012240960051083544,-0.012240960051083544
20.0,ptera_prescribed_wake_uvlm,Ptera prescribed-wake control,0.0234375,0.03896025164813645,0.008289858014942805,-0.008289858014942805,0.06443738352691333,0.013710813911492708,-0.013710813911492708
20.0,ptera_prescribed_wake_uvlm,Ptera prescribed-wake control,0.03125,0.04178639120236604,0.009490082679141346,-0.009490082679141346,0.0691116099667516,0.015695897008591274,-0.015695897008591274
20.0,ptera_prescribed_wake_uvlm,Ptera prescribed-wake control,0.0390625,0.04553829100664863,0.011062762194138157,-0.011062762194138157,0.07531697560007836,0.018296992966286833,-0.018296992966286833
20.0,ptera_prescribed_wake_uvlm,Ptera prescribed-wake control,0.046875,0.05025649514121143,0.013036303307170132,-0.013036303307170132,0.08312053734610815,0.021561084449963266,-0.021561084449963266
20.0,ptera_prescribed_wake_uvlm,Ptera prescribed-wake control,0.0546875,0.05576246047744048,0.015343599364772073,-0.015343599364772073,0.09222699803483042,0.025377182002837846,-0.025377182002837846
20.0,ptera_prescribed_wake_uvlm,Ptera prescribed-wake control,0.0625,0.06205385482923137,0.017987682250670066,-0.017987682250670066,0.10263250040239012,0.029750300137040307,-0.029750300137040307
20.0,ptera_prescribed_wake_uvlm,Ptera prescribed-wake control,0.0703125,0.06912821976373214,0.02097091336962913,-0.02097091336962913,0.11433297838212046,0.03468434444193593,-0.03468434444193593
20.0,ptera_prescribed_wake_uvlm,Ptera prescribed-wake control,0.078125,0.07724074148769415,0.024406701817987916,-0.024406701817987916,0.1277504911440628,0.04036688520075116,-0.04036688520075116
20.0,ptera_prescribed_wake_uvlm,Ptera prescribed-wake control,0.0859375,0.08616937646956435,0.028195262192994876,-0.028195262192994876,0.14251779505920845,0.04663288471492183,-0.04663288471492183
20.0,ptera_prescribed_wake_uvlm,Ptera prescribed-wake control,0.09375,0.09586675209032589,0.03230962065850351,-0.03230962065850351,0.15855653930868097,0.05343773024835318,-0.05343773024835318
20.0,ptera_prescribed_wake_uvlm,Ptera prescribed-wake control,0.1015625,0.1063283654300519,0.036739408013695636,-0.036739408013695636,0.1758592763949401,0.06076427190745561,-0.06076427190745561
20.0,ptera_prescribed_wake_uvlm,Ptera prescribed-wake control,0.109375,0.11763250677389335,0.04150185973331722,-0.04150185973331722,0.1945554926769617,0.06864101589661675,-0.06864101589661675
20.0,ptera_prescribed_wake_uvlm,Ptera prescribed-wake control,0.1171875,0.12989217117340668,0.04660324452615421,-0.04660324452615421,0.21483207363843176,0.07707833019795093,-0.07707833019795093
20.0,ptera_prescribed_wake_uvlm,Ptera prescribed-wake control,0.125,0.14288772218144877,0.05192684394498681,-0.05192684394498681,0.23632575679047135,0.08588317110588632,-0.08588317110588632
20.0,ptera_prescribed_wake_uvlm,Ptera prescribed-wake control,0.1328125,0.1566091101956806,0.057434960874575926,-0.057434960874575926,0.25901992083181014,0.09499319037138033,-0.09499319037138033
20.0,ptera_prescribed_wake_uvlm,Ptera prescribed-wake control,0.140625,0.17104536769688758,0.06308616830750514,-0.06308616830750514,0.28289642629434736,0.10433987077874936,-0.10433987077874936
20.0,ptera_prescribed_wake_uvlm,Ptera prescribed-wake control,0.1484375,0.18637046289194828,0.06882709365689059,-0.06882709365689059,0.30824300376487085,0.11383493800466712,-0.11383493800466712
20.0,ptera_prescribed_wake_uvlm,Ptera prescribed-wake control,0.15625,0.20243853000356984,0.07453592891921745,-0.07453592891921745,0.33481840200302027,0.12327693059272368,-0.12327693059272368
20.0,ptera_prescribed_wake_uvlm,Ptera prescribed-wake control,0.1640625,0.21915173521567724,0.0801335621002961,-0.0801335621002961,0.3624608110906957,0.1325350031377811,-0.1325350031377811
20.0,ptera_prescribed_wake_uvlm,Ptera prescribed-wake control,0.171875,0.23648841833178436,0.08554694186761594,-0.08554694186761594,0.39113440666000443,0.14148833412224118,-0.14148833412224118
20.0,ptera_prescribed_wake_uvlm,Ptera prescribed-wake control,0.1796875,0.2544566008661113,0.09067845428062579,-0.09067845428062579,0.4208524557040073,0.14997547728590832,-0.14997547728590832
20.0,ptera_prescribed_wake_uvlm,Ptera prescribed-wake control,0.1875,0.27316647181304843,0.09528425668157238,-0.09528425668157238,0.4517972026947395,0.15759313485237758,-0.15759313485237758
20.0,ptera_prescribed_wake_uvlm,Ptera prescribed-wake control,0.1953125,0.29239038861531247,0.09938118620378575,-0.09938118620378575,0.48359214362747377,0.164369154198706,-0.164369154198706
20.0,ptera_prescribed_wake_uvlm,Ptera prescribed-wake control,0.203125,0.312100551705554,0.10290389960090958,-0.10290389960090958,0.5161913000675902,0.17019546241344574,-0.17019546241344574
20.0,ptera_prescribed_wake_uvlm,Ptera prescribed-wake control,0.2109375,0.33226930115116393,0.10579213789548456,-0.10579213789548456,0.5495489245260337,0.1749723955910205,-0.1749723955910205
20.0,ptera_prescribed_wake_uvlm,Ptera prescribed-wake control,0.21875,0.35295327927559855,0.10782315909141346,-0.10782315909141346,0.58375869922933,0.17833155489356628,-0.17833155489356628
20.0,ptera_prescribed_wake_uvlm,Ptera prescribed-wake control,0.2265625,0.3740805867023185,0.10898009011620878,-0.10898009011620878,0.618701707910119,0.18024503350330945,-0.18024503350330945
20.0,ptera_prescribed_wake_uvlm,Ptera prescribed-wake control,0.234375,0.3955587137597912,0.10937857959180389,-0.10937857959180389,0.6542249463928033,0.1809041057136808,-0.1809041057136808
20.0,ptera_prescribed_wake_uvlm,Ptera prescribed-wake control,0.2421875,0.41736643729870093,0.10902513971322861,-0.10902513971322861,0.6902933131532843,0.18031954221508875,-0.18031954221508875
20.0,ptera_prescribed_wake_uvlm,Ptera prescribed-wake control,0.25,0.4394835064948045,0.10793414415135275,-0.10793414415135275,0.7268733148214402,0.1785151159993223,-0.1785151159993223
20.0,ptera_prescribed_wake_uvlm,Ptera prescribed-wake control,0.2578125,0.46198943828116756,0.1058941320938778,-0.1058941320938778,0.7640964665414521,0.1751410864747125,-0.1751410864747125
20.0,ptera_prescribed_wake_uvlm,Ptera prescribed-wake control,0.265625,0.4847483864274284,0.10324815980363138,-0.10324815980363138,0.8017380886648013,0.17076484340503126,-0.17076484340503126
20.0,ptera_prescribed_wake_uvlm,Ptera prescribed-wake control,0.2734375,0.5077443519415828,0.10005207422565975,-0.10005207422565975,0.8397717200383841,0.16547875351956087,-0.16547875351956087
20.0,ptera_prescribed_wake_uvlm,Ptera prescribed-wake control,0.28125,0.5309612436323871,0.0963628797479071,-0.0963628797479071,0.8781707470183527,0.1593770978727938,-0.1593770978727938
20.0,ptera_prescribed_wake_uvlm,Ptera prescribed-wake control,0.2890625,0.5544117499700167,0.09218604203064534,-0.09218604203064534,0.9169561553988048,0.15246891626381423,-0.15246891626381423
20.0,ptera_prescribed_wake_uvlm,Ptera prescribed-wake control,0.296875,0.5780725049750827,0.08761345785623924,-0.08761345785623924,0.9560892995727002,0.14490619919472686,-0.14490619919472686
20.0,ptera_prescribed_wake_uvlm,Ptera prescribed-wake control,0.3046875,0.6018797954365782,0.08278884520662924,-0.08278884520662924,0.9954648025868701,0.13692664561074513,-0.13692664561074513
20.0,ptera_prescribed_wake_uvlm,Ptera prescribed-wake control,0.3125,0.6258137515378962,0.07775971772775331,-0.07775971772775331,1.0350498012297293,0.1286088395788745,-0.1286088395788745
20.0,ptera_prescribed_wake_uvlm,Ptera prescribed-wake control,0.3203125,0.6498539228180242,0.0725709509401956,-0.0725709509401956,1.0748104719466596,0.12002700190130501,-0.12002700190130501
20.0,ptera_prescribed_wake_uvlm,Ptera prescribed-wake control,0.328125,0.673990727000958,0.06724695336302981,-0.06724695336302981,1.1147309663596905,0.11122150246884438,-0.11122150246884438
20.0,ptera_prescribed_wake_uvlm,Ptera prescribed-wake control,0.3359375,0.6981633291510891,0.06186707268972072,-0.06186707268972072,1.154710667970935,0.10232357651585253,-0.10232357651585253
20.0,ptera_prescribed_wake_uvlm,Ptera prescribed-wake control,0.34375,0.7223424157015325,0.056458563719869036,-0.056458563719869036,1.1947010943021743,0.09337830147126093,-0.09337830147126093
20.0,ptera_prescribed_wake_uvlm,Ptera prescribed-wake control,0.3515625,0.7465020523708377,0.05104079695659334,-0.05104079695659334,1.234659351964131,0.08441771471896108,-0.08441771471896108
20.0,ptera_prescribed_wake_uvlm,Ptera prescribed-wake control,0.359375,0.7706047771395254,0.04563358336605737,-0.04563358336605737,1.2745234815388136,0.07547458213624403,-0.07547458213624403
20.0,ptera_prescribed_wake_uvlm,Ptera prescribed-wake control,0.3671875,0.7945810681766914,0.040260440542202666,-0.040260440542202666,1.314178499044037,0.06658780008944047,-0.06658780008944047
20.0,ptera_prescribed_wake_uvlm,Ptera prescribed-wake control,0.375,0.8184124469589394,0.03492319310718915,-0.03492319310718915,1.353593842364601,0.057760386369066045,-0.057760386369066045
20.0,ptera_prescribed_wake_uvlm,Ptera prescribed-wake control,0.3828125,0.8420648856482172,0.029625647490353246,-0.029625647490353246,1.3927132319653788,0.04899863652857953,-0.04899863652857953
20.0,ptera_prescribed_wake_uvlm,Ptera prescribed-wake control,0.390625,0.8655031032370277,0.02437063507721901,-0.02437063507721901,1.431478315661384,0.04030723347086807,-0.04030723347086807
20.0,ptera_prescribed_wake_uvlm,Ptera prescribed-wake control,0.3984375,0.8885960517600406,0.01917179909557102,-0.01917179909557102,1.4696723497806636,0.03170874208871623,-0.03170874208871623
20.0,ptera_prescribed_wake_uvlm,Ptera prescribed-wake control,0.40625,0.9113109031508965,0.014021241563566943,-0.014021241563566943,1.5072410391220075,0.023190099702507364,-0.023190099702507364
20.0,ptera_prescribed_wake_uvlm,Ptera prescribed-wake control,0.4140625,0.9336287449204682,0.008912976998446724,-0.008912976998446724,1.5441531038228946,0.014741406765090536,-0.014741406765090536
20.0,ptera_prescribed_wake_uvlm,Ptera prescribed-wake control,0.421875,0.9554983498328382,0.0038460187775061997,-0.0038460187775061997,1.5803238178123116,0.006361031475260798,-0.006361031475260798
20.0,ptera_prescribed_wake_uvlm,Ptera prescribed-wake control,0.4296875,0.976832725942528,-0.0011784812101962644,0.0011784812101962644,1.6156093028267098,-0.001949121027412818,0.001949121027412818
20.0,ptera_prescribed_wake_uvlm,Ptera prescribed-wake control,0.4375,0.9973590545166653,-0.006150396129346116,0.006150396129346116,1.649558336797962,-0.010172301704013134,0.010172301704013134
20.0,ptera_prescribed_wake_uvlm,Ptera prescribed-wake control,0.4453125,1.0171748223896608,-0.011082017445386736,0.011082017445386736,1.68233215576208,-0.018328839732083355,0.018328839732083355
20.0,ptera_prescribed_wake_uvlm,Ptera prescribed-wake control,0.453125,1.0362055057173485,-0.0159714659346806,0.0159714659346806,1.7138075027757613,-0.026415627014289886,0.026415627014289886
20.0,ptera_prescribed_wake_uvlm,Ptera prescribed-wake control,0.4609375,1.0543737844087167,-0.020816203904676263,0.020816203904676263,1.7438564961096001,-0.0344284663942671,0.0344284663942671
20.0,ptera_prescribed_wake_uvlm,Ptera prescribed-wake control,0.46875,1.0713497806240886,-0.025599729053508005,0.025599729053508005,1.771933542140017,-0.04234006428151149,0.04234006428151149
20.0,ptera_prescribed_wake_uvlm,Ptera prescribed-wake control,0.4765625,1.087014811423371,-0.03031285324539821,0.03031285324539821,1.7978423480350776,-0.0501352241769258,0.0501352241769258
20.0,ptera_prescribed_wake_uvlm,Ptera prescribed-wake control,0.484375,1.1014318593946064,-0.034954162437202264,0.034954162437202264,1.821687082351439,-0.057811607357412045,0.057811607357412045
20.0,ptera_prescribed_wake_uvlm,Ptera prescribed-wake control,0.4921875,1.1144993024981718,-0.039512662900681096,0.039512662900681096,1.843299669728575,-0.06535103100707546,0.06535103100707546
20.0,ptera_prescribed_wake_uvlm,Ptera prescribed-wake control,0.5,1.1261132563061913,-0.043976229166960444,0.043976229166960444,1.862508292982604,-0.07273344049445854,0.07273344049445854
20.0,ptera_prescribed_wake_uvlm,Ptera prescribed-wake control,0.5078125,1.135461662514882,-0.04827251120621613,0.04827251120621613,1.8779698675554568,-0.07983917420489646,0.07983917420489646
20.0,ptera_prescribed_wake_uvlm,Ptera prescribed-wake control,0.515625,1.1429971247108528,-0.0524166285023958,0.0524166285023958,1.890432966407067,-0.08669323865001709,0.08669323865001709
20.0,ptera_prescribed_wake_uvlm,Ptera prescribed-wake control,0.5234375,1.1486089773576322,-0.056385196709682756,0.056385196709682756,1.899714556899934,-0.0932569578460633,0.0932569578460633
20.0,ptera_prescribed_wake_uvlm,Ptera prescribed-wake control,0.53125,1.1521880569851002,-0.060153338288110876,0.060153338288110876,1.9056340907035496,-0.09948918617625417,0.09948918617625417
20.0,ptera_prescribed_wake_uvlm,Ptera prescribed-wake control,0.5390625,1.1532373799734887,-0.06364682937963859,0.06364682937963859,1.9073695935554578,-0.10526716285221832,0.10526716285221832
20.0,ptera_prescribed_wake_uvlm,Ptera prescribed-wake control,0.546875,1.1514406641612343,-0.06678956954939913,0.06678956954939913,1.904397958081213,-0.11046502336588324,0.11046502336588324
20.0,ptera_prescribed_wake_uvlm,Ptera prescribed-wake control,0.5546875,1.1472008018495394,-0.0695973435696936,0.0695973435696936,1.8973855384401026,-0.11510887456675895,0.11510887456675895
20.0,ptera_prescribed_wake_uvlm,Ptera prescribed-wake control,0.5625,1.1404481274559792,-0.07203276452411024,0.07203276452411024,1.8862171128955254,-0.11913688125179103,0.11913688125179103
20.0,ptera_prescribed_wake_uvlm,Ptera prescribed-wake control,0.5703125,1.1311207007047293,-0.07405744571971268,0.07405744571971268,1.870790236798378,-0.12248555466127103,0.12248555466127103
20.0,ptera_prescribed_wake_uvlm,Ptera prescribed-wake control,0.578125,1.1182809233660702,-0.07545173880080151,0.07545173880080151,1.8495541918096665,-0.12479161261044602,0.12479161261044602
20.0,ptera_prescribed_wake_uvlm,Ptera prescribed-wake control,0.5859375,1.1026487992371061,-0.07627690826432527,0.07627690826432527,1.823699811120969,-0.1261563820599863,0.1261563820599863
20.0,ptera_prescribed_wake_uvlm,Ptera prescribed-wake control,0.59375,1.0844042089992563,-0.07652042455674114,0.07652042455674114,1.7935246041160127,-0.1265591400521874,0.1265591400521874
20.0,ptera_prescribed_wake_uvlm,Ptera prescribed-wake control,0.6015625,1.0635959340439816,-0.07614523546684705,0.07614523546684705,1.7591092516194218,-0.1259386049617326,0.1259386049617326
20.0,ptera_prescribed_wake_uvlm,Ptera prescribed-wake control,0.609375,1.0400325005567441,-0.07503692118268784,0.07503692118268784,1.7201370700601002,-0.12410553485628989,0.12410553485628989
20.0,ptera_prescribed_wake_uvlm,Ptera prescribed-wake control,0.6171875,1.0135390592054172,-0.07302772376169342,0.07302772376169342,1.6763188715350685,-0.12078247046832935,0.12078247046832935
20.0,ptera_prescribed_wake_uvlm,Ptera prescribed-wake control,0.625,0.9849798015909326,-0.070288434414826,0.070288434414826,1.6290839652318776,-0.11625188786764622,0.11625188786764622
20.0,ptera_prescribed_wake_uvlm,Ptera prescribed-wake control,0.6328125,0.954542226868039,-0.06681305448401419,0.06681305448401419,1.5787424609274003,-0.11050386571609601,0.11050386571609601
20.0,ptera_prescribed_wake_uvlm,Ptera prescribed-wake control,0.640625,0.9224263992742885,-0.0626011198781555,0.0626011198781555,1.5256252501189913,-0.10353763644121461,0.10353763644121461
20.0,ptera_prescribed_wake_uvlm,Ptera prescribed-wake control,0.6484375,0.8885849342753618,-0.05747259554808225,0.05747259554808225,1.4696539622807425,-0.095055435346401,0.095055435346401
20.0,ptera_prescribed_wake_uvlm,Ptera prescribed-wake control,0.65625,0.8536898615153989,-0.051605576036009834,0.051605576036009834,1.4119400848925603,-0.08535181767283864,0.08535181767283864
20.0,ptera_prescribed_wake_uvlm,Ptera prescribed-wake control,0.6640625,0.8181463870761191,-0.045135574598810194,0.045135574598810194,1.3531537989361022,-0.07465091235544562,0.07465091235544562
20.0,ptera_prescribed_wake_uvlm,Ptera prescribed-wake control,0.671875,0.7822050161387659,-0.0381253139902563,0.0381253139902563,1.2937094215103713,-0.06305645820415662,0.06305645820415662
20.0,ptera_prescribed_wake_uvlm,Ptera prescribed-wake control,0.6796875,0.7461290234768128,-0.030627125666709686,0.030627125666709686,1.2340423896783634,-0.050655007589180734,0.050655007589180734
20.0,ptera_prescribed_wake_uvlm,Ptera prescribed-wake control,0.6875,0.7103809283248287,-0.022705434376524582,0.022705434376524582,1.1749176761506168,-0.03755311429399504,0.03755311429399504
20.0,ptera_prescribed_wake_uvlm,Ptera prescribed-wake control,0.6953125,0.6751829697011152,-0.014622108255255298,0.014622108255255298,1.1167028478768077,-0.024183888906194963,0.024183888906194963
20.0,ptera_prescribed_wake_uvlm,Ptera prescribed-wake control,0.703125,0.6406958188330614,-0.006484153326738049,0.006484153326738049,1.0596636432200892,-0.01072431149921271,0.01072431149921271
20.0,ptera_prescribed_wake_uvlm,Ptera prescribed-wake control,0.7109375,0.6070644923005111,0.0016008543518850398,-0.0016008543518850398,1.0040399089108563,0.0026476950604624417,-0.0026476950604624417
20.0,ptera_prescribed_wake_uvlm,Ptera prescribed-wake control,0.71875,0.5746673681484922,0.009442019490246792,-0.009442019490246792,0.95045745433622,0.015616404038055674,-0.015616404038055674
20.0,ptera_prescribed_wake_uvlm,Ptera prescribed-wake control,0.7265625,0.5435796426649373,0.016858716513559677,-0.016858716513559677,0.8990406486118904,0.027883074051132665,-0.027883074051132665
20.0,ptera_prescribed_wake_uvlm,Ptera prescribed-wake control,0.734375,0.5136507216304989,0.02380065420859135,-0.02380065420859135,0.8495404200029959,0.039364527141184484,-0.039364527141184484
20.0,ptera_prescribed_wake_uvlm,Ptera prescribed-wake control,0.7421875,0.48488818871332,0.03019214657809631,-0.03019214657809631,0.8019693113374703,0.04993558424940598,-0.04993558424940598
20.0,ptera_prescribed_wake_uvlm,Ptera prescribed-wake control,0.75,0.45728759008308845,0.03596406357208471,-0.03596406357208471,0.7563199563083761,0.059481909370355995,-0.059481909370355995
20.0,ptera_prescribed_wake_uvlm,Ptera prescribed-wake control,0.7578125,0.4312353728215089,0.04076590586703239,-0.04076590586703239,0.7132315098945253,0.06742380246667785,-0.06742380246667785
20.0,ptera_prescribed_wake_uvlm,Ptera prescribed-wake control,0.765625,0.4062261922089942,0.04482615795640617,-0.04482615795640617,0.6718681691908587,0.07413916004346711,-0.07413916004346711
20.0,ptera_prescribed_wake_uvlm,Ptera prescribed-wake control,0.7734375,0.3822095841266963,0.04813940400104426,-0.04813940400104426,0.6321464702657282,0.07961902470208221,-0.07961902470208221
20.0,ptera_prescribed_wake_uvlm,Ptera prescribed-wake control,0.78125,0.35913522860411495,0.05070700006286392,-0.05070700006286392,0.593983187598224,0.08386563926894626,-0.08386563926894626
20.0,ptera_prescribed_wake_uvlm,Ptera prescribed-wake control,0.7890625,0.33708582476988,0.05242428137356089,-0.05242428137356089,0.5575150994493543,0.08670589593464657,-0.08670589593464657
20.0,ptera_prescribed_wake_uvlm,Ptera prescribed-wake control,0.796875,0.31602083435953576,0.053307833149087755,-0.053307833149087755,0.5226751585187615,0.08816722542347274,-0.08816722542347274
20.0,ptera_prescribed_wake_uvlm,Ptera prescribed-wake control,0.8046875,0.2957116966444693,0.05356388904131173,-0.05356388904131173,0.48908534221403965,0.08859072298916035,-0.08859072298916035
20.0,ptera_prescribed_wake_uvlm,Ptera prescribed-wake control,0.8125,0.2761289245600326,0.053238107138849945,-0.053238107138849945,0.45669688110446316,0.08805190374372404,-0.08805190374372404
20.0,ptera_prescribed_wake_uvlm,Ptera prescribed-wake control,0.8203125,0.257246447064838,0.0523786134870162,-0.0523786134870162,0.42546665560990166,0.0866303646175822,-0.0866303646175822
20.0,ptera_prescribed_wake_uvlm,Ptera prescribed-wake control,0.828125,0.23926128558711451,0.0509143786463536,-0.0509143786463536,0.39572052464544805,0.08420862815516492,-0.08420862815516492
20.0,ptera_prescribed_wake_uvlm,Ptera prescribed-wake control,0.8359375,0.2219701242349168,0.04906284262849086,-0.04906284262849086,0.36712221871713924,0.08114632410296246,-0.08114632410296246
20.0,ptera_prescribed_wake_uvlm,Ptera prescribed-wake control,0.84375,0.2053333804842016,0.04690072684167658,-0.04690072684167658,0.33960627124878934,0.07757034401323402,-0.07757034401323402
20.0,ptera_prescribed_wake_uvlm,Ptera prescribed-wake control,0.8515625,0.18935059326670223,0.04447832611058556,-0.04447832611058556,0.3131719196674818,0.07356387181754806,-0.07356387181754806
20.0,ptera_prescribed_wake_uvlm,Ptera prescribed-wake control,0.859375,0.17409750695793996,0.04183064018325468,-0.04183064018325468,0.28794443958538546,0.06918479451848261,-0.06918479451848261
20.0,ptera_prescribed_wake_uvlm,Ptera prescribed-wake control,0.8671875,0.1596965638065993,0.03901732829008717,-0.03901732829008717,0.2641263414536553,0.06453178408420499,-0.06453178408420499
20.0,ptera_prescribed_wake_uvlm,Ptera prescribed-wake control,0.875,0.14597507629978124,0.03613265459645264,-0.03613265459645264,0.2414320128589149,0.05976074649375304,-0.05976074649375304
20.0,ptera_prescribed_wake_uvlm,Ptera prescribed-wake control,0.8828125,0.13294259433909159,0.03321266374632469,-0.03321266374632469,0.2198772486342668,0.05493129693053976,-0.05493129693053976
20.0,ptera_prescribed_wake_uvlm,Ptera prescribed-wake control,0.890625,0.12060891549447982,0.03029164327919031,-0.03029164327919031,0.19947825323799245,0.05010014445671571,-0.05010014445671571
20.0,ptera_prescribed_wake_uvlm,Ptera prescribed-wake control,0.8984375,0.10918673362961384,0.02742578712081298,-0.02742578712081298,0.18058680663780788,0.04536022968208516,-0.04536022968208516
20.0,ptera_prescribed_wake_uvlm,Ptera prescribed-wake control,0.90625,0.0985746927323281,0.02465512688912927,-0.02465512688912927,0.16303527346298563,0.040777761951019835,-0.040777761951019835
20.0,ptera_prescribed_wake_uvlm,Ptera prescribed-wake control,0.9140625,0.08870231234655968,0.021996189969590046,-0.021996189969590046,0.14670708423601062,0.03638007634042359,-0.03638007634042359
20.0,ptera_prescribed_wake_uvlm,Ptera prescribed-wake control,0.921875,0.07957798480234039,0.0194691612609787,-0.0194691612609787,0.13161611925195463,0.03220055718456879,-0.03220055718456879
20.0,ptera_prescribed_wake_uvlm,Ptera prescribed-wake control,0.9296875,0.07125243277592559,0.017102832305595256,-0.017102832305595256,0.11784627007735304,0.028286823571501207,-0.028286823571501207
20.0,ptera_prescribed_wake_uvlm,Ptera prescribed-wake control,0.9375,0.0639508323799549,0.014973897222565551,-0.014973897222565551,0.10576996139935377,0.02476572191928311,-0.02476572191928311
20.0,ptera_prescribed_wake_uvlm,Ptera prescribed-wake control,0.9453125,0.05742602838358429,0.013043733959268392,-0.013043733959268392,0.09497841668990936,0.02157337420064134,-0.02157337420064134
20.0,ptera_prescribed_wake_uvlm,Ptera prescribed-wake control,0.953125,0.051682697438864125,0.011324039119118657,-0.011324039119118657,0.08547937078668238,0.01872912573518558,-0.01872912573518558
20.0,ptera_prescribed_wake_uvlm,Ptera prescribed-wake control,0.9609375,0.046725114120398835,0.009825938365793945,-0.009825938365793945,0.07727989352088664,0.01625137755029777,-0.01625137755029777
20.0,ptera_prescribed_wake_uvlm,Ptera prescribed-wake control,0.96875,0.04273368789610859,0.008615442139926956,-0.008615442139926956,0.0706783688501323,0.014249306047563954,-0.014249306047563954
20.0,ptera_prescribed_wake_uvlm,Ptera prescribed-wake control,0.9765625,0.03966921174843202,0.007696582206999789,-0.007696582206999789,0.06560995125826703,0.012729579469812914,-0.012729579469812914
20.0,ptera_prescribed_wake_uvlm,Ptera prescribed-wake control,0.984375,0.037401241851461285,0.007038081117219948,-0.007038081117219948,0.06185889627539739,0.011640467221302485,-0.011640467221302485
20.0,ptera_prescribed_wake_uvlm,Ptera prescribed-wake control,0.9921875,0.035930819756209154,0.006647737415132464,-0.006647737415132464,0.05942692655010068,0.010994867519691483,-0.010994867519691483
20.0,ptera_free_wake_uvlm,Ptera free-wake UVLM,0.0,0.03395030070507846,0.0060863104927341115,-0.0060863104927341115,0.056151294071320954,0.01006630878635364,-0.01006630878635364
20.0,ptera_free_wake_uvlm,Ptera free-wake UVLM,0.0078125,0.03449386931321382,0.0064037241287572995,-0.0064037241287572995,0.05705031646963455,0.010591287536127104,-0.010591287536127104
20.0,ptera_free_wake_uvlm,Ptera free-wake UVLM,0.015625,0.03582571089195526,0.0070175117241577465,-0.0070175117241577465,0.05925308423873229,0.011606446961843295,-0.011606446961843295
20.0,ptera_free_wake_uvlm,Ptera free-wake UVLM,0.0234375,0.03794683184579526,0.00793482957986076,-0.00793482957986076,0.0627612618974384,0.013123623057569261,-0.013123623057569261
20.0,ptera_free_wake_uvlm,Ptera free-wake UVLM,0.03125,0.04085721138284064,0.009162348821383871,-0.009162348821383871,0.06757481505749463,0.015153849373021562,-0.015153849373021562
20.0,ptera_free_wake_uvlm,Ptera free-wake UVLM,0.0390625,0.04468569257323626,0.010760414569367882,-0.010760414569367882,0.07390684065679275,0.017796932288246903,-0.017796932288246903
20.0,ptera_free_wake_uvlm,Ptera free-wake UVLM,0.046875,0.04947303476183782,0.01275743000324226,-0.01275743000324226,0.08182475164637043,0.02109984856773874,-0.02109984856773874
20.0,ptera_free_wake_uvlm,Ptera free-wake UVLM,0.0546875,0.05504154584500093,0.015086360940480634,-0.015086360940480634,0.09103465838876725,0.024951728616303594,-0.024951728616303594
20.0,ptera_free_wake_uvlm,Ptera free-wake UVLM,0.0625,0.061389157307887535,0.017750277491925197,-0.017750277491925197,0.10153313971296116,0.029357650170902597,-0.029357650170902597
20.0,ptera_free_wake_uvlm,Ptera free-wake UVLM,0.0703125,0.06851390208682212,0.020751665907132094,-0.020751665907132094,0.11331694224067253,0.03432172530498023,-0.03432172530498023
20.0,ptera_free_wake_uvlm,Ptera free-wake UVLM,0.078125,0.07666984123568961,0.02420356402609289,-0.02420356402609289,0.12680626422206376,0.040030910271139114,-0.040030910271139114
20.0,ptera_free_wake_uvlm,Ptera free-wake UVLM,0.0859375,0.08563682459946738,0.028006691696830358,-0.028006691696830358,0.1416369935333011,0.0463210030183416,-0.0463210030183416
20.0,ptera_free_wake_uvlm,Ptera free-wake UVLM,0.09375,0.09536748341838475,0.032133991148808466,-0.032133991148808466,0.15773078573841667,0.05314725198920146,-0.05314725198920146
20.0,ptera_free_wake_uvlm,Ptera free-wake UVLM,0.1015625,0.10585742070869904,0.03657507735487405,-0.03657507735487405,0.17508036855050776,0.060492481114538,-0.060492481114538
20.0,ptera_free_wake_uvlm,Ptera free-wake UVLM,0.109375,0.11718506155729444,0.041347196104871003,-0.041347196104871003,0.1938154512806776,0.0683852136591502,-0.0683852136591502
20.0,ptera_free_wake_uvlm,Ptera free-wake UVLM,0.1171875,0.12946249594366907,0.04645616699416547,-0.04645616699416547,0.21412142249016225,0.07683507480467106,-0.07683507480467106
20.0,ptera_free_wake_uvlm,Ptera free-wake UVLM,0.125,0.14247081893123012,0.05178540809988606,-0.05178540809988606,0.2356362295545958,0.08564924664673448,-0.08564924664673448
20.0,ptera_free_wake_uvlm,Ptera free-wake UVLM,0.1328125,0.15619947885899937,0.057296934501876104,-0.057296934501876104,0.25834242080473746,0.09476490492818525,-0.09476490492818525
20.0,ptera_free_wake_uvlm,Ptera free-wake UVLM,0.140625,0.1706368648806741,0.06294896969186048,-0.06294896969186048,0.28222079275691786,0.10411295438468958,-0.10411295438468958
20.0,ptera_free_wake_uvlm,Ptera free-wake UVLM,0.1484375,0.18595313780275813,0.06868638968076225,-0.06868638968076225,0.30755277883844034,0.11360222400283194,-0.11360222400283194
20.0,ptera_free_wake_uvlm,Ptera free-wake UVLM,0.15625,0.2020020987136579,0.07438708621958344,-0.07438708621958344,0.3340965768293744,0.12303075574231158,-0.12303075574231158
20.0,ptera_free_wake_uvlm,Ptera free-wake UVLM,0.1640625,0.21868449521048602,0.07997126665483956,-0.07997126665483956,0.3616880305736309,0.13226657843770465,-0.13226657843770465
20.0,ptera_free_wake_uvlm,Ptera free-wake UVLM,0.171875,0.2359768498872141,0.0853650137322324,-0.0853650137322324,0.39028831017272425,0.1411874384006242,-0.1411874384006242
20.0,ptera_free_wake_uvlm,Ptera free-wake UVLM,0.1796875,0.25388458369479017,0.09046947100918949,-0.09046947100918949,0.41990638147981363,0.14962983436414617,-0.14962983436414617
20.0,ptera_free_wake_uvlm,Ptera free-wake UVLM,0.1875,0.27250587329789244,0.09503540933245415,-0.09503540933245415,0.4507046214593087,0.15718155968547143,-0.15718155968547143
20.0,ptera_free_wake_uvlm,Ptera free-wake UVLM,0.1953125,0.291615503020396,0.09908095488982985,-0.09908095488982985,0.48231053998897416,0.1638725937427088,-0.1638725937427088
20.0,ptera_free_wake_uvlm,Ptera free-wake UVLM,0.203125,0.3111809966505313,0.10253895029861959,-0.10253895029861959,0.5146704238091473,0.16959186317666658,-0.16959186317666658
20.0,ptera_free_wake_uvlm,Ptera free-wake UVLM,0.2109375,0.3311701309069719,0.10534744827855261,-0.10534744827855261,0.547730977988469,0.17423691175340392,-0.17423691175340392
20.0,ptera_free_wake_uvlm,Ptera free-wake UVLM,0.21875,0.35162543417964837,0.10727837004790118,-0.10727837004790118,0.5815625413480919,0.17743051398512696,-0.17743051398512696
20.0,ptera_free_wake_uvlm,Ptera free-wake UVLM,0.2265625,0.37246541187098103,0.10831220267124574,-0.10831220267124574,0.61603032783255,0.17914039691542047,-0.17914039691542047
20.0,ptera_free_wake_uvlm,Ptera free-wake UVLM,0.234375,0.3936026964805772,0.10856792068339753,-0.10856792068339753,0.6509898380381577,0.17956333565238197,-0.17956333565238197
20.0,ptera_free_wake_uvlm,Ptera free-wake UVLM,0.2421875,0.41501390637454444,0.10805232723670417,-0.10805232723670417,0.6864024004664807,0.1787105821083701,-0.1787105821083701
20.0,ptera_free_wake_uvlm,Ptera free-wake UVLM,0.25,0.43667685221522123,0.10678023510657836,-0.10678023510657836,0.7222313155891379,0.17660663552171077,-0.17660663552171077
20.0,ptera_free_wake_uvlm,Ptera free-wake UVLM,0.2578125,0.45863899451821855,0.10453220907773318,-0.10453220907773318,0.7585550795994911,0.17288856622617763,-0.17288856622617763
20.0,ptera_free_wake_uvlm,Ptera free-wake UVLM,0.265625,0.48078708182895097,0.10166078340471607,-0.10166078340471607,0.7951863829421504,0.16813943988499602,-0.16813943988499602
20.0,ptera_free_wake_uvlm,Ptera free-wake UVLM,0.2734375,0.5031079509952131,0.09822462411208838,-0.09822462411208838,0.8321034547339412,0.1624562857771039,-0.1624562857771039
20.0,ptera_free_wake_uvlm,Ptera free-wake UVLM,0.28125,0.5255870020408306,0.09428297581753256,-0.09428297581753256,0.8692821476907872,0.15593709013179943,-0.15593709013179943
20.0,ptera_free_wake_uvlm,Ptera free-wake UVLM,0.2890625,0.5482251862945482,0.08984106310032068,-0.08984106310032068,0.9067240352402867,0.14859049401796898,-0.14859049401796898
20.0,ptera_free_wake_uvlm,Ptera free-wake UVLM,0.296875,0.5710030420153316,0.08499609423351277,-0.08499609423351277,0.9443969290977632,0.14057727275168927,-0.14057727275168927
20.0,ptera_free_wake_uvlm,Ptera free-wake UVLM,0.3046875,0.5938768007528288,0.07989713761040762,-0.07989713761040762,0.9822284394735615,0.13214397446405263,-0.13214397446405263
20.0,ptera_free_wake_uvlm,Ptera free-wake UVLM,0.3125,0.6168292221283874,0.07459344098500187,-0.07459344098500187,1.0201900520525948,0.12337205130893068,-0.12337205130893068
20.0,ptera_free_wake_uvlm,Ptera free-wake UVLM,0.3203125,0.6398418112390813,0.06913124844997454,-0.06913124844997454,1.058251177629128,0.11433798760584793,-0.11433798760584793
20.0,ptera_free_wake_uvlm,Ptera free-wake UVLM,0.328125,0.6628997663092009,0.06354002536265256,-0.06354002536265256,1.0963873351575328,0.10509051688322155,-0.10509051688322155
20.0,ptera_free_wake_uvlm,Ptera free-wake UVLM,0.3359375,0.6859632652895765,0.057901539228826675,-0.057901539228826675,1.134532661904726,0.0957648765665759,-0.0957648765665759
20.0,ptera_free_wake_uvlm,Ptera free-wake UVLM,0.34375,0.709006300323354,0.05224282378014347,-0.05224282378014347,1.1726441427931367,0.08640577845474658,-0.08640577845474658
20.0,ptera_free_wake_uvlm,Ptera free-wake UVLM,0.3515625,0.7320054131937531,0.046583752367034194,-0.046583752367034194,1.2106829796618808,0.07704609160400323,-0.07704609160400323
20.0,ptera_free_wake_uvlm,Ptera free-wake UVLM,0.359375,0.7549251009160727,0.040946241712754815,-0.040946241712754815,1.2485904531920429,0.06772206465860141,-0.06772206465860141
20.0,ptera_free_wake_uvlm,Ptera free-wake UVLM,0.3671875,0.7776931105082742,0.03535496823586356,-0.03535496823586356,1.2862470622788402,0.05847451059534285,-0.05847451059534285
20.0,ptera_free_wake_uvlm,Ptera free-wake UVLM,0.375,0.8003056031972479,0.029811212013663886,-0.029811212013663886,1.323646457874598,0.04930554656770215,-0.04930554656770215
20.0,ptera_free_wake_uvlm,Ptera free-wake UVLM,0.3828125,0.8227279676030076,0.024317749409549467,-0.024317749409549467,1.3607313953088576,0.04021976447601977,-0.04021976447601977
20.0,ptera_free_wake_uvlm,Ptera free-wake UVLM,0.390625,0.8449237351114401,0.01887616813274595,-0.01887616813274595,1.3974415581828563,0.031219790274286636,-0.031219790274286636
20.0,ptera_free_wake_uvlm,Ptera free-wake UVLM,0.3984375,0.8667639391670982,0.013503208290729174,-0.013503208290729174,1.4335636453231173,0.02233331086595101,-0.02233331086595101
20.0,ptera_free_wake_uvlm,Ptera free-wake UVLM,0.40625,0.8882190246267184,0.008188445611234735,-0.008188445611234735,1.4690487747019052,0.013543085273311913,-0.013543085273311913
20.0,ptera_free_wake_uvlm,Ptera free-wake UVLM,0.4140625,0.9092697801867842,0.0029240754764368487,-0.0029240754764368487,1.5038651722397312,0.004836205233951962,-0.004836205233951962
20.0,ptera_free_wake_uvlm,Ptera free-wake UVLM,0.421875,0.9298682594871572,-0.002290621140671081,0.002290621140671081,1.5379335381922086,-0.0037885184697809375,0.0037885184697809375
20.0,ptera_free_wake_uvlm,Ptera free-wake UVLM,0.4296875,0.9499349852103522,-0.007452790873902353,0.007452790873902353,1.5711224229364051,-0.012326366580604372,0.012326366580604372
20.0,ptera_free_wake_uvlm,Ptera free-wake UVLM,0.4375,0.9691890688364424,-0.012554457802342371,0.012554457802342371,1.6029672575714242,-0.02076414751342295,0.02076414751342295
20.0,ptera_free_wake_uvlm,Ptera free-wake UVLM,0.4453125,0.987731216962485,-0.01761000482861515,0.01761000482861515,1.6336346033832883,-0.02912564952866641,0.02912564952866641
20.0,ptera_free_wake_uvlm,Ptera free-wake UVLM,0.453125,1.0054958940879624,-0.022615965036972836,0.022615965036972836,1.663016069486342,-0.03740513860331771,0.03740513860331771
20.0,ptera_free_wake_uvlm,Ptera free-wake UVLM,0.4609375,1.0224120302775488,-0.027569086664080263,0.027569086664080263,1.6909941114478348,-0.04559723656058634,0.04559723656058634
20.0,ptera_free_wake_uvlm,Ptera free-wake UVLM,0.46875,1.0381476765131996,-0.032454491666547,0.032454491666547,1.7170197100678828,-0.05367733621372366,0.05367733621372366
20.0,ptera_free_wake_uvlm,Ptera free-wake UVLM,0.4765625,1.0526080644178566,-0.03725766650240667,0.03725766650240667,1.7409361254384927,-0.061621433234460246,0.061621433234460246
20.0,ptera_free_wake_uvlm,Ptera free-wake UVLM,0.484375,1.065846962848053,-0.04198216553081846,0.04198216553081846,1.762832287283772,-0.06943540627076793,0.06943540627076793
20.0,ptera_free_wake_uvlm,Ptera free-wake UVLM,0.4921875,1.0777669758382813,-0.04661688253540333,0.04661688253540333,1.782547109858176,-0.07710088645966263,0.07710088645966263
20.0,ptera_free_wake_uvlm,Ptera free-wake UVLM,0.5,1.0882727064613313,-0.05114804329378967,0.05114804329378967,1.799922813678105,-0.08459509225297161,0.08459509225297161
20.0,ptera_free_wake_uvlm,Ptera free-wake UVLM,0.5078125,1.0965935350133658,-0.055495688847127175,0.055495688847127175,1.8136848505743624,-0.09178577742845836,0.09178577742845836
20.0,ptera_free_wake_uvlm,Ptera free-wake UVLM,0.515625,1.1031641623649764,-0.05968139560962806,0.05968139560962806,1.82455218373463,-0.09870862778431241,0.09870862778431241
20.0,ptera_free_wake_uvlm,Ptera free-wake UVLM,0.5234375,1.1078914656605072,-0.06367827749537687,0.06367827749537687,1.8323707948219823,-0.10531917571685093,0.10531917571685093
20.0,ptera_free_wake_uvlm,Ptera free-wake UVLM,0.53125,1.1106814138028602,-0.06745917669959518,0.06745917669959518,1.836985163335118,-0.1115725042194267,0.1115725042194267
20.0,ptera_free_wake_uvlm,Ptera free-wake UVLM,0.5390625,1.111069132282827,-0.07094706482606937,0.07094706482606937,1.8376264211129096,-0.11734121400432192,0.11734121400432192
20.0,ptera_free_wake_uvlm,Ptera free-wake UVLM,0.546875,1.10875468441705,-0.07406327761621877,0.07406327761621877,1.8337984949966457,-0.12249520018808246,0.12249520018808246
20.0,ptera_free_wake_uvlm,Ptera free-wake UVLM,0.5546875,1.1041525489369515,-0.07682083073221883,0.07682083073221883,1.826186902246882,-0.12705598971624843,0.12705598971624843
20.0,ptera_free_wake_uvlm,Ptera free-wake UVLM,0.5625,1.0971962065376089,-0.07918342366984614,0.07918342366984614,1.8146816248380178,-0.13096354423141926,0.13096354423141926
20.0,ptera_free_wake_uvlm,Ptera free-wake UVLM,0.5703125,1.0878199025278452,-0.08111533966060437,0.08111533966060437,1.7991739093592094,-0.13415879083204585,0.13415879083204585
20.0,ptera_free_wake_uvlm,Ptera free-wake UVLM,0.578125,1.0751759196473247,-0.0823827711163079,0.0823827711163079,1.778261693967531,-0.13625502900686137,0.13625502900686137
20.0,ptera_free_wake_uvlm,Ptera free-wake UVLM,0.5859375,1.0599494241272713,-0.08305158003080941,0.08305158003080941,1.7530781930893111,-0.13736118963742325,0.13736118963742325
20.0,ptera_free_wake_uvlm,Ptera free-wake UVLM,0.59375,1.0423192743073957,-0.08311043181425384,0.08311043181425384,1.7239192252304727,-0.13745852614785703,0.13745852614785703
20.0,ptera_free_wake_uvlm,Ptera free-wake UVLM,0.6015625,1.022340138057563,-0.08252080994294152,0.08252080994294152,1.6908752070168864,-0.13648333504794466,0.13648333504794466
20.0,ptera_free_wake_uvlm,Ptera free-wake UVLM,0.609375,0.9998469267225074,-0.08116127333255516,0.08116127333255516,1.653673093985406,-0.1342347617385745,0.1342347617385745
20.0,ptera_free_wake_uvlm,Ptera free-wake UVLM,0.6171875,0.9746932806692417,-0.07886357486200898,0.07886357486200898,1.6120708180947665,-0.1304345378870207,0.1304345378870207
20.0,ptera_free_wake_uvlm,Ptera free-wake UVLM,0.625,0.9476630542880735,-0.0758105283267596,0.0758105283267596,1.5673648167097387,-0.12538502403135776,0.12538502403135776
20.0,ptera_free_wake_uvlm,Ptera free-wake UVLM,0.6328125,0.9189454433677331,-0.0719937268011041,0.0719937268011041,1.519868005714701,-0.11907231573635026,0.11907231573635026
20.0,ptera_free_wake_uvlm,Ptera free-wake UVLM,0.640625,0.888738098253622,-0.06741113341105688,0.06741113341105688,1.4699072842073768,-0.111493044162613,0.111493044162613
20.0,ptera_free_wake_uvlm,Ptera free-wake UVLM,0.6484375,0.8569762103260006,-0.06188813916710168,0.06188813916710168,1.4173754635093225,-0.10235841891612288,0.10235841891612288
20.0,ptera_free_wake_uvlm,Ptera free-wake UVLM,0.65625,0.8242835900332556,-0.05560617254637136,0.05560617254637136,1.3633042801060673,-0.09196850932059208,0.09196850932059208
20.0,ptera_free_wake_uvlm,Ptera free-wake UVLM,0.6640625,0.7910225875414564,-0.048707519204199565,0.048707519204199565,1.3082930344547266,-0.08055864535863769,0.08055864535863769
20.0,ptera_free_wake_uvlm,Ptera free-wake UVLM,0.671875,0.7574147653841405,-0.04125988984366277,0.04125988984366277,1.2527081746490574,-0.06824081554056041,0.06824081554056041
20.0,ptera_free_wake_uvlm,Ptera free-wake UVLM,0.6796875,0.7236899552677185,-0.03332182548923281,0.03332182548923281,1.1969298253850285,-0.05511184240436689,0.05511184240436689
20.0,ptera_free_wake_uvlm,Ptera free-wake UVLM,0.6875,0.6902153465778563,-0.024977155519873305,0.024977155519873305,1.1415652908321525,-0.0413103735617791,0.0413103735617791
20.0,ptera_free_wake_uvlm,Ptera free-wake UVLM,0.6953125,0.6572233578239374,-0.016481715875808628,0.016481715875808628,1.08699897406778,-0.027259542794095284,0.027259542794095284
20.0,ptera_free_wake_uvlm,Ptera free-wake UVLM,0.703125,0.6248286792601497,-0.007955069285639571,0.007955069285639571,1.0334205643157548,-0.01315709803857092,0.01315709803857092
20.0,ptera_free_wake_uvlm,Ptera free-wake UVLM,0.7109375,0.5931417748258734,0.0004859196686701373,-0.0004859196686701373,0.9810127607868527,0.0008036753031307994,-0.0008036753031307994
20.0,ptera_free_wake_uvlm,Ptera free-wake UVLM,0.71875,0.562519104806702,0.008648231755959931,-0.008648231755959931,0.9303651225101672,0.014303537654769655,-0.014303537654769655
20.0,ptera_free_wake_uvlm,Ptera free-wake UVLM,0.7265625,0.5329893170587087,0.016333601883814882,-0.016333601883814882,0.8815250309273192,0.027014573172389575,-0.027014573172389575
20.0,ptera_free_wake_uvlm,Ptera free-wake UVLM,0.734375,0.5044347395309116,0.023498551505320157,-0.023498551505320157,0.8342978651424273,0.03886487154524496,-0.03886487154524496
20.0,ptera_free_wake_uvlm,Ptera free-wake UVLM,0.7421875,0.47685829060057733,0.030064786065067052,-0.030064786065067052,0.7886884519363071,0.04972493935166843,-0.04972493935166843
20.0,ptera_free_wake_uvlm,Ptera free-wake UVLM,0.75,0.4502472912333978,0.035959383271414506,-0.035959383271414506,0.7446758211210897,0.05947416849814524,-0.05947416849814524
20.0,ptera_free_wake_uvlm,Ptera free-wake UVLM,0.7578125,0.4249478233911568,0.040821082820947915,-0.040821082820947915,0.7028323667435235,0.06751506108003108,-0.06751506108003108
20.0,ptera_free_wake_uvlm,Ptera free-wake UVLM,0.765625,0.400560484077046,0.04490605617216667,-0.04490605617216667,0.6624975056965082,0.07427130580111192,-0.07427130580111192
20.0,ptera_free_wake_uvlm,Ptera free-wake UVLM,0.7734375,0.3770326489703416,0.04820728991561418,-0.04820728991561418,0.6235842012337738,0.07973130299927403,-0.07973130299927403
20.0,ptera_free_wake_uvlm,Ptera free-wake UVLM,0.78125,0.35432298044622124,0.050728721334636226,-0.050728721334636226,0.5860240839718563,0.08390156465085923,-0.08390156465085923
20.0,ptera_free_wake_uvlm,Ptera free-wake UVLM,0.7890625,0.33253578780048726,0.05237468485369907,-0.05237468485369907,0.5499896737948611,0.0866238669477499,-0.0866238669477499
20.0,ptera_free_wake_uvlm,Ptera free-wake UVLM,0.796875,0.3116636734117341,0.05317379379790968,-0.05317379379790968,0.5154687355824401,0.08794553421989518,-0.08794553421989518
20.0,ptera_free_wake_uvlm,Ptera free-wake UVLM,0.8046875,0.29149766336947197,0.053337038670503954,-0.053337038670503954,0.48211564189514644,0.08821552920245229,-0.08821552920245229
20.0,ptera_free_wake_uvlm,Ptera free-wake UVLM,0.8125,0.2720175359687826,0.05291336032503194,-0.05291336032503194,0.4498969475240746,0.0875147964585832,-0.0875147964585832
20.0,ptera_free_wake_uvlm,Ptera free-wake UVLM,0.8203125,0.25320829769053155,0.05195482872860261,-0.05195482872860261,0.41878785429411,0.08592945587455401,-0.08592945587455401
20.0,ptera_free_wake_uvlm,Ptera free-wake UVLM,0.828125,0.23528529585618652,0.05039985055175314,-0.05039985055175314,0.38914453079651895,0.08335763662496191,-0.08335763662496191
20.0,ptera_free_wake_uvlm,Ptera free-wake UVLM,0.8359375,0.21805059997875223,0.048465346234770106,-0.048465346234770106,0.3606396146000378,0.0801581091236074,-0.0801581091236074
20.0,ptera_free_wake_uvlm,Ptera free-wake UVLM,0.84375,0.20147614003151748,0.04623134246742994,-0.04623134246742994,0.3332266799502044,0.0764632316146847,-0.0764632316146847
20.0,ptera_free_wake_uvlm,Ptera free-wake UVLM,0.8515625,0.1855655513126594,0.0437491762312156,-0.0437491762312156,0.3069117393621582,0.07235791168028051,-0.07235791168028051
20.0,ptera_free_wake_uvlm,Ptera free-wake UVLM,0.859375,0.17039131750519823,0.04105283951086952,-0.04105283951086952,0.28181467550309564,0.06789836955679039,-0.06789836955679039
20.0,ptera_free_wake_uvlm,Ptera free-wake UVLM,0.8671875,0.15608527923513915,0.03820606093767143,-0.03820606093767143,0.25815354304727917,0.0631900077013777,-0.0631900077013777
20.0,ptera_free_wake_uvlm,Ptera free-wake UVLM,0.875,0.14246881854886434,0.035298128631440835,-0.035298128631440835,0.2356329210696592,0.05838050208064476,-0.05838050208064476
20.0,ptera_free_wake_uvlm,Ptera free-wake UVLM,0.8828125,0.12955165610141878,0.03236468611554478,-0.03236468611554478,0.21426888681693626,0.053528804454097495,-0.053528804454097495
20.0,ptera_free_wake_uvlm,Ptera free-wake UVLM,0.890625,0.11734351943440013,0.02943955319047766,-0.02943955319047766,0.1940775289256614,0.048690850278081094,-0.048690850278081094
20.0,ptera_free_wake_uvlm,Ptera free-wake UVLM,0.8984375,0.10605436192456202,0.026578696547193137,-0.026578696547193137,0.17540609480026179,0.04395920433277929,-0.04395920433277929
20.0,ptera_free_wake_uvlm,Ptera free-wake UVLM,0.90625,0.0955823755297582,0.023820556791777373,-0.023820556791777373,0.1580862014457519,0.0393974445462751,-0.0393974445462751
20.0,ptera_free_wake_uvlm,Ptera free-wake UVLM,0.9140625,0.08585501485568818,0.021179964708069144,-0.021179964708069144,0.14199786412902807,0.03503009994150335,-0.03503009994150335
20.0,ptera_free_wake_uvlm,Ptera free-wake UVLM,0.921875,0.07687965651539458,0.018676391156045108,-0.018676391156045108,0.1271532832241549,0.03088937388519909,-0.03088937388519909
20.0,ptera_free_wake_uvlm,Ptera free-wake UVLM,0.9296875,0.06870620414525988,0.016338171075626105,-0.016338171075626105,0.11363499566610931,0.02702213027874009,-0.02702213027874009
20.0,ptera_free_wake_uvlm,Ptera free-wake UVLM,0.9375,0.06155777489657976,0.014241548693922175,-0.014241548693922175,0.1018120207717919,0.02355447145196686,-0.02355447145196686
20.0,ptera_free_wake_uvlm,Ptera free-wake UVLM,0.9453125,0.05518481376163728,0.012345753146220844,-0.012345753146220844,0.09127161295915283,0.020418965400848,-0.020418965400848
20.0,ptera_free_wake_uvlm,Ptera free-wake UVLM,0.953125,0.04959064748665062,0.010661793725789816,-0.010661793725789816,0.08201927442114233,0.017633820684687957,-0.017633820684687957
20.0,ptera_free_wake_uvlm,Ptera free-wake UVLM,0.9609375,0.04477858432325141,0.009200257413266629,-0.009200257413266629,0.07406047676202819,0.015216547388839726,-0.015216547388839726
20.0,ptera_free_wake_uvlm,Ptera free-wake UVLM,0.96875,0.040928304983169544,0.008027091384070905,-0.008027091384070905,0.06769239863041598,0.013276217278891713,-0.013276217278891713
20.0,ptera_free_wake_uvlm,Ptera free-wake UVLM,0.9765625,0.03799849073304694,0.007145185906246416,-0.007145185906246416,0.0628467018879311,0.011817610645077001,-0.011817610645077001
20.0,ptera_free_wake_uvlm,Ptera free-wake UVLM,0.984375,0.03585940254850071,0.006523074486285087,-0.006523074486285087,0.05930880775443447,0.010788684227286826,-0.010788684227286826
20.0,ptera_free_wake_uvlm,Ptera free-wake UVLM,0.9921875,0.03451053396463985,0.006167895001032715,-0.006167895001032715,0.05707787857434012,0.01020124354751921,-0.01020124354751921
20.0,robofalcon2_coefficient_transfer,RoboFalcon2 S3-S4 coefficient transfer,0.0,0.8645975052482772,0.38293904914271076,-0.38293904914271076,1.4299805233614433,0.6333529516157694,-0.6333529516157694
20.0,robofalcon2_coefficient_transfer,RoboFalcon2 S3-S4 coefficient transfer,0.0078125,0.8628262837345164,0.38283912938133896,-0.38283912938133896,1.427051053577108,0.6331876916979542,-0.6331876916979542
20.0,robofalcon2_coefficient_transfer,RoboFalcon2 S3-S4 coefficient transfer,0.015625,0.8606470740482072,0.3821765843221529,-0.3821765843221529,1.4234468014380182,0.6320918910222243,-0.6320918910222243
20.0,robofalcon2_coefficient_transfer,RoboFalcon2 S3-S4 coefficient transfer,0.0234375,0.8580727975236151,0.3809426448248841,-0.3809426448248841,1.4191891378783064,0.6300510460771604,-0.6300510460771604
20.0,robofalcon2_coefficient_transfer,RoboFalcon2 S3-S4 coefficient transfer,0.03125,0.8551223289302039,0.3791265286939765,-0.3791265286939765,1.4143092803749515,0.6270473239063282,-0.6270473239063282
20.0,robofalcon2_coefficient_transfer,RoboFalcon2 S3-S4 coefficient transfer,0.0390625,0.8518204535720407,0.3767155195151087,-0.3767155195151087,1.4088482219933587,0.6230596924980736,-0.6230596924980736
20.0,robofalcon2_coefficient_transfer,RoboFalcon2 S3-S4 coefficient transfer,0.046875,0.8481977656701298,0.37369507328911045,-0.37369507328911045,1.4028565633192314,0.6180640971501576,-0.6180640971501576
20.0,robofalcon2_coefficient_transfer,RoboFalcon2 S3-S4 coefficient transfer,0.0546875,0.8442904865757463,0.37004896007435534,-0.37004896007435534,1.3963942117968298,0.6120336947358304,-0.6120336947358304
20.0,robofalcon2_coefficient_transfer,RoboFalcon2 S3-S4 coefficient transfer,0.0625,0.8401401762421948,0.36575944619343304,-0.36575944619343304,1.3895299045245342,0.6049391550602318,-0.6049391550602318
20.0,robofalcon2_coefficient_transfer,RoboFalcon2 S3-S4 coefficient transfer,0.0703125,0.8357914153683252,0.3607987816047187,-0.3607987816047187,1.3823373746911245,0.5967345816006387,-0.5967345816006387
20.0,robofalcon2_coefficient_transfer,RoboFalcon2 S3-S4 coefficient transfer,0.078125,0.8312981991020104,0.35515520089478037,-0.35515520089478037,1.3749059262898988,0.5874005152307471,-0.5874005152307471
20.0,robofalcon2_coefficient_transfer,RoboFalcon2 S3-S4 coefficient transfer,0.0859375,0.8267148398238131,0.34880805799536224,-0.34880805799536224,1.3673253879936333,0.576902808875981,-0.576902808875981
20.0,robofalcon2_coefficient_transfer,RoboFalcon2 S3-S4 coefficient transfer,0.09375,0.8220979191390125,0.3417365162112336,-0.3417365162112336,1.3596893416054663,0.5652070001788037,-0.5652070001788037
20.0,robofalcon2_coefficient_transfer,RoboFalcon2 S3-S4 coefficient transfer,0.1015625,0.8175048078630697,0.333920073780823,-0.333920073780823,1.3520926742239845,0.552279180737255,-0.552279180737255
20.0,robofalcon2_coefficient_transfer,RoboFalcon2 S3-S4 coefficient transfer,0.109375,0.8129918000723522,0.3253392089984666,-0.3253392089984666,1.344628492100707,0.5380870630895824,-0.5380870630895824
20.0,robofalcon2_coefficient_transfer,RoboFalcon2 S3-S4 coefficient transfer,0.1171875,0.8086118320782191,0.31597618154859514,-0.31597618154859514,1.3373843479914105,0.5226013060619005,-0.5226013060619005
20.0,robofalcon2_coefficient_transfer,RoboFalcon2 S3-S4 coefficient transfer,0.125,0.8044117909995754,0.30581604149528896,-0.30581604149528896,1.3304377897335842,0.5057971835625182,-0.5057971835625182
20.0,robofalcon2_coefficient_transfer,RoboFalcon2 S3-S4 coefficient transfer,0.1328125,0.800432597752921,0.2948374824671569,-0.2948374824671569,1.323856497505852,0.48763945642416084,-0.48763945642416084
20.0,robofalcon2_coefficient_transfer,RoboFalcon2 S3-S4 coefficient transfer,0.140625,0.7966968377810838,0.28304582749926444,-0.28304582749926444,1.317677825965334,0.4681369285543373,-0.4681369285543373
20.0,robofalcon2_coefficient_transfer,RoboFalcon2 S3-S4 coefficient transfer,0.1484375,0.7932137205697739,0.2704440745457302,-0.2704440745457302,1.3119170069223411,0.44729455834810844,-0.44729455834810844
20.0,robofalcon2_coefficient_transfer,RoboFalcon2 S3-S4 coefficient transfer,0.15625,0.7899739185787396,0.2570457320885211,-0.2570457320885211,1.3065586133130556,0.42513468783861175,-0.42513468783861175
20.0,robofalcon2_coefficient_transfer,RoboFalcon2 S3-S4 coefficient transfer,0.1640625,0.7869476139614329,0.24287791421274377,-0.24287791421274377,1.3015533286178786,0.40170216172338086,-0.40170216172338086
20.0,robofalcon2_coefficient_transfer,RoboFalcon2 S3-S4 coefficient transfer,0.171875,0.7840839383343052,0.22798479241132777,-0.22798479241132777,1.2968170202811555,0.3770700363947761,-0.3770700363947761
20.0,robofalcon2_coefficient_transfer,RoboFalcon2 S3-S4 coefficient transfer,0.1796875,0.7813123095418499,0.21243110380905883,-0.21243110380905883,1.2922329506219898,0.35134538228385936,-0.35134538228385936
20.0,robofalcon2_coefficient_transfer,RoboFalcon2 S3-S4 coefficient transfer,0.1875,0.7785460267224705,0.1963052084010174,-0.1963052084010174,1.2876577228081114,0.32467434030734893,-0.32467434030734893
20.0,robofalcon2_coefficient_transfer,RoboFalcon2 S3-S4 coefficient transfer,0.1953125,0.7756857752206779,0.17971685709935686,-0.17971685709935686,1.2829270777222177,0.29723843038156184,-0.29723843038156184
20.0,robofalcon2_coefficient_transfer,RoboFalcon2 S3-S4 coefficient transfer,0.203125,0.7726324996673104,0.16281369391247474,-0.16281369391247474,1.2778771850874737,0.2692818448099893,-0.2692818448099893
20.0,robofalcon2_coefficient_transfer,RoboFalcon2 S3-S4 coefficient transfer,0.2109375,0.7692944306927507,0.14575890322608462,-0.14575890322608462,1.2723562651330649,0.2410744785343478,-0.2410744785343478
20.0,robofalcon2_coefficient_transfer,RoboFalcon2 S3-S4 coefficient transfer,0.21875,0.7655961417748992,0.128732939218976,-0.128732939218976,1.2662395679529446,0.21291478946072867,-0.21291478946072867
20.0,robofalcon2_coefficient_transfer,RoboFalcon2 S3-S4 coefficient transfer,0.2265625,0.7614862020471374,0.11192528827242168,-0.11192528827242168,1.2594420306859346,0.18511617409214923,-0.18511617409214923
20.0,robofalcon2_coefficient_transfer,RoboFalcon2 S3-S4 coefficient transfer,0.234375,0.7569421921375118,0.09552436573143319,-0.09552436573143319,1.2519265733438967,0.1579902575166226,-0.1579902575166226
20.0,robofalcon2_coefficient_transfer,RoboFalcon2 S3-S4 coefficient transfer,0.2421875,0.7519723100955742,0.07970681687907544,-0.07970681687907544,1.243706754896313,0.1318291980075571,-0.1318291980075571
20.0,robofalcon2_coefficient_transfer,RoboFalcon2 S3-S4 coefficient transfer,0.25,0.7466134217051772,0.06462768037557168,-0.06462768037557168,1.2348435486314107,0.1068894180773259,-0.1068894180773259
20.0,robofalcon2_coefficient_transfer,RoboFalcon2 S3-S4 coefficient transfer,0.2578125,0.778929615166539,0.05292458194197033,-0.05292458194197033,1.2882921498110518,0.08753335618558349,-0.08753335618558349
20.0,robofalcon2_coefficient_transfer,RoboFalcon2 S3-S4 coefficient transfer,0.265625,0.8170600345197391,0.04096453033075858,-0.04096453033075858,1.351357051909078,0.06775231268428483,-0.06775231268428483
20.0,robofalcon2_coefficient_transfer,RoboFalcon2 S3-S4 coefficient transfer,0.2734375,0.8556055624257644,0.028449763145509,-0.028449763145509,1.4151085129458216,0.04705381052498142,-0.04705381052498142
20.0,robofalcon2_coefficient_transfer,RoboFalcon2 S3-S4 coefficient transfer,0.28125,0.8944300389072153,0.015537099506676984,-0.015537099506676984,1.4793213343582967,0.025697216969989688,-0.025697216969989688
20.0,robofalcon2_coefficient_transfer,RoboFalcon2 S3-S4 coefficient transfer,0.2890625,0.9334241650934662,0.002374975200916394,-0.002374975200916394,1.5438147438735428,0.003928033865655942,-0.003928033865655942
20.0,robofalcon2_coefficient_transfer,RoboFalcon2 S3-S4 coefficient transfer,0.296875,0.9725039077836322,-0.010902641478750509,0.010902641478750509,1.6084497567734084,-0.01803216510939256,0.01803216510939256
20.0,robofalcon2_coefficient_transfer,RoboFalcon2 S3-S4 coefficient transfer,0.3046875,1.01160743690385,-0.024180080098291524,0.024180080098291524,1.6731241106747088,-0.03999206958612195,0.03999206958612195
20.0,robofalcon2_coefficient_transfer,RoboFalcon2 S3-S4 coefficient transfer,0.3125,1.0506912472065673,-0.0373617124489672,0.0373617124489672,1.7377658511058127,-0.061793517558337105,0.061793517558337105
20.0,robofalcon2_coefficient_transfer,RoboFalcon2 S3-S4 coefficient transfer,0.3203125,1.0897251268845558,-0.05036906065612815,0.05036906065612815,1.8023250099652048,-0.08330671240786343,0.08330671240786343
20.0,robofalcon2_coefficient_transfer,RoboFalcon2 S3-S4 coefficient transfer,0.328125,1.12869041843228,-0.06314734766793026,0.06314734766793026,1.8667707291144238,-0.1044410569298874,0.1044410569298874
20.0,robofalcon2_coefficient_transfer,RoboFalcon2 S3-S4 coefficient transfer,0.3359375,1.1675744322426083,-0.0756571981871596,0.0756571981871596,1.9310820208789308,-0.12513142728611928,0.12513142728611928
20.0,robofalcon2_coefficient_transfer,RoboFalcon2 S3-S4 coefficient transfer,0.34375,1.2063675145708315,-0.08787347042150609,0.08787347042150609,1.995242918676787,-0.14533624080588564,0.14533624080588564
20.0,robofalcon2_coefficient_transfer,RoboFalcon2 S3-S4 coefficient transfer,0.3515625,1.2450603095355575,-0.09978266808690829,0.09978266808690829,2.0592379485700176,-0.16503317563048525,0.16503317563048525
20.0,robofalcon2_coefficient_transfer,RoboFalcon2 S3-S4 coefficient transfer,0.359375,1.28364146982015,-0.11138043323684328,0.11138043323684328,2.12304834293359,-0.1842150240376984,0.1842150240376984
20.0,robofalcon2_coefficient_transfer,RoboFalcon2 S3-S4 coefficient transfer,0.3671875,1.3220957534285591,-0.12266924081707582,0.12266924081707582,2.186648892629892,-0.20288587940533218,0.20288587940533218
20.0,robofalcon2_coefficient_transfer,RoboFalcon2 S3-S4 coefficient transfer,0.375,1.3604024322131014,-0.13365635534825698,0.13365635534825698,2.250005314831028,-0.22105775671490052,0.22105775671490052
20.0,robofalcon2_coefficient_transfer,RoboFalcon2 S3-S4 coefficient transfer,0.3828125,1.398531260237418,-0.14434848009107312,0.14434848009107312,2.313067584988416,-0.23874174266531975,0.23874174266531975
20.0,robofalcon2_coefficient_transfer,RoboFalcon2 S3-S4 coefficient transfer,0.390625,1.4364482485183734,-0.15476133093717517,0.15476133093717517,2.3757794878300977,-0.2559638301825834,0.2559638301825834
20.0,robofalcon2_coefficient_transfer,RoboFalcon2 S3-S4 coefficient transfer,0.3984375,1.4741083924266165,-0.16490699485261046,0.16490699485261046,2.438066589017502,-0.2727440102173122,0.2727440102173122
20.0,robofalcon2_coefficient_transfer,RoboFalcon2 S3-S4 coefficient transfer,0.40625,1.5114565995593785,-0.17479676789992904,0.17479676789992904,2.499837769778638,-0.2891009656240589,0.2891009656240589
20.0,robofalcon2_coefficient_transfer,RoboFalcon2 S3-S4 coefficient transfer,0.4140625,1.5484267610321094,-0.1844402986830962,0.1844402986830962,2.5609836908929395,-0.30505065448235097,0.30505065448235097
20.0,robofalcon2_coefficient_transfer,RoboFalcon2 S3-S4 coefficient transfer,0.421875,1.584940851646001,-0.19384486920774838,0.19384486920774838,2.6213753044346952,-0.32060512069257896,0.32060512069257896
20.0,robofalcon2_coefficient_transfer,RoboFalcon2 S3-S4 coefficient transfer,0.4296875,1.620908049667902,-0.2030147813381387,0.2030147813381387,2.6808623979539314,-0.3357714792210234,0.3357714792210234
20.0,robofalcon2_coefficient_transfer,RoboFalcon2 S3-S4 coefficient transfer,0.4375,1.6562238755480645,-0.21195082078189284,0.21195082078189284,2.739272169979071,-0.35055102957016376,0.35055102957016376
20.0,robofalcon2_coefficient_transfer,RoboFalcon2 S3-S4 coefficient transfer,0.4453125,1.6907578250098922,-0.22064664696057035,0.22064664696057035,2.7963887760592394,-0.3649332848907763,0.3649332848907763
20.0,robofalcon2_coefficient_transfer,RoboFalcon2 S3-S4 coefficient transfer,0.453125,1.7243835134322585,-0.2290974378149541,0.2290974378149541,2.8520031853499486,-0.37891026985246623,0.37891026985246623
20.0,robofalcon2_coefficient_transfer,RoboFalcon2 S3-S4 coefficient transfer,0.4609375,1.7569501632011757,-0.23729050126839718,0.23729050126839718,2.905866022795116,-0.3924609926962983,0.3924609926962983
20.0,robofalcon2_coefficient_transfer,RoboFalcon2 S3-S4 coefficient transfer,0.46875,1.7882904512468176,-0.24520786949376833,0.24520786949376833,2.9577005483746643,-0.405555735961039,0.405555735961039
20.0,robofalcon2_coefficient_transfer,RoboFalcon2 S3-S4 coefficient transfer,0.4765625,1.8182201291380327,-0.25282590903519087,0.25282590903519087,3.007202028768861,-0.4181554116532599,0.4181554116532599
20.0,robofalcon2_coefficient_transfer,RoboFalcon2 S3-S4 coefficient transfer,0.484375,1.8465378912957426,-0.26011494408802116,0.26011494408802116,3.054037519392997,-0.4302109381801993,0.4302109381801993
20.0,robofalcon2_coefficient_transfer,RoboFalcon2 S3-S4 coefficient transfer,0.4921875,1.8730255670567748,-0.2670388980318701,0.2670388980318701,3.0978461820568017,-0.44166264747181055,0.44166264747181055
20.0,robofalcon2_coefficient_transfer,RoboFalcon2 S3-S4 coefficient transfer,0.5,1.8974487269368479,-0.2735549648766479,0.2735549648766479,3.1382402876787214,-0.45243974157674643,0.45243974157674643
20.0,robofalcon2_coefficient_transfer,RoboFalcon2 S3-S4 coefficient transfer,0.5078125,1.9195248580613642,-0.27960675379563343,0.27960675379563343,3.174752580795004,-0.46244895422553717,0.46244895422553717
20.0,robofalcon2_coefficient_transfer,RoboFalcon2 S3-S4 coefficient transfer,0.515625,1.9390171767350193,-0.2851422143195941,0.2851422143195941,3.2069914386326484,-0.47160419777996637,0.47160419777996637
20.0,robofalcon2_coefficient_transfer,RoboFalcon2 S3-S4 coefficient transfer,0.5234375,1.9556515059466972,-0.2900967060514736,0.2900967060514736,3.234503392631465,-0.47979856178950453,0.47979856178950453
20.0,robofalcon2_coefficient_transfer,RoboFalcon2 S3-S4 coefficient transfer,0.53125,1.9691462423760764,-0.2943982801318609,0.2943982801318609,3.2568226916634075,-0.48691304814577036,0.48691304814577036
20.0,robofalcon2_coefficient_transfer,RoboFalcon2 S3-S4 coefficient transfer,0.5390625,1.9792166500317319,-0.2979678850457941,0.2979678850457941,3.2734784033934132,-0.4928169114718089,0.4928169114718089
20.0,robofalcon2_coefficient_transfer,RoboFalcon2 S3-S4 coefficient transfer,0.546875,1.9855801565488826,-0.30071979469937965,0.30071979469937965,3.2840031739653526,-0.49736836712925686,0.49736836712925686
20.0,robofalcon2_coefficient_transfer,RoboFalcon2 S3-S4 coefficient transfer,0.5546875,1.9879626750358064,-0.3025623047555941,0.3025623047555941,3.2879436838698672,-0.5004157429064142,0.5004157429064142
20.0,robofalcon2_coefficient_transfer,RoboFalcon2 S3-S4 coefficient transfer,0.5625,1.9861059122378406,-0.3033987407490305,0.3033987407490305,3.2848727351087663,-0.5017991463657026,0.5017991463657026
20.0,robofalcon2_coefficient_transfer,RoboFalcon2 S3-S4 coefficient transfer,0.5703125,1.9797156358840793,-0.30311335775199166,0.30311335775199166,3.274303689200923,-0.5013271439310588,0.5013271439310588
20.0,robofalcon2_coefficient_transfer,RoboFalcon2 S3-S4 coefficient transfer,0.578125,1.9686462769510649,-0.3016169466046722,0.3016169466046722,3.2559957857149393,-0.49885219022992217,0.49885219022992217
20.0,robofalcon2_coefficient_transfer,RoboFalcon2 S3-S4 coefficient transfer,0.5859375,1.9527401693173123,-0.29880772887801244,0.29880772887801244,3.229688256511249,-0.49420595124516864,0.49420595124516864
20.0,robofalcon2_coefficient_transfer,RoboFalcon2 S3-S4 coefficient transfer,0.59375,1.9318911451889964,-0.2945868774171441,0.2945868774171441,3.1952055078870516,-0.4872249741495776,0.4872249741495776
20.0,robofalcon2_coefficient_transfer,RoboFalcon2 S3-S4 coefficient transfer,0.6015625,1.9060529161825146,-0.28886146335371565,0.28886146335371565,3.152470982268901,-0.47775556144692194,0.47775556144692194
20.0,robofalcon2_coefficient_transfer,RoboFalcon2 S3-S4 coefficient transfer,0.609375,1.8752461345741913,-0.2815477605311075,0.2815477605311075,3.1015188369990607,-0.4656592362476259,0.4656592362476259
20.0,robofalcon2_coefficient_transfer,RoboFalcon2 S3-S4 coefficient transfer,0.6171875,1.8395634672601489,-0.2725748808258458,0.2725748808258458,3.0425023362910064,-0.4508187548223355,0.4508187548223355
20.0,robofalcon2_coefficient_transfer,RoboFalcon2 S3-S4 coefficient transfer,0.625,1.7991720549510974,-0.26188872550508857,0.26188872550508857,2.9756979185562837,-0.4331446418558518,0.4331446418558518
20.0,robofalcon2_coefficient_transfer,RoboFalcon2 S3-S4 coefficient transfer,0.6328125,1.7542594109498566,-0.24943375276013793,0.24943375276013793,2.9014157169716306,-0.41254503529191355,0.41254503529191355
20.0,robofalcon2_coefficient_transfer,RoboFalcon2 S3-S4 coefficient transfer,0.640625,1.7051990042469403,-0.2352257046979865,0.2352257046979865,2.820273421709958,-0.38904597141475655,0.38904597141475655
20.0,robofalcon2_coefficient_transfer,RoboFalcon2 S3-S4 coefficient transfer,0.6484375,1.6523662052462824,-0.21928935995760734,0.21928935995760734,2.7328918677417726,-0.3626884322662116,0.3626884322662116
20.0,robofalcon2_coefficient_transfer,RoboFalcon2 S3-S4 coefficient transfer,0.65625,1.5961885947140613,-0.2016861176341756,0.2016861176341756,2.6399782421270506,-0.3335739674224913,0.3335739674224913
20.0,robofalcon2_coefficient_transfer,RoboFalcon2 S3-S4 coefficient transfer,0.6640625,1.5371343285717585,-0.18251993076237688,0.18251993076237688,2.542306840240867,-0.3018745075380822,0.3018745075380822
20.0,robofalcon2_coefficient_transfer,RoboFalcon2 S3-S4 coefficient transfer,0.671875,1.47570019448037,-0.16194324785259795,0.16194324785259795,2.4406993122443184,-0.2678421912085102,0.2678421912085102
20.0,robofalcon2_coefficient_transfer,RoboFalcon2 S3-S4 coefficient transfer,0.6796875,1.4124007897183122,-0.14016221709554924,0.14016221709554924,2.3360067640925366,-0.23181797234105903,0.23181797234105903
20.0,robofalcon2_coefficient_transfer,RoboFalcon2 S3-S4 coefficient transfer,0.6875,1.3477600226327238,-0.11743993432717383,0.11743993432717383,2.22909570156178,-0.19423699204924372,0.19423699204924372
20.0,robofalcon2_coefficient_transfer,RoboFalcon2 S3-S4 coefficient transfer,0.6953125,1.2823017190243269,-0.09409272465747223,0.09409272465747223,2.120832493902618,-0.15562242874105778,0.15562242874105778
20.0,robofalcon2_coefficient_transfer,RoboFalcon2 S3-S4 coefficient transfer,0.703125,1.2165712017690906,-0.07050468162183161,0.07050468162183161,2.012119064943012,-0.11660954480324023,0.11660954480324023
20.0,robofalcon2_coefficient_transfer,RoboFalcon2 S3-S4 coefficient transfer,0.7109375,1.1510961086039606,-0.047085594885233624,0.047085594885233624,1.9038280885949763,-0.0778761021261985,0.0778761021261985
20.0,robofalcon2_coefficient_transfer,RoboFalcon2 S3-S4 coefficient transfer,0.71875,1.0864009541570285,-0.024262950206550657,0.024262950206550657,1.7968270733787601,-0.040129130634829674,0.040129130634829674
20.0,robofalcon2_coefficient_transfer,RoboFalcon2 S3-S4 coefficient transfer,0.7265625,1.0230019244328858,-0.002456206017852859,0.002456206017852859,1.6919697528854474,-0.004062383647387649,0.004062383647387649
20.0,robofalcon2_coefficient_transfer,RoboFalcon2 S3-S4 coefficient transfer,0.734375,0.9613973103560685,0.017951698835129412,-0.017951698835129412,1.5900802635631872,0.029690786220940835,-0.029690786220940835
20.0,robofalcon2_coefficient_transfer,RoboFalcon2 S3-S4 coefficient transfer,0.7421875,0.9020534585712976,0.03664136956057849,-0.03664136956057849,1.4919299083766984,0.060602123534776994,-0.060602123534776994
20.0,robofalcon2_coefficient_transfer,RoboFalcon2 S3-S4 coefficient transfer,0.75,0.8453876909507031,0.053378075119806544,-0.053378075119806544,1.3982089069316308,0.0882834004638131,-0.0882834004638131
20.0,robofalcon2_coefficient_transfer,RoboFalcon2 S3-S4 coefficient transfer,0.7578125,0.8140734294885492,0.06995069024821285,-0.06995069024821285,1.346417427402125,0.11569328391933033,-0.11569328391933033
20.0,robofalcon2_coefficient_transfer,RoboFalcon2 S3-S4 coefficient transfer,0.765625,0.8206295959325542,0.08943548669285753,-0.08943548669285753,1.3572608432874749,0.14791970054483644,-0.14791970054483644
20.0,robofalcon2_coefficient_transfer,RoboFalcon2 S3-S4 coefficient transfer,0.7734375,0.8257364950308612,0.10908726493703606,-0.10908726493703606,1.3657072778434642,0.1804222927545188,-0.1804222927545188
20.0,robofalcon2_coefficient_transfer,RoboFalcon2 S3-S4 coefficient transfer,0.78125,0.8296048303444435,0.12861741951660338,-0.12861741951660338,1.3721052192239052,0.2127237283907457,-0.2127237283907457
20.0,robofalcon2_coefficient_transfer,RoboFalcon2 S3-S4 coefficient transfer,0.7890625,0.8324702301349166,0.14778130260428513,-0.14778130260428513,1.3768443791996718,0.24441937798609276,-0.24441937798609276
20.0,robofalcon2_coefficient_transfer,RoboFalcon2 S3-S4 coefficient transfer,0.796875,0.8345728730679347,0.16638441123596323,-0.16638441123596323,1.3803219955743988,0.27518754797940986,-0.27518754797940986
20.0,robofalcon2_coefficient_transfer,RoboFalcon2 S3-S4 coefficient transfer,0.8046875,0.8361405134734894,0.18428244464361992,-0.18428244464361992,1.3829147572166314,0.3047895755402828,-0.3047895755402828
20.0,robofalcon2_coefficient_transfer,RoboFalcon2 S3-S4 coefficient transfer,0.8125,0.8373760815917856,0.20137689453517893,-0.20137689453517893,1.3849582957807896,0.3330625352170378,-0.3330625352170378
20.0,robofalcon2_coefficient_transfer,RoboFalcon2 S3-S4 coefficient transfer,0.8203125,0.8384497187179117,0.2175965690054737,-0.2175965690054737,1.3867340124237346,0.35988868084780046,-0.35988868084780046
20.0,robofalcon2_coefficient_transfer,RoboFalcon2 S3-S4 coefficient transfer,0.828125,0.8394989660614999,0.23292380085802072,-0.23292380085802072,1.3884693901647205,0.38523879219226187,-0.38523879219226187
20.0,robofalcon2_coefficient_transfer,RoboFalcon2 S3-S4 coefficient transfer,0.8359375,0.8406216443349545,0.2473531801133666,-0.2473531801133666,1.390326217249342,0.40910392154330605,-0.40910392154330605
20.0,robofalcon2_coefficient_transfer,RoboFalcon2 S3-S4 coefficient transfer,0.84375,0.841882503540921,0.26089515546717557,-0.26089515546717557,1.3924115854076915,0.4315013502731365,-0.4315013502731365
20.0,robofalcon2_coefficient_transfer,RoboFalcon2 S3-S4 coefficient transfer,0.8515625,0.8433171681073877,0.273570507380694,-0.273570507380694,1.3947844148169262,0.45246544773242614,-0.45246544773242614
20.0,robofalcon2_coefficient_transfer,RoboFalcon2 S3-S4 coefficient transfer,0.859375,0.8449367343357714,0.2854061093779156,-0.2854061093779156,1.3974630579414142,0.4720406607483654,-0.4720406607483654
20.0,robofalcon2_coefficient_transfer,RoboFalcon2 S3-S4 coefficient transfer,0.8671875,0.8467324761248647,0.2964318429734481,-0.2964318429734481,1.4004330824531692,0.49027641114282894,-0.49027641114282894
20.0,robofalcon2_coefficient_transfer,RoboFalcon2 S3-S4 coefficient transfer,0.875,0.8486803038232926,0.3066784593587506,-0.3066784593587506,1.403654645845046,0.5072235591190786,-0.5072235591190786
20.0,robofalcon2_coefficient_transfer,RoboFalcon2 S3-S4 coefficient transfer,0.8828125,0.8507457326336987,0.31616693005997387,-0.31616693005997387,1.4070707128049225,0.5229167900350511,-0.5229167900350511
20.0,robofalcon2_coefficient_transfer,RoboFalcon2 S3-S4 coefficient transfer,0.890625,0.8528832824823842,0.32493595061198144,-0.32493595061198144,1.4106060626443333,0.5374201034522303,-0.5374201034522303
20.0,robofalcon2_coefficient_transfer,RoboFalcon2 S3-S4 coefficient transfer,0.8984375,0.855044565246714,0.33301229900252893,-0.33301229900252893,1.4141806649762945,0.5507777881879132,-0.5507777881879132
20.0,robofalcon2_coefficient_transfer,RoboFalcon2 S3-S4 coefficient transfer,0.90625,0.8571787125475595,0.34042054274802497,-0.34042054274802497,1.4177103872524617,0.563030477102776,-0.563030477102776
20.0,robofalcon2_coefficient_transfer,RoboFalcon2 S3-S4 coefficient transfer,0.9140625,0.8592342859249724,0.34718292292596237,-0.34718292292596237,1.421110154052849,0.5742149552990659,-0.5742149552990659
20.0,robofalcon2_coefficient_transfer,RoboFalcon2 S3-S4 coefficient transfer,0.921875,0.8611607932423208,0.35331932372284125,-0.35331932372284125,1.4242964551064594,0.5843641097551114,-0.5843641097551114
20.0,robofalcon2_coefficient_transfer,RoboFalcon2 S3-S4 coefficient transfer,0.9296875,0.8629098782327708,0.35884728621224127,-0.35884728621224127,1.4271893127134554,0.5935069521132382,-0.5935069521132382
20.0,robofalcon2_coefficient_transfer,RoboFalcon2 S3-S4 coefficient transfer,0.9375,0.8644362438894074,0.36378204228021843,-0.36378204228021843,1.429713808964334,0.6016686747898733,-0.6016686747898733
20.0,robofalcon2_coefficient_transfer,RoboFalcon2 S3-S4 coefficient transfer,0.9453125,0.8656945066495091,0.36812924956013976,-0.36812924956013976,1.4317948827926696,0.6088586350934454,-0.6088586350934454
20.0,robofalcon2_coefficient_transfer,RoboFalcon2 S3-S4 coefficient transfer,0.953125,0.8666505093606859,0.37190714655711227,-0.37190714655711227,1.4333760407869562,0.6151069981666017,-0.6151069981666017
20.0,robofalcon2_coefficient_transfer,RoboFalcon2 S3-S4 coefficient transfer,0.9609375,0.8672719588450277,0.37512417014806715,-0.37512417014806715,1.434403872412039,0.6204277179817008,-0.6204277179817008
20.0,robofalcon2_coefficient_transfer,RoboFalcon2 S3-S4 coefficient transfer,0.96875,0.867531628418147,0.37778656982115066,-0.37778656982115066,1.4348333467394758,0.6248311307313363,-0.6248311307313363
20.0,robofalcon2_coefficient_transfer,RoboFalcon2 S3-S4 coefficient transfer,0.9765625,0.8674076011594898,0.37989842172423727,-0.37989842172423727,1.434628214798695,0.6283239780635415,-0.6283239780635415
20.0,robofalcon2_coefficient_transfer,RoboFalcon2 S3-S4 coefficient transfer,0.984375,0.8668834588597392,0.38146163844656283,-0.38146163844656283,1.4337613220820686,0.6309094232598893,-0.6309094232598893
20.0,robofalcon2_coefficient_transfer,RoboFalcon2 S3-S4 coefficient transfer,0.9921875,0.8659484300041906,0.3824759770019079,-0.3824759770019079,1.4322148532985028,0.6325870644390892,-0.6325870644390892
25.0,fluxv_uvpm,FluxV current load channel,0.0,0.1821951099122639,0.06546406885438684,-0.06546406885438684,0.30133727780236846,0.10827274295093416,-0.10827274295093416
25.0,fluxv_uvpm,FluxV current load channel,0.0078125,0.18142832648136806,0.06591754093354057,-0.06591754093354057,0.3000690745457532,0.10902275233349865,-0.10902275233349865
25.0,fluxv_uvpm,FluxV current load channel,0.015625,0.18130799898751077,0.06663828942509283,-0.06663828942509283,0.2998700617431527,0.11021481719478447,-0.11021481719478447
25.0,fluxv_uvpm,FluxV current load channel,0.0234375,0.1818376681123444,0.06763277336521514,-0.06763277336521514,0.30074609542095115,0.11185962030436816,-0.11185962030436816
25.0,fluxv_uvpm,FluxV current load channel,0.03125,0.18302128223295977,0.06890732555117186,-0.06890732555117186,0.30270370590372664,0.1139676356419818,-0.1139676356419818
25.0,fluxv_uvpm,FluxV current load channel,0.0390625,0.1849747543141474,0.07051769923847029,-0.07051769923847029,0.30593460468850453,0.11663107498131835,-0.11663107498131835
25.0,fluxv_uvpm,FluxV current load channel,0.046875,0.18774526210672854,0.0724903853530147,-0.0724903853530147,0.31051682029653416,0.11989375236053891,-0.11989375236053891
25.0,fluxv_uvpm,FluxV current load channel,0.0546875,0.19119239390482323,0.07476501616314614,-0.07476501616314614,0.3162181221194209,0.1236558240026399,-0.1236558240026399
25.0,fluxv_uvpm,FluxV current load channel,0.0625,0.19532262270684367,0.07734434581700009,-0.07734434581700009,0.3230492160192578,0.1279218450655628,-0.1279218450655628
25.0,fluxv_uvpm,FluxV current load channel,0.0703125,0.2001426657935137,0.08023041860082303,-0.08023041860082303,0.33102121188306943,0.13269519664802573,-0.13269519664802573
25.0,fluxv_uvpm,FluxV current load channel,0.078125,0.20589744603710208,0.08352499296132589,-0.08352499296132589,0.34053919408242067,0.13814417971782098,-0.13814417971782098
25.0,fluxv_uvpm,FluxV current load channel,0.0859375,0.21240555889628326,0.08713658392404726,-0.08713658392404726,0.35130313288165976,0.1441174848727517,-0.1441174848727517
25.0,fluxv_uvpm,FluxV current load channel,0.09375,0.21963597496282933,0.09103945351726048,-0.09103945351726048,0.3632617079275032,0.15057254340534815,-0.15057254340534815
25.0,fluxv_uvpm,FluxV current load channel,0.1015625,0.22759650357063888,0.09522260987153479,-0.09522260987153479,0.37642783528240503,0.1574911755740475,-0.1574911755740475
25.0,fluxv_uvpm,FluxV current load channel,0.109375,0.2363783779890654,0.0996985180637649,-0.0996985180637649,0.390952408046873,0.16489399769693233,-0.16489399769693233
25.0,fluxv_uvpm,FluxV current load channel,0.1171875,0.2461194164270622,0.10446600578804041,-0.10446600578804041,0.407063367376614,0.1727790708664658,-0.1727790708664658
25.0,fluxv_uvpm,FluxV current load channel,0.125,0.25661937293880394,0.10941767814572345,-0.10941767814572345,0.42442952124218786,0.18096877183896706,-0.18096877183896706
25.0,fluxv_uvpm,FluxV current load channel,0.1328125,0.26788230297030613,0.11451527013211364,-0.11451527013211364,0.4430575770522794,0.1893998131180974,-0.1893998131180974
25.0,fluxv_uvpm,FluxV current load channel,0.140625,0.27991140668012393,0.11971685561714282,-0.11971685561714282,0.4629528276331781,0.19800285197610956,-0.19800285197610956
25.0,fluxv_uvpm,FluxV current load channel,0.1484375,0.29292133178174284,0.12495766434620426,-0.12495766434620426,0.4844702844761329,0.20667076318766048,-0.20667076318766048
25.0,fluxv_uvpm,FluxV current load channel,0.15625,0.3067797524071349,0.13012272193525098,-0.13012272193525098,0.5073910903523544,0.21521338759906924,-0.21521338759906924
25.0,fluxv_uvpm,FluxV current load channel,0.1640625,0.3213943229499486,0.135138152902617,-0.135138152902617,0.5315625124379574,0.22350854061080241,-0.22350854061080241
25.0,fluxv_uvpm,FluxV current load channel,0.171875,0.3367563981266982,0.13993202010037054,-0.13993202010037054,0.5569702520715087,0.23143724348440178,-0.23143724348440178
25.0,fluxv_uvpm,FluxV current load channel,0.1796875,0.352895341358129,0.14440628221694565,-0.14440628221694565,0.5836628741858356,0.23883734311952518,-0.23883734311952518
25.0,fluxv_uvpm,FluxV current load channel,0.1875,0.36998341942625024,0.14831197199618262,-0.14831197199618262,0.6119252953364452,0.24529706603186105,-0.24529706603186105
25.0,fluxv_uvpm,FluxV current load channel,0.1953125,0.38775478934837715,0.15168140077224737,-0.15168140077224737,0.64131783083167,0.25086985278567264,-0.25086985278567264
25.0,fluxv_uvpm,FluxV current load channel,0.203125,0.4061882684778216,0.15445312030594086,-0.15445312030594086,0.6718054461357714,0.2554540725241555,-0.2554540725241555
25.0,fluxv_uvpm,FluxV current load channel,0.2109375,0.4252618588168046,0.15657107254499925,-0.15657107254499925,0.7033517581824253,0.25895700936225513,-0.25895700936225513
25.0,fluxv_uvpm,FluxV current load channel,0.21875,0.44507872157375467,0.157816226894841,-0.157816226894841,0.7361273880038738,0.26101640284655764,-0.26101640284655764
25.0,fluxv_uvpm,FluxV current load channel,0.2265625,0.46555834969101967,0.15818281616657032,-0.15818281616657032,0.7699991828628756,0.26162271447186775,-0.26162271447186775
25.0,fluxv_uvpm,FluxV current load channel,0.234375,0.4865745320334944,0.15779447612828962,-0.15779447612828962,0.8047583988480311,0.26098042868245486,-0.26098042868245486
25.0,fluxv_uvpm,FluxV current load channel,0.2421875,0.5081025684321698,0.15666346620277025,-0.15666346620277025,0.8403641837010443,0.25910982165964513,-0.25910982165964513
25.0,fluxv_uvpm,FluxV current load channel,0.25,0.5301178008281053,0.15480989237340725,-0.15480989237340725,0.8767757548105671,0.2560441472174775,-0.2560441472174775
25.0,fluxv_uvpm,FluxV current load channel,0.2578125,0.5527539572038048,0.1520402490356574,-0.1520402490356574,0.9142142883993485,0.251463361353999,-0.251463361353999
25.0,fluxv_uvpm,FluxV current load channel,0.265625,0.57579669862924,0.1486958902995153,-0.1486958902995153,0.9523252836812098,0.24593203859770257,-0.24593203859770257
25.0,fluxv_uvpm,FluxV current load channel,0.2734375,0.5992206726451872,0.1448362806498718,-0.1448362806498718,0.991066809557936,0.23954852882203742,-0.23954852882203742
25.0,fluxv_uvpm,FluxV current load channel,0.28125,0.6230001097131679,0.14052159918036364,-0.14052159918036364,1.0303962451129773,0.23241236381062733,-0.23241236381062733
25.0,fluxv_uvpm,FluxV current load channel,0.2890625,0.6471549060408985,0.13576721432368472,-0.13576721432368472,1.0703464972068677,0.2245489618179705,-0.2245489618179705
25.0,fluxv_uvpm,FluxV current load channel,0.296875,0.6716476403549788,0.13066993508146837,-0.13066993508146837,1.110855673812627,0.21611843779464376,-0.21611843779464376
25.0,fluxv_uvpm,FluxV current load channel,0.3046875,0.6963776674497102,0.12536442397836994,-0.12536442397836994,1.1517573151810132,0.207343513627207,-0.207343513627207
25.0,fluxv_uvpm,FluxV current load channel,0.3125,0.7213153517801969,0.11989792996290556,-0.11989792996290556,1.1930024063059197,0.19830233559264718,-0.19830233559264718
25.0,fluxv_uvpm,FluxV current load channel,0.3203125,0.746430598080796,0.11431473664257256,-0.11431473664257256,1.2345411718370198,0.1890681455125529,-0.1890681455125529
25.0,fluxv_uvpm,FluxV current load channel,0.328125,0.7717179637914521,0.10865078832628428,-0.10865078832628428,1.2763646101812842,0.17970039262354556,-0.17970039262354556
25.0,fluxv_uvpm,FluxV current load channel,0.3359375,0.7970862755325285,0.10297135061876653,-0.10297135061876653,1.318321927291381,0.170307021423541,-0.170307021423541
25.0,fluxv_uvpm,FluxV current load channel,0.34375,0.8224955269301695,0.09729957003760471,-0.09729957003760471,1.3603469555747871,0.16092631454593784,-0.16092631454593784
25.0,fluxv_uvpm,FluxV current load channel,0.3515625,0.8479121981349514,0.09165281985624148,-0.09165281985624148,1.4023842556721116,0.15158700610400752,-0.15158700610400752
25.0,fluxv_uvpm,FluxV current load channel,0.359375,0.8732919116420055,0.08605181438414593,-0.08605181438414593,1.4443604304624367,0.142323356038261,-0.142323356038261
25.0,fluxv_uvpm,FluxV current load channel,0.3671875,0.8985545188471261,0.08052119640262166,-0.08052119640262166,1.4861429200640917,0.13317612169196105,-0.13317612169196105
25.0,fluxv_uvpm,FluxV current load channel,0.375,0.9236710290741268,0.07505210129681814,-0.07505210129681814,1.5276837760362654,0.12413064164576933,-0.12413064164576933
25.0,fluxv_uvpm,FluxV current load channel,0.3828125,0.9486016253553291,0.06964637204989263,-0.06964637204989263,1.5689171440502863,0.11518996405793726,-0.11518996405793726
25.0,fluxv_uvpm,FluxV current load channel,0.390625,0.973305388279094,0.06430492458521589,-0.06430492458521589,1.609775346416459,0.10635560379818526,-0.10635560379818526
25.0,fluxv_uvpm,FluxV current load channel,0.3984375,0.9976384659822011,0.05904436341511124,-0.05904436341511124,1.6500204627598052,0.09765502350557734,-0.09765502350557734
25.0,fluxv_uvpm,FluxV current load channel,0.40625,1.0215626969715907,0.05385060921864282,-0.05385060921864282,1.6895893767846073,0.08906493702141165,-0.08906493702141165
25.0,fluxv_uvpm,FluxV current load channel,0.4140625,1.0450570060162137,0.048714089072149074,-0.048714089072149074,1.728447231612673,0.08056951143580288,-0.08056951143580288
25.0,fluxv_uvpm,FluxV current load channel,0.421875,1.0680658739311977,0.04363238634377157,-0.04363238634377157,1.7665022026058812,0.07216474981784536,-0.07216474981784536
25.0,fluxv_uvpm,FluxV current load channel,0.4296875,1.0904954339193105,0.03860579305613454,-0.03860579305613454,1.803599041002793,0.06385113515142757,-0.06385113515142757
25.0,fluxv_uvpm,FluxV current load channel,0.4375,1.112052692968759,0.03364493431534354,-0.03364493431534354,1.839253157965479,0.05564624057861542,-0.05564624057861542
25.0,fluxv_uvpm,FluxV current load channel,0.4453125,1.1328454449636265,0.028732219045875303,-0.028732219045875303,1.8736428366301279,0.04752097175755559,-0.04752097175755559
25.0,fluxv_uvpm,FluxV current load channel,0.453125,1.1527956774749812,0.023868248166936248,-0.023868248166936248,1.9066390501914627,0.039476322564307234,-0.039476322564307234
25.0,fluxv_uvpm,FluxV current load channel,0.4609375,1.1718226613917009,0.019054267635532064,-0.019054267635532064,1.9381082786521757,0.03151435371988826,-0.03151435371988826
25.0,fluxv_uvpm,FluxV current load channel,0.46875,1.1895775649902414,0.01430572991403137,-0.01430572991403137,1.9674735800623182,0.023660622457682943,-0.023660622457682943
25.0,fluxv_uvpm,FluxV current load channel,0.4765625,1.205939655071598,0.009628974339155218,-0.009628974339155218,1.99453527061289,0.015925613573202622,-0.015925613573202622
25.0,fluxv_uvpm,FluxV current load channel,0.484375,1.2209800864511433,0.005023279428870267,-0.005023279428870267,2.0194110351219816,0.00830813378836197,-0.00830813378836197
25.0,fluxv_uvpm,FluxV current load channel,0.4921875,1.2345947346972144,0.0004980455281638871,-0.0004980455281638871,2.041928659457143,0.000823730580644121,-0.000823730580644121
25.0,fluxv_uvpm,FluxV current load channel,0.5,1.246677363620728,-0.003936235564259601,0.003936235564259601,2.061912436794861,-0.0065102433884973165,0.0065102433884973165
25.0,fluxv_uvpm,FluxV current load channel,0.5078125,1.25638086078731,-0.008212859681199947,0.008212859681199947,2.077961305629754,-0.013583464344884886,0.013583464344884886
25.0,fluxv_uvpm,FluxV current load channel,0.515625,1.2641871756369751,-0.012347476708790304,0.012347476708790304,2.0908723747994977,-0.020421816046252553,0.020421816046252553
25.0,fluxv_uvpm,FluxV current load channel,0.5234375,1.269984758490435,-0.01631882219598948,0.01631882219598948,2.1004611493595644,-0.026990128658493342,0.026990128658493342
25.0,fluxv_uvpm,FluxV current load channel,0.53125,1.2736638054328147,-0.02010419029578217,0.02010419029578217,2.1065460217310443,-0.03325084838483915,0.03325084838483915
25.0,fluxv_uvpm,FluxV current load channel,0.5390625,1.2747127213113472,-0.023635124588796852,0.023635124588796852,2.1082808512532685,-0.039090753355221976,0.039090753355221976
25.0,fluxv_uvpm,FluxV current load channel,0.546875,1.2728116602407973,-0.026841167873071885,0.026841167873071885,2.1051366364156068,-0.04439331255269566,0.04439331255269566
25.0,fluxv_uvpm,FluxV current load channel,0.5546875,1.2683845425772713,-0.029736569678233647,0.029736569678233647,2.097814510229673,-0.04918209364858599,0.04918209364858599
25.0,fluxv_uvpm,FluxV current load channel,0.5625,1.2613640303544393,-0.03228617624646005,0.03228617624646005,2.086203100664261,-0.053398954919485916,0.053398954919485916
25.0,fluxv_uvpm,FluxV current load channel,0.5703125,1.2516909047570117,-0.034453774573755536,0.034453774573755536,2.070204464165329,-0.056984002726920086,0.056984002726920086
25.0,fluxv_uvpm,FluxV current load channel,0.578125,1.2384094223875608,-0.03603323477126576,0.03603323477126576,2.048237871624411,-0.059596313433525304,0.059596313433525304
25.0,fluxv_uvpm,FluxV current load channel,0.5859375,1.222268337846024,-0.037079465102892326,0.037079465102892326,2.0215417079410565,-0.0613267012591834,0.0613267012591834
25.0,fluxv_uvpm,FluxV current load channel,0.59375,1.2034580820687908,-0.03757877782892162,0.03757877782892162,1.9904309318427997,-0.06215252769166121,0.06215252769166121
25.0,fluxv_uvpm,FluxV current load channel,0.6015625,1.182034494460419,-0.03749432623098282,0.03749432623098282,1.9549978975875115,-0.06201285097563303,0.06201285097563303
25.0,fluxv_uvpm,FluxV current load channel,0.609375,1.1578108484010758,-0.03671511065372582,0.03671511065372582,1.914933773114107,-0.06072408586560951,0.06072408586560951
25.0,fluxv_uvpm,FluxV current load channel,0.6171875,1.1306247341892086,-0.035075644175003994,0.035075644175003994,1.8699699447513516,-0.05801252919438946,0.05801252919438946
25.0,fluxv_uvpm,FluxV current load channel,0.625,1.1013624989112993,-0.03273317896784214,0.03273317896784214,1.8215723652262819,-0.054138264461308386,0.054138264461308386
25.0,fluxv_uvpm,FluxV current load channel,0.6328125,1.0702228347184297,-0.02967704957852887,0.02967704957852887,1.7700696567063998,-0.04908365179233529,0.04908365179233529
25.0,fluxv_uvpm,FluxV current load channel,0.640625,1.0374173090583332,-0.025901477883197896,0.025901477883197896,1.715811736150521,-0.042839134596640085,0.042839134596640085
25.0,fluxv_uvpm,FluxV current load channel,0.6484375,1.002924443568468,-0.021218552917051145,0.021218552917051145,1.6587630799306892,-0.035093921993892704,0.035093921993892704
25.0,fluxv_uvpm,FluxV current load channel,0.65625,0.9674339642546032,-0.015789663354905926,0.015789663354905926,1.6000644440041194,-0.026114938952392232,0.026114938952392232
25.0,fluxv_uvpm,FluxV current load channel,0.6640625,0.9313602331468143,-0.009739257017547107,0.009739257017547107,1.5404011526159458,-0.01610801299166873,0.01610801299166873
25.0,fluxv_uvpm,FluxV current load channel,0.671875,0.8949659357541563,-0.003119540334599295,0.003119540334599295,1.4802076682292653,-0.005159489696927183,0.005159489696927183
25.0,fluxv_uvpm,FluxV current load channel,0.6796875,0.8585323761651391,0.0040313790737803185,-0.0040313790737803185,1.4199492470647694,0.0066676037379235055,-0.0066676037379235055
25.0,fluxv_uvpm,FluxV current load channel,0.6875,0.8225708494545242,0.011684842659084357,-0.011684842659084357,1.3604715334762312,0.019325868186764426,-0.019325868186764426
25.0,fluxv_uvpm,FluxV current load channel,0.6953125,0.7872820606296029,0.019575521474585158,-0.019575521474585158,1.3021064787469077,0.03237646913549921,-0.03237646913549921
25.0,fluxv_uvpm,FluxV current load channel,0.703125,0.752834360707213,0.02760558585373833,-0.02760558585373833,1.2451325230454373,0.04565760352904587,-0.04565760352904587
25.0,fluxv_uvpm,FluxV current load channel,0.7109375,0.7193796694710608,0.03567586511272427,-0.03567586511272427,1.1898009304924022,0.05900525036862794,-0.05900525036862794
25.0,fluxv_uvpm,FluxV current load channel,0.71875,0.6873356608720349,0.04362735807120523,-0.04362735807120523,1.1368025030057587,0.07215643342577578,-0.07215643342577578
25.0,fluxv_uvpm,FluxV current load channel,0.7265625,0.6567750021193182,0.05128098006830477,-0.05128098006830477,1.0862574267914442,0.08481495987604612,-0.08481495987604612
25.0,fluxv_uvpm,FluxV current load channel,0.734375,0.627522759121917,0.05856906924236737,-0.05856906924236737,1.037876373761563,0.09686892198924721,-0.09686892198924721
25.0,fluxv_uvpm,FluxV current load channel,0.7421875,0.599585347208422,0.06541447444041801,-0.06541447444041801,0.9916699543965757,0.1081907174470292,-0.1081907174470292
25.0,fluxv_uvpm,FluxV current load channel,0.75,0.5729562474735982,0.07174544235747639,-0.07174544235747639,0.9476273869078888,0.1186616715736201,-0.1186616715736201
25.0,fluxv_uvpm,FluxV current load channel,0.7578125,0.5480686835829417,0.07723993317465677,-0.07723993317465677,0.9064651912948762,0.1277491542538992,-0.1277491542538992
25.0,fluxv_uvpm,FluxV current load channel,0.765625,0.5243521887760008,0.08207636347236015,-0.08207636347236015,0.8672398575986038,0.13574825335646373,-0.13574825335646373
25.0,fluxv_uvpm,FluxV current load channel,0.7734375,0.5017474479112427,0.0862400194662322,-0.0862400194662322,0.829853282948525,0.1426346333668993,-0.1426346333668993
25.0,fluxv_uvpm,FluxV current load channel,0.78125,0.48019461878921266,0.08972266348885634,-0.08972266348885634,0.7942064927591524,0.1483946697906958,-0.1483946697906958
25.0,fluxv_uvpm,FluxV current load channel,0.7890625,0.45977879388248394,0.0924153899487815,-0.0924153899487815,0.7604402237059054,0.152848240809649,-0.152848240809649
25.0,fluxv_uvpm,FluxV current load channel,0.796875,0.4404404404205397,0.09431723329311407,-0.09431723329311407,0.7284560129759442,0.1559937494704671,-0.1559937494704671
25.0,fluxv_uvpm,FluxV current load channel,0.8046875,0.4219161254582596,0.09561339501883166,-0.09561339501883166,0.6978181619020312,0.15813750539348526,-0.15813750539348526
25.0,fluxv_uvpm,FluxV current load channel,0.8125,0.4041628371961073,0.09634052160629486,-0.09634052160629486,0.6684555321391693,0.1593401191551246,-0.1593401191551246
25.0,fluxv_uvpm,FluxV current load channel,0.8203125,0.3871408399952763,0.09653810208858289,-0.09653810208858289,0.6403024038706445,0.15966690270440992,-0.15966690270440992
25.0,fluxv_uvpm,FluxV current load channel,0.828125,0.37102922612240957,0.09612101478247612,-0.09612101478247612,0.6136549825002768,0.1589770710536666,-0.1589770710536666
25.0,fluxv_uvpm,FluxV current load channel,0.8359375,0.35559877061146694,0.09529811903423523,-0.09529811903423523,0.5881341468359327,0.15761606216155383,-0.15761606216155383
25.0,fluxv_uvpm,FluxV current load channel,0.84375,0.34079654091364714,0.09414183346847996,-0.09414183346847996,0.5636523503448286,0.15570365109347054,-0.15570365109347054
25.0,fluxv_uvpm,FluxV current load channel,0.8515625,0.3266095268066896,0.09269814992860148,-0.09269814992860148,0.5401880750786425,0.15331590496721853,-0.15331590496721853
25.0,fluxv_uvpm,FluxV current load channel,0.859375,0.3130931746489483,0.09099424688590735,-0.09099424688590735,0.5178330252258047,0.15049777497036038,-0.15049777497036038
25.0,fluxv_uvpm,FluxV current load channel,0.8671875,0.30033679610030495,0.08907886706429267,-0.08907886706429267,0.49673491568644446,0.14732987797421765,-0.14732987797421765
25.0,fluxv_uvpm,FluxV current load channel,0.875,0.28817200535345877,0.08705355726423898,-0.08705355726423898,0.4766152487510624,0.14398016489932486,-0.14398016489932486
25.0,fluxv_uvpm,FluxV current load channel,0.8828125,0.2765984428500152,0.08495317225311837,-0.08495317225311837,0.4574734297365858,0.14050628296093054,-0.14050628296093054
25.0,fluxv_uvpm,FluxV current load channel,0.890625,0.2656164195294164,0.08281107324079724,-0.08281107324079724,0.43930997291392476,0.1369634091402949,-0.1369634091402949
25.0,fluxv_uvpm,FluxV current load channel,0.8984375,0.2553930499468682,0.08067141622335505,-0.08067141622335505,0.42240127343534867,0.13342457419913076,-0.13342457419913076
25.0,fluxv_uvpm,FluxV current load channel,0.90625,0.24583367111110646,0.07858125387846421,-0.07858125387846421,0.406590765693197,0.12996759979692135,-0.12996759979692135
25.0,fluxv_uvpm,FluxV current load channel,0.9140625,0.23687512005745265,0.07656213531158314,-0.07656213531158314,0.39177398280115594,0.12662812656519107,-0.12662812656519107
25.0,fluxv_uvpm,FluxV current load channel,0.921875,0.228520162043905,0.07463471554963058,-0.07463471554963058,0.37795549829206065,0.12344031639548368,-0.12344031639548368
25.0,fluxv_uvpm,FluxV current load channel,0.9296875,0.22080554017333723,0.07282617809237722,-0.07282617809237722,0.36519608254884467,0.12044912879206897,-0.12044912879206897
25.0,fluxv_uvpm,FluxV current load channel,0.9375,0.21390564820760788,0.07120359749219732,-0.07120359749219732,0.35378416999485485,0.1177655001188922,-0.1177655001188922
25.0,fluxv_uvpm,FluxV current load channel,0.9453125,0.20762078995745592,0.06974226913339328,-0.06974226913339328,0.34338947785747237,0.11534857076316216,-0.11534857076316216
25.0,fluxv_uvpm,FluxV current load channel,0.953125,0.20195343579967004,0.06845458024977094,-0.06845458024977094,0.33401609195775467,0.11321882829623216,-0.11321882829623216
25.0,fluxv_uvpm,FluxV current load channel,0.9609375,0.19690602295199422,0.0673523397183493,-0.0673523397183493,0.3256680432741442,0.1113958037299747,-0.1113958037299747
25.0,fluxv_uvpm,FluxV current load channel,0.96875,0.19262027924398414,0.06649462868578106,-0.06649462868578106,0.3185797391865522,0.10997721292465817,-0.10997721292465817
25.0,fluxv_uvpm,FluxV current load channel,0.9765625,0.18906611300058404,0.0658885957746004,-0.0658885957746004,0.31270141028321885,0.10897487917485686,-0.10897487917485686
25.0,fluxv_uvpm,FluxV current load channel,0.984375,0.18614214996234968,0.06550935024815233,-0.06550935024815233,0.30786539101376326,0.10834763503743944,-0.10834763503743944
25.0,fluxv_uvpm,FluxV current load channel,0.9921875,0.1838509461734142,0.06536516407035114,-0.06536516407035114,0.30407590888671404,0.10810916173079439,-0.10810916173079439
25.0,ptera_prescribed_wake_uvlm,Ptera prescribed-wake control,0.0,0.1821951099122639,0.06546406885438684,-0.06546406885438684,0.30133727780236846,0.10827274295093416,-0.10827274295093416
25.0,ptera_prescribed_wake_uvlm,Ptera prescribed-wake control,0.0078125,0.18142832648136806,0.06591754093354057,-0.06591754093354057,0.3000690745457532,0.10902275233349865,-0.10902275233349865
25.0,ptera_prescribed_wake_uvlm,Ptera prescribed-wake control,0.015625,0.18130799898751077,0.06663828942509283,-0.06663828942509283,0.2998700617431527,0.11021481719478447,-0.11021481719478447
25.0,ptera_prescribed_wake_uvlm,Ptera prescribed-wake control,0.0234375,0.1818376681123444,0.06763277336521514,-0.06763277336521514,0.30074609542095115,0.11185962030436816,-0.11185962030436816
25.0,ptera_prescribed_wake_uvlm,Ptera prescribed-wake control,0.03125,0.18302128223295977,0.06890732555117186,-0.06890732555117186,0.30270370590372664,0.1139676356419818,-0.1139676356419818
25.0,ptera_prescribed_wake_uvlm,Ptera prescribed-wake control,0.0390625,0.1849747543141474,0.07051769923847029,-0.07051769923847029,0.30593460468850453,0.11663107498131835,-0.11663107498131835
25.0,ptera_prescribed_wake_uvlm,Ptera prescribed-wake control,0.046875,0.18774526210672854,0.0724903853530147,-0.0724903853530147,0.31051682029653416,0.11989375236053891,-0.11989375236053891
25.0,ptera_prescribed_wake_uvlm,Ptera prescribed-wake control,0.0546875,0.19119239390482323,0.07476501616314614,-0.07476501616314614,0.3162181221194209,0.1236558240026399,-0.1236558240026399
25.0,ptera_prescribed_wake_uvlm,Ptera prescribed-wake control,0.0625,0.19532262270684367,0.07734434581700009,-0.07734434581700009,0.3230492160192578,0.1279218450655628,-0.1279218450655628
25.0,ptera_prescribed_wake_uvlm,Ptera prescribed-wake control,0.0703125,0.2001426657935137,0.08023041860082303,-0.08023041860082303,0.33102121188306943,0.13269519664802573,-0.13269519664802573
25.0,ptera_prescribed_wake_uvlm,Ptera prescribed-wake control,0.078125,0.20589744603710208,0.08352499296132589,-0.08352499296132589,0.34053919408242067,0.13814417971782098,-0.13814417971782098
25.0,ptera_prescribed_wake_uvlm,Ptera prescribed-wake control,0.0859375,0.21240555889628326,0.08713658392404726,-0.08713658392404726,0.35130313288165976,0.1441174848727517,-0.1441174848727517
25.0,ptera_prescribed_wake_uvlm,Ptera prescribed-wake control,0.09375,0.21963597496282933,0.09103945351726048,-0.09103945351726048,0.3632617079275032,0.15057254340534815,-0.15057254340534815
25.0,ptera_prescribed_wake_uvlm,Ptera prescribed-wake control,0.1015625,0.22759650357063888,0.09522260987153479,-0.09522260987153479,0.37642783528240503,0.1574911755740475,-0.1574911755740475
25.0,ptera_prescribed_wake_uvlm,Ptera prescribed-wake control,0.109375,0.2363783779890654,0.0996985180637649,-0.0996985180637649,0.390952408046873,0.16489399769693233,-0.16489399769693233
25.0,ptera_prescribed_wake_uvlm,Ptera prescribed-wake control,0.1171875,0.2461194164270622,0.10446600578804041,-0.10446600578804041,0.407063367376614,0.1727790708664658,-0.1727790708664658
25.0,ptera_prescribed_wake_uvlm,Ptera prescribed-wake control,0.125,0.25661937293880394,0.10941767814572345,-0.10941767814572345,0.42442952124218786,0.18096877183896706,-0.18096877183896706
25.0,ptera_prescribed_wake_uvlm,Ptera prescribed-wake control,0.1328125,0.26788230297030613,0.11451527013211364,-0.11451527013211364,0.4430575770522794,0.1893998131180974,-0.1893998131180974
25.0,ptera_prescribed_wake_uvlm,Ptera prescribed-wake control,0.140625,0.27991140668012393,0.11971685561714282,-0.11971685561714282,0.4629528276331781,0.19800285197610956,-0.19800285197610956
25.0,ptera_prescribed_wake_uvlm,Ptera prescribed-wake control,0.1484375,0.29292133178174284,0.12495766434620426,-0.12495766434620426,0.4844702844761329,0.20667076318766048,-0.20667076318766048
25.0,ptera_prescribed_wake_uvlm,Ptera prescribed-wake control,0.15625,0.3067797524071349,0.13012272193525098,-0.13012272193525098,0.5073910903523544,0.21521338759906924,-0.21521338759906924
25.0,ptera_prescribed_wake_uvlm,Ptera prescribed-wake control,0.1640625,0.3213943229499486,0.135138152902617,-0.135138152902617,0.5315625124379574,0.22350854061080241,-0.22350854061080241
25.0,ptera_prescribed_wake_uvlm,Ptera prescribed-wake control,0.171875,0.3367563981266982,0.13993202010037054,-0.13993202010037054,0.5569702520715087,0.23143724348440178,-0.23143724348440178
25.0,ptera_prescribed_wake_uvlm,Ptera prescribed-wake control,0.1796875,0.352895341358129,0.14440628221694565,-0.14440628221694565,0.5836628741858356,0.23883734311952518,-0.23883734311952518
25.0,ptera_prescribed_wake_uvlm,Ptera prescribed-wake control,0.1875,0.36998341942625024,0.14831197199618262,-0.14831197199618262,0.6119252953364452,0.24529706603186105,-0.24529706603186105
25.0,ptera_prescribed_wake_uvlm,Ptera prescribed-wake control,0.1953125,0.38775478934837715,0.15168140077224737,-0.15168140077224737,0.64131783083167,0.25086985278567264,-0.25086985278567264
25.0,ptera_prescribed_wake_uvlm,Ptera prescribed-wake control,0.203125,0.4061882684778216,0.15445312030594086,-0.15445312030594086,0.6718054461357714,0.2554540725241555,-0.2554540725241555
25.0,ptera_prescribed_wake_uvlm,Ptera prescribed-wake control,0.2109375,0.4252618588168046,0.15657107254499925,-0.15657107254499925,0.7033517581824253,0.25895700936225513,-0.25895700936225513
25.0,ptera_prescribed_wake_uvlm,Ptera prescribed-wake control,0.21875,0.44507872157375467,0.157816226894841,-0.157816226894841,0.7361273880038738,0.26101640284655764,-0.26101640284655764
25.0,ptera_prescribed_wake_uvlm,Ptera prescribed-wake control,0.2265625,0.46555834969101967,0.15818281616657032,-0.15818281616657032,0.7699991828628756,0.26162271447186775,-0.26162271447186775
25.0,ptera_prescribed_wake_uvlm,Ptera prescribed-wake control,0.234375,0.4865745320334944,0.15779447612828962,-0.15779447612828962,0.8047583988480311,0.26098042868245486,-0.26098042868245486
25.0,ptera_prescribed_wake_uvlm,Ptera prescribed-wake control,0.2421875,0.5081025684321698,0.15666346620277025,-0.15666346620277025,0.8403641837010443,0.25910982165964513,-0.25910982165964513
25.0,ptera_prescribed_wake_uvlm,Ptera prescribed-wake control,0.25,0.5301178008281053,0.15480989237340725,-0.15480989237340725,0.8767757548105671,0.2560441472174775,-0.2560441472174775
25.0,ptera_prescribed_wake_uvlm,Ptera prescribed-wake control,0.2578125,0.5527539572038048,0.1520402490356574,-0.1520402490356574,0.9142142883993485,0.251463361353999,-0.251463361353999
25.0,ptera_prescribed_wake_uvlm,Ptera prescribed-wake control,0.265625,0.57579669862924,0.1486958902995153,-0.1486958902995153,0.9523252836812098,0.24593203859770257,-0.24593203859770257
25.0,ptera_prescribed_wake_uvlm,Ptera prescribed-wake control,0.2734375,0.5992206726451872,0.1448362806498718,-0.1448362806498718,0.991066809557936,0.23954852882203742,-0.23954852882203742
25.0,ptera_prescribed_wake_uvlm,Ptera prescribed-wake control,0.28125,0.6230001097131679,0.14052159918036364,-0.14052159918036364,1.0303962451129773,0.23241236381062733,-0.23241236381062733
25.0,ptera_prescribed_wake_uvlm,Ptera prescribed-wake control,0.2890625,0.6471549060408985,0.13576721432368472,-0.13576721432368472,1.0703464972068677,0.2245489618179705,-0.2245489618179705
25.0,ptera_prescribed_wake_uvlm,Ptera prescribed-wake control,0.296875,0.6716476403549788,0.13066993508146837,-0.13066993508146837,1.110855673812627,0.21611843779464376,-0.21611843779464376
25.0,ptera_prescribed_wake_uvlm,Ptera prescribed-wake control,0.3046875,0.6963776674497102,0.12536442397836994,-0.12536442397836994,1.1517573151810132,0.207343513627207,-0.207343513627207
25.0,ptera_prescribed_wake_uvlm,Ptera prescribed-wake control,0.3125,0.7213153517801969,0.11989792996290556,-0.11989792996290556,1.1930024063059197,0.19830233559264718,-0.19830233559264718
25.0,ptera_prescribed_wake_uvlm,Ptera prescribed-wake control,0.3203125,0.746430598080796,0.11431473664257256,-0.11431473664257256,1.2345411718370198,0.1890681455125529,-0.1890681455125529
25.0,ptera_prescribed_wake_uvlm,Ptera prescribed-wake control,0.328125,0.7717179637914521,0.10865078832628428,-0.10865078832628428,1.2763646101812842,0.17970039262354556,-0.17970039262354556
25.0,ptera_prescribed_wake_uvlm,Ptera prescribed-wake control,0.3359375,0.7970862755325285,0.10297135061876653,-0.10297135061876653,1.318321927291381,0.170307021423541,-0.170307021423541
25.0,ptera_prescribed_wake_uvlm,Ptera prescribed-wake control,0.34375,0.8224955269301695,0.09729957003760471,-0.09729957003760471,1.3603469555747871,0.16092631454593784,-0.16092631454593784
25.0,ptera_prescribed_wake_uvlm,Ptera prescribed-wake control,0.3515625,0.8479121981349514,0.09165281985624148,-0.09165281985624148,1.4023842556721116,0.15158700610400752,-0.15158700610400752
25.0,ptera_prescribed_wake_uvlm,Ptera prescribed-wake control,0.359375,0.8732919116420055,0.08605181438414593,-0.08605181438414593,1.4443604304624367,0.142323356038261,-0.142323356038261
25.0,ptera_prescribed_wake_uvlm,Ptera prescribed-wake control,0.3671875,0.8985545188471261,0.08052119640262166,-0.08052119640262166,1.4861429200640917,0.13317612169196105,-0.13317612169196105
25.0,ptera_prescribed_wake_uvlm,Ptera prescribed-wake control,0.375,0.9236710290741268,0.07505210129681814,-0.07505210129681814,1.5276837760362654,0.12413064164576933,-0.12413064164576933
25.0,ptera_prescribed_wake_uvlm,Ptera prescribed-wake control,0.3828125,0.9486016253553291,0.06964637204989263,-0.06964637204989263,1.5689171440502863,0.11518996405793726,-0.11518996405793726
25.0,ptera_prescribed_wake_uvlm,Ptera prescribed-wake control,0.390625,0.973305388279094,0.06430492458521589,-0.06430492458521589,1.609775346416459,0.10635560379818526,-0.10635560379818526
25.0,ptera_prescribed_wake_uvlm,Ptera prescribed-wake control,0.3984375,0.9976384659822011,0.05904436341511124,-0.05904436341511124,1.6500204627598052,0.09765502350557734,-0.09765502350557734
25.0,ptera_prescribed_wake_uvlm,Ptera prescribed-wake control,0.40625,1.0215626969715907,0.05385060921864282,-0.05385060921864282,1.6895893767846073,0.08906493702141165,-0.08906493702141165
25.0,ptera_prescribed_wake_uvlm,Ptera prescribed-wake control,0.4140625,1.0450570060162137,0.048714089072149074,-0.048714089072149074,1.728447231612673,0.08056951143580288,-0.08056951143580288
25.0,ptera_prescribed_wake_uvlm,Ptera prescribed-wake control,0.421875,1.0680658739311977,0.04363238634377157,-0.04363238634377157,1.7665022026058812,0.07216474981784536,-0.07216474981784536
25.0,ptera_prescribed_wake_uvlm,Ptera prescribed-wake control,0.4296875,1.0904954339193105,0.03860579305613454,-0.03860579305613454,1.803599041002793,0.06385113515142757,-0.06385113515142757
25.0,ptera_prescribed_wake_uvlm,Ptera prescribed-wake control,0.4375,1.112052692968759,0.03364493431534354,-0.03364493431534354,1.839253157965479,0.05564624057861542,-0.05564624057861542
25.0,ptera_prescribed_wake_uvlm,Ptera prescribed-wake control,0.4453125,1.1328454449636265,0.028732219045875303,-0.028732219045875303,1.8736428366301279,0.04752097175755559,-0.04752097175755559
25.0,ptera_prescribed_wake_uvlm,Ptera prescribed-wake control,0.453125,1.1527956774749812,0.023868248166936248,-0.023868248166936248,1.9066390501914627,0.039476322564307234,-0.039476322564307234
25.0,ptera_prescribed_wake_uvlm,Ptera prescribed-wake control,0.4609375,1.1718226613917009,0.019054267635532064,-0.019054267635532064,1.9381082786521757,0.03151435371988826,-0.03151435371988826
25.0,ptera_prescribed_wake_uvlm,Ptera prescribed-wake control,0.46875,1.1895775649902414,0.01430572991403137,-0.01430572991403137,1.9674735800623182,0.023660622457682943,-0.023660622457682943
25.0,ptera_prescribed_wake_uvlm,Ptera prescribed-wake control,0.4765625,1.205939655071598,0.009628974339155218,-0.009628974339155218,1.99453527061289,0.015925613573202622,-0.015925613573202622
25.0,ptera_prescribed_wake_uvlm,Ptera prescribed-wake control,0.484375,1.2209800864511433,0.005023279428870267,-0.005023279428870267,2.0194110351219816,0.00830813378836197,-0.00830813378836197
25.0,ptera_prescribed_wake_uvlm,Ptera prescribed-wake control,0.4921875,1.2345947346972144,0.0004980455281638871,-0.0004980455281638871,2.041928659457143,0.000823730580644121,-0.000823730580644121
25.0,ptera_prescribed_wake_uvlm,Ptera prescribed-wake control,0.5,1.246677363620728,-0.003936235564259601,0.003936235564259601,2.061912436794861,-0.0065102433884973165,0.0065102433884973165
25.0,ptera_prescribed_wake_uvlm,Ptera prescribed-wake control,0.5078125,1.25638086078731,-0.008212859681199947,0.008212859681199947,2.077961305629754,-0.013583464344884886,0.013583464344884886
25.0,ptera_prescribed_wake_uvlm,Ptera prescribed-wake control,0.515625,1.2641871756369751,-0.012347476708790304,0.012347476708790304,2.0908723747994977,-0.020421816046252553,0.020421816046252553
25.0,ptera_prescribed_wake_uvlm,Ptera prescribed-wake control,0.5234375,1.269984758490435,-0.01631882219598948,0.01631882219598948,2.1004611493595644,-0.026990128658493342,0.026990128658493342
25.0,ptera_prescribed_wake_uvlm,Ptera prescribed-wake control,0.53125,1.2736638054328147,-0.02010419029578217,0.02010419029578217,2.1065460217310443,-0.03325084838483915,0.03325084838483915
25.0,ptera_prescribed_wake_uvlm,Ptera prescribed-wake control,0.5390625,1.2747127213113472,-0.023635124588796852,0.023635124588796852,2.1082808512532685,-0.039090753355221976,0.039090753355221976
25.0,ptera_prescribed_wake_uvlm,Ptera prescribed-wake control,0.546875,1.2728116602407973,-0.026841167873071885,0.026841167873071885,2.1051366364156068,-0.04439331255269566,0.04439331255269566
25.0,ptera_prescribed_wake_uvlm,Ptera prescribed-wake control,0.5546875,1.2683845425772713,-0.029736569678233647,0.029736569678233647,2.097814510229673,-0.04918209364858599,0.04918209364858599
25.0,ptera_prescribed_wake_uvlm,Ptera prescribed-wake control,0.5625,1.2613640303544393,-0.03228617624646005,0.03228617624646005,2.086203100664261,-0.053398954919485916,0.053398954919485916
25.0,ptera_prescribed_wake_uvlm,Ptera prescribed-wake control,0.5703125,1.2516909047570117,-0.034453774573755536,0.034453774573755536,2.070204464165329,-0.056984002726920086,0.056984002726920086
25.0,ptera_prescribed_wake_uvlm,Ptera prescribed-wake control,0.578125,1.2384094223875608,-0.03603323477126576,0.03603323477126576,2.048237871624411,-0.059596313433525304,0.059596313433525304
25.0,ptera_prescribed_wake_uvlm,Ptera prescribed-wake control,0.5859375,1.222268337846024,-0.037079465102892326,0.037079465102892326,2.0215417079410565,-0.0613267012591834,0.0613267012591834
25.0,ptera_prescribed_wake_uvlm,Ptera prescribed-wake control,0.59375,1.2034580820687908,-0.03757877782892162,0.03757877782892162,1.9904309318427997,-0.06215252769166121,0.06215252769166121
25.0,ptera_prescribed_wake_uvlm,Ptera prescribed-wake control,0.6015625,1.182034494460419,-0.03749432623098282,0.03749432623098282,1.9549978975875115,-0.06201285097563303,0.06201285097563303
25.0,ptera_prescribed_wake_uvlm,Ptera prescribed-wake control,0.609375,1.1578108484010758,-0.03671511065372582,0.03671511065372582,1.914933773114107,-0.06072408586560951,0.06072408586560951
25.0,ptera_prescribed_wake_uvlm,Ptera prescribed-wake control,0.6171875,1.1306247341892086,-0.035075644175003994,0.035075644175003994,1.8699699447513516,-0.05801252919438946,0.05801252919438946
25.0,ptera_prescribed_wake_uvlm,Ptera prescribed-wake control,0.625,1.1013624989112993,-0.03273317896784214,0.03273317896784214,1.8215723652262819,-0.054138264461308386,0.054138264461308386
25.0,ptera_prescribed_wake_uvlm,Ptera prescribed-wake control,0.6328125,1.0702228347184297,-0.02967704957852887,0.02967704957852887,1.7700696567063998,-0.04908365179233529,0.04908365179233529
25.0,ptera_prescribed_wake_uvlm,Ptera prescribed-wake control,0.640625,1.0374173090583332,-0.025901477883197896,0.025901477883197896,1.715811736150521,-0.042839134596640085,0.042839134596640085
25.0,ptera_prescribed_wake_uvlm,Ptera prescribed-wake control,0.6484375,1.002924443568468,-0.021218552917051145,0.021218552917051145,1.6587630799306892,-0.035093921993892704,0.035093921993892704
25.0,ptera_prescribed_wake_uvlm,Ptera prescribed-wake control,0.65625,0.9674339642546032,-0.015789663354905926,0.015789663354905926,1.6000644440041194,-0.026114938952392232,0.026114938952392232
25.0,ptera_prescribed_wake_uvlm,Ptera prescribed-wake control,0.6640625,0.9313602331468143,-0.009739257017547107,0.009739257017547107,1.5404011526159458,-0.01610801299166873,0.01610801299166873
25.0,ptera_prescribed_wake_uvlm,Ptera prescribed-wake control,0.671875,0.8949659357541563,-0.003119540334599295,0.003119540334599295,1.4802076682292653,-0.005159489696927183,0.005159489696927183
25.0,ptera_prescribed_wake_uvlm,Ptera prescribed-wake control,0.6796875,0.8585323761651391,0.0040313790737803185,-0.0040313790737803185,1.4199492470647694,0.0066676037379235055,-0.0066676037379235055
25.0,ptera_prescribed_wake_uvlm,Ptera prescribed-wake control,0.6875,0.8225708494545242,0.011684842659084357,-0.011684842659084357,1.3604715334762312,0.019325868186764426,-0.019325868186764426
25.0,ptera_prescribed_wake_uvlm,Ptera prescribed-wake control,0.6953125,0.7872820606296029,0.019575521474585158,-0.019575521474585158,1.3021064787469077,0.03237646913549921,-0.03237646913549921
25.0,ptera_prescribed_wake_uvlm,Ptera prescribed-wake control,0.703125,0.752834360707213,0.02760558585373833,-0.02760558585373833,1.2451325230454373,0.04565760352904587,-0.04565760352904587
25.0,ptera_prescribed_wake_uvlm,Ptera prescribed-wake control,0.7109375,0.7193796694710608,0.03567586511272427,-0.03567586511272427,1.1898009304924022,0.05900525036862794,-0.05900525036862794
25.0,ptera_prescribed_wake_uvlm,Ptera prescribed-wake control,0.71875,0.6873356608720349,0.04362735807120523,-0.04362735807120523,1.1368025030057587,0.07215643342577578,-0.07215643342577578
25.0,ptera_prescribed_wake_uvlm,Ptera prescribed-wake control,0.7265625,0.6567750021193182,0.05128098006830477,-0.05128098006830477,1.0862574267914442,0.08481495987604612,-0.08481495987604612
25.0,ptera_prescribed_wake_uvlm,Ptera prescribed-wake control,0.734375,0.627522759121917,0.05856906924236737,-0.05856906924236737,1.037876373761563,0.09686892198924721,-0.09686892198924721
25.0,ptera_prescribed_wake_uvlm,Ptera prescribed-wake control,0.7421875,0.599585347208422,0.06541447444041801,-0.06541447444041801,0.9916699543965757,0.1081907174470292,-0.1081907174470292
25.0,ptera_prescribed_wake_uvlm,Ptera prescribed-wake control,0.75,0.5729562474735982,0.07174544235747639,-0.07174544235747639,0.9476273869078888,0.1186616715736201,-0.1186616715736201
25.0,ptera_prescribed_wake_uvlm,Ptera prescribed-wake control,0.7578125,0.5480686835829417,0.07723993317465677,-0.07723993317465677,0.9064651912948762,0.1277491542538992,-0.1277491542538992
25.0,ptera_prescribed_wake_uvlm,Ptera prescribed-wake control,0.765625,0.5243521887760008,0.08207636347236015,-0.08207636347236015,0.8672398575986038,0.13574825335646373,-0.13574825335646373
25.0,ptera_prescribed_wake_uvlm,Ptera prescribed-wake control,0.7734375,0.5017474479112427,0.0862400194662322,-0.0862400194662322,0.829853282948525,0.1426346333668993,-0.1426346333668993
25.0,ptera_prescribed_wake_uvlm,Ptera prescribed-wake control,0.78125,0.48019461878921266,0.08972266348885634,-0.08972266348885634,0.7942064927591524,0.1483946697906958,-0.1483946697906958
25.0,ptera_prescribed_wake_uvlm,Ptera prescribed-wake control,0.7890625,0.45977879388248394,0.0924153899487815,-0.0924153899487815,0.7604402237059054,0.152848240809649,-0.152848240809649
25.0,ptera_prescribed_wake_uvlm,Ptera prescribed-wake control,0.796875,0.4404404404205397,0.09431723329311407,-0.09431723329311407,0.7284560129759442,0.1559937494704671,-0.1559937494704671
25.0,ptera_prescribed_wake_uvlm,Ptera prescribed-wake control,0.8046875,0.4219161254582596,0.09561339501883166,-0.09561339501883166,0.6978181619020312,0.15813750539348526,-0.15813750539348526
25.0,ptera_prescribed_wake_uvlm,Ptera prescribed-wake control,0.8125,0.4041628371961073,0.09634052160629486,-0.09634052160629486,0.6684555321391693,0.1593401191551246,-0.1593401191551246
25.0,ptera_prescribed_wake_uvlm,Ptera prescribed-wake control,0.8203125,0.3871408399952763,0.09653810208858289,-0.09653810208858289,0.6403024038706445,0.15966690270440992,-0.15966690270440992
25.0,ptera_prescribed_wake_uvlm,Ptera prescribed-wake control,0.828125,0.37102922612240957,0.09612101478247612,-0.09612101478247612,0.6136549825002768,0.1589770710536666,-0.1589770710536666
25.0,ptera_prescribed_wake_uvlm,Ptera prescribed-wake control,0.8359375,0.35559877061146694,0.09529811903423523,-0.09529811903423523,0.5881341468359327,0.15761606216155383,-0.15761606216155383
25.0,ptera_prescribed_wake_uvlm,Ptera prescribed-wake control,0.84375,0.34079654091364714,0.09414183346847996,-0.09414183346847996,0.5636523503448286,0.15570365109347054,-0.15570365109347054
25.0,ptera_prescribed_wake_uvlm,Ptera prescribed-wake control,0.8515625,0.3266095268066896,0.09269814992860148,-0.09269814992860148,0.5401880750786425,0.15331590496721853,-0.15331590496721853
25.0,ptera_prescribed_wake_uvlm,Ptera prescribed-wake control,0.859375,0.3130931746489483,0.09099424688590735,-0.09099424688590735,0.5178330252258047,0.15049777497036038,-0.15049777497036038
25.0,ptera_prescribed_wake_uvlm,Ptera prescribed-wake control,0.8671875,0.30033679610030495,0.08907886706429267,-0.08907886706429267,0.49673491568644446,0.14732987797421765,-0.14732987797421765
25.0,ptera_prescribed_wake_uvlm,Ptera prescribed-wake control,0.875,0.28817200535345877,0.08705355726423898,-0.08705355726423898,0.4766152487510624,0.14398016489932486,-0.14398016489932486
25.0,ptera_prescribed_wake_uvlm,Ptera prescribed-wake control,0.8828125,0.2765984428500152,0.08495317225311837,-0.08495317225311837,0.4574734297365858,0.14050628296093054,-0.14050628296093054
25.0,ptera_prescribed_wake_uvlm,Ptera prescribed-wake control,0.890625,0.2656164195294164,0.08281107324079724,-0.08281107324079724,0.43930997291392476,0.1369634091402949,-0.1369634091402949
25.0,ptera_prescribed_wake_uvlm,Ptera prescribed-wake control,0.8984375,0.2553930499468682,0.08067141622335505,-0.08067141622335505,0.42240127343534867,0.13342457419913076,-0.13342457419913076
25.0,ptera_prescribed_wake_uvlm,Ptera prescribed-wake control,0.90625,0.24583367111110646,0.07858125387846421,-0.07858125387846421,0.406590765693197,0.12996759979692135,-0.12996759979692135
25.0,ptera_prescribed_wake_uvlm,Ptera prescribed-wake control,0.9140625,0.23687512005745265,0.07656213531158314,-0.07656213531158314,0.39177398280115594,0.12662812656519107,-0.12662812656519107
25.0,ptera_prescribed_wake_uvlm,Ptera prescribed-wake control,0.921875,0.228520162043905,0.07463471554963058,-0.07463471554963058,0.37795549829206065,0.12344031639548368,-0.12344031639548368
25.0,ptera_prescribed_wake_uvlm,Ptera prescribed-wake control,0.9296875,0.22080554017333723,0.07282617809237722,-0.07282617809237722,0.36519608254884467,0.12044912879206897,-0.12044912879206897
25.0,ptera_prescribed_wake_uvlm,Ptera prescribed-wake control,0.9375,0.21390564820760788,0.07120359749219732,-0.07120359749219732,0.35378416999485485,0.1177655001188922,-0.1177655001188922
25.0,ptera_prescribed_wake_uvlm,Ptera prescribed-wake control,0.9453125,0.20762078995745592,0.06974226913339328,-0.06974226913339328,0.34338947785747237,0.11534857076316216,-0.11534857076316216
25.0,ptera_prescribed_wake_uvlm,Ptera prescribed-wake control,0.953125,0.20195343579967004,0.06845458024977094,-0.06845458024977094,0.33401609195775467,0.11321882829623216,-0.11321882829623216
25.0,ptera_prescribed_wake_uvlm,Ptera prescribed-wake control,0.9609375,0.19690602295199422,0.0673523397183493,-0.0673523397183493,0.3256680432741442,0.1113958037299747,-0.1113958037299747
25.0,ptera_prescribed_wake_uvlm,Ptera prescribed-wake control,0.96875,0.19262027924398414,0.06649462868578106,-0.06649462868578106,0.3185797391865522,0.10997721292465817,-0.10997721292465817
25.0,ptera_prescribed_wake_uvlm,Ptera prescribed-wake control,0.9765625,0.18906611300058404,0.0658885957746004,-0.0658885957746004,0.31270141028321885,0.10897487917485686,-0.10897487917485686
25.0,ptera_prescribed_wake_uvlm,Ptera prescribed-wake control,0.984375,0.18614214996234968,0.06550935024815233,-0.06550935024815233,0.30786539101376326,0.10834763503743944,-0.10834763503743944
25.0,ptera_prescribed_wake_uvlm,Ptera prescribed-wake control,0.9921875,0.1838509461734142,0.06536516407035114,-0.06536516407035114,0.30407590888671404,0.10810916173079439,-0.10810916173079439
25.0,ptera_free_wake_uvlm,Ptera free-wake UVLM,0.0,0.180337115887881,0.06484504997371622,-0.06484504997371622,0.29826429268355703,0.10724893136510522,-0.10724893136510522
25.0,ptera_free_wake_uvlm,Ptera free-wake UVLM,0.0078125,0.1796856737339271,0.0653306023420621,-0.0653306023420621,0.2971868553944184,0.10805199918058225,-0.10805199918058225
25.0,ptera_free_wake_uvlm,Ptera free-wake UVLM,0.015625,0.1796705756281441,0.06608069209596738,-0.06608069209596738,0.29716188424069856,0.1092925923263484,-0.1092925923263484
25.0,ptera_free_wake_uvlm,Ptera free-wake UVLM,0.0234375,0.18029984771488888,0.06710365493635898,-0.06710365493635898,0.29820265387336325,0.11098449743711138,-0.11098449743711138
25.0,ptera_free_wake_uvlm,Ptera free-wake UVLM,0.03125,0.18157866200125433,0.06840624477553064,-0.06840624477553064,0.3003177184107908,0.11313888498581141,-0.11313888498581141
25.0,ptera_free_wake_uvlm,Ptera free-wake UVLM,0.0390625,0.18361553873496964,0.07004098439591841,-0.07004098439591841,0.30368656234108243,0.11584262378187758,-0.11584262378187758
25.0,ptera_free_wake_uvlm,Ptera free-wake UVLM,0.046875,0.18646126278273867,0.07203591808279657,-0.07203591808279657,0.3083931800891899,0.1191420970053334,-0.1191420970053334
25.0,ptera_free_wake_uvlm,Ptera free-wake UVLM,0.0546875,0.18997812842102418,0.07433146664418773,-0.07433146664418773,0.3142098165419903,0.12293876506566642,-0.12293876506566642
25.0,ptera_free_wake_uvlm,Ptera free-wake UVLM,0.0625,0.19417048035219836,0.0769293056283224,-0.0769293056283224,0.3211436575168544,0.12723539919610483,-0.12723539919610483
25.0,ptera_free_wake_uvlm,Ptera free-wake UVLM,0.0703125,0.19904237887895931,0.07983016520898477,-0.07983016520898477,0.32920141845506223,0.132033207050249,-0.132033207050249
25.0,ptera_free_wake_uvlm,Ptera free-wake UVLM,0.078125,0.20484229856579145,0.0831376226079246,-0.0831376226079246,0.3387940579652224,0.13750349771569975,-0.13750349771569975
25.0,ptera_free_wake_uvlm,Ptera free-wake UVLM,0.0859375,0.21138624619532104,0.0867585019574775,-0.0867585019574775,0.3496172648323732,0.14349216517757898,-0.14349216517757898
25.0,ptera_free_wake_uvlm,Ptera free-wake UVLM,0.09375,0.2186445438376809,0.09066754612774512,-0.09066754612774512,0.3616219539487897,0.14995743600534653,-0.14995743600534653
25.0,ptera_free_wake_uvlm,Ptera free-wake UVLM,0.1015625,0.22662533866071435,0.09485380139522406,-0.09485380139522406,0.3748216001293608,0.15688119354799074,-0.15688119354799074
25.0,ptera_free_wake_uvlm,Ptera free-wake UVLM,0.109375,0.2354187489847111,0.0993290800240269,-0.0993290800240269,0.38936525243105224,0.16428297441938716,-0.16428297441938716
25.0,ptera_free_wake_uvlm,Ptera free-wake UVLM,0.1171875,0.2451570854029208,0.10408932617817408,-0.10408932617817408,0.4054717428192965,0.17215607056587903,-0.17215607056587903
25.0,ptera_free_wake_uvlm,Ptera free-wake UVLM,0.125,0.2556434327378646,0.10902848767977125,-0.10902848767977125,0.4228153881099069,0.18032507950489096,-0.18032507950489096
25.0,ptera_free_wake_uvlm,Ptera free-wake UVLM,0.1328125,0.2668804876259742,0.11410745646197883,-0.11410745646197883,0.4414006483407075,0.18872531937746848,-0.18872531937746848
25.0,ptera_free_wake_uvlm,Ptera free-wake UVLM,0.140625,0.2788699373605926,0.11928337899987959,-0.11928337899987959,0.4612303141704766,0.19728591361316458,-0.19728591361316458
25.0,ptera_free_wake_uvlm,Ptera free-wake UVLM,0.1484375,0.2918213284135668,0.12448854651721439,-0.12448854651721439,0.4826509600129284,0.2058948768884923,-0.2058948768884923
25.0,ptera_free_wake_uvlm,Ptera free-wake UVLM,0.15625,0.30559933830296576,0.12960614042041224,-0.12960614042041224,0.5054387724608306,0.2143589998631992,-0.2143589998631992
25.0,ptera_free_wake_uvlm,Ptera free-wake UVLM,0.1640625,0.32011162335684945,0.13456215801922483,-0.13456215801922483,0.5294410218896719,0.2225558875441363,-0.2225558875441363
25.0,ptera_free_wake_uvlm,Ptera free-wake UVLM,0.171875,0.3353468582775273,0.13928314246257834,-0.13928314246257834,0.5546389770921327,0.23036404771590235,-0.23036404771590235
25.0,ptera_free_wake_uvlm,Ptera free-wake UVLM,0.1796875,0.35132915926579333,0.143668159111004,-0.143668159111004,0.58107252448614,0.23761654192714085,-0.23761654192714085
25.0,ptera_free_wake_uvlm,Ptera free-wake UVLM,0.1875,0.36821138982395957,0.14745799989914654,-0.14745799989914654,0.6089944890332649,0.24388465915022764,-0.24388465915022764
25.0,ptera_free_wake_uvlm,Ptera free-wake UVLM,0.1953125,0.38573829613749344,0.15069103458333782,-0.15069103458333782,0.6379826997451812,0.2492318601329762,-0.2492318601329762
25.0,ptera_free_wake_uvlm,Ptera free-wake UVLM,0.203125,0.4038825230932482,0.15330295010120445,-0.15330295010120445,0.6679919132817486,0.2535517758122868,-0.2535517758122868
25.0,ptera_free_wake_uvlm,Ptera free-wake UVLM,0.2109375,0.4226158418686496,0.155234944932063,-0.155234944932063,0.6989754412518562,0.25674715280862603,-0.25674715280862603
25.0,ptera_free_wake_uvlm,Ptera free-wake UVLM,0.21875,0.4420216828873862,0.15625924639796152,-0.15625924639796152,0.7310712714246176,0.2584412719072751,-0.2584412719072751
25.0,ptera_free_wake_uvlm,Ptera free-wake UVLM,0.2265625,0.4620161288073657,0.1563705936982172,-0.1563705936982172,0.7641406107037819,0.25862543213180506,-0.25862543213180506
25.0,ptera_free_wake_uvlm,Ptera free-wake UVLM,0.234375,0.48247583754753165,0.15569573577985302,-0.15569573577985302,0.7979794603817992,0.25750926689487214,-0.25750926689487214
25.0,ptera_free_wake_uvlm,Ptera free-wake UVLM,0.2421875,0.5033738052263399,0.15424776499530451,-0.15424776499530451,0.8325431580297024,0.255114429982052,-0.255114429982052
25.0,ptera_free_wake_uvlm,Ptera free-wake UVLM,0.25,0.5246852221659569,0.15204890417770708,-0.15204890417770708,0.8677906702696738,0.25147767632077006,-0.25147767632077006
25.0,ptera_free_wake_uvlm,Ptera free-wake UVLM,0.2578125,0.5465017408673575,0.14889326680029047,-0.14889326680029047,0.9038735835804113,0.246258484776606,-0.246258484776606
25.0,ptera_free_wake_uvlm,Ptera free-wake UVLM,0.265625,0.5686455176305546,0.14514020000108158,-0.14514020000108158,0.9404977575952815,0.24005118901971845,-0.24005118901971845
25.0,ptera_free_wake_uvlm,Ptera free-wake UVLM,0.2734375,0.591090963570322,0.1408515986688309,-0.1408515986688309,0.9776208701848936,0.2329581586323368,-0.2329581586323368
25.0,ptera_free_wake_uvlm,Ptera free-wake UVLM,0.28125,0.6138134608845168,0.1360906938401101,-0.1360906938401101,1.015202205319675,0.22508397308666694,-0.22508397308666694
25.0,ptera_free_wake_uvlm,Ptera free-wake UVLM,0.2890625,0.6368251544406776,0.13087612873422502,-0.13087612873422502,1.0532618497150432,0.21645946689279977,-0.21645946689279977
25.0,ptera_free_wake_uvlm,Ptera free-wake UVLM,0.296875,0.6600846633889934,0.12530820101023576,-0.12530820101023576,1.0917313624965908,0.20725052498346305,-0.20725052498346305
25.0,ptera_free_wake_uvlm,Ptera free-wake UVLM,0.3046875,0.6835194703891658,0.11953147547303705,-0.11953147547303705,1.1304908053304652,0.1976962468865968,-0.1976962468865968
25.0,ptera_free_wake_uvlm,Ptera free-wake UVLM,0.3125,0.7071076440097914,0.11359767504024437,-0.11359767504024437,1.1695039052462193,0.1878821784941942,-0.1878821784941942
25.0,ptera_free_wake_uvlm,Ptera free-wake UVLM,0.3203125,0.7308255982524426,0.10755462296490921,-0.10755462296490921,1.2087316527415464,0.17788741594059793,-0.17788741594059793
25.0,ptera_free_wake_uvlm,Ptera free-wake UVLM,0.328125,0.7546477612709983,0.10143954308775416,-0.10143954308775416,1.248131753868479,0.16777352471369675,-0.16777352471369675
25.0,ptera_free_wake_uvlm,Ptera free-wake UVLM,0.3359375,0.7785178849373985,0.09532523298964873,-0.09532523298964873,1.2876111783706115,0.15766090664458465,-0.15766090664458465
25.0,ptera_free_wake_uvlm,Ptera free-wake UVLM,0.34375,0.8023921367723773,0.08923079015067129,-0.08923079015067129,1.327097430559186,0.14758114755717577,-0.14758114755717577
25.0,ptera_free_wake_uvlm,Ptera free-wake UVLM,0.3515625,0.8262398410083708,0.0831743074044682,-0.0831743074044682,1.3665397749765023,0.1375641716642624,-0.1375641716642624
25.0,ptera_free_wake_uvlm,Ptera free-wake UVLM,0.359375,0.8500290964781236,0.07718462695499881,-0.07718462695499881,1.4058854494441235,0.1276576818445393,-0.1276576818445393
25.0,ptera_free_wake_uvlm,Ptera free-wake UVLM,0.3671875,0.8736792508771289,0.07128757145291366,-0.07128757145291366,1.4450010609972208,0.11790438685817257,-0.11790438685817257
25.0,ptera_free_wake_uvlm,Ptera free-wake UVLM,0.375,0.8971576244483626,0.06546469896290247,-0.06546469896290247,1.4838325597272883,0.10827378510395852,-0.10827378510395852
25.0,ptera_free_wake_uvlm,Ptera free-wake UVLM,0.3828125,0.9204383025379588,0.059722004730888005,-0.059722004730888005,1.5223370847076263,0.09877579227659933,-0.09877579227659933
25.0,ptera_free_wake_uvlm,Ptera free-wake UVLM,0.390625,0.9434898936483114,0.05406295806419285,-0.05406295806419285,1.5604627167158174,0.0894161463546003,-0.0894161463546003
25.0,ptera_free_wake_uvlm,Ptera free-wake UVLM,0.3984375,0.9661123803399884,0.048487138148869374,-0.048487138148869374,1.5978786416551476,0.0801941513427204,-0.0801941513427204
25.0,ptera_free_wake_uvlm,Ptera free-wake UVLM,0.40625,0.9883771195954127,0.04301683631594843,-0.04301683631594843,1.634702878713101,0.0711466754588534,-0.0711466754588534
25.0,ptera_free_wake_uvlm,Ptera free-wake UVLM,0.4140625,1.0102071566110982,0.03761474103812898,-0.03761474103812898,1.670808150318905,0.0622120081879753,-0.0622120081879753
25.0,ptera_free_wake_uvlm,Ptera free-wake UVLM,0.421875,1.031531949384395,0.03227134677557557,-0.03227134677557557,1.706077785201528,0.05337442806808068,-0.05337442806808068
25.0,ptera_free_wake_uvlm,Ptera free-wake UVLM,0.4296875,1.0522660393233854,0.0269915754220544,-0.0269915754220544,1.7403704411511498,0.044642075548547426,-0.044642075548547426
25.0,ptera_free_wake_uvlm,Ptera free-wake UVLM,0.4375,1.0721487937432113,0.021798787375931925,-0.021798787375931925,1.7732550509245324,0.0360535870058157,-0.0360535870058157
25.0,ptera_free_wake_uvlm,Ptera free-wake UVLM,0.4453125,1.091273581445991,0.016663577588549253,-0.016663577588549253,1.8048860396359148,0.027560328657558503,-0.027560328657558503
25.0,ptera_free_wake_uvlm,Ptera free-wake UVLM,0.453125,1.109562944225948,0.011585508016423718,-0.011585508016423718,1.8351352971242532,0.01916157601215424,-0.01916157601215424
25.0,ptera_free_wake_uvlm,Ptera free-wake UVLM,0.4609375,1.1269399058874046,0.006566009505369826,-0.006566009505369826,1.8638755104376674,0.010859695583077979,-0.010859695583077979
25.0,ptera_free_wake_uvlm,Ptera free-wake UVLM,0.46875,1.1430756291330781,0.0016267807983839392,-0.0016267807983839392,1.8905628069329747,0.002690575491308414,-0.002690575491308414
25.0,ptera_free_wake_uvlm,Ptera free-wake UVLM,0.4765625,1.15786109063011,-0.003226366070252014,0.003226366070252014,1.9150168700563637,-0.005336171586997268,0.005336171586997268
25.0,ptera_free_wake_uvlm,Ptera free-wake UVLM,0.484375,1.1713677653163912,-0.00799748183461994,0.00799748183461994,1.9373559140849663,-0.013227245267333307,0.013227245267333307
25.0,ptera_free_wake_uvlm,Ptera free-wake UVLM,0.4921875,1.1834924151401984,-0.012678249522159657,0.012678249522159657,1.9574091908933968,-0.02096888989032965,0.02096888989032965
25.0,ptera_free_wake_uvlm,Ptera free-wake UVLM,0.5,1.1941273237987797,-0.017259302191720012,0.017259302191720012,1.974998545659268,-0.02854561322598527,0.02854561322598527
25.0,ptera_free_wake_uvlm,Ptera free-wake UVLM,0.5078125,1.202504972519039,-0.021652607941756837,0.021652607941756837,1.9888545589241857,-0.03581181700009917,0.03581181700009917
25.0,ptera_free_wake_uvlm,Ptera free-wake UVLM,0.515625,1.2090599476103658,-0.025891886364496047,0.025891886364496047,1.999696004400049,-0.04282327093192923,0.04282327093192923
25.0,ptera_free_wake_uvlm,Ptera free-wake UVLM,0.5234375,1.2137179524059625,-0.029944944056738004,0.029944944056738004,2.0074000008781727,-0.049526729506334854,0.049526729506334854
25.0,ptera_free_wake_uvlm,Ptera free-wake UVLM,0.53125,1.2163910567278335,-0.03378412813879702,0.03378412813879702,2.0118211183276054,-0.05587645689927613,0.05587645689927613
25.0,ptera_free_wake_uvlm,Ptera free-wake UVLM,0.5390625,1.2165824543665114,-0.03734453115402827,0.03734453115402827,2.012137675909446,-0.06176510096335544,0.06176510096335544
25.0,ptera_free_wake_uvlm,Ptera free-wake UVLM,0.546875,1.21402376441989,-0.04054248872140632,0.04054248872140632,2.007905791400435,-0.06705428698127457,0.06705428698127457
25.0,ptera_free_wake_uvlm,Ptera free-wake UVLM,0.5546875,1.2091180787716835,-0.04339704931176535,0.04339704931176535,1.9997921490546195,-0.0717755197192714,0.0717755197192714
25.0,ptera_free_wake_uvlm,Ptera free-wake UVLM,0.5625,1.2018129706235006,-0.045870546950564015,0.045870546950564015,1.9877100388131022,-0.0758665024327213,0.0758665024327213
25.0,ptera_free_wake_uvlm,Ptera free-wake UVLM,0.5703125,1.1920656844613833,-0.047923697702578046,0.047923697702578046,1.9715887462083361,-0.07926226238932894,0.07926226238932894
25.0,ptera_free_wake_uvlm,Ptera free-wake UVLM,0.578125,1.1790292256870871,-0.04932766537728632,0.04932766537728632,1.9500274046272097,-0.08158432140300304,0.08158432140300304
25.0,ptera_free_wake_uvlm,Ptera free-wake UVLM,0.5859375,1.163396540588125,-0.05014877905996265,0.05014877905996265,1.924172096135498,-0.08294238289007101,0.08294238289007101
25.0,ptera_free_wake_uvlm,Ptera free-wake UVLM,0.59375,1.1453479492089356,-0.05037532145090901,0.05037532145090901,1.8943210567909665,-0.08331706730079691,0.08331706730079691
25.0,ptera_free_wake_uvlm,Ptera free-wake UVLM,0.6015625,1.1249437975429455,-0.04996894235625541,0.04996894235625541,1.8605740944171851,-0.08264494624223678,0.08264494624223678
25.0,ptera_free_wake_uvlm,Ptera free-wake UVLM,0.609375,1.1020336011840037,-0.04880976324339148,0.04880976324339148,1.8226823189022128,-0.08072774946058887,0.08072774946058887
25.0,ptera_free_wake_uvlm,Ptera free-wake UVLM,0.6171875,1.076522630642412,-0.046715242434711014,0.046715242434711014,1.7804890546548817,-0.07726356648063885,0.07726356648063885
25.0,ptera_free_wake_uvlm,Ptera free-wake UVLM,0.625,1.049200626766007,-0.043862604541861666,0.043862604541861666,1.7353004748066831,-0.07254551374255466,0.07254551374255466
25.0,ptera_free_wake_uvlm,Ptera free-wake UVLM,0.6328125,1.0202339391541608,-0.04024876356109862,0.04024876356109862,1.6873917093293405,-0.06656848722368608,0.06656848722368608
25.0,ptera_free_wake_uvlm,Ptera free-wake UVLM,0.640625,0.9898043256508399,-0.03587389825045615,0.03587389825045615,1.6370633722950232,-0.05933278257664123,0.05933278257664123
25.0,ptera_free_wake_uvlm,Ptera free-wake UVLM,0.6484375,0.9579496004857508,-0.03052662261586439,0.03052662261586439,1.5843780056514676,-0.05048878295358465,0.05048878295358465
25.0,ptera_free_wake_uvlm,Ptera free-wake UVLM,0.65625,0.9252545443144241,-0.024396485134325924,0.024396485134325924,1.5303027934846456,-0.0403499875592922,0.0403499875592922
25.0,ptera_free_wake_uvlm,Ptera free-wake UVLM,0.6640625,0.892097884582678,-0.017614108542105333,0.017614108542105333,1.4754641230648131,-0.02913243676819555,0.02913243676819555
25.0,ptera_free_wake_uvlm,Ptera free-wake UVLM,0.671875,0.8586974351784405,-0.010242299122677982,0.010242299122677982,1.4202222425022921,-0.016940007542198144,0.016940007542198144
25.0,ptera_free_wake_uvlm,Ptera free-wake UVLM,0.6796875,0.8252601998166994,-0.0023384061601673927,0.0023384061601673927,1.3649195206784397,-0.0038675513686424142,0.0038675513686424142
25.0,ptera_free_wake_uvlm,Ptera free-wake UVLM,0.6875,0.7922761616654247,0.006073540979787967,-0.006073540979787967,1.31036635362461,0.010045188953489265,-0.010045188953489265
25.0,ptera_free_wake_uvlm,Ptera free-wake UVLM,0.6953125,0.7598937327295178,0.014708401461668378,-0.014708401461668378,1.2568082038538844,0.024326611506850258,-0.024326611506850258
25.0,ptera_free_wake_uvlm,Ptera free-wake UVLM,0.703125,0.7282497805045033,0.023457948135849137,-0.023457948135849137,1.204471440112059,0.03879771656599282,-0.03879771656599282
25.0,ptera_free_wake_uvlm,Ptera free-wake UVLM,0.7109375,0.6974613219465299,0.0322111887345762,-0.0322111887345762,1.1535495998164635,0.053274931103966756,-0.053274931103966756
25.0,ptera_free_wake_uvlm,Ptera free-wake UVLM,0.71875,0.667839703784723,0.04077429404342363,-0.04077429404342363,1.104557627500201,0.06743767589193432,-0.06743767589193432
25.0,ptera_free_wake_uvlm,Ptera free-wake UVLM,0.7265625,0.639511685440643,0.048987724298408586,-0.048987724298408586,1.0577051739000396,0.08102208392378887,-0.08102208392378887
25.0,ptera_free_wake_uvlm,Ptera free-wake UVLM,0.734375,0.6122554997025939,0.05675890377366948,-0.05675890377366948,1.0126254523996405,0.0938750417749432,-0.0938750417749432
25.0,ptera_free_wake_uvlm,Ptera free-wake UVLM,0.7421875,0.5860825815734146,0.06401184657749043,-0.06401184657749043,0.9693373756505497,0.10587087438325057,-0.10587087438325057
25.0,ptera_free_wake_uvlm,Ptera free-wake UVLM,0.75,0.5610274978785912,0.07069113905778035,-0.07069113905778035,0.9278981146333669,0.11691793165402815,-0.11691793165402815
25.0,ptera_free_wake_uvlm,Ptera free-wake UVLM,0.7578125,0.5374272665879971,0.07643568618348688,-0.07643568618348688,0.8888650722205463,0.12641898903093257,-0.12641898903093257
25.0,ptera_free_wake_uvlm,Ptera free-wake UVLM,0.765625,0.5148118011055144,0.08145771892107936,-0.08145771892107936,0.8514607598435211,0.13472506088384475,-0.13472506088384475
25.0,ptera_free_wake_uvlm,Ptera free-wake UVLM,0.7734375,0.4931317055492648,0.08574620393782255,-0.08574620393782255,0.8156034803558253,0.14181789889395344,-0.14181789889395344
25.0,ptera_free_wake_uvlm,Ptera free-wake UVLM,0.78125,0.4723437616751859,0.08929933637460229,-0.08929933637460229,0.7812217539684384,0.1476945179573635,-0.1476945179573635
25.0,ptera_free_wake_uvlm,Ptera free-wake UVLM,0.7890625,0.4525485413843567,0.09201585757464892,-0.09201585757464892,0.748481919190166,0.1521874437219939,-0.1521874437219939
25.0,ptera_free_wake_uvlm,Ptera free-wake UVLM,0.796875,0.4336956297063541,0.09389856772493717,-0.09389856772493717,0.7173005933772313,0.1553013074906315,-0.1553013074906315
25.0,ptera_free_wake_uvlm,Ptera free-wake UVLM,0.8046875,0.41557860493763743,0.09515483798779883,-0.09515483798779883,0.687336370252296,0.1573790858754471,-0.1573790858754471
25.0,ptera_free_wake_uvlm,Ptera free-wake UVLM,0.8125,0.39817463653474167,0.09583027960231379,-0.09583027960231379,0.658551489779859,0.15849621650277504,-0.15849621650277504
25.0,ptera_free_wake_uvlm,Ptera free-wake UVLM,0.8203125,0.38146007248472524,0.09597148998610107,-0.09597148998610107,0.6309068332744746,0.1587297680655386,-0.1587297680655386
25.0,ptera_free_wake_uvlm,Ptera free-wake UVLM,0.828125,0.3655766077759327,0.09548030695629739,-0.09548030695629739,0.6046367537991124,0.15791738755118212,-0.15791738755118212
25.0,ptera_free_wake_uvlm,Ptera free-wake UVLM,0.8359375,0.35035224311524016,0.09458768587693299,-0.09458768587693299,0.5794567772051584,0.15644105810252565,-0.15644105810252565
25.0,ptera_free_wake_uvlm,Ptera free-wake UVLM,0.84375,0.3357480165782439,0.093370542188801,-0.093370542188801,0.5553024633424715,0.15442799218735018,-0.15442799218735018
25.0,ptera_free_wake_uvlm,Ptera free-wake UVLM,0.8515625,0.32175089662813516,0.09187413009254294,-0.09187413009254294,0.5321522590100386,0.151953036916739,-0.151953036916739
25.0,ptera_free_wake_uvlm,Ptera free-wake UVLM,0.859375,0.30839686420450313,0.09011757272342727,-0.09011757272342727,0.5100656740289179,0.14904782054639898,-0.14904782054639898
25.0,ptera_free_wake_uvlm,Ptera free-wake UVLM,0.8671875,0.2958148962203948,0.08816871423413421,-0.08816871423413421,0.48925602670329255,0.14582455230243566,-0.14582455230243566
25.0,ptera_free_wake_uvlm,Ptera free-wake UVLM,0.875,0.2838175780433351,0.08611611007527414,-0.08611611007527414,0.46941334704989807,0.14242969637060213,-0.14242969637060213
25.0,ptera_free_wake_uvlm,Ptera free-wake UVLM,0.8828125,0.27241017359478265,0.08399653237258148,-0.08399653237258148,0.45054634120669657,0.13892407113550345,-0.13892407113550345
25.0,ptera_free_wake_uvlm,Ptera free-wake UVLM,0.890625,0.26159973103607104,0.08184582588199939,-0.08184582588199939,0.43266666631284395,0.13536696118048885,-0.13536696118048885
25.0,ptera_free_wake_uvlm,Ptera free-wake UVLM,0.8984375,0.25154530010258125,0.07970560114697908,-0.07970560114697908,0.4160373789032712,0.13182718727631065,-0.13182718727631065
25.0,ptera_free_wake_uvlm,Ptera free-wake UVLM,0.90625,0.24215544544285078,0.07762223573199993,-0.07762223573199993,0.40050725164856266,0.12838145449500968,-0.12838145449500968
25.0,ptera_free_wake_uvlm,Ptera free-wake UVLM,0.9140625,0.23336712060086623,0.07561608525458839,-0.07561608525458839,0.3859720103591459,0.1250634295270716,-0.1250634295270716
25.0,ptera_free_wake_uvlm,Ptera free-wake UVLM,0.921875,0.22518193593549307,0.07370681533199917,-0.07370681533199917,0.37243431844984615,0.12190563785340909,-0.12190563785340909
25.0,ptera_free_wake_uvlm,Ptera free-wake UVLM,0.9296875,0.217634029126289,0.07192017967246178,-0.07192017967246178,0.3599506371255407,0.11895067420850723,-0.11895067420850723
25.0,ptera_free_wake_uvlm,Ptera free-wake UVLM,0.9375,0.21090131910546542,0.07032544242074751,-0.07032544242074751,0.3488152311814147,0.11631309638068836,-0.11631309638068836
25.0,ptera_free_wake_uvlm,Ptera free-wake UVLM,0.9453125,0.20477974542351693,0.06889400406819189,-0.06889400406819189,0.33869059968020004,0.11394560289138049,-0.11394560289138049
25.0,ptera_free_wake_uvlm,Ptera free-wake UVLM,0.953125,0.19927132225511063,0.06763783174297744,-0.06763783174297744,0.32958007391828265,0.11186798648821206,-0.11186798648821206
25.0,ptera_free_wake_uvlm,Ptera free-wake UVLM,0.9609375,0.19437817608073646,0.06656838025781452,-0.06656838025781452,0.32148717093759877,0.11009919258679571,-0.11009919258679571
25.0,ptera_free_wake_uvlm,Ptera free-wake UVLM,0.96875,0.19024010807227706,0.0657442107281946,-0.0657442107281946,0.3146431115683287,0.10873607695420316,-0.10873607695420316
25.0,ptera_free_wake_uvlm,Ptera free-wake UVLM,0.9765625,0.186827775122966,0.06517231518246472,-0.06517231518246472,0.3089993644754683,0.10779020388976948,-0.10779020388976948
25.0,ptera_free_wake_uvlm,Ptera free-wake UVLM,0.984375,0.18403992534408878,0.06482713709219891,-0.06482713709219891,0.30438846650080065,0.10721930477986578,-0.10721930477986578
25.0,ptera_free_wake_uvlm,Ptera free-wake UVLM,0.9921875,0.18187667449004163,0.06471585652683483,-0.06471585652683483,0.3008106090935622,0.10703525492992597,-0.10703525492992597
25.0,robofalcon2_coefficient_transfer,RoboFalcon2 S3-S4 coefficient transfer,0.0,1.0318841435864867,0.4323887707907928,-0.4323887707907928,1.706660288443065,0.7151391450909592,-0.7151391450909592
25.0,robofalcon2_coefficient_transfer,RoboFalcon2 S3-S4 coefficient transfer,0.0078125,1.0297578252575774,0.43228403294740636,-0.43228403294740636,1.703143514709218,0.7149659164207487,-0.7149659164207487
25.0,robofalcon2_coefficient_transfer,RoboFalcon2 S3-S4 coefficient transfer,0.015625,1.0270746759721192,0.4315893903687222,-0.4315893903687222,1.6987057836306687,0.7138170288144506,-0.7138170288144506
25.0,robofalcon2_coefficient_transfer,RoboFalcon2 S3-S4 coefficient transfer,0.0234375,1.0238480623830402,0.4302949785656699,-0.4302949785656699,1.693369202665782,0.711676167134492,-0.711676167134492
25.0,robofalcon2_coefficient_transfer,RoboFalcon2 S3-S4 coefficient transfer,0.03125,1.020096985871485,0.4283882280123947,-0.4283882280123947,1.687165198697922,0.7085225423119114,-0.7085225423119114
25.0,robofalcon2_coefficient_transfer,RoboFalcon2 S3-S4 coefficient transfer,0.0390625,1.0158459516824123,0.42585391227791036,-0.42585391227791036,1.6801343015953771,0.704330970952565,-0.704330970952565
25.0,robofalcon2_coefficient_transfer,RoboFalcon2 S3-S4 coefficient transfer,0.046875,1.0111247489124553,0.42267422239891955,-0.42267422239891955,1.672325780327507,0.6990719983442868,-0.6990719983442868
25.0,robofalcon2_coefficient_transfer,RoboFalcon2 S3-S4 coefficient transfer,0.0546875,1.005968120071412,0.41882887933092416,-0.41882887933092416,1.6637970964438096,0.692712084442734,-0.692712084442734
25.0,robofalcon2_coefficient_transfer,RoboFalcon2 S3-S4 coefficient transfer,0.0625,1.000415295066062,0.4142952967010422,-0.4142952967010422,1.6546131333175171,0.6852138730525458,-0.6852138730525458
25.0,robofalcon2_coefficient_transfer,RoboFalcon2 S3-S4 coefficient transfer,0.0703125,0.994505406867775,0.40903934082607146,-0.40903934082607146,1.6448386139978397,0.6765209095785221,-0.6765209095785221
25.0,robofalcon2_coefficient_transfer,RoboFalcon2 S3-S4 coefficient transfer,0.078125,0.9882897050755942,0.4030433688625717,-0.4030433688625717,1.6345583015427523,0.6666040140584919,-0.6666040140584919
25.0,robofalcon2_coefficient_transfer,RoboFalcon2 S3-S4 coefficient transfer,0.0859375,0.9818162795443861,0.3962795934971754,-0.3962795934971754,1.6238517330263418,0.6554172283250179,-0.6554172283250179
25.0,robofalcon2_coefficient_transfer,RoboFalcon2 S3-S4 coefficient transfer,0.09375,0.9751337630093287,0.38871950409921624,-0.38871950409921624,1.6127993434067016,0.6429133978971837,-0.6429133978971837
25.0,robofalcon2_coefficient_transfer,RoboFalcon2 S3-S4 coefficient transfer,0.1015625,0.9682896787370844,0.38033464079450774,-0.38033464079450774,1.6014797326628059,0.6290454522415481,-0.6290454522415481
25.0,robofalcon2_coefficient_transfer,RoboFalcon2 S3-S4 coefficient transfer,0.109375,0.9613284821077719,0.37109760914288237,-0.37109760914288237,1.5899664267154938,0.6137680829739783,-0.6137680829739783
25.0,robofalcon2_coefficient_transfer,RoboFalcon2 S3-S4 coefficient transfer,0.1171875,0.9542893172312188,0.360983397110068,-0.360983397110068,1.5783241670361643,0.5970399220340283,-0.5970399220340283
25.0,robofalcon2_coefficient_transfer,RoboFalcon2 S3-S4 coefficient transfer,0.125,0.9472035547849539,0.349971064063535,-0.349971064063535,1.5666048384123614,0.5788263351595326,-0.5788263351595326
25.0,robofalcon2_coefficient_transfer,RoboFalcon2 S3-S4 coefficient transfer,0.1328125,0.9400920311411926,0.3380340836449632,-0.3380340836449632,1.554842902667378,0.5590834497097268,-0.5590834497097268
25.0,robofalcon2_coefficient_transfer,RoboFalcon2 S3-S4 coefficient transfer,0.140625,0.9329630943377055,0.3251784765228335,-0.3251784765228335,1.543052166840152,0.5378212234263497,-0.5378212234263497
25.0,robofalcon2_coefficient_transfer,RoboFalcon2 S3-S4 coefficient transfer,0.1484375,0.9258096685584191,0.31141088889061114,-0.31141088889061114,1.5312209280526266,0.5150506486233419,-0.5150506486233419
25.0,robofalcon2_coefficient_transfer,RoboFalcon2 S3-S4 coefficient transfer,0.15625,0.918608648485459,0.29675377866219677,-0.29675377866219677,1.5193109718126871,0.4908088690343808,-0.4908088690343808
25.0,robofalcon2_coefficient_transfer,RoboFalcon2 S3-S4 coefficient transfer,0.1640625,0.9113209628052485,0.28124936822588725,-0.28124936822588725,1.5072576770485662,0.46516571737647977,-0.46516571737647977
25.0,robofalcon2_coefficient_transfer,RoboFalcon2 S3-S4 coefficient transfer,0.171875,0.9038932852219786,0.264963557409749,-0.264963557409749,1.494972845998962,0.4382301871061959,-0.4382301871061959
25.0,robofalcon2_coefficient_transfer,RoboFalcon2 S3-S4 coefficient transfer,0.1796875,0.8962616801379637,0.24798928038700466,-0.24798928038700466,1.4823507338995363,0.410155984493622,-0.410155984493622
25.0,robofalcon2_coefficient_transfer,RoboFalcon2 S3-S4 coefficient transfer,0.1875,0.8883572323997551,0.23044861880913803,-0.23044861880913803,1.469277360167882,0.3811450235887314,-0.3811450235887314
25.0,robofalcon2_coefficient_transfer,RoboFalcon2 S3-S4 coefficient transfer,0.1953125,0.8801082897877348,0.2124897893107866,-0.2124897893107866,1.4556342173159627,0.35144244377659445,-0.35144244377659445
25.0,robofalcon2_coefficient_transfer,RoboFalcon2 S3-S4 coefficient transfer,0.203125,0.8714630168619792,0.1942988227012489,-0.1942988227012489,1.4413355733481843,0.32135592629897636,-0.32135592629897636
25.0,robofalcon2_coefficient_transfer,RoboFalcon2 S3-S4 coefficient transfer,0.2109375,0.8623851933010777,0.1760751671662617,-0.1760751671662617,1.4263215225236066,0.29121534374895336,-0.29121534374895336
25.0,robofalcon2_coefficient_transfer,RoboFalcon2 S3-S4 coefficient transfer,0.21875,0.8528644679677342,0.15803008145877204,-0.15803008145877204,1.4105749448243734,0.26137010252692566,-0.26137010252692566
25.0,robofalcon2_coefficient_transfer,RoboFalcon2 S3-S4 coefficient transfer,0.2265625,0.8429204450438171,0.1403756020819684,-0.1403756020819684,1.3941282641217987,0.2321708953748463,-0.2321708953748463
25.0,robofalcon2_coefficient_transfer,RoboFalcon2 S3-S4 coefficient transfer,0.234375,0.8326033490121462,0.12331256707490204,-0.12331256707490204,1.377064548007209,0.2039498936006939,-0.2039498936006939
25.0,robofalcon2_coefficient_transfer,RoboFalcon2 S3-S4 coefficient transfer,0.2421875,0.8219910754323514,0.10701927061465881,-0.10701927061465881,1.3595126299926734,0.1770019826270077,-0.1770019826270077
25.0,robofalcon2_coefficient_transfer,RoboFalcon2 S3-S4 coefficient transfer,0.25,0.8111830970750364,0.09164226090972612,-0.09164226090972612,1.341637030706235,0.15156954238502554,-0.15156954238502554
25.0,robofalcon2_coefficient_transfer,RoboFalcon2 S3-S4 coefficient transfer,0.2578125,0.8413148592001549,0.08118392783164693,-0.08118392783164693,1.3914727435228091,0.13427223060966317,-0.13427223060966317
25.0,robofalcon2_coefficient_transfer,RoboFalcon2 S3-S4 coefficient transfer,0.265625,0.8774696014422465,0.07085735292273983,-0.07085735292273983,1.4512700213538363,0.11719283713104132,-0.11719283713104132
25.0,robofalcon2_coefficient_transfer,RoboFalcon2 S3-S4 coefficient transfer,0.2734375,0.91383593522018,0.06016966534371625,-0.06016966534371625,1.5114172559836345,0.0995161899223647,-0.0995161899223647
25.0,robofalcon2_coefficient_transfer,RoboFalcon2 S3-S4 coefficient transfer,0.28125,0.9503198602407592,0.04926491625223448,-0.04926491625223448,1.5717589778582841,0.08148053897691757,-0.08148053897691757
25.0,robofalcon2_coefficient_transfer,RoboFalcon2 S3-S4 coefficient transfer,0.2890625,0.9868526805636746,0.03827327522640935,-0.03827327522640935,1.6321815689577468,0.06330117517896512,-0.06330117517896512
25.0,robofalcon2_coefficient_transfer,RoboFalcon2 S3-S4 coefficient transfer,0.296875,1.023387474523856,0.027306833821753546,-0.027306833821753546,1.692607424307723,0.04516348969635534,-0.04516348969635534
25.0,robofalcon2_coefficient_transfer,RoboFalcon2 S3-S4 coefficient transfer,0.3046875,1.0598948003753808,0.01645763118794656,-0.01645763118794656,1.7529878494313174,0.027219708496234216,-0.027219708496234216
25.0,robofalcon2_coefficient_transfer,RoboFalcon2 S3-S4 coefficient transfer,0.3125,1.0963582306952897,0.005797529581924467,-0.005797529581924467,1.8132956745822169,0.009588686452875141,-0.009588686452875141
25.0,robofalcon2_coefficient_transfer,RoboFalcon2 S3-S4 coefficient transfer,0.3203125,1.1327694389802612,-0.004616979922581187,0.004616979922581187,1.8735171283378744,-0.007636144363088397,0.007636144363088397
25.0,robofalcon2_coefficient_transfer,RoboFalcon2 S3-S4 coefficient transfer,0.328125,1.1691265371956208,-0.014752833404761728,0.014752833404761728,1.9336490880281512,-0.02440009866457731,0.02440009866457731
25.0,robofalcon2_coefficient_transfer,RoboFalcon2 S3-S4 coefficient transfer,0.3359375,1.205428850853089,-0.024588646755675094,0.024588646755675094,1.9936904380991658,-0.04066780871213946,0.04066780871213946
25.0,robofalcon2_coefficient_transfer,RoboFalcon2 S3-S4 coefficient transfer,0.34375,1.2416749658018702,-0.03411453550450959,0.03411453550450959,2.053638839649773,-0.05642292631987486,0.05642292631987486
25.0,robofalcon2_coefficient_transfer,RoboFalcon2 S3-S4 coefficient transfer,0.3515625,1.2778607140334588,-0.04332956778105926,0.04332956778105926,2.11348739910123,-0.07166391024317349,0.07166391024317349
25.0,robofalcon2_coefficient_transfer,RoboFalcon2 S3-S4 coefficient transfer,0.359375,1.3139775839649817,-0.05223946085019622,0.05223946085019622,2.173222038923057,-0.08640021641657643,0.08640021641657643
25.0,robofalcon2_coefficient_transfer,RoboFalcon2 S3-S4 coefficient transfer,0.3671875,1.3500114574676272,-0.060854581033435086,0.060854581033435086,2.232819408771188,-0.10064898997151747,0.10064898997151747
25.0,robofalcon2_coefficient_transfer,RoboFalcon2 S3-S4 coefficient transfer,0.375,1.3859415820422447,-0.06918825906300385,0.06918825906300385,2.292245185542195,-0.11443227895617217,0.11443227895617217
25.0,robofalcon2_coefficient_transfer,RoboFalcon2 S3-S4 coefficient transfer,0.3828125,1.4217375622787343,-0.07725217938818882,0.07725217938818882,2.35144909746895,-0.1277694085881177,0.1277694085881177
25.0,robofalcon2_coefficient_transfer,RoboFalcon2 S3-S4 coefficient transfer,0.390625,1.45736389035175,-0.08506530188000065,0.08506530188000065,2.410372417226469,-0.14069173709601668,0.14069173709601668
25.0,robofalcon2_coefficient_transfer,RoboFalcon2 S3-S4 coefficient transfer,0.3984375,1.4927746846619963,-0.09264250731488548,0.09264250731488548,2.4689392600325557,-0.15322387618689032,0.15322387618689032
25.0,robofalcon2_coefficient_transfer,RoboFalcon2 S3-S4 coefficient transfer,0.40625,1.5279143182420627,-0.09999748920599857,0.09999748920599857,2.5270576229847173,-0.16538847392181863,0.16538847392181863
25.0,robofalcon2_coefficient_transfer,RoboFalcon2 S3-S4 coefficient transfer,0.4140625,1.5627166993626358,-0.10714218390371041,0.10714218390371041,2.5846181952358833,-0.17720527214419826,0.17720527214419826
25.0,robofalcon2_coefficient_transfer,RoboFalcon2 S3-S4 coefficient transfer,0.421875,1.5971045350630215,-0.11408630644553666,0.11408630644553666,2.641493139928193,-0.18869033880975059,0.18869033880975059
25.0,robofalcon2_coefficient_transfer,RoboFalcon2 S3-S4 coefficient transfer,0.4296875,1.6309885756482598,-0.12083696253115993,0.12083696253115993,2.697534844646929,-0.1998554262218183,0.1998554262218183
25.0,robofalcon2_coefficient_transfer,RoboFalcon2 S3-S4 coefficient transfer,0.4375,1.6642668456930687,-0.12739831176860986,0.12739831176860986,2.75257464955774,-0.2107074140653774,0.2107074140653774
25.0,robofalcon2_coefficient_transfer,RoboFalcon2 S3-S4 coefficient transfer,0.4453125,1.6968130267381973,-0.13376881941341792,0.13376881941341792,2.806403633243004,-0.22124376398624004,0.22124376398624004
25.0,robofalcon2_coefficient_transfer,RoboFalcon2 S3-S4 coefficient transfer,0.453125,1.7285047239338716,-0.13994814781345238,0.13994814781345238,2.858819363645868,-0.23146391753267676,0.23146391753267676
25.0,robofalcon2_coefficient_transfer,RoboFalcon2 S3-S4 coefficient transfer,0.4609375,1.7591967922438076,-0.14592970865038957,0.14592970865038957,2.909581781578458,-0.2413569781119639,0.2413569781119639
25.0,robofalcon2_coefficient_transfer,RoboFalcon2 S3-S4 coefficient transfer,0.46875,1.7887285991544615,-0.15170280685630372,0.15170280685630372,2.9584252127074655,-0.2509052568703435,0.2509052568703435
25.0,robofalcon2_coefficient_transfer,RoboFalcon2 S3-S4 coefficient transfer,0.4765625,1.816923630096064,-0.1572523602972582,0.1572523602972582,3.0050577149496354,-0.26008380907035195,0.26008380907035195
25.0,robofalcon2_coefficient_transfer,RoboFalcon2 S3-S4 coefficient transfer,0.484375,1.8435893287786767,-0.16255862036966445,0.16255862036966445,3.0491608143993743,-0.26885997197779926,0.26885997197779926
25.0,robofalcon2_coefficient_transfer,RoboFalcon2 S3-S4 coefficient transfer,0.4921875,1.8685172511269432,-0.1675968994307609,0.1675968994307609,3.0903897599254795,-0.27719291405187896,0.27719291405187896
25.0,robofalcon2_coefficient_transfer,RoboFalcon2 S3-S4 coefficient transfer,0.5,1.8914836263013084,-0.17233731664462207,0.17233731664462207,3.128374451058868,-0.28503321459320685,0.28503321459320685
25.0,robofalcon2_coefficient_transfer,RoboFalcon2 S3-S4 coefficient transfer,0.5078125,1.912219105691158,-0.17673980210628648,0.17673980210628648,3.1626694050577613,-0.292314600933495,0.292314600933495
25.0,robofalcon2_coefficient_transfer,RoboFalcon2 S3-S4 coefficient transfer,0.515625,1.9304979867538101,-0.18076711860061187,0.18076711860061187,3.1929013265585375,-0.29897548546455066,0.29897548546455066
25.0,robofalcon2_coefficient_transfer,RoboFalcon2 S3-S4 coefficient transfer,0.5234375,1.9460592936990928,-0.1843725383612264,0.1843725383612264,3.218638580847067,-0.30493858390622475,0.30493858390622475
25.0,robofalcon2_coefficient_transfer,RoboFalcon2 S3-S4 coefficient transfer,0.53125,1.9586353893682107,-0.18750371924633688,0.18750371924633688,3.2394385157966883,-0.3101173262153919,0.3101173262153919
25.0,robofalcon2_coefficient_transfer,RoboFalcon2 S3-S4 coefficient transfer,0.5390625,1.9679562570939444,-0.19010289781712766,0.19010289781712766,3.2548545437492558,-0.3144161759233863,0.3144161759233863
25.0,robofalcon2_coefficient_transfer,RoboFalcon2 S3-S4 coefficient transfer,0.546875,1.9737548059840215,-0.19210727079625647,0.19210727079625647,3.2644449160626574,-0.317731261040227,0.317731261040227
25.0,robofalcon2_coefficient_transfer,RoboFalcon2 S3-S4 coefficient transfer,0.5546875,1.975773224628085,-0.19344959911054466,0.19344959911054466,3.267783231673656,-0.31995137309668903,0.31995137309668903
25.0,robofalcon2_coefficient_transfer,RoboFalcon2 S3-S4 coefficient transfer,0.5625,1.973770342909502,-0.1940590618661777,0.1940590618661777,3.264470612991801,-0.3209593795563181,0.3209593795563181
25.0,robofalcon2_coefficient_transfer,RoboFalcon2 S3-S4 coefficient transfer,0.5703125,1.9674732306355371,-0.19385111323804258,0.19385111323804258,3.2540556536025713,-0.3206154478582876,0.3206154478582876
25.0,robofalcon2_coefficient_transfer,RoboFalcon2 S3-S4 coefficient transfer,0.578125,1.9567525760094173,-0.19276084231643084,0.19276084231643084,3.236324481328793,-0.31881222014408733,0.31881222014408733
25.0,robofalcon2_coefficient_transfer,RoboFalcon2 S3-S4 coefficient transfer,0.5859375,1.941470809296009,-0.19071454930361276,0.19071454930361276,3.211049565972136,-0.31542780238246054,0.31542780238246054
25.0,robofalcon2_coefficient_transfer,RoboFalcon2 S3-S4 coefficient transfer,0.59375,1.9215428779521662,-0.187641032031888,0.187641032031888,3.1780902368975092,-0.31034443143805873,0.31034443143805873
25.0,robofalcon2_coefficient_transfer,RoboFalcon2 S3-S4 coefficient transfer,0.6015625,1.896944499882405,-0.18347356268306556,0.18347356268306556,3.1374063333094013,-0.3034517444197095,0.3034517444197095
25.0,robofalcon2_coefficient_transfer,RoboFalcon2 S3-S4 coefficient transfer,0.609375,1.8677189169955284,-0.17815191129127728,0.17815191129127728,3.0890693741365682,-0.2946501254048694,0.2946501254048694
25.0,robofalcon2_coefficient_transfer,RoboFalcon2 S3-S4 coefficient transfer,0.6171875,1.8339813983389086,-0.17162433845490901,0.17162433845490901,3.033270005884105,-0.2838540012382268,0.2838540012382268
25.0,robofalcon2_coefficient_transfer,RoboFalcon2 S3-S4 coefficient transfer,0.625,1.7959207704380449,-0.16384951016830732,0.16384951016830732,2.970320533702233,-0.27099500852215663,0.27099500852215663
25.0,robofalcon2_coefficient_transfer,RoboFalcon2 S3-S4 coefficient transfer,0.6328125,1.7537493201875494,-0.1547817862811921,0.1547817862811921,2.900572064461858,-0.25599766181333106,0.25599766181333106
25.0,robofalcon2_coefficient_transfer,RoboFalcon2 S3-S4 coefficient transfer,0.640625,1.7078505064868321,-0.14442284485579285,0.14442284485579285,2.824658810908607,-0.23886473650294715,0.23886473650294715
25.0,robofalcon2_coefficient_transfer,RoboFalcon2 S3-S4 coefficient transfer,0.6484375,1.658607777246201,-0.1327748188461634,0.1327748188461634,2.7432149676129414,-0.21959976033973863,0.21959976033973863
25.0,robofalcon2_coefficient_transfer,RoboFalcon2 S3-S4 coefficient transfer,0.65625,1.6064468250249808,-0.11985916664354161,0.11985916664354161,2.6569445986799285,-0.19823822392059767,0.19823822392059767
25.0,robofalcon2_coefficient_transfer,RoboFalcon2 S3-S4 coefficient transfer,0.6640625,1.5518204614517188,-0.1057204885365182,0.1057204885365182,2.5665966211555262,-0.1748538928342912,0.1748538928342912
25.0,robofalcon2_coefficient_transfer,RoboFalcon2 S3-S4 coefficient transfer,0.671875,1.4951931007784343,-0.09043152285196439,0.09043152285196439,2.4729391419694076,-0.1495670709101691,0.1495670709101691
25.0,robofalcon2_coefficient_transfer,RoboFalcon2 S3-S4 coefficient transfer,0.6796875,1.437026777070268,-0.07409919618410381,0.07409919618410381,2.3767363313976495,-0.12255460685094104,0.12255460685094104
25.0,robofalcon2_coefficient_transfer,RoboFalcon2 S3-S4 coefficient transfer,0.6875,1.377770557845445,-0.056871057462476844,0.056871057462476844,2.2787309140038063,-0.09406053570667923,0.09406053570667923
25.0,robofalcon2_coefficient_transfer,RoboFalcon2 S3-S4 coefficient transfer,0.6953125,1.3178514052432162,-0.0389347381394645,0.0389347381394645,2.17962905368453,-0.06439518606478553,0.06439518606478553
25.0,robofalcon2_coefficient_transfer,RoboFalcon2 S3-S4 coefficient transfer,0.703125,1.257693154661463,-0.020545730239268586,0.020545730239268586,2.080131742936795,-0.03398112289481519,0.03398112289481519
25.0,robofalcon2_coefficient_transfer,RoboFalcon2 S3-S4 coefficient transfer,0.7109375,1.1976903579434213,-0.001994077778170168,0.001994077778170168,1.980891541417388,-0.0032980576135624735,0.0032980576135624735
25.0,robofalcon2_coefficient_transfer,RoboFalcon2 S3-S4 coefficient transfer,0.71875,1.1382278168176936,0.016393728362059806,-0.016393728362059806,1.8825448828124083,0.0271140179340349,-0.0271140179340349
25.0,robofalcon2_coefficient_transfer,RoboFalcon2 S3-S4 coefficient transfer,0.7265625,1.0796856252998295,0.03427148734018722,-0.03427148734018722,1.7857204145976848,0.05668251308338327,-0.05668251308338327
25.0,robofalcon2_coefficient_transfer,RoboFalcon2 S3-S4 coefficient transfer,0.734375,1.0224405920656996,0.05129590155415075,-0.05129590155415075,1.6910413505394584,0.08483963891341303,-0.08483963891341303
25.0,robofalcon2_coefficient_transfer,RoboFalcon2 S3-S4 coefficient transfer,0.7421875,0.9668622218491927,0.06715198634057941,-0.06715198634057941,1.5991188242224823,0.11106443401601937,-0.11106443401601937
25.0,robofalcon2_coefficient_transfer,RoboFalcon2 S3-S4 coefficient transfer,0.75,0.9133030559089942,0.08157710062446698,-0.08157710062446698,1.5105359128943097,0.13492250941874537,-0.13492250941874537
25.0,robofalcon2_coefficient_transfer,RoboFalcon2 S3-S4 coefficient transfer,0.7578125,0.8863928010683192,0.09705379952827711,-0.09705379952827711,1.466028335591264,0.1605198282451774,-0.1605198282451774
25.0,robofalcon2_coefficient_transfer,RoboFalcon2 S3-S4 coefficient transfer,0.765625,0.9005053449336344,0.11702222224363314,-0.11702222224363314,1.4893694425687698,0.1935461270626921,-0.1935461270626921
25.0,robofalcon2_coefficient_transfer,RoboFalcon2 S3-S4 coefficient transfer,0.7734375,0.913049743465221,0.1374119621732623,-0.1374119621732623,1.5101169527900742,0.2272692534871688,-0.2272692534871688
25.0,robofalcon2_coefficient_transfer,RoboFalcon2 S3-S4 coefficient transfer,0.78125,0.9241290281597057,0.15790882352038707,-0.15790882352038707,1.5284412727536623,0.26116955083768195,-0.26116955083768195
25.0,robofalcon2_coefficient_transfer,RoboFalcon2 S3-S4 coefficient transfer,0.7890625,0.9338927237415244,0.17822917890672607,-0.17822917890672607,1.5445897053286808,0.2947779203435636,-0.2947779203435636
25.0,robofalcon2_coefficient_transfer,RoboFalcon2 S3-S4 coefficient transfer,0.796875,0.942518318332234,0.19813175650718162,-0.19813175650718162,1.5588558027812573,0.32769531619606324,-0.32769531619606324
25.0,robofalcon2_coefficient_transfer,RoboFalcon2 S3-S4 coefficient transfer,0.8046875,0.9501936074234816,0.21742307354415769,-0.21742307354415769,1.5715501650076449,0.35960173214731556,-0.35960173214731556
25.0,robofalcon2_coefficient_transfer,RoboFalcon2 S3-S4 coefficient transfer,0.8125,0.9571017736038391,0.23595746356123953,-0.23595746356123953,1.5829757625025378,0.3902562466189956,-0.3902562466189956
25.0,robofalcon2_coefficient_transfer,RoboFalcon2 S3-S4 coefficient transfer,0.8203125,0.9634043243927112,0.25362136361319376,-0.25362136361319376,1.59339971679442,0.4194710348731491,-0.4194710348731491
25.0,robofalcon2_coefficient_transfer,RoboFalcon2 S3-S4 coefficient transfer,0.828125,0.9692542884186494,0.2703618277935922,-0.2703618277935922,1.6030751259514873,0.4471585282844624,-0.4471585282844624
25.0,robofalcon2_coefficient_transfer,RoboFalcon2 S3-S4 coefficient transfer,0.8359375,0.9747680336835278,0.2861464220031997,-0.2861464220031997,1.6121944540685496,0.4732650832442999,-0.4732650832442999
25.0,robofalcon2_coefficient_transfer,RoboFalcon2 S3-S4 coefficient transfer,0.84375,0.9800341878894532,0.30096605596263937,-0.30096605596263937,1.6209042848300075,0.49777566510083576,-0.49777566510083576
25.0,robofalcon2_coefficient_transfer,RoboFalcon2 S3-S4 coefficient transfer,0.8515625,0.985114880160995,0.3148287081953449,-0.3148287081953449,1.629307375226864,0.52070346974354,-0.52070346974354
25.0,robofalcon2_coefficient_transfer,RoboFalcon2 S3-S4 coefficient transfer,0.859375,0.990048287096646,0.32775415269439145,-0.32775415269439145,1.6374668665381087,0.5420812018989414,-0.5420812018989414
25.0,robofalcon2_coefficient_transfer,RoboFalcon2 S3-S4 coefficient transfer,0.8671875,0.9948518864704187,0.33976974711491054,-0.33976974711491054,1.6454116657132505,0.5619541091114352,-0.5619541091114352
25.0,robofalcon2_coefficient_transfer,RoboFalcon2 S3-S4 coefficient transfer,0.875,0.9995259710651226,0.35090720637990197,-0.35090720637990197,1.6531422569934684,0.580374645525192,-0.580374645525192
25.0,robofalcon2_coefficient_transfer,RoboFalcon2 S3-S4 coefficient transfer,0.8828125,1.0040549918026385,0.36118981904206593,-0.36118981904206593,1.66063292335005,0.5973813286892175,-0.5973813286892175
25.0,robofalcon2_coefficient_transfer,RoboFalcon2 S3-S4 coefficient transfer,0.890625,1.0084163801275694,0.3706627656008586,-0.3706627656008586,1.6678463380564414,0.6130488838182684,-0.6130488838182684
25.0,robofalcon2_coefficient_transfer,RoboFalcon2 S3-S4 coefficient transfer,0.8984375,1.0125784372184419,0.37935904011965565,-0.37935904011965565,1.6747300735992092,0.6274318806603808,-0.6274318806603808
25.0,robofalcon2_coefficient_transfer,RoboFalcon2 S3-S4 coefficient transfer,0.90625,1.0165044756642434,0.387309918307323,-0.387309918307323,1.6812234517056523,0.6405820469319324,-0.6405820469319324
25.0,robofalcon2_coefficient_transfer,RoboFalcon2 S3-S4 coefficient transfer,0.9140625,1.0201549350939931,0.39454446005381616,-0.39454446005381616,1.6872610424391166,0.6525474455482051,-0.6525474455482051
25.0,robofalcon2_coefficient_transfer,RoboFalcon2 S3-S4 coefficient transfer,0.921875,1.0234891490080202,0.401089203621248,-0.401089203621248,1.692775586407654,0.6633719688379585,-0.6633719688379585
25.0,robofalcon2_coefficient_transfer,RoboFalcon2 S3-S4 coefficient transfer,0.9296875,1.0264668014776925,0.4069679884851472,-0.4069679884851472,1.697700404037966,0.6730950455359347,-0.6730950455359347
25.0,robofalcon2_coefficient_transfer,RoboFalcon2 S3-S4 coefficient transfer,0.9375,1.029049115381796,0.4122018631978134,-0.4122018631978134,1.7019713608307605,0.6817514883956414,-0.6817514883956414
25.0,robofalcon2_coefficient_transfer,RoboFalcon2 S3-S4 coefficient transfer,0.9453125,1.0311938644196845,0.4168012055683709,-0.4168012055683709,1.7055186175982875,0.6893584615481716,-0.6893584615481716
25.0,robofalcon2_coefficient_transfer,RoboFalcon2 S3-S4 coefficient transfer,0.953125,1.0328732742990838,0.42078954378393674,-0.42078954378393674,1.7082962377090374,0.6959548788801874,-0.6959548788801874
25.0,robofalcon2_coefficient_transfer,RoboFalcon2 S3-S4 coefficient transfer,0.9609375,1.0340583940893064,0.4241793204546489,-0.4241793204546489,1.710256338458324,0.7015613195514121,-0.7015613195514121
25.0,robofalcon2_coefficient_transfer,RoboFalcon2 S3-S4 coefficient transfer,0.96875,1.0347246784864303,0.42698015957286173,-0.42698015957286173,1.7113583237232863,0.7061937009355835,-0.7061937009355835
25.0,robofalcon2_coefficient_transfer,RoboFalcon2 S3-S4 coefficient transfer,0.9765625,1.034852373786194,0.4291988818640814,-0.4291988818640814,1.7115695223335976,0.7098633040097687,-0.7098633040097687
25.0,robofalcon2_coefficient_transfer,RoboFalcon2 S3-S4 coefficient transfer,0.984375,1.0344268206842013,0.4308395183146119,-0.4308395183146119,1.7108656888806766,0.7125767957280936,-0.7125767957280936
25.0,robofalcon2_coefficient_transfer,RoboFalcon2 S3-S4 coefficient transfer,0.9921875,1.033438687633076,0.4319033207121702,-0.4319033207121702,1.7092313896732167,0.7143362464551423,-0.7143362464551423
0.0,fluxv_periodic_v1,FluxV augmented v1 (exploratory),0.0,-0.4557830208905387,-0.011711774374620593,0.011711774374620593,-0.7538315098019547,-0.019370411258475544,0.019370411258475544
0.0,fluxv_periodic_v1,FluxV augmented v1 (exploratory),0.0078125,-0.4516921398961673,-0.012414126021722927,0.012414126021722927,-0.7470654942746942,-0.02053204909551598,0.02053204909551598
0.0,fluxv_periodic_v1,FluxV augmented v1 (exploratory),0.015625,-0.4465601196250547,-0.013235319877332008,0.013235319877332008,-0.7385775111511715,-0.021890243182703252,0.021890243182703252
0.0,fluxv_periodic_v1,FluxV augmented v1 (exploratory),0.0234375,-0.44040615553628387,-0.014179143906758979,0.014179143906758979,-0.7283993083053502,-0.023451258535359773,0.023451258535359773
0.0,fluxv_periodic_v1,FluxV augmented v1 (exploratory),0.03125,-0.43325057388297483,-0.015249750957618685,0.015249750957618685,-0.7165645038611527,-0.025221963657234014,0.025221963657234014
0.0,fluxv_periodic_v1,FluxV augmented v1 (exploratory),0.0390625,-0.4249595581616915,-0.016475386024109445,0.016475386024109445,-0.7028517751887352,-0.027249073686110754,0.027249073686110754
0.0,fluxv_periodic_v1,FluxV augmented v1 (exploratory),0.046875,-0.41552922272120374,-0.017868516197099213,0.017868516197099213,-0.687254695707468,-0.029553208271035865,0.029553208271035865
0.0,fluxv_periodic_v1,FluxV augmented v1 (exploratory),0.0546875,-0.4052033191456801,-0.019392476141441045,0.019392476141441045,-0.6701764125647622,-0.0320737256511618,0.0320737256511618
0.0,fluxv_periodic_v1,FluxV augmented v1 (exploratory),0.0625,-0.3940091365424456,-0.021032953823783757,0.021032953823783757,-0.6516620599319958,-0.03478695477861061,0.03478695477861061
0.0,fluxv_periodic_v1,FluxV augmented v1 (exploratory),0.0703125,-0.38197408685853074,-0.0227700941695948,0.0227700941695948,-0.6317569751483615,-0.037660056824101514,0.037660056824101514
0.0,fluxv_periodic_v1,FluxV augmented v1 (exploratory),0.078125,-0.36887344157662005,-0.024556377805532575,0.024556377805532575,-0.610089473816375,-0.04061443824792574,0.04061443824792574
0.0,fluxv_periodic_v1,FluxV augmented v1 (exploratory),0.0859375,-0.35500751976370765,-0.02646279767856742,0.02646279767856742,-0.5871562615290882,-0.04376751614977117,0.04376751614977117
0.0,fluxv_periodic_v1,FluxV augmented v1 (exploratory),0.09375,-0.34046505827365536,-0.02852080605614435,0.02852080605614435,-0.5631041024998564,-0.04717131026088719,0.04717131026088719
0.0,fluxv_periodic_v1,FluxV augmented v1 (exploratory),0.1015625,-0.32527989314343736,-0.03069681340500109,0.03069681340500109,-0.5379889590389653,-0.05077026596995204,0.05077026596995204
0.0,fluxv_periodic_v1,FluxV augmented v1 (exploratory),0.109375,-0.30940836487072154,-0.032852330075322525,0.032852330075322525,-0.5117386215487515,-0.05433533160758123,0.05433533160758123
0.0,fluxv_periodic_v1,FluxV augmented v1 (exploratory),0.1171875,-0.2928724084220494,-0.03516344516872778,0.03516344516872778,-0.4843893688465199,-0.05815774556408133,0.05815774556408133
0.0,fluxv_periodic_v1,FluxV augmented v1 (exploratory),0.125,-0.2758667392338178,-0.03752241269088922,0.03752241269088922,-0.4562632459069031,-0.06205930390938836,0.06205930390938836
0.0,fluxv_periodic_v1,FluxV augmented v1 (exploratory),0.1328125,-0.2584369278443549,-0.03992186126672489,0.03992186126672489,-0.4274356230401934,-0.0660278149326385,0.0660278149326385
0.0,fluxv_periodic_v1,FluxV augmented v1 (exploratory),0.140625,-0.2406318302832279,-0.04237059804919961,0.04237059804919961,-0.3979873045169395,-0.07007784501544807,0.07007784501544807
0.0,fluxv_periodic_v1,FluxV augmented v1 (exploratory),0.1484375,-0.22244502508860456,-0.04495324106274001,0.04495324106274001,-0.3679076697127516,-0.07434934613098478,0.07434934613098478
0.0,fluxv_periodic_v1,FluxV augmented v1 (exploratory),0.15625,-0.2039290364194817,-0.047148690515290165,0.047148690515290165,-0.33728358971378886,-0.07798045764601251,0.07798045764601251
0.0,fluxv_periodic_v1,FluxV augmented v1 (exploratory),0.1640625,-0.18496444392784492,-0.04758185682237062,0.04758185682237062,-0.30591755206978727,-0.07869688277879563,0.07869688277879563
0.0,fluxv_periodic_v1,FluxV augmented v1 (exploratory),0.171875,-0.1655304662819043,-0.04565444533024764,0.04565444533024764,-0.2737751859902593,-0.07550908628677658,0.07550908628677658
0.0,fluxv_periodic_v1,FluxV augmented v1 (exploratory),0.1796875,-0.14568084864075403,-0.04112021086103939,0.04112021086103939,-0.24094538200549565,-0.06800979680240546,0.06800979680240546
0.0,fluxv_periodic_v1,FluxV augmented v1 (exploratory),0.1875,-0.12585242842525662,-0.03610841638491286,0.03610841638491286,-0.20815063699978872,-0.059720658279048974,0.059720658279048974
0.0,fluxv_periodic_v1,FluxV augmented v1 (exploratory),0.1953125,-0.10618243054536301,-0.03133523247616829,0.03133523247616829,-0.1756179108560421,-0.05182616404040673,0.05182616404040673
0.0,fluxv_periodic_v1,FluxV augmented v1 (exploratory),0.203125,-0.08671259834409599,-0.02688487751862055,0.02688487751862055,-0.1434162439857076,-0.04446560508354176,0.04446560508354176
0.0,fluxv_periodic_v1,FluxV augmented v1 (exploratory),0.2109375,-0.06747698231697055,-0.022809164206660914,0.022809164206660914,-0.11160195339768439,-0.03772467578461483,0.03772467578461483
0.0,fluxv_periodic_v1,FluxV augmented v1 (exploratory),0.21875,-0.04857262566899554,-0.019267868222024257,0.019267868222024257,-0.08033554139766369,-0.03186763334029927,0.03186763334029927
0.0,fluxv_periodic_v1,FluxV augmented v1 (exploratory),0.2265625,-0.030016333294693408,-0.016302505680238905,0.016302505680238905,-0.04964480204209186,-0.026963142344525504,0.026963142344525504
0.0,fluxv_periodic_v1,FluxV augmented v1 (exploratory),0.234375,-0.011766813547258132,-0.013857344437608339,0.013857344437608339,-0.019461441991754157,-0.022919025940978964,0.022919025940978964
0.0,fluxv_periodic_v1,FluxV augmented v1 (exploratory),0.2421875,0.0061750106972407225,-0.01194414399043962,0.01194414399043962,0.010213012384377794,-0.019754733469475646,0.019754733469475646
0.0,fluxv_periodic_v1,FluxV augmented v1 (exploratory),0.25,0.023811474920468464,-0.010569465804901847,0.010569465804901847,0.03938242380077377,-0.01748111711125544,0.01748111711125544
0.0,fluxv_periodic_v1,FluxV augmented v1 (exploratory),0.2578125,0.04104535616731063,-0.009927097394680711,0.009927097394680711,0.06788599265832158,-0.016418687125206496,0.016418687125206496
0.0,fluxv_periodic_v1,FluxV augmented v1 (exploratory),0.265625,0.05801247204175661,-0.009782206243060426,0.009782206243060426,0.09594835125963085,-0.016179047843845256,0.016179047843845256
0.0,fluxv_periodic_v1,FluxV augmented v1 (exploratory),0.2734375,0.0747293672549723,-0.01010818590822319,0.01010818590822319,0.12359686333706055,-0.016718194174207127,0.016718194174207127
0.0,fluxv_periodic_v1,FluxV augmented v1 (exploratory),0.28125,0.09121311296091421,-0.010876537960632,0.010876537960632,0.15085976332052858,-0.01798899181514397,0.01798899181514397
0.0,fluxv_periodic_v1,FluxV augmented v1 (exploratory),0.2890625,0.10745156693907212,-0.012113758980153811,0.012113758980153811,0.17771696887260674,-0.020035264156054246,0.020035264156054246
0.0,fluxv_periodic_v1,FluxV augmented v1 (exploratory),0.296875,0.12346886538483047,-0.013774194487689722,0.013774194487689722,0.20420839948080025,-0.02278150205480032,0.02278150205480032
0.0,fluxv_periodic_v1,FluxV augmented v1 (exploratory),0.3046875,0.1393274105899398,-0.015735025435675138,0.015735025435675138,0.23043726393448766,-0.026024571862662327,0.026024571862662327
0.0,fluxv_periodic_v1,FluxV augmented v1 (exploratory),0.3125,0.15504164625793623,-0.017964185285985677,0.017964185285985677,0.25642745105432424,-0.029711437889979878,0.029711437889979878
0.0,fluxv_periodic_v1,FluxV augmented v1 (exploratory),0.3203125,0.17062508450387082,-0.020430495795570807,0.020430495795570807,0.2822013088823007,-0.0337905336216471,0.0337905336216471
0.0,fluxv_periodic_v1,FluxV augmented v1 (exploratory),0.328125,0.18605691829941265,-0.02315491682183641,0.02315491682183641,0.30772442412774537,-0.03829652511635708,0.03829652511635708
0.0,fluxv_periodic_v1,FluxV augmented v1 (exploratory),0.3359375,0.20138255374076758,-0.026041723719239303,0.026041723719239303,0.333071895125805,-0.04307109086855203,0.04307109086855203
0.0,fluxv_periodic_v1,FluxV augmented v1 (exploratory),0.34375,0.21659175066279662,-0.028913133729937635,0.028913133729937635,0.3582267853983891,-0.047820191305413214,0.047820191305413214
0.0,fluxv_periodic_v1,FluxV augmented v1 (exploratory),0.3515625,0.2316441126698434,-0.03146673061529069,0.03146673061529069,0.38312228228567385,-0.052043652266618196,0.052043652266618196
0.0,fluxv_periodic_v1,FluxV augmented v1 (exploratory),0.359375,0.24642837787041547,-0.033038007086363154,0.033038007086363154,0.40757436682292625,-0.054642427693115066,0.054642427693115066
0.0,fluxv_periodic_v1,FluxV augmented v1 (exploratory),0.3671875,0.2608253906179913,-0.03313590355151877,0.03313590355151877,0.4313859643566342,-0.054804341228174666,0.054804341228174666
0.0,fluxv_periodic_v1,FluxV augmented v1 (exploratory),0.375,0.2749315847236944,-0.03230294815280307,0.03230294815280307,0.4547165692999354,-0.05342669441591585,0.05342669441591585
0.0,fluxv_periodic_v1,FluxV augmented v1 (exploratory),0.3828125,0.2887852074539264,-0.030854152502942836,0.030854152502942836,0.47762943981133066,-0.051030493236690844,0.051030493236690844
0.0,fluxv_periodic_v1,FluxV augmented v1 (exploratory),0.390625,0.3024295655652924,-0.029127735634994687,0.029127735634994687,0.5001962020730599,-0.04817512703289918,0.04817512703289918
0.0,fluxv_periodic_v1,FluxV augmented v1 (exploratory),0.3984375,0.315873900085234,-0.027567770131607938,0.027567770131607938,0.5224321400631329,-0.045595059112950455,0.045595059112950455
0.0,fluxv_periodic_v1,FluxV augmented v1 (exploratory),0.40625,0.32910692709284906,-0.02609425914641391,0.02609425914641391,0.544318591008387,-0.04315798059144637,0.04315798059144637
0.0,fluxv_periodic_v1,FluxV augmented v1 (exploratory),0.4140625,0.34211768311019547,-0.024653060439931464,0.024653060439931464,0.5658374221246882,-0.04077434419641444,0.04077434419641444
0.0,fluxv_periodic_v1,FluxV augmented v1 (exploratory),0.421875,0.35488455799315516,-0.023249463320999385,0.023249463320999385,0.5869528918270699,-0.038452898054671586,0.038452898054671586
0.0,fluxv_periodic_v1,FluxV augmented v1 (exploratory),0.4296875,0.36737444079130904,-0.021933664921499126,0.021933664921499126,0.6076102370449449,-0.03627666452110937,0.03627666452110937
0.0,fluxv_periodic_v1,FluxV augmented v1 (exploratory),0.4375,0.37942250487681606,-0.020608581068749174,0.020608581068749174,0.6275368466892073,-0.03408507353252671,0.03408507353252671
0.0,fluxv_periodic_v1,FluxV augmented v1 (exploratory),0.4453125,0.39110025885411004,-0.019366517961927995,0.019366517961927995,0.646850990718968,-0.03203079273625023,0.03203079273625023
0.0,fluxv_periodic_v1,FluxV augmented v1 (exploratory),0.453125,0.4023560486871858,-0.018154861575089783,0.018154861575089783,0.6654672371673384,-0.030026802412813434,0.030026802412813434
0.0,fluxv_periodic_v1,FluxV augmented v1 (exploratory),0.4609375,0.41313740210244276,-0.016930944631994863,0.016930944631994863,0.6832988007627788,-0.028002534033349128,0.028002534033349128
0.0,fluxv_periodic_v1,FluxV augmented v1 (exploratory),0.46875,0.4232595555552122,-0.01571440021753731,0.01571440021753731,0.7000400962257812,-0.025990459272644265,0.025990459272644265
0.0,fluxv_periodic_v1,FluxV augmented v1 (exploratory),0.4765625,0.4326754940060965,-0.014654031887222571,0.014654031887222571,0.7156133641477932,-0.02423668823960855,0.02423668823960855
0.0,fluxv_periodic_v1,FluxV augmented v1 (exploratory),0.484375,0.4413973491657731,-0.013663255988105846,0.013663255988105846,0.7300386694837548,-0.02259801795643905,0.02259801795643905
0.0,fluxv_periodic_v1,FluxV augmented v1 (exploratory),0.4921875,0.4493543270900835,-0.01270715104226361,0.01270715104226361,0.7431989242699555,-0.021016690873554005,0.021016690873554005
0.0,fluxv_periodic_v1,FluxV augmented v1 (exploratory),0.5,0.45647502985102695,-0.011759697609758757,0.011759697609758757,0.7549760415979441,-0.01944967275581744,0.01944967275581744
0.0,fluxv_periodic_v1,FluxV augmented v1 (exploratory),0.5078125,0.46229240599405447,-0.010925410953262132,0.010925410953262132,0.7645975527995154,-0.018069824141348067,0.018069824141348067
0.0,fluxv_periodic_v1,FluxV augmented v1 (exploratory),0.515625,0.46706225748528785,-0.010231665056642913,0.010231665056642913,0.7724865354653069,-0.01692241958106943,0.01692241958106943
0.0,fluxv_periodic_v1,FluxV augmented v1 (exploratory),0.5234375,0.47071463465966285,-0.009703506584996677,0.009703506584996677,0.7785272980069781,-0.0160488844122563,0.0160488844122563
0.0,fluxv_periodic_v1,FluxV augmented v1 (exploratory),0.53125,0.47317782424796645,-0.009355288284564736,0.009355288284564736,0.782601231964964,-0.015472957018904976,0.015472957018904976
0.0,fluxv_periodic_v1,FluxV augmented v1 (exploratory),0.5390625,0.47414256228139473,-0.009210523851278615,0.009210523851278615,0.7841968375381634,-0.01523352732032498,0.01523352732032498
0.0,fluxv_periodic_v1,FluxV augmented v1 (exploratory),0.546875,0.4734007910044578,-0.009297648123937019,0.009297648123937019,0.7829700025399475,-0.015377624443272118,0.015377624443272118
0.0,fluxv_periodic_v1,FluxV augmented v1 (exploratory),0.5546875,0.47118272600607014,-0.009604847035348182,0.009604847035348182,0.7793014865796415,-0.015885708791710824,0.015885708791710824
0.0,fluxv_periodic_v1,FluxV augmented v1 (exploratory),0.5625,0.46743674705824434,-0.010151144931673614,0.010151144931673614,0.7731059136063252,-0.016789245231449184,0.016789245231449184
0.0,fluxv_periodic_v1,FluxV augmented v1 (exploratory),0.5703125,0.4621150945453914,-0.010953846137280038,0.010953846137280038,0.7643042927373268,-0.01811685383907097,0.01811685383907097
0.0,fluxv_periodic_v1,FluxV augmented v1 (exploratory),0.578125,0.4546188990755964,-0.012123595888670666,0.012123595888670666,0.7519061381555148,-0.020051533677425525,0.020051533677425525
0.0,fluxv_periodic_v1,FluxV augmented v1 (exploratory),0.5859375,0.4453674810217571,-0.013589850499512945,0.013589850499512945,0.7366049748394518,-0.022476610690794055,0.022476610690794055
0.0,fluxv_periodic_v1,FluxV augmented v1 (exploratory),0.59375,0.43445318725659526,-0.01533129022648616,0.01533129022648616,0.7185535377075056,-0.025356823595716185,0.025356823595716185
0.0,fluxv_periodic_v1,FluxV augmented v1 (exploratory),0.6015625,0.42189005279749275,-0.017360448712926774,0.017360448712926774,0.6977750396435669,-0.02871290211411351,0.02871290211411351
0.0,fluxv_periodic_v1,FluxV augmented v1 (exploratory),0.609375,0.40753546677563113,-0.01975375689255078,0.01975375689255078,0.6740336127858939,-0.032671257374786156,0.032671257374786156
0.0,fluxv_periodic_v1,FluxV augmented v1 (exploratory),0.6171875,0.3912120708729201,-0.022513768934402947,0.022513768934402947,0.6470359195537213,-0.0372361137850048,0.0372361137850048
0.0,fluxv_periodic_v1,FluxV augmented v1 (exploratory),0.625,0.3734203882946621,-0.02538264302567625,0.02538264302567625,0.6176097884229911,-0.041981019998120726,0.041981019998120726
0.0,fluxv_periodic_v1,FluxV augmented v1 (exploratory),0.6328125,0.3542583075894773,-0.02840643661878535,0.02840643661878535,0.5859171198353968,-0.04698215164442297,0.04698215164442297
0.0,fluxv_periodic_v1,FluxV augmented v1 (exploratory),0.640625,0.33383055664787886,-0.03163250280698707,0.03163250280698707,0.5521311259998307,-0.05231782724862059,0.05231782724862059
0.0,fluxv_periodic_v1,FluxV augmented v1 (exploratory),0.6484375,0.3119481394723068,-0.034902670396224814,0.034902670396224814,0.5159392214717783,-0.05772644331835466,0.05772644331835466
0.0,fluxv_periodic_v1,FluxV augmented v1 (exploratory),0.65625,0.2890251351388699,-0.03823929676522653,0.03823929676522653,0.47802626251137526,-0.06324497730954,0.06324497730954
0.0,fluxv_periodic_v1,FluxV augmented v1 (exploratory),0.6640625,0.2653060833161982,-0.0416140748039998,0.0416140748039998,0.43879669969962337,-0.06882661134944845,0.06882661134944845
0.0,fluxv_periodic_v1,FluxV augmented v1 (exploratory),0.671875,0.24091131078090114,-0.04503137185130689,0.04503137185130689,0.39844954465284793,-0.07447856869437099,0.07447856869437099
0.0,fluxv_periodic_v1,FluxV augmented v1 (exploratory),0.6796875,0.21594323495751186,-0.048520358191517544,0.048520358191517544,0.3571541882395702,-0.08024909484381051,0.08024909484381051
0.0,fluxv_periodic_v1,FluxV augmented v1 (exploratory),0.6875,0.19001128786079866,-0.049209335938958584,0.049209335938958584,0.3142646598103958,-0.08138861323692363,0.08138861323692363
0.0,fluxv_periodic_v1,FluxV augmented v1 (exploratory),0.6953125,0.16323899714035295,-0.04563480809360579,0.04563480809360579,0.26998526498954895,-0.07547660774530493,0.07547660774530493
0.0,fluxv_periodic_v1,FluxV augmented v1 (exploratory),0.703125,0.13604808532562052,-0.03967322985383703,0.03967322985383703,0.22501350174540166,-0.06561659690833553,0.06561659690833553
0.0,fluxv_periodic_v1,FluxV augmented v1 (exploratory),0.7109375,0.10883043200337252,-0.03314466526720409,0.03314466526720409,0.17999751001958458,-0.054818832459880965,0.054818832459880965
0.0,fluxv_periodic_v1,FluxV augmented v1 (exploratory),0.71875,0.08187938608161927,-0.02724976726024002,0.02724976726024002,0.13542246727612903,-0.045069105811363544,0.045069105811363544
0.0,fluxv_periodic_v1,FluxV augmented v1 (exploratory),0.7265625,0.055273675702821365,-0.02213017053561326,0.02213017053561326,0.09141858405771602,-0.03660167031768948,0.03660167031768948
0.0,fluxv_periodic_v1,FluxV augmented v1 (exploratory),0.734375,0.028997620542532614,-0.01776114434543721,0.01776114434543721,0.0479599262638862,-0.0293756231453538,0.0293756231453538
0.0,fluxv_periodic_v1,FluxV augmented v1 (exploratory),0.7421875,0.0030676168409695653,-0.014194257451475272,0.014194257451475272,0.0050736120669957,-0.023476255223936898,0.023476255223936898
0.0,fluxv_periodic_v1,FluxV augmented v1 (exploratory),0.75,-0.02250567953744667,-0.01147192230140575,0.01147192230140575,-0.037222734518903525,-0.018973713614655028,0.018973713614655028
0.0,fluxv_periodic_v1,FluxV augmented v1 (exploratory),0.7578125,-0.04758104880739837,-0.009959650707445424,0.009959650707445424,-0.07869554638160979,-0.0164725279042301,0.0164725279042301
0.0,fluxv_periodic_v1,FluxV augmented v1 (exploratory),0.765625,-0.07230118407594038,-0.009305085281016492,0.009305085281016492,-0.11958082739884393,-0.015389924952709482,0.015389924952709482
0.0,fluxv_periodic_v1,FluxV augmented v1 (exploratory),0.7734375,-0.09666473343282271,-0.009478789145838657,0.009478789145838657,-0.15987634161073433,-0.015677218337227142,0.015677218337227142
0.0,fluxv_periodic_v1,FluxV augmented v1 (exploratory),0.78125,-0.12066869296156799,-0.01044532138752841,0.01044532138752841,-0.19957712076091855,-0.0172757913985967,0.0172757913985967
0.0,fluxv_periodic_v1,FluxV augmented v1 (exploratory),0.7890625,-0.1442443779501718,-0.012268594278832635,0.012268594278832635,-0.23856956540014668,-0.020291350323427573,0.020291350323427573
0.0,fluxv_periodic_v1,FluxV augmented v1 (exploratory),0.796875,-0.16734892905034027,-0.014874826336549329,0.014874826336549329,-0.27678278932653616,-0.02460186597871493,0.02460186597871493
0.0,fluxv_periodic_v1,FluxV augmented v1 (exploratory),0.8046875,-0.19004294328052615,-0.01803493355192859,0.01803493355192859,-0.3143170155405412,-0.029828450305289717,0.029828450305289717
0.0,fluxv_periodic_v1,FluxV augmented v1 (exploratory),0.8125,-0.21230246100759828,-0.02168389099896958,0.02168389099896958,-0.35113261657560485,-0.035863556870100975,0.035863556870100975
0.0,fluxv_periodic_v1,FluxV augmented v1 (exploratory),0.8203125,-0.23409185100469435,-0.025698571234928004,0.025698571234928004,-0.3871706610097333,-0.042503541961540846,0.042503541961540846
0.0,fluxv_periodic_v1,FluxV augmented v1 (exploratory),0.828125,-0.2549835915899574,-0.028760908542772218,0.028760908542772218,-0.42172405950406183,-0.04756842207002884,0.04756842207002884
0.0,fluxv_periodic_v1,FluxV augmented v1 (exploratory),0.8359375,-0.274787450240223,-0.029266026397101987,0.029266026397101987,-0.4544781814919002,-0.048403849756679725,0.048403849756679725
0.0,fluxv_periodic_v1,FluxV augmented v1 (exploratory),0.84375,-0.2935831150593038,-0.027894855499284874,0.027894855499284874,-0.4855648252212241,-0.046136034193742785,0.046136034193742785
0.0,fluxv_periodic_v1,FluxV augmented v1 (exploratory),0.8515625,-0.31144789001308343,-0.02540351201858026,0.02540351201858026,-0.5151118457516666,-0.042015535773627544,0.042015535773627544
0.0,fluxv_periodic_v1,FluxV augmented v1 (exploratory),0.859375,-0.32846926489816397,-0.023062709862574558,0.023062709862574558,-0.5432639447558261,-0.038144021604535165,0.038144021604535165
0.0,fluxv_periodic_v1,FluxV augmented v1 (exploratory),0.8671875,-0.3444936910513704,-0.021081083310836406,0.021081083310836406,-0.5697671640665836,-0.034866557401411265,0.034866557401411265
0.0,fluxv_periodic_v1,FluxV augmented v1 (exploratory),0.875,-0.359682264352558,-0.019296725481674562,0.019296725481674562,-0.59488794439096,-0.031915361119996793,0.031915361119996793
0.0,fluxv_periodic_v1,FluxV augmented v1 (exploratory),0.8828125,-0.3740007773262237,-0.017682296864440547,0.017682296864440547,-0.6185697090867308,-0.029245215225533392,0.029245215225533392
0.0,fluxv_periodic_v1,FluxV augmented v1 (exploratory),0.890625,-0.3874188518657274,-0.01622827319487892,0.01622827319487892,-0.6407622150054154,-0.02684036728720561,0.02684036728720561
0.0,fluxv_periodic_v1,FluxV augmented v1 (exploratory),0.8984375,-0.3996544253753671,-0.015054212796162578,0.015054212796162578,-0.6609989514113546,-0.02489855795601603,0.02489855795601603
0.0,fluxv_periodic_v1,FluxV augmented v1 (exploratory),0.90625,-0.41078264619889354,-0.013940042613201989,0.013940042613201989,-0.6794042081241165,-0.023055802625735283,0.023055802625735283
0.0,fluxv_periodic_v1,FluxV augmented v1 (exploratory),0.9140625,-0.4209068431797451,-0.01297646152043963,0.01297646152043963,-0.6961488834318889,-0.021462110547091323,0.021462110547091323
0.0,fluxv_periodic_v1,FluxV augmented v1 (exploratory),0.921875,-0.43001529820071466,-0.012202555720066996,0.012202555720066996,-0.7112135964328361,-0.020182127416522925,0.020182127416522925
0.0,fluxv_periodic_v1,FluxV augmented v1 (exploratory),0.9296875,-0.43803285666951225,-0.01163287077806792,0.01163287077806792,-0.7244740469727667,-0.019239910527663127,0.019239910527663127
0.0,fluxv_periodic_v1,FluxV augmented v1 (exploratory),0.9375,-0.44460622447479076,-0.011133638025264861,0.011133638025264861,-0.735345912641336,-0.01841421636500476,0.01841421636500476
0.0,fluxv_periodic_v1,FluxV augmented v1 (exploratory),0.9453125,-0.4500879677699958,-0.010731369009772312,0.010731369009772312,-0.744412311860195,-0.017748893074324035,0.017748893074324035
0.0,fluxv_periodic_v1,FluxV augmented v1 (exploratory),0.953125,-0.454474324862097,-0.010444135353534376,0.010444135353534376,-0.7516670230664364,-0.017273829785821718,0.017273829785821718
0.0,fluxv_periodic_v1,FluxV augmented v1 (exploratory),0.9609375,-0.45776215662686337,-0.010285836993373432,0.010285836993373432,-0.7571048543800427,-0.01701201597010269,0.01701201597010269
0.0,fluxv_periodic_v1,FluxV augmented v1 (exploratory),0.96875,-0.4597041141594209,-0.010294409550070771,0.010294409550070771,-0.7603167089504014,-0.017026194346790334,0.017026194346790334
0.0,fluxv_periodic_v1,FluxV augmented v1 (exploratory),0.9765625,-0.4603621902370001,-0.010459751599179362,0.010459751599179362,-0.7614051182600697,-0.017299657904668704,0.017299657904668704
0.0,fluxv_periodic_v1,FluxV augmented v1 (exploratory),0.984375,-0.4599241900352471,-0.010754017317927161,0.010754017317927161,-0.7606806982219211,-0.01778635170605953,0.01778635170605953
0.0,fluxv_periodic_v1,FluxV augmented v1 (exploratory),0.9921875,-0.45839558945865205,-0.011172833366679125,0.011172833366679125,-0.7581525055782212,-0.018479042569670714,0.018479042569670714
5.0,fluxv_periodic_v1,FluxV augmented v1 (exploratory),0.0,-0.32416293685141223,-0.05197447206500332,0.05197447206500332,-0.536141595689723,-0.08596194450457706,0.08596194450457706
5.0,fluxv_periodic_v1,FluxV augmented v1 (exploratory),0.0078125,-0.32085957503432194,-0.05241215562986723,0.05241215562986723,-0.5306780788146673,-0.08668584084865806,0.08668584084865806
5.0,fluxv_periodic_v1,FluxV augmented v1 (exploratory),0.015625,-0.31656067041525826,-0.05285221911497618,0.05285221911497618,-0.5235680075506006,-0.0874136734053431,0.0874136734053431
5.0,fluxv_periodic_v1,FluxV augmented v1 (exploratory),0.0234375,-0.31128056737369075,-0.0532951752966987,0.0532951752966987,-0.5148351064434954,-0.0881462902689366,0.0881462902689366
5.0,fluxv_periodic_v1,FluxV augmented v1 (exploratory),0.03125,-0.3050349017430512,-0.05374588078615469,0.05374588078615469,-0.5045052360089539,-0.08889172391613302,0.08889172391613302
5.0,fluxv_periodic_v1,FluxV augmented v1 (exploratory),0.0390625,-0.2976893190922951,-0.05422412585508159,0.05422412585508159,-0.49235618392453157,-0.08968270599716821,0.08968270599716821
5.0,fluxv_periodic_v1,FluxV augmented v1 (exploratory),0.046875,-0.2892309003882353,-0.05474307785499466,0.05474307785499466,-0.47836658306191004,-0.0905410143405656,0.0905410143405656
5.0,fluxv_periodic_v1,FluxV augmented v1 (exploratory),0.0546875,-0.2798904012386285,-0.055285678352149904,0.055285678352149904,-0.462918086181762,-0.09143843555470087,0.09143843555470087
5.0,fluxv_periodic_v1,FluxV augmented v1 (exploratory),0.0625,-0.269688746689365,-0.05582697717389764,0.05582697717389764,-0.4460453017671003,-0.09233370389368999,0.09233370389368999
5.0,fluxv_periodic_v1,FluxV augmented v1 (exploratory),0.0703125,-0.25864709851591194,-0.05633451077342691,0.05633451077342691,-0.4277832298342033,-0.09317312704477805,0.09317312704477805
5.0,fluxv_periodic_v1,FluxV augmented v1 (exploratory),0.078125,-0.24653330620659394,-0.05671338125715955,0.05671338125715955,-0.407747910554169,-0.09379975088919758,0.09379975088919758
5.0,fluxv_periodic_v1,FluxV augmented v1 (exploratory),0.0859375,-0.2336376887416404,-0.057161534600234244,0.057161534600234244,-0.386419510113888,-0.09454096347445955,0.09454096347445955
5.0,fluxv_periodic_v1,FluxV augmented v1 (exploratory),0.09375,-0.22002529231055296,-0.0575873806678488,0.0575873806678488,-0.3639056101146737,-0.09524528147091733,0.09524528147091733
5.0,fluxv_periodic_v1,FluxV augmented v1 (exploratory),0.1015625,-0.20572574115446698,-0.057962913793344395,0.057962913793344395,-0.34025520686704724,-0.0958663855708899,0.0958663855708899
5.0,fluxv_periodic_v1,FluxV augmented v1 (exploratory),0.109375,-0.19071374728251814,-0.05832866813400154,0.05832866813400154,-0.31542647589870637,-0.09647131628176957,0.09647131628176957
5.0,fluxv_periodic_v1,FluxV augmented v1 (exploratory),0.1171875,-0.17492270366775686,-0.05836456500943287,0.05836456500943287,-0.2893092540982856,-0.09653068706690918,0.09653068706690918
5.0,fluxv_periodic_v1,FluxV augmented v1 (exploratory),0.125,-0.15852360711728553,-0.05746793947503826,0.05746793947503826,-0.26218635757643655,-0.09504773454489761,0.09504773454489761
5.0,fluxv_periodic_v1,FluxV augmented v1 (exploratory),0.1328125,-0.14154176873824276,-0.05535518853825018,0.05535518853825018,-0.23409964903807484,-0.0915534002772397,0.0915534002772397
5.0,fluxv_periodic_v1,FluxV augmented v1 (exploratory),0.140625,-0.12401465848039837,-0.05185129715534234,0.05185129715534234,-0.2051111010173067,-0.08575822228618894,0.08575822228618894
5.0,fluxv_periodic_v1,FluxV augmented v1 (exploratory),0.1484375,-0.10591719553816444,-0.0468181486209979,0.0468181486209979,-0.17517923171100028,-0.0774337657250623,0.0774337657250623
5.0,fluxv_periodic_v1,FluxV augmented v1 (exploratory),0.15625,-0.08749346567431783,-0.04150166874232443,0.04150166874232443,-0.14470774097334443,-0.06864070001159722,0.06864070001159722
5.0,fluxv_periodic_v1,FluxV augmented v1 (exploratory),0.1640625,-0.06884362103940388,-0.036131775172155864,0.036131775172155864,-0.11386227307671241,-0.05975929199080974,0.05975929199080974
5.0,fluxv_periodic_v1,FluxV augmented v1 (exploratory),0.171875,-0.050019584901565474,-0.030818062066263,0.030818062066263,-0.08272870527809711,-0.050970802315518274,0.050970802315518274
5.0,fluxv_periodic_v1,FluxV augmented v1 (exploratory),0.1796875,-0.03106646737974104,-0.025631336264347396,0.025631336264347396,-0.05138164638806864,-0.04239234027771059,0.04239234027771059
5.0,fluxv_periodic_v1,FluxV augmented v1 (exploratory),0.1875,-0.012047988445021134,-0.020739580956794804,0.020739580956794804,-0.019926484540476037,-0.0343017376881953,0.0343017376881953
5.0,fluxv_periodic_v1,FluxV augmented v1 (exploratory),0.1953125,0.006957173622940228,-0.01616299313229663,0.01616299313229663,0.011506652191405129,-0.02673239887706119,0.02673239887706119
5.0,fluxv_periodic_v1,FluxV augmented v1 (exploratory),0.203125,0.025914138223688033,-0.0119576080368803,0.0119576080368803,0.04286007386631196,-0.01977700200952918,0.01977700200952918
5.0,fluxv_periodic_v1,FluxV augmented v1 (exploratory),0.2109375,0.0447905523082058,-0.008176395379928975,0.008176395379928975,0.07408027092669414,-0.013523155079245149,0.013523155079245149
5.0,fluxv_periodic_v1,FluxV augmented v1 (exploratory),0.21875,0.06352340281763852,-0.004990384704534242,0.004990384704534242,0.10506302441941671,-0.00825372833977309,0.00825372833977309
5.0,fluxv_periodic_v1,FluxV augmented v1 (exploratory),0.2265625,0.08208273054176263,-0.0024355931111635478,0.0024355931111635478,0.1357587840197853,-0.0040282914195976585,0.0040282914195976585
5.0,fluxv_periodic_v1,FluxV augmented v1 (exploratory),0.234375,0.10047900660718137,-0.00044456873595990923,0.00044456873595990923,0.1661848681991226,-0.0007352839094019039,0.0007352839094019039
5.0,fluxv_periodic_v1,FluxV augmented v1 (exploratory),0.2421875,0.11870530815957189,0.0009747706632577517,-0.0009747706632577517,0.196329827066829,0.0016121988031904267,-0.0016121988031904267
5.0,fluxv_periodic_v1,FluxV augmented v1 (exploratory),0.25,0.13675718484703875,0.0018201847404433757,-0.0018201847404433757,0.22618630006901214,0.0030104513510090516,-0.0030104513510090516
5.0,fluxv_periodic_v1,FluxV augmented v1 (exploratory),0.2578125,0.15457066603044287,0.0018962200309775102,-0.0018962200309775102,0.25564848448535354,0.003136208115158768,-0.003136208115158768
5.0,fluxv_periodic_v1,FluxV augmented v1 (exploratory),0.265625,0.17222361924946403,0.0014576997381208494,-0.0014576997381208494,0.28484516748499056,0.0024109278846731266,-0.0024109278846731266
5.0,fluxv_periodic_v1,FluxV augmented v1 (exploratory),0.2734375,0.18972583233908985,0.0005370809730176655,-0.0005370809730176655,0.31379253742529556,0.0008882923281888626,-0.0008882923281888626
5.0,fluxv_periodic_v1,FluxV augmented v1 (exploratory),0.28125,0.20708760433288592,-0.0008314208424225236,0.0008314208424225236,0.3425076281483959,-0.0013751087692990328,0.0013751087692990328
5.0,fluxv_periodic_v1,FluxV augmented v1 (exploratory),0.2890625,0.2243021492276922,-0.0026670792219923795,0.0026670792219923795,0.37097921610542495,-0.004411152378488423,0.004411152378488423
5.0,fluxv_periodic_v1,FluxV augmented v1 (exploratory),0.296875,0.24138422360509224,-0.0049147129158647,0.0049147129158647,0.3992317075942584,-0.008128572780904925,0.008128572780904925
5.0,fluxv_periodic_v1,FluxV augmented v1 (exploratory),0.3046875,0.25835289676294904,-0.007362939949800903,0.007362939949800903,0.42729664182750426,-0.012177759777217625,0.012177759777217625
5.0,fluxv_periodic_v1,FluxV augmented v1 (exploratory),0.3125,0.27507091314989945,-0.009316892686161095,0.009316892686161095,0.45494700824362244,-0.015409453530210258,0.015409453530210258
5.0,fluxv_periodic_v1,FluxV augmented v1 (exploratory),0.3203125,0.29135497039288255,-0.009889991734177213,0.009889991734177213,0.4818796382332058,-0.016357317098686205,0.016357317098686205
5.0,fluxv_periodic_v1,FluxV augmented v1 (exploratory),0.328125,0.3067660435222005,-0.007440697634174671,0.007440697634174671,0.5073684168674851,-0.012306365253778935,0.012306365253778935
5.0,fluxv_periodic_v1,FluxV augmented v1 (exploratory),0.3359375,0.32166258835945605,-0.00353207942666775,0.00353207942666775,0.5320062036449741,-0.005841798937009599,0.005841798937009599
5.0,fluxv_periodic_v1,FluxV augmented v1 (exploratory),0.34375,0.3363069568509625,0.0007412616340802779,-0.0007412616340802779,0.5562269093405899,0.0012259920865090729,-0.0012259920865090729
5.0,fluxv_periodic_v1,FluxV augmented v1 (exploratory),0.3515625,0.3508299154011727,0.004821964761835711,-0.004821964761835711,0.5802468119453547,0.007975174172842672,-0.007975174172842672
5.0,fluxv_periodic_v1,FluxV augmented v1 (exploratory),0.359375,0.3652559070040779,0.008548620291564446,-0.008548620291564446,0.6041063383690475,0.014138787637421234,-0.014138787637421234
5.0,fluxv_periodic_v1,FluxV augmented v1 (exploratory),0.3671875,0.37953779179791175,0.01200085894940011,-0.01200085894940011,0.6277275227561222,0.019848535829769823,-0.019848535829769823
5.0,fluxv_periodic_v1,FluxV augmented v1 (exploratory),0.375,0.3936915160155858,0.015271135337687695,-0.015271135337687695,0.6511367390000333,0.02525733184511013,-0.02525733184511013
5.0,fluxv_periodic_v1,FluxV augmented v1 (exploratory),0.3828125,0.4076942767551608,0.01841580515469495,-0.01841580515469495,0.674296272782325,0.030458383853040304,-0.030458383853040304
5.0,fluxv_periodic_v1,FluxV augmented v1 (exploratory),0.390625,0.4215244462551834,0.0214798659862641,-0.0214798659862641,0.6971703533802568,0.035526114542686865,-0.035526114542686865
5.0,fluxv_periodic_v1,FluxV augmented v1 (exploratory),0.3984375,0.4351264411247222,0.024366730825782286,-0.024366730825782286,0.7196670499636194,0.0403007761268682,-0.0403007761268682
5.0,fluxv_periodic_v1,FluxV augmented v1 (exploratory),0.40625,0.44846235613108854,0.027235873504092713,-0.027235873504092713,0.7417236700724541,0.045046126563139506,-0.045046126563139506
5.0,fluxv_periodic_v1,FluxV augmented v1 (exploratory),0.4140625,0.46154497515703474,0.030034708909178823,-0.030034708909178823,0.7633613573062251,0.049675193953541336,-0.049675193953541336
5.0,fluxv_periodic_v1,FluxV augmented v1 (exploratory),0.421875,0.4743455007925148,0.03277083982143551,-0.03277083982143551,0.7845324828720674,0.05420055273626267,-0.05420055273626267
5.0,fluxv_periodic_v1,FluxV augmented v1 (exploratory),0.4296875,0.4867986913496582,0.03550096926417204,-0.03550096926417204,0.8051291418287805,0.058715985530910605,-0.058715985530910605
5.0,fluxv_periodic_v1,FluxV augmented v1 (exploratory),0.4375,0.4987710441331003,0.03810848236607153,-0.03810848236607153,0.8249305305619323,0.06302861993881967,-0.06302861993881967
5.0,fluxv_periodic_v1,FluxV augmented v1 (exploratory),0.4453125,0.5103057561890253,0.04068585287538434,-0.04068585287538434,0.8440080938008161,0.06729140072112731,-0.06729140072112731
5.0,fluxv_periodic_v1,FluxV augmented v1 (exploratory),0.453125,0.5213519487629986,0.04325268694414691,-0.04325268694414691,0.8622776818370963,0.07153675500765981,-0.07153675500765981
5.0,fluxv_periodic_v1,FluxV augmented v1 (exploratory),0.4609375,0.5318617166861321,0.04580994584835396,-0.04580994584835396,0.8796600630536766,0.07576627267803362,-0.07576627267803362
5.0,fluxv_periodic_v1,FluxV augmented v1 (exploratory),0.46875,0.5416496938917572,0.04828330214297742,-0.04828330214297742,0.895848655644087,0.07985702161863963,-0.07985702161863963
5.0,fluxv_periodic_v1,FluxV augmented v1 (exploratory),0.4765625,0.550662082065244,0.0505978437170041,-0.0505978437170041,0.9107544811627003,0.08368510272143909,-0.08368510272143909
5.0,fluxv_periodic_v1,FluxV augmented v1 (exploratory),0.484375,0.5589266074409861,0.05278954158969207,-0.05278954158969207,0.9244233967568344,0.08731000939999412,-0.08731000939999412
5.0,fluxv_periodic_v1,FluxV augmented v1 (exploratory),0.4921875,0.56637515551103,0.054867618978159685,-0.054867618978159685,0.9367427460526963,0.09074699617535288,-0.09074699617535288
5.0,fluxv_periodic_v1,FluxV augmented v1 (exploratory),0.5,0.5729379869133446,0.05684060562268156,-0.05684060562268156,0.9475971852876555,0.09401017060899684,-0.09401017060899684
5.0,fluxv_periodic_v1,FluxV augmented v1 (exploratory),0.5078125,0.5781256301912892,0.05860958220636635,-0.05860958220636635,0.9561771647631657,0.09693592744451456,-0.09693592744451456
5.0,fluxv_periodic_v1,FluxV augmented v1 (exploratory),0.515625,0.5822194952024895,0.06017208219308201,-0.06017208219308201,0.9629481156342375,0.09952018721301147,-0.09952018721301147
5.0,fluxv_periodic_v1,FluxV augmented v1 (exploratory),0.5234375,0.5851556925044189,0.061492102761091155,-0.061492102761091155,0.9678043694737622,0.10170340390196957,-0.10170340390196957
5.0,fluxv_periodic_v1,FluxV augmented v1 (exploratory),0.53125,0.5868708878352772,0.06253407048054033,-0.06253407048054033,0.9706411760826172,0.10342674168138612,-0.10342674168138612
5.0,fluxv_periodic_v1,FluxV augmented v1 (exploratory),0.5390625,0.5870689817125859,0.06319993782488897,-0.06319993782488897,0.970968808749412,0.1045280371718092,-0.1045280371718092
5.0,fluxv_periodic_v1,FluxV augmented v1 (exploratory),0.546875,0.5855615472046642,0.06340516066574091,-0.06340516066574091,0.9684756232226369,0.10486746061865676,-0.10486746061865676
5.0,fluxv_periodic_v1,FluxV augmented v1 (exploratory),0.5546875,0.5825898664251902,0.06319013896827982,-0.06319013896827982,0.9635606823275956,0.10451183058548755,-0.10451183058548755
5.0,fluxv_periodic_v1,FluxV augmented v1 (exploratory),0.5625,0.5781117336704138,0.06252416964501996,-0.06252416964501996,0.9561541809422853,0.10341036642946463,-0.10341036642946463
5.0,fluxv_periodic_v1,FluxV augmented v1 (exploratory),0.5703125,0.5720894107508677,0.06137714606121844,-0.06137714606121844,0.9461937028839186,0.10151327399660895,-0.10151327399660895
5.0,fluxv_periodic_v1,FluxV augmented v1 (exploratory),0.578125,0.5639586511705491,0.05953055026281587,-0.05953055026281587,0.9327460260523143,0.09845914070313098,-0.09845914070313098
5.0,fluxv_periodic_v1,FluxV augmented v1 (exploratory),0.5859375,0.5541486025908162,0.057088788263008394,-0.057088788263008394,0.9165209290365425,0.09442064639657372,-0.09442064639657372
5.0,fluxv_periodic_v1,FluxV augmented v1 (exploratory),0.59375,0.5427629643524955,0.05406748118190324,-0.05406748118190324,0.8976899229001523,0.08942362725778528,-0.08942362725778528
5.0,fluxv_periodic_v1,FluxV augmented v1 (exploratory),0.6015625,0.5298246394714152,0.050460855644109834,-0.050460855644109834,0.8762908875425905,0.08345853454956428,-0.08345853454956428
5.0,fluxv_periodic_v1,FluxV augmented v1 (exploratory),0.609375,0.5152051487862584,0.04620988033870199,-0.04620988033870199,0.8521113279043344,0.07642773483625943,-0.07642773483625943
5.0,fluxv_periodic_v1,FluxV augmented v1 (exploratory),0.6171875,0.49875729052098106,0.04129594912253699,-0.04129594912253699,0.8249077831015973,0.06830045492901989,-0.06830045492901989
5.0,fluxv_periodic_v1,FluxV augmented v1 (exploratory),0.625,0.48097511475312216,0.03596251191658614,-0.03596251191658614,0.795497375534291,0.059479343046571286,-0.059479343046571286
5.0,fluxv_periodic_v1,FluxV augmented v1 (exploratory),0.6328125,0.4619672081570759,0.030186674198435043,-0.030186674198435043,0.7640596995553228,0.049926533336947236,-0.049926533336947236
5.0,fluxv_periodic_v1,FluxV augmented v1 (exploratory),0.640625,0.4418469346962895,0.023952686129744383,-0.023952686129744383,0.7307822508014443,0.03961597672883467,-0.03961597672883467
5.0,fluxv_periodic_v1,FluxV augmented v1 (exploratory),0.6484375,0.420477544412139,0.017333238751938734,-0.017333238751938734,0.6954388549242269,0.028667898844941288,-0.028667898844941288
5.0,fluxv_periodic_v1,FluxV augmented v1 (exploratory),0.65625,0.3982197142135952,0.010540214530906103,-0.010540214530906103,0.6586260449369207,0.017432737660882852,-0.017432737660882852
5.0,fluxv_periodic_v1,FluxV augmented v1 (exploratory),0.6640625,0.37531171249328266,0.0036036829660490433,-0.0036036829660490433,0.6207378991924212,0.0059602259115237,-0.0059602259115237
5.0,fluxv_periodic_v1,FluxV augmented v1 (exploratory),0.671875,0.3518735075075967,-0.0034513235920772406,0.0034513235920772406,0.5819728363410549,-0.005708234741055707,0.005708234741055707
5.0,fluxv_periodic_v1,FluxV augmented v1 (exploratory),0.6796875,0.32800758233339317,-0.010588862573401907,0.010588862573401907,0.5425003558354438,-0.017513197936151262,0.017513197936151262
5.0,fluxv_periodic_v1,FluxV augmented v1 (exploratory),0.6875,0.303851765553657,-0.017900436300670404,0.017900436300670404,0.5025484159891784,-0.029606001768742497,0.029606001768742497
5.0,fluxv_periodic_v1,FluxV augmented v1 (exploratory),0.6953125,0.27967767082893474,-0.025605563511106037,0.025605563511106037,0.46256624576961386,-0.042349714044180156,0.042349714044180156
5.0,fluxv_periodic_v1,FluxV augmented v1 (exploratory),0.703125,0.2552787987565867,-0.0325855613633101,0.0325855613633101,0.42221231039083185,-0.05389411582786366,0.05389411582786366
5.0,fluxv_periodic_v1,FluxV augmented v1 (exploratory),0.7109375,0.23031375228094134,-0.03708957934831037,0.03708957934831037,0.38092196429535624,-0.06134342947534006,0.06134342947534006
5.0,fluxv_periodic_v1,FluxV augmented v1 (exploratory),0.71875,0.2036372214007733,-0.03341251570555551,0.03341251570555551,0.336800949189563,-0.05526183733520311,0.05526183733520311
5.0,fluxv_periodic_v1,FluxV augmented v1 (exploratory),0.7265625,0.1770433790292761,-0.028364102433817456,0.028364102433817456,0.29281669478014855,-0.04691213402395912,0.04691213402395912
5.0,fluxv_periodic_v1,FluxV augmented v1 (exploratory),0.734375,0.15086905446605456,-0.02359400915371917,0.02359400915371917,0.2495262918928538,-0.0390227514572131,0.0390227514572131
5.0,fluxv_periodic_v1,FluxV augmented v1 (exploratory),0.7421875,0.12521750249610777,-0.019547574869728634,0.019547574869728634,0.2071005163286687,-0.032330247511684285,0.032330247511684285
5.0,fluxv_periodic_v1,FluxV augmented v1 (exploratory),0.75,0.10009444752114033,-0.016271908309746605,0.016271908309746605,0.16554883582592894,-0.026912536549800824,0.026912536549800824
5.0,fluxv_periodic_v1,FluxV augmented v1 (exploratory),0.7578125,0.07569009406596097,-0.014118772289065882,0.014118772289065882,0.12518583464410873,-0.02335140833114231,0.02335140833114231
5.0,fluxv_periodic_v1,FluxV augmented v1 (exploratory),0.765625,0.051782712529172964,-0.012773166279251466,0.012773166279251466,0.0856447883715305,-0.021125875207957813,0.021125875207957813
5.0,fluxv_periodic_v1,FluxV augmented v1 (exploratory),0.7734375,0.02835979551131549,-0.01221410402159531,0.01221410402159531,0.046905010691707924,-0.020201227455747133,0.020201227455747133
5.0,fluxv_periodic_v1,FluxV augmented v1 (exploratory),0.78125,0.00541049435213594,-0.012414569406984436,0.012414569406984436,0.008948558720499388,-0.020532782422045905,0.020532782422045905
5.0,fluxv_periodic_v1,FluxV augmented v1 (exploratory),0.7890625,-0.01699805337995765,-0.013445367072328119,0.013445367072328119,-0.028113526954276425,-0.02223764575558587,0.02223764575558587
5.0,fluxv_periodic_v1,FluxV augmented v1 (exploratory),0.796875,-0.03883922528914259,-0.015246650400485858,0.015246650400485858,-0.06423721485290719,-0.02521683556435311,0.02521683556435311
5.0,fluxv_periodic_v1,FluxV augmented v1 (exploratory),0.8046875,-0.060205356328636286,-0.0176005908744794,0.0176005908744794,-0.09957522017977978,-0.02911007954265532,0.02911007954265532
5.0,fluxv_periodic_v1,FluxV augmented v1 (exploratory),0.8125,-0.08108374484284915,-0.02044794660088496,0.02044794660088496,-0.1341065353330942,-0.03381939596691728,0.03381939596691728
5.0,fluxv_periodic_v1,FluxV augmented v1 (exploratory),0.8203125,-0.10145933636198941,-0.023728664291301327,0.023728664291301327,-0.16780626132984258,-0.03924546112609857,0.03924546112609857
5.0,fluxv_periodic_v1,FluxV augmented v1 (exploratory),0.828125,-0.12112183985269143,-0.027463982493973263,0.027463982493973263,-0.20032659230645836,-0.04542340201299079,0.04542340201299079
5.0,fluxv_periodic_v1,FluxV augmented v1 (exploratory),0.8359375,-0.14017464736784976,-0.03146073360277902,0.03146073360277902,-0.23183853109490915,-0.05203373365010821,0.05203373365010821
5.0,fluxv_periodic_v1,FluxV augmented v1 (exploratory),0.84375,-0.15861695650247312,-0.03564785008179019,0.03564785008179019,-0.2623407505765039,-0.058958915573126075,0.058958915573126075
5.0,fluxv_periodic_v1,FluxV augmented v1 (exploratory),0.8515625,-0.17641116229210585,-0.039891283460606185,0.039891283460606185,-0.29177105491280125,-0.0659772414959452,0.0659772414959452
5.0,fluxv_periodic_v1,FluxV augmented v1 (exploratory),0.859375,-0.19342412687545574,-0.04389281812702213,0.04389281812702213,-0.3199092438980243,-0.07259548478463855,0.07259548478463855
5.0,fluxv_periodic_v1,FluxV augmented v1 (exploratory),0.8671875,-0.20938246161025081,-0.04659936759961322,0.04659936759961322,-0.34630315287592073,-0.07707191804731382,0.07707191804731382
5.0,fluxv_periodic_v1,FluxV augmented v1 (exploratory),0.875,-0.22445031065057872,-0.04822423890502468,0.04822423890502468,-0.37122426417432997,-0.0797593353780405,0.0797593353780405
5.0,fluxv_periodic_v1,FluxV augmented v1 (exploratory),0.8828125,-0.23860666646777115,-0.04892988549184264,0.04892988549184264,-0.394637832889806,-0.08092642280242117,0.08092642280242117
5.0,fluxv_periodic_v1,FluxV augmented v1 (exploratory),0.890625,-0.25184024170972885,-0.048957424444914126,0.048957424444914126,-0.41652519057423926,-0.08097197020024148,0.08097197020024148
5.0,fluxv_periodic_v1,FluxV augmented v1 (exploratory),0.8984375,-0.26391085726054975,-0.04883545057240647,0.04883545057240647,-0.4364890986793188,-0.08077023440874757,0.08077023440874757
5.0,fluxv_periodic_v1,FluxV augmented v1 (exploratory),0.90625,-0.2749605243789901,-0.04883468738608751,0.04883468738608751,-0.4547644333559551,-0.08076897215484886,0.08076897215484886
5.0,fluxv_periodic_v1,FluxV augmented v1 (exploratory),0.9140625,-0.285058866827034,-0.048860822300533915,0.048860822300533915,-0.4714663471728244,-0.08081219737630882,0.08081219737630882
5.0,fluxv_periodic_v1,FluxV augmented v1 (exploratory),0.921875,-0.2941901791916747,-0.0489314487692878,0.0489314487692878,-0.486568864534838,-0.08092900834804861,0.08092900834804861
5.0,fluxv_periodic_v1,FluxV augmented v1 (exploratory),0.9296875,-0.3022939471153424,-0.04915291698230067,0.04915291698230067,-0.4999718991565471,-0.08129530044261245,0.08129530044261245
5.0,fluxv_periodic_v1,FluxV augmented v1 (exploratory),0.9375,-0.30905241762436897,-0.04935758878472367,0.04935758878472367,-0.5111499110487343,-0.08163381251252888,0.08163381251252888
5.0,fluxv_periodic_v1,FluxV augmented v1 (exploratory),0.9453125,-0.31478588934643675,-0.04955189227816987,0.04955189227816987,-0.5206326505246552,-0.08195517616389561,0.08195517616389561
5.0,fluxv_periodic_v1,FluxV augmented v1 (exploratory),0.953125,-0.3194903351934633,-0.049764210270551175,0.049764210270551175,-0.528413457077555,-0.08230633446821814,0.08230633446821814
5.0,fluxv_periodic_v1,FluxV augmented v1 (exploratory),0.9609375,-0.32316263796441663,-0.05001949391997312,0.05001949391997312,-0.5344871750867708,-0.08272855480125181,0.08272855480125181
5.0,fluxv_periodic_v1,FluxV augmented v1 (exploratory),0.96875,-0.32556946225008987,-0.050341651074830795,0.050341651074830795,-0.5384678849902509,-0.08326137898141843,0.08326137898141843
5.0,fluxv_periodic_v1,FluxV augmented v1 (exploratory),0.9765625,-0.32676686359681756,-0.050717557628646104,0.050717557628646104,-0.5404482985284275,-0.08388310070429739,0.08388310070429739
5.0,fluxv_periodic_v1,FluxV augmented v1 (exploratory),0.984375,-0.32692929569505186,-0.05112270206125298,0.05112270206125298,-0.5407169492421224,-0.08455317972286891,0.08455317972286891
5.0,fluxv_periodic_v1,FluxV augmented v1 (exploratory),0.9921875,-0.32605991697439435,-0.051545317769279626,0.051545317769279626,-0.5392790609410127,-0.08525215494275597,0.08525215494275597
10.0,fluxv_periodic_v1,FluxV augmented v1 (exploratory),0.0,-0.18035726307000166,-0.06477083708250164,0.06477083708250164,-0.2982976146372502,-0.10712618871505707,0.10712618871505707
10.0,fluxv_periodic_v1,FluxV augmented v1 (exploratory),0.0078125,-0.17794823239714722,-0.06495424210802783,0.06495424210802783,-0.29431325553205834,-0.10742952710407283,0.10742952710407283
10.0,fluxv_periodic_v1,FluxV augmented v1 (exploratory),0.015625,-0.1746247005452136,-0.06504176358136558,0.06504176358136558,-0.2888163789065912,-0.10757428116765637,0.10757428116765637
10.0,fluxv_periodic_v1,FluxV augmented v1 (exploratory),0.0234375,-0.1703962878484557,-0.06502247960787198,0.06502247960787198,-0.2818228960843597,-0.10754238689738439,0.10754238689738439
10.0,fluxv_periodic_v1,FluxV augmented v1 (exploratory),0.03125,-0.16527314259191958,-0.0648847882076361,0.0648847882076361,-0.27334959158055533,-0.10731465547394577,0.10731465547394577
10.0,fluxv_periodic_v1,FluxV augmented v1 (exploratory),0.0390625,-0.15912258322011602,-0.06458996043597744,0.06458996043597744,-0.26317701988555414,-0.10682703207848283,0.10682703207848283
10.0,fluxv_periodic_v1,FluxV augmented v1 (exploratory),0.046875,-0.15192166076892727,-0.06407924174641087,0.06407924174641087,-0.2512672251048265,-0.10598234102332284,0.10598234102332284
10.0,fluxv_periodic_v1,FluxV augmented v1 (exploratory),0.0546875,-0.14388174688611988,-0.06333318919535816,0.06333318919535816,-0.23796980035848006,-0.10474842511339531,0.10474842511339531
10.0,fluxv_periodic_v1,FluxV augmented v1 (exploratory),0.0625,-0.13501948248165138,-0.06229154429543127,0.06229154429543127,-0.22331226848458202,-0.10302562125366581,0.10302562125366581
10.0,fluxv_periodic_v1,FluxV augmented v1 (exploratory),0.0703125,-0.12535239282208435,-0.060886508639400774,0.060886508639400774,-0.20732361498181712,-0.10070179587763141,0.10070179587763141
10.0,fluxv_periodic_v1,FluxV augmented v1 (exploratory),0.078125,-0.1146535301560789,-0.05883490214014888,0.05883490214014888,-0.18962848500325746,-0.09730859000122825,0.09730859000122825
10.0,fluxv_periodic_v1,FluxV augmented v1 (exploratory),0.0859375,-0.10317598213303875,-0.05626169231768601,0.05626169231768601,-0.17064546685982665,-0.09305269068818592,0.09305269068818592
10.0,fluxv_periodic_v1,FluxV augmented v1 (exploratory),0.09375,-0.0909891528373286,-0.0531224764877438,0.0531224764877438,-0.1504893497896162,-0.0878606591727165,0.0878606591727165
10.0,fluxv_periodic_v1,FluxV augmented v1 (exploratory),0.1015625,-0.07811980836540987,-0.04943079321147551,0.04943079321147551,-0.12920440294259924,-0.08175488723671388,0.08175488723671388
10.0,fluxv_periodic_v1,FluxV augmented v1 (exploratory),0.109375,-0.06452838593428448,-0.045268159880375525,0.045268159880375525,-0.10672519239282317,-0.07487019863509822,0.07487019863509822
10.0,fluxv_periodic_v1,FluxV augmented v1 (exploratory),0.1171875,-0.05016626416066286,-0.04076534043589715,0.04076534043589715,-0.08297130195738099,-0.06742286728527172,0.06742286728527172
10.0,fluxv_periodic_v1,FluxV augmented v1 (exploratory),0.125,-0.035246635284888236,-0.036029510733690664,0.036029510733690664,-0.05829533588226234,-0.059590154149964665,0.059590154149964665
10.0,fluxv_periodic_v1,FluxV augmented v1 (exploratory),0.1328125,-0.019802709208466992,-0.031090021157611124,0.031090021157611124,-0.032752220895856596,-0.05142060259994914,0.05142060259994914
10.0,fluxv_periodic_v1,FluxV augmented v1 (exploratory),0.140625,-0.0038684730853088692,-0.025979232717120004,0.025979232717120004,-0.006398169244718229,-0.042967735358764525,0.042967735358764525
10.0,fluxv_periodic_v1,FluxV augmented v1 (exploratory),0.1484375,0.012625995916588108,-0.020722788462361513,0.020722788462361513,0.020882466279586905,-0.0342739641405821,0.0342739641405821
10.0,fluxv_periodic_v1,FluxV augmented v1 (exploratory),0.15625,0.02953977058397754,-0.01542697630892401,0.01542697630892401,0.048856602457490544,-0.025515081320741182,0.025515081320741182
10.0,fluxv_periodic_v1,FluxV augmented v1 (exploratory),0.1640625,0.04678558239108855,-0.010161595001210283,0.010161595001210283,0.0773799035820339,-0.01680652887593636,0.01680652887593636
10.0,fluxv_periodic_v1,FluxV augmented v1 (exploratory),0.171875,0.06432497790695013,-0.004985499807504234,0.004985499807504234,0.10638877051372006,-0.008245649080268943,0.008245649080268943
10.0,fluxv_periodic_v1,FluxV augmented v1 (exploratory),0.1796875,0.08212990074509303,2.557657709703707e-05,-2.557657709703707e-05,0.1358368000580413,4.2301772652597245e-05,-4.2301772652597245e-05
10.0,fluxv_periodic_v1,FluxV augmented v1 (exploratory),0.1875,0.10018826860732138,0.00468846683310516,-0.00468846683310516,0.16570400898465903,0.0077543784420720146,-0.0077543784420720146
10.0,fluxv_periodic_v1,FluxV augmented v1 (exploratory),0.1953125,0.1183821493127189,0.008993599587464214,-0.008993599587464214,0.19579534616196098,0.014874750582691396,-0.014874750582691396
10.0,fluxv_periodic_v1,FluxV augmented v1 (exploratory),0.203125,0.13667946150218782,0.012884080518788052,-0.012884080518788052,0.22605775138748962,0.021309319181989656,-0.021309319181989656
10.0,fluxv_periodic_v1,FluxV augmented v1 (exploratory),0.2109375,0.1550496862521792,0.016306491280458815,-0.016306491280458815,0.25644074861198035,0.02696973423341459,-0.02696973423341459
10.0,fluxv_periodic_v1,FluxV augmented v1 (exploratory),0.21875,0.1734636704218387,0.01908073530196604,-0.01908073530196604,0.28689612069004067,0.03155812928860049,-0.03155812928860049
10.0,fluxv_periodic_v1,FluxV augmented v1 (exploratory),0.2265625,0.19187765666163642,0.02117652236478187,-0.02117652236478187,0.317351496191957,0.03502440655952428,-0.03502440655952428
10.0,fluxv_periodic_v1,FluxV augmented v1 (exploratory),0.234375,0.21027190091870335,0.022672114598234868,-0.022672114598234868,0.347774219910094,0.03749800583750773,-0.03749800583750773
10.0,fluxv_periodic_v1,FluxV augmented v1 (exploratory),0.2421875,0.2286350337804909,0.0235636590576662,-0.0235636590576662,0.3781454876744096,0.03897255463617852,-0.03897255463617852
10.0,fluxv_periodic_v1,FluxV augmented v1 (exploratory),0.25,0.24695805357129966,0.023853479206643064,-0.023853479206643064,0.4084504113770274,0.03945189579295831,-0.03945189579295831
10.0,fluxv_periodic_v1,FluxV augmented v1 (exploratory),0.2578125,0.2652175925702934,0.02334777591301043,-0.02334777591301043,0.4386503425306824,0.03861549983286733,-0.03861549983286733
10.0,fluxv_periodic_v1,FluxV augmented v1 (exploratory),0.265625,0.28343234984158644,0.022318184311550675,-0.022318184311550675,0.4687762080086607,0.036912631240063346,-0.036912631240063346
10.0,fluxv_periodic_v1,FluxV augmented v1 (exploratory),0.2734375,0.30158321993325093,0.020881851198159804,-0.020881851198159804,0.49879640880219717,0.03453704217724475,-0.03453704217724475
10.0,fluxv_periodic_v1,FluxV augmented v1 (exploratory),0.28125,0.31946481502772134,0.01979863714777379,-0.01979863714777379,0.5283712486051242,0.032745486007719767,-0.032745486007719767
10.0,fluxv_periodic_v1,FluxV augmented v1 (exploratory),0.2890625,0.3362432342644298,0.021925755177697317,-0.021925755177697317,0.5561215168809924,0.03626358238807902,-0.03626358238807902
10.0,fluxv_periodic_v1,FluxV augmented v1 (exploratory),0.296875,0.351235939350464,0.029263138031136077,-0.029263138031136077,0.5809183456196718,0.04839907261234318,-0.04839907261234318
10.0,fluxv_periodic_v1,FluxV augmented v1 (exploratory),0.3046875,0.36556919421180173,0.03803236990631123,-0.03803236990631123,0.6046244923106723,0.06290273554245987,-0.06290273554245987
10.0,fluxv_periodic_v1,FluxV augmented v1 (exploratory),0.3125,0.3796889293685542,0.046769630956477265,-0.046769630956477265,0.627977493153972,0.07735352108535151,-0.07735352108535151
10.0,fluxv_periodic_v1,FluxV augmented v1 (exploratory),0.3203125,0.3939471468253568,0.05437472658689753,-0.05437472658689753,0.6515595335106869,0.08993178850318231,-0.08993178850318231
10.0,fluxv_periodic_v1,FluxV augmented v1 (exploratory),0.328125,0.4082763569306632,0.0609645485943487,-0.0609645485943487,0.675258990473448,0.10083086820890942,-0.10083086820890942
10.0,fluxv_periodic_v1,FluxV augmented v1 (exploratory),0.3359375,0.4225995872403397,0.06700873185208348,-0.06700873185208348,0.6989485572951519,0.11082750165478793,-0.11082750165478793
10.0,fluxv_periodic_v1,FluxV augmented v1 (exploratory),0.34375,0.4368823980635766,0.07266373894179602,-0.07266373894179602,0.7225712732665794,0.12018046641431229,-0.12018046641431229
10.0,fluxv_periodic_v1,FluxV augmented v1 (exploratory),0.3515625,0.4511025067756528,0.07800781168932265,-0.07800781168932265,0.7460902845694307,0.12901916869832514,-0.12901916869832514
10.0,fluxv_periodic_v1,FluxV augmented v1 (exploratory),0.359375,0.46523877527276086,0.0830479135772916,-0.0830479135772916,0.7694706303386077,0.13735512559364746,-0.13735512559364746
10.0,fluxv_periodic_v1,FluxV augmented v1 (exploratory),0.3671875,0.4792253932151088,0.08787001013106777,-0.08787001013106777,0.7926034651245605,0.14533051774064207,-0.14533051774064207
10.0,fluxv_periodic_v1,FluxV augmented v1 (exploratory),0.375,0.49306912210211973,0.09256138289134824,-0.09256138289134824,0.8154999719487817,0.15308970237199612,-0.15308970237199612
10.0,fluxv_periodic_v1,FluxV augmented v1 (exploratory),0.3828125,0.5067454680019496,0.09715657162757713,-0.09715657162757713,0.8381196396540395,0.16068980571961133,-0.16068980571961133
10.0,fluxv_periodic_v1,FluxV augmented v1 (exploratory),0.390625,0.5202321217858945,0.10167884856020498,-0.10167884856020498,0.8604255705864009,0.1681693183201567,-0.1681693183201567
10.0,fluxv_periodic_v1,FluxV augmented v1 (exploratory),0.3984375,0.533465794837907,0.10604375039657754,-0.10604375039657754,0.8823130900414529,0.1753885441154069,-0.1753885441154069
10.0,fluxv_periodic_v1,FluxV augmented v1 (exploratory),0.40625,0.5464000273679093,0.11038642279344679,-0.11038642279344679,0.9037053569520773,0.1825710040567864,-0.1825710040567864
10.0,fluxv_periodic_v1,FluxV augmented v1 (exploratory),0.4140625,0.5590396945841158,0.11469034114751517,-0.11469034114751517,0.9246104345531923,0.1896893676688677,-0.1896893676688677
10.0,fluxv_periodic_v1,FluxV augmented v1 (exploratory),0.421875,0.5713632998666028,0.11893396516413574,-0.11893396516413574,0.9449927690204772,0.19670800889255907,-0.19670800889255907
10.0,fluxv_periodic_v1,FluxV augmented v1 (exploratory),0.4296875,0.5833282575101426,0.12308369356995238,-0.12308369356995238,0.9647819267375045,0.20357135369928914,-0.20357135369928914
10.0,fluxv_periodic_v1,FluxV augmented v1 (exploratory),0.4375,0.5947508468270712,0.12714504632572302,-0.12714504632572302,0.9836740472333576,0.21028853169714215,-0.21028853169714215
10.0,fluxv_periodic_v1,FluxV augmented v1 (exploratory),0.4453125,0.6056904304959265,0.13117207135142286,-0.13117207135142286,1.0017673120012844,0.2169489341605824,-0.2169489341605824
10.0,fluxv_periodic_v1,FluxV augmented v1 (exploratory),0.453125,0.616105780629856,0.13514932594054213,-0.13514932594054213,1.0189935331563318,0.2235270199916967,-0.2235270199916967
10.0,fluxv_periodic_v1,FluxV augmented v1 (exploratory),0.4609375,0.6259552642660978,0.13905709064536995,-0.13905709064536995,1.0352838528478612,0.22999017467796704,-0.22999017467796704
10.0,fluxv_periodic_v1,FluxV augmented v1 (exploratory),0.46875,0.6350383460093904,0.14284410259742347,-0.14284410259742347,1.0503066003184063,0.2362536132147443,-0.2362536132147443
10.0,fluxv_periodic_v1,FluxV augmented v1 (exploratory),0.4765625,0.6432960161622147,0.1464699322329298,-0.1464699322329298,1.063964177879298,0.2422504680845856,-0.2422504680845856
10.0,fluxv_periodic_v1,FluxV augmented v1 (exploratory),0.484375,0.6507785194157457,0.14992369312770953,-0.14992369312770953,1.0763396865449926,0.24796273394459892,-0.24796273394459892
10.0,fluxv_periodic_v1,FluxV augmented v1 (exploratory),0.4921875,0.6574278304912555,0.15318396027532377,-0.15318396027532377,1.0873371567829158,0.25335497541388785,-0.25335497541388785
10.0,fluxv_periodic_v1,FluxV augmented v1 (exploratory),0.5,0.6631831498182343,0.1562322918151812,-0.1562322918151812,1.096856030586446,0.25839669101482843,-0.25839669101482843
10.0,fluxv_periodic_v1,FluxV augmented v1 (exploratory),0.5078125,0.6675489450862083,0.15894792871219496,-0.15894792871219496,1.1040767340516886,0.2628881542074457,-0.2628881542074457
10.0,fluxv_periodic_v1,FluxV augmented v1 (exploratory),0.515625,0.6708184869255273,0.1613596210927048,-0.1613596210927048,1.109484315177196,0.26687691558084103,-0.26687691558084103
10.0,fluxv_periodic_v1,FluxV augmented v1 (exploratory),0.5234375,0.6729348753687888,0.16342353164863854,-0.16342353164863854,1.112984665612353,0.27029047145976737,-0.27029047145976737
10.0,fluxv_periodic_v1,FluxV augmented v1 (exploratory),0.53125,0.6738425530431941,0.165094545720862,-0.165094545720862,1.1144858975590224,0.2730542055245057,-0.2730542055245057
10.0,fluxv_periodic_v1,FluxV augmented v1 (exploratory),0.5390625,0.6732610625848444,0.16623687295144995,-0.16623687295144995,1.113524155216588,0.2749435305354275,-0.2749435305354275
10.0,fluxv_periodic_v1,FluxV augmented v1 (exploratory),0.546875,0.6710254737443153,0.16672600913724828,-0.16672600913724828,1.1098266561134846,0.2757525257207214,-0.2757525257207214
10.0,fluxv_periodic_v1,FluxV augmented v1 (exploratory),0.5546875,0.6673847082106115,0.16661224637014074,-0.16661224637014074,1.1038050983693097,0.2755643704921208,-0.2755643704921208
10.0,fluxv_periodic_v1,FluxV augmented v1 (exploratory),0.5625,0.6623094587527197,0.16584676121038186,-0.16584676121038186,1.0954110099849097,0.27429831448023917,-0.27429831448023917
10.0,fluxv_periodic_v1,FluxV augmented v1 (exploratory),0.5703125,0.6557750251384645,0.16438171768401022,-0.16438171768401022,1.0846035385975152,0.27187524051128686,-0.27187524051128686
10.0,fluxv_periodic_v1,FluxV augmented v1 (exploratory),0.578125,0.6472718459272382,0.1618949821930188,-0.1618949821930188,1.0705399071564161,0.26776236336639125,-0.26776236336639125
10.0,fluxv_periodic_v1,FluxV augmented v1 (exploratory),0.5859375,0.6372204576029616,0.15854072052932264,-0.15854072052932264,1.0539156519981379,0.2622146618981039,-0.2622146618981039
10.0,fluxv_periodic_v1,FluxV augmented v1 (exploratory),0.59375,0.6257295159499255,0.1543428227533845,-0.1543428227533845,1.034910481778261,0.25527164850491807,-0.25527164850491807
10.0,fluxv_periodic_v1,FluxV augmented v1 (exploratory),0.6015625,0.6128327247154126,0.14929016446652404,-0.14929016446652404,1.0135801400096758,0.24691492425166398,-0.24691492425166398
10.0,fluxv_periodic_v1,FluxV augmented v1 (exploratory),0.609375,0.598431997635443,0.14328707954391767,-0.14328707954391767,0.9897623992440614,0.2369862644217391,-0.2369862644217391
10.0,fluxv_periodic_v1,FluxV augmented v1 (exploratory),0.6171875,0.582432548788674,0.13624206980669798,-0.13624206980669798,0.9633004905564723,0.22533433777383258,-0.22533433777383258
10.0,fluxv_periodic_v1,FluxV augmented v1 (exploratory),0.625,0.5653105325516334,0.12841968839914375,-0.12841968839914375,0.9349819381768704,0.21239669570199352,-0.21239669570199352
10.0,fluxv_periodic_v1,FluxV augmented v1 (exploratory),0.6328125,0.5471734683584737,0.11984360155520225,-0.11984360155520225,0.9049845713214953,0.19821248041216216,-0.19821248041216216
10.0,fluxv_periodic_v1,FluxV augmented v1 (exploratory),0.640625,0.5281302403642727,0.11055291077053311,-0.11055291077053311,0.8734884763543705,0.18284636289504597,-0.18284636289504597
10.0,fluxv_periodic_v1,FluxV augmented v1 (exploratory),0.6484375,0.5081074169841,0.10055551419495579,-0.10055551419495579,0.8403722028484332,0.16631140610808332,-0.16631140610808332
10.0,fluxv_periodic_v1,FluxV augmented v1 (exploratory),0.65625,0.48741074959949515,0.0901828404192155,-0.0901828404192155,0.8061414410444464,0.14915576850277787,-0.14915576850277787
10.0,fluxv_periodic_v1,FluxV augmented v1 (exploratory),0.6640625,0.466273223750604,0.07948249973097136,-0.07948249973097136,0.7711815318468324,0.13145819398441608,-0.13145819398441608
10.0,fluxv_periodic_v1,FluxV augmented v1 (exploratory),0.671875,0.44480032477889897,0.06854475245013673,-0.06854475245013673,0.7356669402325197,0.11336796646687111,-0.11336796646687111
10.0,fluxv_periodic_v1,FluxV augmented v1 (exploratory),0.6796875,0.42306164965680426,0.05753877218560642,-0.05753877218560642,0.6997127744622278,0.09516488662539116,-0.09516488662539116
10.0,fluxv_periodic_v1,FluxV augmented v1 (exploratory),0.6875,0.4012128550808373,0.04651185606729444,-0.04651185606729444,0.66357647923479,0.07692718042544266,-0.07692718042544266
10.0,fluxv_periodic_v1,FluxV augmented v1 (exploratory),0.6953125,0.37945003576618097,0.03536301958624457,-0.03536301958624457,0.6275823807502515,0.05848782693521396,-0.05848782693521396
10.0,fluxv_periodic_v1,FluxV augmented v1 (exploratory),0.703125,0.35790395704762157,0.023878120891344612,-0.023878120891344612,0.5919467552304845,0.03949265132252222,-0.03949265132252222
10.0,fluxv_periodic_v1,FluxV augmented v1 (exploratory),0.7109375,0.33672858597193384,0.011734596478929868,-0.011734596478929868,0.5569242528182327,0.019408157336235757,-0.019408157336235757
10.0,fluxv_periodic_v1,FluxV augmented v1 (exploratory),0.71875,0.31635639071981814,-0.002168767105089193,0.002168767105089193,0.5232301439967222,-0.003586980879726181,0.003586980879726181
10.0,fluxv_periodic_v1,FluxV augmented v1 (exploratory),0.7265625,0.295444960660154,-0.013735667136485134,0.013735667136485134,0.48864418056352005,-0.02271778065668751,0.02271778065668751
10.0,fluxv_periodic_v1,FluxV augmented v1 (exploratory),0.734375,0.27232455099176334,-0.0172767774893144,0.0172767774893144,0.45040472773460827,-0.028574516079681044,0.028574516079681044
10.0,fluxv_periodic_v1,FluxV augmented v1 (exploratory),0.7421875,0.24761560081068743,-0.01447151604700331,0.01447151604700331,0.4095379460273207,-0.023934820497527168,0.023934820497527168
10.0,fluxv_periodic_v1,FluxV augmented v1 (exploratory),0.75,0.22307735366769538,-0.010663220012816138,0.010663220012816138,0.3689534945583889,-0.017636179658263505,0.017636179658263505
10.0,fluxv_periodic_v1,FluxV augmented v1 (exploratory),0.7578125,0.19947013494711377,-0.007877843772614964,0.007877843772614964,0.32990889545158086,-0.013029372734181945,0.013029372734181945
10.0,fluxv_periodic_v1,FluxV augmented v1 (exploratory),0.765625,0.17649728909714973,-0.005841149374716357,0.005841149374716357,0.29191350229786134,-0.00966083037388675,0.00966083037388675
10.0,fluxv_periodic_v1,FluxV augmented v1 (exploratory),0.7734375,0.15413509176619788,-0.004540874757831336,0.004540874757831336,0.25492807676896884,-0.007510272032137997,0.007510272032137997
10.0,fluxv_periodic_v1,FluxV augmented v1 (exploratory),0.78125,0.132360966797894,-0.003958794406560354,0.003958794406560354,0.21891527956690948,-0.00654755405030682,0.00654755405030682
10.0,fluxv_periodic_v1,FluxV augmented v1 (exploratory),0.7890625,0.11124238764904608,-0.004172049291095335,0.004172049291095335,0.18398670681414905,-0.006900261905170625,0.006900261905170625
10.0,fluxv_periodic_v1,FluxV augmented v1 (exploratory),0.796875,0.09078222764619519,-0.005136360884733701,0.005136360884733701,0.15014711078092435,-0.008495162178400675,0.008495162178400675
10.0,fluxv_periodic_v1,FluxV augmented v1 (exploratory),0.8046875,0.0708522080380024,-0.006647893051483585,0.006647893051483585,0.11718432787103908,-0.010995124930740532,0.010995124930740532
10.0,fluxv_periodic_v1,FluxV augmented v1 (exploratory),0.8125,0.05145255699490521,-0.008653962058193337,0.008653962058193337,0.08509873546157293,-0.014313015152145028,0.014313015152145028
10.0,fluxv_periodic_v1,FluxV augmented v1 (exploratory),0.8203125,0.032586610592773416,-0.011100533187396568,0.011100533187396568,0.05389585117603199,-0.018359463404126038,0.018359463404126038
10.0,fluxv_periodic_v1,FluxV augmented v1 (exploratory),0.828125,0.014452881586328719,-0.014021103889349905,0.014021103889349905,0.02390400047356659,-0.023189871999503665,0.023189871999503665
10.0,fluxv_periodic_v1,FluxV augmented v1 (exploratory),0.8359375,-0.00307478977161175,-0.01722484205125839,0.01722484205125839,-0.005085475565388285,-0.028488618694549203,0.028488618694549203
10.0,fluxv_periodic_v1,FluxV augmented v1 (exploratory),0.84375,-0.020007265229204953,-0.020642478917629294,0.020642478917629294,-0.03309054147140302,-0.03414113807514704,0.03414113807514704
10.0,fluxv_periodic_v1,FluxV augmented v1 (exploratory),0.8515625,-0.03632399804664028,-0.024226256175006452,0.024226256175006452,-0.06007721445182624,-0.04006844141225696,0.04006844141225696
10.0,fluxv_periodic_v1,FluxV augmented v1 (exploratory),0.859375,-0.05192760049296084,-0.027935192924027585,0.027935192924027585,-0.08588442238045199,-0.0462027493200235,0.0462027493200235
10.0,fluxv_periodic_v1,FluxV augmented v1 (exploratory),0.8671875,-0.06666168369361883,-0.03170411489742141,0.03170411489742141,-0.11025350958997114,-0.05243626836594592,0.05243626836594592
10.0,fluxv_periodic_v1,FluxV augmented v1 (exploratory),0.875,-0.08068025149327546,-0.03546920187817646,0.03546920187817646,-0.13343918708411842,-0.05866344461681355,0.05866344461681355
10.0,fluxv_periodic_v1,FluxV augmented v1 (exploratory),0.8828125,-0.09395969471320433,-0.039199687971450514,0.039199687971450514,-0.1554024070220819,-0.0648333935510529,0.0648333935510529
10.0,fluxv_periodic_v1,FluxV augmented v1 (exploratory),0.890625,-0.1064767506551275,-0.04286658205830787,0.04286658205830787,-0.17610469461616404,-0.07089816599557844,0.07089816599557844
10.0,fluxv_periodic_v1,FluxV augmented v1 (exploratory),0.8984375,-0.11797843644190138,-0.04640547635348856,0.04640547635348856,-0.19512763484103413,-0.07675123622262023,0.07675123622262023
10.0,fluxv_periodic_v1,FluxV augmented v1 (exploratory),0.90625,-0.12856108716968395,-0.049697178563437215,0.049697178563437215,-0.21263055884255586,-0.08219546896717426,0.08219546896717426
10.0,fluxv_periodic_v1,FluxV augmented v1 (exploratory),0.9140625,-0.1382949078273406,-0.052615287331665206,0.052615287331665206,-0.2287295804958109,-0.08702180570569863,0.08702180570569863
10.0,fluxv_periodic_v1,FluxV augmented v1 (exploratory),0.921875,-0.14716220423535653,-0.05512752275421448,0.05512752275421448,-0.24339543493254612,-0.09117685785717641,0.09117685785717641
10.0,fluxv_periodic_v1,FluxV augmented v1 (exploratory),0.9296875,-0.15509510023266695,-0.05726589458024395,0.05726589458024395,-0.2565158599871481,-0.09471356718650636,0.09471356718650636
10.0,fluxv_periodic_v1,FluxV augmented v1 (exploratory),0.9375,-0.1618199443625149,-0.05891550635777788,0.05891550635777788,-0.26763825632758476,-0.09744190343390716,0.09744190343390716
10.0,fluxv_periodic_v1,FluxV augmented v1 (exploratory),0.9453125,-0.16762314353404878,-0.060263185764102785,0.060263185764102785,-0.2772363198636318,-0.09967086580203997,0.09967086580203997
10.0,fluxv_periodic_v1,FluxV augmented v1 (exploratory),0.953125,-0.1724975012296752,-0.061363246601270884,0.061363246601270884,-0.28529814808581844,-0.10149028531471986,0.10149028531471986
10.0,fluxv_periodic_v1,FluxV augmented v1 (exploratory),0.9609375,-0.1764369420666096,-0.0622660563193244,0.0622660563193244,-0.29181369275898195,-0.10298346602051804,0.10298346602051804
10.0,fluxv_periodic_v1,FluxV augmented v1 (exploratory),0.96875,-0.17922727436198585,-0.06298863688605207,0.06298863688605207,-0.29642869663289284,-0.10417856099905758,0.10417856099905758
10.0,fluxv_periodic_v1,FluxV augmented v1 (exploratory),0.9765625,-0.18091836108256673,-0.06357984709412982,0.06357984709412982,-0.2992256293779757,-0.10515637909086539,0.10515637909086539
10.0,fluxv_periodic_v1,FluxV augmented v1 (exploratory),0.984375,-0.18166866458992703,-0.06407049017383627,0.06407049017383627,-0.30046657605619553,-0.10596786656757379,0.10596786656757379
10.0,fluxv_periodic_v1,FluxV augmented v1 (exploratory),0.9921875,-0.18148058718002172,-0.06446628995276088,0.06446628995276088,-0.3001555098879307,-0.10662249021797447,0.10662249021797447
15.0,fluxv_periodic_v1,FluxV augmented v1 (exploratory),0.0,-0.03195283473240068,-0.03777294630914567,0.03777294630914567,-0.05284763263386837,-0.06247366804111358,0.06247366804111358
15.0,fluxv_periodic_v1,FluxV augmented v1 (exploratory),0.0078125,-0.03051353731235026,-0.03768689369500551,0.03768689369500551,-0.05046714082640537,-0.062331343362337845,0.062331343362337845
15.0,fluxv_periodic_v1,FluxV augmented v1 (exploratory),0.015625,-0.028280927887883844,-0.03732896972030229,0.03732896972030229,-0.04677456945778524,-0.06173936349938098,0.06173936349938098
15.0,fluxv_periodic_v1,FluxV augmented v1 (exploratory),0.0234375,-0.02526042305180934,-0.036694041975130126,0.036694041975130126,-0.04177887717312467,-0.0606892398246923,0.0606892398246923
15.0,fluxv_periodic_v1,FluxV augmented v1 (exploratory),0.03125,-0.021457754244805744,-0.035777051137945166,0.035777051137945166,-0.03548954335270411,-0.059172604593482774,0.059172604593482774
15.0,fluxv_periodic_v1,FluxV augmented v1 (exploratory),0.0390625,-0.016751889253482897,-0.0345236642864846,0.0345236642864846,-0.027706389639777583,-0.057099595158518875,0.057099595158518875
15.0,fluxv_periodic_v1,FluxV augmented v1 (exploratory),0.046875,-0.01111487992443562,-0.03290903289125573,0.03290903289125573,-0.018383191849344883,-0.05442911388420362,0.05442911388420362
15.0,fluxv_periodic_v1,FluxV augmented v1 (exploratory),0.0546875,-0.004727893515281887,-0.03099394037229168,0.03099394037229168,-0.007819587267301382,-0.05126169206546105,0.05126169206546105
15.0,fluxv_periodic_v1,FluxV augmented v1 (exploratory),0.0625,0.002399508651233437,-0.028775730564328125,0.028775730564328125,0.003968610383528444,-0.04759293660079389,0.04759293660079389
15.0,fluxv_periodic_v1,FluxV augmented v1 (exploratory),0.0703125,0.0102573324434454,-0.026252271537148795,0.026252271537148795,0.01696487154627907,-0.04341932143482039,0.04341932143482039
15.0,fluxv_periodic_v1,FluxV augmented v1 (exploratory),0.078125,0.019066168602920486,-0.02332099584733388,0.02332099584733388,0.031534037042441586,-0.038571207578842366,0.038571207578842366
15.0,fluxv_periodic_v1,FluxV augmented v1 (exploratory),0.0859375,0.02860646048754819,-0.020070848957926792,0.020070848957926792,0.0473129763747767,-0.03319570427041991,0.03319570427041991
15.0,fluxv_periodic_v1,FluxV augmented v1 (exploratory),0.09375,0.038824628202609686,-0.016525133563334585,0.016525133563334585,0.06421307234808481,-0.027331352447899086,0.027331352447899086
15.0,fluxv_periodic_v1,FluxV augmented v1 (exploratory),0.1015625,0.049706129776159784,-0.012692003350951763,0.012692003350951763,0.08221027361300777,-0.020991637709025603,0.020991637709025603
15.0,fluxv_periodic_v1,FluxV augmented v1 (exploratory),0.109375,0.0613044442651513,-0.008553660660608812,0.008553660660608812,0.10139303058651543,-0.014147124036173537,0.014147124036173537
15.0,fluxv_periodic_v1,FluxV augmented v1 (exploratory),0.1171875,0.07369120913466538,-0.0040993826746831665,0.0040993826746831665,0.12187982635372792,-0.0067800766796324834,0.0067800766796324834
15.0,fluxv_periodic_v1,FluxV augmented v1 (exploratory),0.125,0.08666722003870754,0.0005672869315904907,-0.0005672869315904907,0.1433411916145236,0.0009382507564591352,-0.0009382507564591352
15.0,fluxv_periodic_v1,FluxV augmented v1 (exploratory),0.1328125,0.10021162560721704,0.005415653975044036,-0.005415653975044036,0.16574263974027906,0.008957092356349224,-0.008957092356349224
15.0,fluxv_periodic_v1,FluxV augmented v1 (exploratory),0.140625,0.11430278221818287,0.01041192220677029,-0.01041192220677029,0.18904837377606107,0.017220551616281318,-0.017220551616281318
15.0,fluxv_periodic_v1,FluxV augmented v1 (exploratory),0.1484375,0.1290489416937245,0.015520919281929686,-0.015520919281929686,0.2134374342538045,0.025670456071291974,-0.025670456071291974
15.0,fluxv_periodic_v1,FluxV augmented v1 (exploratory),0.15625,0.1443179421908003,0.020637368032062887,-0.020637368032062887,0.2386912352299531,0.034132685047266756,-0.034132685047266756
15.0,fluxv_periodic_v1,FluxV augmented v1 (exploratory),0.1640625,0.1600247317759967,0.025692459075776317,-0.025692459075776317,0.2646691070778686,0.04249343290097851,-0.04249343290097851
15.0,fluxv_periodic_v1,FluxV augmented v1 (exploratory),0.171875,0.17614071079924004,0.03062553566143208,-0.03062553566143208,0.2913237480850987,0.05065237783768919,-0.05065237783768919
15.0,fluxv_periodic_v1,FluxV augmented v1 (exploratory),0.1796875,0.19265484132675975,0.035357031880382334,-0.035357031880382334,0.31863690232305897,0.058477923711215934,-0.058477923711215934
15.0,fluxv_periodic_v1,FluxV augmented v1 (exploratory),0.1875,0.20960580920522728,0.03969103484072614,-0.03969103484072614,0.34667255332967783,0.06564604504381544,-0.06564604504381544
15.0,fluxv_periodic_v1,FluxV augmented v1 (exploratory),0.1953125,0.22683744976856798,0.04362896452893201,-0.04362896452893201,0.375172416261929,0.07215909038840516,-0.07215909038840516
15.0,fluxv_periodic_v1,FluxV augmented v1 (exploratory),0.203125,0.24432066414319153,0.04711394244078289,-0.04711394244078289,0.40408836372847334,0.07792298689289548,-0.07792298689289548
15.0,fluxv_periodic_v1,FluxV augmented v1 (exploratory),0.2109375,0.2620273145252238,0.05009302584572391,-0.05009302584572391,0.43337385787641874,0.08285017118463323,-0.08285017118463323
15.0,fluxv_periodic_v1,FluxV augmented v1 (exploratory),0.21875,0.2799638577815169,0.05238015793598047,-0.05238015793598047,0.46303957788744726,0.08663291902229053,-0.08663291902229053
15.0,fluxv_periodic_v1,FluxV augmented v1 (exploratory),0.2265625,0.29807819636623917,0.05395262593905928,-0.05395262593905928,0.4929993582621191,0.08923366515486937,-0.08923366515486937
15.0,fluxv_periodic_v1,FluxV augmented v1 (exploratory),0.234375,0.316322977262068,0.05489909775297382,-0.05489909775297382,0.5231748806013147,0.09079905974783632,-0.09079905974783632
15.0,fluxv_periodic_v1,FluxV augmented v1 (exploratory),0.2421875,0.3346837906133297,0.05522033664884245,-0.05522033664884245,0.5535423120662476,0.09133036519534204,-0.09133036519534204
15.0,fluxv_periodic_v1,FluxV augmented v1 (exploratory),0.25,0.35314784911749986,0.05492357048892951,-0.05492357048892951,0.5840805034014025,0.09083953584863187,-0.09083953584863187
15.0,fluxv_periodic_v1,FluxV augmented v1 (exploratory),0.2578125,0.3692780932962874,0.06062041045801388,-0.06062041045801388,0.6107587379240743,0.10026168910612751,-0.10026168910612751
15.0,fluxv_periodic_v1,FluxV augmented v1 (exploratory),0.265625,0.3820106684886744,0.07485698115810409,-0.07485698115810409,0.6318174784673055,0.12380792732334418,-0.12380792732334418
15.0,fluxv_periodic_v1,FluxV augmented v1 (exploratory),0.2734375,0.39318374188528304,0.09247057188553673,-0.09247057188553673,0.6502969180287813,0.1529395076642517,-0.1529395076642517
15.0,fluxv_periodic_v1,FluxV augmented v1 (exploratory),0.28125,0.4043585381316574,0.10919604671841898,-0.10919604671841898,0.6687792070567368,0.18060220979999936,-0.18060220979999936
15.0,fluxv_periodic_v1,FluxV augmented v1 (exploratory),0.2890625,0.41713389541158313,0.12088464020050807,-0.12088464020050807,0.6899087060182584,0.19993428157145005,-0.19993428157145005
15.0,fluxv_periodic_v1,FluxV augmented v1 (exploratory),0.296875,0.43062382533454674,0.13007176507710136,-0.13007176507710136,0.7122200554429936,0.21512910871294785,-0.21512910871294785
15.0,fluxv_periodic_v1,FluxV augmented v1 (exploratory),0.3046875,0.4444148090122681,0.1380391284868678,-0.1380391284868678,0.7350293255801704,0.22830654032632844,-0.22830654032632844
15.0,fluxv_periodic_v1,FluxV augmented v1 (exploratory),0.3125,0.45838232667781253,0.14515467541910324,-0.14515467541910324,0.7581305699166319,0.24007513029379435,-0.24007513029379435
15.0,fluxv_periodic_v1,FluxV augmented v1 (exploratory),0.3203125,0.47243739272887364,0.15168427563073075,-0.15168427563073075,0.7813766128274364,0.2508746075896291,-0.2508746075896291
15.0,fluxv_periodic_v1,FluxV augmented v1 (exploratory),0.328125,0.48651319569739737,0.15771962310976886,-0.15771962310976886,0.8046569530707062,0.26085662730904147,-0.26085662730904147
15.0,fluxv_periodic_v1,FluxV augmented v1 (exploratory),0.3359375,0.5005631366011871,0.16348181090980943,-0.16348181090980943,0.827894519365822,0.27038686106057513,-0.27038686106057513
15.0,fluxv_periodic_v1,FluxV augmented v1 (exploratory),0.34375,0.5145510238840078,0.16907219345339664,-0.16907219345339664,0.8510294535473228,0.27963294158584096,-0.27963294158584096
15.0,fluxv_periodic_v1,FluxV augmented v1 (exploratory),0.3515625,0.5284518798259525,0.17454176004177321,-0.17454176004177321,0.8740204443081927,0.2886792014294442,-0.2886792014294442
15.0,fluxv_periodic_v1,FluxV augmented v1 (exploratory),0.359375,0.5422381192347479,0.179898754798468,-0.179898754798468,0.8968218677743802,0.29753927576382844,-0.29753927576382844
15.0,fluxv_periodic_v1,FluxV augmented v1 (exploratory),0.3671875,0.5558558915661522,0.18516243896702636,-0.18516243896702636,0.9193446591163316,0.3062450212656073,-0.3062450212656073
15.0,fluxv_periodic_v1,FluxV augmented v1 (exploratory),0.375,0.5692928327794253,0.19041955783486586,-0.19041955783486586,0.9415683691223136,0.31493990824408374,-0.31493990824408374
15.0,fluxv_periodic_v1,FluxV augmented v1 (exploratory),0.3828125,0.5825263376399985,0.19568179691268858,-0.19568179691268858,0.9634556104011264,0.3236432636723383,-0.3236432636723383
15.0,fluxv_periodic_v1,FluxV augmented v1 (exploratory),0.390625,0.595535856331938,0.20095275574708749,-0.20095275574708749,0.9849723950724376,0.33236104093502655,-0.33236104093502655
15.0,fluxv_periodic_v1,FluxV augmented v1 (exploratory),0.3984375,0.6082175865142292,0.20623712156343663,-0.20623712156343663,1.0059470417179814,0.3411009923573087,-0.3411009923573087
15.0,fluxv_periodic_v1,FluxV augmented v1 (exploratory),0.40625,0.6205679322597962,0.2115325366929261,-0.2115325366929261,1.026373602939517,0.34985921852881374,-0.34985921852881374
15.0,fluxv_periodic_v1,FluxV augmented v1 (exploratory),0.4140625,0.6325861439412355,0.21683519521697447,-0.21683519521697447,1.0462508389085914,0.3586294247408341,-0.3586294247408341
15.0,fluxv_periodic_v1,FluxV augmented v1 (exploratory),0.421875,0.6442417815290031,0.22214149792583388,-0.22214149792583388,1.0655284040608077,0.36740565816583115,-0.36740565816583115
15.0,fluxv_periodic_v1,FluxV augmented v1 (exploratory),0.4296875,0.6554779556884488,0.22744624205184552,-0.22744624205184552,1.0841122076313379,0.37617931380971875,-0.37617931380971875
15.0,fluxv_periodic_v1,FluxV augmented v1 (exploratory),0.4375,0.6661073719427945,0.23273234411110957,-0.23273234411110957,1.101692478365581,0.38492213684976184,-0.38492213684976184
15.0,fluxv_periodic_v1,FluxV augmented v1 (exploratory),0.4453125,0.6762220749149057,0.23798723531194463,-0.23798723531194463,1.1184214512829291,0.3936133394312679,-0.3936133394312679
15.0,fluxv_periodic_v1,FluxV augmented v1 (exploratory),0.453125,0.6857805004570467,0.24319601445207886,-0.24319601445207886,1.1342303823477222,0.40222827606440614,-0.40222827606440614
15.0,fluxv_periodic_v1,FluxV augmented v1 (exploratory),0.4609375,0.694739961944902,0.24834210898039666,-0.24834210898039666,1.1490486710308025,0.4107395369715935,-0.4107395369715935
15.0,fluxv_periodic_v1,FluxV augmented v1 (exploratory),0.46875,0.7028925432828862,0.25337820777033826,-0.25337820777033826,1.162532439440578,0.4190688730379434,-0.4190688730379434
15.0,fluxv_periodic_v1,FluxV augmented v1 (exploratory),0.4765625,0.7101842662622441,0.2582608079755524,-0.2582608079755524,1.174592411599802,0.4271443337632341,-0.4271443337632341
15.0,fluxv_periodic_v1,FluxV augmented v1 (exploratory),0.484375,0.7166751187034079,0.2629718909658131,-0.2629718909658131,1.185327802940322,0.43493611766165935,-0.43493611766165935
15.0,fluxv_periodic_v1,FluxV augmented v1 (exploratory),0.4921875,0.7223148405938811,0.2674759496147604,-0.2674759496147604,1.1946554871073447,0.44238549856430587,-0.44238549856430587
15.0,fluxv_periodic_v1,FluxV augmented v1 (exploratory),0.5,0.7270527340118205,0.2717351223970613,-0.2717351223970613,1.2024916134763077,0.4494298562999583,-0.4494298562999583
15.0,fluxv_periodic_v1,FluxV augmented v1 (exploratory),0.5078125,0.7304227299367744,0.2755527179020989,-0.2755527179020989,1.208065338252564,0.45574387777832037,-0.45574387777832037
15.0,fluxv_periodic_v1,FluxV augmented v1 (exploratory),0.515625,0.7327269726404075,0.2789681741180241,-0.2789681741180241,1.2118763857831105,0.46139279052386933,-0.46139279052386933
15.0,fluxv_periodic_v1,FluxV augmented v1 (exploratory),0.5234375,0.733919143234968,0.28192360133119354,-0.28192360133119354,1.213848148042887,0.4662808492186849,-0.4662808492186849
15.0,fluxv_periodic_v1,FluxV augmented v1 (exploratory),0.53125,0.7339547799482817,0.28435910887915594,-0.28435910887915594,1.213907088539067,0.4703089991230568,-0.4703089991230568
15.0,fluxv_periodic_v1,FluxV augmented v1 (exploratory),0.5390625,0.732579933825119,0.28609391548982,-0.28609391548982,1.2116331944243979,0.47317824134269043,-0.47317824134269043
15.0,fluxv_periodic_v1,FluxV augmented v1 (exploratory),0.546875,0.7296597483373015,0.28696015574716643,-0.28696015574716643,1.2068034229447977,0.47461093885689537,-0.47461093885689537
15.0,fluxv_periodic_v1,FluxV augmented v1 (exploratory),0.5546875,0.7254424015553043,0.28702219027122494,-0.28702219027122494,1.199828242329645,0.4747135393856283,-0.4747135393856283
15.0,fluxv_periodic_v1,FluxV augmented v1 (exploratory),0.5625,0.7199127629595112,0.2862129561342657,-0.2862129561342657,1.1906826278151303,0.47337512579124874,-0.47337512579124874
15.0,fluxv_periodic_v1,FluxV augmented v1 (exploratory),0.5703125,0.7130603629104231,0.2844665744092727,-0.2844665744092727,1.1793492633894913,0.4704867391859957,-0.4704867391859957
15.0,fluxv_periodic_v1,FluxV augmented v1 (exploratory),0.578125,0.7044498417198501,0.2813473468078801,-0.2813473468078801,1.1651080962293172,0.4653277667267333,-0.4653277667267333
15.0,fluxv_periodic_v1,FluxV augmented v1 (exploratory),0.5859375,0.6944802380951329,0.2770588143422877,-0.2770588143422877,1.148619106933789,0.4582348502397266,-0.4582348502397266
15.0,fluxv_periodic_v1,FluxV augmented v1 (exploratory),0.59375,0.6832626482028901,0.27163033851102153,-0.27163033851102153,1.130066040370918,0.449256551478594,-0.449256551478594
15.0,fluxv_periodic_v1,FluxV augmented v1 (exploratory),0.6015625,0.6708412157334751,0.26504359816294215,-0.26504359816294215,1.1095219069496536,0.4383625686102445,-0.4383625686102445
15.0,fluxv_periodic_v1,FluxV augmented v1 (exploratory),0.609375,0.6571525564328375,0.25716345293908016,-0.25716345293908016,1.0868818737873776,0.4253293894453954,-0.4253293894453954
15.0,fluxv_periodic_v1,FluxV augmented v1 (exploratory),0.6171875,0.642152252340167,0.2478491372287962,-0.2478491372287962,1.0620724768520278,0.4099241980432749,-0.4099241980432749
15.0,fluxv_periodic_v1,FluxV augmented v1 (exploratory),0.625,0.6262462355844056,0.23749980687878233,-0.23749980687878233,1.0357650979538338,0.3928071687429145,-0.3928071687429145
15.0,fluxv_periodic_v1,FluxV augmented v1 (exploratory),0.6328125,0.6095250873695256,0.22620512536142282,-0.22620512536142282,1.0081095517252425,0.3741265983163822,-0.3741265983163822
15.0,fluxv_periodic_v1,FluxV augmented v1 (exploratory),0.640625,0.5920817581890002,0.21406750680601186,-0.21406750680601186,0.9792595714288377,0.3540518721821169,-0.3540518721821169
15.0,fluxv_periodic_v1,FluxV augmented v1 (exploratory),0.6484375,0.5738942069009063,0.201094793863823,-0.201094793863823,0.949178702641062,0.33259596150705434,-0.33259596150705434
15.0,fluxv_periodic_v1,FluxV augmented v1 (exploratory),0.65625,0.5552302706861503,0.1876822237059334,-0.1876822237059334,0.9183099283104011,0.3104125594296988,-0.3104125594296988
15.0,fluxv_periodic_v1,FluxV augmented v1 (exploratory),0.6640625,0.5362392950728385,0.17407887622741425,-0.17407887622741425,0.8869002549284849,0.2879136257308161,-0.2879136257308161
15.0,fluxv_periodic_v1,FluxV augmented v1 (exploratory),0.671875,0.5170005707309273,0.16045900952294345,-0.16045900952294345,0.8550808234169949,0.2653873704502396,-0.2653873704502396
15.0,fluxv_periodic_v1,FluxV augmented v1 (exploratory),0.6796875,0.4975851426208988,0.14702305460050544,-0.14702305460050544,0.8229691369021321,0.24316529169657555,-0.24316529169657555
15.0,fluxv_periodic_v1,FluxV augmented v1 (exploratory),0.6875,0.4780786630977198,0.13415692522251899,-0.13415692522251899,0.7907068580635125,0.22188566237786053,-0.22188566237786053
15.0,fluxv_periodic_v1,FluxV augmented v1 (exploratory),0.6953125,0.45867004576398424,0.12168043757173372,-0.12168043757173372,0.7586064360704519,0.20125047174605404,-0.20125047174605404
15.0,fluxv_periodic_v1,FluxV augmented v1 (exploratory),0.703125,0.43944674596787714,0.10953841920994449,-0.10953841920994449,0.7268125156204068,0.18116846865645492,-0.18116846865645492
15.0,fluxv_periodic_v1,FluxV augmented v1 (exploratory),0.7109375,0.42051164271256886,0.09760825413446725,-0.09760825413446725,0.6954952509989303,0.1614368552816043,-0.1614368552816043
15.0,fluxv_periodic_v1,FluxV augmented v1 (exploratory),0.71875,0.4021777071279848,0.08544658303832467,-0.08544658303832467,0.6651722733782743,0.1413223480184614,-0.1413223480184614
15.0,fluxv_periodic_v1,FluxV augmented v1 (exploratory),0.7265625,0.38497899043265066,0.07167270556637992,-0.07167270556637992,0.6367268640960942,0.1185413702843284,-0.1185413702843284
15.0,fluxv_periodic_v1,FluxV augmented v1 (exploratory),0.734375,0.3699423019840232,0.05345465281138595,-0.05345465281138595,0.6118572901187593,0.08841005431929824,-0.08841005431929824
15.0,fluxv_periodic_v1,FluxV augmented v1 (exploratory),0.7421875,0.3565032849496282,0.03193556931590281,-0.03193556931590281,0.5896301468577004,0.05281907690803084,-0.05281907690803084
15.0,fluxv_periodic_v1,FluxV augmented v1 (exploratory),0.75,0.34324126355886647,0.01028672814238956,-0.01028672814238956,0.5676957413405965,0.017013489864867296,-0.017013489864867296
15.0,fluxv_periodic_v1,FluxV augmented v1 (exploratory),0.7578125,0.32197687520728036,0.009956308463736371,-0.009956308463736371,0.5325260109176175,0.01646700007957266,-0.01646700007957266
15.0,fluxv_periodic_v1,FluxV augmented v1 (exploratory),0.765625,0.30042746933429665,0.011634095080680997,-0.011634095080680997,0.4968848825297574,0.019241935433912307,-0.019241935433912307
15.0,fluxv_periodic_v1,FluxV augmented v1 (exploratory),0.7734375,0.2792002893041918,0.013678849582098402,-0.013678849582098402,0.4617766919269862,0.022623808611123113,-0.022623808611123113
15.0,fluxv_periodic_v1,FluxV augmented v1 (exploratory),0.78125,0.2586700430709109,0.015053260327493934,-0.015053260327493934,0.42782117843637546,0.02489698264306751,-0.02489698264306751
15.0,fluxv_periodic_v1,FluxV augmented v1 (exploratory),0.7890625,0.238905031064453,0.015674647302904493,-0.015674647302904493,0.3951313059330726,0.02592471088298698,-0.02592471088298698
15.0,fluxv_periodic_v1,FluxV augmented v1 (exploratory),0.796875,0.2198883278603881,0.015571639229288376,-0.015571639229288376,0.3636790810130515,0.02575434312443356,-0.02575434312443356
15.0,fluxv_periodic_v1,FluxV augmented v1 (exploratory),0.8046875,0.20145778000340966,0.01493222151215107,-0.01493222151215107,0.3331963138174742,0.02469679336717857,-0.02469679336717857
15.0,fluxv_periodic_v1,FluxV augmented v1 (exploratory),0.8125,0.18360017167101877,0.013801646910812619,-0.013801646910812619,0.3036611463503843,0.02282690633846587,-0.02282690633846587
15.0,fluxv_periodic_v1,FluxV augmented v1 (exploratory),0.8203125,0.16630519619526285,0.012226871045038222,-0.012226871045038222,0.2750565321429412,0.02022234317115672,-0.02022234317115672
15.0,fluxv_periodic_v1,FluxV augmented v1 (exploratory),0.828125,0.14975334360553721,0.01016089691100621,-0.01016089691100621,0.24768098839549466,0.016805374286211875,-0.016805374286211875
15.0,fluxv_periodic_v1,FluxV augmented v1 (exploratory),0.8359375,0.13379562106689408,0.007790556559312288,-0.007790556559312288,0.2212880919448938,0.012885006119423463,-0.012885006119423463
15.0,fluxv_periodic_v1,FluxV augmented v1 (exploratory),0.84375,0.11841044774049307,0.005182960553889084,-0.005182960553889084,0.19584214967494035,0.008572234595199,-0.008572234595199
15.0,fluxv_periodic_v1,FluxV augmented v1 (exploratory),0.8515625,0.10360828112320421,0.002383305340151151,-0.002383305340151151,0.1713604575143832,0.003941811301734908,-0.003941811301734908
15.0,fluxv_periodic_v1,FluxV augmented v1 (exploratory),0.859375,0.08947011482588334,-0.0005729800139771643,0.0005729800139771643,0.14797697292358689,-0.0009476666949523855,0.0009476666949523855
15.0,fluxv_periodic_v1,FluxV augmented v1 (exploratory),0.8671875,0.07612565518311715,-0.0036281251466552767,0.0036281251466552767,0.12590622061617793,-0.006000651476024212,0.006000651476024212
15.0,fluxv_periodic_v1,FluxV augmented v1 (exploratory),0.875,0.06342473584820041,-0.0067108557865105545,0.0067108557865105545,0.1048998365270863,-0.011099260651974517,0.011099260651974517
15.0,fluxv_periodic_v1,FluxV augmented v1 (exploratory),0.8828125,0.05138286005501337,-0.009790701464726229,0.009790701464726229,0.08498346186203298,-0.016193098314092966,0.016193098314092966
15.0,fluxv_periodic_v1,FluxV augmented v1 (exploratory),0.890625,0.040015461638214574,-0.012838813074709538,0.012838813074709538,0.06618262304554326,-0.02123445016723806,0.02123445016723806
15.0,fluxv_periodic_v1,FluxV augmented v1 (exploratory),0.8984375,0.02953778086023009,-0.015799337891973568,0.015799337891973568,0.04885331160112276,-0.026130939923358826,0.026130939923358826
15.0,fluxv_periodic_v1,FluxV augmented v1 (exploratory),0.90625,0.01985918387321916,-0.018644822731805812,0.018644822731805812,0.03284562582724808,-0.030837162039176656,0.030837162039176656
15.0,fluxv_periodic_v1,FluxV augmented v1 (exploratory),0.9140625,0.010914636865065917,-0.02136558236101522,0.02136558236101522,0.018052004593889226,-0.035337097853125506,0.035337097853125506
15.0,fluxv_periodic_v1,FluxV augmented v1 (exploratory),0.921875,0.002715851130915826,-0.02394529433167892,0.02394529433167892,0.004491817519694977,-0.03960375123986197,0.03960375123986197
15.0,fluxv_periodic_v1,FluxV augmented v1 (exploratory),0.9296875,-0.004683095941892024,-0.026358869092696607,0.026358869092696607,-0.00774549538402332,-0.04359562593182162,0.04359562593182162
15.0,fluxv_periodic_v1,FluxV augmented v1 (exploratory),0.9375,-0.01105157557786393,-0.028535256899484995,0.028535256899484995,-0.018278491127804348,-0.047195210890252685,0.047195210890252685
15.0,fluxv_periodic_v1,FluxV augmented v1 (exploratory),0.9453125,-0.016635730433095353,-0.030517476532704084,0.030517476532704084,-0.027514271515722704,-0.05047365600641572,0.05047365600641572
15.0,fluxv_periodic_v1,FluxV augmented v1 (exploratory),0.953125,-0.021429777398732433,-0.03229642112576572,0.03229642112576572,-0.03544327171214643,-0.05341589919446055,0.05341589919446055
15.0,fluxv_periodic_v1,FluxV augmented v1 (exploratory),0.9609375,-0.025428580881603435,-0.03386345225462207,0.03386345225462207,-0.042056997824637815,-0.05600765313795845,0.05600765313795845
15.0,fluxv_periodic_v1,FluxV augmented v1 (exploratory),0.96875,-0.028449009133055956,-0.035158528885238856,0.035158528885238856,-0.04705256344398052,-0.05814961439368838,0.05814961439368838
15.0,fluxv_periodic_v1,FluxV augmented v1 (exploratory),0.9765625,-0.030531432363229076,-0.03618084419646587,0.03618084419646587,-0.05049673792108345,-0.05984044853895812,0.05984044853895812
15.0,fluxv_periodic_v1,FluxV augmented v1 (exploratory),0.984375,-0.03180918282415334,-0.03696136036467498,0.03696136036467498,-0.052610042969671485,-0.061131364730518535,0.061131364730518535
15.0,fluxv_periodic_v1,FluxV augmented v1 (exploratory),0.9921875,-0.03228266939608159,-0.03749403059896193,0.03749403059896193,-0.05339315484753441,-0.06201236202206865,0.06201236202206865
20.0,fluxv_periodic_v1,FluxV augmented v1 (exploratory),0.0,0.11431502651275421,0.008611192885887636,-0.008611192885887636,0.18906862493646004,0.01424227809469784,-0.01424227809469784
20.0,fluxv_periodic_v1,FluxV augmented v1 (exploratory),0.0078125,0.11475244028031763,0.008875413228626594,-0.008875413228626594,0.18979207505569928,0.014679279059538813,-0.014679279059538813
20.0,fluxv_periodic_v1,FluxV augmented v1 (exploratory),0.015625,0.11585684379812612,0.009389534206306331,-0.009389534206306331,0.19161867704195473,0.015529597248373344,-0.015529597248373344
20.0,fluxv_periodic_v1,FluxV augmented v1 (exploratory),0.0234375,0.11762718150822128,0.010158971208644745,-0.010158971208644745,0.19454668508019377,0.016802189316495943,-0.016802189316495943
20.0,fluxv_periodic_v1,FluxV augmented v1 (exploratory),0.03125,0.12006241678934974,0.011189050484019112,-0.011189050484019112,0.19857438467529767,0.018505864485996497,-0.018505864485996497
20.0,fluxv_periodic_v1,FluxV augmented v1 (exploratory),0.0390625,0.1232718758845938,0.012530889450678573,-0.012530889450678573,0.2038825933722524,0.020725167197562233,-0.020725167197562233
20.0,fluxv_periodic_v1,FluxV augmented v1 (exploratory),0.046875,0.1272896973827298,0.014208440781195899,-0.014208440781195899,0.21052777387971583,0.023499713405499757,-0.023499713405499757
20.0,fluxv_periodic_v1,FluxV augmented v1 (exploratory),0.0546875,0.13196666562627032,0.01616561920700727,-0.01616561920700727,0.21826313450248608,0.026736742211001335,-0.026736742211001335
20.0,fluxv_periodic_v1,FluxV augmented v1 (exploratory),0.0625,0.137300923858727,0.018405046092768308,-0.018405046092768308,0.22708560430223768,0.030440589157923387,-0.030440589157923387
20.0,fluxv_periodic_v1,FluxV augmented v1 (exploratory),0.0703125,0.14329050305706975,0.020928779980110918,-0.020928779980110918,0.23699192666006297,0.03461465892234038,-0.03461465892234038
20.0,fluxv_periodic_v1,FluxV augmented v1 (exploratory),0.078125,0.150149123295935,0.0238320470919067,-0.0238320470919067,0.24833557882095317,0.03941644865546206,-0.03941644865546206
20.0,fluxv_periodic_v1,FluxV augmented v1 (exploratory),0.0859375,0.15769097013974348,0.027031283883216635,-0.027031283883216635,0.2608092374093205,0.04470775041544211,-0.04470775041544211
20.0,fluxv_periodic_v1,FluxV augmented v1 (exploratory),0.09375,0.16587637334715405,0.030503928597154173,-0.030503928597154173,0.27434729077103615,0.050451248719961005,-0.050451248719961005
20.0,fluxv_periodic_v1,FluxV augmented v1 (exploratory),0.1015625,0.17470152728636645,0.03424133924121871,-0.03424133924121871,0.28894344467170735,0.0566326503506323,-0.0566326503506323
20.0,fluxv_periodic_v1,FluxV augmented v1 (exploratory),0.109375,0.18423188158043294,0.038258057081459365,-0.038258057081459365,0.3047059479619935,0.06327600548931407,-0.06327600548931407
20.0,fluxv_periodic_v1,FluxV augmented v1 (exploratory),0.1171875,0.19456172781054715,0.04255944266311949,-0.04255944266311949,0.321790751964684,0.07039018008258384,-0.07039018008258384
20.0,fluxv_periodic_v1,FluxV augmented v1 (exploratory),0.125,0.2055069741380971,0.04704751843511933,-0.04704751843511933,0.3398933823525606,0.07781312648524226,-0.07781312648524226
20.0,fluxv_periodic_v1,FluxV augmented v1 (exploratory),0.1328125,0.2170589166481324,0.05169064228003262,-0.05169064228003262,0.3589994434920708,0.08549251096816936,-0.08549251096816936
20.0,fluxv_periodic_v1,FluxV augmented v1 (exploratory),0.140625,0.22920804921749205,0.056454030640262255,-0.056454030640262255,0.3790932129564317,0.09337080409183386,-0.09337080409183386
20.0,fluxv_periodic_v1,FluxV augmented v1 (exploratory),0.1484375,0.24209891025606473,0.06129285866121985,-0.06129285866121985,0.4004137466181896,0.10137386885186687,-0.10137386885186687
20.0,fluxv_periodic_v1,FluxV augmented v1 (exploratory),0.15625,0.2556087969444103,0.06610473182965515,-0.06610473182965515,0.42275810306137257,0.10933235227331983,-0.10933235227331983
20.0,fluxv_periodic_v1,FluxV augmented v1 (exploratory),0.1640625,0.2696485161764336,0.07083793597019228,-0.07083793597019228,0.4459787634650725,0.11716072292321922,-0.11716072292321922
20.0,fluxv_periodic_v1,FluxV augmented v1 (exploratory),0.171875,0.2841796431801511,0.07547346697106026,-0.07547346697106026,0.47001217608964463,0.1248275494019469,-0.1248275494019469
20.0,fluxv_periodic_v1,FluxV augmented v1 (exploratory),0.1796875,0.2991705184106254,0.08000995753947616,-0.08000995753947616,0.49480597838215074,0.13233057030805603,-0.13233057030805603
20.0,fluxv_periodic_v1,FluxV augmented v1 (exploratory),0.1875,0.31463126999854824,0.08441621607530521,-0.08441621607530521,0.5203769215239661,0.13961819703480827,-0.13961819703480827
20.0,fluxv_periodic_v1,FluxV augmented v1 (exploratory),0.1953125,0.3302988643682407,0.08886758296753196,-0.08886758296753196,0.5462899673754621,0.1469804296570182,-0.1469804296570182
20.0,fluxv_periodic_v1,FluxV augmented v1 (exploratory),0.203125,0.3460257191335266,0.09357952928886659,-0.09357952928886659,0.5723010255517577,0.15477364144138284,-0.15477364144138284
20.0,fluxv_periodic_v1,FluxV augmented v1 (exploratory),0.2109375,0.36161565711121324,0.09887755379363643,-0.09887755379363643,0.5980856334568002,0.1635361833272017,-0.1635361833272017
20.0,fluxv_periodic_v1,FluxV augmented v1 (exploratory),0.21875,0.37651904399017866,0.10586870259885146,-0.10586870259885146,0.6227347364667855,0.17509902796495985,-0.17509902796495985
20.0,fluxv_periodic_v1,FluxV augmented v1 (exploratory),0.2265625,0.3891960831776027,0.11774365311507139,-0.11774365311507139,0.6437016245527053,0.1947393205299947,-0.1947393205299947
20.0,fluxv_periodic_v1,FluxV augmented v1 (exploratory),0.234375,0.3988163103021894,0.1360506400374532,-0.1360506400374532,0.6596127708779795,0.22501772705040354,-0.22501772705040354
20.0,fluxv_periodic_v1,FluxV augmented v1 (exploratory),0.2421875,0.4066036121777347,0.15791139763080514,-0.15791139763080514,0.6724923939904337,0.2611738082265137,-0.2611738082265137
20.0,fluxv_periodic_v1,FluxV augmented v1 (exploratory),0.25,0.4149968988772111,0.17779456434420976,-0.17779456434420976,0.6863742713199239,0.2940590999030754,-0.2940590999030754
20.0,fluxv_periodic_v1,FluxV augmented v1 (exploratory),0.2578125,0.42866821291440643,0.18578519546610273,-0.18578519546610273,0.7089856166954039,0.30727501459668943,-0.30727501459668943
20.0,fluxv_periodic_v1,FluxV augmented v1 (exploratory),0.265625,0.44228693117418205,0.19359390769337004,-0.19359390769337004,0.7315099725331341,0.3201900488522187,-0.3201900488522187
20.0,fluxv_periodic_v1,FluxV augmented v1 (exploratory),0.2734375,0.4558280588865935,0.2012919848285471,-0.2012919848285471,0.7539059993265932,0.3329221008230096,-0.3329221008230096
20.0,fluxv_periodic_v1,FluxV augmented v1 (exploratory),0.28125,0.4692783411477008,0.2089269195848676,-0.2089269195848676,0.7761517744420028,0.3455497199549183,-0.3455497199549183
20.0,fluxv_periodic_v1,FluxV augmented v1 (exploratory),0.2890625,0.4826334613888562,0.21649688693072927,-0.21649688693072927,0.7982401585930979,0.3580698877802416,-0.3580698877802416
20.0,fluxv_periodic_v1,FluxV augmented v1 (exploratory),0.296875,0.49590122731631125,0.22401000644465485,-0.22401000644465485,0.8201840651503244,0.3704960334831664,-0.3704960334831664
20.0,fluxv_periodic_v1,FluxV augmented v1 (exploratory),0.3046875,0.509102205578154,0.23148325947582482,-0.23148325947582482,0.8420175098331565,0.38285624296313264,-0.38285624296313264
20.0,fluxv_periodic_v1,FluxV augmented v1 (exploratory),0.3125,0.5222371789620212,0.23892097696597847,-0.23892097696597847,0.8637417873146273,0.3951576792784391,-0.3951576792784391
20.0,fluxv_periodic_v1,FluxV augmented v1 (exploratory),0.3203125,0.535305583779133,0.24632724026803543,-0.24632724026803543,0.8853559652950581,0.4074070926858798,-0.4074070926858798
20.0,fluxv_periodic_v1,FluxV augmented v1 (exploratory),0.328125,0.5482768175035656,0.2536990224547139,-0.2536990224547139,0.9068094294530208,0.41959947687091853,-0.41959947687091853
20.0,fluxv_periodic_v1,FluxV augmented v1 (exploratory),0.3359375,0.5611571804036013,0.26104918287994733,-0.26104918287994733,0.9281125999677092,0.43175610025678834,-0.43175610025678834
20.0,fluxv_periodic_v1,FluxV augmented v1 (exploratory),0.34375,0.5739387902867925,0.26838237258510633,-0.26838237258510633,0.9492524402740019,0.4438846553229758,-0.4438846553229758
20.0,fluxv_periodic_v1,FluxV augmented v1 (exploratory),0.3515625,0.5866085930846697,0.2757017913714285,-0.2757017913714285,0.97020735990518,0.45599043430479336,-0.45599043430479336
20.0,fluxv_periodic_v1,FluxV augmented v1 (exploratory),0.359375,0.5991347477317751,0.28301007859583605,-0.28301007859583605,0.9909246960867486,0.46807780250397996,-0.46807780250397996
20.0,fluxv_periodic_v1,FluxV augmented v1 (exploratory),0.3671875,0.6114584377261247,0.29031178339547603,-0.29031178339547603,1.0113071706612082,0.4801542838579501,-0.4801542838579501
20.0,fluxv_periodic_v1,FluxV augmented v1 (exploratory),0.375,0.6235940781261957,0.2976121658392044,-0.2976121658392044,1.0313786250723989,0.49222857813274523,-0.49222857813274523
20.0,fluxv_periodic_v1,FluxV augmented v1 (exploratory),0.3828125,0.6355194188557307,0.30491328041068255,-0.30491328041068255,1.0511022593347796,0.5043040832928557,-0.5043040832928557
20.0,fluxv_periodic_v1,FluxV augmented v1 (exploratory),0.390625,0.6472113361143437,0.3122168281620005,-0.3122168281620005,1.0704398283875252,0.5163836127530128,-0.5163836127530128
20.0,fluxv_periodic_v1,FluxV augmented v1 (exploratory),0.3984375,0.658558237706853,0.31952476486815196,-0.31952476486815196,1.089206766967955,0.528470401220849,-0.528470401220849
20.0,fluxv_periodic_v1,FluxV augmented v1 (exploratory),0.40625,0.6695554053972458,0.32683476711621606,-0.32683476711621606,1.1073952714615987,0.5405606059427077,-0.5405606059427077
20.0,fluxv_periodic_v1,FluxV augmented v1 (exploratory),0.4140625,0.6802028035678748,0.33414275417449,-0.33414275417449,1.1250052829594939,0.5526474776892418,-0.5526474776892418
20.0,fluxv_periodic_v1,FluxV augmented v1 (exploratory),0.421875,0.6904695519532027,0.34144384284266116,-0.34144384284266116,1.1419857277793708,0.5647229400071924,-0.5647229400071924
20.0,fluxv_periodic_v1,FluxV augmented v1 (exploratory),0.4296875,0.7002977377887376,0.3487304865980854,-0.3487304865980854,1.158240822478905,0.5767745115045423,-0.5767745115045423
20.0,fluxv_periodic_v1,FluxV augmented v1 (exploratory),0.4375,0.7094973656459742,0.35597730365517727,-0.35597730365517727,1.1734563286284907,0.5887602125794361,-0.5887602125794361
20.0,fluxv_periodic_v1,FluxV augmented v1 (exploratory),0.4453125,0.7181693759780085,0.3631721523446638,-0.3631721523446638,1.1877991942947954,0.6006599618061517,-0.6006599618061517
20.0,fluxv_periodic_v1,FluxV augmented v1 (exploratory),0.453125,0.7262755753295027,0.3702959750052912,-0.3702959750052912,1.2012062503188505,0.6124422392181745,-0.6124422392181745
20.0,fluxv_periodic_v1,FluxV augmented v1 (exploratory),0.4609375,0.7337771341429358,0.3773275940178144,-0.3773275940178144,1.2136132754755786,0.6240720185947861,-0.6240720185947861
20.0,fluxv_periodic_v1,FluxV augmented v1 (exploratory),0.46875,0.7404729578574629,0.38420391660745296,-0.38420391660745296,1.2246876741888688,0.6354449491385884,-0.6354449491385884
20.0,fluxv_periodic_v1,FluxV augmented v1 (exploratory),0.4765625,0.7463209830698257,0.39087010714360887,-0.39087010714360887,1.2343598766912391,0.6464703367598285,-0.6464703367598285
20.0,fluxv_periodic_v1,FluxV augmented v1 (exploratory),0.484375,0.7513892422360297,0.39730522701542687,-0.39730522701542687,1.2427424036486103,0.6571135505400411,-0.6571135505400411
20.0,fluxv_periodic_v1,FluxV augmented v1 (exploratory),0.4921875,0.7556362462414802,0.4034639722824707,-0.4034639722824707,1.2497666351246062,0.6672996611021901,-0.6672996611021901
20.0,fluxv_periodic_v1,FluxV augmented v1 (exploratory),0.5,0.759020630468267,0.4092980299049539,-0.4092980299049539,1.2553641570911853,0.6769487622407871,-0.6769487622407871
20.0,fluxv_periodic_v1,FluxV augmented v1 (exploratory),0.5078125,0.7611162407348786,0.4145515424960188,-0.4145515424960188,1.2588301419542232,0.6856376847033839,-0.6856376847033839
20.0,fluxv_periodic_v1,FluxV augmented v1 (exploratory),0.515625,0.7622233631510591,0.41927940076615716,-0.41927940076615716,1.2606612407979105,0.6934572136778167,-0.6934572136778167
20.0,fluxv_periodic_v1,FluxV augmented v1 (exploratory),0.5234375,0.7623094526383367,0.42340742729975134,-0.42340742729975134,1.2608036264621367,0.7002846651880589,-0.7002846651880589
20.0,fluxv_periodic_v1,FluxV augmented v1 (exploratory),0.53125,0.7613442597362767,0.42685879034392177,-0.42685879034392177,1.2592072685697597,0.7059929651799677,-0.7059929651799677
20.0,fluxv_periodic_v1,FluxV augmented v1 (exploratory),0.5390625,0.7591136199765183,0.4293997318834231,-0.4293997318834231,1.2555179548813353,0.7101954951322645,-0.7101954951322645
20.0,fluxv_periodic_v1,FluxV augmented v1 (exploratory),0.546875,0.75552137617926,0.4308132316089311,-0.4308132316089311,1.2495766485115345,0.7125333194551241,-0.7125333194551241
20.0,fluxv_periodic_v1,FluxV augmented v1 (exploratory),0.5546875,0.750804712826254,0.43118265137785056,-0.43118265137785056,1.2417756351045917,0.7131443125140826,-0.7131443125140826
20.0,fluxv_periodic_v1,FluxV augmented v1 (exploratory),0.5625,0.744964963963637,0.43042014377266313,-0.43042014377266313,1.2321171210744517,0.7118831811579148,-0.7118831811579148
20.0,fluxv_periodic_v1,FluxV augmented v1 (exploratory),0.5703125,0.738008081615473,0.4284390327920978,-0.4284390327920978,1.2206109506300498,0.7086065696714956,-0.7086065696714956
20.0,fluxv_periodic_v1,FluxV augmented v1 (exploratory),0.578125,0.7295999831555157,0.4246682485864269,-0.4246682485864269,1.2067045757408557,0.702369970630697,-0.702369970630697
20.0,fluxv_periodic_v1,FluxV augmented v1 (exploratory),0.5859375,0.7201009622549379,0.4193667036942895,-0.4193667036942895,1.1909938955730603,0.6936016062837448,-0.6936016062837448
20.0,fluxv_periodic_v1,FluxV augmented v1 (exploratory),0.59375,0.7096216526137995,0.412566676431089,-0.412566676431089,1.173661890109086,0.6823548625843037,-0.6823548625843037
20.0,fluxv_periodic_v1,FluxV augmented v1 (exploratory),0.6015625,0.6982174036646644,0.40423742044886196,-0.40423742044886196,1.154800103229253,0.6685788873398965,-0.6685788873398965
20.0,fluxv_periodic_v1,FluxV augmented v1 (exploratory),0.609375,0.6858684741247723,0.3941899480485669,-0.3941899480485669,1.1343758843074812,0.6519611088311466,-0.6519611088311466
20.0,fluxv_periodic_v1,FluxV augmented v1 (exploratory),0.6171875,0.6725913096177096,0.38221412462747345,-0.38221412462747345,1.1124164331925794,0.6321539799192238,-0.6321539799192238
20.0,fluxv_periodic_v1,FluxV augmented v1 (exploratory),0.625,0.6587107633979,0.36882508586673385,-0.36882508586673385,1.0894590332146021,0.610009497037688,-0.610009497037688
20.0,fluxv_periodic_v1,FluxV augmented v1 (exploratory),0.6328125,0.6443148723766962,0.35412646768107087,-0.35412646768107087,1.065649290933604,0.5856990663479896,-0.5856990663479896
20.0,fluxv_periodic_v1,FluxV augmented v1 (exploratory),0.640625,0.6294921573366776,0.3382383793334033,-0.3382383793334033,1.0411336131969715,0.5594213397148479,-0.5594213397148479
20.0,fluxv_periodic_v1,FluxV augmented v1 (exploratory),0.6484375,0.6142862495127044,0.3211213825359813,-0.3211213825359813,1.015984162850053,0.5311110891182714,-0.5311110891182714
20.0,fluxv_periodic_v1,FluxV augmented v1 (exploratory),0.65625,0.598892134241302,0.30328886006107714,-0.30328886006107714,0.9905234312623936,0.5016174118097814,-0.5016174118097814
20.0,fluxv_periodic_v1,FluxV augmented v1 (exploratory),0.6640625,0.5834077263935782,0.2850716064037712,-0.2850716064037712,0.9649133624111403,0.4714874174934065,-0.4714874174934065
20.0,fluxv_periodic_v1,FluxV augmented v1 (exploratory),0.671875,0.5678908434605436,0.26669329546121706,-0.26669329546121706,0.9392495821633043,0.44109104630264506,-0.44109104630264506
20.0,fluxv_periodic_v1,FluxV augmented v1 (exploratory),0.6796875,0.5523975186919476,0.2484066844739805,-0.2484066844739805,0.9136247653824098,0.41084634007656523,-0.41084634007656523
20.0,fluxv_periodic_v1,FluxV augmented v1 (exploratory),0.6875,0.5370030098488769,0.23070541065394207,-0.23070541065394207,0.8881633828562305,0.38156973836572167,-0.38156973836572167
20.0,fluxv_periodic_v1,FluxV augmented v1 (exploratory),0.6953125,0.521704020437023,0.21372673749997984,-0.21372673749997984,0.8628599824262446,0.3534882648762582,-0.3534882648762582
20.0,fluxv_periodic_v1,FluxV augmented v1 (exploratory),0.703125,0.5065012526518127,0.19761109944654745,-0.19761109944654745,0.837715725471912,0.32683418780795426,-0.32683418780795426
20.0,fluxv_periodic_v1,FluxV augmented v1 (exploratory),0.7109375,0.49139151776949913,0.18247929092662746,-0.18247929092662746,0.8127253380792734,0.3018072922462944,-0.3018072922462944
20.0,fluxv_periodic_v1,FluxV augmented v1 (exploratory),0.71875,0.4763787265694778,0.16868311811536016,-0.16868311811536016,0.7878952883890907,0.2789894396648487,-0.2789894396648487
20.0,fluxv_periodic_v1,FluxV augmented v1 (exploratory),0.7265625,0.4614319826749971,0.156206122912561,-0.156206122912561,0.7631744760723338,0.2583534095794351,-0.2583534095794351
20.0,fluxv_periodic_v1,FluxV augmented v1 (exploratory),0.734375,0.4465258880399896,0.14482654818709242,-0.14482654818709242,0.738520894633509,0.23953243204621472,-0.23953243204621472
20.0,fluxv_periodic_v1,FluxV augmented v1 (exploratory),0.7421875,0.43165113383094206,0.13449509102890814,-0.13449509102890814,0.7139191479483638,0.22244496368727668,-0.22244496368727668
20.0,fluxv_periodic_v1,FluxV augmented v1 (exploratory),0.75,0.4168002588149353,0.12514922788784485,-0.12514922788784485,0.6893568956877971,0.20698759516076864,-0.20698759516076864
20.0,fluxv_periodic_v1,FluxV augmented v1 (exploratory),0.7578125,0.40457423140488163,0.11185529223912133,-0.11185529223912133,0.6691359478267002,0.185000405814165,-0.185000405814165
20.0,fluxv_periodic_v1,FluxV augmented v1 (exploratory),0.765625,0.39725622909325514,0.08918034852050355,-0.08918034852050355,0.6570325115895868,0.14749772082014656,-0.14749772082014656
20.0,fluxv_periodic_v1,FluxV augmented v1 (exploratory),0.7734375,0.3891526615576347,0.0685149668535142,-0.0685149668535142,0.6436298083949323,0.11331870328627161,-0.11331870328627161
20.0,fluxv_periodic_v1,FluxV augmented v1 (exploratory),0.78125,0.37698907226738837,0.056502663270726325,-0.056502663270726325,0.6235121285801781,0.09345123887673817,-0.09345123887673817
20.0,fluxv_periodic_v1,FluxV augmented v1 (exploratory),0.7890625,0.3615128016162902,0.05211508404279736,-0.05211508404279736,0.5979155180521548,0.08619450634795071,-0.08619450634795071
20.0,fluxv_periodic_v1,FluxV augmented v1 (exploratory),0.796875,0.3453964433077417,0.04998645027818966,-0.04998645027818966,0.5712602497349963,0.08267390305418516,-0.08267390305418516
20.0,fluxv_periodic_v1,FluxV augmented v1 (exploratory),0.8046875,0.32929933854963883,0.04858065041528703,-0.04858065041528703,0.5446368253706316,0.08034881373633236,-0.08034881373633236
20.0,fluxv_periodic_v1,FluxV augmented v1 (exploratory),0.8125,0.3134323956671291,0.047461899412948046,-0.047461899412948046,0.5183940717777191,0.07849848206856236,-0.07849848206856236
20.0,fluxv_periodic_v1,FluxV augmented v1 (exploratory),0.8203125,0.29792955528684933,0.0463556768332805,-0.0463556768332805,0.4927535168767246,0.07666887148811892,-0.07666887148811892
20.0,fluxv_periodic_v1,FluxV augmented v1 (exploratory),0.828125,0.2830492191590801,0.045013704564284156,-0.045013704564284156,0.4681425381095914,0.0744493483043169,-0.0744493483043169
20.0,fluxv_periodic_v1,FluxV augmented v1 (exploratory),0.8359375,0.26869601611844457,0.04346180344918228,-0.04346180344918228,0.44440339860089345,0.07188261828797095,-0.07188261828797095
20.0,fluxv_periodic_v1,FluxV augmented v1 (exploratory),0.84375,0.25487258178864736,0.04169042372208893,-0.04169042372208893,0.4215404574779028,0.06895288683044908,-0.06895288683044908
20.0,fluxv_periodic_v1,FluxV augmented v1 (exploratory),0.8515625,0.2415955984117056,0.03970600092354796,-0.03970600092354796,0.3995813059388657,0.06567079784129207,-0.06567079784129207
20.0,fluxv_periodic_v1,FluxV augmented v1 (exploratory),0.859375,0.2289300944465252,0.03753320877194755,-0.03753320877194755,0.3786334962599976,0.06207715983141952,-0.06207715983141952
20.0,fluxv_periodic_v1,FluxV augmented v1 (exploratory),0.8671875,0.21697782090891274,0.03522146876212863,-0.03522146876212863,0.3588653171189229,0.05825371230924887,-0.05825371230924887
20.0,fluxv_periodic_v1,FluxV augmented v1 (exploratory),0.875,0.2055937585134837,0.032849457815350716,-0.032849457815350716,0.3400369173104822,0.05433058110137136,-0.05433058110137136
20.0,fluxv_periodic_v1,FluxV augmented v1 (exploratory),0.8828125,0.19478562219764337,0.030447188089658822,-0.030447188089658822,0.3221610567722899,0.05035740410427397,-0.05035740410427397
20.0,fluxv_periodic_v1,FluxV augmented v1 (exploratory),0.890625,0.18456135708596755,0.028043219036687682,-0.028043219036687682,0.30525087615456775,0.046381416545155076,-0.046381416545155076
20.0,fluxv_periodic_v1,FluxV augmented v1 (exploratory),0.8984375,0.1750983197914647,0.025684163727658915,-0.025684163727658915,0.28959971021800146,0.04247971300684236,-0.04247971300684236
20.0,fluxv_periodic_v1,FluxV augmented v1 (exploratory),0.90625,0.16631162016523388,0.02340357924852996,-0.02340357924852996,0.2750671569156076,0.038707794435207894,-0.038707794435207894
20.0,fluxv_periodic_v1,FluxV augmented v1 (exploratory),0.9140625,0.15814231792956762,0.021215384198134478,-0.021215384198134478,0.26155573337396637,0.03508868116644718,-0.03508868116644718
20.0,fluxv_periodic_v1,FluxV augmented v1 (exploratory),0.921875,0.15059735606454935,0.019136457542727307,-0.019136457542727307,0.24907692277020138,0.031650289766190325,-0.031650289766190325
20.0,fluxv_periodic_v1,FluxV augmented v1 (exploratory),0.9296875,0.14371901873277224,0.017190830132386422,-0.017190830132386422,0.23770065999145704,0.028432365488573207,-0.028432365488573207
20.0,fluxv_periodic_v1,FluxV augmented v1 (exploratory),0.9375,0.13769520768227209,0.015442415054528114,-0.015442415054528114,0.22773772067421824,0.025540615867608352,-0.025540615867608352
20.0,fluxv_periodic_v1,FluxV augmented v1 (exploratory),0.9453125,0.13231969163580357,0.013859309642010341,-0.013859309642010341,0.21884701349219884,0.022922276244157293,-0.022922276244157293
20.0,fluxv_periodic_v1,FluxV augmented v1 (exploratory),0.953125,0.12759641375637992,0.012451349753406556,-0.012451349753406556,0.21103506014627726,0.02059361440306234,-0.02059361440306234
20.0,fluxv_periodic_v1,FluxV augmented v1 (exploratory),0.9609375,0.12352898918774735,0.011227897346652138,-0.011227897346652138,0.20430783981765024,0.018570114332453053,-0.018570114332453053
20.0,fluxv_periodic_v1,FluxV augmented v1 (exploratory),0.96875,0.12026810615821266,0.010244083671044787,-0.010244083671044787,0.1989145797250764,0.01694295905361477,-0.01694295905361477
20.0,fluxv_periodic_v1,FluxV augmented v1 (exploratory),0.9765625,0.11778118373533847,0.00950345719100449,-0.00950345719100449,0.19480139340862992,0.015718017465055314,-0.015718017465055314
20.0,fluxv_periodic_v1,FluxV augmented v1 (exploratory),0.984375,0.11595942363039398,0.008980060049912208,-0.008980060049912208,0.19178833652089414,0.014852357185905999,-0.014852357185905999
20.0,fluxv_periodic_v1,FluxV augmented v1 (exploratory),0.9921875,0.11480379484361755,0.008680494684078211,-0.008680494684078211,0.18987701171681484,0.01435689815899931,-0.01435689815899931
25.0,fluxv_periodic_v1,FluxV augmented v1 (exploratory),0.0,0.25612356952364607,0.0661758458050754,-0.0661758458050754,0.4236094989511355,0.10944996954513994,-0.10944996954513994
25.0,fluxv_periodic_v1,FluxV augmented v1 (exploratory),0.0078125,0.25554821563514873,0.06659156198283969,-0.06659156198283969,0.42265790604276227,0.1101375334507037,-0.1101375334507037
25.0,fluxv_periodic_v1,FluxV augmented v1 (exploratory),0.015625,0.2555031172968035,0.06724571326327422,-0.06724571326327422,0.4225833167164246,0.11121945143528626,-0.11121945143528626
25.0,fluxv_periodic_v1,FluxV augmented v1 (exploratory),0.0234375,0.2559909129052727,0.06814456287340721,-0.06814456287340721,0.42339009468566235,0.11270608241457888,-0.11270608241457888
25.0,fluxv_periodic_v1,FluxV augmented v1 (exploratory),0.03125,0.2570144695651033,0.06929446112448616,-0.06929446112448616,0.4250829819299927,0.11460792933515043,-0.11460792933515043
25.0,fluxv_periodic_v1,FluxV augmented v1 (exploratory),0.0390625,0.2586679322946697,0.07074690499372721,-0.07074690499372721,0.42781768736810877,0.11701016440023314,-0.11701016440023314
25.0,fluxv_periodic_v1,FluxV augmented v1 (exploratory),0.046875,0.26098818554362996,0.0725289519962172,-0.0725289519962172,0.43165521516010313,0.1199575387447191,-0.1199575387447191
25.0,fluxv_periodic_v1,FluxV augmented v1 (exploratory),0.0546875,0.2638590756413692,0.07458866115996515,-0.07458866115996515,0.43640345569926525,0.12336414583075606,-0.12336414583075606
25.0,fluxv_periodic_v1,FluxV augmented v1 (exploratory),0.0625,0.26728441270845116,0.07693138938084235,-0.07693138938084235,0.4420687106440718,0.1272388455691292,-0.1272388455691292
25.0,fluxv_periodic_v1,FluxV augmented v1 (exploratory),0.0703125,0.2712674741411189,0.07956307007898722,-0.07956307007898722,0.44865640056625294,0.13159145139925219,-0.13159145139925219
25.0,fluxv_periodic_v1,FluxV augmented v1 (exploratory),0.078125,0.27598929445265574,0.08260799181930692,-0.08260799181930692,0.4564659432023622,0.13662752744317583,-0.13662752744317583
25.0,fluxv_periodic_v1,FluxV augmented v1 (exploratory),0.0859375,0.2812920086168335,0.08600005982500442,-0.08600005982500442,0.465236241439054,0.14223775781351677,-0.14223775781351677
25.0,fluxv_periodic_v1,FluxV augmented v1 (exploratory),0.09375,0.2871445478130815,0.08972703169976835,-0.08972703169976835,0.47491590973793585,0.14840189448945815,-0.14840189448945815
25.0,fluxv_periodic_v1,FluxV augmented v1 (exploratory),0.1015625,0.2935464635710336,0.09379220061036407,-0.09379220061036407,0.4855042063620897,0.15512538412601112,-0.15512538412601112
25.0,fluxv_periodic_v1,FluxV augmented v1 (exploratory),0.109375,0.3005582178141294,0.09823394982288441,-0.09823394982288441,0.4971011308747792,0.16247170981513764,-0.16247170981513764
25.0,fluxv_periodic_v1,FluxV augmented v1 (exploratory),0.1171875,0.30827210091287105,0.10309294571872978,-0.10309294571872978,0.5098593247438675,0.17050813075317492,-0.17050813075317492
25.0,fluxv_periodic_v1,FluxV augmented v1 (exploratory),0.125,0.31650097337187566,0.10831259862650333,-0.10831259862650333,0.5234692730425535,0.17914105179622114,-0.17914105179622114
25.0,fluxv_periodic_v1,FluxV augmented v1 (exploratory),0.1328125,0.32522172515109343,0.11390716808137522,-0.11390716808137522,0.537892753468593,0.18839405716403368,-0.18839405716403368
25.0,fluxv_periodic_v1,FluxV augmented v1 (exploratory),0.140625,0.33441371748643683,0.11988288460866182,-0.11988288460866182,0.5530956310279658,0.19827745168608368,-0.19827745168608368
25.0,fluxv_periodic_v1,FluxV augmented v1 (exploratory),0.1484375,0.3441890255691302,0.12630714090411285,-0.12630714090411285,0.5692632698231936,0.2089026979120014,-0.2089026979120014
25.0,fluxv_periodic_v1,FluxV augmented v1 (exploratory),0.15625,0.3543828191201278,0.13317992703257028,-0.13317992703257028,0.586123052726347,0.22026977940976794,-0.22026977940976794
25.0,fluxv_periodic_v1,FluxV augmented v1 (exploratory),0.1640625,0.3648960596450451,0.1404793947029879,-0.1404793947029879,0.6035111773702285,0.23234256071695703,-0.23234256071695703
25.0,fluxv_periodic_v1,FluxV augmented v1 (exploratory),0.171875,0.37563701372157354,0.14829178000764157,-0.14829178000764157,0.6212759234382209,0.24526366997165225,-0.24526366997165225
25.0,fluxv_periodic_v1,FluxV augmented v1 (exploratory),0.1796875,0.3864711089376868,0.15680895331961242,-0.15680895331961242,0.6391947180834084,0.2593504466235404,-0.2593504466235404
25.0,fluxv_periodic_v1,FluxV augmented v1 (exploratory),0.1875,0.3970684693717345,0.1666517018243275,-0.1666517018243275,0.6567219708544858,0.2756296269041333,-0.2756296269041333
25.0,fluxv_periodic_v1,FluxV augmented v1 (exploratory),0.1953125,0.40701403806882436,0.17817626437191905,-0.17817626437191905,0.6731712081519121,0.2946904036045984,-0.2946904036045984
25.0,fluxv_periodic_v1,FluxV augmented v1 (exploratory),0.203125,0.41580122338214776,0.19217318443086387,-0.19217318443086387,0.6877045647449453,0.31784027733178505,-0.31784027733178505
25.0,fluxv_periodic_v1,FluxV augmented v1 (exploratory),0.2109375,0.423220595985912,0.20888811217743902,-0.20888811217743902,0.6999756599708074,0.3454855353644607,-0.3454855353644607
25.0,fluxv_periodic_v1,FluxV augmented v1 (exploratory),0.21875,0.43002863896151183,0.22675911622801076,-0.22675911622801076,0.7112356610675257,0.3750428583617005,-0.3750428583617005
25.0,fluxv_periodic_v1,FluxV augmented v1 (exploratory),0.2265625,0.4398050470253754,0.2393207211952461,-0.2393207211952461,0.7274051191505028,0.39581882675886665,-0.39581882675886665
25.0,fluxv_periodic_v1,FluxV augmented v1 (exploratory),0.234375,0.45071505025030967,0.24984336656402764,-0.24984336656402764,0.7454494600452716,0.4132225063210418,-0.4132225063210418
25.0,fluxv_periodic_v1,FluxV augmented v1 (exploratory),0.2421875,0.4620559290225347,0.25956019476177483,-0.25956019476177483,0.7642064373250383,0.42929342369853035,-0.42929342369853035
25.0,fluxv_periodic_v1,FluxV augmented v1 (exploratory),0.25,0.4733567931525994,0.269281184994146,-0.269281184994146,0.7828972333371157,0.445371224774403,-0.445371224774403
25.0,fluxv_periodic_v1,FluxV augmented v1 (exploratory),0.2578125,0.48460017572031466,0.2790000941118448,-0.2790000941118448,0.8014929590834183,0.46144558384005674,-0.46144558384005674
25.0,fluxv_periodic_v1,FluxV augmented v1 (exploratory),0.265625,0.4958085875030098,0.2887158903391159,-0.2887158903391159,0.8200308457298371,0.4775147944144692,-0.4775147944144692
25.0,fluxv_periodic_v1,FluxV augmented v1 (exploratory),0.2734375,0.5069880675427136,0.2984283867366305,-0.2984283867366305,0.8385208814066042,0.4935785473137745,-0.4935785473137745
25.0,fluxv_periodic_v1,FluxV augmented v1 (exploratory),0.28125,0.5181444565520541,0.3081372708223195,-0.3081372708223195,0.8569727262217467,0.5096363257156706,-0.5096363257156706
25.0,fluxv_periodic_v1,FluxV augmented v1 (exploratory),0.2890625,0.5292820632433267,0.3178411503347751,-0.3178411503347751,0.8753935064677022,0.5256858269224466,-0.5256858269224466
25.0,fluxv_periodic_v1,FluxV augmented v1 (exploratory),0.296875,0.5404062485590593,0.3275374140675375,-0.3275374140675375,0.8937920887481275,0.5417227321911525,-0.5417227321911525
25.0,fluxv_periodic_v1,FluxV augmented v1 (exploratory),0.3046875,0.5515188277591272,0.33722514858461183,-0.33722514858461183,0.9121714753690101,0.5577455307660045,-0.5577455307660045
25.0,fluxv_periodic_v1,FluxV augmented v1 (exploratory),0.3125,0.5626161792464341,0.34690251083185997,-0.34690251083185997,0.9305256764757878,0.5737511743713539,-0.5737511743713539
25.0,fluxv_periodic_v1,FluxV augmented v1 (exploratory),0.3203125,0.5736930739669158,0.35656761811564114,-0.35656761811564114,0.9488460435985976,0.5897365491707377,-0.5897365491707377
25.0,fluxv_periodic_v1,FluxV augmented v1 (exploratory),0.328125,0.5847232380793081,0.36621290822798286,-0.36621290822798286,0.967089121741267,0.605689147829762,-0.605689147829762
25.0,fluxv_periodic_v1,FluxV augmented v1 (exploratory),0.3359375,0.5956936314943421,0.3758410671197267,-0.3758410671197267,0.9852333435576444,0.6216134127130725,-0.6216134127130725
25.0,fluxv_periodic_v1,FluxV augmented v1 (exploratory),0.34375,0.606589456048281,0.38545314251824386,-0.38545314251824386,1.0032542339760384,0.6375110766844879,-0.6375110766844879
25.0,fluxv_periodic_v1,FluxV augmented v1 (exploratory),0.3515625,0.6173927564443102,0.39504955611196474,-0.39504955611196474,1.0211220962594354,0.6533828371855794,-0.6533828371855794
25.0,fluxv_periodic_v1,FluxV augmented v1 (exploratory),0.359375,0.6280673004595176,0.4046295749008929,-0.4046295749008929,1.0387770049826888,0.6692274818884,-0.6692274818884
25.0,fluxv_periodic_v1,FluxV augmented v1 (exploratory),0.3671875,0.6385478959315776,0.41419390219908214,-0.41419390219908214,1.0561111371161978,0.6850461740225362,-0.6850461740225362
25.0,fluxv_periodic_v1,FluxV augmented v1 (exploratory),0.375,0.648842220556076,0.42374845346710505,-0.42374845346710505,1.0731371910023533,0.7008486973236042,-0.7008486973236042
25.0,fluxv_periodic_v1,FluxV augmented v1 (exploratory),0.3828125,0.6589249921008208,0.43329453382603433,-0.43329453382603433,1.0898133516932724,0.7166372103656262,-0.7166372103656262
25.0,fluxv_periodic_v1,FluxV augmented v1 (exploratory),0.390625,0.6687703379168378,0.44283317955477475,-0.44283317955477475,1.1060968277352483,0.7324134270775016,-0.7324134270775016
25.0,fluxv_periodic_v1,FluxV augmented v1 (exploratory),0.3984375,0.6782622068347484,0.4523627772105291,-0.4523627772105291,1.121795679051057,0.7481746789438095,-0.7481746789438095
25.0,fluxv_periodic_v1,FluxV augmented v1 (exploratory),0.40625,0.6873952764260756,0.4618816022643913,-0.4618816022643913,1.1369011027364426,0.7639181137208959,-0.7639181137208959
25.0,fluxv_periodic_v1,FluxV augmented v1 (exploratory),0.4140625,0.6961705569249618,0.47138577085633854,-0.47138577085633854,1.1514147696441877,0.779637307790656,-0.779637307790656
25.0,fluxv_periodic_v1,FluxV augmented v1 (exploratory),0.421875,0.7045578990137943,0.4808691792436164,-0.4808691792436164,1.1652868150259934,0.795322166012628,-0.795322166012628
25.0,fluxv_periodic_v1,FluxV augmented v1 (exploratory),0.4296875,0.7125004150023448,0.49032181666237384,-0.49032181666237384,1.1784231508367853,0.8109561313215369,-0.8109561313215369
25.0,fluxv_periodic_v1,FluxV augmented v1 (exploratory),0.4375,0.7198118634930784,0.49970925562741053,-0.49970925562741053,1.1905157475373818,0.826482263195341,-0.826482263195341
25.0,fluxv_periodic_v1,FluxV augmented v1 (exploratory),0.4453125,0.7265996593573343,0.5090208320291059,-0.5090208320291059,1.2017422614048396,0.8418829239830363,-0.8418829239830363
25.0,fluxv_periodic_v1,FluxV augmented v1 (exploratory),0.453125,0.7328307111378691,0.5182333226598366,-0.5182333226598366,1.212047961608847,0.8571197042115564,-0.8571197042115564
25.0,fluxv_periodic_v1,FluxV augmented v1 (exploratory),0.4609375,0.7384718275552359,0.5273209113473595,-0.5273209113473595,1.2213779522205277,0.8721499058355431,-0.8721499058355431
25.0,fluxv_periodic_v1,FluxV augmented v1 (exploratory),0.46875,0.7433363764084577,0.5362038580156714,-0.5362038580156714,1.2294235573406234,0.88684164464885,-0.88684164464885
25.0,fluxv_periodic_v1,FluxV augmented v1 (exploratory),0.4765625,0.7473968562710374,0.5448159079454523,-0.5448159079454523,1.2361392916375005,0.901085340230954,-0.901085340230954
25.0,fluxv_periodic_v1,FluxV augmented v1 (exploratory),0.484375,0.7507276297110577,0.5531334717055552,-0.5531334717055552,1.241648145315711,0.9148419774020832,-0.9148419774020832
25.0,fluxv_periodic_v1,FluxV augmented v1 (exploratory),0.4921875,0.7532981766524088,0.5611011532370963,-0.5611011532370963,1.2458996404197398,0.9280199351654227,-0.9280199351654227
25.0,fluxv_periodic_v1,FluxV augmented v1 (exploratory),0.5,0.7550787226381992,0.5686598680645832,-0.5686598680645832,1.2488445321932806,0.9405214921550485,-0.9405214921550485
25.0,fluxv_periodic_v1,FluxV augmented v1 (exploratory),0.5078125,0.7557012940859545,0.5754919037641307,-0.5754919037641307,1.2498742194631225,0.9518211754480943,-0.9518211754480943
25.0,fluxv_periodic_v1,FluxV augmented v1 (exploratory),0.515625,0.7554536064727966,0.581668727762014,-0.581668727762014,1.2494645624139824,0.9620371868980327,-0.9620371868980327
25.0,fluxv_periodic_v1,FluxV augmented v1 (exploratory),0.5234375,0.7543192052442462,0.5870992416795184,-0.5870992416795184,1.2475883464260142,0.971018856503527,-0.971018856503527
25.0,fluxv_periodic_v1,FluxV augmented v1 (exploratory),0.53125,0.7522843264504706,0.5916889938339706,-0.5916889938339706,1.2442228069410666,0.978609968145745,-0.978609968145745
25.0,fluxv_periodic_v1,FluxV augmented v1 (exploratory),0.5390625,0.7491854446126189,0.5951488973174229,-0.5951488973174229,1.2390974848745242,0.9843323933945045,-0.9843323933945045
25.0,fluxv_periodic_v1,FluxV augmented v1 (exploratory),0.546875,0.7449718480380679,0.5972105679333205,-0.5972105679333205,1.2321285068259695,0.987742244577771,-0.987742244577771
25.0,fluxv_periodic_v1,FluxV augmented v1 (exploratory),0.5546875,0.739860653798835,0.5979771922887283,-0.5979771922887283,1.2236749684235873,0.9890101847352584,-0.9890101847352584
25.0,fluxv_periodic_v1,FluxV augmented v1 (exploratory),0.5625,0.7338711466630284,0.5973390687921811,-0.5973390687921811,1.2137687652518832,0.9879547755234314,-0.9879547755234314
25.0,fluxv_periodic_v1,FluxV augmented v1 (exploratory),0.5703125,0.7270270390286897,0.5951876145426582,-0.5951876145426582,1.202449115868806,0.984396428830264,-0.984396428830264
25.0,fluxv_periodic_v1,FluxV augmented v1 (exploratory),0.578125,0.7191163794258051,0.5908095058370589,-0.5908095058370589,1.1893654681710037,0.9771553598471093,-0.9771553598471093
25.0,fluxv_periodic_v1,FluxV augmented v1 (exploratory),0.5859375,0.7104451251691434,0.5845210532559385,-0.5845210532559385,1.1750238529976167,0.9667547229513298,-0.9667547229513298
25.0,fluxv_periodic_v1,FluxV augmented v1 (exploratory),0.59375,0.7011198499980158,0.5763570067784319,-0.5763570067784319,1.159600535455347,0.9532519920461561,-0.9532519920461561
25.0,fluxv_periodic_v1,FluxV augmented v1 (exploratory),0.6015625,0.6912064787988961,0.5662729271682504,-0.5662729271682504,1.1432045504455095,0.9365736679114536,-0.9365736679114536
25.0,fluxv_periodic_v1,FluxV augmented v1 (exploratory),0.609375,0.6807340003804078,0.5540221338013452,-0.5540221338013452,1.1258838433201044,0.9163117589838199,-0.9163117589838199
25.0,fluxv_periodic_v1,FluxV augmented v1 (exploratory),0.6171875,0.6697853916769598,0.5393192047890176,-0.5393192047890176,1.1077756518104143,0.8919941985046731,-0.8919941985046731
25.0,fluxv_periodic_v1,FluxV augmented v1 (exploratory),0.625,0.6585857091823246,0.5228003677502324,-0.5228003677502324,1.0892522027628004,0.8646732600441102,-0.8646732600441102
25.0,fluxv_periodic_v1,FluxV augmented v1 (exploratory),0.6328125,0.6472172554439858,0.5045826035376851,-0.5045826035376851,1.0704496185222967,0.8345424213070114,-0.8345424213070114
25.0,fluxv_periodic_v1,FluxV augmented v1 (exploratory),0.640625,0.6357606876620518,0.4848032415526418,-0.4848032415526418,1.0515013001506965,0.801828814997211,-0.801828814997211
25.0,fluxv_periodic_v1,FluxV augmented v1 (exploratory),0.6484375,0.6243300243808008,0.4633683207441833,-0.4633683207441833,1.0325958259131804,0.7663770364646224,-0.7663770364646224
25.0,fluxv_periodic_v1,FluxV augmented v1 (exploratory),0.65625,0.6130331147008212,0.44091473582266627,-0.44091473582266627,1.0139115702699661,0.7292404625993167,-0.7292404625993167
25.0,fluxv_periodic_v1,FluxV augmented v1 (exploratory),0.6640625,0.6019074711001078,0.4178594121592687,-0.4178594121592687,0.9955105760937079,0.6911086572236056,-0.6911086572236056
25.0,fluxv_periodic_v1,FluxV augmented v1 (exploratory),0.671875,0.5909846071435896,0.39447734909232113,-0.39447734909232113,0.9774449644971737,0.6524364489662587,-0.6524364489662587
25.0,fluxv_periodic_v1,FluxV augmented v1 (exploratory),0.6796875,0.5803009978193281,0.37107513148726556,-0.37107513148726556,0.9597750624211672,0.6137309065889579,-0.6137309065889579
25.0,fluxv_periodic_v1,FluxV augmented v1 (exploratory),0.6875,0.5699197935587199,0.34824501689921517,-0.34824501689921517,0.9426053160228778,0.5759715804182823,-0.5759715804182823
25.0,fluxv_periodic_v1,FluxV augmented v1 (exploratory),0.6953125,0.5597354938721194,0.3262176762079901,-0.3262176762079901,0.9257612352714156,0.5395399830811449,-0.5395399830811449
25.0,fluxv_periodic_v1,FluxV augmented v1 (exploratory),0.703125,0.5497156705640465,0.305187308875578,-0.305187308875578,0.9091891863225201,0.5047573061685504,-0.5047573061685504
25.0,fluxv_periodic_v1,FluxV augmented v1 (exploratory),0.7109375,0.5398244896020012,0.28532552271305256,-0.28532552271305256,0.8928299023286269,0.4719073763466672,-0.4719073763466672
25.0,fluxv_periodic_v1,FluxV augmented v1 (exploratory),0.71875,0.530021491794826,0.2670987655469638,-0.2670987655469638,0.8766164667707831,0.4417616639274982,-0.4417616639274982
25.0,fluxv_periodic_v1,FluxV augmented v1 (exploratory),0.7265625,0.5202225961036948,0.2505379457170044,-0.2505379457170044,0.8604098158104102,0.41437128902589637,-0.41437128902589637
25.0,fluxv_periodic_v1,FluxV augmented v1 (exploratory),0.734375,0.5103812604566056,0.235395041652942,-0.235395041652942,0.8441329722921547,0.3893260422523449,-0.3893260422523449
25.0,fluxv_periodic_v1,FluxV augmented v1 (exploratory),0.7421875,0.500467905792278,0.22163053838260405,-0.22163053838260405,0.8277370146296443,0.36656056875647125,-0.36656056875647125
25.0,fluxv_periodic_v1,FluxV augmented v1 (exploratory),0.75,0.4904566840597064,0.20918684444948907,-0.20918684444948907,0.8111791920523987,0.34597961651567616,-0.34597961651567616
25.0,fluxv_periodic_v1,FluxV augmented v1 (exploratory),0.7578125,0.48027885070972715,0.1983726778128196,-0.1983726778128196,0.7943458061449186,0.32809378227147273,-0.32809378227147273
25.0,fluxv_periodic_v1,FluxV augmented v1 (exploratory),0.765625,0.4699791278021137,0.1885591534448769,-0.1885591534448769,0.7773108238965283,0.31186293655828595,-0.31186293655828595
25.0,fluxv_periodic_v1,FluxV augmented v1 (exploratory),0.7734375,0.46002186140955104,0.17889918875678237,-0.17889918875678237,0.760842239473309,0.2958860672329832,-0.2958860672329832
25.0,fluxv_periodic_v1,FluxV augmented v1 (exploratory),0.78125,0.45127104426083015,0.16787316881995534,-0.16787316881995534,0.7463690331429543,0.27764984325113173,-0.27764984325113173
25.0,fluxv_periodic_v1,FluxV augmented v1 (exploratory),0.7890625,0.4462491253048314,0.15124945474051793,-0.15124945474051793,0.7380631494764086,0.2501554458983442,-0.2501554458983442
25.0,fluxv_periodic_v1,FluxV augmented v1 (exploratory),0.796875,0.4398397824036348,0.1373413601691927,-0.1373413601691927,0.727462568904962,0.22715248297821297,-0.22715248297821297
25.0,fluxv_periodic_v1,FluxV augmented v1 (exploratory),0.8046875,0.4316564857614545,0.12682590868865837,-0.12682590868865837,0.7139279996468115,0.20976070157676377,-0.20976070157676377
25.0,fluxv_periodic_v1,FluxV augmented v1 (exploratory),0.8125,0.42206269908327176,0.11913966193777661,-0.11913966193777661,0.6980605838703269,0.19704821618929455,-0.19704821618929455
25.0,fluxv_periodic_v1,FluxV augmented v1 (exploratory),0.8203125,0.41170357307976607,0.1132352908089097,-0.1132352908089097,0.6809273532813647,0.18728282169564195,-0.18728282169564195
25.0,fluxv_periodic_v1,FluxV augmented v1 (exploratory),0.828125,0.40102946983891125,0.10856575894540856,-0.10856575894540856,0.6632731735663902,0.17955976029714202,-0.17955976029714202
25.0,fluxv_periodic_v1,FluxV augmented v1 (exploratory),0.8359375,0.39035277025956994,0.10448857859049895,-0.10448857859049895,0.6456146996989978,0.17281640461734693,-0.17281640461734693
25.0,fluxv_periodic_v1,FluxV augmented v1 (exploratory),0.84375,0.3798084063674483,0.10077607291413335,-0.10077607291413335,0.6281750993006138,0.16667619396690428,-0.16667619396690428
25.0,fluxv_periodic_v1,FluxV augmented v1 (exploratory),0.8515625,0.3694742189192743,0.09732286246748448,-0.09732286246748448,0.6110831152433482,0.16096483850751261,-0.16096483850751261
25.0,fluxv_periodic_v1,FluxV augmented v1 (exploratory),0.859375,0.35940372971802825,0.09413716227425994,-0.09413716227425994,0.5944272686429486,0.15569592528265694,-0.15569592528265694
25.0,fluxv_periodic_v1,FluxV augmented v1 (exploratory),0.8671875,0.34974324125865774,0.09114020306133604,-0.09114020306133604,0.5784495330385752,0.15073917572257212,-0.15073917572257212
25.0,fluxv_periodic_v1,FluxV augmented v1 (exploratory),0.875,0.34041261276315005,0.08831525473793994,-0.08831525473793994,0.5630173614925031,0.1460669194906981,-0.1460669194906981
25.0,fluxv_periodic_v1,FluxV augmented v1 (exploratory),0.8828125,0.33143597138737163,0.0856509473306334,-0.0856509473306334,0.5481706585415416,0.14166035148932282,-0.14166035148932282
25.0,fluxv_periodic_v1,FluxV augmented v1 (exploratory),0.890625,0.32284119816367046,0.08312988060889076,-0.08312988060889076,0.5339555373574112,0.13749069302014713,-0.13749069302014713
25.0,fluxv_periodic_v1,FluxV augmented v1 (exploratory),0.8984375,0.3147842275280487,0.08076125173590534,-0.08076125173590534,0.520629901999574,0.13357315551294824,-0.13357315551294824
25.0,fluxv_periodic_v1,FluxV augmented v1 (exploratory),0.90625,0.30720773424658476,0.07854825931038081,-0.07854825931038081,0.5080989407579486,0.12991302921413622,-0.12991302921413622
25.0,fluxv_periodic_v1,FluxV augmented v1 (exploratory),0.9140625,0.3000735895880754,0.07648528581631739,-0.07648528581631739,0.4962995915225122,0.12650102316644993,-0.12650102316644993
25.0,fluxv_periodic_v1,FluxV augmented v1 (exploratory),0.921875,0.29339027137628415,0.07457935850195459,-0.07457935850195459,0.4852458759886651,0.12334875992032969,-0.12334875992032969
25.0,fluxv_periodic_v1,FluxV augmented v1 (exploratory),0.9296875,0.2871926692605528,0.07284596154038912,-0.07284596154038912,0.47499549906386174,0.12048184915636591,-0.12048184915636591
25.0,fluxv_periodic_v1,FluxV augmented v1 (exploratory),0.9375,0.28162803888918,0.07133752590335904,-0.07133752590335904,0.4657920107326252,0.11798700783586277,-0.11798700783586277
25.0,fluxv_periodic_v1,FluxV augmented v1 (exploratory),0.9453125,0.27655569492084037,0.06999441489020665,-0.06999441489020665,0.45740272781371066,0.11576560125319094,-0.11576560125319094
25.0,fluxv_periodic_v1,FluxV augmented v1 (exploratory),0.953125,0.27198086880478967,0.06882217251846895,-0.06882217251846895,0.44983630273845066,0.11382679880457344,-0.11382679880457344
25.0,fluxv_periodic_v1,FluxV augmented v1 (exploratory),0.9609375,0.2679078190312469,0.06782731488744413,-0.06782731488744413,0.44309977873567163,0.11218137763779078,-0.11218137763779078
25.0,fluxv_periodic_v1,FluxV augmented v1 (exploratory),0.96875,0.2644535488297936,0.06706100061576824,-0.06706100061576824,0.43738667051997354,0.11091395033593225,-0.11091395033593225
25.0,fluxv_periodic_v1,FluxV augmented v1 (exploratory),0.9765625,0.26159579205309136,0.0665252525810102,-0.0665252525810102,0.4326601515254329,0.11002786258934183,-0.11002786258934183
25.0,fluxv_periodic_v1,FluxV augmented v1 (exploratory),0.984375,0.2592530170958029,0.0661950446389102,-0.0661950446389102,0.4287853744884816,0.10948172300069395,-0.10948172300069395
25.0,fluxv_periodic_v1,FluxV augmented v1 (exploratory),0.9921875,0.2574280264065226,0.06607653439401305,-0.06607653439401305,0.42576697445245865,0.10928571579388036,-0.10928571579388036
