Mode,Omega
1,0.145542670589961
2,0.356709675448751
3,0.894175518802112
4,1.13932229697982
5,1.29800443934213
