case_id,model,t_star,pitch_deg,experiment_CL,prediction_CL,prediction_CD_diagnostic_only,ldvm_delta_CL,shed_lev
fast_pitch,fluxv_uvlm,0.0,1.0397207708397769,0.343908483,4.911259582690148,0.08782068098878208,0.0,False
fast_pitch,fluxv_uvlm,0.01,1.2815328667026016,0.437580682,5.519068578915212,0.1293277964881958,0.0,False
fast_pitch,fluxv_uvlm,0.02,1.5562319257285733,0.550046104,6.126877575140274,0.17083491198760956,0.0,False
fast_pitch,fluxv_uvlm,0.03,1.861730812097786,0.687044721,6.734686571365337,0.2123420274870233,0.0,False
fast_pitch,fluxv_uvlm,0.04,2.1949237010065827,0.842672314,7.342495567590401,0.253849142986437,0.0,False
fast_pitch,fluxv_uvlm,0.05,2.552119916973499,0.991297833,7.394054536460658,0.28715106939117563,0.0,False
fast_pitch,fluxv_uvlm,0.06,2.929466415788262,1.132013601,7.334363499859966,0.3188119579769793,0.0,False
fast_pitch,fluxv_uvlm,0.07,3.323279284768488,1.354636353,7.274672463259273,0.35047284656278305,0.0,False
fast_pitch,fluxv_uvlm,0.08,3.7302542282293745,1.590744583,7.214981426658581,0.3821337351485868,0.0,False
fast_pitch,fluxv_uvlm,0.09,4.147565342662796,1.834773369,6.978521561062206,0.39951421237606166,0.0,False
fast_pitch,fluxv_uvlm,0.1,4.572881027357794,2.078802155,6.653677280967999,0.40975448392437325,0.0,False
fast_pitch,fluxv_uvlm,0.11,5.004328888302185,2.309077484,6.328833000873794,0.4199947554726848,0.0,False
fast_pitch,fluxv_uvlm,0.12,5.440435639507175,2.530976256,6.003988720779589,0.43023502702099625,0.0,False
fast_pitch,fluxv_uvlm,0.13,5.880059650883662,2.745036595,5.75321986223875,0.441464200476452,0.0,False
fast_pitch,fluxv_uvlm,0.14,6.322326381998515,2.950737667,5.576526425251281,0.453682275839052,0.0,False
fast_pitch,fluxv_uvlm,0.15,6.7665716172602535,3.144187269,5.399832988263811,0.465900351201652,0.0,False
fast_pitch,fluxv_uvlm,0.16,7.212294100990345,3.325080682,5.22313955127634,0.47811842656425196,0.0,False
fast_pitch,fluxv_uvlm,0.17,7.6591173548796485,3.48776654,5.088216309357406,0.49319095559737935,0.0,False
fast_pitch,fluxv_uvlm,0.18,8.106759617667796,3.628395862,5.036833457575554,0.5139723919715624,0.0,False
fast_pitch,fluxv_uvlm,0.19,8.5550105702136,3.754208449,4.985450605793701,0.5347538283457456,0.0,False
fast_pitch,fluxv_uvlm,0.2,9.00371352764997,3.865519825,4.934067754011847,0.5555352647199286,0.0,False
fast_pitch,fluxv_uvlm,0.21,9.452751931169445,3.949585783,4.8911533677906585,0.5772081563369428,0.0,False
fast_pitch,fluxv_uvlm,0.22,9.902039165259707,4.022439776,4.890581309372785,0.603338324168113,0.0,False
fast_pitch,fluxv_uvlm,0.23,10.351510916792071,4.083839759,4.890009250954913,0.6294684919992832,0.0,False
fast_pitch,fluxv_uvlm,0.24,10.80111946068973,4.113808207,4.88943719253704,0.6555986598304534,0.0,False
fast_pitch,fluxv_uvlm,0.25,11.250829396959258,4.106551118,4.888865134119167,0.6817288276616237,0.0,False
fast_pitch,fluxv_uvlm,0.26,11.700614476248218,4.076489742,4.906340447093952,0.7106389436134071,0.0,False
fast_pitch,fluxv_uvlm,0.27,12.15045523915667,4.033677674,4.923815760068737,0.7395490595651905,0.0,False
fast_pitch,fluxv_uvlm,0.28,12.600337262443759,3.980051291,4.941291073043523,0.7684591755169738,0.0,False
fast_pitch,fluxv_uvlm,0.29,13.050249857063076,3.9225608,4.958766386018307,0.797369291468757,0.0,False
fast_pitch,fluxv_uvlm,0.3,13.500185102147203,3.862429403,4.981786233230483,0.8276648451807416,0.0,False
fast_pitch,fluxv_uvlm,0.31,13.950137128543501,3.789648888,5.005914987290138,0.8582374864447662,0.0,False
fast_pitch,fluxv_uvlm,0.32,14.400101587592058,3.711716229,5.030043741349793,0.8888101277087909,0.0,False
fast_pitch,fluxv_uvlm,0.33,14.850075257337512,3.631179403,5.054172495409447,0.9193827689728156,0.0,False
fast_pitch,fluxv_uvlm,0.34,15.300055750665583,3.554117681,5.080035350940469,0.9507745085183225,0.0,False
fast_pitch,fluxv_uvlm,0.35000000000000003,15.750041299007945,3.4704212769999994,5.106765257207175,0.9825757972045704,0.0,False
fast_pitch,fluxv_uvlm,0.36,16.200030592062244,3.39098663,5.133495163473881,1.0143770858908183,0.0,False
fast_pitch,fluxv_uvlm,0.37,16.650022659026376,3.322487321,5.160225069740587,1.0461783745770663,0.0,False
fast_pitch,fluxv_uvlm,0.38,17.100016780595674,3.266163843,5.187433820325229,1.0785023427488092,0.0,False
fast_pitch,fluxv_uvlm,0.39,17.55001242375318,3.212796796,5.215121415227806,1.1113489904060465,0.0,False
fast_pitch,fluxv_uvlm,0.4,18.000009193445248,3.162978331,5.242809010130382,1.144195638063284,0.0,False
fast_pitch,fluxv_uvlm,0.41000000000000003,18.450006796763677,3.12444747,5.270496605032959,1.1770422857205216,0.0,False
fast_pitch,fluxv_uvlm,0.42,18.90000501638807,3.091976429,5.298237005309284,1.2102038184946013,0.0,False
fast_pitch,fluxv_uvlm,0.43,19.350003690881252,3.073347453,5.326083016333102,1.2439951215023666,0.0,False
fast_pitch,fluxv_uvlm,0.44,19.80000270005126,3.081909866,5.353929027356921,1.2777864245101316,0.0,False
fast_pitch,fluxv_uvlm,0.45,20.25000195405317,3.116870534,5.38177503838074,1.3115777275178968,0.0,False
fast_pitch,fluxv_uvlm,0.46,20.700001385242427,3.153400184,5.409570227911786,1.3455137402091208,0.0,False
fast_pitch,fluxv_uvlm,0.47000000000000003,21.15000094204113,3.1888060450000006,5.437111309978973,1.3801733013176403,0.0,False
fast_pitch,fluxv_uvlm,0.48,21.60000058426121,3.244461734,5.464652392046159,1.4148328624261592,0.0,False
fast_pitch,fluxv_uvlm,0.49,22.050000279460303,3.302859901,5.492193474113347,1.4494924235346789,0.0,False
fast_pitch,fluxv_uvlm,0.5,22.5,3.364741817,5.519734556180534,1.4841519846431983,0.0,False
fast_pitch,fluxv_uvlm,0.51,22.9499997205397,3.433241125,5.546663700177275,1.519608459288374,0.0,False
fast_pitch,fluxv_uvlm,0.52,23.39999941573879,3.505224182,5.573592844174017,1.55506493393355,0.0,False
fast_pitch,fluxv_uvlm,0.53,23.849999057958872,3.583146035,5.600521988170757,1.5905214085787258,0.0,False
fast_pitch,fluxv_uvlm,0.54,24.299998614757577,3.668770171,5.627451132167499,1.625977883223902,0.0,False
fast_pitch,fluxv_uvlm,0.55,24.74999804594683,3.741719254,5.653684083203099,1.6620376582645122,0.0,False
fast_pitch,fluxv_uvlm,0.56,25.19999729994874,3.812044721,5.679777795646471,1.6982180933842095,0.0,False
fast_pitch,fluxv_uvlm,0.5700000000000001,25.649996309118748,3.879858950000001,5.705871508089843,1.7343985285039063,0.0,False
fast_pitch,fluxv_uvlm,0.58,26.099994983611925,3.944077052,5.7319652205332146,1.7705789636236031,0.0,False
fast_pitch,fluxv_uvlm,0.59,26.549993203236326,3.998706201,5.757383696949444,1.807189364179663,0.0,False
fast_pitch,fluxv_uvlm,0.6,26.999990806554752,4.047227985,5.782464555352101,1.8440147474539044,0.0,False
fast_pitch,fluxv_uvlm,0.61,27.44998757624682,4.090040053,5.80754541375476,1.8808401307281457,0.0,False
fast_pitch,fluxv_uvlm,0.62,27.899983219404326,4.124976948,5.832626272157418,1.917665514002387,0.0,False
fast_pitch,fluxv_uvlm,0.63,28.349977340973624,4.157058985,5.857118611022398,1.954765548071709,0.0,False
fast_pitch,fluxv_uvlm,0.64,28.799969407937756,4.185436837,5.8810224303497,1.9921402329361115,0.0,False
fast_pitch,fluxv_uvlm,0.65,29.249958700992057,4.198280458,5.904926249677002,2.029514917800514,0.0,False
fast_pitch,fluxv_uvlm,0.66,29.699944249334422,4.205306305,5.928830069004305,2.0668896026649164,0.0,False
fast_pitch,fluxv_uvlm,0.67,30.149924742662495,4.206170758,5.952270166319738,2.1043975071495518,0.0,False
fast_pitch,fluxv_uvlm,0.68,30.59989841240795,4.197608345,5.974782819611435,2.142171850874653,0.0,False
fast_pitch,fluxv_uvlm,0.6900000000000001,31.0498628714565,4.185395776,5.997295472903131,2.179946194599754,0.0,False
fast_pitch,fluxv_uvlm,0.7000000000000001,31.499814897852804,4.170671969,6.019808126194827,2.2177205383248553,0.0,False
fast_pitch,fluxv_uvlm,0.71,31.949750142936924,4.153657359,6.04201369696895,2.255504876021351,0.0,False
fast_pitch,fluxv_uvlm,0.72,32.399662737556234,4.140813739,6.062683855155203,2.2933391835748225,0.0,False
fast_pitch,fluxv_uvlm,0.73,32.84954476084333,4.127970119,6.0833540133414585,2.331173491128294,0.0,False
fast_pitch,fluxv_uvlm,0.74,33.29938552375179,4.115126498,6.104024171527712,2.3690077986817655,0.0,False
fast_pitch,fluxv_uvlm,0.75,33.749170603040746,4.102282878,6.124694329713966,2.406842106235237,0.0,False
fast_pitch,fluxv_uvlm,0.76,34.19888053931027,4.096164707,6.142215653288877,2.4437137178093233,0.0,False
fast_pitch,fluxv_uvlm,0.77,34.64848908320793,4.096661768,6.159736976863787,2.48058532938341,0.0,False
fast_pitch,fluxv_uvlm,0.78,35.09796083474029,4.105224182,6.177258300438697,2.5174569409574965,0.0,False
fast_pitch,fluxv_uvlm,0.79,35.547248068830555,4.121994583,6.194779624013607,2.5543285525315826,0.0,False
fast_pitch,fluxv_uvlm,0.8,35.99628647235003,4.146121485,6.206158677763871,2.5875071780613657,0.0,False
fast_pitch,fluxv_uvlm,0.81,36.4449894297864,4.176089932,6.2163092775492075,2.6199472063822875,0.0,False
fast_pitch,fluxv_uvlm,0.8200000000000001,36.8932403823322,4.206058379,6.226459877334542,2.65238723470321,0.0,False
fast_pitch,fluxv_uvlm,0.8300000000000001,37.34088264512036,4.245252709000001,6.236610477119877,2.684827263024132,0.0,False
fast_pitch,fluxv_uvlm,0.84,37.78770589900965,4.291980751,6.232644977145261,2.7063120915070833,0.0,False
fast_pitch,fluxv_uvlm,0.85,38.233428382739746,4.34763644,6.221621427290669,2.72231932007105,0.0,False
fast_pitch,fluxv_uvlm,0.86,38.677673618001485,4.399475565,6.210597877436077,2.7383265486350163,0.0,False
fast_pitch,fluxv_uvlm,0.87,39.11994034911634,4.454943234,6.199574327581485,2.754333777198983,0.0,False
fast_pitch,fluxv_uvlm,0.88,39.55956436049283,4.514603504,6.1567133149063205,2.7425600286463254,0.0,False
fast_pitch,fluxv_uvlm,0.89,39.99567111169782,4.570259192,6.082014839410584,2.703005302977044,0.0,False
fast_pitch,fluxv_uvlm,0.9,40.42711897264221,4.61309071,6.007316363914847,2.663450577307763,0.0,False
fast_pitch,fluxv_uvlm,0.91,40.8524346573372,4.649052847,5.932617888419111,2.6238958516384816,0.0,False
fast_pitch,fluxv_uvlm,0.92,41.26974577177062,4.685014984,5.802067236508877,2.532320281995943,0.0,False
fast_pitch,fluxv_uvlm,0.93,41.67672071523152,4.720977121,5.5598122317696514,2.3367030244068987,0.0,False
fast_pitch,fluxv_uvlm,0.9400000000000001,42.07053358421174,4.756939258,5.317557227030427,2.1410857668178545,0.0,False
fast_pitch,fluxv_uvlm,0.9500000000000001,42.447880083026504,4.792901395,5.075302222291203,1.9454685092288102,0.0,False
fast_pitch,fluxv_uvlm,0.96,42.80507629899342,4.828863532,4.789137736714451,1.7078126902031043,0.0,False
fast_pitch,fluxv_uvlm,0.97,43.13826918790222,4.82381858,4.283425846950086,1.259964063994117,0.0,False
fast_pitch,fluxv_uvlm,0.98,43.443768074271425,4.785186146,3.7777139571857203,0.8121154377851298,0.0,False
fast_pitch,fluxv_uvlm,0.99,43.718467133297395,4.725249251,3.272002067421355,0.3642668115761428,0.0,False
fast_pitch,fluxv_uvlm,1.0,43.96027922916023,4.642620447,2.7662901776569893,-0.08358181463284471,0.0,False
fast_pitch,fluxv_uvlm,1.01,44.16846713329731,4.546828175,2.293517883827253,-0.4947823314338635,0.0,False
fast_pitch,fluxv_uvlm,1.02,44.34376807427125,4.439798006,1.8207455899975176,-0.9059828482348824,0.0,False
fast_pitch,fluxv_uvlm,1.03,44.48826918790192,4.312852985,1.3479732961677817,-1.317183365035901,0.0,False
fast_pitch,fluxv_uvlm,1.04,44.605076298993,4.171138774,0.8752010023380455,-1.72838388183692,0.0,False
fast_pitch,fluxv_uvlm,1.05,44.69788008302591,4.0152432,0.8144306626538226,-1.744296208740792,0.0,False
fast_pitch,fluxv_uvlm,1.06,44.77053358421091,3.843994929,0.8360607137987175,-1.6811508976652205,0.0,False
fast_pitch,fluxv_uvlm,1.07,44.82672071523039,3.663883846,0.8576907649436124,-1.6180055865896485,0.0,False
fast_pitch,fluxv_uvlm,1.08,44.86974577176908,3.47623905,0.8793208160885074,-1.5548602755140768,0.0,False
fast_pitch,fluxv_uvlm,1.09,44.90243465733513,3.279303538,1.050324941484963,-1.3563076451888911,0.0,False
fast_pitch,fluxv_uvlm,1.1,44.92711897263939,3.074976948,1.296016104007201,-1.090051355238896,0.0,False
fast_pitch,fluxv_uvlm,1.11,44.94567111169402,2.871404593,1.5417072665294391,-0.8237950652889009,0.0,False
fast_pitch,fluxv_uvlm,1.12,44.9595643604877,2.670343476,1.7873984290516771,-0.5575387753389058,0.0,False
fast_pitch,fluxv_uvlm,1.1300000000000001,44.969940349109415,2.473407963999996,1.9840954656201184,-0.3459327112309143,0.0,False
fast_pitch,fluxv_uvlm,1.1400000000000001,44.977673617992124,2.287139810999996,2.131798376234765,-0.18897687296492385,0.0,False
fast_pitch,fluxv_uvlm,1.1500000000000001,44.98342838272711,2.106432255999996,2.2795012868494116,-0.0320210346989334,0.0,False
fast_pitch,fluxv_uvlm,1.16,44.9877058989926,1.922340364,2.427204197464055,0.12493480356705361,0.0,False
fast_pitch,fluxv_uvlm,1.17,44.99088264509733,1.765513341,2.5445949932943237,0.24978171637804092,0.0,False
fast_pitch,fluxv_uvlm,1.18,44.99324038230113,1.620585523,2.6013615595558384,0.31041077827902397,0.0,False
fast_pitch,fluxv_uvlm,1.19,44.99498942974444,1.483586906,2.658128125817353,0.37103984018000696,0.0,False
fast_pitch,fluxv_uvlm,1.2,44.996286472293406,1.388082065,2.7148946920788677,0.43166890208099007,0.0,False
fast_pitch,fluxv_uvlm,1.21,44.99724806875411,1.30579256,2.7655202560503134,0.485854323714862,0.0,False
fast_pitch,fluxv_uvlm,1.22,44.99796083463711,1.233621485,2.7854408085714213,0.5078215440131846,0.0,False
fast_pitch,fluxv_uvlm,1.23,44.99848908306865,1.165122176,2.80536136109253,0.5297887643115071,0.0,False
fast_pitch,fluxv_uvlm,1.24,44.99888053912226,1.127829645,2.825281913613638,0.5517559846098297,0.0,False
fast_pitch,fluxv_uvlm,1.25,44.99917060278696,1.115649493,2.8452024661347464,0.5737232049081523,0.0,False
fast_pitch,fluxv_uvlm,1.26,44.99938552340921,1.13277432,2.8523621993148858,0.582454018964844,0.0,False
fast_pitch,fluxv_uvlm,1.27,44.99954476038091,1.180794721,2.8595219324950256,0.5911848330215358,0.0,False
fast_pitch,fluxv_uvlm,1.28,44.99966273693203,1.236353158,2.866681665675165,0.5999156470782274,0.0,False
fast_pitch,fluxv_uvlm,1.29,44.99975014209434,1.296934071,2.873841398855305,0.6086464611349192,0.0,False
fast_pitch,fluxv_uvlm,1.3,44.999814896715414,1.365433379,2.8771437082563422,0.6134443299569011,0.0,False
fast_pitch,fluxv_uvlm,1.31,44.999862869921195,1.445265675,2.8796745329015603,0.6174556097319412,0.0,False
fast_pitch,fluxv_uvlm,1.32,44.9998984103355,1.534079645,2.882205357546778,0.6214668895069815,0.0,False
fast_pitch,fluxv_uvlm,1.33,44.99992473986498,1.632547401,2.8847361821919955,0.6254781692820216,0.0,False
fast_pitch,fluxv_uvlm,1.34,44.99994424555817,1.741738704,2.88598741496091,0.6282085131602776,0.0,False
fast_pitch,fluxv_uvlm,1.35,44.99995869589466,1.851245534,2.886598851791674,0.6302983890901416,0.0,False
fast_pitch,fluxv_uvlm,1.36,44.999969401056994,1.958206547,2.8872102886224367,0.6323882650200054,0.0,False
fast_pitch,fluxv_uvlm,1.37,44.99997733168556,2.056674303,2.8878217254532,0.6344781409498694,0.0,False
fast_pitch,fluxv_uvlm,1.3800000000000001,44.999983206866744,2.1449587940000017,2.8879691304928543,0.6361068691225592,0.0,False
fast_pitch,fluxv_uvlm,1.3900000000000001,44.999987559322854,2.2255258760000016,2.8876525037414,0.6372744495380745,0.0,False
fast_pitch,fluxv_uvlm,1.4000000000000001,44.99999078370979,2.302587598000002,2.8873358769899444,0.63844202995359,0.0,False
fast_pitch,fluxv_uvlm,1.41,44.99999317239885,2.37307515,2.8870192502384895,0.6396096103691055,0.0,False
fast_pitch,fluxv_uvlm,1.42,44.999994941985676,2.435505994,2.8865338805736385,0.6406068096891957,0.0,False
fast_pitch,fluxv_uvlm,1.43,44.99999625292919,2.486880475,2.885711025081995,0.6412632468184356,0.0,False
fast_pitch,fluxv_uvlm,1.44,44.999997224100774,2.530198248,2.8848881695903508,0.6419196839476755,0.0,False
fast_pitch,fluxv_uvlm,1.45,44.99999794356278,2.557201619,2.884065314098707,0.6425761210769154,0.0,False
fast_pitch,fluxv_uvlm,1.46,44.99999847655357,2.565649493,2.883193282868962,0.6431805116678854,0.0,False
fast_pitch,fluxv_uvlm,1.47,44.99999887140298,2.539962252,2.8820753729487083,0.6435246695675044,0.0,False
fast_pitch,fluxv_uvlm,1.48,44.99999916391469,2.511275357,2.880957463028455,0.6438688274671236,0.0,False
fast_pitch,fluxv_uvlm,1.49,44.99999938061272,2.478847539,2.879839553108201,0.6442129853667428,0.0,False
fast_pitch,fluxv_uvlm,1.5,44.99999954114659,2.440316678,2.8787216431879474,0.6445571432663619,0.0,False
fast_pitch,fluxv_uvlm,1.51,44.999999660073016,2.394303971,2.877429209114553,0.6446995203309189,0.0,False
fast_pitch,fluxv_uvlm,1.52,44.999999748175895,2.349181651,2.8761367750411586,0.644841897395476,0.0,False
fast_pitch,fluxv_uvlm,1.53,44.999999813444106,2.305565641,2.8748443409677633,0.644984274460033,0.0,False
fast_pitch,fluxv_uvlm,1.54,44.999999861796,2.245628746,2.873551906894369,0.64512665152459,0.0,False
fast_pitch,fluxv_uvlm,1.55,44.99999989761596,2.191116298,2.872176487926438,0.6451572081335789,0.0,False
fast_pitch,fluxv_uvlm,1.56,44.999999924152036,2.138799562,2.870784471979599,0.6451654006514542,0.0,False
fast_pitch,fluxv_uvlm,1.57,44.999999943810444,2.083143874,2.869392456032761,0.6451735931693294,0.0,False
fast_pitch,fluxv_uvlm,1.58,44.999999958373756,2.055116125,2.868000440085922,0.6451817856872047,0.0,False
fast_pitch,fluxv_uvlm,1.59,44.99999996916252,2.030343044,2.8665746692377754,0.6451297707300614,0.0,False
fast_pitch,fluxv_uvlm,1.6,44.99999997715503,2.000374597,2.865132020938974,0.6450476520354088,0.0,False
fast_pitch,fluxv_uvlm,1.61,44.99999998307603,1.970406149,2.8636893726401733,0.6449655333407562,0.0,False
fast_pitch,fluxv_uvlm,1.62,44.99999998746242,1.945287287,2.8622467243413725,0.6448834146461038,0.0,False
fast_pitch,fluxv_uvlm,1.6300000000000001,44.99999999071193,1.9245360769999995,2.8607951721512523,0.6447708929104944,0.0,False
fast_pitch,fluxv_uvlm,1.6400000000000001,44.99999999311923,1.907411249,2.859334716069813,0.6446279681339283,0.0,False
fast_pitch,fluxv_uvlm,1.6500000000000001,44.99999999490261,1.902950669,2.857874259988373,0.6444850433573622,0.0,False
fast_pitch,fluxv_uvlm,1.6600000000000001,44.99999999622376,1.9071389470000002,2.8564138039069333,0.644342118580796,0.0,False
fast_pitch,fluxv_uvlm,1.67,44.99999999720248,1.919982567,2.854954840010931,0.6441856866298669,0.0,False
fast_pitch,fluxv_uvlm,1.68,44.99999999792756,1.940640848,2.8534988604858027,0.6440022403302116,0.0,False
fast_pitch,fluxv_uvlm,1.69,44.999999998464695,1.959909521,2.852042880960675,0.6438187940305563,0.0,False
fast_pitch,fluxv_uvlm,1.7,44.99999999886261,1.977034348,2.8505869014355465,0.6436353477309011,0.0,False
fast_pitch,fluxv_uvlm,1.71,44.99999999915741,1.994159175,2.849134195763353,0.6434475057068786,0.0,False
fast_pitch,fluxv_uvlm,1.72,44.999999999375795,2.017041263,2.8476978593558306,0.6432376850610202,0.0,False
fast_pitch,fluxv_uvlm,1.73,44.99999999953757,2.041619842,2.846261522948309,0.6430278644151617,0.0,False
fast_pitch,fluxv_uvlm,1.74,44.999999999657426,2.063025876,2.844825186540787,0.6428180437693033,0.0,False
fast_pitch,fluxv_uvlm,1.75,44.999999999746215,2.08081201,2.8433888501332647,0.6426082231234449,0.0,False
fast_pitch,fluxv_uvlm,1.76,44.99999999981199,2.099786768,2.8419824126066207,0.6423819891077798,0.0,False
fast_pitch,fluxv_uvlm,1.77,44.99999999986072,2.121032878,2.8405759750799766,0.6421557550921146,0.0,False
fast_pitch,fluxv_uvlm,1.78,44.999999999896815,2.133876498,2.839169537553332,0.6419295210764496,0.0,False
fast_pitch,fluxv_uvlm,1.79,44.99999999992357,2.146720119,2.837763100026688,0.6417032870607846,0.0,False
fast_pitch,fluxv_uvlm,1.8,44.99999999994338,2.157921277,2.8363872585853565,0.6414692542211473,0.0,False
fast_pitch,fluxv_uvlm,1.81,44.99999999995806,2.162202484,2.8350175363610877,0.6412336616167158,0.0,False
fast_pitch,fluxv_uvlm,1.82,44.99999999996893,2.163151222,2.833647814136819,0.6409980690122843,0.0,False
fast_pitch,fluxv_uvlm,1.83,44.999999999976986,2.155338722,2.83227809191255,0.6407624764078527,0.0,False
fast_pitch,fluxv_uvlm,1.84,44.99999999998295,2.133932688,2.8309357675745797,0.6405239845020996,0.0,False
fast_pitch,fluxv_uvlm,1.85,44.99999999998737,2.124747868,2.829607142179759,0.6402840429456856,0.0,False
fast_pitch,fluxv_uvlm,1.86,44.99999999999064,2.111577916,2.828278516784938,0.6400441013892717,0.0,False
fast_pitch,fluxv_uvlm,1.87,44.99999999999307,2.094453089,2.8269498913901168,0.6398041598328577,0.0,False
fast_pitch,fluxv_uvlm,1.8800000000000001,44.99999999999487,2.0773282619999995,2.8256431369186767,0.63956382133915,0.0,False
fast_pitch,fluxv_uvlm,1.8900000000000001,44.99999999999619,2.0602034349999996,2.8243582533706184,0.6393230859081487,0.0,False
fast_pitch,fluxv_uvlm,1.9000000000000001,44.999999999997186,2.0418035379999995,2.8230733698225596,0.6390823504771476,0.0,False
fast_pitch,fluxv_uvlm,1.9100000000000001,44.99999999999791,2.0203975049999996,2.821788486274501,0.6388416150461463,0.0,False
fast_pitch,fluxv_uvlm,1.92,44.99999999999846,2.006564085,2.820518650474899,0.6386014523304736,0.0,False
fast_pitch,fluxv_uvlm,1.93,44.99999999999886,1.991704126,2.819278910172209,0.6383624350454581,0.0,False
fast_pitch,fluxv_uvlm,1.94,44.99999999999915,1.974825669,2.8180391698695186,0.6381234177604426,0.0,False
fast_pitch,fluxv_uvlm,1.95,44.99999999999937,1.961982048,2.816799429566829,0.6378844004754269,0.0,False
fast_pitch,fluxv_uvlm,1.96,44.99999999999954,1.954653642,2.8155672979360324,0.6376459626031659,0.0,False
fast_pitch,fluxv_uvlm,1.97,44.99999999999966,1.950372435,2.8143732096647067,0.6374104217946773,0.0,False
fast_pitch,fluxv_uvlm,1.98,44.999999999999744,1.946091229,2.813179121393381,0.6371748809861888,0.0,False
fast_pitch,fluxv_uvlm,1.99,44.99999999999982,1.945308898,2.811985033122055,0.6369393401777003,0.0,False
fast_pitch,fluxv_uvlm,2.0,44.99999999999986,1.945308898,2.8107909448507287,0.6367037993692117,0.0,False
fast_pitch,fluxv_uvlm,2.0100000000000002,44.99999999999989,1.9453088980000004,2.8096423760516105,0.6364729441739342,0.0,False
fast_pitch,fluxv_uvlm,2.02,44.99999999999992,1.953789189,2.8084938072524923,0.6362420889786565,0.0,False
fast_pitch,fluxv_uvlm,2.0300000000000002,44.99999999999994,1.9623516020000005,2.8073452384533737,0.6360112337833789,0.0,False
fast_pitch,fluxv_uvlm,2.04,44.99999999999996,1.970914016,2.8061966696542555,0.6357803785881012,0.0,False
fast_pitch,fluxv_uvlm,2.05,44.99999999999997,1.979476429,2.8050855413326485,0.6355541008514605,0.0,False
fast_pitch,fluxv_uvlm,2.06,44.99999999999998,1.988038843,2.8039819011065434,0.635328738606547,0.0,False
fast_pitch,fluxv_uvlm,2.07,44.99999999999999,1.999484209,2.8028782608804392,0.6351033763616335,0.0,False
fast_pitch,fluxv_uvlm,2.08,44.99999999999999,2.016609036,2.8017746206543346,0.6348780141167201,0.0,False
fast_pitch,fluxv_uvlm,2.09,44.99999999999999,2.02187572,2.80070032370059,0.6346566564707865,0.0,False
fast_pitch,fluxv_uvlm,2.1,45.0,2.030522418,2.7996406983830253,0.6344373011243428,0.0,False
fast_pitch,fluxv_uvlm,2.11,45.0,2.042540485,2.7985810730654603,0.6342179457778993,0.0,False
fast_pitch,fluxv_uvlm,2.12,44.99999999999999,2.046821692,2.797521447747895,0.6339985904314556,0.0,False
fast_pitch,fluxv_uvlm,2.13,44.99999999999999,2.051102899,2.796483261709968,0.6337823885312823,0.0,False
fast_pitch,fluxv_uvlm,2.14,45.0,2.05423006,2.7954665149516793,0.6335693400773795,0.0,False
fast_pitch,fluxv_uvlm,2.15,45.0,2.05423006,2.7944497681933904,0.6333562916234767,0.0,False
fast_pitch,fluxv_uvlm,2.16,45.00000000000001,2.05423006,2.793433021435101,0.6331432431695738,0.0,False
fast_pitch,fluxv_uvlm,2.17,45.0,2.052334745,2.7924301390500537,0.6329323450232955,0.0,False
fast_pitch,fluxv_uvlm,2.18,44.99999999999999,2.048053538,2.7914549854114896,0.6327257474922658,0.0,False
fast_pitch,fluxv_uvlm,2.19,45.0,2.043772332,2.790479831772925,0.6325191499612361,0.0,False
fast_pitch,fluxv_uvlm,2.2,44.99999999999999,2.034217958,2.789504678134361,0.6323125524302065,0.0,False
fast_pitch,fluxv_uvlm,2.21,44.99999999999999,2.021374337,2.7885362266527753,0.632107035170272,0.0,False
fast_pitch,fluxv_uvlm,2.22,44.99999999999999,2.008530717,2.7876012859560846,0.6319069192658129,0.0,False
fast_pitch,fluxv_uvlm,2.23,45.0,1.999064949,2.7866663452593947,0.6317068033613538,0.0,False
fast_pitch,fluxv_uvlm,2.24,44.99999999999999,1.987286768,2.7857314045627044,0.6315066874568946,0.0,False
fast_pitch,fluxv_uvlm,2.25,44.99999999999999,1.970161941,2.7847964638660136,0.6313065715524356,0.0,False
fast_pitch,fluxv_uvlm,2.2600000000000002,45.0,1.9612753569999997,2.7839003015031745,0.6311128862552653,0.0,False
fast_pitch,fluxv_uvlm,2.27,44.99999999999999,1.952712944,2.7830041391403353,0.6309192009580948,0.0,False
fast_pitch,fluxv_uvlm,2.2800000000000002,44.99999999999999,1.9429921619999992,2.7821079767774965,0.6307255156609245,0.0,False
fast_pitch,fluxv_uvlm,2.29,44.99999999999999,1.925867335,2.781211814414657,0.6305318303637542,0.0,False
fast_pitch,fluxv_uvlm,2.3000000000000003,45.0,1.9149233519999995,2.7803467513860176,0.6303434129057938,0.0,False
fast_pitch,fluxv_uvlm,2.31,44.99999999999999,1.905040485,2.7794879082242185,0.6301560490156755,0.0,False
fast_pitch,fluxv_uvlm,2.32,44.99999999999999,1.892196865,2.7786290650624195,0.6299686851255571,0.0,False
fast_pitch,fluxv_uvlm,2.33,44.99999999999999,1.887016626,2.7777702219006204,0.6297813212354388,0.0,False
fast_pitch,fluxv_uvlm,2.34,44.99999999999999,1.880673698,2.7769352838457135,0.6295980717485379,0.0,False
fast_pitch,fluxv_uvlm,2.35,44.99999999999999,1.872986543,2.7761122983442537,0.6294168794632458,0.0,False
fast_pitch,fluxv_uvlm,2.36,44.99999999999999,1.87726775,2.775289312842794,0.6292356871779536,0.0,False
fast_pitch,fluxv_uvlm,2.37,45.0,1.875942975,2.774466327341334,0.6290544948926614,0.0,False
fast_pitch,fluxv_uvlm,2.38,44.99999999999999,1.873727812,2.773660546819994,0.6288762997752821,0.0,False
fast_pitch,fluxv_uvlm,2.39,44.99999999999999,1.878009019,2.772871971278775,0.6287011018258155,0.0,False
fast_pitch,fluxv_uvlm,2.4,44.99999999999999,1.885834486,2.772083395737556,0.6285259038763491,0.0,False
fast_pitch,fluxv_uvlm,2.41,45.0,1.894396899,2.7712948201963363,0.6283507059268825,0.0,False
fast_pitch,fluxv_uvlm,2.42,44.99999999999999,1.902959313,2.770517240623926,0.6281774411121489,0.0,False
fast_pitch,fluxv_uvlm,2.43,44.99999999999999,1.911521727,2.7697616529891316,0.6280080425668811,0.0,False
fast_pitch,fluxv_uvlm,2.44,45.0,1.91756858,2.769006065354337,0.6278386440216133,0.0,False
fast_pitch,fluxv_uvlm,2.45,44.99999999999999,1.924832152,2.768250477719543,0.6276692454763455,0.0,False
fast_pitch,fluxv_uvlm,2.46,44.99999999999999,1.946238186,2.76750015674059,0.6275007792827859,0.0,False
fast_pitch,fluxv_uvlm,2.47,44.99999999999999,1.957873732,2.766776169040841,0.6273369748477676,0.0,False
fast_pitch,fluxv_uvlm,2.48,45.0,1.964949285,2.7660521813410925,0.6271731704127494,0.0,False
fast_pitch,fluxv_uvlm,2.49,44.99999999999999,1.969230492,2.7653281936413436,0.627009365977731,0.0,False
fast_pitch,fluxv_uvlm,2.5,44.99999999999999,1.981507895,2.764604205941595,0.6268455615427128,0.0,False
fast_pitch,fluxv_uvlm,2.5100000000000002,45.0,1.9898952570000001,2.763910470161349,0.6266871409716791,0.0,False
fast_pitch,fluxv_uvlm,2.52,44.99999999999999,1.994634624,2.763216734381103,0.6265287204006453,0.0,False
fast_pitch,fluxv_uvlm,2.5300000000000002,44.99999999999999,2.003197038,2.7625229986008573,0.6263702998296117,0.0,False
fast_pitch,fluxv_uvlm,2.54,44.99999999999999,2.005820655,2.761829262820611,0.6262118792585779,0.0,False
fast_pitch,fluxv_uvlm,2.5500000000000003,45.0,2.0082195140000003,2.761159650195707,0.6260577692275262,0.0,False
fast_pitch,fluxv_uvlm,2.56,44.99999999999999,2.016781927,2.7604948622018703,0.6259045213044709,0.0,False
fast_pitch,fluxv_uvlm,2.57,44.99999999999999,2.014212339,2.7598300742080344,0.6257512733814157,0.0,False
fast_pitch,fluxv_uvlm,2.58,44.99999999999999,2.009931132,2.7591652862141984,0.6255980254583604,0.0,False
fast_pitch,fluxv_uvlm,2.59,44.99999999999999,2.005649925,2.758518958211018,0.6254480864465495,0.0,False
fast_pitch,fluxv_uvlm,2.6,44.99999999999999,2.001368718,2.7578818602031663,0.6252998018903606,0.0,False
fast_pitch,fluxv_uvlm,2.61,44.99999999999999,1.997087512,2.7572447621953144,0.6251515173341717,0.0,False
fast_pitch,fluxv_uvlm,2.62,45.0,1.990982308,2.756607664187462,0.625003232777983,0.0,False
fast_pitch,fluxv_uvlm,2.63,44.99999999999999,1.978138687,2.755983806101067,0.6248573272729212,0.0,False
fast_pitch,fluxv_uvlm,2.64,44.99999999999999,1.968718303,2.7553731879361267,0.6247138008189865,0.0,False
fast_pitch,fluxv_uvlm,2.65,44.99999999999999,1.958502622,2.7547625697711866,0.6245702743650519,0.0,False
fast_pitch,fluxv_uvlm,2.66,45.0,1.945659002,2.7541519516062465,0.6244267479111173,0.0,False
fast_pitch,fluxv_uvlm,2.67,44.99999999999999,1.932815382,2.753549772721895,0.6242847408977606,0.0,False
fast_pitch,fluxv_uvlm,2.68,44.99999999999999,1.924760834,2.752964472398722,0.6241457727655603,0.0,False
fast_pitch,fluxv_uvlm,2.69,45.0,1.918605924,2.752379172075548,0.6240068046333599,0.0,False
fast_pitch,fluxv_uvlm,2.7,44.99999999999999,1.901481097,2.751793871752375,0.6238678365011595,0.0,False
fast_pitch,fluxv_uvlm,2.71,44.99999999999999,1.893763687,2.7512126054007013,0.623729595872365,0.0,False
fast_pitch,fluxv_uvlm,2.72,44.99999999999999,1.888116644,2.7506515089065275,0.6235949927605997,0.0,False
fast_pitch,fluxv_uvlm,2.73,45.0,1.87955423,2.7500904124123533,0.6234603896488344,0.0,False
fast_pitch,fluxv_uvlm,2.74,44.99999999999999,1.878745966,2.74952931591818,0.6233257865370692,0.0,False
fast_pitch,fluxv_uvlm,2.75,44.99999999999999,1.87663886,2.7489682194240057,0.6231911834253039,0.0,False
fast_pitch,fluxv_uvlm,2.7600000000000002,45.0,1.87269479,2.7484302601060633,0.6230607591498182,0.0,False
fast_pitch,fluxv_uvlm,2.77,44.99999999999999,1.87269479,2.747892300788121,0.6229303348743326,0.0,False
fast_pitch,fluxv_uvlm,2.7800000000000002,44.99999999999999,1.87269479,2.7473543414701784,0.6227999105988469,0.0,False
fast_pitch,fluxv_uvlm,2.79,44.99999999999999,1.871616384,2.746816382152236,0.6226694863233612,0.0,False
fast_pitch,fluxv_uvlm,2.8000000000000003,45.0,1.8673351780000003,2.746296853598664,0.6225423955051533,0.0,False
fast_pitch,fluxv_uvlm,2.81,44.99999999999999,1.870233258,2.7457810111979666,0.6224159713784011,0.0,False
fast_pitch,fluxv_uvlm,2.82,44.99999999999999,1.878153815,2.745265168797269,0.6222895472516488,0.0,False
fast_pitch,fluxv_uvlm,2.83,44.99999999999999,1.890898023,2.7447493263965717,0.6221631231248965,0.0,False
fast_pitch,fluxv_uvlm,2.84,44.99999999999999,1.89517923,2.744247578547864,0.6220392517505631,0.0,False
fast_pitch,fluxv_uvlm,2.85,44.99999999999999,1.904582325,2.7437528779751514,0.621916656752439,0.0,False
fast_pitch,fluxv_uvlm,2.86,44.99999999999999,1.915843995,2.743258177402439,0.621794061754315,0.0,False
fast_pitch,fluxv_uvlm,2.87,45.0,1.920125202,2.7427634768297264,0.6216714667561909,0.0,False
fast_pitch,fluxv_uvlm,2.88,44.99999999999999,1.924406408,2.74227888151434,0.6215507046593786,0.0,False
fast_pitch,fluxv_uvlm,2.89,44.99999999999999,1.928687615,2.741804391456279,0.6214317754638777,0.0,False
fast_pitch,fluxv_uvlm,2.9,44.99999999999999,1.932968822,2.7413299013982177,0.621312846268377,0.0,False
fast_pitch,fluxv_uvlm,2.91,45.0,1.937250029,2.740855411340157,0.6211939170728762,0.0,False
fast_pitch,fluxv_uvlm,2.92,44.99999999999999,1.941531236,2.740387361772161,0.6210761579076752,0.0,False
fast_pitch,fluxv_uvlm,2.93,44.99999999999999,1.945308898,2.7399321931842957,0.620960738803074,0.0,False
fast_pitch,fluxv_uvlm,2.94,45.0,1.945308898,2.7394770245964306,0.6208453196984727,0.0,False
fast_pitch,fluxv_uvlm,2.95,44.99999999999999,1.945308898,2.7390218560085655,0.6207299005938713,0.0,False
fast_pitch,fluxv_uvlm,2.96,44.99999999999999,1.947798525,2.738569766272655,0.6206150417942651,0.0,False
fast_pitch,fluxv_uvlm,2.97,44.99999999999999,1.956360938,2.7381330707965197,0.6205029845196333,0.0,False
fast_pitch,fluxv_uvlm,2.98,45.0,1.949899147,2.7376963753203842,0.6203909272450014,0.0,False
fast_pitch,fluxv_uvlm,2.99,44.99999999999999,1.943322816,2.737259679844249,0.6202788699703696,0.0,False
fast_pitch,fluxv_uvlm,3.0,44.99999999999999,1.939041609,2.7368229843681133,0.6201668126957378,0.0,False
fast_pitch,fluxv_uvlm,3.0100000000000002,45.0,1.9347604019999998,2.7364039527153037,0.62005797622569,0.0,False
fast_pitch,fluxv_uvlm,3.02,44.99999999999999,1.930479195,2.735984921062493,0.6199491397556424,0.0,False
fast_pitch,fluxv_uvlm,3.0300000000000002,44.99999999999999,1.9261979889999998,2.735565889409683,0.6198403032855947,0.0,False
fast_pitch,fluxv_uvlm,3.04,44.99999999999999,1.921916782,2.735146857756873,0.6197314668155469,0.0,False
fast_pitch,fluxv_uvlm,3.0500000000000003,45.0,1.9176355749999998,2.7347419027525484,0.6196252026462404,0.0,False
fast_pitch,fluxv_uvlm,3.06,44.99999999999999,1.913354368,2.7343397630779207,0.6195194529370822,0.0,False
fast_pitch,fluxv_uvlm,3.0700000000000003,44.99999999999999,1.9090731619999997,2.733937623403293,0.619413703227924,0.0,False
fast_pitch,fluxv_uvlm,3.08,44.99999999999999,1.900582065,2.733535483728666,0.6193079535187657,0.0,False
fast_pitch,fluxv_uvlm,3.09,44.99999999999999,1.899339413,2.7331441146935473,0.6192041767569619,0.0,False
fast_pitch,fluxv_uvlm,3.1,44.99999999999999,1.900940814,2.7327581309781843,0.6191013864688354,0.0,False
fast_pitch,fluxv_uvlm,3.11,44.99999999999999,1.888097193,2.73237214726282,0.6189985961807088,0.0,False
fast_pitch,fluxv_uvlm,3.12,45.0,1.887978331,2.731986163547457,0.6188958058925823,0.0,False
fast_pitch,fluxv_uvlm,3.13,44.99999999999999,1.889437097,2.731607906918343,0.6187944348501965,0.0,False
fast_pitch,fluxv_uvlm,3.14,44.99999999999999,1.88515589,2.731237377375479,0.6186944830535515,0.0,False
fast_pitch,fluxv_uvlm,3.15,44.99999999999999,1.880874683,2.7308668478326155,0.6185945312569064,0.0,False
fast_pitch,fluxv_uvlm,3.16,44.99999999999999,1.878745966,2.7304963182897515,0.6184945794602614,0.0,False
fast_pitch,fluxv_uvlm,3.17,44.99999999999999,1.878363445,2.7301307171008973,0.6183955355552986,0.0,False
fast_pitch,fluxv_uvlm,3.18,45.0,1.874082238,2.7297749726200617,0.6182983074337001,0.0,False
fast_pitch,fluxv_uvlm,3.19,45.0,1.875588549,2.7294192281392258,0.6182010793121016,0.0,False
fast_pitch,fluxv_uvlm,3.2,45.0,1.877622176,2.7290634836583902,0.618103851190503,0.0,False
fast_pitch,fluxv_uvlm,3.21,45.0,1.873340969,2.7287100970301172,0.6180070588478681,0.0,False
fast_pitch,fluxv_uvlm,3.22,45.0,1.87269479,2.7283684996646556,0.6179124454000504,0.0,False
fast_pitch,fluxv_uvlm,3.23,45.0,1.87269479,2.728026902299194,0.6178178319522328,0.0,False
fast_pitch,fluxv_uvlm,3.24,45.0,1.8725997,2.727685304933732,0.6177232185044151,0.0,False
fast_pitch,fluxv_uvlm,3.25,45.0,1.868318494,2.727343707568271,0.6176286050565976,0.0,False
fast_pitch,fluxv_uvlm,3.2600000000000002,45.0,1.8692499420000002,2.7270156490663497,0.6175365027967885,0.0,False
fast_pitch,fluxv_uvlm,3.27,45.0,1.87269479,2.7266875905644294,0.6174444005369795,0.0,False
fast_pitch,fluxv_uvlm,3.2800000000000002,45.0,1.8726947899999997,2.7263595320625087,0.6173522982771703,0.0,False
fast_pitch,fluxv_uvlm,3.29,45.0,1.865999597,2.7260314735605875,0.6172601960173613,0.0,False
fast_pitch,fluxv_uvlm,3.3000000000000003,45.0,1.860592439,2.7257142141422985,0.6171701045364409,0.0,False
fast_pitch,fluxv_uvlm,3.31,45.0,1.860592439,2.725399114540736,0.6170804152112983,0.0,False
fast_pitch,fluxv_uvlm,3.3200000000000003,45.0,1.860592439,2.7250840149391733,0.6169907258861558,0.0,False
fast_pitch,fluxv_uvlm,3.33,45.0,1.862911336,2.7247689153376107,0.6169010365610132,0.0,False
fast_pitch,fluxv_uvlm,3.34,45.0,1.866643615,2.7244620863131273,0.6168128936563041,0.0,False
fast_pitch,fluxv_uvlm,3.35,45.0,1.866643615,2.7241593925771834,0.6167255239618117,0.0,False
fast_pitch,fluxv_uvlm,3.36,45.0,1.869703781,2.72385669884124,0.6166381542673194,0.0,False
fast_pitch,fluxv_uvlm,3.37,45.0,1.871404593,2.723554005105296,0.6165507845728271,0.0,False
fast_pitch,fluxv_uvlm,3.38,45.0,1.867123386,2.7232572505983845,0.6164645303814977,0.0,False
fast_pitch,fluxv_uvlm,3.39,45.0,1.859040745,2.7229664353205054,0.6163793916933313,0.0,False
fast_pitch,fluxv_uvlm,3.4,45.0,1.850478331,2.7226756200426263,0.6162942530051648,0.0,False
fast_pitch,fluxv_uvlm,3.41,45.0,1.841915917,2.722384804764747,0.6162091143169984,0.0,False
fast_pitch,fluxv_uvlm,3.42,45.0,1.833353504,2.722097781298941,0.6161246912310571,0.0,False
fast_pitch,fluxv_uvlm,3.43,45.0,1.82479109,2.7218183414572796,0.6160416993495654,0.0,False
fast_pitch,fluxv_uvlm,3.44,45.0,1.817231443,2.7215389016156193,0.6159587074680738,0.0,False
fast_pitch,fluxv_uvlm,3.45,45.0,1.812950236,2.7212594617739585,0.6158757155865822,0.0,False
fast_pitch,fluxv_uvlm,3.46,45.0,1.812183034,2.7209818378670567,0.6157930681688608,0.0,False
fast_pitch,fluxv_uvlm,3.47,45.0,1.813927069,2.7207132936339504,0.6157121430699907,0.0,False
fast_pitch,fluxv_uvlm,3.48,45.0,1.818208276,2.720444749400844,0.6156312179711205,0.0,False
fast_pitch,fluxv_uvlm,3.49,45.0,1.813978936,2.720176205167738,0.6155502928722504,0.0,False
fast_pitch,fluxv_uvlm,3.5,45.0,1.812183034,2.7199076609346315,0.6154693677733802,0.0,False
fast_pitch,fluxv_uvlm,3.5100000000000002,45.0,1.8136137040000004,2.7196495545428876,0.6153904333748462,0.0,False
fast_pitch,fluxv_uvlm,3.52,45.0,1.822176118,2.7193914481511436,0.6153114989763122,0.0,False
fast_pitch,fluxv_uvlm,3.5300000000000002,45.0,1.8242853849999998,2.7191333417593997,0.6152325645777781,0.0,False
fast_pitch,fluxv_uvlm,3.54,45.0,1.821372176,2.7188752353676557,0.6151536301792441,0.0,False
fast_pitch,fluxv_uvlm,3.5500000000000003,45.0,1.812809763,2.7186254631901807,0.6150762943976626,0.0,False
fast_pitch,fluxv_uvlm,3.56,45.0,1.812183034,2.7183773578555592,0.6149992783394718,0.0,False
fast_pitch,fluxv_uvlm,3.5700000000000003,45.0,1.812183034,2.7181292525209377,0.614922262281281,0.0,False
fast_pitch,fluxv_uvlm,3.58,45.0,1.811755129,2.7178811471863162,0.61484524622309,0.0,False
fast_pitch,fluxv_uvlm,3.59,45.0,1.807473922,2.717639431335059,0.6147694631582248,0.0,False
fast_pitch,fluxv_uvlm,3.6,45.0,1.803192716,2.7174009102254835,0.6146942965900223,0.0,False
fast_pitch,fluxv_uvlm,3.61,45.0,1.798911509,2.717162389115908,0.6146191300218197,0.0,False
fast_pitch,fluxv_uvlm,3.62,45.0,1.794630302,2.716923868006333,0.6145439634536172,0.0,False
fast_pitch,fluxv_uvlm,3.63,45.0,1.790349095,2.7166899400805993,0.6144696888609869,0.0,False
fast_pitch,fluxv_uvlm,3.64,45.0,1.784157446,2.7164606053387073,0.6143963062439288,0.0,False
fast_pitch,fluxv_uvlm,3.65,45.0,1.775735506,2.7162312705968157,0.6143229236268708,0.0,False
fast_pitch,fluxv_uvlm,3.66,45.0,1.771454299,2.7160019358549237,0.6142495410098127,0.0,False
fast_pitch,fluxv_uvlm,3.67,45.0,1.764521381,2.7157755366321807,0.6141767322389133,0.0,False
fast_pitch,fluxv_uvlm,3.68,45.0,1.75684071,2.7155550084477356,0.6141050711603313,0.0,False
fast_pitch,fluxv_uvlm,3.69,45.0,1.752559503,2.715334480263291,0.6140334100817492,0.0,False
fast_pitch,fluxv_uvlm,3.7,45.0,1.741492335,2.715113952078845,0.6139617490031671,0.0,False
fast_pitch,fluxv_uvlm,3.71,45.0,1.730271727,2.7148948312126016,0.6138903649368195,0.0,False
fast_pitch,fluxv_uvlm,3.72,45.0,1.721709313,2.7146827469373638,0.6138203659316437,0.0,False
fast_pitch,fluxv_uvlm,3.73,45.0,1.717281149,2.714470662662126,0.6137503669264679,0.0,False
fast_pitch,fluxv_uvlm,3.74,45.0,1.712999942,2.714258578386888,0.6136803679212922,0.0,False
fast_pitch,fluxv_uvlm,3.75,45.0,1.708718736,2.7140464941116504,0.6136103689161164,0.0,False
fast_pitch,fluxv_uvlm,3.7600000000000002,45.0,1.7044375289999998,2.71384250742211,0.6135419753019232,0.0,False
fast_pitch,fluxv_uvlm,3.77,45.0,1.697050772,2.71363852073257,0.61347358168773,0.0,False
fast_pitch,fluxv_uvlm,3.7800000000000002,45.0,1.6898239399999997,2.7134345340430297,0.6134051880735368,0.0,False
fast_pitch,fluxv_uvlm,3.79,45.0,1.685542733,2.71323054735349,0.6133367944593437,0.0,False
fast_pitch,fluxv_uvlm,3.8000000000000003,45.0,1.685108345,2.7130330329899888,0.6132696936246339,0.0,False
fast_pitch,fluxv_uvlm,3.81,45.0,1.683031495,2.712836813091695,0.6132028513458206,0.0,False
fast_pitch,fluxv_uvlm,3.8200000000000003,45.0,1.6787502879999998,2.7126405931934023,0.6131360090670075,0.0,False
fast_pitch,fluxv_uvlm,3.83,45.0,1.674469081,2.712444373295109,0.6130691667881943,0.0,False
fast_pitch,fluxv_uvlm,3.84,45.0,1.673005994,2.712253120576393,0.6130033243484523,0.0,False
fast_pitch,fluxv_uvlm,3.85,45.0,1.671957843,2.7120643514474647,0.6129379818282458,0.0,False
fast_pitch,fluxv_uvlm,3.86,45.0,1.667676637,2.711875582318537,0.6128726393080394,0.0,False
fast_pitch,fluxv_uvlm,3.87,45.0,1.670514206,2.711686813189609,0.612807296787833,0.0,False
fast_pitch,fluxv_uvlm,3.88,45.0,1.673005994,2.7115016184627194,0.6127426795293548,0.0,False
fast_pitch,fluxv_uvlm,3.89,45.0,1.673025444,2.7113199981378684,0.6126787875326047,0.0,False
fast_pitch,fluxv_uvlm,3.9,45.0,1.677306651,2.7111383778130174,0.6126148955358547,0.0,False
fast_pitch,fluxv_uvlm,3.91,45.0,1.679057169,2.710956757488166,0.6125510035391047,0.0,False
fast_pitch,fluxv_uvlm,3.92,45.0,1.679057169,2.710777423902092,0.6124875793761226,0.0,False
fast_pitch,fluxv_uvlm,3.93,45.0,1.679057169,2.7106026637935727,0.6124250908806763,0.0,False
fast_pitch,fluxv_uvlm,3.94,45.0,1.679057169,2.7104279036850527,0.6123626023852299,0.0,False
fast_pitch,fluxv_uvlm,3.95,45.0,1.679057169,2.7102531435765327,0.6123001138897834,0.0,False
fast_pitch,fluxv_uvlm,3.96,45.0,1.679057169,2.7100794808610575,0.612237851822297,0.0,False
fast_pitch,fluxv_uvlm,3.97,45.0,1.679057169,2.709911305110802,0.6121767218946103,0.0,False
fast_pitch,fluxv_uvlm,3.98,45.0,1.679057169,2.7097431293605467,0.6121155919669236,0.0,False
fast_pitch,fluxv_uvlm,3.99,45.0,1.679057169,2.7095749536102915,0.6120544620392369,0.0,False
fast_pitch,fluxv_uvlm,4.0,45.0,1.679057169,2.709406777860037,0.61199333211155,0.0,False
fast_pitch,fluxv_uvlm,4.01,45.0,1.673088117,2.7092449227295905,0.6119335177942533,0.0,False
fast_pitch,fluxv_uvlm,4.0200000000000005,45.0,1.6657402599999995,2.7090830675991446,0.6118737034769565,0.0,False
fast_pitch,fluxv_uvlm,4.03,45.0,1.661459054,2.7089212124686983,0.6118138891596596,0.0,False
fast_pitch,fluxv_uvlm,4.04,45.0,1.653452052,2.7087593573382525,0.6117540748423629,0.0,False
fast_pitch,fluxv_uvlm,4.05,45.0,1.644889638,2.7086025592251515,0.6116953226270203,0.0,False
fast_pitch,fluxv_uvlm,4.0600000000000005,45.0,1.6365130819999996,2.7084467725155195,0.6116367828320685,0.0,False
fast_pitch,fluxv_uvlm,4.07,45.0,1.632231875,2.708290985805887,0.6115782430371167,0.0,False
fast_pitch,fluxv_uvlm,4.08,45.0,1.630647764,2.7081351990962546,0.6115197032421651,0.0,False
fast_pitch,fluxv_uvlm,4.09,45.0,1.628793511,2.707983297192355,0.6114619869144765,0.0,False
fast_pitch,fluxv_uvlm,4.1,45.0,1.620231097,2.7078333376913224,0.6114046823204197,0.0,False
fast_pitch,fluxv_uvlm,4.11,45.0,1.608230319,2.7076833781902896,0.6113473777263627,0.0,False
fast_pitch,fluxv_uvlm,4.12,45.0,1.597055095,2.7075334186892572,0.6112900731323058,0.0,False
fast_pitch,fluxv_uvlm,4.13,45.0,1.588492681,2.707386257418923,0.6112333673143431,0.0,False
fast_pitch,fluxv_uvlm,4.14,45.0,1.588289534,2.7072418943792877,0.6111772602724745,0.0,False
fast_pitch,fluxv_uvlm,4.15,45.0,1.581060541,2.707097531339653,0.611121153230606,0.0,False
fast_pitch,fluxv_uvlm,4.16,45.0,1.569496312,2.706953168300018,0.6110650461887375,0.0,False
fast_pitch,fluxv_uvlm,4.17,45.0,1.565215105,2.706810597155111,0.6110093263095682,0.0,False
fast_pitch,fluxv_uvlm,4.18,45.0,1.557782964,2.706671609799662,0.6109543807557973,0.0,False
fast_pitch,fluxv_uvlm,4.19,45.0,1.55198248,2.7065326224442128,0.6108994352020264,0.0,False
fast_pitch,fluxv_uvlm,4.2,45.0,1.55198248,2.706393635088763,0.6108444896482557,0.0,False
fast_pitch,fluxv_uvlm,4.21,45.0,1.55198248,2.7062555084674793,0.6107897319150887,0.0,False
fast_pitch,fluxv_uvlm,4.22,45.0,1.547738013,2.7061216855170214,0.6107359132849411,0.0,False
fast_pitch,fluxv_uvlm,4.23,45.0,1.540232394,2.7059878625665643,0.6106820946547937,0.0,False
fast_pitch,fluxv_uvlm,4.24,45.0,1.544513601,2.705854039616107,0.6106282760246462,0.0,False
fast_pitch,fluxv_uvlm,4.25,45.0,1.543067802,2.7057202166656493,0.6105744573944988,0.0,False
fast_pitch,fluxv_uvlm,4.26,45.0,1.540973663,2.7055913558928126,0.6105217325448983,0.0,False
fast_pitch,fluxv_uvlm,4.2700000000000005,45.00000000000001,1.54525487,2.705462495119976,0.6104690076952979,0.0,False
fast_pitch,fluxv_uvlm,4.28,45.0,1.545931305,2.705333634347139,0.6104162828456973,0.0,False
fast_pitch,fluxv_uvlm,4.29,44.99999999999999,1.545931305,2.7052047735743017,0.6103635579960968,0.0,False
fast_pitch,fluxv_uvlm,4.3,45.0,1.545866471,2.70507988661744,0.6103117181348535,0.0,False
fast_pitch,fluxv_uvlm,4.3100000000000005,45.0,1.541585264,2.704955794423774,0.6102600552712816,0.0,False
fast_pitch,fluxv_uvlm,4.32,45.00000000000001,1.542456201,2.7048317022301074,0.6102083924077096,0.0,False
fast_pitch,fluxv_uvlm,4.33,45.0,1.545931305,2.7047076100364413,0.6101567295441378,0.0,False
fast_pitch,fluxv_uvlm,4.34,45.0,1.545931305,2.7045865733133985,0.6101057543267827,0.0,False
fast_pitch,fluxv_uvlm,4.3500000000000005,45.00000000000001,1.5459313050000003,2.7044670643256676,0.610055122932536,0.0,False
fast_pitch,fluxv_uvlm,4.36,45.0,1.547478677,2.704347555337937,0.6100044915382893,0.0,False
fast_pitch,fluxv_uvlm,4.37,44.99999999999999,1.551759884,2.704228046350206,0.6099538601440427,0.0,False
fast_pitch,fluxv_uvlm,4.38,45.00000000000001,1.54792387,2.7041107402007167,0.6099037298326814,0.0,False
fast_pitch,fluxv_uvlm,4.39,45.0,1.545931305,2.703995636889468,0.6098541006042055,0.0,False
fast_pitch,fluxv_uvlm,4.4,44.99999999999999,1.545412633,2.70388053357822,0.6098044713757297,0.0,False
fast_pitch,fluxv_uvlm,4.41,45.0,1.541131426,2.703765430266971,0.6097548421472538,0.0,False
fast_pitch,fluxv_uvlm,4.42,45.0,1.536850219,2.7036517388317534,0.6097055375901048,0.0,False
fast_pitch,fluxv_uvlm,4.43,44.99999999999999,1.532569012,2.7035408711485966,0.6096568823756092,0.0,False
fast_pitch,fluxv_uvlm,4.44,45.0,1.528287805,2.70343000346544,0.6096082271611137,0.0,False
fast_pitch,fluxv_uvlm,4.45,45.0,1.501379524,2.7033191357822832,0.6095595719466181,0.0,False
fast_pitch,fluxv_uvlm,4.46,45.00000000000001,1.489421969,2.7032089468851574,0.609511074558155,0.0,False
fast_pitch,fluxv_uvlm,4.47,45.0,1.497290658,2.7031021519181855,0.609463366299854,0.0,False
fast_pitch,fluxv_uvlm,4.48,45.0,1.493009451,2.702995356951214,0.609415658041553,0.0,False
fast_pitch,fluxv_uvlm,4.49,45.00000000000001,1.485985765,2.7028885619842424,0.6093679497832518,0.0,False
fast_pitch,fluxv_uvlm,4.5,45.0,1.478395862,2.702781767017271,0.6093202415249508,0.0,False
fast_pitch,fluxv_uvlm,4.51,44.99999999999999,1.474114655,2.702678888663135,0.6092734542040711,0.0,False
fast_pitch,fluxv_uvlm,4.5200000000000005,45.00000000000001,1.4698334489999998,2.7025760103089995,0.6092266668831914,0.0,False
fast_pitch,fluxv_uvlm,4.53,45.0,1.467266021,2.7024731319548643,0.6091798795623117,0.0,False
fast_pitch,fluxv_uvlm,4.54,44.99999999999999,1.467266021,2.702370253600729,0.609133092241432,0.0,False
fast_pitch,fluxv_uvlm,4.55,45.0,1.463041004,2.7022705144198906,0.6090870515099622,0.0,False
fast_pitch,fluxv_uvlm,4.5600000000000005,45.0,1.461214846,2.7021714030737116,0.6090411600963744,0.0,False
fast_pitch,fluxv_uvlm,4.57,45.00000000000001,1.460529766,2.7020722917275326,0.6089952686827865,0.0,False
fast_pitch,fluxv_uvlm,4.58,45.0,1.456248559,2.701973180381354,0.6089493772691987,0.0,False
fast_pitch,fluxv_uvlm,4.59,45.0,1.451967352,2.701876484771766,0.608904067066607,0.0,False
fast_pitch,fluxv_uvlm,4.6000000000000005,45.00000000000001,1.4476861459999995,2.701780997030472,0.6088590474695136,0.0,False
fast_pitch,fluxv_uvlm,4.61,45.0,1.443404939,2.7016855092891787,0.6088140278724201,0.0,False
fast_pitch,fluxv_uvlm,4.62,44.99999999999999,1.443061319,2.701590021547885,0.6087690082753265,0.0,False
fast_pitch,fluxv_uvlm,4.63,45.00000000000001,1.438726083,2.7014962768687463,0.6087244129887815,0.0,False
fast_pitch,fluxv_uvlm,4.64,45.0,1.430958967,2.701404275251762,0.6086802420127851,0.0,False
fast_pitch,fluxv_uvlm,4.65,44.99999999999999,1.430958967,2.7013122736347777,0.6086360710367887,0.0,False
fast_pitch,fluxv_uvlm,4.66,45.0,1.430958967,2.701220272017793,0.6085919000607924,0.0,False
fast_pitch,fluxv_uvlm,4.67,45.0,1.432097885,2.7011293884998193,0.6085480045101747,0.0,False
fast_pitch,fluxv_uvlm,4.68,44.99999999999999,1.436379092,2.7010407411798676,0.6085046598103142,0.0,False
fast_pitch,fluxv_uvlm,4.69,45.0,1.429709832,2.7009520938599154,0.6084613151104538,0.0,False
fast_pitch,fluxv_uvlm,4.7,45.0,1.424907792,2.700863446539964,0.6084179704105933,0.0,False
fast_pitch,fluxv_uvlm,4.71,45.00000000000001,1.424797574,2.7007753371984915,0.608374759834554,0.0,False
fast_pitch,fluxv_uvlm,4.72,45.0,1.420516367,2.700689917749413,0.6083322198776203,0.0,False
fast_pitch,fluxv_uvlm,4.73,45.0,1.418856616,2.7006044983003346,0.6082896799206865,0.0,False
fast_pitch,fluxv_uvlm,4.74,45.00000000000001,1.418005129,2.700519078851256,0.6082471399637527,0.0,False
fast_pitch,fluxv_uvlm,4.75,45.0,1.413723922,2.700433659402178,0.608204600006819,0.0,False
fast_pitch,fluxv_uvlm,4.76,44.99999999999999,1.41280544,2.700351346556723,0.6081628440324751,0.0,False
fast_pitch,fluxv_uvlm,4.7700000000000005,45.00000000000001,1.4112126839999997,2.7002690337112676,0.6081210880581313,0.0,False
fast_pitch,fluxv_uvlm,4.78,45.0,1.406931478,2.7001867208658124,0.6080793320837874,0.0,False
fast_pitch,fluxv_uvlm,4.79,44.99999999999999,1.410858258,2.7001044080203567,0.6080375761094435,0.0,False
fast_pitch,fluxv_uvlm,4.8,45.0,1.410471415,2.700024587062459,0.6079964567673718,0.0,False
fast_pitch,fluxv_uvlm,4.8100000000000005,45.0,1.4061902089999996,2.6999452644820727,0.6079554647517545,0.0,False
fast_pitch,fluxv_uvlm,4.82,45.00000000000001,1.401909002,2.6998659419016864,0.6079144727361372,0.0,False
fast_pitch,fluxv_uvlm,4.83,45.0,1.403778383,2.6997866193213,0.6078734807205199,0.0,False
fast_pitch,fluxv_uvlm,4.84,45.0,1.406754265,2.699709215832628,0.6078329851304279,0.0,False
fast_pitch,fluxv_uvlm,4.8500000000000005,45.00000000000001,1.4067542649999996,2.699632771889813,0.6077927377530986,0.0,False
fast_pitch,fluxv_uvlm,4.86,45.0,1.402937702,2.6995563279469987,0.6077524903757692,0.0,False
fast_pitch,fluxv_uvlm,4.87,44.99999999999999,1.400703089,2.699479884004184,0.6077122429984397,0.0,False
fast_pitch,fluxv_uvlm,4.88,45.00000000000001,1.400979714,2.699404825817463,0.6076723586151935,0.0,False
fast_pitch,fluxv_uvlm,4.89,45.0,1.405260921,2.6993311533868374,0.6076328372260306,0.0,False
fast_pitch,fluxv_uvlm,4.9,44.99999999999999,1.403966402,2.6992574809562115,0.6075933158368676,0.0,False
fast_pitch,fluxv_uvlm,4.91,45.0,1.400703089,2.6991838085255857,0.6075537944477046,0.0,False
fast_pitch,fluxv_uvlm,4.92,45.0,1.400703089,2.699111025658731,0.6075145090513812,0.0,False
fast_pitch,fluxv_uvlm,4.93,44.99999999999999,1.404232221,2.6990400219194193,0.6074756956407369,0.0,False
fast_pitch,fluxv_uvlm,4.94,45.0,1.406754265,2.698969018180107,0.6074368822300926,0.0,False
fast_pitch,fluxv_uvlm,4.95,45.0,1.406754265,2.6988980144407955,0.6073980688194482,0.0,False
fast_pitch,fluxv_uvlm,4.96,45.00000000000001,1.406754265,2.69882743903257,0.6073593705055916,0.0,False
fast_pitch,fluxv_uvlm,4.97,45.0,1.406754265,2.698759005279773,0.6073212476756731,0.0,False
fast_pitch,fluxv_uvlm,4.98,45.0,1.406754265,2.6986905715269764,0.6072831248457546,0.0,False
fast_pitch,fluxv_uvlm,4.99,45.00000000000001,1.406754265,2.6986221377741795,0.6072450020158361,0.0,False
fast_pitch,fluxv_uvlm,5.0,45.0,1.403512563,2.698553704021383,0.6072068791859176,0.0,False
fast_pitch,fluxv_v4b,0.0,1.0397207708397769,0.343908483,4.911259582690148,0.08782068098878208,0.0,False
fast_pitch,fluxv_v4b,0.01,1.2815328667026016,0.437580682,5.519068578915212,0.1293277964881958,0.0,False
fast_pitch,fluxv_v4b,0.02,1.5562319257285733,0.550046104,6.126877575140274,0.17083491198760956,0.0,False
fast_pitch,fluxv_v4b,0.03,1.861730812097786,0.687044721,6.734686571365337,0.2123420274870233,0.0,False
fast_pitch,fluxv_v4b,0.04,2.1949237010065827,0.842672314,7.342495567590401,0.253849142986437,0.0,False
fast_pitch,fluxv_v4b,0.05,2.552119916973499,0.991297833,7.3672678921791315,0.2905633148880324,-0.026786644281526592,False
fast_pitch,fluxv_v4b,0.06,2.929466415788262,1.132013601,7.275383434467744,0.3259199608833607,-0.05898006539222187,False
fast_pitch,fluxv_v4b,0.07,3.323279284768488,1.354636353,7.1834492071941,0.36084089968242467,-0.09122325606517356,True
fast_pitch,fluxv_v4b,0.08,3.7302542282293745,1.590744583,7.091469634025294,0.39532563693019723,-0.12351179263328793,True
fast_pitch,fluxv_v4b,0.09,4.147565342662796,1.834773369,6.829540118510396,0.41615584165764413,-0.14898144255181078,True
fast_pitch,fluxv_v4b,0.1,4.572881027357794,2.078802155,6.48259544753174,0.43002899788837384,-0.17108183343625907,True
fast_pitch,fluxv_v4b,0.11,5.004328888302185,2.309077484,6.1355891000081115,0.44357112832800827,-0.1932439008656822,True
fast_pitch,fluxv_v4b,0.12,5.440435639507175,2.530976256,5.788524801551911,0.45678152118208176,-0.2154639192276774,True
fast_pitch,fluxv_v4b,0.13,5.880059650883662,2.745036595,5.54010605138855,0.4733650691017258,-0.21311381085020045,True
fast_pitch,fluxv_v4b,0.14,6.322326381998515,2.950737667,5.390269690838876,0.49388525871398553,-0.18625673441240448,True
fast_pitch,fluxv_v4b,0.15,6.7665716172602535,3.144187269,5.240290218726025,0.5148230534565756,-0.15954276953778632,True
fast_pitch,fluxv_v4b,0.16,7.212294100990345,3.325080682,5.090162779962933,0.5361767211507403,-0.13297677131340713,True
fast_pitch,fluxv_v4b,0.17,7.6591173548796485,3.48776654,4.985074088868633,0.5614852593557255,-0.10314222048877293,True
fast_pitch,fluxv_v4b,0.18,8.106759617667796,3.628395862,4.970187918913923,0.5943972384967763,-0.06664553866163136,True
fast_pitch,fluxv_v4b,0.19,8.5550105702136,3.754208449,4.955103354197223,0.627883693433178,-0.03034725159647783,True
fast_pitch,fluxv_v4b,0.2,9.00371352764997,3.865519825,4.939813645866099,0.6619422445928268,0.005745891854251988,True
fast_pitch,fluxv_v4b,0.21,9.452751931169445,3.949585783,4.930509332218726,0.6972189768284877,0.03935596442806786,True
fast_pitch,fluxv_v4b,0.22,9.902039165259707,4.022439776,4.9519862405524915,0.7361817496995489,0.061404931179706065,True
fast_pitch,fluxv_v4b,0.23,10.351510916792071,4.083839759,4.973262805906124,0.7754970977092189,0.08325355495121167,True
fast_pitch,fluxv_v4b,0.24,10.80111946068973,4.113808207,4.994334859378903,0.8151626561288835,0.10489766684186407,True
fast_pitch,fluxv_v4b,0.25,11.250829396959258,4.106551118,5.0151982569297315,0.8551760165665208,0.12633312281056427,True
fast_pitch,fluxv_v4b,0.26,11.700614476248218,4.076489742,5.017361440314877,0.8916195320296092,0.1110209932209252,True
fast_pitch,fluxv_v4b,0.27,12.15045523915667,4.033677674,5.019414975540151,0.9278328922016086,0.09559921547141362,True
fast_pitch,fluxv_v4b,0.28,12.600337262443759,3.980051291,5.021361535912351,0.9638148464594134,0.08007046286882821,True
fast_pitch,fluxv_v4b,0.29,13.050249857063076,3.9225608,5.023203807564076,0.9995641719947987,0.06443742154576898,True
fast_pitch,fluxv_v4b,0.3,13.500185102147203,3.862429403,5.046329891841905,1.0410274228227931,0.06454365861142199,True
fast_pitch,fluxv_v4b,0.31,13.950137128543501,3.789648888,5.073554260354943,1.083718560494517,0.06763927306480394,True
fast_pitch,fluxv_v4b,0.32,14.400101587592058,3.711716229,5.100591977401809,1.1264707613593177,0.07054823605201554,True
fast_pitch,fluxv_v4b,0.33,14.850075257337512,3.631179403,5.127442280454431,1.1692818388991355,0.07326978504498374,True
fast_pitch,fluxv_v4b,0.34,15.300055750665583,3.554117681,5.168385565486642,1.2170163636949127,0.08835021454617308,True
fast_pitch,fluxv_v4b,0.35000000000000003,15.750041299007945,3.4704212769999994,5.216200097708625,1.2674847936486555,0.10943484050144993,True
fast_pitch,fluxv_v4b,0.36,16.200030592062244,3.39098663,5.2637254376754,1.3182997212197356,0.13023027420151911,True
fast_pitch,fluxv_v4b,0.37,16.650022659026376,3.322487321,5.31095745209859,1.3694577441747544,0.1507323823580029,True
fast_pitch,fluxv_v4b,0.38,17.100016780595674,3.266163843,5.341835483527636,1.416853441605761,0.15440166320240806,True
fast_pitch,fluxv_v4b,0.39,17.55001242375318,3.212796796,5.356465960288274,1.4600941581089564,0.14134454506046812,True
fast_pitch,fluxv_v4b,0.4,18.000009193445248,3.162978331,5.370943335573513,1.5031500813046352,0.12813432544313003,True
fast_pitch,fluxv_v4b,0.41000000000000003,18.450006796763677,3.12444747,5.385269711079101,1.5460194525220423,0.11477310604614088,True
fast_pitch,fluxv_v4b,0.42,18.90000501638807,3.091976429,5.40398482736162,1.59085847743082,0.10574782205233565,True
fast_pitch,fluxv_v4b,0.43,19.350003690881252,3.073347453,5.4315699884929804,1.6399640484353035,0.10548697215987883,True
fast_pitch,fluxv_v4b,0.44,19.80000270005126,3.081909866,5.458920951133691,1.6890881083950517,0.10499192377677012,True
fast_pitch,fluxv_v4b,0.45,20.25000195405317,3.116870534,5.48603741580087,1.7382279219306922,0.10426237742012986,True
fast_pitch,fluxv_v4b,0.46,20.700001385242427,3.153400184,5.512015109090055,1.7873563605774416,0.10244488117826892,True
fast_pitch,fluxv_v4b,0.47000000000000003,21.15000094204113,3.1888060450000006,5.533247259434696,1.836326254893618,0.09613594945572354,True
fast_pitch,fluxv_v4b,0.48,21.60000058426121,3.244461734,5.554261120263169,1.8852234707928412,0.08960872821700946,True
fast_pitch,fluxv_v4b,0.49,22.050000279460303,3.302859901,5.575057450572989,1.9340454635561888,0.08286397645964169,True
fast_pitch,fluxv_v4b,0.5,22.5,3.364741817,5.595637035857281,1.9827896959551223,0.07590247967674615,True
fast_pitch,fluxv_v4b,0.51,22.9499997205397,3.433241125,5.609324486053885,2.0306000682186363,0.06266078587660981,True
fast_pitch,fluxv_v4b,0.52,23.39999941573879,3.505224182,5.622823140934916,2.0782324747964087,0.04923029676089874,True
fast_pitch,fluxv_v4b,0.53,23.849999057958872,3.583146035,5.63613498482506,2.125684716715884,0.03561299665430284,True
fast_pitch,fluxv_v4b,0.54,24.299998614757577,3.668770171,5.649262024908419,2.1729546152406347,0.02181089274091963,True
fast_pitch,fluxv_v4b,0.55,24.74999804594683,3.741719254,5.673822486832012,2.2270773678360194,0.02013840362891367,True
fast_pitch,fluxv_v4b,0.56,25.19999729994874,3.812044721,5.700413459956709,2.282633256093474,0.020635664310238278,True
fast_pitch,fluxv_v4b,0.5700000000000001,25.649996309118748,3.879858950000001,5.726701025740884,2.3382306228825396,0.020829517651040713,True
fast_pitch,fluxv_v4b,0.58,26.099994983611925,3.944077052,5.752684572650536,2.3938658951607032,0.020719352117321344,True
fast_pitch,fluxv_v4b,0.59,26.549993203236326,3.998706201,5.745214774779498,2.4343385695129665,-0.012168922169945862,True
fast_pitch,fluxv_v4b,0.6,26.999990806554752,4.047227985,5.721174804423831,2.4666071209319367,-0.06128975092827038,True
fast_pitch,fluxv_v4b,0.61,27.44998757624682,4.090040053,5.6972083868787005,2.498143056784973,-0.11033702687606037,True
fast_pitch,fluxv_v4b,0.62,27.899983219404326,4.124976948,5.673323997643582,2.528947272736132,-0.1593022745138362,True
fast_pitch,fluxv_v4b,0.63,28.349977340973624,4.157058985,5.686926567504792,2.5802322450734225,-0.17019204351760597,True
fast_pitch,fluxv_v4b,0.64,28.799969407937756,4.185436837,5.737527741119614,2.6528920853837032,-0.14349468923008593,True
fast_pitch,fluxv_v4b,0.65,29.249958700992057,4.198280458,5.787562229765774,2.7260075912295303,-0.11736401991122838,True
fast_pitch,fluxv_v4b,0.66,29.699944249334422,4.205306305,5.837024540668155,2.799572022667901,-0.09180552833614983,True
fast_pitch,fluxv_v4b,0.67,30.149924742662495,4.206170758,5.8731471327118365,2.8668536516377614,-0.07912303360790113,True
fast_pitch,fluxv_v4b,0.68,30.59989841240795,4.197608345,5.883379512200798,2.9207351914812127,-0.09140330741063696,True
fast_pitch,fluxv_v4b,0.6900000000000001,31.0498628714565,4.185395776,5.893354414364248,2.9744698428829945,-0.10394105853888264,True
fast_pitch,fluxv_v4b,0.7000000000000001,31.499814897852804,4.170671969,5.903073397021553,3.0280545582748504,-0.1167347291732741,True
fast_pitch,fluxv_v4b,0.71,31.949750142936924,4.153657359,5.922638947356898,3.0881212707166954,-0.11937474961205213,True
fast_pitch,fluxv_v4b,0.72,32.399662737556234,4.140813739,5.992089956955069,3.1817774313078253,-0.07059389820013401,True
fast_pitch,fluxv_v4b,0.73,32.84954476084333,4.127970119,6.060653635814514,3.276247416780958,-0.02270037752694426,True
fast_pitch,fluxv_v4b,0.74,33.29938552375179,4.115126498,6.1283202392926075,3.371520708036476,0.02429606776489568,True
fast_pitch,fluxv_v4b,0.75,33.749170603040746,4.102282878,6.195080133434823,3.4675866833424625,0.07038580372085684,True
fast_pitch,fluxv_v4b,0.76,34.19888053931027,4.096164707,6.138976581836284,3.483411380171709,-0.003239071452593778,True
fast_pitch,fluxv_v4b,0.77,34.64848908320793,4.096661768,6.0832116185566765,3.498147479953167,-0.07652535830711055,True
fast_pitch,fluxv_v4b,0.78,35.09796083474029,4.105224182,6.027797782168639,3.511799031386013,-0.1494605182700583,True
fast_pitch,fluxv_v4b,0.79,35.547248068830555,4.121994583,5.972747568311679,3.5243702128203758,-0.2220320557019283,True
fast_pitch,fluxv_v4b,0.8,35.99628647235003,4.146121485,6.00907511710246,3.602946230936139,-0.19708356066141097,True
fast_pitch,fluxv_v4b,0.81,36.4449894297864,4.176089932,6.062765805396013,3.695536650648174,-0.15354347215319486,True
fast_pitch,fluxv_v4b,0.8200000000000001,36.8932403823322,4.206058379,6.1155000660420935,3.7888667504633333,-0.1109598112924487,True
fast_pitch,fluxv_v4b,0.8300000000000001,37.34088264512036,4.245252709000001,6.167269019668884,3.8829252219936228,-0.06934145745099207,True
fast_pitch,fluxv_v4b,0.84,37.78770589900965,4.291980751,6.114310934083459,3.896442601884988,-0.11833404306180229,True
fast_pitch,fluxv_v4b,0.85,38.233428382739746,4.34763644,6.009870293379172,3.8682988965036316,-0.21175113391149725,True
fast_pitch,fluxv_v4b,0.86,38.677673618001485,4.399475565,5.906111945479107,3.838781297036835,-0.30448593195697027,True
fast_pitch,fluxv_v4b,0.87,39.11994034911634,4.454943234,5.803051554587706,3.8078977663122617,-0.3965227729937782,True
fast_pitch,fluxv_v4b,0.88,39.55956436049283,4.514603504,5.722408562698963,3.7894047736527225,-0.4343047522073578,True
fast_pitch,fluxv_v4b,0.89,39.99567111169782,4.570259192,5.663242104339005,3.784543040315807,-0.41877273507157814,True
fast_pitch,fluxv_v4b,0.9,40.42711897264221,4.61309071,5.603529179241744,3.7799712346951875,-0.40378718467310265,True
fast_pitch,fluxv_v4b,0.91,40.8524346573372,4.649052847,5.5432663267809055,3.7756830990253327,-0.38935156163820617,True
fast_pitch,fluxv_v4b,0.92,41.26974577177062,4.685014984,5.433474384677281,3.7209900918818906,-0.36859285183159596,True
fast_pitch,fluxv_v4b,0.93,41.67672071523152,4.720977121,5.225175270670993,3.565368189472592,-0.33463696109865826,True
fast_pitch,fluxv_v4b,0.9400000000000001,42.07053358421174,4.756939258,5.016316084119939,3.4102583059440734,-0.3012411429104879,True
fast_pitch,fluxv_v4b,0.9500000000000001,42.447880083026504,4.792901395,4.80689146368767,3.255654679987032,-0.2684107586035335,True
fast_pitch,fluxv_v4b,0.96,42.80507629899342,4.828863532,4.544957960961171,3.0487619718768233,-0.2441797757532802,True
fast_pitch,fluxv_v4b,0.97,43.13826918790222,4.82381858,4.023226222830302,2.578053478712487,-0.2601996241197846,True
fast_pitch,fluxv_v4b,0.98,43.443768074271425,4.785186146,3.5017207510181887,2.1072173556368696,-0.27599320616753176,True
fast_pitch,fluxv_v4b,0.99,43.718467133297395,4.725249251,2.9804424261472304,1.6362553131577702,-0.29155964127412454,True
fast_pitch,fluxv_v4b,1.0,43.96027922916023,4.642620447,2.4593921172922424,1.1651690674227773,-0.3068980603647469,True
fast_pitch,fluxv_v4b,1.01,44.16846713329731,4.546828175,1.972451555385317,0.7221160685223247,-0.32106632844193617,True
fast_pitch,fluxv_v4b,1.02,44.34376807427125,4.439798006,1.4856853233224767,0.27899434898115016,-0.3350602666750409,True
fast_pitch,fluxv_v4b,1.03,44.48826918790192,4.312852985,0.9990936925760786,-0.16419536920002642,-0.3488796035917031,True
fast_pitch,fluxv_v4b,1.04,44.605076298993,4.171138774,0.5126769319545132,-0.6074523630452839,-0.36252407038353235,True
fast_pitch,fluxv_v4b,1.05,44.69788008302591,4.0152432,0.4526005455491035,-0.6367373338461269,-0.3618301171047191,True
fast_pitch,fluxv_v4b,1.06,44.77053358421091,3.843994929,0.47779060103279186,-0.5832118347503925,-0.35827011276592563,True
fast_pitch,fluxv_v4b,1.07,44.82672071523039,3.663883846,0.5030011412219841,-0.5296772743736089,-0.3546896237216283,True
fast_pitch,fluxv_v4b,1.08,44.86974577176908,3.47623905,0.5282321506095229,-0.47613361954985645,-0.3510886654789845,True
fast_pitch,fluxv_v4b,1.09,44.90243465733513,3.279303538,0.6867604258745205,-0.2978921365265723,-0.36356451561044245,True
fast_pitch,fluxv_v4b,1.1,44.92711897263939,3.074976948,0.9119454388850441,-0.05731662505920099,-0.38407066512215676,True
fast_pitch,fluxv_v4b,1.11,44.94567111169402,2.871404593,1.137148367110688,0.18324468005531747,-0.40455889941875117,True
fast_pitch,fluxv_v4b,1.12,44.9595643604877,2.670343476,1.362369217977503,0.42379178820586705,-0.4250292110741741,True
fast_pitch,fluxv_v4b,1.1300000000000001,44.969940349109415,2.473407963999996,1.5456701378024023,0.6187451349233732,-0.43842532781771626,True
fast_pitch,fluxv_v4b,1.1400000000000001,44.977673617992124,2.287139810999996,1.6870388582773885,0.7681143829533256,-0.44475951795737634,True
fast_pitch,fluxv_v4b,1.1500000000000001,44.98342838272711,2.106432255999996,1.8284091500037585,0.9174823257103262,-0.4510921368456532,True
fast_pitch,fluxv_v4b,1.16,44.9877058989926,1.922340364,1.9697810131843079,1.0668489634389262,-0.4574231842797472,True
fast_pitch,fluxv_v4b,1.17,44.99088264509733,1.765513341,2.094587632357662,1.1983231962453798,-0.4500073609366616,True
fast_pitch,fluxv_v4b,1.18,44.99324038230113,1.620585523,2.1862597377687347,1.2940161942546748,-0.4151018217871035,True
fast_pitch,fluxv_v4b,1.19,44.99498942974444,1.483586906,2.2779297335703173,1.3897112927331723,-0.38019839224703594,True
fast_pitch,fluxv_v4b,1.2,44.996286472293406,1.388082065,2.3695976196676374,1.4854084915856927,-0.3452970724112305,True
fast_pitch,fluxv_v4b,1.21,44.99724806875411,1.30579256,2.4499265035060853,1.5695448251801294,-0.31559375254422806,True
fast_pitch,fluxv_v4b,1.22,44.99796083463711,1.233621485,2.473570002006346,1.595867243772033,-0.3118708065650754,True
fast_pitch,fluxv_v4b,1.23,44.99848908306865,1.165122176,2.4972134251941105,1.6221897268034213,-0.3081479358984195,True
fast_pitch,fluxv_v4b,1.24,44.99888053912226,1.127829645,2.520856773068541,1.6485122742733174,-0.30442514054509695,True
fast_pitch,fluxv_v4b,1.25,44.99917060278696,1.115649493,2.5445000456288027,1.674834886180745,-0.3007024205059435,True
fast_pitch,fluxv_v4b,1.26,44.99938552340921,1.13277432,2.575032544294363,1.7135615924930423,-0.27732965502052265,True
fast_pitch,fluxv_v4b,1.27,44.99954476038091,1.180794721,2.6055648942618204,1.752288414675764,-0.25395703823320515,True
fast_pitch,fluxv_v4b,1.28,44.99966273693203,1.236353158,2.6360970955307423,1.791015352728357,-0.23058457014442274,False
fast_pitch,fluxv_v4b,1.29,44.99975014209434,1.296934071,2.666629148100699,1.829742406650268,-0.2072122507546057,False
fast_pitch,fluxv_v4b,1.3,44.999814896715414,1.365433379,2.670678808825094,1.832231722999365,-0.20646489943124813,False
fast_pitch,fluxv_v4b,1.31,44.999862869921195,1.445265675,2.6694320199485695,1.827473473397052,-0.210242512952991,False
fast_pitch,fluxv_v4b,1.32,44.9998984103355,1.534079645,2.6681852435301683,1.8227152184287805,-0.21402011401660948,True
fast_pitch,fluxv_v4b,1.33,44.99992473986498,1.632547401,2.666938479569898,1.817956958094563,-0.21779770262209758,True
fast_pitch,fluxv_v4b,1.34,44.99994424555817,1.741738704,2.653662687300605,1.8050776695716624,-0.23232472766030515,True
fast_pitch,fluxv_v4b,1.35,44.99995869589466,1.851245534,2.6343723831790435,1.7881378619923352,-0.25222646861263015,True
fast_pitch,fluxv_v4b,1.36,44.999969401056994,1.958206547,2.6150820868034286,1.7711980463121355,-0.27212820181900815,True
fast_pitch,fluxv_v4b,1.37,44.99997733168556,2.056674303,2.595791798173762,1.7542582225310641,-0.29202992727943816,True
fast_pitch,fluxv_v4b,1.3800000000000001,44.999983206866744,2.1449587940000017,2.586539678770406,1.7473630109194498,-0.30142945172244867,True
fast_pitch,fluxv_v4b,1.3900000000000001,44.999987559322854,2.2255258760000016,2.587325722610548,1.7505124176493916,-0.3003267811308515,True
fast_pitch,fluxv_v4b,1.4000000000000001,44.99999078370979,2.302587598000002,2.5881117662195634,1.7536618245079347,-0.29922411077038114,True
fast_pitch,fluxv_v4b,1.41,44.99999317239885,2.37307515,2.5888978095974506,1.7568112314950781,-0.29812144064103907,True
fast_pitch,fluxv_v4b,1.42,44.999994941985676,2.435505994,2.584451555847799,1.7547256465171361,-0.3020823247258394,True
fast_pitch,fluxv_v4b,1.43,44.99999625292919,2.486880475,2.5695407085225885,1.7421700770808746,-0.31617031655940636,True
fast_pitch,fluxv_v4b,1.44,44.999997224100774,2.530198248,2.5546298616388325,1.7296145071738862,-0.33025830795151817,True
fast_pitch,fluxv_v4b,1.45,44.99999794356278,2.557201619,2.5397190151965336,1.717058936796173,-0.34434629890217366,True
fast_pitch,fluxv_v4b,1.46,44.99999847655357,2.565649493,2.5263086153896674,1.7060000679703657,-0.35688466747929465,True
fast_pitch,fluxv_v4b,1.47,44.99999887140298,2.539962252,2.5204004467585097,1.7024247090348266,-0.36167492619019875,True
fast_pitch,fluxv_v4b,1.48,44.99999916391469,2.511275357,2.5144922781648744,1.6988493500534305,-0.36646518486358065,True
fast_pitch,fluxv_v4b,1.49,44.99999938061272,2.478847539,2.5085841096087598,1.695273991026176,-0.37125544349944123,True
fast_pitch,fluxv_v4b,1.5,44.99999954114659,2.440316678,2.5026759410901676,1.6916986319530645,-0.37604570209778004,True
fast_pitch,fluxv_v4b,1.51,44.999999660073016,2.394303971,2.5154553567014375,1.706777420265296,-0.3619738524131156,True
fast_pitch,fluxv_v4b,1.52,44.999999748175895,2.349181651,2.5282347722717415,1.7218562086161233,-0.34790200276941724,True
fast_pitch,fluxv_v4b,1.53,44.999999813444106,2.305565641,2.5410141878010775,1.7369349970055459,-0.3338301531666858,True
fast_pitch,fluxv_v4b,1.54,44.999999861796,2.245628746,2.553793603289448,1.7520137854335638,-0.3197583036049209,True
fast_pitch,fluxv_v4b,1.55,44.99999989761596,2.191116298,2.560310047486489,1.7607941528837916,-0.3118664404399494,True
fast_pitch,fluxv_v4b,1.56,44.999999924152036,2.138799562,2.5655738974246303,1.768314836138753,-0.3052105745549688,True
fast_pitch,fluxv_v4b,1.57,44.999999943810444,2.083143874,2.5708377473568693,1.7758355193989448,-0.29855470867589134,True
fast_pitch,fluxv_v4b,1.58,44.999999958373756,2.055116125,2.5761015972832046,1.7833562026643661,-0.2918988428027174,True
fast_pitch,fluxv_v4b,1.59,44.99999996916252,2.030343044,2.567310394908369,1.7767890202399954,-0.29926427432940617,True
fast_pitch,fluxv_v4b,1.6,44.99999997715503,2.000374597,2.5514916663874545,1.7631779049662888,-0.3136403545515197,True
fast_pitch,fluxv_v4b,1.61,44.99999998307603,1.970406149,2.5356729378695864,1.7495667896893456,-0.3280164347705872,True
fast_pitch,fluxv_v4b,1.62,44.99999998746242,1.945287287,2.519854209354764,1.7359556744091662,-0.34239251498660855,True
fast_pitch,fluxv_v4b,1.6300000000000001,44.99999999071193,1.9245360769999995,2.4892462490648652,1.7075286219189545,-0.37154892308638726,True
fast_pitch,fluxv_v4b,1.6400000000000001,44.99999999311923,1.907411249,2.44384905699969,1.6642856322190127,-0.41548565907012275,True
fast_pitch,fluxv_v4b,1.6500000000000001,44.99999999490261,1.902950669,2.398451864937295,1.6210426425162374,-0.45942239505107785,True
fast_pitch,fluxv_v4b,1.6600000000000001,44.99999999622376,1.9071389470000002,2.353054672877681,1.5777996528106284,-0.5033591310292524,True
fast_pitch,fluxv_v4b,1.67,44.99999999720248,1.919982567,2.3291650128086405,1.5560456291430416,-0.5257898272022902,True
fast_pitch,fluxv_v4b,1.68,44.99999999792756,1.940640848,2.3482904167158485,1.577269537556472,-0.5052084437699542,True
fast_pitch,fluxv_v4b,1.69,44.999999998464695,1.959909521,2.3674158206226616,1.5984934459702833,-0.4846270603380135,True
fast_pitch,fluxv_v4b,1.7,44.99999999886261,1.977034348,2.386541224529078,1.6197173543844752,-0.4640456769064687,True
fast_pitch,fluxv_v4b,1.71,44.99999999915741,1.994159175,2.395217348460014,1.630482531829632,-0.453916847303339,True
fast_pitch,fluxv_v4b,1.72,44.999999999375795,2.017041263,2.351647072515492,1.588954054427751,-0.49605078684033876,True
fast_pitch,fluxv_v4b,1.73,44.99999999953757,2.041619842,2.308076796571189,1.5474255770256469,-0.5381847263771199,True
fast_pitch,fluxv_v4b,1.74,44.999999999657426,2.063025876,2.264506520627106,1.5058970996233199,-0.5803186659136814,True
fast_pitch,fluxv_v4b,1.75,44.999999999746215,2.08081201,2.2209362446832395,1.464368622220769,-0.6224526054500251,True
fast_pitch,fluxv_v4b,1.76,44.99999999981199,2.099786768,2.2163707623362248,1.461788084546801,-0.6256116502703957,True
fast_pitch,fluxv_v4b,1.77,44.99999999986072,2.121032878,2.2118052799892136,1.4592075468728274,-0.6287706950907631,True
fast_pitch,fluxv_v4b,1.78,44.999999999896815,2.133876498,2.207239797642206,1.4566270091988498,-0.6319297399111263,True
fast_pitch,fluxv_v4b,1.79,44.99999999992357,2.146720119,2.2026743152952015,1.4540464715248667,-0.6350887847314867,True
fast_pitch,fluxv_v4b,1.8,44.99999999994338,2.157921277,2.1879890765198606,1.4412991768514534,-0.6483981820654957,True
fast_pitch,fluxv_v4b,1.81,44.99999999995806,2.162202484,2.1712798864588585,1.4265185307781483,-0.663737649902229,True
fast_pitch,fluxv_v4b,1.82,44.99999999996893,2.163151222,2.154570696397863,1.4117378847048365,-0.6790771177389558,True
fast_pitch,fluxv_v4b,1.83,44.999999999976986,2.155338722,2.1378615063368733,1.396957238631518,-0.6944165855756768,True
fast_pitch,fluxv_v4b,1.84,44.99999999998295,2.133932688,2.1214795144585312,1.3824667780528546,-0.7094562531160485,True
fast_pitch,fluxv_v4b,1.85,44.99999999998737,2.124747868,2.1052611216715125,1.3681214102215185,-0.7243460205082466,True
fast_pitch,fluxv_v4b,1.86,44.99999999999064,2.111577916,2.089042728884495,1.353776042390181,-0.7392357879004431,True
fast_pitch,fluxv_v4b,1.87,44.99999999999307,2.094453089,2.0728243360974794,1.3394306745588413,-0.7541255552926375,True
fast_pitch,fluxv_v4b,1.8800000000000001,44.99999999999487,2.0773282619999995,2.0648468547138212,1.3332990501481676,-0.7607962822048556,True
fast_pitch,fluxv_v4b,1.8900000000000001,44.99999999999619,2.0602034349999996,2.065110284733519,1.335381169158161,-0.7592479686370994,True
fast_pitch,fluxv_v4b,1.9000000000000001,44.999999999997186,2.0418035379999995,2.0653737147532167,1.3374632881681552,-0.757699655069343,True
fast_pitch,fluxv_v4b,1.9100000000000001,44.99999999999791,2.0203975049999996,2.0656371447729147,1.3395454071781492,-0.7561513415015862,True
fast_pitch,fluxv_v4b,1.92,44.99999999999846,2.006564085,2.06004365553441,1.3357529561391321,-0.760474994940489,True
fast_pitch,fluxv_v4b,1.93,44.99999999999886,1.991704126,2.0427363277795014,1.3202113650020966,-0.7765425823927075,True
fast_pitch,fluxv_v4b,1.94,44.99999999999915,1.974825669,2.025429000024592,1.3046697738650597,-0.7926101698449269,True
fast_pitch,fluxv_v4b,1.95,44.99999999999937,1.961982048,2.0081216722696835,1.289128182728023,-0.8086777572971453,True
fast_pitch,fluxv_v4b,1.96,44.99999999999954,1.954653642,1.9940962059544094,1.2768598785866123,-0.8214710919816232,True
fast_pitch,fluxv_v4b,1.97,44.99999999999966,1.950372435,1.9964800468373025,1.2809580094233273,-0.8178931628274042,True
fast_pitch,fluxv_v4b,1.98,44.999999999999744,1.946091229,1.9988638877201965,1.2850561402600427,-0.8143152336731844,True
fast_pitch,fluxv_v4b,1.99,44.99999999999982,1.945308898,2.0012477286030896,1.2891542710967574,-0.8107373045189652,True
fast_pitch,fluxv_v4b,2.0,44.99999999999986,1.945308898,2.003631569485983,1.2932524019334728,-0.8071593753647456,True
fast_pitch,fluxv_v4b,2.0100000000000002,44.99999999999989,1.9453088980000004,1.9953948462578144,1.286680097858858,-0.8142475297937961,True
fast_pitch,fluxv_v4b,2.02,44.99999999999992,1.953789189,1.9871581230296456,1.2801077937842433,-0.8213356842228468,True
fast_pitch,fluxv_v4b,2.0300000000000002,44.99999999999994,1.9623516020000005,1.9789213998014767,1.2735354897096287,-0.828423838651897,True
fast_pitch,fluxv_v4b,2.04,44.99999999999996,1.970914016,1.970684676573308,1.2669631856350136,-0.8355119930809475,True
fast_pitch,fluxv_v4b,2.05,44.99999999999997,1.979476429,1.9844855559541932,1.2823882748526918,-0.8205999853784554,True
fast_pitch,fluxv_v4b,2.06,44.99999999999998,1.988038843,2.0026939558568873,1.3022128427288275,-0.8012879452496562,True
fast_pitch,fluxv_v4b,2.07,44.99999999999999,1.999484209,2.020902355759581,1.322037410604962,-0.7819759051208582,True
fast_pitch,fluxv_v4b,2.08,44.99999999999999,2.016609036,2.039110755662276,1.3418619784810975,-0.7626638649920588,True
fast_pitch,fluxv_v4b,2.09,44.99999999999999,2.02187572,2.0308564285981774,1.3351927534341423,-0.7698438951024127,True
fast_pitch,fluxv_v4b,2.1,45.0,2.030522418,2.0093707380506842,1.3152766319256428,-0.7902699603323413,True
fast_pitch,fluxv_v4b,2.11,45.0,2.042540485,1.9878850475031906,1.2953605104171442,-0.8106960255622697,True
fast_pitch,fluxv_v4b,2.12,44.99999999999999,2.046821692,1.9663993569556966,1.2754443889086449,-0.8311220907921982,True
fast_pitch,fluxv_v4b,2.13,44.99999999999999,2.051102899,1.9663739936119717,1.2769661339797778,-0.8301092680979965,True
fast_pitch,fluxv_v4b,2.14,45.0,2.05423006,1.9878089574720144,1.2999257456305422,-0.8076575574796648,True
fast_pitch,fluxv_v4b,2.15,45.0,2.05423006,2.0092439213320565,1.3228853572813057,-0.785205846861334,True
fast_pitch,fluxv_v4b,2.16,45.00000000000001,2.05423006,2.030678885192099,1.3458449689320706,-0.7627541362430021,True
fast_pitch,fluxv_v4b,2.17,45.0,2.052334745,2.0317124668668867,1.3483887905179361,-0.7607176721831671,True
fast_pitch,fluxv_v4b,2.18,44.99999999999999,2.048053538,1.9919432841711744,1.3101010319740136,-0.7995117012403152,True
fast_pitch,fluxv_v4b,2.19,45.0,2.043772332,1.952174101475463,1.2718132734300927,-0.838305730297462,True
fast_pitch,fluxv_v4b,2.2,44.99999999999999,2.034217958,1.9124049187797516,1.2335255148861708,-0.8770997593546095,True
fast_pitch,fluxv_v4b,2.21,44.99999999999999,2.021374337,1.8789656215781692,1.2015607242347843,-0.9095706050746062,True
fast_pitch,fluxv_v4b,2.22,44.99999999999999,2.008530717,1.8771757518472252,1.2012107730460646,-0.9104255341088595,True
fast_pitch,fluxv_v4b,2.23,45.0,1.999064949,1.8753858821162817,1.2008608218573447,-0.9112804631431131,True
fast_pitch,fluxv_v4b,2.24,44.99999999999999,1.987286768,1.8735960123853375,1.2005108706686243,-0.9121353921773669,True
fast_pitch,fluxv_v4b,2.25,44.99999999999999,1.970161941,1.871806142654393,1.200160919479904,-0.9129903212116206,True
fast_pitch,fluxv_v4b,2.2600000000000002,45.0,1.9612753569999997,1.876811148622906,1.206566074762633,-0.9070891528802686,True
fast_pitch,fluxv_v4b,2.27,44.99999999999999,1.952712944,1.881816154591418,1.2129712300453606,-0.9011879845489172,True
fast_pitch,fluxv_v4b,2.2800000000000002,44.99999999999999,1.9429921619999992,1.8868211605599323,1.2193763853280901,-0.8952868162175643,True
fast_pitch,fluxv_v4b,2.29,44.99999999999999,1.925867335,1.8918261665284437,1.225781540610818,-0.8893856478862132,True
fast_pitch,fluxv_v4b,2.3000000000000003,45.0,1.9149233519999995,1.8591733974239784,1.1944972053602212,-0.9211733539620393,True
fast_pitch,fluxv_v4b,2.31,44.99999999999999,1.905040485,1.8189890733049228,1.1556749720029642,-0.9604988349192959,True
fast_pitch,fluxv_v4b,2.32,44.99999999999999,1.892196865,1.7788047491858665,1.1168527386457074,-0.999824315876553,True
fast_pitch,fluxv_v4b,2.33,44.99999999999999,1.887016626,1.738620425066809,1.078030505288449,-1.0391497968338115,True
fast_pitch,fluxv_v4b,2.34,44.99999999999999,1.880673698,1.7352525037501763,1.076000358104877,-1.0416827800955373,True
fast_pitch,fluxv_v4b,2.35,44.99999999999999,1.872986543,1.7502927838347542,1.0923662540081458,-1.0258195145094995,True
fast_pitch,fluxv_v4b,2.36,44.99999999999999,1.87726775,1.7653330639193308,1.108732149911414,-1.009956248923463,True
fast_pitch,fluxv_v4b,2.37,45.0,1.875942975,1.780373344003909,1.1250980458146826,-0.9940929833374251,True
fast_pitch,fluxv_v4b,2.38,44.99999999999999,1.873727812,1.7898661603228454,1.13589894151524,-0.9837943864971488,True
fast_pitch,fluxv_v4b,2.39,44.99999999999999,1.878009019,1.793811512876141,1.1411348370130858,-0.9790604584026341,True
fast_pitch,fluxv_v4b,2.4,44.99999999999999,1.885834486,1.7977568654294362,1.1463707325109311,-0.9743265303081197,True
fast_pitch,fluxv_v4b,2.41,45.0,1.894396899,1.8017022179827318,1.1516066280087762,-0.9695926022136045,True
fast_pitch,fluxv_v4b,2.42,44.99999999999999,1.902959313,1.792364891696789,1.143548582840122,-0.978152348927137,True
fast_pitch,fluxv_v4b,2.43,44.99999999999999,1.911521727,1.7564622077323744,1.108902656338472,-1.0132994452567572,True
fast_pitch,fluxv_v4b,2.44,45.0,1.91756858,1.7205595237679614,1.074256729836824,-1.0484465415863757,True
fast_pitch,fluxv_v4b,2.45,44.99999999999999,1.924832152,1.684656839803547,1.0396108033351745,-1.083593637915996,True
fast_pitch,fluxv_v4b,2.46,44.99999999999999,1.946238186,1.6562498184142163,1.0124551178539032,-1.1112503383263737,True
fast_pitch,fluxv_v4b,2.47,44.99999999999999,1.957873732,1.6653211099002907,1.0227506374745094,-1.1014550591405503,True
fast_pitch,fluxv_v4b,2.48,45.0,1.964949285,1.6743924013863642,1.0330461570951146,-1.0916597799547283,True
fast_pitch,fluxv_v4b,2.49,44.99999999999999,1.969230492,1.6834636928724378,1.0433416767157206,-1.0818645007689058,True
fast_pitch,fluxv_v4b,2.5,44.99999999999999,1.981507895,1.6925349843585122,1.0536371963363262,-1.072069221583083,True
fast_pitch,fluxv_v4b,2.5100000000000002,45.0,1.9898952570000001,1.7231997771013585,1.0854949369244757,-1.0407106930599905,True
fast_pitch,fluxv_v4b,2.52,44.99999999999999,1.994634624,1.753864569844204,1.1173526775126248,-1.009352164536899,True
fast_pitch,fluxv_v4b,2.5300000000000002,44.99999999999999,2.003197038,1.7845293625870504,1.1492104181007747,-0.9779936360138068,True
fast_pitch,fluxv_v4b,2.54,44.99999999999999,2.005820655,1.8151941553298954,1.1810681586889231,-0.9466351074907158,True
fast_pitch,fluxv_v4b,2.5500000000000003,45.0,2.0082195140000003,1.878233200630893,1.2452751118078214,-0.882926449564814,True
fast_pitch,fluxv_v4b,2.56,44.99999999999999,2.016781927,1.9477470964435142,1.3159519074328632,-0.8127477657583562,True
fast_pitch,fluxv_v4b,2.57,44.99999999999999,2.014212339,2.0172609922561353,1.3866287030579045,-0.7425690819518992,True
fast_pitch,fluxv_v4b,2.58,44.99999999999999,2.009931132,2.08677488806876,1.4573054986829497,-0.6723903981454384,True
fast_pitch,fluxv_v4b,2.59,44.99999999999999,2.005649925,2.062500254268937,1.4341745330566527,-0.696018703942081,True
fast_pitch,fluxv_v4b,2.6,44.99999999999999,2.001368718,1.9913313556628949,1.364139686804689,-0.7665505045402713,True
fast_pitch,fluxv_v4b,2.61,44.99999999999999,1.997087512,1.9201624570568563,1.2941048405527285,-0.837082305138458,True
fast_pitch,fluxv_v4b,2.62,45.0,1.990982308,1.8489935584508141,1.224069994300765,-0.9076141057366479,True
fast_pitch,fluxv_v4b,2.63,44.99999999999999,1.978138687,1.8150545914715157,1.1912512340918084,-0.940929214629551,True
fast_pitch,fluxv_v4b,2.64,44.99999999999999,1.968718303,1.8183455561189565,1.1956485599258557,-0.9370276318171702,True
fast_pitch,fluxv_v4b,2.65,44.99999999999999,1.958502622,1.821636520766397,1.2000458857599026,-0.9331260490047898,True
fast_pitch,fluxv_v4b,2.66,45.0,1.945659002,1.8249274854138378,1.2044432115939503,-0.9292244661924088,True
fast_pitch,fluxv_v4b,2.67,44.99999999999999,1.932815382,1.8216258132187728,1.2022390378912868,-0.9319239595031221,True
fast_pitch,fluxv_v4b,2.68,44.99999999999999,1.924760834,1.8051388673387023,1.1868318651152059,-0.9478256050600196,True
fast_pitch,fluxv_v4b,2.69,45.0,1.918605924,1.7886519214586312,1.171424692339126,-0.9637272506169168,True
fast_pitch,fluxv_v4b,2.7,44.99999999999999,1.901481097,1.7721649755785593,1.156017519563044,-0.9796288961738154,True
fast_pitch,fluxv_v4b,2.71,44.99999999999999,1.893763687,1.7602719261589197,1.1451999861417637,-0.9909406792417818,True
fast_pitch,fluxv_v4b,2.72,44.99999999999999,1.888116644,1.7713483590414283,1.1573306494944773,-0.9793031498650993,True
fast_pitch,fluxv_v4b,2.73,45.0,1.87955423,1.7824247919239358,1.16946131284719,-0.9676656204884175,True
fast_pitch,fluxv_v4b,2.74,44.99999999999999,1.878745966,1.7935012248064444,1.1815919761999034,-0.9560280911117356,True
fast_pitch,fluxv_v4b,2.75,44.99999999999999,1.87663886,1.804577657688952,1.1937226395526161,-0.9443905617350536,True
fast_pitch,fluxv_v4b,2.7600000000000002,45.0,1.87269479,1.8124890161002112,1.2026636731874585,-0.935941244005852,True
fast_pitch,fluxv_v4b,2.77,44.99999999999999,1.87269479,1.8204003745114705,1.2116047068223001,-0.9274919262766504,True
fast_pitch,fluxv_v4b,2.7800000000000002,44.99999999999999,1.87269479,1.8283117329227294,1.2205457404571423,-0.9190426085474489,True
fast_pitch,fluxv_v4b,2.79,44.99999999999999,1.871616384,1.836223091333988,1.229486774091984,-0.9105932908182479,True
fast_pitch,fluxv_v4b,2.8000000000000003,45.0,1.8673351780000003,1.847589814713024,1.2418634860896396,-0.8987070388856397,True
fast_pitch,fluxv_v4b,2.81,44.99999999999999,1.870233258,1.8596476110856153,1.254927333759857,-0.8861334001123512,True
fast_pitch,fluxv_v4b,2.82,44.99999999999999,1.878153815,1.871705407458206,1.2679911814300744,-0.8735597613390629,True
fast_pitch,fluxv_v4b,2.83,44.99999999999999,1.890898023,1.883763203830798,1.2810550291002931,-0.8609861225657737,True
fast_pitch,fluxv_v4b,2.84,44.99999999999999,1.89517923,1.8804420553592003,1.278724768370557,-0.8638055231886637,True
fast_pitch,fluxv_v4b,2.85,44.99999999999999,1.904582325,1.869431434465509,1.268697453440844,-0.8743214435096425,True
fast_pitch,fluxv_v4b,2.86,44.99999999999999,1.915843995,1.8584208135718179,1.2586701385111319,-0.8848373638306211,True
fast_pitch,fluxv_v4b,2.87,45.0,1.920125202,1.8474101926781266,1.2486428235814193,-0.8953532841515999,True
fast_pitch,fluxv_v4b,2.88,44.99999999999999,1.924406408,1.8587685891119547,1.2609735685844228,-0.8835102924023852,True
fast_pitch,fluxv_v4b,2.89,44.99999999999999,1.928687615,1.8924960028733033,1.2956623735201438,-0.8493083885829756,True
fast_pitch,fluxv_v4b,2.9,44.99999999999999,1.932968822,1.92622341663465,1.3303511784558633,-0.8151064847635678,True
fast_pitch,fluxv_v4b,2.91,45.0,1.937250029,1.9599508303959985,1.365039983391584,-0.7809045809441584,True
fast_pitch,fluxv_v4b,2.92,44.99999999999999,1.941531236,1.9781803179850135,1.3842238200436323,-0.7622070437871473,True
fast_pitch,fluxv_v4b,2.93,44.99999999999999,1.945308898,1.9654139532293742,1.3723977201283466,-0.7745182399549215,True
fast_pitch,fluxv_v4b,2.94,45.0,1.945308898,1.952647588473735,1.3605716202130615,-0.7868294361226955,True
fast_pitch,fluxv_v4b,2.95,44.99999999999999,1.945308898,1.9398812237180953,1.3487455202977756,-0.7991406322904702,True
fast_pitch,fluxv_v4b,2.96,44.99999999999999,1.947798525,1.9315221721603386,1.3413233379277787,-0.8070475941123164,True
fast_pitch,fluxv_v4b,2.97,44.99999999999999,1.956360938,1.945199686591993,1.355920743284222,-0.7929333842045267,True
fast_pitch,fluxv_v4b,2.98,45.0,1.949899147,1.9588772010236464,1.370518148640665,-0.7788191742967377,True
fast_pitch,fluxv_v4b,2.99,44.99999999999999,1.943322816,1.9725547154553005,1.3851155539971085,-0.7647049643889483,True
fast_pitch,fluxv_v4b,3.0,44.99999999999999,1.939041609,1.9862322298869537,1.3997129593535511,-0.7505907544811595,True
fast_pitch,fluxv_v4b,3.0100000000000002,45.0,1.9347604019999998,1.994395775595697,1.4087767428811837,-0.7420081771196069,True
fast_pitch,fluxv_v4b,3.02,44.99999999999999,1.930479195,2.0025593213044393,1.417840526408816,-0.733425599758054,True
fast_pitch,fluxv_v4b,3.0300000000000002,44.99999999999999,1.9261979889999998,2.0107228670131816,1.4269043099364487,-0.7248430223965017,True
fast_pitch,fluxv_v4b,3.04,44.99999999999999,1.921916782,2.018886412721924,1.4359680934640813,-0.716260445034949,True
fast_pitch,fluxv_v4b,3.0500000000000003,45.0,1.9176355749999998,2.021731184382958,1.4396973014661842,-0.7130107183695901,True
fast_pitch,fluxv_v4b,3.06,44.99999999999999,1.913354368,2.023512201234451,1.4423595943631817,-0.7108275618434697,True
fast_pitch,fluxv_v4b,3.0700000000000003,44.99999999999999,1.9090731619999997,2.025293218085944,1.4450218872601797,-0.708644405317349,True
fast_pitch,fluxv_v4b,3.08,44.99999999999999,1.900582065,2.0270742349374373,1.447684180157177,-0.7064612487912285,True
fast_pitch,fluxv_v4b,3.09,44.99999999999999,1.899339413,2.0225775363833796,1.4440565582731315,-0.7105665783101679,True
fast_pitch,fluxv_v4b,3.1,44.99999999999999,1.900940814,2.0149419801265473,1.4372839789985656,-0.7178161508516371,True
fast_pitch,fluxv_v4b,3.11,44.99999999999999,1.888097193,2.0073064238697134,1.4305113997239987,-0.7250657233931066,True
fast_pitch,fluxv_v4b,3.12,45.0,1.887978331,1.9996708676128807,1.4237388204494321,-0.7323152959345762,True
fast_pitch,fluxv_v4b,3.13,44.99999999999999,1.889437097,1.995113068895414,1.4200351668602909,-0.736494838022929,True
fast_pitch,fluxv_v4b,3.14,44.99999999999999,1.88515589,1.9936330277173133,1.4194004389565738,-0.7376043496581656,True
fast_pitch,fluxv_v4b,3.15,44.99999999999999,1.880874683,1.992152986539213,1.4187657110528566,-0.7387138612934026,True
fast_pitch,fluxv_v4b,3.16,44.99999999999999,1.878745966,1.9906729453611125,1.41813098314914,-0.7398233729286389,True
fast_pitch,fluxv_v4b,3.17,44.99999999999999,1.878363445,1.9916496098475802,1.4199472764825898,-0.7384811072533171,True
fast_pitch,fluxv_v4b,3.18,45.0,1.874082238,1.997539685663183,1.426665612290372,-0.7322352869568787,True
fast_pitch,fluxv_v4b,3.19,45.0,1.875588549,2.003429761478785,1.433383948098154,-0.7259894666604406,True
fast_pitch,fluxv_v4b,3.2,45.0,1.877622176,2.009319837294388,1.4401022839059368,-0.719743646364002,True
fast_pitch,fluxv_v4b,3.21,45.0,1.873340969,2.0163200118660134,1.4479279743162237,-0.7123900851641041,True
fast_pitch,fluxv_v4b,3.22,45.0,1.87269479,2.028870680217746,1.461290437739032,-0.6994978194469095,True
fast_pitch,fluxv_v4b,3.23,45.0,1.87269479,2.0414213485694788,1.4746529011618406,-0.6866055537297152,True
fast_pitch,fluxv_v4b,3.24,45.0,1.8725997,2.0539720169212115,1.4880153645846494,-0.6737132880125208,True
fast_pitch,fluxv_v4b,3.25,45.0,1.868318494,2.066522685272944,1.501377828007458,-0.6608210222953268,True
fast_pitch,fluxv_v4b,3.2600000000000002,45.0,1.8692499420000002,2.0605735157433727,1.496224556981826,-0.666442133322977,True
fast_pitch,fluxv_v4b,3.27,45.0,1.87269479,2.054624346213803,1.4910712859561943,-0.6720632443506267,True
fast_pitch,fluxv_v4b,3.2800000000000002,45.0,1.8726947899999997,2.0486751766842315,1.4859180149305624,-0.6776843553782772,True
fast_pitch,fluxv_v4b,3.29,45.0,1.865999597,2.0427260071546605,1.4807647439049307,-0.6833054664059272,True
fast_pitch,fluxv_v4b,3.3000000000000003,45.0,1.860592439,2.021600410194578,1.460422255766356,-0.7041138039477203,True
fast_pitch,fluxv_v4b,3.31,45.0,1.860592439,1.997439527748397,1.4370419242051962,-0.727959586792339,True
fast_pitch,fluxv_v4b,3.3200000000000003,45.0,1.860592439,1.9732786453022142,1.4136615926440346,-0.7518053696369591,True
fast_pitch,fluxv_v4b,3.33,45.0,1.862911336,1.9491177628560323,1.3902812610828743,-0.7756511524815782,True
fast_pitch,fluxv_v4b,3.34,45.0,1.866643615,1.9539817615924129,1.3959159315689393,-0.7704803247207145,True
fast_pitch,fluxv_v4b,3.35,45.0,1.866643615,1.9733582009200723,1.4160581030786157,-0.7508011916571111,True
fast_pitch,fluxv_v4b,3.36,45.0,1.869703781,1.9927346402477313,1.4362002745882916,-0.7311220585935087,True
fast_pitch,fluxv_v4b,3.37,45.0,1.871404593,2.0121110795753907,1.4563424460979677,-0.7114429255299056,True
fast_pitch,fluxv_v4b,3.38,45.0,1.867123386,2.0025550871634015,1.4475450303699324,-0.720702163434983,True
fast_pitch,fluxv_v4b,3.39,45.0,1.859040745,1.9640666630117627,1.4098080274041846,-0.7588997723087427,True
fast_pitch,fluxv_v4b,3.4,45.0,1.850478331,1.9255782388601257,1.3720710244384386,-0.7970973811825006,True
fast_pitch,fluxv_v4b,3.41,45.0,1.841915917,1.8870898147084874,1.3343340214726909,-0.83529499005626,True
fast_pitch,fluxv_v4b,3.42,45.0,1.833353504,1.8796091875585361,1.3276002069735755,-0.8424885937404049,True
fast_pitch,fluxv_v4b,3.43,45.0,1.82479109,1.9341441544119413,1.3828727694077072,-0.7876741870453383,True
fast_pitch,fluxv_v4b,3.44,45.0,1.817231443,1.988679121265345,1.4381453318418356,-0.7328597803502743,True
fast_pitch,fluxv_v4b,3.45,45.0,1.812950236,2.043214088118751,1.493417894275967,-0.6780453736552077,True
fast_pitch,fluxv_v4b,3.46,45.0,1.812183034,2.0775542607562296,1.5284934352826078,-0.6434275771108271,True
fast_pitch,fluxv_v4b,3.47,45.0,1.813927069,2.010920462314104,1.4625838691518256,-0.7097928313198467,True
fast_pitch,fluxv_v4b,3.48,45.0,1.818208276,1.944286663871981,1.396674303021046,-0.7761580855288631,True
fast_pitch,fluxv_v4b,3.49,45.0,1.813978936,1.8776528654298552,1.3307647368902638,-0.8425233397378825,True
fast_pitch,fluxv_v4b,3.5,45.0,1.812183034,1.8110190669877326,1.2648551707594844,-0.908888593946899,True
fast_pitch,fluxv_v4b,3.5100000000000002,45.0,1.8136137040000004,1.8759310794699173,1.3304784911577903,-0.8437184750729703,True
fast_pitch,fluxv_v4b,3.52,45.0,1.822176118,1.9408430919520998,1.3961018115560937,-0.7785483561990438,True
fast_pitch,fluxv_v4b,3.5300000000000002,45.0,1.8242853849999998,2.005755104434285,1.4617251319543991,-0.7133782373251149,True
fast_pitch,fluxv_v4b,3.54,45.0,1.821372176,2.0706671169164674,1.5273484523527023,-0.6482081184511884,True
fast_pitch,fluxv_v4b,3.5500000000000003,45.0,1.812809763,2.0583882279968275,1.5157704469837958,-0.6602372351933531,True
fast_pitch,fluxv_v4b,3.56,45.0,1.812183034,2.0306711587968316,1.4887521764614555,-0.6877061990587279,True
fast_pitch,fluxv_v4b,3.5700000000000003,45.0,1.812183034,2.002954089596834,1.4617339059391137,-0.7151751629241039,True
fast_pitch,fluxv_v4b,3.58,45.0,1.811755129,1.9752370203968375,1.434715635416773,-0.7426441267894787,True
fast_pitch,fluxv_v4b,3.59,45.0,1.807473922,1.9662560952918535,1.4264254303753892,-0.7513833360432053,True
fast_pitch,fluxv_v4b,3.6,45.0,1.803192716,1.9666432422343745,1.4274992580744827,-0.750757667991109,True
fast_pitch,fluxv_v4b,3.61,45.0,1.798911509,1.967030389176895,1.428573085773576,-0.7501319999390129,True
fast_pitch,fluxv_v4b,3.62,45.0,1.794630302,1.9674175361194162,1.429646913472669,-0.7495063318869167,True
fast_pitch,fluxv_v4b,3.63,45.0,1.790349095,1.946581887779428,1.4094920708714374,-0.7701080523011712,True
fast_pitch,fluxv_v4b,3.64,45.0,1.784157446,1.9045234441569288,1.368108557969879,-0.8119371611817785,True
fast_pitch,fluxv_v4b,3.65,45.0,1.775735506,1.8624650005344323,1.3267250450683223,-0.8537662700623835,True
fast_pitch,fluxv_v4b,3.66,45.0,1.771454299,1.820406556911933,1.285341532166764,-0.8955953789429907,True
fast_pitch,fluxv_v4b,3.67,45.0,1.764521381,1.8080106031842298,1.273616707834976,-0.907764933447951,True
fast_pitch,fluxv_v4b,3.68,45.0,1.75684071,1.8549396292461018,1.321209260642711,-0.8606153792016338,True
fast_pitch,fluxv_v4b,3.69,45.0,1.752559503,1.9018686553079718,1.3688018134504438,-0.8134658249553189,True
fast_pitch,fluxv_v4b,3.7,45.0,1.741492335,1.9487976813698433,1.416394366258179,-0.7663162707090019,True
fast_pitch,fluxv_v4b,3.71,45.0,1.730271727,1.9859069820982285,1.454165347628829,-0.7289878491143731,True
fast_pitch,fluxv_v4b,3.72,45.0,1.721709313,1.973917656159201,1.4428284718140731,-0.7407650907781628,True
fast_pitch,fluxv_v4b,3.73,45.0,1.717281149,1.9619283302201738,1.4314915959993177,-0.7525423324419523,True
fast_pitch,fluxv_v4b,3.74,45.0,1.712999942,1.949939004281146,1.4201547201845621,-0.7643195741057422,True
fast_pitch,fluxv_v4b,3.75,45.0,1.708718736,1.9379496783421186,1.4088178443698067,-0.7760968157695318,True
fast_pitch,fluxv_v4b,3.7600000000000002,45.0,1.7044375289999998,1.93276269785995,1.404272550068743,-0.7810798095621603,True
fast_pitch,fluxv_v4b,3.77,45.0,1.697050772,1.9275757173777814,1.3997272557676794,-0.7860628033547885,True
fast_pitch,fluxv_v4b,3.7800000000000002,45.0,1.6898239399999997,1.9223887368956127,1.3951819614666157,-0.7910457971474171,True
fast_pitch,fluxv_v4b,3.79,45.0,1.685542733,1.9172017564134445,1.3906366671655523,-0.7960287909400454,True
fast_pitch,fluxv_v4b,3.8000000000000003,45.0,1.685108345,1.8884690022399402,1.362536880655984,-0.8245640307500486,True
fast_pitch,fluxv_v4b,3.81,45.0,1.683031495,1.8550270933281712,1.3297261957047182,-0.8578097197635238,True
fast_pitch,fluxv_v4b,3.8200000000000003,45.0,1.6787502879999998,1.8215851844164024,1.2969155107534514,-0.891055408777,True
fast_pitch,fluxv_v4b,3.83,45.0,1.674469081,1.788143275504634,1.2641048258021859,-0.924301097790475,True
fast_pitch,fluxv_v4b,3.84,45.0,1.673005994,1.7637488625083597,1.2403348574106428,-0.9485042580680332,True
fast_pitch,fluxv_v4b,3.85,45.0,1.671957843,1.7438781974698299,1.2210852472989586,-0.9681861539776349,True
fast_pitch,fluxv_v4b,3.86,45.0,1.667676637,1.724007532431302,1.2018356371872758,-0.987868049887235,True
fast_pitch,fluxv_v4b,3.87,45.0,1.670514206,1.704136867392772,1.182586027075592,-1.0075499457968369,True
fast_pitch,fluxv_v4b,3.88,45.0,1.673005994,1.7018965154825556,1.1809617883516297,-1.0096051029801638,True
fast_pitch,fluxv_v4b,3.89,45.0,1.673025444,1.7172864767006517,1.196962921015389,-0.9940335214372167,True
fast_pitch,fluxv_v4b,3.9,45.0,1.677306651,1.7326764379187476,1.2129640536791475,-0.9784619398942698,True
fast_pitch,fluxv_v4b,3.91,45.0,1.679057169,1.7480663991368433,1.228965186342907,-0.9628903583513226,True
fast_pitch,fluxv_v4b,3.92,45.0,1.679057169,1.7296085903296599,1.211115347056028,-0.981168833572432,True
fast_pitch,fluxv_v4b,3.93,45.0,1.679057169,1.6434552414719343,1.1255635638678885,-1.0671474223216384,True
fast_pitch,fluxv_v4b,3.94,45.0,1.679057169,1.5573018926142117,1.0400117806797524,-1.153126011070841,True
fast_pitch,fluxv_v4b,3.95,45.0,1.679057169,1.471148543756485,0.9544599974916127,-1.2391045998200476,True
fast_pitch,fluxv_v4b,3.96,45.0,1.679057169,1.4186475474625424,0.9025590107704141,-1.2914319333985151,True
fast_pitch,fluxv_v4b,3.97,45.0,1.679057169,1.534408313987465,1.0189120063838728,-1.175502991123337,True
fast_pitch,fluxv_v4b,3.98,45.0,1.679057169,1.650169080512383,1.1352650019973267,-1.0595740488481638,True
fast_pitch,fluxv_v4b,3.99,45.0,1.679057169,1.765929847037306,1.2516179976107855,-0.9436451065729857,True
fast_pitch,fluxv_v4b,4.0,45.0,1.679057169,1.881690613562224,1.367970993224239,-0.8277161642978128,True
fast_pitch,fluxv_v4b,4.01,45.0,1.673088117,1.8715159149154483,1.3583794473027337,-0.8377290078141421,True
fast_pitch,fluxv_v4b,4.0200000000000005,45.0,1.6657402599999995,1.8613412162686722,1.3487879013812276,-0.8477418513304724,True
fast_pitch,fluxv_v4b,4.03,45.0,1.661459054,1.851166517621896,1.339196355459722,-0.8577546948468022,True
fast_pitch,fluxv_v4b,4.04,45.0,1.653452052,1.8409918189751204,1.3296048095382167,-0.8677675383631319,True
fast_pitch,fluxv_v4b,4.05,45.0,1.644889638,1.8103458106031676,1.2995345997060141,-0.8982567486219839,True
fast_pitch,fluxv_v4b,4.0600000000000005,45.0,1.6365130819999996,1.7756055402861775,1.2653686570916705,-0.932841232229342,True
fast_pitch,fluxv_v4b,4.07,45.0,1.632231875,1.7408652699691902,1.2312027144773303,-0.9674257158366968,True
fast_pitch,fluxv_v4b,4.08,45.0,1.630647764,1.7061249996522028,1.19703677186299,-1.0020101994440518,True
fast_pitch,fluxv_v4b,4.09,45.0,1.628793511,1.6744739121976655,1.1659542907713532,-1.0335093849946897,True
fast_pitch,fluxv_v4b,4.1,45.0,1.620231097,1.6443674161743533,1.136413540441068,-1.063465921516969,True
fast_pitch,fluxv_v4b,4.11,45.0,1.608230319,1.6142609201510383,1.1068727901107804,-1.0934224580392513,True
fast_pitch,fluxv_v4b,4.12,45.0,1.597055095,1.5841544241277263,1.077332039780495,-1.123378994561531,True
fast_pitch,fluxv_v4b,4.13,45.0,1.588492681,1.5884604333359127,1.0821996212746792,-1.1189258240830104,True
fast_pitch,fluxv_v4b,4.14,45.0,1.588289534,1.6271789477755978,1.121475534593332,-1.08006294660369,True
fast_pitch,fluxv_v4b,4.15,45.0,1.581060541,1.665897462215287,1.1607514479119878,-1.041200069124366,True
fast_pitch,fluxv_v4b,4.16,45.0,1.569496312,1.7046159766549729,1.2000273612306411,-1.002337191645045,True
fast_pitch,fluxv_v4b,4.17,45.0,1.565215105,1.726718235675137,1.2226843126796794,-0.9800923614799741,True
fast_pitch,fluxv_v4b,4.18,45.0,1.557782964,1.7155879838562687,1.2121033403894979,-0.9910836259433933,True
fast_pitch,fluxv_v4b,4.19,45.0,1.55198248,1.7044577320373993,1.2015223680993152,-1.0020748904068135,True
fast_pitch,fluxv_v4b,4.2,45.0,1.55198248,1.69332748021853,1.1909413958091335,-1.013066154870233,True
fast_pitch,fluxv_v4b,4.21,45.0,1.55198248,1.6847233336107914,1.182885212077203,-1.021532174856688,True
fast_pitch,fluxv_v4b,4.22,45.0,1.547738013,1.688749713058697,1.1874529711365263,-1.0173719724583243,True
fast_pitch,fluxv_v4b,4.23,45.0,1.540232394,1.6927760925066042,1.1920207301958492,-1.01321177005996,True
fast_pitch,fluxv_v4b,4.24,45.0,1.544513601,1.6968024719545105,1.1965884892551726,-1.0090515676615963,True
fast_pitch,fluxv_v4b,4.25,45.0,1.543067802,1.7008288514024166,1.2011562483144953,-1.0048913652632327,True
fast_pitch,fluxv_v4b,4.26,45.0,1.540973663,1.7014781798881005,1.2023392675280054,-1.0041131760047122,True
fast_pitch,fluxv_v4b,4.2700000000000005,45.00000000000001,1.54525487,1.7021275083737848,1.2035222867415158,-1.0033349867461911,True
fast_pitch,fluxv_v4b,4.28,45.0,1.545931305,1.7027768368594682,1.204705305955026,-1.0025567974876706,True
fast_pitch,fluxv_v4b,4.29,44.99999999999999,1.545931305,1.703426165345152,1.2058883251685357,-1.0017786082291498,True
fast_pitch,fluxv_v4b,4.3,45.0,1.545866471,1.6922349828265832,1.1952245946956515,-1.0128449037908567,True
fast_pitch,fluxv_v4b,4.3100000000000005,45.0,1.541585264,1.6786756981071649,1.1821915142854884,-1.026280096316609,True
fast_pitch,fluxv_v4b,4.32,45.00000000000001,1.542456201,1.6651164133877465,1.1691584338753267,-1.0397152888423609,True
fast_pitch,fluxv_v4b,4.33,45.0,1.545931305,1.6515571286683293,1.1561253534651645,-1.053150481368112,True
fast_pitch,fluxv_v4b,4.34,45.0,1.545931305,1.6267665799474433,1.1318561474449558,-1.0778199933659551,True
fast_pitch,fluxv_v4b,4.3500000000000005,45.00000000000001,1.5459313050000003,1.596360399225822,1.101968878619722,-1.1081066650998457,True
fast_pitch,fluxv_v4b,4.36,45.0,1.547478677,1.5659542185042032,1.0720816097944907,-1.1383933368337336,True
fast_pitch,fluxv_v4b,4.37,44.99999999999999,1.551759884,1.5355480377825845,1.0421943409692593,-1.1686800085676214,True
fast_pitch,fluxv_v4b,4.38,45.00000000000001,1.54792387,1.5345748574037736,1.0417365192158177,-1.169535882796943,True
fast_pitch,fluxv_v4b,4.39,45.0,1.545931305,1.5630346773677708,1.0707081445341662,-1.1409609595216974,True
fast_pitch,fluxv_v4b,4.4,44.99999999999999,1.545412633,1.5914944973317704,1.099679769852517,-1.1123860362464497,True
fast_pitch,fluxv_v4b,4.41,45.0,1.541131426,1.6199543172957664,1.128651395170865,-1.0838111129712047,True
fast_pitch,fluxv_v4b,4.42,45.0,1.536850219,1.6349584805738493,1.1441650543440884,-1.068693258257904,True
fast_pitch,fluxv_v4b,4.43,44.99999999999999,1.532569012,1.623051330480111,1.1327627812270695,-1.0804895406684856,True
fast_pitch,fluxv_v4b,4.44,45.0,1.528287805,1.6111441803863722,1.12136050811005,-1.0922858230790677,True
fast_pitch,fluxv_v4b,4.45,45.0,1.501379524,1.5992370302926338,1.109958234993031,-1.1040821054896495,True
fast_pitch,fluxv_v4b,4.46,45.00000000000001,1.489421969,1.5885266299134475,1.0997515853440283,-1.11468231697171,True
fast_pitch,fluxv_v4b,4.47,45.0,1.497290658,1.583799978107019,1.0955230530351039,-1.1193021738111666,True
fast_pitch,fluxv_v4b,4.48,45.0,1.493009451,1.5790733263005896,1.0912945207261793,-1.1239220306506243,True
fast_pitch,fluxv_v4b,4.49,45.00000000000001,1.485985765,1.5743466744941614,1.087065988417255,-1.128541887490081,True
fast_pitch,fluxv_v4b,4.5,45.0,1.478395862,1.569620022687733,1.0828374561083307,-1.1331617443295379,True
fast_pitch,fluxv_v4b,4.51,44.99999999999999,1.474114655,1.5586989623463254,1.072407921824018,-1.1439799263168098,True
fast_pitch,fluxv_v4b,4.5200000000000005,45.00000000000001,1.4698334489999998,1.5477779020049167,1.0619783875397042,-1.1547981083040828,True
fast_pitch,fluxv_v4b,4.53,45.0,1.467266021,1.5368568416635098,1.0515488532553914,-1.1656162902913545,True
fast_pitch,fluxv_v4b,4.54,44.99999999999999,1.467266021,1.5259357813221024,1.0411193189710786,-1.1764344722786266,True
fast_pitch,fluxv_v4b,4.55,45.0,1.463041004,1.5276688993007639,1.0433385997651885,-1.1746016151191268,True
fast_pitch,fluxv_v4b,4.5600000000000005,45.0,1.461214846,1.5319328529434382,1.048087643574982,-1.1702385501302734,True
fast_pitch,fluxv_v4b,4.57,45.00000000000001,1.460529766,1.5361968065861125,1.052836687384775,-1.1658754851414201,True
fast_pitch,fluxv_v4b,4.58,45.0,1.456248559,1.540460760228787,1.0575857311945678,-1.161512420152567,True
fast_pitch,fluxv_v4b,4.59,45.0,1.451967352,1.5427095511343925,1.0603154226218454,-1.1591669336373733,True
fast_pitch,fluxv_v4b,4.6000000000000005,45.00000000000001,1.4476861459999995,1.5439507606714629,1.0620354378578656,-1.157830236359009,True
fast_pitch,fluxv_v4b,4.61,45.0,1.443404939,1.5451919702085342,1.063755453093886,-1.1564935390806446,True
fast_pitch,fluxv_v4b,4.62,44.99999999999999,1.443061319,1.5464331797456052,1.0654754683299057,-1.15515684180228,True
fast_pitch,fluxv_v4b,4.63,45.00000000000001,1.438726083,1.5464910861761552,1.066009111055104,-1.155005190692591,True
fast_pitch,fluxv_v4b,4.64,45.0,1.430958967,1.5453656895001846,1.0653563812694808,-1.1560385857515774,True
fast_pitch,fluxv_v4b,4.65,44.99999999999999,1.430958967,1.5442402928242145,1.0647036514838575,-1.1570719808105632,True
fast_pitch,fluxv_v4b,4.66,45.0,1.430958967,1.5431148961482433,1.0640509216982346,-1.1581053758695496,True
fast_pitch,fluxv_v4b,4.67,45.0,1.432097885,1.5401331521212425,1.0615398450456668,-1.1609962363785769,True
fast_pitch,fluxv_v4b,4.68,44.99999999999999,1.436379092,1.5334387133921825,1.0553120746592113,-1.167602027787685,True
fast_pitch,fluxv_v4b,4.69,45.0,1.429709832,1.5267442746631212,1.0490843042727556,-1.1742078191967942,True
fast_pitch,fluxv_v4b,4.7,45.0,1.424907792,1.5200498359340617,1.0428565338862998,-1.1808136106059024,True
fast_pitch,fluxv_v4b,4.71,45.00000000000001,1.424797574,1.5145555527950636,1.0378279418627405,-1.186219784403428,True
fast_pitch,fluxv_v4b,4.72,45.0,1.420516367,1.515062047606372,1.0387952416536588,-1.185627870143041,True
fast_pitch,fluxv_v4b,4.73,45.0,1.418856616,1.5155685424176801,1.0397625414445775,-1.1850359558826544,True
fast_pitch,fluxv_v4b,4.74,45.00000000000001,1.418005129,1.5160750372289882,1.0407298412354957,-1.184444041622268,True
fast_pitch,fluxv_v4b,4.75,45.0,1.413723922,1.516581532040297,1.0416971410264142,-1.183852127361881,True
fast_pitch,fluxv_v4b,4.76,44.99999999999999,1.41280544,1.505470161819685,1.031040842772357,-1.1948811847370377,True
fast_pitch,fluxv_v4b,4.7700000000000005,45.00000000000001,1.4112126839999997,1.4943587915990715,1.0203845445182984,-1.205910242112196,True
fast_pitch,fluxv_v4b,4.78,45.0,1.406931478,1.4832474213784592,1.009728246264241,-1.2169392994873531,True
fast_pitch,fluxv_v4b,4.79,44.99999999999999,1.410858258,1.4721360511578463,0.9990719480101833,-1.2279683568625104,True
fast_pitch,fluxv_v4b,4.8,45.0,1.410471415,1.4754537323361478,1.0028400283648353,-1.2245708547263112,True
fast_pitch,fluxv_v4b,4.8100000000000005,45.0,1.4061902089999996,1.4816572237942316,1.009492984441229,-1.2182880406878411,True
fast_pitch,fluxv_v4b,4.82,45.00000000000001,1.401909002,1.487860715252315,1.0161459405176219,-1.2120052266493715,True
fast_pitch,fluxv_v4b,4.83,45.0,1.403778383,1.4940642067103975,1.0227988965940145,-1.2057224126109025,True
fast_pitch,fluxv_v4b,4.84,45.0,1.406754265,1.4973986623317392,1.0265791593142117,-1.202310553500889,True
fast_pitch,fluxv_v4b,4.8500000000000005,45.00000000000001,1.4067542649999996,1.4992986000347108,1.0289230753563121,-1.2003341718551024,True
fast_pitch,fluxv_v4b,4.86,45.0,1.402937702,1.5011985377376829,1.0312669913984123,-1.1983577902093159,True
fast_pitch,fluxv_v4b,4.87,44.99999999999999,1.400703089,1.503098475440654,1.033610907440512,-1.1963814085635298,True
fast_pitch,fluxv_v4b,4.88,45.00000000000001,1.400979714,1.5033536296387313,1.0343073551177198,-1.196051196178732,True
fast_pitch,fluxv_v4b,4.89,45.0,1.405260921,1.5019640003319146,1.0333563344300356,-1.1973671530549228,True
fast_pitch,fluxv_v4b,4.9,44.99999999999999,1.403966402,1.5005743710250978,1.0324053137423514,-1.1986831099311137,True
fast_pitch,fluxv_v4b,4.91,45.0,1.400703089,1.4991847417182813,1.0314542930546673,-1.1999990668073044,True
fast_pitch,fluxv_v4b,4.92,45.0,1.400703089,1.4979977843520913,1.0307041917957949,-1.2011132413066397,True
fast_pitch,fluxv_v4b,4.93,44.99999999999999,1.404232221,1.4972161708671545,1.030355929394546,-1.2018238510522647,True
fast_pitch,fluxv_v4b,4.94,45.0,1.406754265,1.4964345573822173,1.0300076669932972,-1.2025344607978898,True
fast_pitch,fluxv_v4b,4.95,45.0,1.406754265,1.4956529438972803,1.0296594045920475,-1.2032450705435151,True
fast_pitch,fluxv_v4b,4.96,45.00000000000001,1.406754265,1.4951277927075914,1.0295667462337914,-1.2036996463249785,True
fast_pitch,fluxv_v4b,4.97,45.0,1.406754265,1.4958849529941407,1.0307521080905009,-1.2028740522856323,True
fast_pitch,fluxv_v4b,4.98,45.0,1.406754265,1.4966421132806902,1.031937469947211,-1.2020484582462863,True
fast_pitch,fluxv_v4b,4.99,45.00000000000001,1.406754265,1.4973992735672392,1.0331228318039205,-1.2012228642069402,True
fast_pitch,fluxv_v4b,5.0,45.0,1.403512563,1.4981564338537885,1.03430819366063,-1.2003972701675945,True
