case_id,model,phase,CL,CD,persistence,ldvm_delta_CL,ldvm_delta_CD,ldvm_shedding
W1,fluxv_old,0.0,0.4364289963306539,0.03848638877537684,,,,
W1,fluxv_old,0.0078125,0.48753943798288885,0.034880885717494974,,,,
W1,fluxv_old,0.015625,0.5398632069629739,0.029642126820851905,,,,
W1,fluxv_old,0.0234375,0.593258125429791,0.022712345310636785,,,,
W1,fluxv_old,0.03125,0.6476780616361537,0.014056204083126736,,,,
W1,fluxv_old,0.0390625,0.7030399111129616,0.0036447959346239765,,,,
W1,fluxv_old,0.046875,0.7592473024988702,-0.008539889680430113,,,,
W1,fluxv_old,0.0546875,0.8161937972389792,-0.02250321645266658,,,,
W1,fluxv_old,0.0625,0.8737594206905519,-0.03823699601101151,,,,
W1,fluxv_old,0.0703125,0.9318097628909296,-0.055718199499054134,,,,
W1,fluxv_old,0.078125,0.9901954559393211,-0.07490762255944974,,,,
W1,fluxv_old,0.0859375,1.0487519382364403,-0.0957485778456816,,,,
W1,fluxv_old,0.09375,1.1072993568485632,-0.11816567315083586,,,,
W1,fluxv_old,0.1015625,1.165642767556328,-0.14206372366874143,,,,
W1,fluxv_old,0.109375,1.2235726458067624,-0.16732686065767732,,,,
W1,fluxv_old,0.1171875,1.2808656778181116,-0.1938179004640581,,,,
W1,fluxv_old,0.125,1.337286034865709,-0.22137804185453266,,,,
W1,fluxv_old,0.1328125,1.3925869995109168,-0.24982696074230104,,,,
W1,fluxv_old,0.140625,1.4465130426946644,-0.27896336737461846,,,,
W1,fluxv_old,0.1484375,1.498802409959364,-0.30856608826023296,,,,
W1,fluxv_old,0.15625,1.5491901151022767,-0.3383957183293372,,,,
W1,fluxv_old,0.1640625,1.5974113504464516,-0.3681968761369725,,,,
W1,fluxv_old,0.171875,1.64320532624294,-0.39770107648047204,,,,
W1,fluxv_old,0.1796875,1.6863193333303674,-0.4266301991135996,,,,
W1,fluxv_old,0.1875,1.7265130280006902,-0.4547005152273708,,,,
W1,fluxv_old,0.1953125,1.763562794194112,-0.48162719465867593,,,,
W1,fluxv_old,0.203125,1.797265946663069,-0.5071291811934155,,,,
W1,fluxv_old,0.2109375,1.8274448155758447,-0.5309343145479479,,,,
W1,fluxv_old,0.21875,1.8539502629078484,-0.5527845149432584,,,,
W1,fluxv_old,0.2265625,1.8766648024432524,-0.5724408804104403,,,,
W1,fluxv_old,0.234375,1.8955048724873667,-0.5896884838659034,,,,
W1,fluxv_old,0.2421875,1.9104224025983028,-0.6043407074326257,,,,
W1,fluxv_old,0.25,1.921405376953107,-0.6162429280409036,,,,
W1,fluxv_old,0.2578125,1.9284775189359102,-0.6252754212064285,,,,
W1,fluxv_old,0.265625,1.9316970202921855,-0.6313553660501816,,,,
W1,fluxv_old,0.2734375,1.9311543178863748,-0.634437881316743,,,,
W1,fluxv_old,0.28125,1.9269691239326543,-0.6345160778254465,,,,
W1,fluxv_old,0.2890625,1.9192867287665656,-0.6316201430385969,,,,
W1,fluxv_old,0.296875,1.908273784414659,-0.6258155349058431,,,,
W1,fluxv_old,0.3046875,1.8941137361397924,-0.6172003910653906,,,,
W1,fluxv_old,0.3125,1.8770020535700824,-0.6059022899642639,,,,
W1,fluxv_old,0.3203125,1.8571414928370609,-0.5920745306421229,,,,
W1,fluxv_old,0.328125,1.8347375366077459,-0.5758920988146616,,,,
W1,fluxv_old,0.3359375,1.809994128646789,-0.5575474846203698,,,,
W1,fluxv_old,0.34375,1.7831098599007065,-0.537246514579068,,,,
W1,fluxv_old,0.3515625,1.7542747038166935,-0.5152043390309315,,,,
W1,fluxv_old,0.359375,1.7236673324799643,-0.49164168869595376,,,,
W1,fluxv_old,0.3671875,1.691453035292859,-0.4667814885741014,,,,
W1,fluxv_old,0.375,1.6577822645556692,-0.440845891660223,,,,
W1,fluxv_old,0.3828125,1.6227897880503181,-0.414053765354349,,,,
W1,fluxv_old,0.390625,1.5865943902601027,-0.3866186373664361,,,,
W1,fluxv_old,0.3984375,1.5492990505392465,-0.3587470868885104,,,,
W1,fluxv_old,0.40625,1.510991540411825,-0.33063755096888525,,,,
W1,fluxv_old,0.4140625,1.4717453757850987,-0.3024795029546118,,,,
W1,fluxv_old,0.421875,1.4316210511151597,-0.27445295097868544,,,,
W1,fluxv_old,0.4296875,1.390667484109369,-0.2467282001338252,,,,
W1,fluxv_old,0.4375,1.3489236001986373,-0.21946582124286151,,,,
W1,fluxv_old,0.4453125,1.3064199971275707,-0.19281677112417553,,,,
W1,fluxv_old,0.453125,1.263180645394464,-0.16692261275418083,,,,
W1,fluxv_old,0.4609375,1.2192245873116536,-0.1419157884624292,,,,
W1,fluxv_old,0.46875,1.1745676030240024,-0.11791990499803622,,,,
W1,fluxv_old,0.4765625,1.1292238204874951,-0.09504999525894597,,,,
W1,fluxv_old,0.484375,1.0832072546572613,-0.0734127273105271,,,,
W1,fluxv_old,0.4921875,1.0365332623465382,-0.05310653751099968,,,,
W1,fluxv_old,0.5,0.9892198987493749,-0.03422167091514335,,,,
W1,fluxv_old,0.5078125,0.9412891781300707,-0.016840116006135563,,,,
W1,fluxv_old,0.515625,0.8927682494251842,-0.0010354239360015412,,,,
W1,fluxv_old,0.5234375,0.843690478589559,0.013127590788062972,,,,
W1,fluxv_old,0.53125,0.7940964288197642,0.025593265805230633,,,,
W1,fluxv_old,0.5390625,0.7440347445293966,0.03631561857519341,,,,
W1,fluxv_old,0.546875,0.6935629532848326,0.045258980637850846,,,,
W1,fluxv_old,0.5546875,0.642748186535726,0.05239872696740546,,,,
W1,fluxv_old,0.5625,0.591667787815472,0.057722078343456135,,,,
W1,fluxv_old,0.5703125,0.5404098468794764,0.061228964659333716,,,,
W1,fluxv_old,0.578125,0.489073331902057,0.06293284966589861,,,,
W1,fluxv_old,0.5859375,0.4377685496964651,0.06286165170510961,,,,
W1,fluxv_old,0.59375,0.38661718768054265,0.061058561497933025,,,,
W1,fluxv_old,0.6015625,0.335752211254251,0.057582778785974745,,,,
W1,fluxv_old,0.609375,0.28531754082142935,0.052510106039688316,,,,
W1,fluxv_old,0.6171875,0.2354675265310324,0.04593335789369358,,,,
W1,fluxv_old,0.625,0.1863661798916055,0.037962528249117694,,,,
W1,fluxv_old,0.6328125,0.13818610716375665,0.028724649277469896,,,,
W1,fluxv_old,0.640625,0.09110716195102965,0.01836329859823173,,,,
W1,fluxv_old,0.6484375,0.04531477216032902,0.007037696037635646,,,,
W1,fluxv_old,0.65625,0.0009979559897612623,-0.005078645111015865,,,,
W1,fluxv_old,0.6640625,-0.04165294624644156,-0.017799732752212943,,,,
W1,fluxv_old,0.671875,-0.0824488104975239,-0.030929388495267378,,,,
W1,fluxv_old,0.6796875,-0.12120443961396657,-0.04426398515840011,,,,
W1,fluxv_old,0.6875,-0.15774133153653336,-0.05759556977299882,,,,
W1,fluxv_old,0.6953125,-0.19189046778312546,-0.07071532065679524,,,,
W1,fluxv_old,0.703125,-0.2234951758987504,-0.08341730400900003,,,,
W1,fluxv_old,0.7109375,-0.25241395314806037,-0.09550241799602796,,,,
W1,fluxv_old,0.71875,-0.27852304107459713,-0.10678235640294825,,,,
W1,fluxv_old,0.7265625,-0.3017186097779105,-0.11708343437346573,,,,
W1,fluxv_old,0.734375,-0.3219184737053768,-0.1262501356224772,,,,
W1,fluxv_old,0.7421875,-0.33906326253950014,-0.13414824129720088,,,,
W1,fluxv_old,0.75,-0.35311699728274193,-0.14066741757636933,,,,
W1,fluxv_old,0.7578125,-0.3640670515537057,-0.1457231642062949,,,,
W1,fluxv_old,0.765625,-0.37192345187709336,-0.14925803826513864,,,,
W1,fluxv_old,0.7734375,-0.37671761856121,-0.15124214009933115,,,,
W1,fluxv_old,0.78125,-0.3784998088274631,-0.1516725937082329,,,,
W1,fluxv_old,0.7890625,-0.3773383605641579,-0.15057308633961736,,,,
W1,fluxv_old,0.796875,-0.3733156287897814,-0.1479917747754517,,,,
W1,fluxv_old,0.8046875,-0.36652546219454574,-0.14399925973008473,,,,
W1,fluxv_old,0.8125,-0.35707128981475933,-0.13868638102331834,,,,
W1,fluxv_old,0.8203125,-0.34506454078395565,-0.13216182113192793,,,,
W1,fluxv_old,0.828125,-0.3306198428584932,-0.12454845986647775,,,,
W1,fluxv_old,0.8359375,-0.3138520974767441,-0.11598027373430735,,,,
W1,fluxv_old,0.84375,-0.29487400198828145,-0.1065993757880389,,,,
W1,fluxv_old,0.8515625,-0.2737939212468843,-0.0965532445993642,,,,
W1,fluxv_old,0.859375,-0.25071413628522066,-0.08599221540875941,,,,
W1,fluxv_old,0.8671875,-0.22572949077733026,-0.07506728629374336,,,,
W1,fluxv_old,0.875,-0.19892643927930045,-0.06392826922663712,,,,
W1,fluxv_old,0.8828125,-0.17038248616058727,-0.05272229455738741,,,,
W1,fluxv_old,0.890625,-0.14016599228690063,-0.04159265902380013,,,,
W1,fluxv_old,0.8984375,-0.10833631584304707,-0.03067799179435641,,,,
W1,fluxv_old,0.90625,-0.07494424673593718,-0.020111701495585072,,,,
W1,fluxv_old,0.9140625,-0.04003269089361821,-0.01002165969459147,,,,
W1,fluxv_old,0.921875,-0.0036375594032107056,-0.000530072073056895,,,,
W1,fluxv_old,0.9296875,0.0342111812280326,0.008246512489638019,,,,
W1,fluxv_old,0.9375,0.07348833803399786,0.016197103185435918,,,,
W1,fluxv_old,0.9453125,0.11417223607277456,0.02321612394366157,,,,
W1,fluxv_old,0.953125,0.15624340987843824,0.029203266032163708,,,,
W1,fluxv_old,0.9609375,0.19968326781774137,0.034063371815779356,,,,
W1,fluxv_old,0.96875,0.2444727495853174,0.03770637926686177,,,,
W1,fluxv_old,0.9765625,0.29059099289770024,0.040047351493092256,,,,
W1,fluxv_old,0.984375,0.3380140209973074,0.0410066102728474,,,,
W1,fluxv_old,0.9921875,0.3867134572424388,0.040509987470943455,,,,
W1,fluxv_old_filtered,0.0,0.43652509040512,0.038501627673495006,,,,
W1,fluxv_old_filtered,0.0078125,0.4876461219556185,0.034897910021224686,,,,
W1,fluxv_old_filtered,0.015625,0.5399211989638284,0.029652360187516935,,,,
W1,fluxv_old_filtered,0.0234375,0.593292006348248,0.022718008017450428,,,,
W1,fluxv_old_filtered,0.03125,0.6476894700386528,0.01405678549073428,,,,
W1,fluxv_old_filtered,0.0390625,0.7030327402334127,0.0036405236627698907,,,,
W1,fluxv_old_filtered,0.046875,0.7592282882739338,-0.008547960036758544,,,,
W1,fluxv_old_filtered,0.0546875,0.8161691258684222,-0.022513692651289205,,,,
W1,fluxv_old_filtered,0.0625,0.8737341554749682,-0.03824830684133776,,,,
W1,fluxv_old_filtered,0.0703125,0.9317876624300298,-0.055728750206327025,,,,
W1,fluxv_old_filtered,0.078125,0.9901789630111264,-0.07491596846003162,,,,
W1,fluxv_old_filtered,0.0859375,1.0487422278816854,-0.09575359767090402,,,,
W1,fluxv_old_filtered,0.09375,1.1072965067858958,-0.11816671143571816,,,,
W1,fluxv_old_filtered,0.1015625,1.165645987137745,-0.1420606797536606,,,,
W1,fluxv_old_filtered,0.109375,1.2235805252288994,-0.1673202064323051,,,,
W1,fluxv_old_filtered,0.1171875,1.2808764929662744,-0.19380861990424297,,,,
W1,fluxv_old_filtered,0.125,1.337297984129412,-0.22136749718018878,,,,
W1,fluxv_old_filtered,0.1328125,1.3925984210327929,-0.24981670124131256,,,,
W1,fluxv_old_filtered,0.140625,1.446522594396006,-0.2789549076360977,,,,
W1,fluxv_old_filtered,0.1484375,1.498809155788288,-0.30856068587639685,,,,
W1,fluxv_old_filtered,0.15625,1.5491935633590708,-0.33839418530799203,,,,
W1,fluxv_old_filtered,0.1640625,1.5974114583899057,-0.368199453798179,,,,
W1,fluxv_old_filtered,0.171875,1.6432024237549747,-0.39770739163442304,,,,
W1,fluxv_old_filtered,0.1796875,1.686314047390395,-0.42663931369676106,,,,
W1,fluxv_old_filtered,0.1875,1.7265061864376738,-0.4547110618541471,,,,
W1,fluxv_old_filtered,0.1953125,1.7635553031210818,-0.4816375785114919,,,,
W1,fluxv_old_filtered,0.203125,1.7972587239027846,-0.507137823309506,,,,
W1,fluxv_old_filtered,0.2109375,1.8274386610630873,-0.5309398901564079,,,,
W1,fluxv_old_filtered,0.21875,1.853945832171786,-0.5527861628914625,,,,
W1,fluxv_old_filtered,0.2265625,1.8766625189397934,-0.5724383364797616,,,,
W1,fluxv_old_filtered,0.234375,1.8955049229293408,-0.5896821278134499,,,,
W1,fluxv_old_filtered,0.2421875,1.9104247010318147,-0.6043315065083963,,,,
W1,fluxv_old_filtered,0.25,1.9214095971983332,-0.6162322915019434,,,,
W1,fluxv_old_filtered,0.2578125,1.9284831266474294,-0.6252649831289578,,,,
W1,fluxv_old_filtered,0.265625,1.9317033121599283,-0.6313467314504619,,,,
W1,fluxv_old_filtered,0.2734375,1.9311605162549172,-0.6344323781973253,,,,
W1,fluxv_old_filtered,0.28125,1.9269744550780699,-0.634514549648594,,,,
W1,fluxv_old_filtered,0.2890625,1.9192905169296621,-0.6316228187281263,,,,
W1,fluxv_old_filtered,0.296875,1.9082755381019236,-0.6258219941407704,,,,
W1,fluxv_old_filtered,0.3046875,1.89411320925096,-0.617209630149649,,,,
W1,fluxv_old_filtered,0.3125,1.8769992957874444,-0.6059128805581585,,,,
W1,fluxv_old_filtered,0.3203125,1.8571368554220538,-0.5920848429584016,,,,
W1,fluxv_old_filtered,0.328125,1.8347316255385175,-0.5759005532248137,,,,
W1,fluxv_old_filtered,0.3359375,1.8099877337154835,-0.5575527950502341,,,,
W1,fluxv_old_filtered,0.34375,1.7831038583065637,-0.5372478851480615,,,,
W1,fluxv_old_filtered,0.3515625,1.7542699347647828,-0.5152015822840207,,,,
W1,fluxv_old_filtered,0.359375,1.7236644698211674,-0.4916352487888633,,,,
W1,fluxv_old_filtered,0.3671875,1.6914524921446987,-0.4667723682921131,,,,
W1,fluxv_old_filtered,0.375,1.657784136951674,-0.44083549503883535,,,,
W1,fluxv_old_filtered,0.3828125,1.6227938350342774,-0.4140436803603873,,,,
W1,fluxv_old_filtered,0.390625,1.5866000551603232,-0.38661039268085456,,,,
W1,fluxv_old_filtered,0.3984375,1.5493055334917203,-0.3587419206772485,,,,
W1,fluxv_old_filtered,0.40625,1.510997914717921,-0.3306362263769368,,,,
W1,fluxv_old_filtered,0.4140625,1.4717507265994794,-0.3024821971560338,,,,
W1,fluxv_old_filtered,0.421875,1.4316246117199918,-0.27445923340814987,,,,
W1,fluxv_old_filtered,0.4296875,1.3906687462977585,-0.24673710220469822,,,,
W1,fluxv_old_filtered,0.4375,1.3489223846009197,-0.21947598622490727,,,,
W1,fluxv_old_filtered,0.4453125,1.306416477527201,-0.19282666085973582,,,,
W1,fluxv_old_filtered,0.453125,1.2631753240692443,-0.16693073965561728,,,,
W1,fluxv_old_filtered,0.4609375,1.2192182237431761,-0.14192093794912464,,,,
W1,fluxv_old_filtered,0.46875,1.1745611059680763,-0.1179213153889073,,,,
W1,fluxv_old_filtered,0.4765625,1.1292181185272394,-0.09504746885684329,,,,
W1,fluxv_old_filtered,0.484375,1.0832031616002553,-0.07340665708015641,,,,
W1,fluxv_old_filtered,0.4921875,1.0365313566542915,-0.0530978462333403,,,,
W1,fluxv_old_filtered,0.5,0.9892204411115838,-0.034211671649225325,,,,
W1,fluxv_old_filtered,0.5078125,0.9412920806229792,-0.01683031431953432,,,,
W1,fluxv_old_filtered,0.515625,0.892773091403152,-0.001027292416604264,,,,
W1,fluxv_old_filtered,0.5234375,0.8436965657464662,0.013132831869624119,,,,
W1,fluxv_old_filtered,0.53125,0.7941028947111208,0.02559483059895492,,,,
W1,fluxv_old_filtered,0.5390625,0.744040683023504,0.03631327455481988,,,,
W1,fluxv_old_filtered,0.546875,0.6935675523406468,0.045253084882538416,,,,
W1,fluxv_old_filtered,0.5546875,0.6427508298221672,0.052390171197344834,,,,
W1,fluxv_old_filtered,0.5625,0.591668119157591,0.05771215183071318,,,,
W1,fluxv_old_filtered,0.5703125,0.5404077504521961,0.06121914605871006,,,,
W1,fluxv_old_filtered,0.578125,0.48906910348576904,0.06292462025149292,,,,
W1,fluxv_old_filtered,0.5859375,0.43776279579344235,0.06285626032425301,,,,
W1,fluxv_old_filtered,0.59375,0.38661072296918003,0.06105683237198789,,,,
W1,fluxv_old_filtered,0.6015625,0.33574593399033636,0.057584982878762514,,,,
W1,fluxv_old_filtered,0.609375,0.28531231984998734,0.052515920496911075,,,,
W1,fluxv_old_filtered,0.6171875,0.23546409016214187,0.04594191422523934,,,,
W1,fluxv_old_filtered,0.625,0.18636501054109988,0.03797253894062658,,,,
W1,fluxv_old_filtered,0.6328125,0.138187374277283,0.028734599538849104,,,,
W1,fluxv_old_filtered,0.640625,0.09111068580913051,0.01837167002691875,,,,
W1,fluxv_old_filtered,0.6484375,0.04532004113133137,0.007043194039101003,,,,
W1,fluxv_old_filtered,0.65625,0.001004201640162239,-0.0050768917166579,,,,
W1,fluxv_old_filtered,0.6640625,-0.041646627350154564,-0.017802030184616152,,,,
W1,fluxv_old_filtered,0.671875,-0.08244328484108199,-0.03093540915207804,,,,
W1,fluxv_old_filtered,0.6796875,-0.12120036173500537,-0.044272790236261184,,,,
W1,fluxv_old_filtered,0.6875,-0.15773906151195272,-0.05760574739912419,,,,
W1,fluxv_old_filtered,0.6953125,-0.19189013043893988,-0.07072523613675838,,,,
W1,fluxv_old_filtered,0.703125,-0.22349675964743998,-0.08342539258485124,,,,
W1,fluxv_old_filtered,0.7109375,-0.2524173519959749,-0.09550744411198772,,,,
W1,fluxv_old_filtered,0.71875,-0.27852804310554824,-0.1067836008618577,,,,
W1,fluxv_old_filtered,0.7265625,-0.30172486909141283,-0.11708079214199002,,,,
W1,fluxv_old_filtered,0.734375,-0.3219254835680059,-0.12624411311340575,,,,
W1,fluxv_old_filtered,0.7421875,-0.3390703431554606,-0.13413985602139317,,,,
W1,fluxv_old_filtered,0.75,-0.35312330308120654,-0.1406580158527333,,,,
W1,fluxv_old_filtered,0.7578125,-0.3640715911611855,-0.14571418198220143,,,,
W1,fluxv_old_filtered,0.765625,-0.3719251576843514,-0.1492507538520996,,,,
W1,fluxv_old_filtered,0.7734375,-0.37671542849611317,-0.15123744846667853,,,,
W1,fluxv_old_filtered,0.78125,-0.37849351680554755,-0.1516710987226513,,,,
W1,fluxv_old_filtered,0.7890625,-0.3773279739754003,-0.1505747724940263,,,,
W1,fluxv_old_filtered,0.796875,-0.3733021791365938,-0.14799627114037986,,,,
W1,fluxv_old_filtered,0.8046875,-0.3665114806818285,-0.14400609107131607,,,,
W1,fluxv_old_filtered,0.8125,-0.3570602088552536,-0.13869495180729297,,,,
W1,fluxv_old_filtered,0.8203125,-0.3450586776700466,-0.1321710076196458,,,,
W1,fluxv_old_filtered,0.828125,-0.3306202867291964,-0.1245568667229556,,,,
W1,fluxv_old_filtered,0.8359375,-0.3138588201804354,-0.11598654199354336,,,,
W1,fluxv_old_filtered,0.84375,-0.29488602238344586,-0.10660245060803544,,,,
W1,fluxv_old_filtered,0.8515625,-0.27380950953499816,-0.09655256755565034,,,,
W1,fluxv_old_filtered,0.859375,-0.2507310552003237,-0.08598782074386041,,,,
W1,fluxv_old_filtered,0.8671875,-0.22574526707368536,-0.07505979471549606,,,,
W1,fluxv_old_filtered,0.875,-0.19893865374981978,-0.06391878730851686,,,,
W1,fluxv_old_filtered,0.8828125,-0.17038906490299865,-0.05271224044500181,,,,
W1,fluxv_old_filtered,0.890625,-0.14016547670182078,-0.041583544095639025,,,,
W1,fluxv_old_filtered,0.8984375,-0.10832808675866201,-0.03067119262584772,,,,
W1,fluxv_old_filtered,0.90625,-0.07492867923325397,-0.020108256234178556,,,,
W1,fluxv_old_filtered,0.9140625,-0.040011220344213005,-0.01002211777392975,,,,
W1,fluxv_old_filtered,0.921875,-0.0036126467075989765,-0.0005344172873001374,,,,
W1,fluxv_old_filtered,0.9296875,0.03423618729332689,0.008238856895308594,,,,
W1,fluxv_old_filtered,0.9375,0.07350943241480512,0.01618719093693316,,,,
W1,fluxv_old_filtered,0.9453125,0.1141850626626203,0.023205338316329163,,,,
W1,fluxv_old_filtered,0.953125,0.15624360987539054,0.029193131788961088,,,,
W1,fluxv_old_filtered,0.9609375,0.199666833485732,0.03405535469062719,,,,
W1,fluxv_old_filtered,0.96875,0.24443634279368864,0.03770170204473336,,,,
W1,fluxv_old_filtered,0.9765625,0.2905321887727105,0.04004685227584259,,,,
W1,fluxv_old_filtered,0.984375,0.3379314428448754,0.0410106615578084,,,,
W1,fluxv_old_filtered,0.9921875,0.386606780776121,0.04051848553242116,,,,
W1,fluxv_v4b,0.0,0.49393112126785826,0.04389693808547887,0.7657877942658415,0.24551293028029408,0.02310105612618349,1.0
W1,fluxv_v4b,0.0078125,0.5125310550107269,0.03661421718293825,0.7654441022077009,0.10654866180328719,0.007389843878401014,1.0
W1,fluxv_v4b,0.015625,0.5662506605255128,0.0325327066026648,0.7651130364831555,0.11234107320156417,0.012306258885268472,1.0
W1,fluxv_v4b,0.0234375,0.6195721734375814,0.026675805743485055,0.7647949419236126,0.11187704985172758,0.01685108502879671,1.0
W1,fluxv_v4b,0.03125,0.68250016230841,0.02001897266494922,0.7644901564938964,0.14785836614661013,0.025318553539219475,1.0
W1,fluxv_v4b,0.0390625,0.748370510515385,0.011697466979547532,0.7641990097731421,0.1922409204423273,0.03415028510769312,1.0
W1,fluxv_v4b,0.046875,0.8108340222836927,0.0011798736106522836,0.7639218214530916,0.21851540918498047,0.04117179889691115,1.0
W1,fluxv_v4b,0.0546875,0.9883085250718491,-0.004026528386562558,0.7636588998596241,0.728247129807898,0.07817805728724164,1.0
W1,fluxv_v4b,0.0625,0.9316160282891388,-0.025548608274217267,0.76341054050346,0.24454431622484404,0.0536304016408635,1.0
W1,fluxv_v4b,0.0703125,0.9117873190455181,-0.04479790168142443,0.7631770246660466,-0.08454603619930513,0.04611164859418966,1.0
W1,fluxv_v4b,0.078125,1.050704115903667,-0.0591134798376517,0.7629586180266563,0.2552662301435217,0.06663031826052279,1.0
W1,fluxv_v4b,0.0859375,1.0963526542652975,-0.07821771319360299,0.7627555693367072,0.20123510291022537,0.07247346050955503,1.0
W1,fluxv_v4b,0.09375,1.0822497984981183,-0.09442563451138454,0.7625681091472541,-0.0959050466730417,0.07700312375492309,1.0
W1,fluxv_v4b,0.1015625,1.1579442329405096,-0.10469620283778253,0.7623964485954771,-0.003819266402975665,0.08849716685610214,1.0
W1,fluxv_v4b,0.109375,1.1787121163878749,-0.1113663333585483,0.762240778255839,-0.13278647153342624,0.10010733481524914,1.0
W1,fluxv_v4b,0.1171875,1.3427299866344582,-0.11702986790958105,0.7621012670613707,0.34936334509955547,0.1052083330802202,1.0
W1,fluxv_v4b,0.125,1.4638446864747383,-0.12224959683801166,0.7619780613002849,0.6579660536643075,0.10668163957447582,1.0
W1,fluxv_v4b,0.1328125,1.4213141495489572,-0.12357480061487988,0.7618712836928185,0.28456726000511295,0.12480302949740824,1.0
W1,fluxv_v4b,0.140625,1.1087828163739537,-0.1146370606743034,0.7617810325528536,-1.2181237181128706,0.19213711520152602,1.0
W1,fluxv_v4b,0.1484375,1.4862808262013891,-0.1346183045197244,0.7617073810384785,0.17825707816274575,0.14963197387546714,1.0
W1,fluxv_v4b,0.15625,1.7351156499178766,-0.15623902179318466,0.7616503764952227,1.0355399406337733,0.11632626230754367,1.0
W1,fluxv_v4b,0.1640625,1.7936130192963353,-0.17390622146979062,0.7616100398952307,1.095238902304952,0.11880100001740287,1.0
W1,fluxv_v4b,0.171875,1.50818814775978,-0.1723286270650142,0.7615863653751479,-0.28200092724424153,0.21208339489726938,1.0
W1,fluxv_v4b,0.1796875,1.6938950893378086,-0.19956179036431504,0.7615793198749656,0.3274510493532535,0.18377809092093236,1.0
W1,fluxv_v4b,0.1875,1.9346349664290228,-0.23211045466268013,0.7615888428795262,1.179145283183419,0.1317127382859944,1.0
W1,fluxv_v4b,0.1953125,1.8987915276322362,-0.24472498897097877,0.7616148462638236,0.8830296392601856,0.16105687920133466,1.0
W1,fluxv_v4b,0.203125,1.9051699166531235,-0.25975348877086557,0.76165721424266,0.77701563145055,0.17734176325585546,1.0
W1,fluxv_v4b,0.2109375,1.7940196391322414,-0.2642058245866221,0.7617158034246377,0.19142478056542503,0.23435127333942662,1.0
W1,fluxv_v4b,0.21875,1.8988020822277965,-0.2858898880052986,0.7617904429698743,0.5262037455780343,0.21468144998248187,1.0
W1,fluxv_v4b,0.2265625,1.7913827884930211,-0.288437198351555,0.7618809348502577,-0.015267652553400794,0.27030994659644025,1.0
W1,fluxv_v4b,0.234375,1.81868798931698,-0.3017842865964031,0.761987054210482,0.023801346382040806,0.2749181582289203,1.0
W1,fluxv_v4b,0.2421875,2.01820229182961,-0.3297685928132725,0.7621085498275545,0.8019319966734,0.21171928853348268,1.0
W1,fluxv_v4b,0.25,1.8575153209023423,-0.324121742616203,0.7622451446659272,0.08110966227797682,0.28308581279068307,1.0
W1,fluxv_v4b,0.2578125,1.8323311333791001,-0.3295517976246114,0.7623965365249048,-0.05522708927696369,0.30063953294105705,1.0
W1,fluxv_v4b,0.265625,1.81318492722247,-0.33431738842559017,0.7625623987744972,-0.15148360034285213,0.3133449916070315,1.0
W1,fluxv_v4b,0.2734375,2.005874384719976,-0.3565048573701355,0.7627423811754472,0.6594472235017287,0.2446579088436562,1.0
W1,fluxv_v4b,0.28125,2.0612508932852736,-0.36472493006031576,0.7629361107787586,0.9064972712746536,0.2265685268148034,1.0
W1,fluxv_v4b,0.2890625,1.859355784327246,-0.3495745836592291,0.7631431928996864,0.08129740461818592,0.2987631747904193,1.0
W1,fluxv_v4b,0.296875,1.9866034453680017,-0.36057703795364665,0.7633632121608357,0.6583713600668187,0.25216503648587607,1.0
W1,fluxv_v4b,0.3046875,1.9630353034266355,-0.3574556751404962,0.7635957335987404,0.6107747915226754,0.2568472138915481,1.0
W1,fluxv_v4b,0.3125,1.8570782608645593,-0.3468170449850283,0.763840303828072,0.22565859913886332,0.2851111684811063,1.0
W1,fluxv_v4b,0.3203125,1.802712239092416,-0.3389765017524195,0.7640964522574516,0.06909217708400212,0.2935116641537583,1.0
W1,fluxv_v4b,0.328125,1.742082941679007,-0.3296194398271479,0.7643636923507163,-0.1044961586044668,0.3005746283277787,1.0
W1,fluxv_v4b,0.3359375,1.9653593921567045,-0.33568761103027456,0.764641522927407,0.9369360746108976,0.23466146602530377,1.0
W1,fluxv_v4b,0.34375,1.7333343167260915,-0.31625455937307345,0.764929429496223,0.048417978756805424,0.28032742061838195,1.0
W1,fluxv_v4b,0.3515625,1.764982953227515,-0.31442604240003547,0.7652268856152026,0.28095765766261277,0.26343614870085036,1.0
W1,fluxv_v4b,0.359375,1.709403970122696,-0.31076438967225817,0.7655333542724523,0.14296663754795724,0.2633113352597855,1.0
W1,fluxv_v4b,0.3671875,1.6494287643076164,-0.30858397758226486,0.7658482892813514,-0.011889779952729643,0.26120086418842764,1.0
W1,fluxv_v4b,0.375,1.668195376292618,-0.3086287370423467,0.7661711366843077,0.17376035715203733,0.24836762936296033,1.0
W1,fluxv_v4b,0.3828125,1.5224622651648096,-0.3039703554915476,0.766501336159317,-0.33814348754911533,0.24850450553216832,1.0
W1,fluxv_v4b,0.390625,1.7464522471177042,-0.30075665177126815,0.7668383224237991,0.7429494247890012,0.2294928120035024,1.0
W1,fluxv_v4b,0.3984375,1.6081570499221094,-0.28984224866976155,0.7671815266304279,0.2821583913683571,0.2253343568949373,1.0
W1,fluxv_v4b,0.40625,1.6605222276790117,-0.2734242751070029,0.767530377749943,0.6530924574453959,0.22248379519786443,1.0
W1,fluxv_v4b,0.4140625,1.4979042447895063,-0.25405374738745823,0.7678843039362311,0.11330991486407282,0.2071663012851805,1.0
W1,fluxv_v4b,0.421875,1.4564895660834791,-0.2285815078120847,0.7682427338692724,0.10730414361330928,0.1979288241203448,1.0
W1,fluxv_v4b,0.4296875,1.5097328688032847,-0.19916026305306864,0.768605098071882,0.5145549175966855,0.2055703763755928,1.0
W1,fluxv_v4b,0.4375,1.3849596697439535,-0.17739969071395228,0.7689708301965126,0.15598060442310543,0.18208146860714833,1.0
W1,fluxv_v4b,0.4453125,1.380217884923113,-0.1504624545257855,0.7693393682787318,0.3199414102217503,0.18362178358017892,1.0
W1,fluxv_v4b,0.453125,1.3378151320796972,-0.1261396991713839,0.7697101559543413,0.3240893535471572,0.17709384342068965,1.0
W1,fluxv_v4b,0.4609375,1.2976162252631516,-0.1024061415119815,0.7700826436374522,0.3409557207498733,0.17184282028776657,1.0
W1,fluxv_v4b,0.46875,1.276993266677741,-0.07763344381912474,0.7704562896571795,0.44621420251840993,0.1755067090217553,1.0
W1,fluxv_v4b,0.4765625,1.1479669443625906,-0.06483834067772141,0.7708305613509657,0.08178718761797847,0.13183107991765325,0.0
W1,fluxv_v4b,0.484375,1.2058846539930466,-0.03303050502882014,0.7712049361128659,0.5361890123481983,0.17649953454252726,0.0
W1,fluxv_v4b,0.4921875,1.119154428268526,-0.01857638412151767,0.7715789023954595,0.36170549388142614,0.15116884452268572,0.0
W1,fluxv_v4b,0.5,1.1157501611673384,0.005404022162619034,0.7719519606643519,0.554840387080602,0.17376028837257435,0.0
W1,fluxv_v4b,0.5078125,0.972222794661082,0.007911634042310206,0.7723236243045308,0.13586660643433146,0.10871461728445961,0.0
W1,fluxv_v4b,0.515625,0.9383776039916931,0.02474227144585617,0.7726934204781047,0.2006512731063095,0.11340496802194272,0.0
W1,fluxv_v4b,0.5234375,0.897323733732849,0.03921433069018866,0.7730608909332204,0.2363332409466181,0.11495039356327671,0.0
W1,fluxv_v4b,0.53125,0.8253310214950266,0.04666494311452045,0.7734255927641797,0.13785578458008815,0.09300113621110903,0.0
W1,fluxv_v4b,0.5390625,0.7602065049412464,0.05351208545306595,0.7737870991229999,0.071489116443642,0.0760189485710316,0.0
W1,fluxv_v4b,0.546875,0.6857375880032868,0.056560560718482214,0.774144999882851,-0.034647739821951726,0.05003909621115027,0.0
W1,fluxv_v4b,0.5546875,0.6794888533265881,0.07238695445763198,0.774498902253974,0.1629289930652219,0.08863915825695248,0.0
W1,fluxv_v4b,0.5625,0.596574277149603,0.06979883097016276,0.7748484313528384,0.021791939374937237,0.05363832328271404,0.0
W1,fluxv_v4b,0.5703125,0.5785853013023101,0.08044369433624968,0.7751932307254211,0.16981452358405733,0.08547220236703414,0.0
W1,fluxv_v4b,0.578125,0.5556064142928857,0.0887875372633419,0.7755329628255947,0.29640468920670154,0.11518255830745805,0.0
W1,fluxv_v4b,0.5859375,0.5103696005601843,0.09014262027524039,0.7758673094497015,0.3239199542265187,0.12171793638469061,0.0
W1,fluxv_v4b,0.59375,0.4117102420223692,0.07529441676377245,0.7761959721284484,0.11212065564891571,0.06360857488235126,0.0
W1,fluxv_v4b,0.6015625,0.3739560635188852,0.07510389869316395,0.7765169842979224,0.1709474527387052,0.0784002303358318,0.0
W1,fluxv_v4b,0.609375,0.27056380630044097,0.05419634192130679,0.7768274238095793,-0.0661090837092808,0.007555748606762967,0.0
W1,fluxv_v4b,0.6171875,0.22601713541791485,0.048496374300616624,0.7771245383043804,-0.04240211569824558,0.011499769366370838,0.0
W1,fluxv_v4b,0.625,0.13068555280538988,0.02547065308253984,0.7774057488384738,-0.250144048175848,-0.05611948692023086,0.0
W1,fluxv_v4b,0.6328125,0.12185829402497769,0.02782012119531124,0.777668653297276,-0.07343909611005346,-0.004068378551082531,0.0
W1,fluxv_v4b,0.640625,0.025176485834360017,0.0005034936417305357,0.7779110295665279,-0.2968660532217628,-0.08041734320098166,0.0
W1,fluxv_v4b,0.6484375,-0.015693687576636625,-0.010182523490524648,0.7781308384305092,-0.2749749415619323,-0.07761429937511535,0.0
W1,fluxv_v4b,0.65625,-0.04867181799299452,-0.01932394662228293,0.7783262261693867,-0.2240669842193861,-0.0642624576877203,0.0
W1,fluxv_v4b,0.6640625,-0.1176692715165169,-0.04205892085529113,0.7784955268296129,-0.3431818968802566,-0.10952008217196307,0.0
W1,fluxv_v4b,0.671875,-0.1680395812131952,-0.05947689868167142,0.7786372641433911,-0.38665392521672676,-0.12896258295658275,0.0
W1,fluxv_v4b,0.6796875,-0.20185891211996793,-0.07188699228791454,0.778750153075461,-0.36454024094086684,-0.12484983611733629,0.0
W1,fluxv_v4b,0.6875,-0.2295899546519831,-0.08274288821028668,0.778833100977819,-0.32486155673884987,-0.11370290286868749,0.0
W1,fluxv_v4b,0.6953125,-0.26847635048555324,-0.0982607937547204,0.77888520833547,-0.3463625482759291,-0.12457544287546572,0.0
W1,fluxv_v4b,0.703125,-0.2997386151812117,-0.11141108483848722,0.7789057690888702,-0.34484590108146146,-0.1266147050247524,0.0
W1,fluxv_v4b,0.7109375,-0.30712299390862385,-0.11581553791229474,0.7788942705213742,-0.2474338448378028,-0.09187061757361853,0.0
W1,fluxv_v4b,0.71875,-0.3073854421474332,-0.11755393892812105,0.7788503927026953,-0.13051074982934327,-0.04870721977223281,0.0
W1,fluxv_v4b,0.7265625,-0.2803435134615936,-0.10872645524556111,0.7787740074821291,0.0966210890186885,0.03777575606189009,0.0
W1,fluxv_v4b,0.734375,-0.2793883762889617,-0.10976872528017141,0.7786651770280372,0.1921527613474654,0.07446370219110769,0.0
W1,fluxv_v4b,0.7421875,-0.27705928691331083,-0.11013370282358373,0.7785241519128292,0.279958181272141,0.10842960386436926,0.0
W1,fluxv_v4b,0.75,-0.29238985568708015,-0.11715171910050644,0.7783513687453919,0.2739793214689625,0.1060944899264926,0.0
W1,fluxv_v4b,0.7578125,-0.31131719384670575,-0.12532417043332952,0.7781474473555658,0.23776989301332424,0.09194842939517164,0.0
W1,fluxv_v4b,0.765625,-0.32424948224533645,-0.1308690953573746,0.777913187537852,0.2146636673435185,0.08280069718636812,0.0
W1,fluxv_v4b,0.7734375,-0.33408617509779903,-0.13486215949227207,0.7776495653640167,0.19173087533291405,0.07366740988779835,0.0
W1,fluxv_v4b,0.78125,-0.33943773853262293,-0.13674334586556666,0.777357729076627,0.17544768175798992,0.06705486689813928,0.0
W1,fluxv_v4b,0.7890625,-0.3391103503640813,-0.13606309553076057,0.7770389945777835,0.17145603612472507,0.06507860323548299,0.0
W1,fluxv_v4b,0.796875,-0.3358204968674991,-0.13388771486837722,0.7766948405294025,0.16790983249636612,0.0631604748430882,0.0
W1,fluxv_v4b,0.8046875,-0.3250663160122617,-0.12857888734108497,0.7763269030833141,0.18535598046342955,0.06894156070429679,0.0
W1,fluxv_v4b,0.8125,-0.3171100126995513,-0.12402858490593574,0.7759369702611759,0.17834837439174278,0.06541818226089446,0.0
W1,fluxv_v4b,0.8203125,-0.3047089070452286,-0.11760666449568716,0.7755269760057546,0.17977943639125926,0.06484145122317189,0.0
W1,fluxv_v4b,0.828125,-0.29289905547394673,-0.1112141414996657,0.7750989939264676,0.16772173696819084,0.05928972306354348,0.0
W1,fluxv_v4b,0.8359375,-0.276134946433264,-0.10295042233777878,0.7746552307632242,0.16737531193302163,0.05782184978448626,0.0
W1,fluxv_v4b,0.84375,-0.2567325466484615,-0.09376561765989995,0.7741980195935259,0.16891550406759126,0.056836339987082686,0.0
W1,fluxv_v4b,0.8515625,-0.2368273739221721,-0.08449639022179602,0.773729812808516,0.16337347744989833,0.05328520971861359,0.0
W1,fluxv_v4b,0.859375,-0.21180531697924154,-0.07370894308154426,0.773253174884161,0.171595872560075,0.05417175001652154,0.0
W1,fluxv_v4b,0.8671875,-0.18637564638950313,-0.06310710439973423,0.7727707749740491,0.17319006559711983,0.05263487516908624,0.0
W1,fluxv_v4b,0.875,-0.1591669976575066,-0.052350707683274364,0.7722853793503804,0.1746020589647205,0.05084241631184915,0.0
W1,fluxv_v4b,0.8828125,-0.1292614252173723,-0.04128479255278281,0.7717998437196139,0.1801973390968678,0.05012048278596053,0.0
W1,fluxv_v4b,0.890625,-0.10037303927685859,-0.03114578151630685,0.7713171054389343,0.174009311393494,0.04568281124631133,0.0
W1,fluxv_v4b,0.8984375,-0.0660731992946755,-0.02016058421226164,0.7708401756592306,0.18442637870731082,0.04589551249810256,0.0
W1,fluxv_v4b,0.90625,-0.031638545711332226,-0.010000670626835389,0.7703710329914871,0.18858988736817123,0.04403203568117277,0.0
W1,fluxv_v4b,0.9140625,0.003619399006144157,-0.0005592324531286516,0.7699099595676837,0.18971742461231453,0.041124888429259515,0.0
W1,fluxv_v4b,0.921875,0.041620067483153535,0.008556066250003594,0.7694572507729868,0.19630904480018796,0.03941194573902411,0.0
W1,fluxv_v4b,0.9296875,0.07904753089080854,0.016396802722517614,0.7690132139849262,0.1941078554158072,0.03528466010323084,0.0
W1,fluxv_v4b,0.9375,0.12182837984443612,0.024288120097455478,0.7685781672750028,0.20888280609151355,0.034962202212071615,0.0
W1,fluxv_v4b,0.9453125,0.16237391419790081,0.030333070978995763,0.76815243807466,0.20790245851560105,0.03069666541339782,0.0
W1,fluxv_v4b,0.953125,0.20755078820413558,0.0359847560604745,0.7677363618078734,0.2209014666482418,0.029197381394246474,0.0
W1,fluxv_v4b,0.9609375,0.25313885937552794,0.04018635174063251,0.7673302804929228,0.2297488116246283,0.02631618733123075,0.0
W1,fluxv_v4b,0.96875,0.30650171187050745,0.0442433470497623,0.7669345413162314,0.2661439521561757,0.02804777601888283,0.0
W1,fluxv_v4b,0.9765625,0.35539560332354025,0.04575058540294547,0.7665494951814814,0.2775946467805596,0.024430163105823383,1.0
W1,fluxv_v4b,0.984375,0.38841057599704754,0.044511736234329975,0.7661754952375345,0.215531537427766,0.014990413280435749,1.0
W1,fluxv_v4b,0.9921875,0.43711376734051843,0.044428142980571655,0.765812895388994,0.21521385723520756,0.01673087643376612,1.0
W1,fluxv_v4b_filtered,0.0,0.4918628672978534,0.044461982707626406,,,,
W1,fluxv_v4b_filtered,0.0078125,0.5476772465348764,0.04125994383757285,,,,
W1,fluxv_v4b_filtered,0.015625,0.6034445762303272,0.03614987802205494,,,,
W1,fluxv_v4b_filtered,0.0234375,0.6584927921856298,0.029074126568478312,,,,
W1,fluxv_v4b_filtered,0.03125,0.7123171780501273,0.020081207011896446,,,,
W1,fluxv_v4b_filtered,0.0390625,0.7646388225777314,0.009335505749713653,,,,
W1,fluxv_v4b_filtered,0.046875,0.8154361437172126,-0.0028858959669570347,,,,
W1,fluxv_v4b_filtered,0.0546875,0.8649452623113244,-0.016209746746337732,,,,
W1,fluxv_v4b_filtered,0.0625,0.9136286807146414,-0.03019537256611636,,,,
W1,fluxv_v4b_filtered,0.0703125,0.9621154733223543,-0.044372985553860385,,,,
W1,fluxv_v4b_filtered,0.078125,1.0111195850323638,-0.058287623713103795,,,,
W1,fluxv_v4b_filtered,0.0859375,1.0613454612175257,-0.07154394626360644,,,,
W1,fluxv_v4b_filtered,0.09375,1.1133917898073664,-0.08384680016227859,,,,
W1,fluxv_v4b_filtered,0.1015625,1.1676644394235385,-0.09503275134392966,,,,
W1,fluxv_v4b_filtered,0.109375,1.2243086912243868,-0.10508862238979562,,,,
W1,fluxv_v4b_filtered,0.1171875,1.2831687013724205,-0.11415441256767525,,,,
W1,fluxv_v4b_filtered,0.125,1.343779048356848,-0.12250965380900246,,,,
W1,fluxv_v4b_filtered,0.1328125,1.4053895747275518,-0.13054409163222713,,,,
W1,fluxv_v4b_filtered,0.140625,1.467020951063919,-0.13871536573488194,,,,
W1,fluxv_v4b_filtered,0.1484375,1.5275449111676802,-0.1474978951473428,,,,
W1,fluxv_v4b_filtered,0.15625,1.585780334894388,-0.15732826724290172,,,,
W1,fluxv_v4b_filtered,0.1640625,1.6405946083026117,-0.16855295507192902,,,,
W1,fluxv_v4b_filtered,0.171875,1.6909991684769765,-0.1813840727782845,,,,
W1,fluxv_v4b_filtered,0.1796875,1.736228897129956,-0.19586812539889492,,,,
W1,fluxv_v4b_filtered,0.1875,1.7757969677209888,-0.2118713908908246,,,,
W1,fluxv_v4b_filtered,0.1953125,1.8095196420190227,-0.229083827627029,,,,
W1,fluxv_v4b_filtered,0.203125,1.837509010220093,-0.247041418758982,,,,
W1,fluxv_v4b_filtered,0.2109375,1.8601353609444178,-0.26516486379592674,,,,
W1,fluxv_v4b_filtered,0.21875,1.8779643201585587,-0.28281073021267994,,,,
W1,fluxv_v4b_filtered,0.2265625,1.8916767083739858,-0.29932978607869104,,,,
W1,fluxv_v4b_filtered,0.234375,1.901980908423592,-0.3141264072461997,,,,
W1,fluxv_v4b_filtered,0.2421875,1.90952820280292,-0.32671278636034434,,,,
W1,fluxv_v4b_filtered,0.25,1.9148409613400306,-0.3367521894778205,,,,
W1,fluxv_v4b_filtered,0.2578125,1.9182618160371079,-0.34408665669536675,,,,
W1,fluxv_v4b_filtered,0.265625,1.9199292674426016,-0.34874620236416876,,,,
W1,fluxv_v4b_filtered,0.2734375,1.9197818546815784,-0.3509385573954455,,,,
W1,fluxv_v4b_filtered,0.28125,1.917589490367114,-0.3510205928462151,,,,
W1,fluxv_v4b_filtered,0.2890625,1.9130072374412161,-0.34945453956979833,,,,
W1,fluxv_v4b_filtered,0.296875,1.9056440865484379,-0.3467537554019683,,,,
W1,fluxv_v4b_filtered,0.3046875,1.8951375048903452,-0.3434239087744061,,,,
W1,fluxv_v4b_filtered,0.3125,1.8812238830787207,-0.339905923153805,,,,
W1,fluxv_v4b_filtered,0.3203125,1.8637955798491976,-0.3365268090985522,,,,
W1,fluxv_v4b_filtered,0.328125,1.8429369834523384,-0.3334636259332906,,,,
W1,fluxv_v4b_filtered,0.3359375,1.818934662889944,-0.33072436309028186,,,,
W1,fluxv_v4b_filtered,0.34375,1.7922599487691402,-0.3281476747920047,,,,
W1,fluxv_v4b_filtered,0.3515625,1.7635257649649354,-0.3254213479593854,,,,
W1,fluxv_v4b_filtered,0.359375,1.7334228043263167,-0.32211735991426815,,,,
W1,fluxv_v4b_filtered,0.3671875,1.702642804235871,-0.31773961270532436,,,,
W1,fluxv_v4b_filtered,0.375,1.6717984030206665,-0.31177910800888553,,,,
W1,fluxv_v4b_filtered,0.3828125,1.6413496298806756,-0.30377059246217286,,,,
W1,fluxv_v4b_filtered,0.390625,1.6115464212015878,-0.2933446329075531,,,,
W1,fluxv_v4b_filtered,0.3984375,1.5823947350900252,-0.2802696743486502,,,,
W1,fluxv_v4b_filtered,0.40625,1.5536510645037023,-0.2644798160697578,,,,
W1,fluxv_v4b_filtered,0.4140625,1.5248467543592759,-0.24608567363745648,,,,
W1,fluxv_v4b_filtered,0.421875,1.4953399141165096,-0.22536758771505683,,,,
W1,fluxv_v4b_filtered,0.4296875,1.464389319032009,-0.20275237896782575,,,,
W1,fluxv_v4b_filtered,0.4375,1.4312419231544502,-0.1787766136209217,,,,
W1,fluxv_v4b_filtered,0.4453125,1.3952238064980702,-0.15404074068163043,,,,
W1,fluxv_v4b_filtered,0.453125,1.3558237763934518,-0.1291593381595679,,,,
W1,fluxv_v4b_filtered,0.4609375,1.312759526688844,-0.10471297177080241,,,,
W1,fluxv_v4b_filtered,0.46875,1.266018163671125,-0.08120680641364111,,,,
W1,fluxv_v4b_filtered,0.4765625,1.2158658234715043,-0.05904017123211053,,,,
W1,fluxv_v4b_filtered,0.484375,1.1628246988927675,-0.03848988175529982,,,,
W1,fluxv_v4b_filtered,0.4921875,1.1076196463215402,-0.01970843680358115,,,,
W1,fluxv_v4b_filtered,0.5,1.051100202220561,-0.0027364338322175483,,,,
W1,fluxv_v4b_filtered,0.5078125,0.9941468676295094,0.012473108239720348,,,,
W1,fluxv_v4b_filtered,0.515625,0.9375725511467815,0.026022174012050925,,,,
W1,fluxv_v4b_filtered,0.5234375,0.8820308419187881,0.03803146157728664,,,,
W1,fluxv_v4b_filtered,0.53125,0.8279422040150647,0.048605237860438605,,,,
W1,fluxv_v4b_filtered,0.5390625,0.775447290277925,0.057801934551008925,,,,
W1,fluxv_v4b_filtered,0.546875,0.7243935696191552,0.06561426604313783,,,,
W1,fluxv_v4b_filtered,0.5546875,0.6743576812760425,0.0719613920220537,,,,
W1,fluxv_v4b_filtered,0.5625,0.6247018016923815,0.07669409854761879,,,,
W1,fluxv_v4b_filtered,0.5703125,0.5746583088794048,0.07961232028437043,,,,
W1,fluxv_v4b_filtered,0.578125,0.5234336205332596,0.08049277085326566,,,,
W1,fluxv_v4b_filtered,0.5859375,0.47031966776559375,0.07912317309133973,,,,
W1,fluxv_v4b_filtered,0.59375,0.414800337584956,0.07533873664247902,,,,
W1,fluxv_v4b_filtered,0.6015625,0.3566405207406977,0.0690562150679074,,,,
W1,fluxv_v4b_filtered,0.609375,0.29594712051717303,0.06030112362489247,,,,
W1,fluxv_v4b_filtered,0.6171875,0.23319433327168404,0.04922448014260611,,,,
W1,fluxv_v4b_filtered,0.625,0.169209380453489,0.036106650388552416,,,,
W1,fluxv_v4b_filtered,0.6328125,0.10511922479781022,0.021347390089779636,,,,
W1,fluxv_v4b_filtered,0.640625,0.04226315192915597,0.005442798701624979,,,,
W1,fluxv_v4b_filtered,0.6484375,-0.017920048864258242,-0.011048556980909632,,,,
W1,fluxv_v4b_filtered,0.65625,-0.07401865300354615,-0.027546810042336264,,,,
W1,fluxv_v4b_filtered,0.6640625,-0.12477501840115202,-0.04349484296890023,,,,
W1,fluxv_v4b_filtered,0.671875,-0.16919956793833024,-0.05840045493834295,,,,
W1,fluxv_v4b_filtered,0.6796875,-0.2066595586475799,-0.07187207994185263,,,,
W1,fluxv_v4b_filtered,0.6875,-0.23693311823817265,-0.08364421523779456,,,,
W1,fluxv_v4b_filtered,0.6953125,-0.2602227473744141,-0.093589888191793,,,,
W1,fluxv_v4b_filtered,0.703125,-0.27712685024212835,-0.10171896209217636,,,,
W1,fluxv_v4b_filtered,0.7109375,-0.28857238030242693,-0.10816268498690254,,,,
W1,fluxv_v4b_filtered,0.71875,-0.2957158683987188,-0.11314643252505076,,,,
W1,fluxv_v4b_filtered,0.7265625,-0.29982347121110675,-0.11695390648717612,,,,
W1,fluxv_v4b_filtered,0.734375,-0.3021428658456894,-0.11988697424938483,,,,
W1,fluxv_v4b_filtered,0.7421875,-0.30378058150726805,-0.12222576632601917,,,,
W1,fluxv_v4b_filtered,0.75,-0.30559762304949123,-0.1241935432507553,,,,
W1,fluxv_v4b_filtered,0.7578125,-0.3081340944692449,-0.1259302167132025,,,,
W1,fluxv_v4b_filtered,0.765625,-0.31157022243783705,-0.12747734138784314,,,,
W1,fluxv_v4b_filtered,0.7734375,-0.31572708973006247,-0.12877601293851343,,,,
W1,fluxv_v4b_filtered,0.78125,-0.32010598093958265,-0.12967757960051793,,,,
W1,fluxv_v4b_filtered,0.7890625,-0.32396101588237314,-0.12996558076730627,,,,
W1,fluxv_v4b_filtered,0.796875,-0.32639617318388314,-0.12938604169719634,,,,
W1,fluxv_v4b_filtered,0.8046875,-0.3264752833470318,-0.12768232792182702,,,,
W1,fluxv_v4b_filtered,0.8125,-0.3233323701157671,-0.12463030133862102,,,,
W1,fluxv_v4b_filtered,0.8203125,-0.31626996120388684,-0.12006957131126855,,,,
W1,fluxv_v4b_filtered,0.828125,-0.30483462883475476,-0.11392718579649211,,,,
W1,fluxv_v4b_filtered,0.8359375,-0.2888618522279034,-0.10623108730169636,,,,
W1,fluxv_v4b_filtered,0.84375,-0.2684859788939288,-0.09711194346007646,,,,
W1,fluxv_v4b_filtered,0.8515625,-0.24411516565638436,-0.08679339370095933,,,,
W1,fluxv_v4b_filtered,0.859375,-0.21637522626645778,-0.07557215705871245,,,,
W1,fluxv_v4b_filtered,0.8671875,-0.18602983454206345,-0.06379065154579466,,,,
W1,fluxv_v4b_filtered,0.875,-0.15388712975219898,-0.05180563791227935,,,,
W1,fluxv_v4b_filtered,0.8828125,-0.12070415525052836,-0.039956817858885496,,,,
W1,fluxv_v4b_filtered,0.890625,-0.08710058668877796,-0.028539241536065768,,,,
W1,fluxv_v4b_filtered,0.8984375,-0.05349188656162296,-0.017782824529685215,,,,
W1,fluxv_v4b_filtered,0.90625,-0.02004952799950943,-0.007841312265388062,,,,
W1,fluxv_v4b_filtered,0.9140625,0.01330743121252298,0.0012082185198858675,,,,
W1,fluxv_v4b_filtered,0.921875,0.046888968531679676,0.009355609259886308,,,,
W1,fluxv_v4b_filtered,0.9296875,0.0811822872426925,0.016639242534308568,,,,
W1,fluxv_v4b_filtered,0.9375,0.11677834188051495,0.023121785065682604,,,,
W1,fluxv_v4b_filtered,0.9453125,0.15428600789800928,0.028863568984981283,,,,
W1,fluxv_v4b_filtered,0.953125,0.1942446133331347,0.03389745040556519,,,,
W1,fluxv_v4b_filtered,0.9609375,0.23704566291176277,0.03820881092309472,,,,
W1,fluxv_v4b_filtered,0.96875,0.28287339718925936,0.041723717728470694,,,,
W1,fluxv_v4b_filtered,0.9765625,0.33167148978058714,0.0443072085395628,,,,
W1,fluxv_v4b_filtered,0.984375,0.3831399786156693,0.04577234579398628,,,,
W1,fluxv_v4b_filtered,0.9921875,0.436762837932654,0.045899252971351036,,,,
W1,fluxv_v4b_lcrit019,0.0,0.5159240652739985,0.036897010482133855,0.7657877942658415,0.3394147145071299,-0.006786060906864136,0.0
W1,fluxv_v4b_lcrit019,0.0078125,0.5940136193638299,0.03476391712552597,0.7654441022077009,0.4539394761892739,-0.0004986810950819986,0.0
W1,fluxv_v4b_lcrit019,0.015625,0.6365863294499959,0.025949083294668635,0.7651130364831555,0.4117858268455403,-0.01572264152462608,0.0
W1,fluxv_v4b_lcrit019,0.0234375,0.7136294380946239,0.018960110788687066,0.7647949419236126,0.5117717860716243,-0.01595303499268757,0.0
W1,fluxv_v4b_lcrit019,0.03125,0.769949255754002,0.007492336710019024,0.7644901564938964,0.519176575796414,-0.027870883337144242,0.0
W1,fluxv_v4b_lcrit019,0.0390625,0.8131005244471499,-0.005586175266029173,0.7641990097731421,0.46675212529133975,-0.03914729616602661,1.0
W1,fluxv_v4b_lcrit019,0.046875,0.8669838116153366,-0.017445981530476013,0.7639218214530916,0.4563594559209095,-0.0377251802977473,1.0
W1,fluxv_v4b_lcrit019,0.0546875,0.9152134143085495,-0.031304769151110315,0.7636588998596241,0.4189690959835467,-0.03724088909299317,1.0
W1,fluxv_v4b_lcrit019,0.0625,0.9842898637905529,-0.045571320466524234,0.76341054050346,0.4671824490203778,-0.031000216455627776,1.0
W1,fluxv_v4b_lcrit019,0.0703125,1.0452029071973707,-0.06204395990023148,0.7631770246660466,0.47880972758889134,-0.026710923601298172,1.0
W1,fluxv_v4b_lcrit019,0.078125,1.1061933817728566,-0.08014957032637181,0.7629586180266563,0.48935727959339986,-0.022114061786526133,1.0
W1,fluxv_v4b_lcrit019,0.0859375,1.1819022192639177,-0.0991712444840699,0.7627555693367072,0.5618318290775758,-0.015846974376459384,1.0
W1,fluxv_v4b_lcrit019,0.09375,1.2108998272644518,-0.11570112316482578,0.7625681091472541,0.4459346712531472,-0.012603578095571792,1.0
W1,fluxv_v4b_lcrit019,0.1015625,1.3080827931645636,-0.12711920286595063,0.7623964485954771,0.6280675860306442,-0.005874318315820505,1.0
W1,fluxv_v4b_lcrit019,0.109375,1.3618787287535021,-0.13535030905753748,0.762240778255839,0.6376005234354685,-0.0007677249323679077,1.0
W1,fluxv_v4b_lcrit019,0.1171875,1.3466053892128635,-0.13992764568898716,0.7621012670613707,0.3656534805304364,0.008958229111347641,1.0
W1,fluxv_v4b_lcrit019,0.125,1.578433164185106,-0.14774779554888992,0.7619780613002849,1.1393858687298877,-0.00044377436917920204,1.0
W1,fluxv_v4b_lcrit019,0.1328125,1.415816172029153,-0.14627569608012103,0.7618712836928185,0.2614790008271996,0.02947267280091712,1.0
W1,fluxv_v4b_lcrit019,0.140625,1.6661340938039406,-0.1588350671656657,0.7617810325528536,1.1215358119522425,0.006601903773962144,1.0
W1,fluxv_v4b_lcrit019,0.1484375,1.5888271992777272,-0.1621520793594375,0.7617073810384785,0.6085950950230028,0.03408590719616659,1.0
W1,fluxv_v4b_lcrit019,0.15625,1.636683697115243,-0.17405986495502404,0.7616503764952227,0.6225669669187107,0.04155860419340287,1.0
W1,fluxv_v4b_lcrit019,0.1640625,1.9769229976235723,-0.2074201289686167,0.7616100398952307,1.8641889799284999,-0.021783391557213552,1.0
W1,fluxv_v4b_lcrit019,0.171875,1.7139156893750447,-0.2082970397215672,0.7615863653751479,0.5809008188701538,0.06121780907140029,1.0
W1,fluxv_v4b_lcrit019,0.1796875,1.823572360614576,-0.23138104789806369,0.7615793198749656,0.8713521539418371,0.050319627850272004,1.0
W1,fluxv_v4b_lcrit019,0.1875,1.7234160453086287,-0.23962628935934777,0.7615888428795262,0.29320133797761255,0.10018806138981318,1.0
W1,fluxv_v4b_lcrit019,0.1953125,1.7833675141116547,-0.25877248872006464,0.7616148462638236,0.39883835590399846,0.10212913337101995,1.0
W1,fluxv_v4b_lcrit019,0.203125,1.8496611414925543,-0.2782278389829532,0.76165721424266,0.5441209164534564,0.0998300812748592,1.0
W1,fluxv_v4b_lcrit019,0.2109375,1.9878152308300263,-0.303389870474694,0.7617158034246377,1.0047208131308618,0.06990878637962027,1.0
W1,fluxv_v4b_lcrit019,0.21875,1.9128745102819216,-0.31005574129340663,0.7617904429698743,0.5852795787627854,0.11323357530694211,1.0
W1,fluxv_v4b_lcrit019,0.2265625,2.0395050107653176,-0.333264602195397,0.7618809348502577,1.0267414033626527,0.08205368993907394,1.0
W1,fluxv_v4b_lcrit019,0.234375,2.0708866697281887,-0.34731512580356433,0.761987054210482,1.083402031439884,0.08362251648922481,1.0
W1,fluxv_v4b_lcrit019,0.2421875,1.855789350162383,-0.33801439467068306,0.7621085498275545,0.11921329640277233,0.1770572531747792,1.0
W1,fluxv_v4b_lcrit019,0.25,2.0574113389589406,-0.3651682148970389,0.7622451446659272,0.9218749024903026,0.11044381890517081,1.0
W1,fluxv_v4b_lcrit019,0.2578125,2.1024400266991714,-0.3768754016076544,0.7623965365249048,1.081578281190134,0.10146901879573897,1.0
W1,fluxv_v4b_lcrit019,0.265625,2.114594531524668,-0.3842008664471565,0.7625623987744972,1.117942988986355,0.10325409714002486,1.0
W1,fluxv_v4b_lcrit019,0.2734375,2.0355339389287304,-0.3819847195405732,0.7627423811754472,0.7844571361683774,0.13726467824194633,1.0
W1,fluxv_v4b_lcrit019,0.28125,1.8890601297683822,-0.3727176225921375,0.7629361107787586,0.18014977025903817,0.19285317456070067,1.0
W1,fluxv_v4b_lcrit019,0.2890625,2.1178165258267923,-0.39403650098028087,0.7631431928996864,1.1725083546589123,0.11104673182485494,1.0
W1,fluxv_v4b_lcrit019,0.296875,1.9932974969079136,-0.38390764202256,0.7633632121608357,0.6866596562402003,0.15357257213595205,1.0
W1,fluxv_v4b_lcrit019,0.3046875,1.9589443915112168,-0.3799016183627614,0.7635957335987404,0.5934700618843577,0.1618999290393927,1.0
W1,fluxv_v4b_lcrit019,0.3125,2.111501318801642,-0.3881365989553864,0.763840303828072,1.3029933944540586,0.1101467073976333,1.0
W1,fluxv_v4b_lcrit019,0.3203125,1.633710203197487,-0.35010529874861596,0.7640964522574516,-0.6473109355956264,0.24633646436260553,1.0
W1,fluxv_v4b_lcrit019,0.328125,1.8135626543867835,-0.35681436229609714,0.7643636923507163,0.19885145968433068,0.1851640503050334,1.0
W1,fluxv_v4b_lcrit019,0.3359375,1.8669713816702906,-0.35263449717745665,0.764641522927407,0.5189013740546585,0.16265689513425832,1.0
W1,fluxv_v4b_lcrit019,0.34375,1.7393883271978063,-0.33916389565023447,0.764929429496223,0.07417199151450851,0.18287014968878712,1.0
W1,fluxv_v4b_lcrit019,0.3515625,1.978847090522215,-0.34665310043535197,0.7652268856152026,1.1918973019021692,0.12616720238319076,1.0
W1,fluxv_v4b_lcrit019,0.359375,2.0073356672639533,-0.34468178170446856,0.7655333542724523,1.4136450157743279,0.11865369354292193,1.0
W1,fluxv_v4b_lcrit019,0.3671875,1.5292632570027138,-0.32736484592899584,0.7658482892813514,-0.5250848658912253,0.1809927448922263,1.0
W1,fluxv_v4b_lcrit019,0.375,1.5429101180219502,-0.328192176068835,0.7661711366843077,-0.36203858782901993,0.16470199994031853,1.0
W1,fluxv_v4b_lcrit019,0.3828125,1.8146602151101296,-0.33073626460202227,0.766501336159317,0.9132467565710299,0.13387468851215664,1.0
W1,fluxv_v4b_lcrit019,0.390625,1.5876004898737484,-0.3221345012408708,0.7668383224237991,0.0616549732510104,0.13780600612771257,1.0
W1,fluxv_v4b_lcrit019,0.3984375,1.584240306013426,-0.3121994899706288,0.7671815266304279,0.1794313888133737,0.1293057171684936,0.0
W1,fluxv_v4b_lcrit019,0.40625,1.6511869145657818,-0.29582098283693237,0.767530377749943,0.6129353262775729,0.1261412816550054,0.0
W1,fluxv_v4b_lcrit019,0.4140625,1.5747212830519577,-0.2743306463323688,0.7678843039362311,0.4442528005246241,0.11980943878614492,0.0
W1,fluxv_v4b_lcrit019,0.421875,1.5302756835133509,-0.2476748406301332,0.7682427338692724,0.4256808601743817,0.11554377903926193,0.0
W1,fluxv_v4b_lcrit019,0.4296875,1.5031917544363727,-0.2201582798728416,0.768605098071882,0.4862867305605502,0.1148250027964639,0.0
W1,fluxv_v4b_lcrit019,0.4375,1.420178287122373,-0.19548829822787472,0.7689708301965126,0.30842290168096326,0.10378569526688766,0.0
W1,fluxv_v4b_lcrit019,0.4453125,1.3736274028534534,-0.16996672126948817,0.7693393682787318,0.29136920862636234,0.09906350157880223,0.0
W1,fluxv_v4b_lcrit019,0.453125,1.2966060090382872,-0.1473135371548751,0.7697101559543413,0.14514475782612468,0.08514954569780296,0.0
W1,fluxv_v4b_lcrit019,0.4609375,1.2508090323985244,-0.12350612112113692,0.7700826436374522,0.13737303519211697,0.08007080297262455,0.0
W1,fluxv_v4b_lcrit019,0.46875,1.1492558318937642,-0.10580810374075314,0.7704562896571795,-0.11026993984037091,0.05276468363778844,0.0
W1,fluxv_v4b_lcrit019,0.4765625,1.1150164143501187,-0.0832091205485879,0.7708305613509657,-0.06199520416478639,0.05166864648340831,0.0
W1,fluxv_v4b_lcrit019,0.484375,1.0316650446590983,-0.06709065831054908,0.7712049361128659,-0.22527675694782118,0.027632016585361005,0.0
W1,fluxv_v4b_lcrit019,0.4921875,0.9905640042923358,-0.04740800319439188,0.7715789023954595,-0.20124786430099306,0.024947495552593502,0.0
W1,fluxv_v4b_lcrit019,0.5,0.9774714903131609,-0.024755607964295066,0.7719519606643519,-0.051517252550995374,0.0415090740460866,0.0
W1,fluxv_v4b_lcrit019,0.5078125,0.9251373600539041,-0.008688230084129446,0.7723236243045308,-0.07094200277401883,0.035804706997399474,0.0
W1,fluxv_v4b_lcrit019,0.515625,0.9066498265712656,0.011303099704398642,0.7726934204781047,0.06106984309595948,0.0542814188060565,0.0
W1,fluxv_v4b_lcrit019,0.5234375,0.8627549384286878,0.025954079341824744,0.7730608909332204,0.08400693876664009,0.05651951577014176,0.0
W1,fluxv_v4b_lcrit019,0.53125,0.821288824129881,0.03957751419631892,0.7734255927641797,0.12001529935291788,0.06172033532689938,0.0
W1,fluxv_v4b_lcrit019,0.5390625,0.7455239970441906,0.044981584558092265,0.7737870991229999,0.0065834110655069306,0.03830889374258477,0.0
W1,fluxv_v4b_lcrit019,0.546875,0.6336313264553444,0.04069018208688792,0.774144999882851,-0.26535443890284616,-0.020228901501375372,0.0
W1,fluxv_v4b_lcrit019,0.5546875,0.5770721649307868,0.04546662984941704,0.774498902253974,-0.2912447977477598,-0.030740857526981108,0.0
W1,fluxv_v4b_lcrit019,0.5625,0.5306247429160289,0.05057432189182348,0.7748484313528384,-0.2711197850684513,-0.03174642084254811,0.0
W1,fluxv_v4b_lcrit019,0.5703125,0.4731401129095274,0.0516196707438674,0.7751932307254211,-0.2992335781836968,-0.04274468222853883,0.0
W1,fluxv_v4b_lcrit019,0.578125,0.40971584551453766,0.049117091896699785,0.7755329628255947,-0.3535373718407506,-0.061549160817159665,0.0
W1,fluxv_v4b_lcrit019,0.5859375,0.37384216278662413,0.05182853664261575,0.7758673094497015,-0.2852167024492798,-0.04922581813212955,0.0
W1,fluxv_v4b_lcrit019,0.59375,0.2899446665349379,0.04004687279296724,0.7761959721284484,-0.4319516590697298,-0.0938843188158574,0.0
W1,fluxv_v4b_lcrit019,0.6015625,0.22492876706445808,0.03116934241338752,0.7765169842979224,-0.49589202043671293,-0.11818990489997074,0.0
W1,fluxv_v4b_lcrit019,0.609375,0.19947864611551527,0.031974039108433785,0.7768274238095793,-0.38463011975392764,-0.0920187743575279,0.0
W1,fluxv_v4b_lcrit019,0.6171875,0.11192636252876598,0.012771672340347252,0.7771245383043804,-0.5543058130418425,-0.14879020463291356,0.0
W1,fluxv_v4b_lcrit019,0.625,0.10196100816327858,0.015484244059948611,0.7774057488384738,-0.37918846191170524,-0.10098321979060297,0.0
W1,fluxv_v4b_lcrit019,0.6328125,0.07453775365798543,0.011756783603949635,0.777668653297276,-0.28627701154023283,-0.0763179188412318,0.0
W1,fluxv_v4b_lcrit019,0.640625,0.04444700723836127,0.00600273553436987,0.7779110295665279,-0.21009667711817176,-0.05565590690855371,0.0
W1,fluxv_v4b_lcrit019,0.6484375,-0.010113967622601187,-0.009073631192097562,0.7781308384305092,-0.24982624620217708,-0.0726163434150223,0.0
W1,fluxv_v4b_lcrit019,0.65625,-0.02478195347416421,-0.011816128129249707,0.7783262261693867,-0.11629661469842878,-0.030393685738314403,0.0
W1,fluxv_v4b_lcrit019,0.6640625,-0.02540528567010838,-0.01040022946987171,0.7784955268296129,0.07335138809515165,0.033405660736473435,0.0
W1,fluxv_v4b_lcrit019,0.671875,-0.030376413387072247,-0.01105268824713963,0.7786372641433911,0.23523560507574473,0.08979244031842461,0.0
W1,fluxv_v4b_lcrit019,0.6796875,-0.04473158645472711,-0.01561300766429908,0.778750153075461,0.34564025341595755,0.12949603307012877,0.0
W1,fluxv_v4b_lcrit019,0.6875,-0.06971617433635449,-0.024622549566105965,0.778833100977819,0.3980033069566651,0.1490865963789001,0.0
W1,fluxv_v4b_lcrit019,0.6953125,-0.10429847339641204,-0.03776323470379776,0.77888520833547,0.396138104227807,0.1490270537983347,0.0
W1,fluxv_v4b_lcrit019,0.703125,-0.13988268649654734,-0.051823517333348,0.7789057690888702,0.37817580792423133,0.14289738156194298,0.0
W1,fluxv_v4b_lcrit019,0.7109375,-0.17609724901462204,-0.06655610006353115,0.7788942705213742,0.34515932406363,0.13091618204898228,0.0
W1,fluxv_v4b_lcrit019,0.71875,-0.22033723809248298,-0.08467025448245565,0.7788503927026953,0.26310606513486356,0.0999870729626301,0.0
W1,fluxv_v4b_lcrit019,0.7265625,-0.2576960568914589,-0.10035911850955309,0.7787740074821291,0.19899358292129882,0.07559833125197361,0.0
W1,fluxv_v4b_lcrit019,0.734375,-0.2784582366972845,-0.10971582768340699,0.7786651770280372,0.1963551709782132,0.0747026957487149,0.0
W1,fluxv_v4b_lcrit019,0.7421875,-0.2931074754281769,-0.11663669890145072,0.7785241519128292,0.2074979620045771,0.07906750350881506,0.0
W1,fluxv_v4b_lcrit019,0.75,-0.3130339029632495,-0.12543311680248223,0.7783513687453919,0.18084070311018038,0.0687317611106176,0.0
W1,fluxv_v4b_lcrit019,0.7578125,-0.3144850371754281,-0.12684366509823886,0.7781474473555658,0.2234908446500653,0.08509930980291416,0.0
W1,fluxv_v4b_lcrit019,0.765625,-0.3300122500742747,-0.13339419138023617,0.777913187537852,0.18871540069477072,0.07143083692826777,0.0
W1,fluxv_v4b_lcrit019,0.7734375,-0.33546880906007975,-0.1357113300635887,0.7776495653640167,0.1855126101671892,0.06984834574831583,0.0
W1,fluxv_v4b_lcrit019,0.78125,-0.33431062793861127,-0.13512910305910894,0.777357729076627,0.19847615057816426,0.07430525470528357,0.0
W1,fluxv_v4b_lcrit019,0.7890625,-0.33224779473227734,-0.13384279515144787,0.7770389945777835,0.20223521035211292,0.07503684851298416,0.0
W1,fluxv_v4b_lcrit019,0.796875,-0.32361161732417304,-0.12974334798386164,0.7766948405294025,0.2225833544708263,0.08171968276439591,0.0
W1,fluxv_v4b_lcrit019,0.8046875,-0.32110440620021896,-0.1276114001494187,0.7763269030833141,0.2030689279151226,0.07326701246851425,0.0
W1,fluxv_v4b_lcrit019,0.8125,-0.3085506596441613,-0.1214539189497533,0.7759369702611759,0.21654902295642167,0.07690899339195684,0.0
W1,fluxv_v4b_lcrit019,0.8203125,-0.2869762968057377,-0.11183414254803033,0.7755269760057546,0.25877605667087694,0.09055733389335333,0.0
W1,fluxv_v4b_lcrit019,0.828125,-0.2820419762905512,-0.10808437228863786,0.7750989939264676,0.21599666189158456,0.07320593120182343,0.0
W1,fluxv_v4b_lcrit019,0.8359375,-0.2556663546921595,-0.09662045184895583,0.7746552307632242,0.2582076476931544,0.08591200918894917,0.0
W1,fluxv_v4b_lcrit019,0.84375,-0.2432779311260116,-0.09009673830807324,0.7741980195935259,0.22850140981664535,0.07308455599131004,0.0
W1,fluxv_v4b_lcrit019,0.8515625,-0.22349267355777164,-0.08107099764388395,0.773729812808516,0.22230612133866579,0.06842371568101545,0.0
W1,fluxv_v4b_lcrit019,0.859375,-0.1938497764900013,-0.06898511436590483,0.773253174884161,0.25078348843988824,0.07500480341528974,0.0
W1,fluxv_v4b_lcrit019,0.8671875,-0.1665786744218833,-0.05806540882028141,0.7727707749740491,0.2603134185256831,0.07482258266523698,0.0
W1,fluxv_v4b_lcrit019,0.875,-0.1427417497286779,-0.04865675887727626,0.7722853793503804,0.2467329036244578,0.067064250445556,0.0
W1,fluxv_v4b_lcrit019,0.8828125,-0.11233051028329635,-0.03771868421791119,0.7717998437196139,0.25439060526305385,0.06574759011576446,0.0
W1,fluxv_v4b_lcrit019,0.890625,-0.079427088173081,-0.02671120227356212,0.7713171054389343,0.26560318046700415,0.06507463874288237,0.0
W1,fluxv_v4b_lcrit019,0.8984375,-0.04649813009901501,-0.01647410727333242,0.7708401756592306,0.2698474129220675,0.061982437636635065,0.0
W1,fluxv_v4b_lcrit019,0.90625,-0.011648158181686304,-0.006563044555021241,0.7703710329914871,0.27564505201081335,0.05900238596666922,0.0
W1,fluxv_v4b_lcrit019,0.9140625,0.029969846752064336,0.004159707138804132,0.7699099595676837,0.30423975550682136,0.061633988184582975,0.0
W1,fluxv_v4b_lcrit019,0.921875,0.06792894578765793,0.012772751555317003,0.7694572507729868,0.3104261809613357,0.05770219914951537,0.0
W1,fluxv_v4b_lcrit019,0.9296875,0.10787649660534505,0.020694478113889605,0.7690132139849262,0.31891571222825355,0.053890379787522785,0.0
W1,fluxv_v4b_lcrit019,0.9375,0.15852952348672944,0.029805408837835744,0.7685781672750028,0.36747261246430285,0.05880303293842991,0.0
W1,fluxv_v4b_lcrit019,0.9453125,0.1938035565232792,0.033990306022382566,0.76815243807466,0.3434641269859361,0.046470974243803,0.0
W1,fluxv_v4b_lcrit019,0.953125,0.24090529369776875,0.03936670033717897,0.7677363618078734,0.3645076968496416,0.04375818093664817,0.0
W1,fluxv_v4b_lcrit019,0.9609375,0.28277360023815296,0.04216900745720374,0.7673302804929228,0.3571170868149184,0.03483751842997271,0.0
W1,fluxv_v4b_lcrit019,0.96875,0.33164302528425055,0.04478016887015681,0.7669345413162314,0.37401627933725184,0.030351085241219773,0.0
W1,fluxv_v4b_lcrit019,0.9765625,0.37452554823822115,0.04468021722156505,0.7665494951814814,0.3595389755347523,0.01984517331446478,0.0
W1,fluxv_v4b_lcrit019,0.984375,0.4144450122972837,0.04260825692844343,0.7661754952375345,0.3268733162831671,0.006849781023691631,0.0
W1,fluxv_v4b_lcrit019,0.9921875,0.46557221443064867,0.040824425631818644,0.765812895388994,0.33673398592632736,0.0013426792282072303,0.0
W1,fluxv_v4b_lcrit019_filtered,0.0,0.5380155354717453,0.04261967285688459,,,,
W1,fluxv_v4b_lcrit019_filtered,0.0078125,0.5868783195156919,0.036562789321252745,,,,
W1,fluxv_v4b_lcrit019_filtered,0.015625,0.6364465024861147,0.02828762657845379,,,,
W1,fluxv_v4b_lcrit019_filtered,0.0234375,0.6873565194724323,0.017944153573473797,,,,
W1,fluxv_v4b_lcrit019_filtered,0.03125,0.740218755175296,0.005792718047038025,,,,
W1,fluxv_v4b_lcrit019_filtered,0.0390625,0.795527878192958,-0.007809853944143935,,,,
W1,fluxv_v4b_lcrit019_filtered,0.046875,0.853584748772204,-0.02243391541103005,,,,
W1,fluxv_v4b_lcrit019_filtered,0.0546875,0.9144395931316563,-0.03760856989224374,,,,
W1,fluxv_v4b_lcrit019_filtered,0.0625,0.9778636412401169,-0.05285843256464575,,,,
W1,fluxv_v4b_lcrit019_filtered,0.0703125,1.0433530410158194,-0.0677422247200995,,,,
W1,fluxv_v4b_lcrit019_filtered,0.078125,1.1101649939981288,-0.08188953594930985,,,,
W1,fluxv_v4b_lcrit019_filtered,0.0859375,1.177382168911874,-0.0950321423296367,,,,
W1,fluxv_v4b_lcrit019_filtered,0.09375,1.2439980078833048,-0.10702669016862097,,,,
W1,fluxv_v4b_lcrit019_filtered,0.1015625,1.3090129616336377,-0.11786630933611546,,,,
W1,fluxv_v4b_lcrit019_filtered,0.109375,1.3715302897340909,-0.12767973865646348,,,,
W1,fluxv_v4b_lcrit019_filtered,0.1171875,1.4308400156558438,-0.13671773036995424,,,,
W1,fluxv_v4b_lcrit019_filtered,0.125,1.486480948792234,-0.14532773458215775,,,,
W1,fluxv_v4b_lcrit019_filtered,0.1328125,1.5382732284657124,-0.15391902414345815,,,,
W1,fluxv_v4b_lcrit019_filtered,0.140625,1.5863173133218542,-0.1629213874817672,,,,
W1,fluxv_v4b_lcrit019_filtered,0.1484375,1.630959326499719,-0.17274119147278075,,,,
W1,fluxv_v4b_lcrit019_filtered,0.15625,1.6727267012238707,-0.18371892691008185,,,,
W1,fluxv_v4b_lcrit019_filtered,0.1640625,1.7122416728724201,-0.19609226013516795,,,,
W1,fluxv_v4b_lcrit019_filtered,0.171875,1.7501229001068168,-0.20996813062816078,,,,
W1,fluxv_v4b_lcrit019_filtered,0.1796875,1.7868870368047935,-0.22530660049807838,,,,
W1,fluxv_v4b_lcrit019_filtered,0.1875,1.822862225279064,-0.24191805810311973,,,,
W1,fluxv_v4b_lcrit019_filtered,0.1953125,1.8581242096597022,-0.25947411230100337,,,,
W1,fluxv_v4b_lcrit019_filtered,0.203125,1.892463214060482,-0.27753121056543084,,,,
W1,fluxv_v4b_lcrit019_filtered,0.2109375,1.9253861833307164,-0.2955648019191904,,,,
W1,fluxv_v4b_lcrit019_filtered,0.21875,1.9561548540499565,-0.31301086380598275,,,,
W1,fluxv_v4b_lcrit019_filtered,0.2265625,1.983855890886582,-0.32931091898549353,,,,
W1,fluxv_v4b_lcrit019_filtered,0.234375,2.0074954850268085,-0.34395635157037474,,,,
W1,fluxv_v4b_lcrit019_filtered,0.2421875,2.0261078209547976,-0.35652791997532507,,,,
W1,fluxv_v4b_lcrit019_filtered,0.25,2.0388650331370752,-0.36672684784910514,,,,
W1,fluxv_v4b_lcrit019_filtered,0.2578125,2.0451759141963173,-0.374394701915713,,,,
W1,fluxv_v4b_lcrit019_filtered,0.265625,2.0447617549177943,-0.37952035421836383,,,,
W1,fluxv_v4b_lcrit019_filtered,0.2734375,2.0377001755561333,-0.38223356672233155,,,,
W1,fluxv_v4b_lcrit019_filtered,0.28125,2.0244313696135894,-0.3827860060242413,,,,
W1,fluxv_v4b_lcrit019_filtered,0.2890625,2.005725419934726,-0.3815216712074148,,,,
W1,fluxv_v4b_lcrit019_filtered,0.296875,1.9826137758550537,-0.3788396860220161,,,,
W1,fluxv_v4b_lcrit019_filtered,0.3046875,1.9562920877139716,-0.3751530771820713,,,,
W1,fluxv_v4b_lcrit019_filtered,0.3125,1.9280049044448846,-0.37084747421221786,,,,
W1,fluxv_v4b_lcrit019_filtered,0.3203125,1.898924864687419,-0.3662435997624567,,,,
W1,fluxv_v4b_lcrit019_filtered,0.328125,1.8700397011127003,-0.3615669872620054,,,,
W1,fluxv_v4b_lcrit019_filtered,0.3359375,1.8420595459647569,-0.35692761529843253,,,,
W1,fluxv_v4b_lcrit019_filtered,0.34375,1.8153547636380598,-0.3523111648718513,,,,
W1,fluxv_v4b_lcrit019_filtered,0.3515625,1.7899310998289037,-0.3475824872295738,,,,
W1,fluxv_v4b_lcrit019_filtered,0.359375,1.7654447194912195,-0.34250072712354845,,,,
W1,fluxv_v4b_lcrit019_filtered,0.3671875,1.7412551919789179,-0.33674448874662405,,,,
W1,fluxv_v4b_lcrit019_filtered,0.375,1.7165101912329868,-0.3299445570223457,,,,
W1,fluxv_v4b_lcrit019_filtered,0.3828125,1.6902521066372176,-0.3217210718115264,,,,
W1,fluxv_v4b_lcrit019_filtered,0.390625,1.6615343187562548,-0.31172174535162256,,,,
W1,fluxv_v4b_lcrit019_filtered,0.3984375,1.629533865620068,-0.29965773048681643,,,,
W1,fluxv_v4b_lcrit019_filtered,0.40625,1.5936477280792016,-0.28533407351188467,,,,
W1,fluxv_v4b_lcrit019_filtered,0.4140625,1.553561938050534,-0.2686722761442928,,,,
W1,fluxv_v4b_lcrit019_filtered,0.421875,1.5092859312926794,-0.2497232783250115,,,,
W1,fluxv_v4b_lcrit019_filtered,0.4296875,1.461148652331027,-0.22867007387070204,,,,
W1,fluxv_v4b_lcrit019_filtered,0.4375,1.4097573978170677,-0.2058200947666574,,,,
W1,fluxv_v4b_lcrit019_filtered,0.4453125,1.3559247345355865,-0.18158836034699444,,,,
W1,fluxv_v4b_lcrit019_filtered,0.453125,1.3005725427140473,-0.15647310940025605,,,,
W1,fluxv_v4b_lcrit019_filtered,0.4609375,1.244624881154027,-0.1310261592075651,,,,
W1,fluxv_v4b_lcrit019_filtered,0.46875,1.188902639092411,-0.105820531216575,,,,
W1,fluxv_v4b_lcrit019_filtered,0.4765625,1.1340326820369326,-0.08141793860198426,,,,
W1,fluxv_v4b_lcrit019_filtered,0.484375,1.0803824444041328,-0.05833856024556768,,,,
W1,fluxv_v4b_lcrit019_filtered,0.4921875,1.028027874652299,-0.037035163085032234,,,,
W1,fluxv_v4b_lcrit019_filtered,0.5,0.9767586540415065,-0.017873130087770472,,,,
W1,fluxv_v4b_lcrit019_filtered,0.5078125,0.926120153599056,-0.0011173630338595225,,,,
W1,fluxv_v4b_lcrit019_filtered,0.515625,0.8754871868796404,0.013073581265873466,,,,
W1,fluxv_v4b_lcrit019_filtered,0.5234375,0.8241607757317861,0.024646339141055424,,,,
W1,fluxv_v4b_lcrit019_filtered,0.53125,0.771476324824934,0.03364528589177619,,,,
W1,fluxv_v4b_lcrit019_filtered,0.5390625,0.7169101329180438,0.04019987360700128,,,,
W1,fluxv_v4b_lcrit019_filtered,0.546875,0.6601712327334589,0.044508104037936515,,,,
W1,fluxv_v4b_lcrit019_filtered,0.5546875,0.6012671469228222,0.04681759348301207,,,,
W1,fluxv_v4b_lcrit019_filtered,0.5625,0.5405350966959437,0.047405676770906784,,,,
W1,fluxv_v4b_lcrit019_filtered,0.5703125,0.4786341658217276,0.04655988529569594,,,,
W1,fluxv_v4b_lcrit019_filtered,0.578125,0.416498449993251,0.04455994750823865,,,,
W1,fluxv_v4b_lcrit019_filtered,0.5859375,0.35525578712446404,0.041662229156449695,,,,
W1,fluxv_v4b_lcrit019_filtered,0.59375,0.2961207386340032,0.03808728274785923,,,,
W1,fluxv_v4b_lcrit019_filtered,0.6015625,0.24027360054297286,0.034010933843985056,,,,
W1,fluxv_v4b_lcrit019_filtered,0.609375,0.1887390014300966,0.029559111356967163,,,,
W1,fluxv_v4b_lcrit019_filtered,0.6171875,0.14227787932489555,0.02480643763570692,,,,
W1,fluxv_v4b_lcrit019_filtered,0.625,0.10130528594967225,0.01977843227985232,,,,
W1,fluxv_v4b_lcrit019_filtered,0.6328125,0.06584369036428772,0.014457046431127482,,,,
W1,fluxv_v4b_lcrit019_filtered,0.640625,0.035517556086958946,0.00878912408179261,,,,
W1,fluxv_v4b_lcrit019_filtered,0.6484375,0.009590386703567044,0.002697276050997871,,,,
W1,fluxv_v4b_lcrit019_filtered,0.65625,-0.012959305648860608,-0.0039074543023381175,,,,
W1,fluxv_v4b_lcrit019_filtered,0.6640625,-0.033331017872983204,-0.01111185723697157,,,,
W1,fluxv_v4b_lcrit019_filtered,0.671875,-0.052775658213961685,-0.018986571843052025,,,,
W1,fluxv_v4b_lcrit019_filtered,0.6796875,-0.0724629510468171,-0.027572741400297793,,,,
W1,fluxv_v4b_lcrit019_filtered,0.6875,-0.09335715849073634,-0.0368702395986899,,,,
W1,fluxv_v4b_lcrit019_filtered,0.6953125,-0.11611452882716977,-0.04682838745579282,,,,
W1,fluxv_v4b_lcrit019_filtered,0.703125,-0.14101348040349448,-0.0573400044986508,,,,
W1,fluxv_v4b_lcrit019_filtered,0.7109375,-0.16792490561524287,-0.06823948584666177,,,,
W1,fluxv_v4b_lcrit019_filtered,0.71875,-0.19632554516793532,-0.07930536643443592,,,,
W1,fluxv_v4b_lcrit019_filtered,0.7265625,-0.2253526413720356,-0.0902675315279569,,,,
W1,fluxv_v4b_lcrit019_filtered,0.734375,-0.253893566835631,-0.10081887616487602,,,,
W1,fluxv_v4b_lcrit019_filtered,0.7421875,-0.2807003490922245,-0.11063083236486945,,,,
W1,fluxv_v4b_lcrit019_filtered,0.75,-0.30451639336603087,-0.1193718069515992,,,,
W1,fluxv_v4b_lcrit019_filtered,0.7578125,-0.3242015314240223,-0.126727244108476,,,,
W1,fluxv_v4b_lcrit019_filtered,0.765625,-0.338841914442648,-0.1324197849114835,,,,
W1,fluxv_v4b_lcrit019_filtered,0.7734375,-0.34783316295434874,-0.13622787574344764,,,,
W1,fluxv_v4b_lcrit019_filtered,0.78125,-0.35092835686471724,-0.13800120374671818,,,,
W1,fluxv_v4b_lcrit019_filtered,0.7890625,-0.34824651920822536,-0.13767152167470137,,,,
W1,fluxv_v4b_lcrit019_filtered,0.796875,-0.3402417450768652,-0.1352577616094143,,,,
W1,fluxv_v4b_lcrit019_filtered,0.8046875,-0.3276375340033585,-0.13086480462736766,,,,
W1,fluxv_v4b_lcrit019_filtered,0.8125,-0.3113346977058977,-0.12467583296173754,,,,
W1,fluxv_v4b_lcrit019_filtered,0.8203125,-0.2923040067469266,-0.11693879072322517,,,,
W1,fluxv_v4b_lcrit019_filtered,0.828125,-0.2714762030388729,-0.10794805877255725,,,,
W1,fluxv_v4b_lcrit019_filtered,0.8359375,-0.24964199081484617,-0.0980229468510129,,,,
W1,fluxv_v4b_lcrit019_filtered,0.84375,-0.2273731500216647,-0.08748496442237885,,,,
W1,fluxv_v4b_lcrit019_filtered,0.8515625,-0.2049731849354235,-0.07663600535446896,,,,
W1,fluxv_v4b_lcrit019_filtered,0.859375,-0.1824622636282004,-0.06573954253785291,,,,
W1,fluxv_v4b_lcrit019_filtered,0.8671875,-0.15959706128772333,-0.055006670407609204,,,,
W1,fluxv_v4b_lcrit019_filtered,0.875,-0.1359219845360472,-0.044588373265098014,,,,
W1,fluxv_v4b_lcrit019_filtered,0.8828125,-0.1108446106311185,-0.03457477536068648,,,,
W1,fluxv_v4b_lcrit019_filtered,0.890625,-0.0837254472828276,-0.025001404584222037,,,,
W1,fluxv_v4b_lcrit019_filtered,0.8984375,-0.053970615906215325,-0.01586174896149009,,,,
W1,fluxv_v4b_lcrit019_filtered,0.90625,-0.021115945680172277,-0.007124684064889419,,,,
W1,fluxv_v4b_lcrit019_filtered,0.9140625,0.015107765835667974,0.0012452221143518238,,,,
W1,fluxv_v4b_lcrit019_filtered,0.921875,0.054736085253755506,0.009266895179408874,,,,
W1,fluxv_v4b_lcrit019_filtered,0.9296875,0.09756323886904628,0.016923929366409518,,,,
W1,fluxv_v4b_lcrit019_filtered,0.9375,0.14316586144269883,0.024150110814822046,,,,
W1,fluxv_v4b_lcrit019_filtered,0.9453125,0.19095479057698295,0.03082124539253661,,,,
W1,fluxv_v4b_lcrit019_filtered,0.953125,0.24024805228689983,0.03675461431863221,,,,
W1,fluxv_v4b_lcrit019_filtered,0.9609375,0.2903556006673923,0.04171657767471042,,,,
W1,fluxv_v4b_lcrit019_filtered,0.96875,0.34066496261500645,0.045437953550646254,,,,
W1,fluxv_v4b_lcrit019_filtered,0.9765625,0.3907168621015719,0.047635912570268446,,,,
W1,fluxv_v4b_lcrit019_filtered,0.984375,0.44026116110062474,0.04804034032037676,,,,
W1,fluxv_v4b_lcrit019_filtered,0.9921875,0.4892858985363357,0.04642202269236794,,,,
W2,fluxv_old,0.0,-1.7187450441305483,-0.22627535333214066,,,,
W2,fluxv_old,0.0078125,-1.611161613248926,-0.16430018534079063,,,,
W2,fluxv_old,0.015625,-1.4905083163820079,-0.1082361992035492,,,,
W2,fluxv_old,0.0234375,-1.3588160276145242,-0.05930076294279257,,,,
W2,fluxv_old,0.03125,-1.2159523470467908,-0.018412199980709164,,,,
W2,fluxv_old,0.0390625,-1.0625048532466008,0.013517977413098034,,,,
W2,fluxv_old,0.046875,-0.8991573634782216,0.03566546363391179,,,,
W2,fluxv_old,0.0546875,-0.7266835822289047,0.047305865566434784,,,,
W2,fluxv_old,0.0625,-0.5459342816475833,0.047826198277693896,,,,
W2,fluxv_old,0.0703125,-0.3578233456468455,0.03673470635993999,,,,
W2,fluxv_old,0.078125,-0.1633138737930068,0.013669158261168527,,,,
W2,fluxv_old,0.0859375,0.03659511816305991,-0.021596101430796353,,,,
W2,fluxv_old,0.09375,0.24088062385699652,-0.06914393408412975,,,,
W2,fluxv_old,0.1015625,0.44850561089903845,-0.12890855046466884,,,,
W2,fluxv_old,0.109375,0.6584261429603864,-0.20066946434535735,,,,
W2,fluxv_old,0.1171875,0.8695955350103459,-0.28404487678078805,,,,
W2,fluxv_old,0.125,1.0809656004997112,-0.37848432812084953,,,,
W2,fluxv_old,0.1328125,1.2914842017338681,-0.4832604376753533,,,,
W2,fluxv_old,0.140625,1.5000927799580148,-0.5974611168398359,,,,
W2,fluxv_old,0.1484375,1.7057200385167004,-0.719981844578263,,,,
W2,fluxv_old,0.15625,1.907276857558262,-0.8495204126676161,,,,
W2,fluxv_old,0.1640625,2.103653489113183,-0.9845758807910456,,,,
W2,fluxv_old,0.171875,2.293720647078563,-1.1234538188773124,,,,
W2,fluxv_old,0.1796875,2.476334372150907,-1.264279272059154,,,,
W2,fluxv_old,0.1875,2.6503564648411944,-1.4050237692401875,,,,
W2,fluxv_old,0.1953125,2.8146877868342877,-1.5435471680371564,,,,
W2,fluxv_old,0.203125,2.9683109789275903,-1.6776536088552576,,,,
W2,fluxv_old,0.2109375,3.110339378347976,-1.8051597547069536,,,,
W2,fluxv_old,0.21875,3.2400418626148735,-1.9239622948186532,,,,
W2,fluxv_old,0.2265625,3.356843192031089,-2.0321007973883534,,,,
W2,fluxv_old,0.234375,3.460512432348414,-2.127888560741627,,,,
W2,fluxv_old,0.2421875,3.551143260444253,-2.2099605986339443,,,,
W2,fluxv_old,0.25,3.6291442362705584,-2.277317934826062,,,,
W2,fluxv_old,0.2578125,3.6952269069660617,-2.3293562682803257,,,,
W2,fluxv_old,0.265625,3.7503749627963088,-2.36586943163704,,,,
W2,fluxv_old,0.2734375,3.7957955608334824,-2.387027571812291,,,,
W2,fluxv_old,0.28125,3.8328557934428873,-2.3933323752925726,,,,
W2,fluxv_old,0.2890625,3.863008865821754,-2.3855541392682884,,,,
W2,fluxv_old,0.296875,3.8877184502933484,-2.3646587180386156,,,,
W2,fluxv_old,0.3046875,3.908385838695821,-2.3317310588076676,,,,
W2,fluxv_old,0.3125,3.926285332199866,-2.2879025058456306,,,,
W2,fluxv_old,0.3203125,3.9425130582619614,-2.234288288683589,,,,
W2,fluxv_old,0.328125,3.9579490705273774,-2.171937989092123,,,,
W2,fluxv_old,0.3359375,3.97323551359149,-2.1018018886316385,,,,
W2,fluxv_old,0.34375,3.988771560716157,-2.024713787007686,,,,
W2,fluxv_old,0.3515625,4.00471888533678,-1.9413869112269686,,,,
W2,fluxv_old,0.359375,4.021016425912019,-1.8524210532058398,,,,
W2,fluxv_old,0.3671875,4.037403940871399,-1.7583188204427265,,,,
W2,fluxv_old,0.375,4.053452051103471,-1.6595078453120373,,,,
W2,fluxv_old,0.3828125,4.068592552077176,-1.5563647825251306,,,,
W2,fluxv_old,0.390625,4.082149111846937,-1.4492396073740317,,,,
W2,fluxv_old,0.3984375,4.093368534931411,-1.338478847696369,,,,
W2,fluxv_old,0.40625,4.101450666804294,-1.224446046725325,,,,
W2,fluxv_old,0.4140625,4.105575369279178,-1.1075384071098013,,,,
W2,fluxv_old,0.421875,4.1049265795409084,-0.9881994101916213,,,,
W2,fluxv_old,0.4296875,4.098714411491693,-0.8669275143507406,,,,
W2,fluxv_old,0.4375,4.086195084908119,-0.7442808905028082,,,,
W2,fluxv_old,0.4453125,4.066687264998854,-0.6208782304676063,,,,
W2,fluxv_old,0.453125,4.039586068679586,-0.4973962397707294,,,,
W2,fluxv_old,0.4609375,4.004374732099937,-0.37456419230049137,,,,
W2,fluxv_old,0.46875,3.960634033661193,-0.2531559847643947,,,,
W2,fluxv_old,0.4765625,3.908049247073024,-0.13398012629492576,,,,
W2,fluxv_old,0.484375,3.8464142738827425,-0.017868170819856935,,,,
W2,fluxv_old,0.4921875,3.775633500116436,0.09433787506274276,,,,
W2,fluxv_old,0.5,3.695721358421318,0.2017986995349437,,,,
W2,fluxv_old,0.5078125,3.6067995953544187,0.3036909193835973,,,,
W2,fluxv_old,0.515625,3.509092491948451,0.3992199737072009,,,,
W2,fluxv_old,0.5234375,3.4029200545384257,0.4876322639149283,,,,
W2,fluxv_old,0.53125,3.2886891969990213,0.5682261298607529,,,,
W2,fluxv_old,0.5390625,3.1668834098586496,0.6403613771867913,,,,
W2,fluxv_old,0.546875,3.038051270762497,0.7034671488925524,,,,
W2,fluxv_old,0.5546875,2.9027939504609894,0.7570479561936229,,,,
W2,fluxv_old,0.5625,2.7617523056673288,0.8006878755758601,,,,
W2,fluxv_old,0.5703125,2.6155940573692975,0.834053038183707,,,,
W2,fluxv_old,0.578125,2.4650011732973223,0.8568925184290958,,,,
W2,fluxv_old,0.5859375,2.3106582871240224,0.8690380840788453,,,,
W2,fluxv_old,0.59375,2.1532427862851056,0.8704033906672803,,,,
W2,fluxv_old,0.6015625,1.9934162940783724,0.860982904879079,,,,
W2,fluxv_old,0.609375,1.8318182783703272,0.8408513030331429,,,,
W2,fluxv_old,0.6171875,1.6690624787348445,0.8101642186014746,,,,
W2,fluxv_old,0.625,1.5057361218559486,0.7691608762699743,,,,
W2,fluxv_old,0.6328125,1.342398979411649,0.7181671479945647,,,,
W2,fluxv_old,0.640625,1.1795855533625705,0.6576010274609302,,,,
W2,fluxv_old,0.6484375,1.0178116204169985,0.5879815172690092,,,,
W2,fluxv_old,0.65625,0.8575778478681421,0.5099359392389448,,,,
W2,fluxv_old,0.6640625,0.6993741552330103,0.42420718700724214,,,,
W2,fluxv_old,0.671875,0.5436827191725154,0.33165862801951057,,,,
W2,fluxv_old,0.6796875,0.39097837737757013,0.23327460431209351,,,,
W2,fluxv_old,0.6875,0.2417258203071513,0.13015487047090615,,,,
W2,fluxv_old,0.6953125,0.09637311508660582,0.02350155712901604,,,,
W2,fluxv_old,0.703125,-0.04465794889387054,-0.08540167539512242,,,,
W2,fluxv_old,0.7109375,-0.18098385125166191,-0.19521780809698808,,,,
W2,fluxv_old,0.71875,-0.312272262618281,-0.304590379136584,,,,
W2,fluxv_old,0.7265625,-0.4382561857485033,-0.4121824285291087,,,,
W2,fluxv_old,0.734375,-0.5587524046739759,-0.5167218179120111,,,,
W2,fluxv_old,0.7421875,-0.6736711428939152,-0.6170395277177602,,,,
W2,fluxv_old,0.75,-0.7830112750735775,-0.7120934959414741,,,,
W2,fluxv_old,0.7578125,-0.8868638817836533,-0.800996477131413,,,,
W2,fluxv_old,0.765625,-0.9854116292850831,-0.8830354210532498,,,,
W2,fluxv_old,0.7734375,-1.0789190342307706,-0.9576767651342595,,,,
W2,fluxv_old,0.78125,-1.1677150179293716,-1.0245585367454246,,,,
W2,fluxv_old,0.7890625,-1.2521698055205877,-1.0834716390289136,,,,
W2,fluxv_old,0.796875,-1.3326684988705673,-1.1343336359404155,,,,
W2,fluxv_old,0.8046875,-1.4095836457046185,-1.1771587565423147,,,,
W2,fluxv_old,0.8125,-1.4832490567561505,-1.2120278599524998,,,,
W2,fluxv_old,0.8203125,-1.5539365470976203,-1.2390614012449945,,,,
W2,fluxv_old,0.828125,-1.621836003607384,-1.2583971275351573,,,,
W2,fluxv_old,0.8359375,-1.6870429913455982,-1.2701760453962794,,,,
W2,fluxv_old,0.84375,-1.7495413095619385,-1.274528764744918,,,,
W2,fluxv_old,0.8515625,-1.8092068301182127,-1.2715793420210804,,,,
W2,fluxv_old,0.859375,-1.86580310851304,-1.261446108754429,,,,
W2,fluxv_old,0.8671875,-1.918965159861673,-1.244238933352805,,,,
W2,fluxv_old,0.875,-1.96825117151636,-1.2200966531816597,,,,
W2,fluxv_old,0.8828125,-2.013151318070575,-1.1891956819226839,,,,
W2,fluxv_old,0.890625,-2.0530839675539125,-1.151752832760899,,,,
W2,fluxv_old,0.8984375,-2.0874066815979084,-1.108036355750919,,,,
W2,fluxv_old,0.90625,-2.1154305526646,-1.0583768993655307,,,,
W2,fluxv_old,0.9140625,-2.1364358683605102,-1.0031768802721834,,,,
W2,fluxv_old,0.921875,-2.1496885424750607,-0.9429177230569156,,,,
W2,fluxv_old,0.9296875,-2.1544570760731014,-0.8781647007233031,,,,
W2,fluxv_old,0.9375,-2.150029718156086,-0.8095691528923067,,,,
W2,fluxv_old,0.9453125,-2.1357315596102335,-0.7378679895755876,,,,
W2,fluxv_old,0.953125,-2.1109412220174275,-0.6638804426316083,,,,
W2,fluxv_old,0.9609375,-2.0751066548664387,-0.5885020655165419,,,,
W2,fluxv_old,0.96875,-2.0277597353153656,-0.5126961451202436,,,,
W2,fluxv_old,0.9765625,-1.9685292862448085,-0.43748272766594803,,,,
W2,fluxv_old,0.984375,-1.8971520897208942,-0.3639255231950831,,,,
W2,fluxv_old,0.9921875,-1.8134815566525897,-0.29311704412131934,,,,
W2,fluxv_old_filtered,0.0,-1.735975935680278,-0.16566003374938115,,,,
W2,fluxv_old_filtered,0.0078125,-1.6282211154271453,-0.10708086969419256,,,,
W2,fluxv_old_filtered,0.015625,-1.507853682497468,-0.05644739035202129,,,,
W2,fluxv_old_filtered,0.0234375,-1.3751536252034793,-0.01464320508547784,,,,
W2,fluxv_old_filtered,0.03125,-1.2305411108785618,0.01755162041206365,,,,
W2,fluxv_old_filtered,0.0390625,-1.0745747894355928,0.03947190506221265,,,,
W2,fluxv_old_filtered,0.046875,-0.9079475264504662,0.050577213236216,,,,
W2,fluxv_old_filtered,0.0546875,-0.7314796235797691,0.05046007592464258,,,,
W2,fluxv_old_filtered,0.0625,-0.5461096363735352,0.03885243767755797,,,,
W2,fluxv_old_filtered,0.0703125,-0.35288294966464284,0.015630222211113987,,,,
W2,fluxv_old_filtered,0.078125,-0.15293831763517352,-0.019184060980277307,,,,
W2,fluxv_old_filtered,0.0859375,0.05250738162648427,-0.06542071576878505,,,,
W2,fluxv_old_filtered,0.09375,0.2621758896707097,-0.1227642792616585,,,,
W2,fluxv_old_filtered,0.1015625,0.4747454902602323,-0.19075694524169862,,,,
W2,fluxv_old_filtered,0.109375,0.6888697668394111,-0.2688039421697306,,,,
W2,fluxv_old_filtered,0.1171875,0.9031968328550743,-0.3561807857185716,,,,
W2,fluxv_old_filtered,0.125,1.1163886625095136,-0.4520422961869486,,,,
W2,fluxv_old_filtered,0.1328125,1.327140146914719,-0.5554332434548163,,,,
W2,fluxv_old_filtered,0.140625,1.5341975058314021,-0.6653004568855623,,,,
W2,fluxv_old_filtered,0.1484375,1.7363756981120992,-0.7805062152050011,,,,
W2,fluxv_old_filtered,0.15625,1.9325744943553043,-0.8998427122852385,,,,
W2,fluxv_old_filtered,0.1640625,2.121792902688748,-1.0220473792626936,,,,
W2,fluxv_old_filtered,0.171875,2.3031416724564195,-1.1458188317830729,,,,
W2,fluxv_old_filtered,0.1796875,2.475853640169996,-1.2698332035760003,,,,
W2,fluxv_old_filtered,0.1875,2.639291726563225,-1.3927606241241128,,,,
W2,fluxv_old_filtered,0.1953125,2.7929544420154793,-1.5132815989313602,,,,
W2,fluxv_old_filtered,0.203125,2.93647880896207,-1.6301030557584997,,,,
W2,fluxv_old_filtered,0.2109375,3.0696406630961293,-1.7419738290471476,,,,
W2,fluxv_old_filtered,0.21875,3.192352349063082,-1.8476993673886386,,,,
W2,fluxv_old_filtered,0.2265625,3.3046578798129227,-1.9461554650308648,,,,
W2,fluxv_old_filtered,0.234375,3.4067256806762725,-2.0363008377111274,,,,
W2,fluxv_old_filtered,0.2421875,3.4988390884706555,-2.1171883851543982,,,,
W2,fluxv_old_filtered,0.25,3.581384821484024,-2.1879750069341135,,,,
W2,fluxv_old_filtered,0.2578125,3.6548396770641016,-2.247929864567281,,,,
W2,fluxv_old_filtered,0.265625,3.719755748905408,-2.296441010188815,,,,
W2,fluxv_old_filtered,0.2734375,3.7767444852309127,-2.33302033038494,,,,
W2,fluxv_old_filtered,0.28125,3.8264599313064718,-2.357306782218242,,,,
W2,fluxv_old_filtered,0.2890625,3.869581514645562,-2.3690679266075994,,,,
W2,fluxv_old_filtered,0.296875,3.9067967385583264,-2.3681997915095714,,,,
W2,fluxv_old_filtered,0.3046875,3.938784149235353,-2.3547251232843367,,,,
W2,fluxv_old_filtered,0.3125,3.966196933361641,-2.3287901087545606,,,,
W2,fluxv_old_filtered,0.3203125,3.9896474875243877,-2.2906596723600186,,,,
W2,fluxv_old_filtered,0.328125,4.00969327776491,-2.240711472107138,,,,
W2,fluxv_old_filtered,0.3359375,4.026824278039095,-2.179428734403358,,,,
W2,fluxv_old_filtered,0.34375,4.041452240743161,-2.107392081108778,,,,
W2,fluxv_old_filtered,0.3515625,4.053902011611177,-2.025270512058896,,,,
W2,fluxv_old_filtered,0.359375,4.064405056087756,-1.9338117128110244,,,,
W2,fluxv_old_filtered,0.3671875,4.073095315705376,-1.8338318604151758,,,,
W2,fluxv_old_filtered,0.375,4.080007462103244,-1.726205099652199,,,,
W2,fluxv_old_filtered,0.3828125,4.08507756421331,-1.611852858532791,,,,
W2,fluxv_old_filtered,0.390625,4.088146131933138,-1.491733165092703,,,,
W2,fluxv_old_filtered,0.3984375,4.088963448428183,-1.366830117896264,,,,
W2,fluxv_old_filtered,0.40625,4.0871970541568325,-1.2381436504722285,,,,
W2,fluxv_old_filtered,0.4140625,4.082441199840859,-1.106679715501551,,,,
W2,fluxv_old_filtered,0.421875,4.0742280438917895,-0.9734409983446703,,,,
W2,fluxv_old_filtered,0.4296875,4.062040333137709,-0.8394182518560139,,,,
W2,fluxv_old_filtered,0.4375,4.0453252748522806,-0.7055823258266183,,,,
W2,fluxv_old_filtered,0.4453125,4.023509283717258,-0.5728769452741586,,,,
W2,fluxv_old_filtered,0.453125,3.9960132699593425,-0.44221227261624263,,,,
W2,fluxv_old_filtered,0.4609375,3.962268124846987,-0.31445926996124884,,,,
W2,fluxv_old_filtered,0.46875,3.9217300572085674,-0.19044485975576975,,,,
W2,fluxv_old_filtered,0.4765625,3.873895439671678,-0.07094786523481728,,,,
W2,fluxv_old_filtered,0.484375,3.818314835791975,0.04330430311083422,,,,
W2,fluxv_old_filtered,0.4921875,3.7546058988452664,0.15163826219257337,,,,
W2,fluxv_old_filtered,0.5,3.6824648593502456,0.2534366304689472,,,,
W2,fluxv_old_filtered,0.5078125,3.6016763507789236,0.3481394288161462,,,,
W2,fluxv_old_filtered,0.515625,3.512121360672854,0.4352449817518602,,,,
W2,fluxv_old_filtered,0.5234375,3.4137831366760842,0.5143103964620506,,,,
W2,fluxv_old_filtered,0.53125,3.306750922883256,0.5849516983182701,,,,
W2,fluxv_old_filtered,0.5390625,3.1912214503696417,0.6468437002765476,,,,
W2,fluxv_old_filtered,0.546875,3.067498155750913,0.6997196798291397,,,,
W2,fluxv_old_filtered,0.5546875,2.9359881520145956,0.7433709312089429,,,,
W2,fluxv_old_filtered,0.5625,2.797197025565571,0.7776462525492448,,,,
W2,fluxv_old_filtered,0.5703125,2.65172158134503,0.8024514179542912,,,,
W2,fluxv_old_filtered,0.578125,2.5002407029664075,0.8177486732564321,,,,
W2,fluxv_old_filtered,0.5859375,2.343504536077451,0.8235562819755035,,,,
W2,fluxv_old_filtered,0.59375,2.1823222397036934,0.8199481350331679,,,,
W2,fluxv_old_filtered,0.6015625,2.0175485813587595,0.8070534245033112,,,,
W2,fluxv_old_filtered,0.609375,1.8500696765465547,0.785056368500086,,,,
W2,fluxv_old_filtered,0.6171875,1.680788191391181,0.7541959616156823,,,,
W2,fluxv_old_filtered,0.625,1.510608338122243,0.7147657135055518,,,,
W2,fluxv_old_filtered,0.6328125,1.34042099678242,0.6671133276427613,,,,
W2,fluxv_old_filtered,0.640625,1.171089292738665,0.61164026325743,,,,
W2,fluxv_old_filtered,0.6484375,1.003434948459074,0.5488011163349318,,,,
W2,fluxv_old_filtered,0.65625,0.8382257098162482,0.4791027505140971,,,,
W2,fluxv_old_filtered,0.6640625,0.6761641223021491,0.40310310599805094,,,,
W2,fluxv_old_filtered,0.671875,0.5178779015428685,0.3214096143016793,,,,
W2,fluxv_old_filtered,0.6796875,0.3639121060725079,0.2346771488859779,,,,
W2,fluxv_old_filtered,0.6875,0.21472327927091683,0.14360544648184193,,,,
W2,fluxv_old_filtered,0.6953125,0.0706756825994177,0.04893594113107247,,,,
W2,fluxv_old_filtered,0.703125,-0.06796030522731766,-0.04855203744656944,,,,
W2,fluxv_old_filtered,0.7109375,-0.20100759766560694,-0.1480457377930653,,,,
W2,fluxv_old_filtered,0.71875,-0.32837964265262976,-0.24870415589239958,,,,
W2,fluxv_old_filtered,0.7265625,-0.45007557133340614,-0.3496639071752077,,,,
W2,fluxv_old_filtered,0.734375,-0.5661733743731687,-0.45004579226724906,,,,
W2,fluxv_old_filtered,0.7421875,-0.6768212719989033,-0.5489620297984107,,,,
W2,fluxv_old_filtered,0.75,-0.7822274852295035,-0.6455241114552054,,,,
W2,fluxv_old_filtered,0.7578125,-0.8826486524913919,-0.7388512162244256,,,,
W2,fluxv_old_filtered,0.765625,-0.9783771671563064,-0.828079102880777,,,,
W2,fluxv_old_filtered,0.7734375,-1.0697277367790297,-0.9123693826613855,,,,
W2,fluxv_old_filtered,0.78125,-1.1570234833866782,-0.9909190581818444,,,,
W2,fluxv_old_filtered,0.7890625,-1.2405819156551228,-1.062970200400914,,,,
W2,fluxv_old_filtered,0.796875,-1.3207011079342859,-1.1278196232255375,,,,
W2,fluxv_old_filtered,0.8046875,-1.3976464177456915,-1.184828405519002,,,,
W2,fluxv_old_filtered,0.8125,-1.471638062629189,-1.2334311031419949,,,,
W2,fluxv_old_filtered,0.8203125,-1.5428398592802874,-1.2731444894751394,,,,
W2,fluxv_old_filtered,0.828125,-1.6113494031716564,-1.3035756618387695,,,,
W2,fluxv_old_filtered,0.8359375,-1.6771899358185423,-1.3244293534731137,,,,
W2,fluxv_old_filtered,0.84375,-1.740304110193076,-1.3355142963324842,,,,
W2,fluxv_old_filtered,0.8515625,-1.8005498233056811,-1.3367484888724692,,,,
W2,fluxv_old_filtered,0.859375,-1.8576982395492332,-1.3281632351890837,,,,
W2,fluxv_old_filtered,0.8671875,-1.9114340800271432,-1.3099058371516878,,,,
W2,fluxv_old_filtered,0.875,-1.9613582028105128,-1.2822408393361575,,,,
W2,fluxv_old_filtered,0.8828125,-2.0069924479859607,-1.2455497473249069,,,,
W2,fluxv_old_filtered,0.890625,-2.047786670578717,-1.2003291629489174,,,,
W2,fluxv_old_filtered,0.8984375,-2.083127835074869,-1.1471873049034196,,,,
W2,fluxv_old_filtered,0.90625,-2.1123509984038966,-1.0868389094263828,,,,
W2,fluxv_old_filtered,0.9140625,-2.1347519649072675,-1.020098532903559,,,,
W2,fluxv_old_filtered,0.921875,-2.1496013579665902,-0.9478723058436891,,,,
W2,fluxv_old_filtered,0.9296875,-2.1561598194557257,-0.8711482151237165,,,,
W2,fluxv_old_filtered,0.9375,-2.1536940207619346,-0.7909850182008638,,,,
W2,fluxv_old_filtered,0.9453125,-2.141493148407667,-0.7084999185953066,,,,
W2,fluxv_old_filtered,0.953125,-2.118885513769606,-0.6248551558484413,,,,
W2,fluxv_old_filtered,0.9609375,-2.0852549303530212,-0.5412436848682912,,,,
W2,fluxv_old_filtered,0.96875,-2.0400565036945317,-0.4588741386329451,,,,
W2,fluxv_old_filtered,0.9765625,-1.9828314882267064,-0.3789552842288632,,,,
W2,fluxv_old_filtered,0.984375,-1.9132208821705916,-0.30268019480221087,,,,
W2,fluxv_old_filtered,0.9921875,-1.8309774553925307,-0.23121036890951752,,,,
W2,fluxv_v4b,0.0,-1.7583184829799872,-0.23491173814659647,0.7718305699191355,-0.17343882936208288,-0.037850753325697574,1.0
W2,fluxv_v4b,0.0078125,-1.7799020089701025,-0.1855945393058152,0.7717061804893686,-0.7391369423968077,-0.09327608610110852,0.0
W2,fluxv_v4b,0.015625,-1.5301876773654781,-0.11346470787178185,0.7715850723418097,-0.17371614627065074,-0.022890398284549973,1.0
W2,fluxv_v4b,0.0234375,-1.4818157129767011,-0.06717682726904371,0.7714673778731624,-0.5382150006308994,-0.03446363260068777,1.0
W2,fluxv_v4b,0.03125,-1.3557130809901239,-0.022472003524185668,0.771353227399293,-0.6112517240179971,-0.017755787660148903,1.0
W2,fluxv_v4b,0.0390625,-1.1778429788874776,0.01412592356735399,0.7712427487600741,-0.5041944026504647,0.002657603861563838,1.0
W2,fluxv_v4b,0.046875,-1.0531903310872388,0.04161844616741396,0.771136066929266,-0.6730329481902713,0.026011012105006094,1.0
W2,fluxv_v4b,0.0546875,-0.8945610073944235,0.0593474110208659,0.771033303630571,-0.7331958220450318,0.05259081624256194,1.0
W2,fluxv_v4b,0.0625,-0.6567442929771747,0.060683393751824355,0.7709345769609998,-0.4837483102402807,0.0561289229232184,1.0
W2,fluxv_v4b,0.0703125,-0.47900278129849316,0.05504947386654761,0.7708400010226827,-0.5287983775198145,0.0799213108236244,1.0
W2,fluxv_v4b,0.078125,-0.3622820590050634,0.04748289326685045,0.7707496855642552,-0.8679080144416734,0.14749700600807408,1.0
W2,fluxv_v4b,0.0859375,-0.10283100119410349,0.009654067570164394,0.7706637356329316,-0.607550433857708,0.13438656964444937,1.0
W2,fluxv_v4b,0.09375,0.13361896736458412,-0.03233041935796437,0.770582251238363,-0.4615586816548909,0.13036565307368692,1.0
W2,fluxv_v4b,0.1015625,0.31312243109068055,-0.06759736432575138,0.7705053270293555,-0.5731657783801268,0.17511217745719687,1.0
W2,fluxv_v4b,0.109375,0.44723109293991287,-0.09495017965527654,0.7704330519844921,-0.8892202721411738,0.2748260919087574,1.0
W2,fluxv_v4b,0.1171875,0.7075971817154519,-0.15682496916275396,0.7703655091176719,-0.6595810891011583,0.24721968005205072,1.0
W2,fluxv_v4b,0.125,0.954607326231573,-0.22323862431291364,0.7703027751995389,-0.48997941040787407,0.2268897614154449,1.0
W2,fluxv_v4b,0.1328125,1.1596583240551646,-0.28576240397545105,0.77024492049573,-0.5020065144700094,0.25554901095685056,1.0
W2,fluxv_v4b,0.140625,1.4278173243223446,-0.37756061436023935,0.7701920085228221,-0.2350173307330179,0.19445437970119378,1.0
W2,fluxv_v4b,0.1484375,1.6451803729064651,-0.46455398000976583,0.7701440958228062,-0.1808055382921626,0.19740554926847786,1.0
W2,fluxv_v4b,0.15625,1.7797872939666706,-0.5335860299173356,0.7701012317568555,-0.47364316071465634,0.3260969910343773,1.0
W2,fluxv_v4b,0.1640625,2.0396422980615707,-0.6611177177633041,0.7700634583190938,-0.2034632456909301,0.2505495583487165,1.0
W2,fluxv_v4b,0.171875,2.1786770037800833,-0.7520516178137565,0.7700308099710038,-0.43375229137661075,0.3664776398080663,1.0
W2,fluxv_v4b,0.1796875,2.392308725196889,-0.8773136050493332,0.7700033134970439,-0.30819475410288677,0.3423793070251494,1.0
W2,fluxv_v4b,0.1875,2.6652480532661027,-1.0328382761213022,0.7699809878819692,0.11186633741812785,0.18882069688774641,1.0
W2,fluxv_v4b,0.1953125,2.7630187979398086,-1.1166052116024354,0.7699638442102748,-0.1877891431175248,0.34183131239317266,1.0
W2,fluxv_v4b,0.203125,2.8578620850435392,-1.1993766073668415,0.7699518855881022,-0.4534711943211137,0.48610617794930977,1.0
W2,fluxv_v4b,0.2109375,3.27742812195744,-1.4314733749066333,0.7699451070878689,0.7433149530211061,-0.03933803639174166,1.0
W2,fluxv_v4b,0.21875,3.1519764616791757,-1.412257567166714,0.7699434957157939,-0.37441160966756243,0.4996933002922539,1.0
W2,fluxv_v4b,0.2265625,3.4856651049739016,-1.60613948859561,0.7699470304024174,0.5611386335318838,0.07765508690929535,1.0
W2,fluxv_v4b,0.234375,3.3516242469288624,-1.575531644099036,0.7699556820161199,-0.4776035102381272,0.5907485982873127,1.0
W2,fluxv_v4b,0.2421875,3.878891589746276,-1.858426555079903,0.7699694133995655,1.4171514374324015,-0.3045270047554414,1.0
W2,fluxv_v4b,0.25,3.5144593481409716,-1.7076616084088978,0.7699881794289137,-0.5074053455638342,0.6362176082184092,1.0
W2,fluxv_v4b,0.2578125,3.670747401830508,-1.8026308914869107,0.7700119270955531,-0.11409180849441919,0.4570564406699821,1.0
W2,fluxv_v4b,0.265625,4.066317543354907,-2.0060751072013407,0.7700405956100377,1.3696360223185802,-0.24660945079706809,1.0
W2,fluxv_v4b,0.2734375,4.008916810819809,-1.9850273233851194,0.7700741165278221,0.9280859872604958,-0.026807059002854072,1.0
W2,fluxv_v4b,0.28125,3.6898031540089526,-1.8349479423775912,0.7701124138963146,-0.6138767370762205,0.7027363217220357,1.0
W2,fluxv_v4b,0.2890625,4.1908840421150195,-2.060562660392773,0.7701554044226964,1.4435438124874886,-0.2516889570475268,1.0
W2,fluxv_v4b,0.296875,3.983302244567869,-1.9498640133995169,0.7702029976618805,0.44262759193611145,0.20986348202130473,1.0
W2,fluxv_v4b,0.3046875,4.067372901977744,-1.9644116388294335,0.7702550962239185,0.7288995796128783,0.08217492813787969,1.0
W2,fluxv_v4b,0.3125,3.917204340919239,-1.8690149956428095,0.7703115960000988,0.007677614492457241,0.39180563039112143,1.0
W2,fluxv_v4b,0.3203125,4.1236629611917905,-1.9180210325446927,0.7703723864069228,0.8461442144480814,0.03440336021138468,1.0
W2,fluxv_v4b,0.328125,4.102685202238632,-1.8627616977497081,0.7704373506470867,0.6971438378777111,0.09540344791634439,1.0
W2,fluxv_v4b,0.3359375,4.0738147429380955,-1.7979893468419381,0.7705063659865516,0.5133767408712661,0.16476262467875807,1.0
W2,fluxv_v4b,0.34375,3.9076034590836066,-1.6808800125367391,0.7705793040467362,-0.272673616268428,0.4477324889369304,1.0
W2,fluxv_v4b,0.3515625,4.428456305851483,-1.8079072118661212,0.7706560311108289,1.9304212994664829,-0.33448868268566456,1.0
W2,fluxv_v4b,0.359375,3.9875545721628973,-1.5986062572770552,0.7707364084431784,-0.06622223463457527,0.3423030065481163,1.0
W2,fluxv_v4b,0.3671875,4.2754513993569585,-1.6269564000766328,0.7708202926206973,1.1106878023792712,-0.03283712092249885,1.0
W2,fluxv_v4b,0.375,4.216479687588706,-1.539324342792411,0.7709075358751855,0.7719583613458761,0.07408703153281251,1.0
W2,fluxv_v4b,0.3828125,3.946679010741461,-1.3924799359778604,0.7709979864454621,-0.48632369612984533,0.40775739454729754,1.0
W2,fluxv_v4b,0.390625,4.508418186428519,-1.448602774852087,0.7710914889381861,1.8930470162535848,-0.18360128392634278,1.0
W2,fluxv_v4b,0.3984375,3.8560290799384287,-1.2086860982774952,0.7711878846962269,-1.020450171086746,0.4748444473713226,1.0
W2,fluxv_v4b,0.40625,3.8635644653375114,-1.1166799810956483,0.7712870121734581,-1.0341041239960977,0.44096503229648043,1.0
W2,fluxv_v4b,0.4140625,4.317259548358139,-1.0885298631787452,0.7713887073148361,0.9263629819209955,0.0812631941382452,1.0
W2,fluxv_v4b,0.421875,4.086907424925809,-0.9345495714447948,0.7714928039406382,-0.07885596132569218,0.23478402287553937,1.0
W2,fluxv_v4b,0.4296875,3.9828708411719194,-0.8048813995597346,0.7715991341337458,-0.5071940943849542,0.2716544639867461,1.0
W2,fluxv_v4b,0.4375,4.171200762272171,-0.7046212027183627,0.7717075286288715,0.3723542736801916,0.17372315235035415,1.0
W2,fluxv_v4b,0.4453125,3.8933854593202124,-0.5655626366775961,0.7718178172026486,-0.7594887714460631,0.24241854956368736,1.0
W2,fluxv_v4b,0.453125,4.172839980771755,-0.45821070512870304,0.7719298290635267,0.5842671645529894,0.17181350143741983,1.0
W2,fluxv_v4b,0.4609375,3.8129757095833945,-0.33212785448669935,0.7720433932404369,-0.8396291962637483,0.18615971880363918,1.0
W2,fluxv_v4b,0.46875,4.079906552606453,-0.2099450165668441,0.7721583389692278,0.5234886298039727,0.18965349884679145,1.0
W2,fluxv_v4b,0.4765625,3.83691560966811,-0.09889565970210097,0.7722744960758987,-0.31236570423232674,0.15406472260796095,1.0
W2,fluxv_v4b,0.484375,3.828994332625007,0.01826641784592964,0.7723916953556929,-0.07653473490327482,0.15875777785110073,1.0
W2,fluxv_v4b,0.4921875,3.4675340114811615,0.09641765043442405,0.7725097689471508,-1.3543416225363036,0.009142262338280915,1.0
W2,fluxv_v4b,0.5,3.717992894944046,0.2400896764097027,0.7726285507002599,0.09795221251973438,0.1684071460717155,1.0
W2,fluxv_v4b,0.5078125,3.682300502366982,0.35057433297321083,0.7727478765378775,0.3322341101254762,0.20630572280407264,1.0
W2,fluxv_v4b,0.515625,3.6642096235327393,0.4631862406331781,0.772867584809643,0.6829370059499703,0.2816254424643345,1.0
W2,fluxv_v4b,0.5234375,3.284978307347782,0.4923801766915173,0.7729875166376391,-0.5195385973659571,0.020914765154171247,1.0
W2,fluxv_v4b,0.53125,3.2991221426997592,0.6017500319738968,0.7731075162530998,0.04598189207702343,0.14775236957844712,1.0
W2,fluxv_v4b,0.5390625,3.0549827936573815,0.6375820117418958,0.7732274313235078,-0.4934486426394119,-0.012256180106424458,1.0
W2,fluxv_v4b,0.546875,3.109300511923939,0.7549809403298089,0.7733471132694639,0.3143539982623234,0.22728054418517277,1.0
W2,fluxv_v4b,0.5546875,2.604559846758238,0.6796975479565789,0.7734664175707539,-1.3165116646486614,-0.34145228008833073,1.0
W2,fluxv_v4b,0.5625,2.9858973528993875,0.9126973036481771,0.7735852040610778,0.9899752633327209,0.49470895931435854,1.0
W2,fluxv_v4b,0.5703125,2.674838981204175,0.8836186080832464,0.7737033372109476,0.26180202175629913,0.21902916856420063,1.0
W2,fluxv_v4b,0.578125,2.517353300456266,0.9039188405958325,0.7738206863982983,0.231462932331357,0.20791610611017008,1.0
W2,fluxv_v4b,0.5859375,2.3600518631004497,0.9148921358315888,0.7739371261663945,0.21849486003077048,0.20283760431398679,1.0
W2,fluxv_v4b,0.59375,2.0876303650399364,0.8583357827504925,0.7740525364686549,-0.2903879522244206,-0.05340891076262834,1.0
W2,fluxv_v4b,0.6015625,1.9611249819308276,0.8632297770824409,0.7741662780913148,-0.14298711403517333,0.009949232490045513,1.0
W2,fluxv_v4b,0.609375,1.913649186690402,0.9049154913497257,0.7742774108339622,0.36252866238336984,0.28381824146744195,0.0
W2,fluxv_v4b,0.6171875,1.8012063264157652,0.9048405200767233,0.7743850413899961,0.5857051699721008,0.41963663251116906,1.0
W2,fluxv_v4b,0.625,1.4345885016291084,0.7402975253141588,0.7744883250318887,-0.3154941766846482,-0.12799049521448025,0.0
W2,fluxv_v4b,0.6328125,1.5391926196855703,0.8602869079598209,0.7745864671969915,0.8730338317615628,0.6304845951261335,0.0
W2,fluxv_v4b,0.640625,1.4006598782347328,0.8198639285833061,0.7746787249683614,0.9811515794108663,0.7201401691854964,0.0
W2,fluxv_v4b,0.6484375,1.1506325221688094,0.6926968473301767,0.7747644084453582,0.5896976620570588,0.46491466707544615,0.0
W2,fluxv_v4b,0.65625,0.917930932563358,0.5643535600329357,0.7748428819990864,0.26804875293780867,0.24168732162298345,0.0
W2,fluxv_v4b,0.6640625,0.7999750169496054,0.5095668827362377,0.7749135654080856,0.44694324604228725,0.3792307425534296,0.0
W2,fluxv_v4b,0.671875,0.8941369288240667,0.6116028094365091,0.7749759348700422,1.557407690813665,1.2440633016531937,0.0
W2,fluxv_v4b,0.6796875,0.689758591603957,0.4777962326439493,0.7750295238856783,1.3280863310906525,1.0869054133467668,0.0
W2,fluxv_v4b,0.6875,0.4718624446036812,0.3234464562155758,0.7750739240113849,1.0231656035655843,0.8593560568515555,0.0
W2,fluxv_v4b,0.6953125,0.3791408141394132,0.2635109344392407,0.7751087854775922,1.2573532481173597,1.0672243369752024,0.0
W2,fluxv_v4b,0.703125,0.09638415581941238,0.03805396245435448,0.7751338176703123,0.6272268388783065,0.5490182497449632,0.0
W2,fluxv_v4b,0.7109375,0.10712428866170257,0.056127532158295884,0.775148789473751,1.2813279467745222,1.1178296068187814,0.0
W2,fluxv_v4b,0.71875,-0.017642615406983753,-0.04522442468391427,0.7751535294723544,1.3103592265419686,1.1535246866184623,0.0
W2,fluxv_v4b,0.7265625,-0.1327990814052175,-0.14135135917205838,0.7751479260111359,1.35848026182055,1.2044855293194376,0.0
W2,fluxv_v4b,0.734375,-0.2728717676060058,-0.26208461314972264,0.7751319271136139,1.2713260419695527,1.1323848756908372,0.0
W2,fluxv_v4b,0.7421875,-0.3753025539769068,-0.350618657946039,0.7751055402571831,1.3267049319854944,1.1846484349876505,0.0
W2,fluxv_v4b,0.75,-0.4458834658986994,-0.411387382836476,0.7750688320062318,1.4988043328180212,1.33688059234783,0.0
W2,fluxv_v4b,0.7578125,-0.5476692346926223,-0.49940424126194166,0.7750219275038037,1.5076786965394848,1.3405405803473154,0.0
W2,fluxv_v4b,0.765625,-0.7397059566974613,-0.666165117236254,0.7749650098230937,1.0918554149933113,0.9637181473268133,0.0
W2,fluxv_v4b,0.7734375,-0.7700294965107941,-0.6870251615303271,0.7748983191805336,1.372222262381545,1.2023526551141013,0.0
W2,fluxv_v4b,0.78125,-0.9672846676595865,-0.8514727910156016,0.7748221520127018,0.890097991704277,0.7686624029713012,0.0
W2,fluxv_v4b,0.7890625,-0.9956161338909699,-0.8645493928813847,0.7747368599197322,1.1389065762743082,0.9718511695678245,0.0
W2,fluxv_v4b,0.796875,-1.0771042109349105,-0.919955654746808,0.7746428484783475,1.1340411706930107,0.9512810210196944,0.0
W2,fluxv_v4b,0.8046875,-1.2045306319897027,-1.009032463105832,0.7745405759280516,0.9094896545530045,0.7457053264840704,0.0
W2,fluxv_v4b,0.8125,-1.2693528501125244,-1.0405279731512607,0.7744305517344267,0.9482498994801651,0.7602974964912995,0.0
W2,fluxv_v4b,0.8203125,-1.330308622617276,-1.064206937086205,0.7743133350338511,0.990877881570391,0.7747664851399888,0.0
W2,fluxv_v4b,0.828125,-1.4289272203000425,-1.1122658188490624,0.7741895329643155,0.8542951344981552,0.6471414306184576,0.0
W2,fluxv_v4b,0.8359375,-1.5058391735886691,-1.137414922947011,0.7740597988873399,0.8019990106434206,0.5875940704464094,0.0
W2,fluxv_v4b,0.84375,-1.5923266574688322,-1.1637797440275757,0.7739248305063026,0.6954087547305331,0.4898769774910189,0.0
W2,fluxv_v4b,0.8515625,-1.6379441292792953,-1.1551291312891774,0.7737853678867631,0.7570805621149562,0.514777535140217,0.0
W2,fluxv_v4b,0.859375,-1.6928022550046973,-1.14858713174208,0.7736421913846118,0.764280475087537,0.49858663017944055,0.0
W2,fluxv_v4b,0.8671875,-1.7299379777532184,-1.1261122200293938,0.7734961194880927,0.8345427975946637,0.5215218081758262,0.0
W2,fluxv_v4b,0.875,-1.8097968920256766,-1.1266689171016304,0.7733480065799384,0.6991082544639922,0.412207872828529,0.0
W2,fluxv_v4b,0.8828125,-1.881118659888528,-1.1162144897039152,0.7731987406260095,0.5821513449549581,0.3217847750061393,0.0
W2,fluxv_v4b,0.890625,-1.9011117364459822,-1.0716800902063015,0.7730492407969606,0.6696264495505383,0.3528198928956269,0.0
W2,fluxv_v4b,0.8984375,-1.9649693448189465,-1.048538733382295,0.7729004550295545,0.5391351039250029,0.2619891747311376,0.0
W2,fluxv_v4b,0.90625,-2.0006710063406574,-1.006616842258093,0.7727530188572311,0.504999211636805,0.22777005374130413,0.0
W2,fluxv_v4b,0.9140625,-2.0163856835251575,-0.9526174411482795,0.7726070481081738,0.5279415383659829,0.22234391481032256,0.0
W2,fluxv_v4b,0.921875,-2.0586650456518143,-0.9091174902522037,0.7724626618645581,0.4000376270951387,0.14854807163381784,0.0
W2,fluxv_v4b,0.9296875,-2.0894832735188933,-0.8579082012622323,0.7723199821197876,0.2853733197982803,0.088969157898293,1.0
W2,fluxv_v4b,0.9375,-2.131121652914654,-0.8085734221166219,0.7721791334274942,0.08299531788241413,0.004370674164598055,1.0
W2,fluxv_v4b,0.9453125,-2.120360224837118,-0.738354800735886,0.7720402425430339,0.06743003653185306,-0.0021355135912105062,1.0
W2,fluxv_v4b,0.953125,-2.2485541069289146,-0.7135523701133812,0.7719034380582389,-0.6033097725805404,-0.21776710292746726,0.0
W2,fluxv_v4b,0.9609375,-2.1746133707526645,-0.6225896677434889,0.7717688500302324,-0.43599094996194376,-0.14935560825707778,0.0
W2,fluxv_v4b,0.96875,-2.1002464742811218,-0.5363759179978461,0.7716366096051415,-0.3174183867231119,-0.1036933846386598,1.0
W2,fluxv_v4b,0.9765625,-1.9342193819242663,-0.43402067318649423,0.7715068486375793,0.15015725467465751,0.015151677233260004,1.0
W2,fluxv_v4b,0.984375,-1.9225701583619759,-0.373025505104575,0.7713796993068047,-0.11118027823431242,-0.03980391015977162,1.0
W2,fluxv_v4b,0.9921875,-1.790724045919196,-0.29281928518786265,0.7712552937304903,0.09948868808609894,0.0013017085217520898,1.0
W2,fluxv_v4b_filtered,0.0,-1.8155926303191292,-0.2167780750288028,,,,
W2,fluxv_v4b_filtered,0.0078125,-1.7194231947316156,-0.15694072788117014,,,,
W2,fluxv_v4b_filtered,0.015625,-1.6098688532305123,-0.10292508965580532,,,,
W2,fluxv_v4b_filtered,0.0234375,-1.487122134332671,-0.05557140620239065,,,,
W2,fluxv_v4b_filtered,0.03125,-1.351516822986631,-0.015642607467250658,,,,
W2,fluxv_v4b_filtered,0.0390625,-1.203527569415547,0.016185919195376042,,,,
W2,fluxv_v4b_filtered,0.046875,-1.0437670324865094,0.03933547398151044,,,,
W2,fluxv_v4b_filtered,0.0546875,-0.872980587224818,0.05333197143918078,,,,
W2,fluxv_v4b_filtered,0.0625,-0.6920386751970542,0.05781253034951256,,,,
W2,fluxv_v4b_filtered,0.0703125,-0.5019269241346214,0.052530627626167115,,,,
W2,fluxv_v4b_filtered,0.078125,-0.3037342083569312,0.037359738580150514,,,,
W2,fluxv_v4b_filtered,0.0859375,-0.09863886332889349,0.012295408640345173,,,,
W2,fluxv_v4b_filtered,0.09375,0.11210669483011593,-0.022544274696209787,,,,
W2,fluxv_v4b_filtered,0.1015625,0.32719266166935534,-0.06691981669913694,,,,
W2,fluxv_v4b_filtered,0.109375,0.545269538713404,-0.1204730397237932,,,,
W2,fluxv_v4b_filtered,0.1171875,0.7649664996008767,-0.18273135571805055,,,,
W2,fluxv_v4b_filtered,0.125,0.9849100843580645,-0.25311352236275164,,,,
W2,fluxv_v4b_filtered,0.1328125,1.2037428716078509,-0.33093679617618577,,,,
W2,fluxv_v4b_filtered,0.140625,1.4201417791913933,-0.4154253753205278,,,,
W2,fluxv_v4b_filtered,0.1484375,1.632835651521544,-0.5057200061307799,,,,
W2,fluxv_v4b_filtered,0.15625,1.8406218068262843,-0.6008886108598264,,,,
W2,fluxv_v4b_filtered,0.1640625,2.042381238962574,-0.699937780069891,,,,
W2,fluxv_v4b_filtered,0.171875,2.237092196230419,-0.8018249617268463,,,,
W2,fluxv_v4b_filtered,0.1796875,2.42384189300604,-0.905471170543725,,,,
W2,fluxv_v4b_filtered,0.1875,2.6018361483358383,-1.0097740355932046,,,,
W2,fluxv_v4b_filtered,0.1953125,2.770406788079423,-1.113621001728948,,,,
W2,fluxv_v4b_filtered,0.203125,2.929016692864129,-1.2159025009283195,,,,
W2,fluxv_v4b_filtered,0.2109375,3.0772624220517146,-1.3155249132429718,,,,
W2,fluxv_v4b_filtered,0.21875,3.2148743931104247,-1.4114231435123368,,,,
W2,fluxv_v4b_filtered,0.2265625,3.3417146451971824,-1.5025726491985134,,,,
W2,fluxv_v4b_filtered,0.234375,3.457772264347735,-1.5880007664303788,,,,
W2,fluxv_v4b_filtered,0.2421875,3.5631565944284236,-1.6667971953463658,,,,
W2,fluxv_v4b_filtered,0.25,3.65808840194454,-1.7381235218063136,,,,
W2,fluxv_v4b_filtered,0.2578125,3.7428892030113396,-1.8012216701774113,,,,
W2,fluxv_v4b_filtered,0.265625,3.817968996440449,-1.8554212008355664,,,,
W2,fluxv_v4b_filtered,0.2734375,3.883812677241528,-1.9001453858909738,,,,
W2,fluxv_v4b_filtered,0.28125,3.940965429266084,-1.934916017063495,,,,
W2,fluxv_v4b_filtered,0.2890625,3.9900174137344924,-1.9593569202146692,,,,
W2,fluxv_v4b_filtered,0.296875,4.031588081633911,-1.9731961714082358,,,,
W2,fluxv_v4b_filtered,0.3046875,4.066310442244519,-1.9762670291515083,,,,
W2,fluxv_v4b_filtered,0.3125,4.094815617284715,-1.9685076163167934,,,,
W2,fluxv_v4b_filtered,0.3203125,4.117718000453602,-1.949959402832377,,,,
W2,fluxv_v4b_filtered,0.328125,4.135601325730372,-1.9207645562759408,,,,
W2,fluxv_v4b_filtered,0.3359375,4.149005925047563,-1.8811622417468348,,,,
W2,fluxv_v4b_filtered,0.34375,4.15841742740494,-1.8314839646270498,,,,
W2,fluxv_v4b_filtered,0.3515625,4.164257117772693,-1.7721480598995218,,,,
W2,fluxv_v4b_filtered,0.359375,4.166874135995239,-1.703653439460663,,,,
W2,fluxv_v4b_filtered,0.3671875,4.166539654191266,-1.6265727142759,,,,
W2,fluxv_v4b_filtered,0.375,4.1634431267670475,-1.5415448112672194,,,,
W2,fluxv_v4b_filtered,0.3828125,4.157690661088321,-1.449267205524784,,,,
W2,fluxv_v4b_filtered,0.390625,4.149305510093791,-1.350487886883326,,,,
W2,fluxv_v4b_filtered,0.3984375,4.138230641695312,-1.2459971762264013,,,,
W2,fluxv_v4b_filtered,0.40625,4.1243332946996665,-1.1366195012474898,,,,
W2,fluxv_v4b_filtered,0.4140625,4.107411388176632,-1.0232052340135722,,,,
W2,fluxv_v4b_filtered,0.421875,4.08720161160614,-0.9066226837829834,,,,
W2,fluxv_v4b_filtered,0.4296875,4.063388987609632,-0.787750328390171,,,,
W2,fluxv_v4b_filtered,0.4375,4.035617668361678,-0.6674693564097517,,,,
W2,fluxv_v4b_filtered,0.4453125,4.00350270153491,-0.5466565805483029,,,,
W2,fluxv_v4b_filtered,0.453125,3.966642482380416,-0.42617777058755213,,,,
W2,fluxv_v4b_filtered,0.4609375,3.9246315956808524,-0.3068814420187722,,,,
W2,fluxv_v4b_filtered,0.46875,3.877073745087878,-0.18959312455882346,,,,
W2,fluxv_v4b_filtered,0.4765625,3.823594467876503,-0.07511012330211628,,,,
W2,fluxv_v4b_filtered,0.484375,3.763853340376223,0.03580322540245415,,,,
W2,fluxv_v4b_filtered,0.4921875,3.6975553930851333,0.1424198109238616,,,,
W2,fluxv_v4b_filtered,0.5,3.624461474409161,0.2440535342069356,,,,
W2,fluxv_v4b_filtered,0.5078125,3.5443973276298077,0.3400626456498637,,,,
W2,fluxv_v4b_filtered,0.515625,3.4572611765013823,0.42985266374397385,,,,
W2,fluxv_v4b_filtered,0.5234375,3.3630296501124186,0.5128789072564239,,,,
W2,fluxv_v4b_filtered,0.53125,3.261761916519605,0.5886486761639385,,,,
W2,fluxv_v4b_filtered,0.5390625,3.153601936301503,0.6567231173670874,,,,
W2,fluxv_v4b_filtered,0.546875,3.0387787906499186,0.7167188104767848,,,,
W2,fluxv_v4b_filtered,0.5546875,2.9176050829468725,0.7683091067559492,,,,
W2,fluxv_v4b_filtered,0.5625,2.7904734569751763,0.8112252507463815,,,,
W2,fluxv_v4b_filtered,0.5703125,2.6578513179958176,0.8452573093758119,,,,
W2,fluxv_v4b_filtered,0.578125,2.52027388393683,0.870254927615425,,,,
W2,fluxv_v4b_filtered,0.5859375,2.3783357319644884,0.8861279232623686,,,,
W2,fluxv_v4b_filtered,0.59375,2.2326810399038086,0.8928467263933363,,,,
W2,fluxv_v4b_filtered,0.6015625,2.0839927515827186,0.8904426617267684,,,,
W2,fluxv_v4b_filtered,0.609375,1.9329809195358467,0.879008064802584,,,,
W2,fluxv_v4b_filtered,0.6171875,1.7803704970797714,0.8586962158007174,,,,
W2,fluxv_v4b_filtered,0.625,1.6268888641498755,0.8297210682283676,,,,
W2,fluxv_v4b_filtered,0.6328125,1.4732533771953804,0.7923567438539674,,,,
W2,fluxv_v4b_filtered,0.640625,1.3201592327328147,0.7469367603781866,,,,
W2,fluxv_v4b_filtered,0.6484375,1.1682679268745682,0.6938529546093034,,,,
W2,fluxv_v4b_filtered,0.65625,1.0181965794394705,0.6335540615230848,,,,
W2,fluxv_v4b_filtered,0.6640625,0.8705083714206545,0.5665439086728955,,,,
W2,fluxv_v4b_filtered,0.671875,0.7257043190715249,0.4933791860733073,,,,
W2,fluxv_v4b_filtered,0.6796875,0.5842165772396044,0.41466675396844843,,,,
W2,fluxv_v4b_filtered,0.6875,0.44640342950968304,0.3310604548304462,,,,
W2,fluxv_v4b_filtered,0.6953125,0.3125460839907359,0.2432574014856866,,,,
W2,fluxv_v4b_filtered,0.703125,0.18284735205582914,0.15199372036568903,,,,
W2,fluxv_v4b_filtered,0.7109375,0.057432243944205874,0.05803973741113955,,,,
W2,fluxv_v4b_filtered,0.71875,-0.06364952917382771,-0.037805396032465466,,,,
W2,fluxv_v4b_filtered,0.7265625,-0.1804192012976884,-0.13471962909288704,,,,
W2,fluxv_v4b_filtered,0.734375,-0.2929628436533056,-0.23186446903102065,,,,
W2,fluxv_v4b_filtered,0.7421875,-0.4014236416244903,-0.32839193832635627,,,,
W2,fluxv_v4b_filtered,0.75,-0.5059927336489809,-0.4234519861374877,,,,
W2,fluxv_v4b_filtered,0.7578125,-0.6068988235239412,-0.516200296356951,,,,
W2,fluxv_v4b_filtered,0.765625,-0.7043968073257283,-0.6058064220182706,,,,
W2,fluxv_v4b_filtered,0.7734375,-0.798755680635685,-0.6914621639287277,,,,
W2,fluxv_v4b_filtered,0.78125,-0.8902460104134673,-0.7723901003988615,,,,
W2,fluxv_v4b_filtered,0.7890625,-0.979127268234858,-0.8478521651134627,,,,
W2,fluxv_v4b_filtered,0.796875,-1.0656353274117305,-0.9171581618157277,,,,
W2,fluxv_v4b_filtered,0.8046875,-1.1499704255809833,-0.9796740978092902,,,,
W2,fluxv_v4b_filtered,0.8125,-1.232285886677247,-1.0348302135447693,,,,
W2,fluxv_v4b_filtered,0.8203125,-1.3126778819292075,-1.0821285829352707,,,,
W2,fluxv_v4b_filtered,0.828125,-1.39117648892468,-1.1211501586853034,,,,
W2,fluxv_v4b_filtered,0.8359375,-1.4677382812975677,-1.1515611389215472,,,,
W2,fluxv_v4b_filtered,0.84375,-1.5422406497532744,-1.1731185358357452,,,,
W2,fluxv_v4b_filtered,0.8515625,-1.6144780186391765,-1.1856748338937781,,,,
W2,fluxv_v4b_filtered,0.859375,-1.6841600818588993,-1.1891816343837962,,,,
W2,fluxv_v4b_filtered,0.8671875,-1.7509121384863233,-1.1836921945724355,,,,
W2,fluxv_v4b_filtered,0.875,-1.8142775628893975,-1.169362783364065,,,,
W2,fluxv_v4b_filtered,0.8828125,-1.8737223975059614,-1.1464527909186664,,,,
W2,fluxv_v4b_filtered,0.890625,-1.9286420096324086,-1.115323546940001,,,,
W2,fluxv_v4b_filtered,0.8984375,-1.9783697077058335,-1.076435821017791,,,,
W2,fluxv_v4b_filtered,0.90625,-2.0221871685798307,-1.0303459981814371,,,,
W2,fluxv_v4b_filtered,0.9140625,-2.05933648617427,-0.9777009433551009,,,,
W2,fluxv_v4b_filtered,0.921875,-2.0890336145224935,-0.9192315893291461,,,,
W2,fluxv_v4b_filtered,0.9296875,-2.110482945469686,-0.855745303800221,,,,
W2,fluxv_v4b_filtered,0.9375,-2.122892733821609,-0.7881171115931583,,,,
W2,fluxv_v4b_filtered,0.9453125,-2.125491061219479,-0.717279867974104,,,,
W2,fluxv_v4b_filtered,0.953125,-2.1175420149147834,-0.644213497615486,,,,
W2,fluxv_v4b_filtered,0.9609375,-2.098361749291182,-0.5699334309150641,,,,
W2,fluxv_v4b_filtered,0.96875,-2.0673340966388842,-0.49547838466204275,,,,
W2,fluxv_v4b_filtered,0.9765625,-2.0239253993904063,-0.4218976471721517,,,,
W2,fluxv_v4b_filtered,0.984375,-1.9676982486850618,-0.3502380387067231,,,,
W2,fluxv_v4b_filtered,0.9921875,-1.898323833503476,-0.28153072601680784,,,,
W2,fluxv_v4b_lcrit019,0.0,-1.6371196451287358,-0.230946398824848,0.7718305699191355,0.35774029401258556,-0.02047182872417176,0.0
W2,fluxv_v4b_lcrit019,0.0078125,-1.5351455862704944,-0.17226968908766432,0.7717061804893686,0.332974528795299,-0.034908977229243604,0.0
W2,fluxv_v4b_lcrit019,0.015625,-1.41193695381838,-0.11853026885085582,0.7715850723418097,0.34398523498081257,-0.04506741198067013,0.0
W2,fluxv_v4b_lcrit019,0.0234375,-1.2804375195043034,-0.0722255433260947,0.7714673778731624,0.3429642008252112,-0.05655551607038735,0.0
W2,fluxv_v4b_lcrit019,0.03125,-1.1226368671521727,-0.03372601344931655,0.771353227399293,0.4081206956617658,-0.06697585666494572,0.0
W2,fluxv_v4b_lcrit019,0.0390625,-0.983982447059775,-0.004925818872245677,0.7712427487600741,0.34325646842324453,-0.08062606184229515,0.0
W2,fluxv_v4b_lcrit019,0.046875,-0.8152213278370337,0.014306766855119864,0.771136066929266,0.36675082226803335,-0.09332486990071381,0.0
W2,fluxv_v4b_lcrit019,0.0546875,-0.6449410619908102,0.023068675754308553,0.771033303630571,0.3570061565032412,-0.10585465133767949,0.0
W2,fluxv_v4b_lcrit019,0.0625,-0.5055527499975198,0.025603413912855297,0.7709345769609998,0.17628820235862613,-0.09701501025344621,1.0
W2,fluxv_v4b_lcrit019,0.0703125,-0.31540853685179826,0.014467326306424626,0.7708400010226827,0.18508818722435724,-0.09716957650937777,1.0
W2,fluxv_v4b_lcrit019,0.078125,-0.10759509578306317,-0.010133125661311316,0.7707496855642552,0.24304777137202443,-0.10382661407058283,1.0
W2,fluxv_v4b_lcrit019,0.0859375,0.0870381745937859,-0.04393436998834753,0.7706637356329316,0.2203569026112892,-0.09928095653771585,1.0
W2,fluxv_v4b_lcrit019,0.09375,0.28636859943110193,-0.08375846617990976,0.770582251238363,0.2042556805339008,-0.09380203708780385,1.0
W2,fluxv_v4b_lcrit019,0.1015625,0.5001046575313354,-0.13024364461045623,0.7705053270293555,0.2415905034119668,-0.09786270023296273,1.0
W2,fluxv_v4b_lcrit019,0.109375,0.7131180743790599,-0.18102062504355382,0.7704330519844921,0.26899080195990127,-0.10009915814275687,1.0
W2,fluxv_v4b_lcrit019,0.1171875,0.9350521875047886,-0.23915262756300382,0.7703655091176719,0.33092780577514164,-0.1112964038512036,1.0
W2,fluxv_v4b_lcrit019,0.125,1.1542370441157301,-0.30291203854704196,0.7703027751995389,0.37911997926727914,-0.11997300239609404,1.0
W2,fluxv_v4b_lcrit019,0.1328125,1.3755736585301575,-0.3748867844393484,0.77024492049573,0.4377565364312446,-0.13236137020293126,1.0
W2,fluxv_v4b_lcrit019,0.140625,1.6088856004811878,-0.45992938983049525,0.7701920085228221,0.552893807582749,-0.1639699507182987,1.0
W2,fluxv_v4b_lcrit019,0.1484375,1.8253361369615169,-0.5503372445143383,0.7701440958228062,0.6029714314574208,-0.17579897994145252,1.0
W2,fluxv_v4b_lcrit019,0.15625,2.072640012362755,-0.6640599837864007,0.7701012317568555,0.8001901905208715,-0.2414308598807433,1.0
W2,fluxv_v4b_lcrit019,0.1640625,2.283889100376122,-0.7782839278379572,0.7700634583190938,0.8587724499885511,-0.25900933654520686,1.0
W2,fluxv_v4b_lcrit019,0.171875,2.5249225861459084,-0.9141021529618696,0.7700308099710038,1.071864971188726,-0.3381842982875572,1.0
W2,fluxv_v4b_lcrit019,0.1796875,2.707731695950334,-1.031963707627251,0.7700033134970439,1.0632292239959917,-0.3300221302709052,1.0
W2,fluxv_v4b_lcrit019,0.1875,2.8659195357613183,-1.1428113417490844,0.7699809878819692,0.9842789290879153,-0.28928354595349814,1.0
W2,fluxv_v4b_lcrit019,0.1953125,3.1533958625637055,-1.3127734331148337,0.7699638442102748,1.5092356714543995,-0.510939943668481,1.0
W2,fluxv_v4b_lcrit019,0.203125,3.2540234120404867,-1.4025017325553488,0.7699518855881022,1.2686091105303587,-0.3968618294511544,1.0
W2,fluxv_v4b_lcrit019,0.2109375,3.4137021739043165,-1.518597518336964,0.7699451070878689,1.3356694568608753,-0.41804827518508714,1.0
W2,fluxv_v4b_lcrit019,0.21875,3.525372974208491,-1.611616803366101,0.7699434957157939,1.2486527487651413,-0.3668730974702005,1.0
W2,fluxv_v4b_lcrit019,0.2265625,3.786579486104599,-1.7734093525505379,0.7699470304024174,1.8691607888514532,-0.6494377397884977,1.0
W2,fluxv_v4b_lcrit019,0.234375,3.627250202693924,-1.732036596289786,0.7699556820161199,0.7205393440634305,-0.08957662583631332,1.0
W2,fluxv_v4b_lcrit019,0.2421875,4.152336273273485,-2.0146261652775097,0.7699694133995655,2.6058832820465496,-0.9835654426694692,1.0
W2,fluxv_v4b_lcrit019,0.25,4.022189545171398,-1.977142674117307,0.7699881794289137,1.700003803104287,-0.5353789864232346,1.0
W2,fluxv_v4b_lcrit019,0.2578125,3.894917257385619,-1.9350953978620624,0.7700119270955531,0.8606102824624761,-0.11890606339511742,1.0
W2,fluxv_v4b_lcrit019,0.265625,4.075893380104073,-2.0351387867599757,0.7700405956100377,1.4112774449625904,-0.3729955824525029,1.0
W2,fluxv_v4b_lcrit019,0.2734375,4.286220599044026,-2.14107729751305,0.7700741165278221,2.1341432785779064,-0.7055039145781112,1.0
W2,fluxv_v4b_lcrit019,0.28125,4.177827327157318,-2.0880027052135124,0.7701124138963146,1.509005065372447,-0.398039788571222,1.0
W2,fluxv_v4b_lcrit019,0.2890625,3.999184936273444,-1.9965062291884763,0.7701554044226964,0.6095059036992369,0.027005571502971643,1.0
W2,fluxv_v4b_lcrit019,0.296875,4.264828618424324,-2.1011971604488004,0.7702029976618805,1.6677365837506422,-0.44868795907458264,1.0
W2,fluxv_v4b_lcrit019,0.3046875,4.347948299921493,-2.1121605577044678,0.7702550962239185,1.9501471169128064,-0.5609249467522125,1.0
W2,fluxv_v4b_lcrit019,0.3125,4.152564175065844,-1.9938112612762586,0.7703115960000988,1.0323694580855145,-0.15152291149514044,1.0
W2,fluxv_v4b_lcrit019,0.3203125,4.5263933875609945,-2.1088235329130423,0.7703723864069228,2.5999856626411635,-0.7965180493821081,1.0
W2,fluxv_v4b_lcrit019,0.328125,4.018614220844194,-1.852916352439487,0.7704373506470867,0.33092145095450315,0.13829084853649337,1.0
W2,fluxv_v4b_lcrit019,0.3359375,4.205704170836361,-1.8720847823381974,0.7705063659865516,1.0880742851636525,-0.1581022591982273,1.0
W2,fluxv_v4b_lcrit019,0.34375,4.086720315431821,-1.769757843603655,0.7705793040467362,0.5080617729429394,0.06033138417774364,1.0
W2,fluxv_v4b_lcrit019,0.3515625,4.588704102338594,-1.8867396399171814,0.7706560311108289,2.6291438220742136,-0.6782187944164665,1.0
W2,fluxv_v4b_lcrit019,0.359375,4.709119906687664,-1.857515999579142,0.7707364084431784,3.0810953556768834,-0.7870073237313329,1.0
W2,fluxv_v4b_lcrit019,0.3671875,4.33016431761461,-1.666703075931649,0.7708202926206973,1.349421496925354,-0.20626729198574134,1.0
W2,fluxv_v4b_lcrit019,0.375,3.7770360023619602,-1.4372655557288454,0.7709075358751855,-1.1462351807486693,0.5195787130398996,1.0
W2,fluxv_v4b_lcrit019,0.3828125,4.087724013177699,-1.452125373380761,0.7709979864454621,0.12958792947971232,0.147299259367207,1.0
W2,fluxv_v4b_lcrit019,0.390625,4.265630943278179,-1.4132884265109336,0.7710914889381861,0.8324169766620119,-0.029328521514213057,1.0
W2,fluxv_v4b_lcrit019,0.3984375,4.572046085222412,-1.384761704032203,0.7711878846962269,2.1088290820393043,-0.2946760193266412,1.0
W2,fluxv_v4b_lcrit019,0.40625,4.078880776332825,-1.179922121445421,0.7712870121734581,-0.09267830886656145,0.16445191884908744,1.0
W2,fluxv_v4b_lcrit019,0.4140625,4.042626275120351,-1.0655327448466074,0.7713887073148361,-0.27494807324198894,0.18185804254675564,1.0
W2,fluxv_v4b_lcrit019,0.421875,4.483833134957541,-1.0117238392368215,0.7714928039406382,1.6581821577216316,-0.10294830732196766,0.0
W2,fluxv_v4b_lcrit019,0.4296875,3.671475018487127,-0.7903110524536188,0.7715991341337458,-1.8705681845126936,0.3354473355717772,0.0
W2,fluxv_v4b_lcrit019,0.4375,4.027692957711066,-0.7133557718779409,0.7717075286288715,-0.2562595553225567,0.13546271779849126,0.0
W2,fluxv_v4b_lcrit019,0.4453125,4.335659384743597,-0.6126102468330914,0.7718178172026486,1.178760394204908,0.036234133327831736,0.0
W2,fluxv_v4b_lcrit019,0.453125,3.903154943274953,-0.4692870861992954,0.7719298290635267,-0.5981980231980218,0.12324782963074793,0.0
W2,fluxv_v4b_lcrit019,0.4609375,3.7419616941789564,-0.35125622529508876,0.7720433932404369,-1.1511534657899212,0.10224738531042744,0.0
W2,fluxv_v4b_lcrit019,0.46875,4.053809402904863,-0.23126648435000044,0.7721583389692278,0.40894790189878943,0.09607330070964452,0.0
W2,fluxv_v4b_lcrit019,0.4765625,3.976400037542906,-0.11187406927108119,0.7722744960758987,0.3001455229742864,0.09707325988051077,0.0
W2,fluxv_v4b_lcrit019,0.484375,3.834847618022625,-0.0021313022421096776,0.7723916953556929,-0.05081825058269826,0.0691401335392393,0.0
W2,fluxv_v4b_lcrit019,0.4921875,3.753728745577985,0.10766318977843539,0.7725097689471508,-0.09628877001475364,0.05857532718667373,0.0
W2,fluxv_v4b_lcrit019,0.5,3.5870658225544028,0.20160672893696574,0.7726285507002599,-0.477876779171498,-0.000844303884982911,0.0
W2,fluxv_v4b_lcrit019,0.5078125,3.524362087063897,0.30366948205420363,0.7727478765378775,-0.3627579229386701,-9.433280123911925e-05,0.0
W2,fluxv_v4b_lcrit019,0.515625,3.844117157528385,0.4782824865413299,0.772867584809643,1.475019165798741,0.34808995786826663,0.0
W2,fluxv_v4b_lcrit019,0.5234375,3.3187443683196536,0.4793194829988016,0.7729875166376391,-0.3707976097702513,-0.03661816651226934,0.0
W2,fluxv_v4b_lcrit019,0.53125,3.213527665578647,0.559204402039267,0.7731075162530998,-0.3312649682314625,-0.039762127297040165,0.0
W2,fluxv_v4b_lcrit019,0.5390625,3.104831482070301,0.6314506987644273,0.7732274313235078,-0.27363066066809194,-0.03929345808608677,0.0
W2,fluxv_v4b_lcrit019,0.546875,3.0369477463283907,0.7119955584314763,0.7733471132694639,-0.004868786142655047,0.03762762372871608,0.0
W2,fluxv_v4b_lcrit019,0.5546875,3.0613154532804376,0.8201486561824302,0.7734664175707539,0.6997704319135994,0.27854898736047545,0.0
W2,fluxv_v4b_lcrit019,0.5625,2.717786363946555,0.7897342939503674,0.7735852040610778,-0.1941831651878178,-0.04837838260555845,0.0
W2,fluxv_v4b_lcrit019,0.5703125,2.761241939750417,0.8990601054425191,0.7737033372109476,0.643614804505042,0.2872648074329314,0.0
W2,fluxv_v4b_lcrit019,0.578125,2.52760402166032,0.8885789590544919,0.7738206863982983,0.2767841469058485,0.14009433542271468,0.0
W2,fluxv_v4b_lcrit019,0.5859375,2.278863263323947,0.8573123079686221,0.7739371261663945,-0.14064681767904214,-0.05186953483947116,0.0
W2,fluxv_v4b_lcrit019,0.59375,2.3230916989019743,0.9581109822016957,0.7740525364686549,0.7517186073359299,0.38817692468695447,0.0
W2,fluxv_v4b_lcrit019,0.6015625,2.0371637244969603,0.885389215526636,0.7741662780913148,0.19371522573708966,0.10807203831775615,0.0
W2,fluxv_v4b_lcrit019,0.609375,1.973766915780768,0.9214757234961696,0.7742774108339622,0.6288632340028039,0.3571836596456928,0.0
W2,fluxv_v4b_lcrit019,0.6171875,1.9041246965443483,0.9483198809162745,0.7743850413899961,1.041873372482498,0.6123515176740327,0.0
W2,fluxv_v4b_lcrit019,0.625,1.5698057309072833,0.8071619019068947,0.7744883250318887,0.28410772551086017,0.16851023629838208,0.0
W2,fluxv_v4b_lcrit019,0.6328125,1.5938269580524986,0.8784607835643742,0.7745864671969915,1.1154076488414546,0.7111091937407857,0.0
W2,fluxv_v4b_lcrit019,0.640625,1.4689144953414048,0.8493650523988425,0.7746787249683614,1.2840728951946863,0.8510693227303358,0.0
W2,fluxv_v4b_lcrit019,0.6484375,1.0912667044450313,0.6342800722506501,0.7747644084453582,0.32612556266540427,0.20555612308904972,0.0
W2,fluxv_v4b_lcrit019,0.65625,1.203281315285763,0.7556350236968274,0.7748428819990864,1.5353876905469102,1.0912339198482974,0.0
W2,fluxv_v4b_lcrit019,0.6640625,1.0273245369340243,0.6638222679573745,0.7749135654080856,1.4569975409472973,1.0645469656337077,0.0
W2,fluxv_v4b_lcrit019,0.671875,0.7557812804331357,0.4876769365689423,0.7749759348700422,0.9425594597543485,0.6933405476402124,0.0
W2,fluxv_v4b_lcrit019,0.6796875,0.718678620185752,0.4853227734027641,0.7750295238856783,1.4566366594772935,1.1203610955714427,0.0
W2,fluxv_v4b_lcrit019,0.6875,0.5701370728128858,0.388082789597458,0.7750739240113849,1.460085279406899,1.146723064424096,0.0
W2,fluxv_v4b_lcrit019,0.6953125,0.35420482016018406,0.22794162377074365,0.7751087854775922,1.1464729986056805,0.9090620417337715,0.0
W2,fluxv_v4b_lcrit019,0.703125,0.32372968332147983,0.21602033317155855,0.7751338176703123,1.6382527083385023,1.3404505979683101,0.0
W2,fluxv_v4b_lcrit019,0.7109375,0.05604679861022177,-0.0024057695192642448,0.775148789473751,1.0541666611762042,0.8575094531466402,0.0
W2,fluxv_v4b_lcrit019,0.71875,-0.030401819002778302,-0.07011689329568191,0.7751535294723544,1.2536129339901994,1.042815950326749,0.0
W2,fluxv_v4b_lcrit019,0.7265625,-0.20199031284808408,-0.21572714562346684,0.7751479260111359,1.0507613681700814,0.8737090097526582,0.0
W2,fluxv_v4b_lcrit019,0.734375,-0.3355252054090262,-0.3302191925877064,0.7751319271136139,0.9927029497768436,0.8293868619514277,0.0
W2,fluxv_v4b_lcrit019,0.7421875,-0.47393754821057704,-0.45060123902436017,0.7751055402571831,0.8881214544446671,0.7400728718872589,0.0
W2,fluxv_v4b_lcrit019,0.75,-0.5638567371822711,-0.5279033758605741,0.7750688320062318,0.9743182318662839,0.8188732656472182,0.0
W2,fluxv_v4b_lcrit019,0.7578125,-0.7011071732545466,-0.6467680080927775,0.7750219275038037,0.8256658369772778,0.6855266707880749,0.0
W2,fluxv_v4b_lcrit019,0.765625,-0.8109634423610584,-0.7394321994091926,0.7749650098230937,0.7752047216607783,0.6381373026975345,0.0
W2,fluxv_v4b_lcrit019,0.7734375,-0.922334672482674,-0.8306768026442144,0.7748983191805336,0.695616137463135,0.5641893122597346,0.0
W2,fluxv_v4b_lcrit019,0.78125,-0.993838772801548,-0.8837191367558938,0.7748221520127018,0.7721729587611637,0.6254585042373938,0.0
W2,fluxv_v4b_lcrit019,0.7890625,-1.0523587276883004,-0.922204126270418,0.7747368599197322,0.8870118642627847,0.7159072394224429,0.0
W2,fluxv_v4b_lcrit019,0.796875,-1.095312940803225,-0.9440958796969421,0.7746428484783475,1.0532417385677555,0.8441611679902477,0.0
W2,fluxv_v4b_lcrit019,0.8046875,-1.250265627227922,-1.0557181515497565,0.7745405759280516,0.7066372103649787,0.5386361891610453,0.0
W2,fluxv_v4b_lcrit019,0.8125,-1.325132724978937,-1.0944813343542248,0.7744305517344267,0.7009651927288304,0.5211101348258919,0.0
W2,fluxv_v4b_lcrit019,0.8203125,-1.3646203382909192,-1.1000152245208876,0.7743133350338511,0.8388453470881716,0.6161027579762535,0.0
W2,fluxv_v4b_lcrit019,0.828125,-1.4100101023472087,-1.1063344447499754,0.7741895329643155,0.9380694528509198,0.6734084773898084,0.0
W2,fluxv_v4b_lcrit019,0.8359375,-1.4564905525488756,-1.1093202543472962,0.7740597988873399,1.02041353270179,0.7119396648176659,0.0
W2,fluxv_v4b_lcrit019,0.84375,-1.5247435301123697,-1.123878649798217,0.7739248305063026,0.9943497109966148,0.6663717881273152,0.0
W2,fluxv_v4b_lcrit019,0.8515625,-1.5969485943664785,-1.1358704060239435,0.7737853678867631,0.9383046258717855,0.5999122812232788,0.0
W2,fluxv_v4b_lcrit019,0.859375,-1.6651949172510745,-1.139630351128314,0.7736421913846118,0.886243741663117,0.538155756018544,0.0
W2,fluxv_v4b_lcrit019,0.8671875,-1.7218173507802839,-1.1306307183329334,0.7734961194880927,0.8703948410765759,0.5015729300668618,0.0
W2,fluxv_v4b_lcrit019,0.875,-1.7555928909928757,-1.1030499409416032,0.7733480065799384,0.9382590345426957,0.5164159841432765,0.0
W2,fluxv_v4b_lcrit019,0.8828125,-1.834367224938193,-1.0988163545412,0.7731987406260095,0.7882852750723511,0.3984957033790108,0.0
W2,fluxv_v4b_lcrit019,0.890625,-1.8799420597947445,-1.07010326688845,0.7730492407969606,0.7629051710034962,0.3597677582536835,0.0
W2,fluxv_v4b_lcrit019,0.8984375,-1.9163682774016233,-1.0329348830232554,0.7729004550295545,0.7531428749385821,0.3306984729425029,0.0
W2,fluxv_v4b_lcrit019,0.90625,-1.9539025528048377,-0.9935028058491043,0.7727530188572311,0.7108037213408853,0.2854783513083014,0.0
W2,fluxv_v4b_lcrit019,0.9140625,-1.9785098948336373,-0.9451987254589329,0.7726070481081738,0.6945068974785131,0.2549690055513744,0.0
W2,fluxv_v4b_lcrit019,0.921875,-1.9798444245909812,-0.8848582160534995,0.7724626618645581,0.7464450418373948,0.2551647456157551,0.0
W2,fluxv_v4b_lcrit019,0.9296875,-2.016815176533721,-0.8389069715779727,0.7723199821197876,0.6045409729886647,0.17242500905804048,0.0
W2,fluxv_v4b_lcrit019,0.9375,-2.004137900775552,-0.7716482552089015,0.7721791334274942,0.6403795208728305,0.16645050233507325,0.0
W2,fluxv_v4b_lcrit019,0.9453125,-1.9856691009825305,-0.7032920339341969,0.7720402425430339,0.6582848670385673,0.15167569937390346,0.0
W2,fluxv_v4b_lcrit019,0.953125,-1.9874717645457074,-0.6427043356629246,0.7719034380582389,0.5413034568370441,0.09283834349984842,0.0
W2,fluxv_v4b_lcrit019,0.9609375,-1.9540910711560546,-0.5720350187490142,0.7717688500302324,0.5302325459360581,0.07215074177959054,0.0
W2,fluxv_v4b_lcrit019,0.96875,-1.9060230112795051,-0.49996674713028244,0.7716366096051415,0.5330833625537261,0.05574185060026955,0.0
W2,fluxv_v4b_lcrit019,0.9765625,-1.8522244765739297,-0.42993845535265135,0.7715068486375793,0.5090078585611688,0.033017498635355094,0.0
W2,fluxv_v4b_lcrit019,0.984375,-1.7809649500906868,-0.36019107067705297,0.7713796993068047,0.5082100726747306,0.016334737145856926,0.0
W2,fluxv_v4b_lcrit019,0.9921875,-1.6985376239780274,-0.29338864393218744,0.7712552937304903,0.5024987661971683,-0.0011873490551867205,0.0
W2,fluxv_v4b_lcrit019_filtered,0.0,-1.6392058838063996,-0.18951418879897156,,,,
W2,fluxv_v4b_lcrit019_filtered,0.0078125,-1.5394004086551176,-0.134442221028869,,,,
W2,fluxv_v4b_lcrit019_filtered,0.015625,-1.4266953504651474,-0.08606506715239254,,,,
W2,fluxv_v4b_lcrit019_filtered,0.0234375,-1.3011900757195052,-0.04517004986611828,,,,
W2,fluxv_v4b_lcrit019_filtered,0.03125,-1.1631192874155627,-0.012454611644599378,,,,
W2,fluxv_v4b_lcrit019_filtered,0.0390625,-1.0128555329554407,0.011482807432206699,,,,
W2,fluxv_v4b_lcrit019_filtered,0.046875,-0.8509093035830526,0.026150612976125254,,,,
W2,fluxv_v4b_lcrit019_filtered,0.0546875,-0.6779266856237505,0.031170509918624134,,,,
W2,fluxv_v4b_lcrit019_filtered,0.0625,-0.49468457322607273,0.026282476572007163,,,,
W2,fluxv_v4b_lcrit019_filtered,0.0703125,-0.30208350183217636,0.011348191566752486,,,,
W2,fluxv_v4b_lcrit019_filtered,0.078125,-0.10113821016966895,-0.013647130498038007,,,,
W2,fluxv_v4b_lcrit019_filtered,0.0859375,0.10703391486355263,-0.04859451481428734,,,,
W2,fluxv_v4b_lcrit019_filtered,0.09375,0.32122631244488453,-0.09326260939175468,,,,
W2,fluxv_v4b_lcrit019_filtered,0.1015625,0.5401584035205405,-0.14730064713866775,,,,
W2,fluxv_v4b_lcrit019_filtered,0.109375,0.7624921553023731,-0.2102429353250761,,,,
W2,fluxv_v4b_lcrit019_filtered,0.1171875,0.9868497524499482,-0.28151479831614845,,,,
W2,fluxv_v4b_lcrit019_filtered,0.125,1.211832049465694,-0.3604398784195413,,,,
W2,fluxv_v4b_lcrit019_filtered,0.1328125,1.4360374620972223,-0.4462486804005361,,,,
W2,fluxv_v4b_lcrit019_filtered,0.140625,1.6580809457898713,-0.5380882280000144,,,,
W2,fluxv_v4b_lcrit019_filtered,0.1484375,1.8766127066784508,-0.6350326859215893,,,,
W2,fluxv_v4b_lcrit019_filtered,0.15625,2.090336295312932,-0.7360947884674409,,,,
W2,fluxv_v4b_lcrit019_filtered,0.1640625,2.2980257451871937,-0.8402379064793568,,,,
W2,fluxv_v4b_lcrit019_filtered,0.171875,2.49854143694069,-0.946388577610648,,,,
W2,fluxv_v4b_lcrit019_filtered,0.1796875,2.6908443944407585,-1.0534493212890286,,,,
W2,fluxv_v4b_lcrit019_filtered,0.1875,2.874008750301223,-1.1603115590469897,,,,
W2,fluxv_v4b_lcrit019_filtered,0.1953125,3.0472321550964283,-1.2658684631553898,,,,
W2,fluxv_v4b_lcrit019_filtered,0.203125,3.2098439458216883,-1.3690275616039729,,,,
W2,fluxv_v4b_lcrit019_filtered,0.2109375,3.3613109341669514,-1.4687229352831714,,,,
W2,fluxv_v4b_lcrit019_filtered,0.21875,3.50124072296802,-1.5639268535400053,,,,
W2,fluxv_v4b_lcrit019_filtered,0.2265625,3.629382508777991,-1.6536607068681004,,,,
W2,fluxv_v4b_lcrit019_filtered,0.234375,3.7456253788232154,-1.7370051100698458,,,,
W2,fluxv_v4b_lcrit019_filtered,0.2421875,3.849994160620586,-1.8131090654867532,,,,
W2,fluxv_v4b_lcrit019_filtered,0.25,3.942642931191691,-1.8811980934952153,,,,
W2,fluxv_v4b_lcrit019_filtered,0.2578125,4.023846339099363,-1.9405812560532336,,,,
W2,fluxv_v4b_lcrit019_filtered,0.265625,4.09398893549042,-1.990657018291853,,,,
W2,fluxv_v4b_lcrit019_filtered,0.2734375,4.153552749063381,-2.030917912601733,,,,
W2,fluxv_v4b_lcrit019_filtered,0.28125,4.203103373591501,-2.0609539890028357,,,,
W2,fluxv_v4b_lcrit019_filtered,0.2890625,4.243274864627226,-2.0804550544472793,,,,
W2,fluxv_v4b_lcrit019_filtered,0.296875,4.274753763724032,-2.089211721753718,,,,
W2,fluxv_v4b_lcrit019_filtered,0.3046875,4.298262583500593,-2.0871153057930383,,,,
W2,fluxv_v4b_lcrit019_filtered,0.3125,4.31454309484832,-2.074156620057337,,,,
W2,fluxv_v4b_lcrit019_filtered,0.3203125,4.324339758404683,-2.0504237406011594,,,,
W2,fluxv_v4b_lcrit019_filtered,0.328125,4.328383636091839,-2.016098816340448,,,,
W2,fluxv_v4b_lcrit019_filtered,0.3359375,4.327377105215057,-1.9714540146696924,,,,
W2,fluxv_v4b_lcrit019_filtered,0.34375,4.321979677639237,-1.9168466991970345,,,,
W2,fluxv_v4b_lcrit019_filtered,0.3515625,4.312795200365966,-1.8527139420348175,,,,
W2,fluxv_v4b_lcrit019_filtered,0.359375,4.300360682001498,-1.77956647650193,,,,
W2,fluxv_v4b_lcrit019_filtered,0.3671875,4.285136952839475,-1.69798219732533,,,,
W2,fluxv_v4b_lcrit019_filtered,0.375,4.267501325386123,-1.6085993145485822,,,,
W2,fluxv_v4b_lcrit019_filtered,0.3828125,4.2477423780209,-1.5121092644861869,,,,
W2,fluxv_v4b_lcrit019_filtered,0.390625,4.226056938069418,-1.4092494763651502,,,,
W2,fluxv_v4b_lcrit019_filtered,0.3984375,4.202549292870721,-1.3007960869665123,,,,
W2,fluxv_v4b_lcrit019_filtered,0.40625,4.177232609474863,-1.1875566878468398,,,,
W2,fluxv_v4b_lcrit019_filtered,0.4140625,4.150032496437928,-1.0703631808351726,,,,
W2,fluxv_v4b_lcrit019_filtered,0.421875,4.120792595798748,-0.9500648077351654,,,,
W2,fluxv_v4b_lcrit019_filtered,0.4296875,4.0892820506912795,-0.8275214097976462,,,,
W2,fluxv_v4b_lcrit019_filtered,0.4375,4.055204655072632,-0.7035969618530102,,,,
W2,fluxv_v4b_lcrit019_filtered,0.4453125,4.018209457550867,-0.5791534152915059,,,,
W2,fluxv_v4b_lcrit019_filtered,0.453125,3.9779025620009447,-0.45504487362972856,,,,
W2,fluxv_v4b_lcrit019_filtered,0.4609375,3.9338598441685537,-0.3321121144658423,,,,
W2,fluxv_v4b_lcrit019_filtered,0.46875,3.8856402862591235,-0.21117746244549476,,,,
W2,fluxv_v4b_lcrit019_filtered,0.4765625,3.832799620934141,-0.09304000964997117,,,,
W2,fluxv_v4b_lcrit019_filtered,0.484375,3.7749039723850015,0.021528827238484344,,,,
W2,fluxv_v4b_lcrit019_filtered,0.4921875,3.711543185273107,0.13178942939372307,,,,
W2,fluxv_v4b_lcrit019_filtered,0.5,3.64234354221114,0.2370377986670236,,,,
W2,fluxv_v4b_lcrit019_filtered,0.5078125,3.5669795868647665,0.336609104375629,,,,
W2,fluxv_v4b_lcrit019_filtered,0.515625,3.485184792285496,0.42988097901379313,,,,
W2,fluxv_v4b_lcrit019_filtered,0.5234375,3.3967608422205045,0.5162765877002609,,,,
W2,fluxv_v4b_lcrit019_filtered,0.53125,3.301585326239776,0.5952674945973331,,,,
W2,fluxv_v4b_lcrit019_filtered,0.5390625,3.1996176868240163,0.6663763466165762,,,,
W2,fluxv_v4b_lcrit019_filtered,0.546875,3.0909032972279205,0.729179390597932,,,,
W2,fluxv_v4b_lcrit019_filtered,0.5546875,2.975575592060311,0.7833088349791308,,,,
W2,fluxv_v4b_lcrit019_filtered,0.5625,2.853856217142161,0.8284550609566022,,,,
W2,fluxv_v4b_lcrit019_filtered,0.5703125,2.7260532103219504,0.8643686814974668,,,,
W2,fluxv_v4b_lcrit019_filtered,0.578125,2.592557269543217,0.890862439532942,,,,
W2,fluxv_v4b_lcrit019_filtered,0.5859375,2.4538362075832802,0.9078129294974265,,,,
W2,fluxv_v4b_lcrit019_filtered,0.59375,2.310427733561537,0.9151621193313885,,,,
W2,fluxv_v4b_lcrit019_filtered,0.6015625,2.162930738653464,0.9129186433963254,,,,
W2,fluxv_v4b_lcrit019_filtered,0.609375,2.01199529662072,0.9011588307056484,,,,
W2,fluxv_v4b_lcrit019_filtered,0.6171875,1.8583116180505697,0.8800274276922954,,,,
W2,fluxv_v4b_lcrit019_filtered,0.625,1.70259821997039,0.8497379706283081,,,,
W2,fluxv_v4b_lcrit019_filtered,0.6328125,1.5455895892695872,0.81057275997463,,,,
W2,fluxv_v4b_lcrit019_filtered,0.640625,1.388023628759333,0.7628823875315579,,,,
W2,fluxv_v4b_lcrit019_filtered,0.6484375,1.2306291785095718,0.7070847674075289,,,,
W2,fluxv_v4b_lcrit019_filtered,0.65625,1.074113902247827,0.6436636236136146,,,,
W2,fluxv_v4b_lcrit019_filtered,0.6640625,0.9191528191588252,0.5731663905695441,,,,
W2,fluxv_v4b_lcrit019_filtered,0.671875,0.7663777456067131,0.49620148797742347,,,,
W2,fluxv_v4b_lcrit019_filtered,0.6796875,0.6163678894731974,0.4134349383410792,,,,
W2,fluxv_v4b_lcrit019_filtered,0.6875,0.469641812458534,0.32558630379777687,,,,
W2,fluxv_v4b_lcrit019_filtered,0.6953125,0.32665094344390244,0.2334239287584262,,,,
W2,fluxv_v4b_lcrit019_filtered,0.703125,0.18777478958763716,0.13775948595531617,,,,
W2,fluxv_v4b_lcrit019_filtered,0.7109375,0.05331795204152301,0.03944183566913673,,,,
W2,fluxv_v4b_lcrit019_filtered,0.71875,-0.07649098908113405,-0.06064977908737568,,,,
W2,fluxv_v4b_lcrit019_filtered,0.7265625,-0.20149869962919076,-0.16161316507827916,,,,
W2,fluxv_v4b_lcrit019_filtered,0.734375,-0.3216244496870302,-0.2625311888408277,,,,
W2,fluxv_v4b_lcrit019_filtered,0.7421875,-0.4368556725144259,-0.36248030013375454,,,,
W2,fluxv_v4b_lcrit019_filtered,0.75,-0.5472418338878331,-0.4605394913078549,,,,
W2,fluxv_v4b_lcrit019_filtered,0.7578125,-0.6528867616004128,-0.5557996022285449,,,,
W2,fluxv_v4b_lcrit019_filtered,0.765625,-0.7539396216021703,-0.6473728685045658,,,,
W2,fluxv_v4b_lcrit019_filtered,0.7734375,-0.8505847598557816,-0.7344026001674276,,,,
W2,fluxv_v4b_lcrit019_filtered,0.78125,-0.9430306567071163,-0.8160728688849163,,,,
W2,fluxv_v4b_lcrit019_filtered,0.7890625,-1.0314982627872031,-0.8916180745365219,,,,
W2,fluxv_v4b_lcrit019_filtered,0.796875,-1.1162090016603017,-0.9603322567553574,,,,
W2,fluxv_v4b_lcrit019_filtered,0.8046875,-1.1973727342285552,-1.021578014039735,,,,
W2,fluxv_v4b_lcrit019_filtered,0.8125,-1.2751759830558096,-1.0747948924062904,,,,
W2,fluxv_v4b_lcrit019_filtered,0.8203125,-1.3497707111858595,-1.119507107398078,,,,
W2,fluxv_v4b_lcrit019_filtered,0.828125,-1.4212639397567892,-1.155330467629474,,,,
W2,fluxv_v4b_lcrit019_filtered,0.8359375,-1.489708471953292,-1.181978374948465,,,,
W2,fluxv_v4b_lcrit019_filtered,0.84375,-1.5550949679370605,-1.1992667856776174,,,,
W2,fluxv_v4b_lcrit019_filtered,0.8515625,-1.6173455868313722,-1.207118029157858,,,,
W2,fluxv_v4b_lcrit019_filtered,0.859375,-1.6763093782159935,-1.2055633938136605,,,,
W2,fluxv_v4b_lcrit019_filtered,0.8671875,-1.7317595676313953,-1.1947444069858353,,,,
W2,fluxv_v4b_lcrit019_filtered,0.875,-1.7833928391136082,-1.1749127525952026,,,,
W2,fluxv_v4b_lcrit019_filtered,0.8828125,-1.8308306736791111,-1.146428790022925,,,,
W2,fluxv_v4b_lcrit019_filtered,0.890625,-1.8736227569100246,-1.1097586581014116,,,,
W2,fluxv_v4b_lcrit019_filtered,0.8984375,-1.9112524223501453,-1.0654699694544454,,,,
W2,fluxv_v4b_lcrit019_filtered,0.90625,-1.943144051327023,-1.0142261222343523,,,,
W2,fluxv_v4b_lcrit019_filtered,0.9140625,-1.9686723050753485,-0.956779278190033,,,,
W2,fluxv_v4b_lcrit019_filtered,0.921875,-1.9871730226375532,-0.8939620775666282,,,,
W2,fluxv_v4b_lcrit019_filtered,0.9296875,-1.9979555788966379,-0.8266781821894227,,,,
W2,fluxv_v4b_lcrit019_filtered,0.9375,-2.0003164621237906,-0.755891757832795,,,,
W2,fluxv_v4b_lcrit019_filtered,0.9453125,-1.9935538003825992,-0.6826160252465485,,,,
W2,fluxv_v4b_lcrit019_filtered,0.953125,-1.9769825417016722,-0.6079010256566328,,,,
W2,fluxv_v4b_lcrit019_filtered,0.9609375,-1.9499499746684297,-0.5328207608551412,,,,
W2,fluxv_v4b_lcrit019_filtered,0.96875,-1.911851264437411,-0.4584598798621424,,,,
W2,fluxv_v4b_lcrit019_filtered,0.9765625,-1.862144674374343,-0.38590009333866737,,,,
W2,fluxv_v4b_lcrit019_filtered,0.984375,-1.8003661458125886,-0.31620650326282906,,,,
W2,fluxv_v4b_lcrit019_filtered,0.9921875,-1.7261429176706686,-0.25041403870823375,,,,
W3,fluxv_old,0.0,0.4465857049793163,0.03558737544033987,,,,
W3,fluxv_old,0.0078125,0.5176040650533145,0.03496549187034435,,,,
W3,fluxv_old,0.015625,0.5908443682812752,0.032518034280025025,,,,
W3,fluxv_old,0.0234375,0.6652742487050491,0.02806916695558618,,,,
W3,fluxv_old,0.03125,0.7410264305391473,0.02160717329323662,,,,
W3,fluxv_old,0.0390625,0.8179089430809944,0.013096698528773461,,,,
W3,fluxv_old,0.046875,0.8957098665813913,0.002519431108906244,,,,
W3,fluxv_old,0.0546875,0.9741974813150144,-0.010124363297884735,,,,
W3,fluxv_old,0.0625,1.0531211315031996,-0.024814382071925947,,,,
W3,fluxv_old,0.0703125,1.1322122913408,-0.04150898453150777,,,,
W3,fluxv_old,0.078125,1.2111858085174574,-0.060144087170229066,,,,
W3,fluxv_old,0.0859375,1.289741106148621,-0.0806323028209965,,,,
W3,fluxv_old,0.09375,1.367560117213244,-0.10286246649702716,,,,
W3,fluxv_old,0.1015625,1.4443107086975204,-0.12669922016368454,,,,
W3,fluxv_old,0.109375,1.5196521869098008,-0.1519829597712369,,,,
W3,fluxv_old,0.1171875,1.5932397552736928,-0.17853030243241594,,,,
W3,fluxv_old,0.125,1.664725950164222,-0.20613508622279966,,,,
W3,fluxv_old,0.1328125,1.7337632505614364,-0.2345698395031514,,,,
W3,fluxv_old,0.140625,1.800007645058205,-0.26358774587309625,,,,
W3,fluxv_old,0.1484375,1.8631226753436794,-0.29292513239289386,,,,
W3,fluxv_old,0.15625,1.922783805477365,-0.3223044879011954,,,,
W3,fluxv_old,0.1640625,1.978683083446222,-0.3514379984525254,,,,
W3,fluxv_old,0.171875,2.0305339734298693,-0.3800315608614073,,,,
W3,fluxv_old,0.1796875,2.078076217720184,-0.4077892091117376,,,,
W3,fluxv_old,0.1875,2.1210806236464905,-0.43441786632286816,,,,
W3,fluxv_old,0.1953125,2.159353574000953,-0.45963230543840017,,,,
W3,fluxv_old,0.203125,2.1927411019936462,-0.48316018281868006,,,,
W3,fluxv_old,0.2109375,2.221132342102973,-0.5047469898241936,,,,
W3,fluxv_old,0.21875,2.2444620777148616,-0.524160747755387,,,,
W3,fluxv_old,0.2265625,2.2627122641988118,-0.5411962803841758,,,,
W3,fluxv_old,0.234375,2.2759124353604157,-0.5556789069115532,,,,
W3,fluxv_old,0.2421875,2.284138835346281,-0.5674674073138507,,,,
W3,fluxv_old,0.25,2.287512216562062,-0.5764561446875119,,,,
W3,fluxv_old,0.2578125,2.2861943323062,-0.5825762680592872,,,,
W3,fluxv_old,0.265625,2.2803833394448203,-0.5857959751568229,,,,
W3,fluxv_old,0.2734375,2.2703082226772793,-0.5861198461938864,,,,
W3,fluxv_old,0.28125,2.256222300674216,-0.5835872940324976,,,,
W3,fluxv_old,0.2890625,2.238396222138234,-0.578270247102853,,,,
W3,fluxv_old,0.296875,2.217110817563471,-0.5702702078625923,,,,
W3,fluxv_old,0.3046875,2.1926499198261427,-0.5597148281253838,,,,
W3,fluxv_old,0.3125,2.16529345514844,-0.5467541751031386,,,,
W3,fluxv_old,0.3203125,2.135311168700447,-0.5315568690142403,,,,
W3,fluxv_old,0.328125,2.1029571224338395,-0.5143062445786161,,,,
W3,fluxv_old,0.3359375,2.0684650870952095,-0.4951966747371375,,,,
W3,fluxv_old,0.34375,2.032045004218397,-0.4744301774543489,,,,
W3,fluxv_old,0.3515625,1.993880558158896,-0.45221338750402035,,,,
W3,fluxv_old,0.359375,1.9541278109296252,-0.42875494218619586,,,,
W3,fluxv_old,0.3671875,1.9129148720831748,-0.40426330552552825,,,,
W3,fluxv_old,0.375,1.8703425443222834,-0.3789450267274442,,,,
W3,fluxv_old,0.3828125,1.8264857975483453,-0.3530034017434688,,,,
W3,fluxv_old,0.390625,1.7813959276276077,-0.3266374918220679,,,,
W3,fluxv_old,0.3984375,1.7351032821758765,-0.3000414424382231,,,,
W3,fluxv_old,0.40625,1.6876204101631287,-0.2734040375212493,,,,
W3,fluxv_old,0.4140625,1.6389454755105388,-0.24690842173304042,,,,
W3,fluxv_old,0.421875,1.589065798948307,-0.22073192714214654,,,,
W3,fluxv_old,0.4296875,1.5379614285612229,-0.19504594635600186,,,,
W3,fluxv_old,0.4375,1.485608650199046,-0.17001580099544455,,,,
W3,fluxv_old,0.4453125,1.4319833518114375,-0.14580056332052907,,,,
W3,fluxv_old,0.453125,1.3770641661244385,-0.12255279918154582,,,,
W3,fluxv_old,0.4609375,1.3208353402256785,-0.1004182105108642,,,,
W3,fluxv_old,0.46875,1.2632893046466125,-0.07953516429803574,,,,
W3,fluxv_old,0.4765625,1.2044289254783753,-0.060034102964658914,,,,
W3,fluxv_old,0.484375,1.1442694298056262,-0.04203683835248596,,,,
W3,fluxv_old,0.4921875,1.082840002308495,-0.025655737794775833,,,,
W3,fluxv_old,0.5,1.0201850574037445,-0.010992815905293109,,,,
W3,fluxv_old,0.5078125,0.9563651976802006,0.0018612503297624537,,,,
W3,fluxv_old,0.515625,0.891457874393392,0.012828162695236784,,,,
W3,fluxv_old,0.5234375,0.8255577691905962,0.021843076662073524,,,,
W3,fluxv_old,0.53125,0.7587769168622923,0.028855686041802754,,,,
W3,fluxv_old,0.5390625,0.6912445882726235,0.03383129209047292,,,,
W3,fluxv_old,0.546875,0.6231069499183203,0.03675183044289276,,,,
W3,fluxv_old,0.5546875,0.5545265141716086,0.03761682805424938,,,,
W3,fluxv_old,0.5625,0.48568139447802167,0.036444261745449597,,,,
W3,fluxv_old,0.5703125,0.41676437978826414,0.03327128957926592,,,,
W3,fluxv_old,0.578125,0.3479818340469061,0.028154824049030042,,,,
W3,fluxv_old,0.5859375,0.27955242009211456,0.02117191371676122,,,,
W3,fluxv_old,0.59375,0.21170565001600472,0.012419899836790212,,,,
W3,fluxv_old,0.6015625,0.1446802563482911,0.0020163124625307846,,,,
W3,fluxv_old,0.609375,0.07872244274181059,-0.009901510935020171,,,,
W3,fluxv_old,0.6171875,0.014083693504595136,-0.0231772096231296,,,,
W3,fluxv_old,0.625,-0.048981643926992356,-0.037636564125284266,,,,
W3,fluxv_old,0.6328125,-0.11021841068352176,-0.0530888836619545,,,,
W3,fluxv_old,0.640625,-0.1693733566906214,-0.06932894032493335,,,,
W3,fluxv_old,0.6484375,-0.22619796431117786,-0.08613930168281334,,,,
W3,fluxv_old,0.65625,-0.2804514104465711,-0.10329307267267931,,,,
W3,fluxv_old,0.6640625,-0.3319036026180119,-0.12055701457270188,,,,
W3,fluxv_old,0.671875,-0.3803382390393334,-0.13769499853095102,,,,
W3,fluxv_old,0.6796875,-0.425555853925531,-0.1544717405465325,,,,
W3,fluxv_old,0.6875,-0.46737676711188025,-0.17065673536625744,,,,
W3,fluxv_old,0.6953125,-0.5056438768368539,-0.1860282988323598,,,,
W3,fluxv_old,0.703125,-0.5402252289244529,-0.20037761375038818,,,,
W3,fluxv_old,0.7109375,-0.5710162110281607,-0.2135126321256678,,,,
W3,fluxv_old,0.71875,-0.5979409823311312,-0.2252615865638779,,,,
W3,fluxv_old,0.7265625,-0.6209529955467855,-0.235475951300114,,,,
W3,fluxv_old,0.734375,-0.6400351314304669,-0.24403295742440742,,,,
W3,fluxv_old,0.7421875,-0.655199334968261,-0.2508375425457639,,,,
W3,fluxv_old,0.75,-0.666485481391421,-0.2558235632361196,,,,
W3,fluxv_old,0.7578125,-0.6739593930957298,-0.25895419026164135,,,,
W3,fluxv_old,0.765625,-0.6777100676662117,-0.26022148542970414,,,,
W3,fluxv_old,0.7734375,-0.6778462420568848,-0.25964521152756964,,,,
W3,fluxv_old,0.78125,-0.6744924327430515,-0.25727095899824065,,,,
W3,fluxv_old,0.7890625,-0.6677846188287555,-0.2531677069472501,,,,
W3,fluxv_old,0.796875,-0.657865757306506,-0.24742496322376106,,,,
W3,fluxv_old,0.8046875,-0.6448813157087122,-0.24014963906835712,,,,
W3,fluxv_old,0.8125,-0.6289749093555103,-0.23146278694203698,,,,
W3,fluxv_old,0.8203125,-0.6102843913492885,-0.22149641649234034,,,,
W3,fluxv_old,0.828125,-0.5889387291731195,-0.21039057998973423,,,,
W3,fluxv_old,0.8359375,-0.5650537665555387,-0.19829018208612353,,,,
W3,fluxv_old,0.84375,-0.5387313895320424,-0.18534308670510147,,,,
W3,fluxv_old,0.8515625,-0.5100593749503667,-0.17169856401313502,,,,
W3,fluxv_old,0.859375,-0.47910760984869727,-0.15750479698518816,,,,
W3,fluxv_old,0.8671875,-0.44592944918493693,-0.14290829652647788,,,,
W3,fluxv_old,0.875,-0.41056286515621276,-0.12805337206964063,,,,
W3,fluxv_old,0.8828125,-0.3730344122955582,-0.11308255202572033,,,,
W3,fluxv_old,0.890625,-0.3333586620802552,-0.09813574863718653,,,,
W3,fluxv_old,0.8984375,-0.2915396545049489,-0.08335019487134186,,,,
W3,fluxv_old,0.90625,-0.24757318078079615,-0.06886066411418251,,,,
W3,fluxv_old,0.9140625,-0.20144938465443782,-0.05479976766318865,,,,
W3,fluxv_old,0.921875,-0.1531555105626624,-0.04129824082590578,,,,
W3,fluxv_old,0.9296875,-0.10267870001360664,-0.028485155682907003,,,,
W3,fluxv_old,0.9375,-0.05000876138201996,-0.016488012399523473,,,,
W3,fluxv_old,0.9453125,0.00485914816455721,-0.005432672673156787,,,,
W3,fluxv_old,0.953125,0.061921979077939754,0.00455688997382293,,,,
W3,fluxv_old,0.9609375,0.12116642504815306,0.013359037844389814,,,,
W3,fluxv_old,0.96875,0.18256676965111254,0.02085511973569811,,,,
W3,fluxv_old,0.9765625,0.24608296748862662,0.026930321040600353,,,,
W3,fluxv_old,0.984375,0.3116589757827981,0.031474702247902574,,,,
W3,fluxv_old,0.9921875,0.37922134635694504,0.03438440869573247,,,,
W3,fluxv_old_filtered,0.0,0.4449511733026573,0.042368946748833236,,,,
W3,fluxv_old_filtered,0.0078125,0.5160840987980214,0.04107690387724108,,,,
W3,fluxv_old_filtered,0.015625,0.5890013330823103,0.03767304648546468,,,,
W3,fluxv_old_filtered,0.0234375,0.6635537247887778,0.032123584879336094,,,,
W3,fluxv_old_filtered,0.03125,0.7395648477295549,0.02441490223241609,,,,
W3,fluxv_old_filtered,0.0390625,0.816830956094618,0.014554071309772465,,,,
W3,fluxv_old_filtered,0.046875,0.8951214996681416,0.0025691731040635712,,,,
W3,fluxv_old_filtered,0.0546875,0.9741802013590872,-0.011490591485738805,,,,
W3,fluxv_old_filtered,0.0625,1.0537266873778253,-0.027555003712699224,,,,
W3,fluxv_old_filtered,0.0703125,1.1334586485611815,-0.04553314728451572,,,,
W3,fluxv_old_filtered,0.078125,1.213054499909102,-0.06531394898891167,,,,
W3,fluxv_old_filtered,0.0859375,1.2921764945938459,-0.08676693916608141,,,,
W3,fluxv_old_filtered,0.09375,1.370474238770732,-0.10974322890640431,,,,
W3,fluxv_old_filtered,0.1015625,1.4475885446732848,-0.13407669815070694,,,,
W3,fluxv_old_filtered,0.109375,1.5231555519074371,-0.15958538615373663,,,,
W3,fluxv_old_filtered,0.1171875,1.5968110407346314,-0.18607307308012672,,,,
W3,fluxv_old_filtered,0.125,1.6681948565867317,-0.21333103887785346,,,,
W3,fluxv_old_filtered,0.1328125,1.7369553621877452,-0.24113998305913484,,,,
W3,fluxv_old_filtered,0.140625,1.8027538325335852,-0.26927208665445346,,,,
W3,fluxv_old_filtered,0.1484375,1.8652687086295343,-0.29749319543216646,,,,
W3,fluxv_old_filtered,0.15625,1.9241996282957454,-0.32556510153216006,,,,
W3,fluxv_old_filtered,0.1640625,1.9792711564764573,-0.35324789898255876,,,,
W3,fluxv_old_filtered,0.171875,2.0302361432442764,-0.38030238718544124,,,,
W3,fluxv_old_filtered,0.1796875,2.076878644957666,-0.4064924953984983,,,,
W3,fluxv_old_filtered,0.1875,2.119016352655993,-0.43158770052750206,,,,
W3,fluxv_old_filtered,0.1953125,2.156502481581371,-0.45536541019702925,,,,
W3,fluxv_old_filtered,0.203125,2.189227086493924,-0.47761328309610135,,,,
W3,fluxv_old_filtered,0.2109375,2.2171177789700534,-0.4981314590073783,,,,
W3,fluxv_old_filtered,0.21875,2.2401398348987107,-0.516734671723194,,,,
W3,fluxv_old_filtered,0.2265625,2.2582956926647526,-0.5332542192227828,,,,
W3,fluxv_old_filtered,0.234375,2.2716238547718772,-0.5475397670200215,,,,
W3,fluxv_old_filtered,0.2421875,2.2801972176513647,-0.5594609624713953,,,,
W3,fluxv_old_filtered,0.25,2.284120865873448,-0.5689088400353538,,,,
W3,fluxv_old_filtered,0.2578125,2.2835293776834487,-0.5757969999670508,,,,
W3,fluxv_old_filtered,0.265625,2.2785836984988688,-0.5800625456819501,,,,
W3,fluxv_old_filtered,0.2734375,2.269467647521857,-0.5816667679889016,,,,
W3,fluxv_old_filtered,0.28125,2.256384129764546,-0.5805955675352343,,,,
W3,fluxv_old_filtered,0.2890625,2.2395511314031404,-0.576859610077386,,,,
W3,fluxv_old_filtered,0.296875,2.219197580353028,-0.5704942125425576,,,,
W3,fluxv_old_filtered,0.3046875,2.1955591562096397,-0.561558961230395,,,,
W3,fluxv_old_filtered,0.3125,2.168874134183061,-0.5501370668687483,,,,
W3,fluxv_old_filtered,0.3203125,2.1393793463611055,-0.5363344645344483,,,,
W3,fluxv_old_filtered,0.328125,2.1073063405962187,-0.5202786696301653,,,,
W3,fluxv_old_filtered,0.3359375,2.0728778125939846,-0.5021174041252527,,,,
W3,fluxv_old_filtered,0.34375,2.0363043804886938,-0.48201701007817266,,,,
W3,fluxv_old_filtered,0.3515625,1.9977817634615027,-0.46016067002040417,,,,
W3,fluxv_old_filtered,0.359375,1.957488416956772,-0.43674645606054197,,,,
W3,fluxv_old_filtered,0.3671875,1.9155836669768207,-0.41198523153130834,,,,
W3,fluxv_old_filtered,0.375,1.8722063750018454,-0.3860984306254187,,,,
W3,fluxv_old_filtered,0.3828125,1.8274741535254617,-0.3593157427283541,,,,
W3,fluxv_old_filtered,0.390625,1.781483140265531,-0.331872729042788,,,,
W3,fluxv_old_filtered,0.3984375,1.7343083270605646,-0.30400839960256953,,,,
W3,fluxv_old_filtered,0.40625,1.6860044275520019,-0.2759627788918886,,,,
W3,fluxv_old_filtered,0.4140625,1.636607256236693,-0.24797448802188077,,,,
W3,fluxv_old_filtered,0.421875,1.5861355805975121,-0.22027837078283893,,,,
W3,fluxv_old_filtered,0.4296875,1.5345933980147008,-0.1931031899015357,,,,
W3,fluxv_old_filtered,0.4375,1.4819725802385038,-0.16666941851148404,,,,
W3,fluxv_old_filtered,0.4453125,1.428255820553514,-0.14118715021576833,,,,
W3,fluxv_old_filtered,0.453125,1.3734198125476356,-0.11685414921823928,,,,
W3,fluxv_old_filtered,0.4609375,1.3174385847433836,-0.09385405985402685,,,,
W3,fluxv_old_filtered,0.46875,1.2602869123520186,-0.07235479250219101,,,,
W3,fluxv_old_filtered,0.4765625,1.2019437261315447,-0.05250710035195688,,,,
W3,fluxv_old_filtered,0.484375,1.1423954387903739,-0.034443358860995456,,,,
W3,fluxv_old_filtered,0.4921875,1.0816391115644812,-0.01827655703204519,,,,
W3,fluxv_old_filtered,0.5,1.0196853874547371,-0.004099506885274884,,,,
W3,fluxv_old_filtered,0.5078125,0.9565611230544843,0.008015725240125254,,,,
W3,fluxv_old_filtered,0.515625,0.892311657802799,0.01801816462032472,,,,
W3,fluxv_old_filtered,0.5234375,0.8270026677123586,0.025878052997791053,,,,
W3,fluxv_old_filtered,0.53125,0.760721559960513,0.0315867565261478,,,,
W3,fluxv_old_filtered,0.5390625,0.6935783749920487,0.035156463332538766,,,,
W3,fluxv_old_filtered,0.546875,0.6257061737367291,0.03661967938862337,,,,
W3,fluxv_old_filtered,0.5546875,0.5572608989538235,0.03602853334626718,,,,
W3,fluxv_old_filtered,0.5625,0.48842071132994724,0.03345390273692486,,,,
W3,fluxv_old_filtered,0.5703125,0.41938481252207427,0.0289843754399454,,,,
W3,fluxv_old_filtered,0.578125,0.35037177860252017,0.022725061584663794,,,,
W3,fluxv_old_filtered,0.5859375,0.2816174380820342,0.014796272059089122,,,,
W3,fluxv_old_filtered,0.59375,0.21337233862815919,0.005332080553852876,,,,
W3,fluxv_old_filtered,0.6015625,0.1458988555433539,-0.005521213422052751,,,,
W3,fluxv_old_filtered,0.609375,0.07946800282774036,-0.01760670284902828,,,,
W3,fluxv_old_filtered,0.6171875,0.01435601405753284,-0.03075855508272185,,,,
W3,fluxv_old_filtered,0.625,-0.04915923477503403,-0.04480373974386917,,,,
W3,fluxv_old_filtered,0.6328125,-0.11080188499576182,-0.05956378540273441,,,,
W3,fluxv_old_filtered,0.640625,-0.1703017604388909,-0.07485654838609758,,,,
W3,fluxv_old_filtered,0.6484375,-0.22739796102178,-0.09049797772200194,,,,
W3,fluxv_old_filtered,0.65625,-0.2818423093719219,-0.10630386105082494,,,,
W3,fluxv_old_filtered,0.6640625,-0.3334025785679383,-0.12209153724620286,,,,
W3,fluxv_old_filtered,0.671875,-0.38186543402590756,-0.13768156248146995,,,,
W3,fluxv_old_filtered,0.6796875,-0.42703902899661117,-0.15289931752266406,,,,
W3,fluxv_old_filtered,0.6875,-0.4687552008943343,-0.1675765451050338,,,,
W3,fluxv_old_filtered,0.6953125,-0.5068712245813849,-0.18155280733516857,,,,
W3,fluxv_old_filtered,0.703125,-0.5412710885869968,-0.19467685413623265,,,,
W3,fluxv_old_filtered,0.7109375,-0.5718662708267156,-0.20680789480259584,,,,
W3,fluxv_old_filtered,0.71875,-0.5985960014746449,-0.2178167657384042,,,,
W3,fluxv_old_filtered,0.7265625,-0.6214270119812734,-0.22758698841124667,,,,
W3,fluxv_old_filtered,0.734375,-0.640352780573709,-0.23601571244903558,,,,
W3,fluxv_old_filtered,0.7421875,-0.6553922956728151,-0.24301453964063066,,,,
W3,fluxv_old_filtered,0.75,-0.6665883692681922,-0.24851022536679376,,,,
W3,fluxv_old_filtered,0.7578125,-0.6740055421733038,-0.2524452546889048,,,,
W3,fluxv_old_filtered,0.765625,-0.6777276320213276,-0.2547782909624286,,,,
W3,fluxv_old_filtered,0.7734375,-0.6778549826603432,-0.25548449542681473,,,,
W3,fluxv_old_filtered,0.78125,-0.6745014800919633,-0.2545557167619188,,,,
W3,fluxv_old_filtered,0.7890625,-0.6677914051271565,-0.2520005501035145,,,,
W3,fluxv_old_filtered,0.796875,-0.6578561963952483,-0.24784426548871846,,,,
W3,fluxv_old_filtered,0.8046875,-0.6448311991598997,-0.2421286061687227,,,,
W3,fluxv_old_filtered,0.8125,-0.6288524755281826,-0.2349114576940666,,,,
W3,fluxv_old_filtered,0.8203125,-0.6100537500817107,-0.2262663891595706,,,,
W3,fluxv_old_filtered,0.828125,-0.5885635617451904,-0.21628206850417603,,,,
W3,fluxv_old_filtered,0.8359375,-0.5645026879072143,-0.20506155430634426,,,,
W3,fluxv_old_filtered,0.84375,-0.5379819005249344,-0.19272146710786522,,,,
W3,fluxv_old_filtered,0.8515625,-0.5091001063154907,-0.1793910439454254,,,,
W3,fluxv_old_filtered,0.859375,-0.4779429143292987,-0.1652110804752823,,,,
W3,fluxv_old_filtered,0.8671875,-0.4445816644063343,-0.15033276584443228,,,,
W3,fluxv_old_filtered,0.875,-0.4090729394508926,-0.13491641629144788,,,,
W3,fluxv_old_filtered,0.8828125,-0.3714585733547945,-0.11913011434836589,,,,
W3,fluxv_old_filtered,0.890625,-0.33176615499757467,-0.10314826145525027,,,,
W3,fluxv_old_filtered,0.8984375,-0.29001001730566833,-0.0871500527818513,,,,
W3,fluxv_old_filtered,0.90625,-0.24619268911317482,-0.07131788406371564,,,,
W3,fluxv_old_filtered,0.9140625,-0.20030677678256137,-0.05583570128794686,,,,
W3,fluxv_old_filtered,0.921875,-0.1523372324532304,-0.04088730508883906,,,,
W3,fluxv_old_filtered,0.9296875,-0.10226395661310528,-0.026654622715891196,,,,
W3,fluxv_old_filtered,0.9375,-0.05006467463751196,-0.013315961394569378,,,,
W3,fluxv_old_filtered,0.9453125,0.004281979809150571,-0.0010442577906231432,,,,
W3,fluxv_old_filtered,0.953125,0.06079324690808774,0.009994660911984088,,,,
W3,fluxv_old_filtered,0.9609375,0.1194789644759292,0.0196437881254118,,,,
W3,fluxv_old_filtered,0.96875,0.18033831158656588,0.027756604425199997,,,,
W3,fluxv_old_filtered,0.9765625,0.2433566505476265,0.034198682447397155,,,,
W3,fluxv_old_filtered,0.984375,0.30850254437410835,0.038849212791463396,,,,
W3,fluxv_old_filtered,0.9921875,0.3757250238196198,0.04160243360548196,,,,
W3,fluxv_v4b,0.0,0.47100370709273176,0.03983035110450793,0.7718305699191357,0.10701697464363048,0.01859572363687954,1.0
W3,fluxv_v4b,0.0078125,0.5329587280850319,0.03888778642320711,0.7717061804893688,0.06725833868228019,0.017180905559644806,1.0
W3,fluxv_v4b,0.015625,0.5935860828712698,0.035979938129386914,0.77158507234181,0.012003219833764203,0.015156206666765806,1.0
W3,fluxv_v4b,0.0234375,0.6594023903885163,0.03185400998104983,0.7714673778731627,-0.02569374237203565,0.016561500017984426,1.0
W3,fluxv_v4b,0.03125,0.7387203403124489,0.027138498248825645,0.7713532273992932,-0.010085820151617046,0.024191572409589874,1.0
W3,fluxv_v4b,0.0390625,0.8212449705015246,0.020542073124004537,0.7712427487600743,0.014583264147684925,0.03254705393982113,1.0
W3,fluxv_v4b,0.046875,0.8432484693493942,0.007346345989152535,0.7711360669292662,-0.22922527166297996,0.02109076260065172,1.0
W3,fluxv_v4b,0.0546875,0.9143587495653138,-0.0036282565305313557,0.7710333036305712,-0.26134251268207587,0.028371404533313292,1.0
W3,fluxv_v4b,0.0625,0.9873217451372904,-0.01635669373281756,0.7709345769609999,-0.2872514999992226,0.03692258843303646,1.0
W3,fluxv_v4b,0.0703125,1.1214796865046819,-0.02838534560427012,0.7708400010226828,-0.046834547407990014,0.057268454293092644,1.0
W3,fluxv_v4b,0.078125,1.1455503778329434,-0.04683990437910729,0.7707496855642553,-0.2863046484628076,0.0580334331225126,1.0
W3,fluxv_v4b,0.0859375,1.219312386499252,-0.06459695812095986,0.7706637356329318,-0.30647601501623806,0.06843623974312502,1.0
W3,fluxv_v4b,0.09375,1.2748587097775783,-0.079303784672368,0.7705822512383632,-0.3940358536463947,0.078652546560935,1.0
W3,fluxv_v4b,0.1015625,1.3782986889807651,-0.08924727851121265,0.7705053270293557,-0.25773463750187414,0.09123464972429364,1.0
W3,fluxv_v4b,0.109375,1.4001836527362168,-0.09568110950870298,0.7704330519844922,-0.4618974344294521,0.10366096504221745,1.0
W3,fluxv_v4b,0.1171875,1.5321017824138796,-0.10041699303861398,0.770365509117672,-0.17270385683394926,0.1123216685617584,1.0
W3,fluxv_v4b,0.125,1.479708943127958,-0.10071762181319717,0.770302775199539,-0.673220950473664,0.13442049917935686,1.0
W3,fluxv_v4b,0.1328125,1.5909274829377718,-0.10433701629487016,0.7702449204957301,-0.4499149101366695,0.14205938729699355,1.0
W3,fluxv_v4b,0.140625,1.6326395572492387,-0.10755152469226978,0.7701920085228223,-0.5190986853295928,0.15739932911611276,1.0
W3,fluxv_v4b,0.1484375,1.6953487171248591,-0.1142561753454946,0.7701440958228064,-0.48798336308833423,0.16899997755378549,1.0
W3,fluxv_v4b,0.15625,1.8169390980583755,-0.1279297742910768,0.7701012317568557,-0.1925805423840413,0.16629433622421952,1.0
W3,fluxv_v4b,0.1640625,1.9284949509557658,-0.14643701511989676,0.770063458319094,0.06708121547612131,0.16173649138920368,1.0
W3,fluxv_v4b,0.171875,1.8449043348678986,-0.15568269843328963,0.7700308099710039,-0.5091714062507837,0.20699168853847902,1.0
W3,fluxv_v4b,0.1796875,2.034283960126005,-0.18216398452164323,0.7700033134970441,0.11949238479466745,0.1754213282230941,1.0
W3,fluxv_v4b,0.1875,2.007016612017992,-0.1939723863611072,0.7699809878819694,-0.17502970038167243,0.20498502328411816,1.0
W3,fluxv_v4b,0.1953125,2.1357036598057633,-0.21688958479758635,0.769963844210275,0.22799747365580533,0.18283206901819646,1.0
W3,fluxv_v4b,0.203125,1.991879205956198,-0.2180230071046937,0.7699518855881025,-0.5334886679396444,0.25123410192439405,1.0
W3,fluxv_v4b,0.2109375,2.1851188302579443,-0.2457032639707819,0.769945107087869,0.19073304430504268,0.1994267567891312,1.0
W3,fluxv_v4b,0.21875,2.1605060079263962,-0.25479521343036665,0.769943495715794,-0.011299971111731831,0.2229928711949197,1.0
W3,fluxv_v4b,0.2265625,2.259676927498128,-0.2738130355725604,0.7699470304024175,0.34546633468935073,0.19743362611250628,1.0
W3,fluxv_v4b,0.234375,2.235894574082709,-0.2811460089034822,0.76995568201612,0.1883403227302784,0.21620293583824032,1.0
W3,fluxv_v4b,0.2421875,2.126194578084195,-0.27962415402037094,0.7699694133995656,-0.3221108183837796,0.26659388393630784,1.0
W3,fluxv_v4b,0.25,2.27123964094833,-0.30005239946486373,0.7699881794289138,0.294535284137502,0.21435359181494928,1.0
W3,fluxv_v4b,0.2578125,2.2351685983596115,-0.30293774412659213,0.7700119270955532,0.14273702152338055,0.23091419613107672,1.0
W3,fluxv_v4b,0.265625,2.2696880638855292,-0.31097892803627164,0.7700405956100379,0.3159618478919005,0.21741061102205586,1.0
W3,fluxv_v4b,0.2734375,2.2602586792823116,-0.3137818114076137,0.7700741165278222,0.31521013427381445,0.21893292030640188,1.0
W3,fluxv_v4b,0.28125,2.1501122134273056,-0.3065859114920305,0.7701124138963147,-0.10759954859671533,0.2561641904012676,1.0
W3,fluxv_v4b,0.2890625,2.258335501856193,-0.3168254430778632,0.7701554044226966,0.4344399862291346,0.2098024404563638,1.0
W3,fluxv_v4b,0.296875,2.0931296456745905,-0.3029484268590566,0.7702029976618807,-0.19940144971304966,0.26072104439749777,1.0
W3,fluxv_v4b,0.3046875,2.222717582422904,-0.3114839657176366,0.7702550962239186,0.4622258105751098,0.20662140861547895,1.0
W3,fluxv_v4b,0.3125,2.0413025784160586,-0.2947731730711028,0.770311596000099,-0.2183625020281996,0.2551412181539978,1.0
W3,fluxv_v4b,0.3203125,2.174814941806022,-0.2997310775498611,0.7703723864069231,0.48257718070858163,0.20231924079182056,1.0
W3,fluxv_v4b,0.328125,2.16229014990099,-0.2925709793626562,0.770437350647087,0.5571686609169993,0.19556665487077252,1.0
W3,fluxv_v4b,0.3359375,1.8665340290148515,-0.26759784649437474,0.7705063659865518,-0.5938324430359169,0.26009634836782086,1.0
W3,fluxv_v4b,0.34375,1.957635231481588,-0.2670225272435794,0.7705793040467365,-0.055796501677960526,0.22302637814969573,1.0
W3,fluxv_v4b,0.3515625,2.0028699442423408,-0.2661348002340407,0.7706560311108291,0.2818232005609011,0.2012798889476537,1.0
W3,fluxv_v4b,0.359375,1.9923769386677634,-0.2645439439394584,0.7707364084431786,0.3766763397578228,0.19306020533722054,1.0
W3,fluxv_v4b,0.3671875,1.8501921047939172,-0.2599197894425243,0.7708202926206975,-0.1013517085356762,0.20366836422955417,1.0
W3,fluxv_v4b,0.375,1.902517653222904,-0.26150292603829356,0.7709075358751856,0.2731603737889714,0.18700802734763375,1.0
W3,fluxv_v4b,0.3828125,1.796405920240583,-0.2579594280268999,0.7709979864454624,-0.03748015975176992,0.18637669298754186,1.0
W3,fluxv_v4b,0.390625,1.777172792782146,-0.2533886993708783,0.7710914889381864,0.040280260947970215,0.17787147271607529,1.0
W3,fluxv_v4b,0.3984375,1.8114498965546462,-0.2443368410354238,0.771187884696227,0.3636869819413654,0.17121425886122785,1.0
W3,fluxv_v4b,0.40625,1.635309955082995,-0.23135043617912635,0.7712870121734582,-0.21863979255113028,0.1597380483971736,1.0
W3,fluxv_v4b,0.4140625,1.704982704737064,-0.20988248929053724,0.7713887073148362,0.2894870935463099,0.16046967160931702,1.0
W3,fluxv_v4b,0.421875,1.6231411373376865,-0.1862560384582011,0.7714928039406383,0.1491215111690728,0.15087441130295642,1.0
W3,fluxv_v4b,0.4296875,1.4198352750409147,-0.16836715683786735,0.7715991341337459,-0.5171878533485076,0.11680686680827625,1.0
W3,fluxv_v4b,0.4375,1.545197534088189,-0.13723495396484786,0.7717075286288716,0.2610199255860299,0.14359145018543265,1.0
W3,fluxv_v4b,0.4453125,1.3370550424898073,-0.12383829442842617,0.7718178172026489,-0.4160198143337781,0.09624883337893043,1.0
W3,fluxv_v4b,0.453125,1.4932684671537317,-0.08802677142870029,0.7719298290635269,0.5095111761093079,0.15138335544310375,1.0
W3,fluxv_v4b,0.4609375,1.3906026937755969,-0.070314440789056,0.7720433932404371,0.3060554135353723,0.13205921139877355,1.0
W3,fluxv_v4b,0.46875,1.201445397593845,-0.06283816381554816,0.772158338969228,-0.27143370871236316,0.07328335128417322,0.0
W3,fluxv_v4b,0.4765625,1.1667367929134371,-0.04250902797305853,0.7722744960758988,-0.16551564016958167,0.07695701486927584,0.0
W3,fluxv_v4b,0.484375,1.063877860797571,-0.031213577373261588,0.7723916953556931,-0.3532013875051108,0.04755213565752066,0.0
W3,fluxv_v4b,0.4921875,1.1912765426281993,0.007009674928317163,0.772509768947151,0.47666460145496564,0.14359039758284997,0.0
W3,fluxv_v4b,0.5,0.972330388868978,-2.3525766736946438e-05,0.77262855070026,-0.21046911862570947,0.04824392056407896,0.0
W3,fluxv_v4b,0.5078125,0.851466694247322,0.0025262915268894704,0.7727478765378776,-0.4615952618386097,0.002926446569542676,0.0
W3,fluxv_v4b,0.515625,0.8683348777946733,0.024579609210643644,0.7728675848096431,-0.1018040361140857,0.05173830650969883,0.0
W3,fluxv_v4b,0.5234375,0.9313040991012616,0.0549724568141214,0.7729875166376392,0.465817246454555,0.1459363805080545,0.0
W3,fluxv_v4b,0.53125,0.599568425281021,0.012648512748226114,0.7731075162531,-0.7016913427545247,-0.07143107178312635,0.0
W3,fluxv_v4b,0.5390625,0.7822845621634151,0.06462115897806245,0.7732274313235079,0.401459375894211,0.13577421231892275,0.0
W3,fluxv_v4b,0.546875,0.6078957115671693,0.04517078561313259,0.773347113269464,-0.06711248451574031,0.037144707449717984,0.0
W3,fluxv_v4b,0.5546875,0.5185612725800812,0.04056699071920609,0.773466417570754,-0.1587633992534437,0.013023069839449258,0.0
W3,fluxv_v4b,0.5625,0.4348010578930145,0.034769817287033385,0.773585204061078,-0.22472178275280544,-0.007395472771434569,0.0
W3,fluxv_v4b,0.5703125,0.533696641194966,0.07088582168247262,0.7737033372109479,0.5167211039064371,0.1662177941098053,0.0
W3,fluxv_v4b,0.578125,0.21369268157374804,0.002715049709862749,0.7738206863982985,-0.5937287116789084,-0.11247613203021017,0.0
W3,fluxv_v4b,0.5859375,0.2547501525100591,0.02272570446511788,0.7739371261663947,-0.10971402407416657,0.006873268139996912,0.0
W3,fluxv_v4b,0.59375,0.3534695905993962,0.05846956072738771,0.7740525364686551,0.6274199248256889,0.20380693888253892,0.0
W3,fluxv_v4b,0.6015625,0.15878356805243238,0.012550379030424358,0.774166278091315,0.06244998127358452,0.046645232956630735,0.0
W3,fluxv_v4b,0.609375,0.017797584032662253,-0.021766079515497944,0.7742774108339623,-0.2699103307925156,-0.05256261069976651,0.0
W3,fluxv_v4b,0.6171875,0.14737345268684435,0.022624760069246536,0.7743850413899963,0.5907842281532976,0.20300945457942388,0.0
W3,fluxv_v4b,0.625,-0.052283566595791746,-0.033880528001373554,0.7744883250318888,-0.014641914522901353,0.016655617162356858,0.0
W3,fluxv_v4b,0.6328125,-0.18262443373655557,-0.07180012547029792,0.7745864671969916,-0.32121417979066197,-0.08300851140421724,0.0
W3,fluxv_v4b,0.640625,-0.08379759914550097,-0.03720315163798479,0.7746787249683615,0.37979439594909237,0.14257769792238936,0.0
W3,fluxv_v4b,0.6484375,-0.2239123797110867,-0.08176141438269642,0.7747644084453583,0.010147528569154525,0.019436924998839877,0.0
W3,fluxv_v4b,0.65625,-0.1705678383138813,-0.06237924239389465,0.7748428819990865,0.4880306388192622,0.18171235554107007,0.0
W3,fluxv_v4b,0.6640625,-0.32295266279007323,-0.11463248743778107,0.7749135654080859,0.03976667827257942,0.026321120353885775,0.0
W3,fluxv_v4b,0.671875,-0.2773906208975455,-0.09851478258011384,0.7749759348700425,0.4574960375119559,0.17411567037600859,0.0
W3,fluxv_v4b,0.6796875,-0.3104019764383919,-0.11063592717741835,0.7750295238856784,0.5118621762111674,0.19485140506542922,0.0
W3,fluxv_v4b,0.6875,-0.4239948065727159,-0.15286278707569873,0.775073924011385,0.19287208185395208,0.07911020637491317,0.0
W3,fluxv_v4b,0.6953125,-0.4363811850672881,-0.15864485005440843,0.7751087854775924,0.3079830926995351,0.1217630881495504,0.0
W3,fluxv_v4b,0.703125,-0.44009135408667654,-0.1613014740701602,0.7751338176703125,0.4453042863108917,0.17377508380934092,0.0
W3,fluxv_v4b,0.7109375,-0.4547834547738388,-0.16820335857802612,0.7751487894737511,0.5169318678884899,0.20150780350080574,0.0
W3,fluxv_v4b,0.71875,-0.49691871129356835,-0.18559767964405535,0.7751535294723545,0.4492944487876314,0.17640440086403653,0.0
W3,fluxv_v4b,0.7265625,-0.36679163883955584,-0.13688951330178736,0.775147926011136,1.1303491766761167,0.4384502052812252,0.0
W3,fluxv_v4b,0.734375,-0.5424761241633821,-0.20566114319211948,0.775131927113614,0.43384997262984626,0.17064145096167216,0.0
W3,fluxv_v4b,0.7421875,-0.5770898271150863,-0.21998688674663644,0.7751055402571833,0.3473162831245316,0.13717837173226696,0.0
W3,fluxv_v4b,0.75,-0.42429774715262614,-0.1614710329955931,0.775068832006232,1.076719319954383,0.4194729040091975,0.0
W3,fluxv_v4b,0.7578125,-0.47459655331866824,-0.18139800404247855,0.7750219275038039,0.8861434252906246,0.34472775661492133,0.0
W3,fluxv_v4b,0.765625,-0.47676472468385783,-0.18233976432303942,0.7749650098230938,0.8929515486653219,0.3460871620250689,0.0
W3,fluxv_v4b,0.7734375,-0.4884978169850308,-0.1866427010771986,0.7748983191805338,0.8411684194562423,0.3243090419609962,0.0
W3,fluxv_v4b,0.78125,-0.48700178674625855,-0.18548558028637993,0.7748221520127019,0.8326336168172674,0.31879414140199974,0.0
W3,fluxv_v4b,0.7890625,-0.43532513501991976,-0.16495285662429993,0.7747368599197323,1.0319463882373467,0.3916080113751265,0.0
W3,fluxv_v4b,0.796875,-0.4707050888664123,-0.17717206816363099,0.7746428484783476,0.8305068961705935,0.31174025135554745,0.0
W3,fluxv_v4b,0.8046875,-0.4124228768715998,-0.153923604598724,0.7745405759280517,1.0310433453557064,0.3824459093895174,0.0
W3,fluxv_v4b,0.8125,-0.39451906421496075,-0.1457553213486485,0.7744305517344268,1.0393953921654937,0.3799604345907747,0.0
W3,fluxv_v4b,0.8203125,-0.39065092245171795,-0.14254872988438258,0.7743133350338512,0.9731787606082699,0.34981103832518995,0.0
W3,fluxv_v4b,0.828125,-0.3858949685264561,-0.13880143577366114,0.7741895329643156,0.8991778074422775,0.3170320010221669,0.0
W3,fluxv_v4b,0.8359375,-0.3597284709128215,-0.12737030639486344,0.77405979888734,0.9087594621566988,0.31388781342147026,0.0
W3,fluxv_v4b,0.84375,-0.3224716038078651,-0.11229375193647767,0.7739248305063027,0.9565835390436643,0.3231196726832945,0.0
W3,fluxv_v4b,0.8515625,-0.32111918007372603,-0.10963079718304126,0.7737853678867632,0.8352253482085209,0.2743755620503998,0.0
W3,fluxv_v4b,0.859375,-0.2878087741614041,-0.09636566443595942,0.7736421913846119,0.8451170156552239,0.27009950716174413,0.0
W3,fluxv_v4b,0.8671875,-0.26983007230571354,-0.0884839651636735,0.7734961194880928,0.777467372661485,0.24027990708063532,0.0
W3,fluxv_v4b,0.875,-0.2573977708106873,-0.08256704109365867,0.7733480065799385,0.6757721034540367,0.20068798111861588,0.0
W3,fluxv_v4b,0.8828125,-0.22189295965299383,-0.06985697628079798,0.7731987406260096,0.6664048209420892,0.19058790001533588,0.0
W3,fluxv_v4b,0.890625,-0.21974033232964965,-0.06758210885570157,0.7730492407969607,0.5006298729715111,0.13462673528291855,0.0
W3,fluxv_v4b,0.8984375,-0.21128114699592876,-0.06356722694280405,0.7729004550295546,0.3534067297205063,0.08711143798686326,0.0
W3,fluxv_v4b,0.90625,-0.17237436430056396,-0.051468700534973925,0.7727530188572314,0.33091227923942496,0.07653330966928017,0.0
W3,fluxv_v4b,0.9140625,-0.1379193755866457,-0.04145251741802219,0.772607048108174,0.2793842488927021,0.0586968511298272,0.0
W3,fluxv_v4b,0.921875,-0.09467743678842165,-0.0300767718370853,0.7724626618645584,0.25700429763941285,0.049317044317978724,0.0
W3,fluxv_v4b,0.9296875,-0.05184962821188688,-0.019927946373314655,0.7723199821197878,0.22324783823788233,0.03758436681999251,0.0
W3,fluxv_v4b,0.9375,0.02461006443105431,-0.0032001587370943437,0.7721791334274944,0.32753288553279347,0.05832588499175153,0.0
W3,fluxv_v4b,0.9453125,0.07926963364716051,0.006740234332317601,0.772040242543034,0.326419392232642,0.05339936812212295,0.0
W3,fluxv_v4b,0.953125,0.13328931329761287,0.014997367501680724,0.771903438058239,0.312882112786492,0.04577218279389726,0.0
W3,fluxv_v4b,0.9609375,0.18613627229479535,0.0224434266900456,0.7717688500302325,0.284666870649552,0.03980345735829288,1.0
W3,fluxv_v4b,0.96875,0.2199588235845949,0.024871279587804607,0.7716366096051416,0.1637392660392217,0.01758670619297708,1.0
W3,fluxv_v4b,0.9765625,0.2595631555429095,0.027208738437156692,0.7715068486375796,0.05899602668134905,0.0012184933985821388,1.0
W3,fluxv_v4b,0.984375,0.3238856151376649,0.03233349740099532,0.7713796993068048,0.05348011229884067,0.003756425612637269,1.0
W3,fluxv_v4b,0.9921875,0.37946185709101,0.034283325097492254,0.7712552937304904,0.0010514373774471425,-0.000441905738011358,1.0
W3,fluxv_v4b_filtered,0.0,0.4419162040511895,0.024363736961101935,,,,
W3,fluxv_v4b_filtered,0.0078125,0.5038732587978487,0.022394496727888208,,,,
W3,fluxv_v4b_filtered,0.015625,0.5680137697202086,0.019458772590364798,,,,
W3,fluxv_v4b_filtered,0.0234375,0.6342115418276932,0.01559396638557721,,,,
W3,fluxv_v4b_filtered,0.03125,0.7023086064615017,0.010841445800673418,,,,
W3,fluxv_v4b_filtered,0.0390625,0.7721155815997695,0.005245567133648604,,,,
W3,fluxv_v4b_filtered,0.046875,0.8434126304498368,-0.0011472155472425603,,,,
W3,fluxv_v4b_filtered,0.0546875,0.9159510055865401,-0.008289135038470053,,,,
W3,fluxv_v4b_filtered,0.0625,0.9894551539553598,-0.016131773373220776,,,,
W3,fluxv_v4b_filtered,0.0703125,1.0636253466227612,-0.024626589964103187,,,,
W3,fluxv_v4b_filtered,0.078125,1.1381407864637147,-0.033725307880465405,,,,
W3,fluxv_v4b_filtered,0.0859375,1.2126631372529195,-0.04338015508607267,,,,
W3,fluxv_v4b_filtered,0.09375,1.2868404090757168,-0.053543961946412,,,,
W3,fluxv_v4b_filtered,0.1015625,1.3603111277760687,-0.06417012071008293,,,,
W3,fluxv_v4b_filtered,0.109375,1.4327087104624896,-0.07521241686808318,,,,
W3,fluxv_v4b_filtered,0.1171875,1.5036659650165676,-0.08662474619570565,,,,
W3,fluxv_v4b_filtered,0.125,1.5728196291763212,-0.0983607347889151,,,,
W3,fluxv_v4b_filtered,0.1328125,1.6398148641453476,-0.11037328243456086,,,,
W3,fluxv_v4b_filtered,0.140625,1.7043096188186044,-0.12261405212710716,,,,
W3,fluxv_v4b_filtered,0.1484375,1.7659787835891785,-0.13503293040229575,,,,
W3,fluxv_v4b_filtered,0.15625,1.8245180572432997,-0.14757748435336773,,,,
W3,fluxv_v4b_filtered,0.1640625,1.8796474565633714,-0.16019244169680547,,,,
W3,fluxv_v4b_filtered,0.171875,1.931114405807943,-0.17281922004695294,,,,
W3,fluxv_v4b_filtered,0.1796875,1.9786963520600012,-0.18539553064395473,,,,
W3,fluxv_v4b_filtered,0.1875,2.0222028623405186,-0.19785508017549608,,,,
W3,fluxv_v4b_filtered,0.1953125,2.0614771691600007,-0.21012739207439435,,,,
W3,fluxv_v4b_filtered,0.203125,2.0963971425958294,-0.2221377658112838,,,,
W3,fluxv_v4b_filtered,0.2109375,2.126875678793369,-0.23380738929899159,,,,
W3,fluxv_v4b_filtered,0.21875,2.152860506742125,-0.2450536156602783,,,,
W3,fluxv_v4b_filtered,0.2265625,2.1743334270202603,-0.25579041137227926,,,,
W3,fluxv_v4b_filtered,0.234375,2.1913090076801214,-0.2659289782874129,,,,
W3,fluxv_v4b_filtered,0.2421875,2.203832773321052,-0.275378547347065,,,,
W3,fluxv_v4b_filtered,0.25,2.211978933434489,-0.28404733706111873,,,,
W3,fluxv_v4b_filtered,0.2578125,2.2158477050991596,-0.29184366513583604,,,,
W3,fluxv_v4b_filtered,0.265625,2.2155622928636127,-0.2986771971069295,,,,
W3,fluxv_v4b_filtered,0.2734375,2.2112655950185225,-0.30446031158339915,,,,
W3,fluxv_v4b_filtered,0.28125,2.2031167103020595,-0.3091095578351152,,,,
W3,fluxv_v4b_filtered,0.2890625,2.19128732230118,-0.31254717805989374,,,,
W3,fluxv_v4b_filtered,0.296875,2.175958040348238,-0.31470266383079826,,,,
W3,fluxv_v4b_filtered,0.3046875,2.1573147755406277,-0.31551431402666424,,,,
W3,fluxv_v4b_filtered,0.3125,2.1355452286431498,-0.3149307600498543,,,,
W3,fluxv_v4b_filtered,0.3203125,2.110835563116802,-0.31291242338144776,,,,
W3,fluxv_v4b_filtered,0.328125,2.083367331437848,-0.30943287054569635,,,,
W3,fluxv_v4b_filtered,0.3359375,2.053314716344957,-0.3044800313659359,,,,
W3,fluxv_v4b_filtered,0.34375,2.0208421408286545,-0.2980572479891177,,,,
W3,fluxv_v4b_filtered,0.3515625,1.9861022917327635,-0.29018412451419234,,,,
W3,fluxv_v4b_filtered,0.359375,1.9492345919723342,-0.28089715014211847,,,,
W3,fluxv_v4b_filtered,0.3671875,1.9103641458065184,-0.2702500725173005,,,,
W3,fluxv_v4b_filtered,0.375,1.8696011705725377,-0.25831400228148726,,,,
W3,fluxv_v4b_filtered,0.3828125,1.8270409170322797,-0.24517723472745245,,,,
W3,fluxv_v4b_filtered,0.390625,1.7827640692544278,-0.2309447797247926,,,,
W3,fluxv_v4b_filtered,0.3984375,1.7368376039994482,-0.21573759668748643,,,,
W3,fluxv_v4b_filtered,0.40625,1.6893160791326443,-0.19969153714804777,,,,
W3,fluxv_v4b_filtered,0.4140625,1.6402433108905625,-0.18295600337629764,,,,
W3,fluxv_v4b_filtered,0.421875,1.5896543910801237,-0.16569233730908806,,,,
W3,fluxv_v4b_filtered,0.4296875,1.537577987688468,-0.14807195971752835,,,,
W3,fluxv_v4b_filtered,0.4375,1.4840388660896293,-0.13027428490944015,,,,
W3,fluxv_v4b_filtered,0.4453125,1.4290605631876625,-0.11248444123086973,,,,
W3,fluxv_v4b_filtered,0.453125,1.3726681435386539,-0.09489083208286311,,,,
W3,fluxv_v4b_filtered,0.4609375,1.3148909648157263,-0.07768257600947973,,,,
W3,fluxv_v4b_filtered,0.46875,1.2557653799556445,-0.06104686755323477,,,,
W3,fluxv_v4b_filtered,0.4765625,1.1953373049503218,-0.04516630294170828,,,,
W3,fluxv_v4b_filtered,0.484375,1.133664584482558,-0.030216216206318786,,,,
W3,fluxv_v4b_filtered,0.4921875,1.070819092378274,-0.016362072000389992,,,,
W3,fluxv_v4b_filtered,0.5,1.0068885100491614,-0.003756961155553979,,,,
W3,fluxv_v4b_filtered,0.5078125,0.9419777335903772,0.007460756111533989,,,,
W3,fluxv_v4b_filtered,0.515625,0.8762098688097366,0.017169616442474306,,,,
W3,fluxv_v4b_filtered,0.5234375,0.8097267830050727,0.02526698899610612,,,,
W3,fluxv_v4b_filtered,0.53125,0.7426891925620586,0.03167074415758575,,,,
W3,fluxv_v4b_filtered,0.5390625,0.6752762761869339,0.03632062333728924,,,,
W3,fluxv_v4b_filtered,0.546875,0.6076848145777436,0.039179282959160455,,,,
W3,fluxv_v4b_filtered,0.5546875,0.540127868328842,0.04023299135667617,,,,
W3,fluxv_v4b_filtered,0.5625,0.47283301661143257,0.03949196336401031,,,,
W3,fluxv_v4b_filtered,0.5703125,0.40604018943795017,0.036990323792813695,,,,
W3,fluxv_v4b_filtered,0.578125,0.3399991358708401,0.03278569759654962,,,,
W3,fluxv_v4b_filtered,0.5859375,0.2749665791630152,0.02695843121513574,,,,
W3,fluxv_v4b_filtered,0.59375,0.21120311732448127,0.019610456231286037,,,,
W3,fluxv_v4b_filtered,0.6015625,0.1489699338283601,0.010863812925673538,,,,
W3,fluxv_v4b_filtered,0.609375,0.0885253879590594,0.0008588574634738194,,,,
W3,fluxv_v4b_filtered,0.6171875,0.030121557556246792,-0.01024781784131943,,,,
W3,fluxv_v4b_filtered,0.625,-0.025999191455072013,-0.022285716567991276,,,,
W3,fluxv_v4b_filtered,0.6328125,-0.07960753437588985,-0.03507298339867308,,,,
W3,fluxv_v4b_filtered,0.640625,-0.13049034318960806,-0.048419119568536007,,,,
W3,fluxv_v4b_filtered,0.6484375,-0.17845359876898748,-0.062127822651157766,,,,
W3,fluxv_v4b_filtered,0.65625,-0.2233249952981815,-0.07599990266203269,,,,
W3,fluxv_v4b_filtered,0.6640625,-0.26495617868792787,-0.0898362252588238,,,,
W3,fluxv_v4b_filtered,0.671875,-0.30322456839506073,-0.10344063254162228,,,,
W3,fluxv_v4b_filtered,0.6796875,-0.33803472084597863,-0.11662279261321354,,,,
W3,fluxv_v4b_filtered,0.6875,-0.36931920241773186,-0.12920093063236143,,,,
W3,fluxv_v4b_filtered,0.6953125,-0.3970389504385319,-0.14100439654814323,,,,
W3,fluxv_v4b_filtered,0.703125,-0.4211831117033564,-0.15187602798841032,,,,
W3,fluxv_v4b_filtered,0.7109375,-0.4417683593194346,-0.16167427082190322,,,,
W3,fluxv_v4b_filtered,0.71875,-0.45883770005353264,-0.17027502463765845,,,,
W3,fluxv_v4b_filtered,0.7265625,-0.4724587954993925,-0.17757318568997313,,,,
W3,fluxv_v4b_filtered,0.734375,-0.48272183107473854,-0.18348386563387795,,,,
W3,fluxv_v4b_filtered,0.7421875,-0.48973697685752937,-0.18794327050732396,,,,
W3,fluxv_v4b_filtered,0.75,-0.4936314933597541,-0.19090923077803365,,,,
W3,fluxv_v4b_filtered,0.7578125,-0.4945465433122995,-0.1923613797371906,,,,
W3,fluxv_v4b_filtered,0.765625,-0.49263377721847224,-0.19230098395951403,,,,
W3,fluxv_v4b_filtered,0.7734375,-0.4880517656762028,-0.19075043583188864,,,,
W3,fluxv_v4b_filtered,0.78125,-0.48096235515053387,-0.18775242415674848,,,,
W3,fluxv_v4b_filtered,0.7890625,-0.4715270259127974,-0.1833688044446486,,,,
W3,fluxv_v4b_filtered,0.796875,-0.45990333120073257,-0.1776791956147241,,,,
W3,fluxv_v4b_filtered,0.8046875,-0.4462414952809237,-0.17077933432514636,,,,
W3,fluxv_v4b_filtered,0.8125,-0.4306812450348563,-0.1627792219745397,,,,
W3,fluxv_v4b_filtered,0.8203125,-0.4133489450024277,-0.15380110248086723,,,,
W3,fluxv_v4b_filtered,0.828125,-0.39435509959731696,-0.1439773112039924,,,,
W3,fluxv_v4b_filtered,0.8359375,-0.3737922785858059,-0.13344803679673167,,,,
W3,fluxv_v4b_filtered,0.84375,-0.3517335130537669,-0.1223590383293608,,,,
W3,fluxv_v4b_filtered,0.8515625,-0.3282311991621065,-0.11085935973500279,,,,
W3,fluxv_v4b_filtered,0.859375,-0.3033165362187973,-0.09909908248687664,,,,
W3,fluxv_v4b_filtered,0.8671875,-0.27699951420424684,-0.08722715547927896,,,,
W3,fluxv_v4b_filtered,0.875,-0.24926945411870127,-0.07538933839521082,,,,
W3,fluxv_v4b_filtered,0.8828125,-0.22009609262665164,-0.06372629147291808,,,,
W3,fluxv_v4b_filtered,0.890625,-0.18943119070833847,-0.05237184061316867,,,,
W3,fluxv_v4b_filtered,0.8984375,-0.15721063464455354,-0.04145144229266458,,,,
W3,fluxv_v4b_filtered,0.90625,-0.12335698690267682,-0.031080867870156292,,,,
W3,fluxv_v4b_filtered,0.9140625,-0.08778243459092017,-0.021365121701677592,,,,
W3,fluxv_v4b_filtered,0.921875,-0.050392074317920144,-0.012397602135941238,,,,
W3,fluxv_v4b_filtered,0.9296875,-0.011087464727404739,-0.004259509058907859,,,,
W3,fluxv_v4b_filtered,0.9375,0.03022962816266983,0.0029805036836931947,,,,
W3,fluxv_v4b_filtered,0.9453125,0.0736533722659547,0.009266437819802832,,,,
W3,fluxv_v4b_filtered,0.953125,0.11926997974395903,0.014554833848952758,,,,
W3,fluxv_v4b_filtered,0.9609375,0.16715386988542513,0.018814444096770015,,,,
W3,fluxv_v4b_filtered,0.96875,0.21736396753084897,0.022025715817567043,,,,
W3,fluxv_v4b_filtered,0.9765625,0.26994021770389615,0.024180107970356156,,,,
W3,fluxv_v4b_filtered,0.984375,0.32490039308714513,0.02527926809400513,,,,
W3,fluxv_v4b_filtered,0.9921875,0.38223726533328917,0.02533409782117451,,,,
W3,fluxv_v4b_lcrit019,0.0,0.50945954238711,0.03246899341257341,0.7718305699191357,0.27555767389834385,-0.013666958043684022,0.0
W3,fluxv_v4b_lcrit019,0.0078125,0.582073036732494,0.030878555778929527,0.7717061804893688,0.2823947306912414,-0.017902088195710035,0.0
W3,fluxv_v4b_lcrit019,0.015625,0.6582332470973663,0.027536707466947405,0.77158507234181,0.2950283482213332,-0.021808236721427822,0.0
W3,fluxv_v4b_lcrit019,0.0234375,0.7359950883218708,0.02213834720656841,0.7714673778731627,0.30945621224076736,-0.025951742441943877,0.0
W3,fluxv_v4b_lcrit019,0.03125,0.8159146845135512,0.014689569575395153,0.7713532273992932,0.3275281479926402,-0.03025454345652147,0.0
W3,fluxv_v4b_lcrit019,0.0390625,0.8876217583351361,0.004324855748672819,0.7712427487600743,0.30474581625841174,-0.0383456381494134,0.0
W3,fluxv_v4b_lcrit019,0.046875,0.9376405142547709,-0.007794611498004522,0.7711360669292662,0.1832121256975006,-0.04506626478241575,1.0
W3,fluxv_v4b_lcrit019,0.0546875,1.016738216952736,-0.019283093613423678,0.7710333036305712,0.18579442474500174,-0.040000272794090935,1.0
W3,fluxv_v4b_lcrit019,0.0625,1.0974325420474629,-0.032690821014112484,0.7709345769609999,0.1934443442243959,-0.0343851063931439,1.0
W3,fluxv_v4b_lcrit019,0.0703125,1.1671955150662643,-0.04851554403639559,0.7708400010226828,0.15265850882172133,-0.030574967429552787,1.0
W3,fluxv_v4b_lcrit019,0.078125,1.2489439858595004,-0.06563397710722738,0.7707496855642553,0.1647028377473656,-0.023947142452173355,1.0
W3,fluxv_v4b_lcrit019,0.0859375,1.32885487204161,-0.0842789228720818,0.7706637356329318,0.17117406725347162,-0.017385184118648627,1.0
W3,fluxv_v4b_lcrit019,0.09375,1.4038754056442926,-0.09980555670543394,0.7705822512383632,0.16832994657232156,-0.010711821033688701,1.0
W3,fluxv_v4b_lcrit019,0.1015625,1.4888132913801078,-0.11099380287497271,0.7705053270293557,0.22382164861496756,-0.00352364719940769,1.0
W3,fluxv_v4b_lcrit019,0.109375,1.5577923608665913,-0.118716869397467,0.7704330519844922,0.22465047454796613,0.0033165553268959735,1.0
W3,fluxv_v4b_lcrit019,0.1171875,1.6410015596811307,-0.12408422377963485,0.770365509117672,0.30152706922956973,0.009256877858567727,1.0
W3,fluxv_v4b_lcrit019,0.125,1.703298381019777,-0.1279303135663876,0.770302775199539,0.30018845003629924,0.015948489877415102,1.0
W3,fluxv_v4b_lcrit019,0.1328125,1.7759061409477084,-0.13211083789269118,0.7702449204957301,0.3551974660904631,0.02117491476325417,1.0
W3,fluxv_v4b_lcrit019,0.140625,1.8460223765339432,-0.1377882449865276,0.7701920085228223,0.4094278550796676,0.02582548740634494,1.0
W3,fluxv_v4b_lcrit019,0.1484375,1.922418404711966,-0.1466075959722518,0.7701440958228064,0.49989505752452523,0.028253448798893094,1.0
W3,fluxv_v4b_lcrit019,0.15625,1.9630968136684026,-0.15758770275391754,0.7701012317568557,0.4431676033191516,0.037290041466650006,1.0
W3,fluxv_v4b_lcrit019,0.1640625,2.0131842022157227,-0.17344010599521253,0.770063458319094,0.43539697181851345,0.044299346871351314,1.0
W3,fluxv_v4b_lcrit019,0.171875,2.0923339491643045,-0.1934812104730429,0.7700308099710039,0.5667536525156034,0.04262831431870923,1.0
W3,fluxv_v4b_lcrit019,0.1796875,2.1940881179466967,-0.21523522494391106,0.7700033134970441,0.8143030807680535,0.03163125487417747,1.0
W3,fluxv_v4b_lcrit019,0.1875,2.203080463770819,-0.23043707942207498,0.7699809878819694,0.6773513699805451,0.046455983770390924,1.0
W3,fluxv_v4b_lcrit019,0.1953125,2.2568435348190414,-0.2483837433141431,0.769963844210275,0.7546097994330253,0.04592246709742103,1.0
W3,fluxv_v4b_lcrit019,0.203125,2.3175449894640368,-0.2664641262882758,0.7699518855881025,0.8821533786834327,0.04066458994461286,1.0
W3,fluxv_v4b_lcrit019,0.2109375,2.3341603771737347,-0.28034663271915145,0.769945107087869,0.8385851505096115,0.04883935432253163,1.0
W3,fluxv_v4b_lcrit019,0.21875,2.420243234947967,-0.2993608787334143,0.769943495715794,1.117714954285457,0.029276699414823554,1.0
W3,fluxv_v4b_lcrit019,0.2265625,2.34597027657309,-0.3035926828566521,0.7699470304024175,0.7205684219430382,0.06798671075130354,1.0
W3,fluxv_v4b_lcrit019,0.234375,2.419726944700649,-0.31978487653778065,0.76995568201612,0.987457519925392,0.048240223379478156,1.0
W3,fluxv_v4b_lcrit019,0.2421875,2.348999891434116,-0.32194096416802026,0.7699694133995656,0.6464791271652275,0.08263221704218271,1.0
W3,fluxv_v4b_lcrit019,0.25,2.263563604797466,-0.32152732132325396,0.7699881794289138,0.26116292904807514,0.1209891646951991,1.0
W3,fluxv_v4b_lcrit019,0.2578125,2.3879344837574075,-0.33891798745141727,0.7700119270955532,0.8069709683909898,0.0744702428841016,1.0
W3,fluxv_v4b_lcrit019,0.265625,2.360523484771593,-0.3412793666582085,0.7700405956100379,0.7109681801053296,0.08564631678795798,1.0
W3,fluxv_v4b_lcrit019,0.2734375,2.2455861841168465,-0.33464581852025765,0.7700741165278222,0.25139611323411376,0.12819060457591278,1.0
W3,fluxv_v4b_lcrit019,0.28125,2.4131105186032853,-0.35141652643548116,0.7701124138963147,1.03643049510195,0.061153160431032916,1.0
W3,fluxv_v4b_lcrit019,0.2890625,2.206600781290639,-0.3346345654889212,0.7701554044226966,0.20935433461478742,0.13231912018804703,1.0
W3,fluxv_v4b_lcrit019,0.296875,2.32370731219296,-0.34369054430083634,0.7702029976618807,0.8039957407302853,0.08342492204933709,1.0
W3,fluxv_v4b_lcrit019,0.3046875,2.1933014730322498,-0.3313349322422687,0.7702550962239186,0.33418767389755405,0.12021702619670857,1.0
W3,fluxv_v4b_lcrit019,0.3125,2.017696378428387,-0.3151566548296197,0.770311596000099,-0.32113738999199,0.16639715705404923,1.0
W3,fluxv_v4b_lcrit019,0.3203125,2.139637725117653,-0.31941794138048524,0.7703723864069231,0.3293847308200997,0.11658537140836213,1.0
W3,fluxv_v4b_lcrit019,0.328125,2.0973143455742207,-0.3105354532763625,0.770437350647087,0.2741269530872571,0.11731144234232213,1.0
W3,fluxv_v4b_lcrit019,0.3359375,2.1465081250284417,-0.30584122258251795,0.7705063659865518,0.6261320985390534,0.0934539216506504,1.0
W3,fluxv_v4b_lcrit019,0.34375,2.051937797681512,-0.2939527117107824,0.7705793040467365,0.35524996389084385,0.10564296443758195,1.0
W3,fluxv_v4b_lcrit019,0.3515625,1.7434346781377865,-0.276447320272019,0.7706560311108291,-0.8493827664463444,0.156314590370468,1.0
W3,fluxv_v4b_lcrit019,0.359375,2.2440613534486507,-0.2961930086006084,0.7707364084431786,1.4744712973950844,0.05501358203242098,1.0
W3,fluxv_v4b_lcrit019,0.3671875,1.7435658854699372,-0.27864088743199694,0.7708202926206975,-0.5666032813876694,0.12198094869198028,1.0
W3,fluxv_v4b_lcrit019,0.375,1.8756735305187608,-0.2828818795726303,0.7709075358751856,0.15598444307167864,0.09368783187106412,1.0
W3,fluxv_v4b_lcrit019,0.3828125,1.8566867337222797,-0.2808424298682446,0.7709979864454624,0.22575251906194863,0.08645179937565675,1.0
W3,fluxv_v4b_lcrit019,0.390625,2.0386953840526267,-0.2770189611773449,0.7710914889381864,1.1827567466731344,0.0746413145325485,1.0
W3,fluxv_v4b_lcrit019,0.3984375,1.5283319229893337,-0.26681185853008094,0.771187884696227,-0.8736512297588434,0.0729894884428472,0.0
W3,fluxv_v4b_lcrit019,0.40625,1.8309335403075537,-0.2509981767838429,0.7712870121734582,0.6366836723887855,0.0738323864956396,1.0
W3,fluxv_v4b_lcrit019,0.4140625,1.7409533454966803,-0.23059303744789075,0.7713887073148362,0.4468312051915468,0.06987682331168091,0.0
W3,fluxv_v4b_lcrit019,0.421875,1.6257471445858531,-0.20760238047309473,0.7714928039406383,0.16052599773714388,0.05745791334134181,0.0
W3,fluxv_v4b_lcrit019,0.4296875,1.6166931660260364,-0.18116839005465682,0.7715991341337459,0.34470857702841146,0.06075964838710987,0.0
W3,fluxv_v4b_lcrit019,0.4375,1.4794693174933324,-0.16041316448965554,0.7717075286288716,-0.02689240108900986,0.04206286982709253,0.0
W3,fluxv_v4b_lcrit019,0.4453125,1.6103011101127465,-0.12623749359182806,0.7718178172026489,0.7814709988100741,0.08573443153567778,0.0
W3,fluxv_v4b_lcrit019,0.453125,1.402810998268433,-0.1128018454789636,0.7719298290635269,0.11288995855212473,0.042754182462985284,0.0
W3,fluxv_v4b_lcrit019,0.4609375,1.4903583781461711,-0.07942820534952373,0.7720433932404371,0.7436636311194825,0.09207895072538816,0.0
W3,fluxv_v4b_lcrit019,0.46875,1.1665394118818784,-0.08251207703909036,0.772158338969228,-0.4246365319100587,-0.013065708560878856,0.0
W3,fluxv_v4b_lcrit019,0.4765625,1.344316196091916,-0.039494856749943574,0.7722744960758988,0.6142802110569221,0.09019299929427702,0.0
W3,fluxv_v4b_lcrit019,0.484375,1.178271852731993,-0.03359098597724772,0.7723916953556931,0.14939008038174997,0.03710696052341733,0.0
W3,fluxv_v4b_lcrit019,0.4921875,1.1492255302556953,-0.012901523085098659,0.772509768947151,0.2918170491979412,0.056064889690644326,0.0
W3,fluxv_v4b_lcrit019,0.5,1.0215101611272246,-0.007203735090018795,0.77262855070026,0.005827924867265158,0.0166647168188616,0.0
W3,fluxv_v4b_lcrit019,0.5078125,1.1257054197542025,0.030361713433141087,0.7727478765378776,0.7451645313326496,0.12541340722886135,0.0
W3,fluxv_v4b_lcrit019,0.515625,0.7987766317641263,0.0001560922410868519,0.7728675848096431,-0.40804938630882204,-0.05579155420651705,0.0
W3,fluxv_v4b_lcrit019,0.5234375,0.9661367168947124,0.04859020918792406,0.7729875166376392,0.6192564638823048,0.11782229827051562,0.0
W3,fluxv_v4b_lcrit019,0.53125,0.7906319764827905,0.036204414752461424,0.7731075162531,0.14039715681385334,0.032388594762161556,0.0
W3,fluxv_v4b_lcrit019,0.5390625,0.8157745332899033,0.05931432800809085,0.7732274313235079,0.5491402498285893,0.11237265629764669,0.0
W3,fluxv_v4b_lcrit019,0.546875,0.5848818881923212,0.02964371653246878,0.773347113269464,-0.16865023109740598,-0.031361232645030046,0.0
W3,fluxv_v4b_lcrit019,0.5546875,0.6537584675188036,0.05998902254450163,0.773466417570754,0.4380452217418513,0.09875884295097759,0.0
W3,fluxv_v4b_lcrit019,0.5625,0.5483627312838997,0.051001252008529036,0.773585204061078,0.2768429357540175,0.06429345839662508,0.0
W3,fluxv_v4b_lcrit019,0.5703125,0.46037785797114417,0.04387316020428707,0.7737033372109479,0.19272700553934105,0.046849434253053636,0.0
W3,fluxv_v4b_lcrit019,0.578125,0.5442611889456361,0.07724360601033835,0.7738206863982985,0.867804184976771,0.21703479942358003,0.0
W3,fluxv_v4b_lcrit019,0.5859375,0.301409736762963,0.02615176629610739,0.7739371261663947,0.09668689201454905,0.022028617503162474,0.0
W3,fluxv_v4b_lcrit019,0.59375,0.28966485731837377,0.03286445930704743,0.7740525364686551,0.345032451721035,0.09048368656469125,0.0
W3,fluxv_v4b_lcrit019,0.6015625,0.3204616584273351,0.05062194570172387,0.774166278091315,0.7783664928044738,0.21522752593541625,0.0
W3,fluxv_v4b_lcrit019,0.609375,0.2074153195932968,0.026269185653764786,0.7742774108339623,0.5701373412690296,0.16024402662765136,0.0
W3,fluxv_v4b_lcrit019,0.6171875,0.16112303034941922,0.019481531852875,0.7743850413899963,0.651726896792314,0.1890776291555392,0.0
W3,fluxv_v4b_lcrit019,0.625,0.05671378006161307,-0.0066894363446530734,0.7744883250318888,0.4686915832785661,0.13723071226803366,0.0
W3,fluxv_v4b_lcrit019,0.6328125,0.05449036425224847,-0.002529488936086198,0.7745864671969916,0.7306960362477937,0.22429618176497318,0.0
W3,fluxv_v4b_lcrit019,0.640625,-0.028465316620718994,-0.025395748556780548,0.7746787249683615,0.6253650040375318,0.19498021996362275,0.0
W3,fluxv_v4b_lcrit019,0.6484375,-0.08852288983515036,-0.04233249528595896,0.7747644084453583,0.6112491970108012,0.1944932685571007,0.0
W3,fluxv_v4b_lcrit019,0.65625,-0.14647886271674565,-0.05979226683300319,0.7748428819990865,0.5950180430417568,0.1932020014552666,0.0
W3,fluxv_v4b_lcrit019,0.6640625,-0.13233801204318882,-0.053296003583465534,0.7749135654080859,0.8866175828705055,0.29882303263269416,0.0
W3,fluxv_v4b_lcrit019,0.671875,-0.18223610157198156,-0.06989445680746036,0.7749759348700425,0.8803597844210238,0.30130351473445294,0.0
W3,fluxv_v4b_lcrit019,0.6796875,-0.2005729607091936,-0.07595400466401514,0.7750295238856784,1.0000551943625238,0.34901351163348904,0.0
W3,fluxv_v4b_lcrit019,0.6875,-0.20834809917539213,-0.07867614531275818,0.775073924011385,1.1516168892289718,0.4089369791795727,0.0
W3,fluxv_v4b_lcrit019,0.6953125,-0.34801125756924123,-0.1305985157536224,0.7751087854775924,0.7009283115055013,0.24647375930825666,0.0
W3,fluxv_v4b_lcrit019,0.703125,-0.2893478066255386,-0.10936913443087876,0.7751338176703125,1.1156743077137783,0.4047228372742922,0.0
W3,fluxv_v4b_lcrit019,0.7109375,-0.3718757734557624,-0.14133861288756855,0.7751487894737511,0.8856542826979839,0.32098568235047903,0.0
W3,fluxv_v4b_lcrit019,0.71875,-0.39244929287311736,-0.15018463994580433,0.7751535294723545,0.9139200138467289,0.3339031581945275,0.0
W3,fluxv_v4b_lcrit019,0.7265625,-0.427574769936691,-0.164632333388308,0.775147926011136,0.8600242024882178,0.315067664954314,0.0
W3,fluxv_v4b_lcrit019,0.734375,-0.43154107132787506,-0.1671244417593926,0.775131927113614,0.9271839146677479,0.3420161638681035,0.0
W3,fluxv_v4b_lcrit019,0.7421875,-0.5256221966374399,-0.20427681059030675,0.7751055402571833,0.5761686547503303,0.2070336993125698,0.0
W3,fluxv_v4b_lcrit019,0.75,-0.5177515707154254,-0.20177604007214633,0.775068832006232,0.6612418901417724,0.2402847219709041,0.0
W3,fluxv_v4b_lcrit019,0.7578125,-0.5264585667842014,-0.20545246568224504,0.7750219275038039,0.6556231221779286,0.23780861835013242,0.0
W3,fluxv_v4b_lcrit019,0.765625,-0.5576605957432696,-0.21747371325313314,0.7749650098230938,0.5334702475760232,0.1899605574358272,0.0
W3,fluxv_v4b_lcrit019,0.7734375,-0.5975291032425769,-0.23234131410715053,0.7748983191805338,0.35680381648826043,0.1212958398223472,0.0
W3,fluxv_v4b_lcrit019,0.78125,-0.5885591275710618,-0.22797348117328273,0.7748221520127019,0.38162415148774786,0.1301081704387304,0.0
W3,fluxv_v4b_lcrit019,0.7890625,-0.574096135414546,-0.22118816695549365,0.7747368599197323,0.4159068517859855,0.141965258853984,0.0
W3,fluxv_v4b_lcrit019,0.796875,-0.5791276252968783,-0.22141665684830109,0.7746428484783476,0.3493926484159633,0.11540927900378223,0.0
W3,fluxv_v4b_lcrit019,0.8046875,-0.542182770753945,-0.20561667371367826,0.7745405759280517,0.455507882970526,0.15316709646015392,0.0
W3,fluxv_v4b_lcrit019,0.8125,-0.5721063907366898,-0.21431247391127717,0.7744305517344268,0.25211090888455145,0.07603118756830925,0.0
W3,fluxv_v4b_lcrit019,0.8203125,-0.5568767624609604,-0.2059469912558396,0.7743133350338512,0.23664503570177167,0.06889828975421758,0.0
W3,fluxv_v4b_lcrit019,0.828125,-0.5318609677214772,-0.19393768457541308,0.7741895329643156,0.25276844869472975,0.07286152688272479,0.0
W3,fluxv_v4b_lcrit019,0.8359375,-0.5031082099873996,-0.18060596859565736,0.77405979888734,0.2741679270138007,0.07826944210626918,0.0
W3,fluxv_v4b_lcrit019,0.84375,-0.4587870099590944,-0.1620613792905817,0.7739248305063027,0.35361857629913984,0.10298215176244216,0.0
W3,fluxv_v4b_lcrit019,0.8515625,-0.4287731603377607,-0.14875875898323174,0.7737853678867632,0.35933225827724696,0.10140725564746075,0.0
W3,fluxv_v4b_lcrit019,0.859375,-0.37381438826010444,-0.12753958845214522,0.7736421913846119,0.4651627537510753,0.13237983136670922,0.0
W3,fluxv_v4b_lcrit019,0.8671875,-0.33016771177776816,-0.11076082482473318,0.7734961194880928,0.511080592286291,0.14192901079261966,0.0
W3,fluxv_v4b_lcrit019,0.875,-0.28231703577441236,-0.09336385527068708,0.7733480065799385,0.5658270525074018,0.15305189367852742,0.0
W3,fluxv_v4b_lcrit019,0.8828125,-0.24267642532744502,-0.07929604789453176,0.7731987406260096,0.5747674740780679,0.1489696495709283,0.0
W3,fluxv_v4b_lcrit019,0.890625,-0.20892723508606303,-0.0677014845390522,0.7730492407969607,0.5482749977622715,0.13410073711587195,0.0
W3,fluxv_v4b_lcrit019,0.8984375,-0.17525346627449934,-0.05685393989225617,0.7729004550295546,0.5120494109558124,0.1166724265455217,0.0
W3,fluxv_v4b_lcrit019,0.90625,-0.13280863829354891,-0.04436218116818015,0.7727530188572314,0.505021197245943,0.10780553749407615,0.0
W3,fluxv_v4b_lcrit019,0.9140625,-0.08806226852224529,-0.03227705903310245,0.772607048108174,0.4986395364889426,0.0990475229891935,0.0
W3,fluxv_v4b_lcrit019,0.921875,-0.037863527304230024,-0.019959997931101862,0.7724626618645584,0.5066947877794229,0.09377908289540737,0.0
W3,fluxv_v4b_lcrit019,0.9296875,0.012109870899505562,-0.009000606166153224,0.7723199821197878,0.5041662065113908,0.08557865419267957,0.0
W3,fluxv_v4b_lcrit019,0.9375,0.06122218816140868,0.0004298567054102642,0.7721791334274944,0.48823863773702497,0.07425952398240707,0.0
W3,fluxv_v4b_lcrit019,0.9453125,0.11895436083716135,0.010333595828320618,0.772040242543034,0.5005059399317133,0.069162507792428,0.0
W3,fluxv_v4b_lcrit019,0.953125,0.17595741056413355,0.01837407686020588,0.771903438058239,0.4999436664692476,0.0605760418691047,0.0
W3,fluxv_v4b_lcrit019,0.9609375,0.2250360488724381,0.02320041027922217,0.7717688500302325,0.455107130810339,0.04312019825574201,0.0
W3,fluxv_v4b_lcrit019,0.96875,0.2582578208289009,0.0236982122339382,0.7716366096051416,0.3314500237840774,0.012449861132838143,0.0
W3,fluxv_v4b_lcrit019,0.9765625,0.3195684623690488,0.028052634093417773,0.7715068486375796,0.3216091792784829,0.00491180171539269,0.0
W3,fluxv_v4b_lcrit019,0.984375,0.3846759523305561,0.03116616991333985,0.7713796993068048,0.31938098378125074,-0.0013495404110099932,0.0
W3,fluxv_v4b_lcrit019,0.9921875,0.4496664044480235,0.032360172354333375,0.7712552937304904,0.3079636649955051,-0.00884932540914899,0.0
W3,fluxv_v4b_lcrit019_filtered,0.0,0.518270902997769,0.02957162529498885,,,,
W3,fluxv_v4b_lcrit019_filtered,0.0078125,0.5879779150222052,0.026937850437151304,,,,
W3,fluxv_v4b_lcrit019_filtered,0.015625,0.6594820629065579,0.022913419319756562,,,,
W3,fluxv_v4b_lcrit019_filtered,0.0234375,0.732645945582913,0.017558843256278458,,,,
W3,fluxv_v4b_lcrit019_filtered,0.03125,0.8073062427707509,0.01094636789590965,,,,
W3,fluxv_v4b_lcrit019_filtered,0.0390625,0.8832732087062902,0.0031582449839988314,,,,
W3,fluxv_v4b_lcrit019_filtered,0.046875,0.9603306921419323,-0.005715047773304685,,,,
W3,fluxv_v4b_lcrit019_filtered,0.0546875,1.0382366982997382,-0.015576598797396875,,,,
W3,fluxv_v4b_lcrit019_filtered,0.0625,1.1167244970444914,-0.026324828077367107,,,,
W3,fluxv_v4b_lcrit019_filtered,0.0703125,1.1955042699289105,-0.03785518953952334,,,,
W3,fluxv_v4b_lcrit019_filtered,0.078125,1.2742652772050826,-0.05006177687718075,,,,
W3,fluxv_v4b_lcrit019_filtered,0.0859375,1.3526785146410996,-0.06283880302021769,,,,
W3,fluxv_v4b_lcrit019_filtered,0.09375,1.4303998192732743,-0.07608192767380793,,,,
W3,fluxv_v4b_lcrit019_filtered,0.1015625,1.5070733732945172,-0.08968941210031084,,,,
W3,fluxv_v4b_lcrit019_filtered,0.109375,1.582335546344618,-0.10356308544077747,,,,
W3,fluxv_v4b_lcrit019_filtered,0.1171875,1.6558190087240052,-0.1176091122486537,,,,
W3,fluxv_v4b_lcrit019_filtered,0.125,1.7271570416696234,-0.13173855640911436,,,,
W3,fluxv_v4b_lcrit019_filtered,0.1328125,1.7959879659520264,-0.14586774211236458,,,,
W3,fluxv_v4b_lcrit019_filtered,0.140625,1.861959606786845,-0.15991841790870903,,,,
W3,fluxv_v4b_lcrit019_filtered,0.1484375,1.924733711477658,-0.1738177349718094,,,,
W3,fluxv_v4b_lcrit019_filtered,0.15625,1.9839902363611595,-0.18749805541582262,,,,
W3,fluxv_v4b_lcrit019_filtered,0.1640625,2.0394314215129135,-0.20089661074306406,,,,
W3,fluxv_v4b_lcrit019_filtered,0.171875,2.0907855752593356,-0.21395503414447098,,,,
W3,fluxv_v4b_lcrit019_filtered,0.1796875,2.1378104957592288,-0.2266187933525555,,,,
W3,fluxv_v4b_lcrit019_filtered,0.1875,2.1802964636614752,-0.23883655298879986,,,,
W3,fluxv_v4b_lcrit019_filtered,0.1953125,2.218068747977239,-0.25055949680503387,,,,
W3,fluxv_v4b_lcrit019_filtered,0.203125,2.250989576658183,-0.26174064086023274,,,,
W3,fluxv_v4b_lcrit019_filtered,0.2109375,2.2789595337535484,-0.27233416848853526,,,,
W3,fluxv_v4b_lcrit019_filtered,0.21875,2.3019183562131214,-0.2822948169086718,,,,
W3,fluxv_v4b_lcrit019_filtered,0.2265625,2.3198451151772264,-0.29157734352617304,,,,
W3,fluxv_v4b_lcrit019_filtered,0.234375,2.332757778703418,-0.30013609743306463,,,,
W3,fluxv_v4b_lcrit019_filtered,0.2421875,2.3407121650696476,-0.30792471837812513,,,,
W3,fluxv_v4b_lcrit019_filtered,0.25,2.3438003078105174,-0.31489598164319327,,,,
W3,fluxv_v4b_lcrit019_filtered,0.2578125,2.3421482652354415,-0.321001802910756,,,,
W3,fluxv_v4b_lcrit019_filtered,0.265625,2.3359134181025007,-0.3261934124506225,,,,
W3,fluxv_v4b_lcrit019_filtered,0.2734375,2.32528130915109,-0.33042170290417594,,,,
W3,fluxv_v4b_lcrit019_filtered,0.28125,2.3104620871202783,-0.3336377497259629,,,,
W3,fluxv_v4b_lcrit019_filtered,0.2890625,2.2916866255119777,-0.33579349808111114,,,,
W3,fluxv_v4b_lcrit019_filtered,0.296875,2.269202392539428,-0.3368426048216523,,,,
W3,fluxv_v4b_lcrit019_filtered,0.3046875,2.2432691533039804,-0.33674141920227285,,,,
W3,fluxv_v4b_lcrit019_filtered,0.3125,2.2141545881717835,-0.3354500813690554,,,,
W3,fluxv_v4b_lcrit019_filtered,0.3203125,2.1821299125174543,-0.33293371347901873,,,,
W3,fluxv_v4b_lcrit019_filtered,0.328125,2.1474655824413933,-0.32916367468961527,,,,
W3,fluxv_v4b_lcrit019_filtered,0.3359375,2.110427168765719,-0.324118848289504,,,,
W3,fluxv_v4b_lcrit019_filtered,0.34375,2.0712714776220515,-0.3177869270042269,,,,
W3,fluxv_v4b_lcrit019_filtered,0.3515625,2.0302429903498327,-0.3101656610660117,,,,
W3,fluxv_v4b_lcrit019_filtered,0.359375,1.9875706883472894,-0.30126403303118754,,,,
W3,fluxv_v4b_lcrit019_filtered,0.3671875,1.9434653201108474,-0.2911033235881966,,,,
W3,fluxv_v4b_lcrit019_filtered,0.375,1.898117158142728,-0.27971803373089776,,,,
W3,fluxv_v4b_lcrit019_filtered,0.3828125,1.8516942829049796,-0.26715663066297235,,,,
W3,fluxv_v4b_lcrit019_filtered,0.390625,1.8043414197750276,-0.2534820876172709,,,,
W3,fluxv_v4b_lcrit019_filtered,0.3984375,1.7561793432518744,-0.23877219136733852,,,,
W3,fluxv_v4b_lcrit019_filtered,0.40625,1.7073048507217474,-0.22311959550756044,,,,
W3,fluxv_v4b_lcrit019_filtered,0.4140625,1.657791296170361,-0.20663160249719753,,,,
W3,fluxv_v4b_lcrit019_filtered,0.421875,1.607689662577874,-0.18942966290104973,,,,
W3,fluxv_v4b_lcrit019_filtered,0.4296875,1.5570301405978233,-0.17164858610194766,,,,
W3,fluxv_v4b_lcrit019_filtered,0.4375,1.5058241707366393,-0.15343546288381704,,,,
W3,fluxv_v4b_lcrit019_filtered,0.4453125,1.4540668968332944,-0.1349483065571953,,,,
W3,fluxv_v4b_lcrit019_filtered,0.453125,1.401739970385201,-0.11635442558555298,,,,
W3,fluxv_v4b_lcrit019_filtered,0.4609375,1.3488146383474793,-0.09782854683252627,,,,
W3,fluxv_v4b_lcrit019_filtered,0.46875,1.2952550415897546,-0.07955071445035908,,,,
W3,fluxv_v4b_lcrit019_filtered,0.4765625,1.241021647337446,-0.06170399493582969,,,,
W3,fluxv_v4b_lcrit019_filtered,0.484375,1.1860747367284348,-0.044472023866181216,,,,
W3,fluxv_v4b_lcrit019_filtered,0.4921875,1.1303778681205474,-0.028036434178453213,,,,
W3,fluxv_v4b_lcrit019_filtered,0.5,1.073901237993389,-0.012574209467979207,,,,
W3,fluxv_v4b_lcrit019_filtered,0.5078125,1.016624864165951,0.0017449914326844694,,,,
W3,fluxv_v4b_lcrit019_filtered,0.515625,0.9585415205296057,0.014761490446044117,,,,
W3,fluxv_v4b_lcrit019_filtered,0.5234375,0.8996593584708007,0.0263281777292235,,,,
W3,fluxv_v4b_lcrit019_filtered,0.53125,0.8400041574933259,0.036312981606098846,,,,
W3,fluxv_v4b_lcrit019_filtered,0.5390625,0.7796211560818371,0.0446011729642051,,,,
W3,fluxv_v4b_lcrit019_filtered,0.546875,0.7185764233865048,0.05109745816489093,,,,
W3,fluxv_v4b_lcrit019_filtered,0.5546875,0.6569577426421789,0.05572781751172707,,,,
W3,fluxv_v4b_lcrit019_filtered,0.5625,0.5948749881367857,0.05844105022931509,,,,
W3,fluxv_v4b_lcrit019_filtered,0.5703125,0.5324599887736732,0.05920999165323461,,,,
W3,fluxv_v4b_lcrit019_filtered,0.578125,0.469865882585848,0.05803237383455953,,,,
W3,fluxv_v4b_lcrit019_filtered,0.5859375,0.4072659777100109,0.05493130691537465,,,,
W3,fluxv_v4b_lcrit019_filtered,0.59375,0.3448521460728473,0.04995536531689139,,,,
W3,fluxv_v4b_lcrit019_filtered,0.6015625,0.282832786148589,0.043178269869031366,,,,
W3,fluxv_v4b_lcrit019_filtered,0.609375,0.22143040039749495,0.03469816436038056,,,,
W3,fluxv_v4b_lcrit019_filtered,0.6171875,0.1608788411909169,0.02463649245452046,,,,
W3,fluxv_v4b_lcrit019_filtered,0.625,0.10142028599505837,0.013136488353847717,,,,
W3,fluxv_v4b_lcrit019_filtered,0.6328125,0.043302008174652684,0.00036130184580383806,,,,
W3,fluxv_v4b_lcrit019_filtered,0.640625,-0.013226986127488405,-0.01350821470748588,,,,
W3,fluxv_v4b_lcrit019_filtered,0.6484375,-0.06791938206292902,-0.02827602341730308,,,,
W3,fluxv_v4b_lcrit019_filtered,0.65625,-0.12053296724158924,-0.04373368207725267,,,,
W3,fluxv_v4b_lcrit019_filtered,0.6640625,-0.17083395687979042,-0.05966334451780839,,,,
W3,fluxv_v4b_lcrit019_filtered,0.671875,-0.21860016219666023,-0.07584093077849445,,,,
W3,fluxv_v4b_lcrit019_filtered,0.6796875,-0.26362393525575134,-0.09203941437172428,,,,
W3,fluxv_v4b_lcrit019_filtered,0.6875,-0.3057148288497382,-0.10803217150013206,,,,
W3,fluxv_v4b_lcrit019_filtered,0.6953125,-0.34470191677134376,-0.12359633571400722,,,,
W3,fluxv_v4b_lcrit019_filtered,0.703125,-0.380435727749427,-0.1385161011873941,,,,
W3,fluxv_v4b_lcrit019_filtered,0.7109375,-0.4127897552759755,-0.15258591855918507,,,,
W3,fluxv_v4b_lcrit019_filtered,0.71875,-0.4416615153059459,-0.16561352911594307,,,,
W3,fluxv_v4b_lcrit019_filtered,0.7265625,-0.46697313415852004,-0.17742278595152922,,,,
W3,fluxv_v4b_lcrit019_filtered,0.734375,-0.4886714596535511,-0.18785621456932294,,,,
W3,fluxv_v4b_lcrit019_filtered,0.7421875,-0.5067276993414983,-0.19677727012065,,,,
W3,fluxv_v4b_lcrit019_filtered,0.75,-0.5211366003872422,-0.20407225400457313,,,,
W3,fluxv_v4b_lcrit019_filtered,0.7578125,-0.5319151960091647,-0.20965185877983664,,,,
W3,fluxv_v4b_lcrit019_filtered,0.765625,-0.5391011531242312,-0.21345231713593493,,,,
W3,fluxv_v4b_lcrit019_filtered,0.7734375,-0.5427507647903708,-0.21543613790208269,,,,
W3,fluxv_v4b_lcrit019_filtered,0.78125,-0.5429366389699221,-0.21559241959680236,,,,
W3,fluxv_v4b_lcrit019_filtered,0.7890625,-0.5397451418856722,-0.21393673968784957,,,,
W3,fluxv_v4b_lcrit019_filtered,0.796875,-0.5332736596534322,-0.21051062539069068,,,,
W3,fluxv_v4b_lcrit019_filtered,0.8046875,-0.5236277458314644,-0.20538061933281407,,,,
W3,fluxv_v4b_lcrit019_filtered,0.8125,-0.5109182249386278,-0.19863696060364933,,,,
W3,fluxv_v4b_lcrit019_filtered,0.8203125,-0.4952583228056048,-0.19039190845544923,,,,
W3,fluxv_v4b_lcrit019_filtered,0.828125,-0.47676089381789066,-0.18077774208852024,,,,
W3,fluxv_v4b_lcrit019_filtered,0.8359375,-0.4555358127023963,-0.16994447542640972,,,,
W3,fluxv_v4b_lcrit019_filtered,0.84375,-0.4316875945537404,-0.1580573304596133,,,,
W3,fluxv_v4b_lcrit019_filtered,0.8515625,-0.40531330137850585,-0.14529401652346557,,,,
W3,fluxv_v4b_lcrit019_filtered,0.859375,-0.37650078667496945,-0.13184186570917233,,,,
W3,fluxv_v4b_lcrit019_filtered,0.8671875,-0.3453273216113364,-0.11789487643842687,,,,
W3,fluxv_v4b_lcrit019_filtered,0.875,-0.3118586373929768,-0.10365071803459237,,,,
W3,fluxv_v4b_lcrit019_filtered,0.8828125,-0.27614840861722556,-0.08930774889122363,,,,
W3,fluxv_v4b_lcrit019_filtered,0.890625,-0.2382381920199511,-0.07506209958729086,,,,
W3,fluxv_v4b_lcrit019_filtered,0.8984375,-0.1981578242521701,-0.06110487006430575,,,,
W3,fluxv_v4b_lcrit019_filtered,0.90625,-0.15592627142688487,-0.04761948682012103,,,,
W3,fluxv_v4b_lcrit019_filtered,0.9140625,-0.11155291238905107,-0.03477926206268679,,,,
W3,fluxv_v4b_lcrit019_filtered,0.921875,-0.06503922722611633,-0.02274519199674159,,,,
W3,fluxv_v4b_lcrit019_filtered,0.9296875,-0.01638085268686784,-0.011664025994529342,,,,
W3,fluxv_v4b_lcrit019_filtered,0.9375,0.034430042866056665,-0.0016666324480078126,,,,
W3,fluxv_v4b_lcrit019_filtered,0.9453125,0.0874021203752432,0.007133319255479664,,,,
W3,fluxv_v4b_lcrit019_filtered,0.953125,0.1425420291204762,0.014640347812423071,,,,
W3,fluxv_v4b_lcrit019_filtered,0.9609375,0.19985143158938057,0.02077781405948985,,,,
W3,fluxv_v4b_lcrit019_filtered,0.96875,0.25932396591750306,0.025488240654217197,,,,
W3,fluxv_v4b_lcrit019_filtered,0.9765625,0.3209422200582806,0.02873330459277519,,,,
W3,fluxv_v4b_lcrit019_filtered,0.984375,0.38467479263613097,0.030493516047812065,,,,
W3,fluxv_v4b_lcrit019_filtered,0.9921875,0.4504735145657364,0.030767602856471638,,,,
W4,fluxv_old,0.0,-0.44400873351071224,-0.06038314369302533,,,,
W4,fluxv_old,0.0078125,-0.3843444687600216,-0.04254848442960898,,,,
W4,fluxv_old,0.015625,-0.3197526619703886,-0.02838855894580843,,,,
W4,fluxv_old,0.0234375,-0.25037087135298425,-0.018367021325476567,,,,
W4,fluxv_old,0.03125,-0.17614508540389065,-0.01292563804512681,,,,
W4,fluxv_old,0.0390625,-0.09709235497305417,-0.012509971028446119,,,,
W4,fluxv_old,0.046875,-0.013252078680484974,-0.01756016500062404,,,,
W4,fluxv_old,0.0546875,0.0753143020356124,-0.028506575690031045,,,,
W4,fluxv_old,0.0625,0.16852277430565377,-0.04576475378120735,,,,
W4,fluxv_old,0.0703125,0.26626535937147355,-0.06972950297702545,,,,
W4,fluxv_old,0.078125,0.3684077785809558,-0.10076772999229928,,,,
W4,fluxv_old,0.0859375,0.4747856116742856,-0.13920972026664072,,,,
W4,fluxv_old,0.09375,0.5851991674360424,-0.1853385325870603,,,,
W4,fluxv_old,0.1015625,0.6994066050257459,-0.2393771494819237,,,,
W4,fluxv_old,0.109375,0.8171156895559459,-0.3014731957509731,,,,
W4,fluxv_old,0.1171875,0.937974178244017,-0.3716811066678697,,,,
W4,fluxv_old,0.125,1.0615589094957398,-0.4499417754029084,,,,
W4,fluxv_old,0.1328125,1.1873661240716573,-0.5360606433523951,,,,
W4,fluxv_old,0.140625,1.3148035332805288,-0.6296851861883304,,,,
W4,fluxv_old,0.1484375,1.443173549814034,-0.7302802673377721,,,,
W4,fluxv_old,0.15625,1.5716596264180114,-0.8371048379960014,,,,
W4,fluxv_old,0.1640625,1.6993683410381601,-0.9492053976445216,,,,
W4,fluxv_old,0.171875,1.8253186153659615,-1.0654032487615286,,,,
W4,fluxv_old,0.1796875,1.9484513426458439,-1.1842943378826931,,,,
W4,fluxv_old,0.1875,2.0676495733777207,-1.3042616499444244,,,,
W4,fluxv_old,0.1953125,2.1817664113683937,-1.4235015983248591,,,,
W4,fluxv_old,0.203125,2.2896608557166624,-1.5400660005645144,,,,
W4,fluxv_old,0.2109375,2.390239597481561,-1.6519192844938684,,,,
W4,fluxv_old,0.21875,2.4825006733171335,-1.75700825165093,,,,
W4,fluxv_old,0.2265625,2.5655797496674757,-1.8533425465319642,,,,
W4,fluxv_old,0.234375,2.6387919836467404,-1.9390789790181053,,,,
W4,fluxv_old,0.2421875,2.701666618673672,-2.012603580893668,,,,
W4,fluxv_old,0.25,2.7539721344444494,-2.0726049632016585,,,,
W4,fluxv_old,0.2578125,2.7957282498722598,-2.1181317465324008,,,,
W4,fluxv_old,0.265625,2.8272024043748503,-2.1486283151834917,,,,
W4,fluxv_old,0.2734375,2.8488927527560004,-2.163946625446812,,,,
W4,fluxv_old,0.28125,2.8614980362826996,-2.164332862187182,,,,
W4,fluxv_old,0.2890625,2.865876379087369,-2.1503907507164643,,,,
W4,fluxv_old,0.296875,2.8629979652916564,-2.123026502980445,,,,
W4,fluxv_old,0.3046875,2.8538946872471698,-2.083380922568752,,,,
W4,fluxv_old,0.3125,2.83961124290226,-2.0327556895720758,,,,
W4,fluxv_old,0.3203125,2.8211608901890615,-1.9725402130859542,,,,
W4,fluxv_old,0.328125,2.799487823433354,-1.9041443284446422,,,,
W4,fluxv_old,0.3359375,2.775438240340191,-1.8289411972480185,,,,
W4,fluxv_old,0.34375,2.7497410374920124,-1.7482229624438226,,,,
W4,fluxv_old,0.3515625,2.7229965911300384,-1.6631693999027304,,,,
W4,fluxv_old,0.359375,2.6956738378190965,-1.5748295222393651,,,,
W4,fluxv_old,0.3671875,2.6681133783125617,-1.4841142786575923,,,,
W4,fluxv_old,0.375,2.640536140637982,-1.3917986385884218,,,,
W4,fluxv_old,0.3828125,2.613054934510021,-1.2985303383798203,,,,
W4,fluxv_old,0.390625,2.5856883518551808,-1.2048433661219113,,,,
W4,fluxv_old,0.3984375,2.5583756008500638,-1.1111740967945927,,,,
W4,fluxv_old,0.40625,2.530991475872456,-1.017878481744607,,,,
W4,fluxv_old,0.4140625,2.5033606966988673,-0.9252489942639093,,,,
W4,fluxv_old,0.421875,2.4752711034646193,-0.8335304439192708,,,,
W4,fluxv_old,0.4296875,2.446485655139962,-0.7429341496915703,,,,
W4,fluxv_old,0.4375,2.416753005969023,-0.653650139265624,,,,
W4,fluxv_old,0.4453125,2.3858167008340403,-0.5658572800537883,,,,
W4,fluxv_old,0.453125,2.3534230463352617,-0.47973137625328977,,,,
W4,fluxv_old,0.4609375,2.3193275019426185,-0.3954513458730138,,,,
W4,fluxv_old,0.46875,2.2832997804221735,-0.3132037065192504,,,,
W4,fluxv_old,0.4765625,2.245128007130795,-0.2331856013587274,,,,
W4,fluxv_old,0.484375,2.2046218304431346,-0.15560657605399447,,,,
W4,fluxv_old,0.4921875,2.1616145633457524,-0.0806893496327242,,,,
W4,fluxv_old,0.5,2.115964491155087,-0.008669808435981745,,,,
W4,fluxv_old,0.5078125,2.0675552616086006,0.06020356229790541,,,,
W4,fluxv_old,0.515625,2.016295809259403,0.12567066970524518,,,,
W4,fluxv_old,0.5234375,1.9621199923438122,0.18746112934232584,,,,
W4,fluxv_old,0.53125,1.9049853239942312,0.24529569126810416,,,,
W4,fluxv_old,0.5390625,1.8448713459435298,0.2988877373217484,,,,
W4,fluxv_old,0.546875,1.7817785215642978,0.3479450474854525,,,,
W4,fluxv_old,0.5546875,1.7157266430238058,0.39217164643494606,,,,
W4,fluxv_old,0.5625,1.6467531269926357,0.4312697996692102,,,,
W4,fluxv_old,0.5703125,1.574912257085238,0.46494261011750687,,,,
W4,fluxv_old,0.578125,1.5002746344810836,0.49289718649858466,,,,
W4,fluxv_old,0.5859375,1.4229274440023596,0.5148487592217991,,,,
W4,fluxv_old,0.59375,1.3429740392852154,0.5305252917799667,,,,
W4,fluxv_old,0.6015625,1.2605366933525963,0.5396745204727239,,,,
W4,fluxv_old,0.609375,1.1757586230392565,0.5420719728118678,,,,
W4,fluxv_old,0.6171875,1.0888071928146994,0.5375309751499661,,,,
W4,fluxv_old,0.625,0.9998775922318028,0.5259144426568736,,,,
W4,fluxv_old,0.6328125,0.9091971235110209,0.5071485248893358,,,,
W4,fluxv_old,0.640625,0.8170295875913853,0.48123770134931665,,,,
W4,fluxv_old,0.6484375,0.7236792931664234,0.44828070489279387,,,,
W4,fluxv_old,0.65625,0.629494486987022,0.408486587382156,,,,
W4,fluxv_old,0.6640625,0.534869365546035,0.36218958643013216,,,,
W4,fluxv_old,0.671875,0.4402441701367198,0.3098613961418546,,,,
W4,fluxv_old,0.6796875,0.3461028866634022,0.2521192545185836,,,,
W4,fluxv_old,0.6875,0.2529676661921662,0.18972781014964307,,,,
W4,fluxv_old,0.6953125,0.16138966597076446,0.12359313493419968,,,,
W4,fluxv_old,0.703125,0.07193627405796,0.05474765232827893,,,,
W4,fluxv_old,0.7109375,-0.014824970072217612,-0.015674566201898728,,,,
W4,fluxv_old,0.71875,-0.09834407104750906,-0.08647090028683742,,,,
W4,fluxv_old,0.7265625,-0.17810658837228543,-0.1564099647380889,,,,
W4,fluxv_old,0.734375,-0.25365302998048633,-0.22427771986323355,,,,
W4,fluxv_old,0.7421875,-0.32459707963654955,-0.28892574310139246,,,,
W4,fluxv_old,0.75,-0.3906402356887189,-0.3493169677290838,,,,
W4,fluxv_old,0.7578125,-0.4515815136035722,-0.4045649140775923,,,,
W4,fluxv_old,0.765625,-0.5073214283300421,-0.4539631370973565,,,,
W4,fluxv_old,0.7734375,-0.5578599860678762,-0.49700263214212215,,,,
W4,fluxv_old,0.78125,-0.6032888780698014,-0.5333761972481278,,,,
W4,fluxv_old,0.7890625,-0.6437785045214262,-0.5629701165934757,,,,
W4,fluxv_old,0.796875,-0.6795594791904735,-0.5858437942348429,,,,
W4,fluxv_old,0.8046875,-0.7109068339636422,-0.6022051963395261,,,,
W4,fluxv_old,0.8125,-0.7381149433530235,-0.612375361450359,,,,
W4,fluxv_old,0.8203125,-0.7614838521046379,-0.6167593796736469,,,,
W4,fluxv_old,0.828125,-0.7813088839622149,-0.6158194129226553,,,,
W4,fluxv_old,0.8359375,-0.7978605390169368,-0.610042702850362,,,,
W4,fluxv_old,0.84375,-0.8113724545410997,-0.599918429828267,,,,
W4,fluxv_old,0.8515625,-0.8220336506410131,-0.5859210742895242,,,,
W4,fluxv_old,0.859375,-0.8299840970223795,-0.5684996401845273,,,,
W4,fluxv_old,0.8671875,-0.8353131968759911,-0.5480721305700494,,,,
W4,fluxv_old,0.875,-0.838060727542271,-0.5250243883347503,,,,
W4,fluxv_old,0.8828125,-0.8382197030547714,-0.49971225654032136,,,,
W4,fluxv_old,0.890625,-0.8357406768642691,-0.47246604684191806,,,,
W4,fluxv_old,0.8984375,-0.8305370287044994,-0.4435963876371038,,,,
W4,fluxv_old,0.90625,-0.8224908288644862,-0.4134006665305473,,,,
W4,fluxv_old,0.9140625,-0.8114589772037087,-0.382169472617741,,,,
W4,fluxv_old,0.921875,-0.797279358017615,-0.35019259550989734,,,,
W4,fluxv_old,0.9296875,-0.7797768263661837,-0.31776429334392037,,,,
W4,fluxv_old,0.9375,-0.7587689225162346,-0.2851876754061025,,,,
W4,fluxv_old,0.9453125,-0.7340711969006818,-0.2527781120951382,,,,
W4,fluxv_old,0.953125,-0.7055020578538571,-0.2208656595945757,,,,
W4,fluxv_old,0.9609375,-0.6728871214614475,-0.18979655284255187,,,,
W4,fluxv_old,0.96875,-0.6360630599376533,-0.15993384561284876,,,,
W4,fluxv_old,0.9765625,-0.5948808731466211,-0.1316572684899349,,,,
W4,fluxv_old,0.984375,-0.5492085408820099,-0.10536240108145292,,,,
W4,fluxv_old,0.9921875,-0.49893313932782135,-0.0814592831549685,,,,
W4,fluxv_old_filtered,0.0,-0.4442380552960251,-0.05932570239764343,,,,
W4,fluxv_old_filtered,0.0078125,-0.3845340323305596,-0.041400692324545345,,,,
W4,fluxv_old_filtered,0.015625,-0.31997662237313607,-0.027328906911052928,,,,
W4,fluxv_old_filtered,0.0234375,-0.25054030668615934,-0.017545987895964787,,,,
W4,fluxv_old_filtered,0.03125,-0.1762281457938274,-0.012466749148640016,,,,
W4,fluxv_old_filtered,0.0390625,-0.09707067803763003,-0.012485927116962614,,,,
W4,fluxv_old_filtered,0.046875,-0.013123907351565989,-0.017981240144825356,,,,
W4,fluxv_old_filtered,0.0546875,0.07553314915240594,-0.029317758813439898,,,,
W4,fluxv_old_filtered,0.0625,0.1688007189599432,-0.04685225284615818,,,,
W4,fluxv_old_filtered,0.0703125,0.26655960527309,-0.07093598309453841,,,,
W4,fluxv_old_filtered,0.078125,0.36867085287225865,-0.1019143822014239,,,,
W4,fluxv_old_filtered,0.0859375,0.47497310791969516,-0.1401222306459592,,,,
W4,fluxv_old_filtered,0.09375,0.5852772345122854,-0.18587328288443178,,,,
W4,fluxv_old_filtered,0.1015625,0.69935804814455,-0.23944380838250734,,,,
W4,fluxv_old_filtered,0.109375,0.8169433922242902,-0.3010501433231241,,,,
W4,fluxv_old_filtered,0.1171875,0.9377011823081759,-0.37082104445128905,,,,
W4,fluxv_old_filtered,0.125,1.061225430261635,-0.44876633056281745,,,,
W4,fluxv_old_filtered,0.1328125,1.187022590737353,-0.5347439193148189,,,,
W4,fluxv_old_filtered,0.140625,1.314499801234393,-0.6284278499839981,,,,
W4,fluxv_old_filtered,0.1484375,1.4429566781782786,-0.7292801688733078,,,,
W4,fluxv_old_filtered,0.15625,1.5715822608219079,-0.8365296014103762,,,,
W4,fluxv_old_filtered,0.1640625,1.6994584538956088,-0.9491597222921905,,,,
W4,fluxv_old_filtered,0.171875,1.8255709180238164,-1.0659088644845707,,,,
W4,fluxv_old_filtered,0.1796875,1.9488278207928333,-1.185283305861346,,,,
W4,fluxv_old_filtered,0.1875,2.068086233525139,-1.3055843877613285,,,,
W4,fluxv_old_filtered,0.1953125,2.182185293819524,-1.424949220549702,,,,
W4,fluxv_old_filtered,0.203125,2.2899846131360375,-1.5414035982832628,,,,
W4,fluxv_old_filtered,0.2109375,2.3904058543082374,-1.6529247646737586,,,,
W4,fluxv_old_filtered,0.21875,2.4824749924468525,-1.7575108307558855,,,,
W4,fluxv_old_filtered,0.2265625,2.5653625493126313,-1.8532530163715992,,,,
W4,fluxv_old_filtered,0.234375,2.638419084468806,-1.9384065314404737,,,,
W4,fluxv_old_filtered,0.2421875,2.70120344515866,-2.011455865335041,,,,
W4,fluxv_old_filtered,0.25,2.7535017085078204,-2.0711705239284535,,,,
W4,fluxv_old_filtered,0.2578125,2.7953353615619494,-2.116647827259292,,,,
W4,fluxv_old_filtered,0.265625,2.826958006582959,-2.1473402135624937,,,,
W4,fluxv_old_filtered,0.2734375,2.848840687894959,-2.163065522646007,,,,
W4,fluxv_old_filtered,0.28125,2.8616467426047887,-2.163999871637657,,,,
W4,fluxv_old_filtered,0.2890625,2.866197810950011,-2.1506538979643883,,,,
W4,fluxv_old_filtered,0.296875,2.8634332398771267,-2.1238342356663384,,,,
W4,fluxv_old_filtered,0.3046875,2.8543655256401035,-2.084593026153473,,,,
W4,fluxv_old_filtered,0.3125,2.840034635303991,-2.0341689718388247,,,,
W4,fluxv_old_filtered,0.3203125,2.821464011218642,-1.973923869552306,,,,
W4,fluxv_old_filtered,0.328125,2.799620806423828,-1.9052786834938247,,,,
W4,fluxv_old_filtered,0.3359375,2.7753824523095485,-1.8296530342550694,,,,
W4,fluxv_old_filtered,0.34375,2.7495110692061013,-1.748411516399163,,,,
W4,fluxv_old_filtered,0.3515625,2.722636554226909,-1.6628195603803948,,,,
W4,fluxv_old_filtered,0.359375,2.695248482655854,-1.5740106913483036,,,,
W4,fluxv_old_filtered,0.3671875,2.6676963026890954,-1.4829660853538833,,,,
W4,fluxv_old_filtered,0.375,2.6401967445992955,-1.39050636475152,,,,
W4,fluxv_old_filtered,0.3828125,2.612846948208795,-1.2972946881803633,,,,
W4,fluxv_old_filtered,0.390625,2.585641564516551,-1.2038494454478466,,,,
W4,fluxv_old_filtered,0.3984375,2.5584920177185064,-1.1105643172456308,,,,
W4,fluxv_old_filtered,0.40625,2.5312462136659666,-1.0177331374300649,,,,
W4,fluxv_old_filtered,0.4140625,2.5037072245739744,-0.9255769132325234,,,,
W4,fluxv_old_filtered,0.421875,2.4756498292313687,-0.8342705059911535,,,,
W4,fluxv_old_filtered,0.4296875,2.4468341967520106,-0.7439668217360442,,,,
W4,fluxv_old_filtered,0.4375,2.4170164211524385,-0.6548168610802254,,,,
W4,fluxv_old_filtered,0.4453125,2.3859559977870752,-0.5669845742776789,,,,
W4,fluxv_old_filtered,0.453125,2.3534206428047453,-0.4806560978298452,,,,
W4,fluxv_old_filtered,0.4609375,2.3191890668357598,-0.3960435524425392,,,,
W4,fluxv_old_filtered,0.46875,2.2830524115279394,-0.3133841038556445,,,,
W4,fluxv_old_filtered,0.4765625,2.24481504426812,-0.23293538482194864,,,,
W4,fluxv_old_filtered,0.484375,2.2042952977420427,-0.15496861976189252,,,,
W4,fluxv_old_filtered,0.4921875,2.1613265628578766,-0.07976087137390969,,,,
W4,fluxv_old_filtered,0.5,2.115758928780406,-0.0075877454293056465,,,,
W4,fluxv_old_filtered,0.5078125,2.0674613475277166,0.06128233393839499,,,,
W4,fluxv_old_filtered,0.515625,2.0163241156438745,0.12659149855769214,,,,
W4,fluxv_old_filtered,0.5234375,1.962261338348983,0.1880930801995236,,,,
W4,fluxv_old_filtered,0.53125,1.9052129891480978,0.24554956651931784,,,,
W4,fluxv_old_filtered,0.5390625,1.8451462055298324,0.2987283110013237,,,,
W4,fluxv_old_filtered,0.546875,1.782055562621483,0.34739577585583215,,,,
W4,fluxv_old_filtered,0.5546875,1.7159622243070332,0.3913113287009147,,,,
W4,fluxv_old_filtered,0.5625,1.6469120599906464,0.43022173915637835,,,,
W4,fluxv_old_filtered,0.5703125,1.5749730048915653,0.46385752068156094,,,,
W4,fluxv_old_filtered,0.578125,1.5002321019429528,0.49193213883966913,,,,
W4,fluxv_old_filtered,0.5859375,1.4227927671163991,0.5141448737205335,,,,
W4,fluxv_old_filtered,0.59375,1.3427728476912661,0.5301878049687534,,,,
W4,fluxv_old_filtered,0.6015625,1.2603039850763473,0.5397570130249086,,,,
W4,fluxv_old_filtered,0.609375,1.17553265224316,0.5425676938655075,,,,
W4,fluxv_old_filtered,0.6171875,1.0886230241597779,0.5383725014586657,,,,
W4,fluxv_old_filtered,0.625,0.9997615814190719,0.5269820947889019,,,,
W4,fluxv_old_filtered,0.6328125,0.909163073462851,0.508286602285652,,,,
W4,fluxv_old_filtered,0.640625,0.8170772129517905,0.48227654671229697,,,,
W4,fluxv_old_filtered,0.6484375,0.7237952708346947,0.4490617109550833,,,,
W4,fluxv_old_filtered,0.65625,0.6296556215832328,0.4088864741278155,,,,
W4,fluxv_old_filtered,0.6640625,0.5350472703486704,0.3621403040997623,,,,
W4,fluxv_old_filtered,0.671875,0.440410487594315,0.309362345531091,,,,
W4,fluxv_old_filtered,0.6796875,0.3462338784065673,0.25123937399960855,,,,
W4,fluxv_old_filtered,0.6875,0.2530475068045901,0.18859677425755839,,,,
W4,fluxv_old_filtered,0.6953125,0.16141205240230172,0.12238261838915987,,,,
W4,fluxv_old_filtered,0.703125,0.07190436190862726,0.053645340587161194,,,,
W4,fluxv_old_filtered,0.7109375,-0.014899868991927523,-0.016494097353893067,,,,
W4,fluxv_old_filtered,0.71875,-0.09844522691704372,-0.08687430690758124,,,,
W4,fluxv_old_filtered,0.7265625,-0.17821623541153175,-0.15632831872919228,,,,
W4,fluxv_old_filtered,0.734375,-0.25375612409881376,-0.22371946194604608,,,,
W4,fluxv_old_filtered,0.7421875,-0.32468331389395555,-0.28797647536511706,,,,
W4,fluxv_old_filtered,0.75,-0.390704361037133,-0.3481260666188377,,,,
W4,fluxv_old_filtered,0.7578125,-0.45162236252071253,-0.40332126053646666,,,,
W4,fluxv_old_filtered,0.765625,-0.5073401791173353,-0.45286410522599896,,,,
W4,fluxv_old_filtered,0.7734375,-0.5578582450951288,-0.4962216213734223,,,,
W4,fluxv_old_filtered,0.78125,-0.6032671652268238,-0.5330342691808219,,,,
W4,fluxv_old_filtered,0.7890625,-0.6437357076644858,-0.5631166451832816,,,,
W4,fluxv_old_filtered,0.796875,-0.6794951464465346,-0.5864505809803263,,,,
W4,fluxv_old_filtered,0.8046875,-0.7108211577989967,-0.6031712682969415,,,,
W4,fluxv_old_filtered,0.8125,-0.738014608491546,-0.6135474496677675,,,,
W4,fluxv_old_filtered,0.8203125,-0.7613825834684569,-0.6179570626491697,,,,
W4,fluxv_old_filtered,0.828125,-0.7812208882741789,-0.6168599824764112,,,,
W4,fluxv_old_filtered,0.8359375,-0.7977990463893132,-0.6107696536744402,,,,
W4,fluxv_old_filtered,0.84375,-0.8113485196831701,-0.6002254228336148,,,,
W4,fluxv_old_filtered,0.8515625,-0.8220545458664748,-0.5857672788937837,,,,
W4,fluxv_old_filtered,0.859375,-0.8300516470303739,-0.5679144797785749,,,,
W4,fluxv_old_filtered,0.8671875,-0.8354225536016953,-0.5471492107363716,,,,
W4,fluxv_old_filtered,0.875,-0.8382000384426326,-0.5239060049015594,,,,
W4,fluxv_old_filtered,0.8828125,-0.8383709878549541,-0.4985671924097965,,,,
W4,fluxv_old_filtered,0.890625,-0.8358819606466592,-0.47146416793983426,,,,
W4,fluxv_old_filtered,0.8984375,-0.830645502401695,-0.44288381692150985,,,,
W4,fluxv_old_filtered,0.90625,-0.8225465780109039,-0.4130790556408085,,,,
W4,fluxv_old_filtered,0.9140625,-0.8114486408035426,-0.38228215311297487,,,,
W4,fluxv_old_filtered,0.921875,-0.7971990447575711,-0.35071933792094434,,,,
W4,fluxv_old_filtered,0.9296875,-0.7796336984595186,-0.31862516564051346,,,,
W4,fluxv_old_filtered,0.9375,-0.758581028452764,-0.286255234020868,,,,
W4,fluxv_old_filtered,0.9453125,-0.7338654431313029,-0.2538960727485613,,,,
W4,fluxv_old_filtered,0.953125,-0.7053105520218327,-0.221871378943298,,,,
W4,fluxv_old_filtered,0.9609375,-0.6727423943159607,-0.19054418447610885,,,,
W4,fluxv_old_filtered,0.96875,-0.6359928699917929,-0.16031498513366785,,,,
W4,fluxv_old_filtered,0.9765625,-0.5949034609581136,-0.13161628924671787,,,,
W4,fluxv_old_filtered,0.984375,-0.5493291994125267,-0.1049044100683279,,,,
W4,fluxv_old_filtered,0.9921875,-0.49914271088549644,-0.08064959264428945,,,,
W4,fluxv_v4b,0.0,-0.36366774070092084,-0.05576039701966301,0.7657877942658413,0.3430264983755032,0.01973742853781643,1.0
W4,fluxv_v4b,0.0078125,-0.3048476733148973,-0.03965546631840694,0.7654441022077005,0.33892473475776397,0.012334024164098484,1.0
W4,fluxv_v4b,0.015625,-0.232753111550687,-0.026386441462654325,0.7651130364831552,0.37038901230234716,0.008523748841474235,1.0
W4,fluxv_v4b,0.0234375,-0.16143360839767673,-0.01786509398178547,0.7647949419236123,0.3781264896370693,0.0021339989360606507,1.0
W4,fluxv_v4b,0.03125,-0.08747342418310289,-0.013950100089458177,0.7644901564938961,0.3765093632635766,-0.004349975479070851,1.0
W4,fluxv_v4b,0.0390625,-0.007010602277918651,-0.014893143790142078,0.7641990097731418,0.38202448856754223,-0.010106712272086604,1.0
W4,fluxv_v4b,0.046875,0.08464880049442294,-0.021402016132560542,0.7639218214530914,0.41469685922477184,-0.016273639332460062,1.0
W4,fluxv_v4b,0.0546875,0.19359896489911294,-0.03477361992833487,0.7636588998596239,0.5004828309305689,-0.02651694620436935,1.0
W4,fluxv_v4b,0.0625,0.3190326352683527,-0.05634863065009647,0.7634105405034597,0.6361646934017358,-0.044735200339911574,1.0
W4,fluxv_v4b,0.0703125,0.38458983537010305,-0.07881827748684335,0.7631770246660464,0.49963258772412344,-0.03837792552433507,1.0
W4,fluxv_v4b,0.078125,0.5162536088924576,-0.11493197063364774,0.762958618026656,0.6237131638395849,-0.05975429489750982,1.0
W4,fluxv_v4b,0.0859375,0.5910953969080953,-0.14916770249068595,0.762755569336707,0.49063999254086466,-0.04376928982909497,1.0
W4,fluxv_v4b,0.09375,0.8620881000459555,-0.21984752238477312,0.7625681091472539,1.171900566906292,-0.1741235923522942,1.0
W4,fluxv_v4b,0.1015625,0.8231658739202026,-0.23129049286217782,0.7623964485954767,0.5368753673715589,-0.0539339908378497,1.0
W4,fluxv_v4b,0.109375,0.8174040866880731,-0.24306875724624466,0.7622407782558387,0.030588918629351012,0.06825990543360248,1.0
W4,fluxv_v4b,0.1171875,1.2189206397833061,-0.35649700120264594,0.7621012670613704,1.2247615571762152,-0.22913057647564677,1.0
W4,fluxv_v4b,0.125,1.3027122375118607,-0.3943895454493137,0.7619780613002847,1.0705543890706621,-0.19520467472039443,1.0
W4,fluxv_v4b,0.1328125,1.2860162795557155,-0.40333547472436837,0.7618712836928183,0.4827567544689853,-0.019109002540843856,1.0
W4,fluxv_v4b,0.140625,1.9878603812475264,-0.6465134932219518,0.7617810325528532,2.901212979338478,-0.7981236864076123,1.0
W4,fluxv_v4b,0.1484375,1.8227263682384955,-0.6193723893077041,0.7617073810384781,1.6715806800003419,-0.4064082356815676,1.0
W4,fluxv_v4b,0.15625,1.8956268346614622,-0.6767229584422021,0.7616503764952224,1.4363886186123906,-0.3269941372880907,1.0
W4,fluxv_v4b,0.1640625,1.8109349764293103,-0.6820712915946088,0.7616100398952305,0.5394735364271518,0.017638330402545366,1.0
W4,fluxv_v4b,0.171875,2.0202210588044567,-0.8051633639835765,0.7615863653751476,0.8809425034133053,-0.09955406130655164,1.0
W4,fluxv_v4b,0.1796875,1.779704242770164,-0.747751389313428,0.7615793198749654,-0.653252896839819,0.5523655608347253,1.0
W4,fluxv_v4b,0.1875,2.465880406640022,-1.0799498753815677,0.761588842879526,1.7153244401049401,-0.42304327080207343,1.0
W4,fluxv_v4b,0.1953125,2.430843902472904,-1.110845562713285,0.7616148462638233,1.0800015543827879,-0.1337143891075585,1.0
W4,fluxv_v4b,0.203125,2.3622134854370347,-1.1242125772652993,0.7616572142426596,0.3298413494250663,0.22384557919868023,1.0
W4,fluxv_v4b,0.2109375,2.446235942000464,-1.2048725884192844,0.7617158034246374,0.2512504180573559,0.28705705099169776,1.0
W4,fluxv_v4b,0.21875,2.7221010417466855,-1.3747439075535552,0.761790442969874,1.0138531540094309,-0.04316146285715883,1.0
W4,fluxv_v4b,0.2265625,2.4579416740023676,-1.289182558461195,0.7618809348502573,-0.4509139363622641,0.6733553689807941,1.0
W4,fluxv_v4b,0.234375,3.1277577484534267,-1.6453354019434052,0.7619870542104816,2.0502840121167383,-0.49747234698759374,1.0
W4,fluxv_v4b,0.2421875,2.946048464137517,-1.5915873272654242,0.7621085498275542,1.0199595756911448,0.01570370014755368,1.0
W4,fluxv_v4b,0.25,3.0091890848131446,-1.6506501690384132,0.7622451446659269,1.0650170221969602,0.012167785124704233,1.0
W4,fluxv_v4b,0.2578125,3.2997110916937102,-1.813888758774068,0.7623965365249045,2.11377390401576,-0.47640371387065633,1.0
W4,fluxv_v4b,0.265625,3.1269324862001926,-1.7478820113191946,0.7625623987744969,1.2582578297224531,-0.049332237001254,1.0
W4,fluxv_v4b,0.2734375,2.5437292037794306,-1.4818081652257111,0.762742381175447,-1.2850857142766294,1.1711346949665191,1.0
W4,fluxv_v4b,0.28125,3.3542165086008326,-1.8690166998974342,0.7629361107787582,2.086485999241303,-0.41263142388638163,1.0
W4,fluxv_v4b,0.2890625,3.2354462629611627,-1.80930807265947,0.763143192899686,1.5766901739555026,-0.16158458216765914,1.0
W4,fluxv_v4b,0.296875,3.063797065705617,-1.7202606087182044,0.7633632121608354,0.874231594116399,0.16672175694032043,1.0
W4,fluxv_v4b,0.3046875,2.9498761799047237,-1.6528438600707402,0.7635957335987402,0.44154080759274583,0.3600163793869254,1.0
W4,fluxv_v4b,0.3125,2.9120086946724153,-1.6135991808263488,0.7638403038280717,0.35209563924774356,0.3939080638890402,1.0
W4,fluxv_v4b,0.3203125,2.8741820963623517,-1.5684919588727089,0.7640964522574514,0.28003930999416465,0.41624262506077836,1.0
W4,fluxv_v4b,0.328125,2.9335273663808694,-1.556710295244042,0.7643636923507161,0.6332681370686575,0.2649146620653938,1.0
W4,fluxv_v4b,0.3359375,2.9184743199029217,-1.508224084858281,0.7646415229274067,0.680418823798808,0.2410843846751638,1.0
W4,fluxv_v4b,0.34375,2.7038495895101042,-1.385041795489143,0.7649294294962227,-0.11663209734184884,0.5267964432621012,1.0
W4,fluxv_v4b,0.3515625,2.6087486170069725,-1.3120291619645377,0.7652268856152022,-0.4063016987694638,0.6066637987154107,1.0
W4,fluxv_v4b,0.359375,2.6310240666575604,-1.2806766632150075,0.7655333542724521,-0.19829543398953217,0.5117970536390283,1.0
W4,fluxv_v4b,0.3671875,2.6468354472624824,-1.244428882520842,0.7658482892813511,-0.02086130933103182,0.4343049201610566,1.0
W4,fluxv_v4b,0.375,2.62190929333988,-1.1922274463886053,0.7661711366843075,-0.020910862469256455,0.41481016501278256,1.0
W4,fluxv_v4b,0.3828125,2.6528322346363287,-1.15051428399666,0.7665013361593167,0.2152485039292955,0.3337050779844535,1.0
W4,fluxv_v4b,0.390625,2.5933141825514765,-1.0792551619480764,0.7668383224237989,0.06284205204411822,0.3566572560039222,1.0
W4,fluxv_v4b,0.3984375,2.5700834490502467,-1.0111081740676098,0.7671815266304277,0.06672988501812313,0.339462635251394,1.0
W4,fluxv_v4b,0.40625,2.5239489229676244,-0.9316641977544513,0.7675303777499428,-0.024416452412518018,0.3412760407286704,0.0
W4,fluxv_v4b,0.4140625,2.519600072570399,-0.8531388860983904,0.7678843039362309,0.07036066066344533,0.30881670950453777,0.0
W4,fluxv_v4b,0.421875,2.525594874016561,-0.769833873434772,0.7682427338692721,0.21713999043963222,0.2748417408780147,0.0
W4,fluxv_v4b,0.4296875,2.4617322606767504,-0.677341564587865,0.7686050980718817,0.06588998033122129,0.2834659906382958,0.0
W4,fluxv_v4b,0.4375,2.4021076476796313,-0.5882054754100453,0.7689708301965124,-0.06339181455678976,0.2832744623167959,0.0
W4,fluxv_v4b,0.4453125,2.3573202763453387,-0.5029313305290586,0.7693393682787315,-0.12354264477666449,0.2728074966896377,0.0
W4,fluxv_v4b,0.453125,2.3308874345876123,-0.4206326350672915,0.7697101559543411,-0.09785760132427429,0.25662764865254306,0.0
W4,fluxv_v4b,0.4609375,2.2848256805399942,-0.3396450182050446,0.7700826436374518,-0.1500618393864081,0.242723422671798,0.0
W4,fluxv_v4b,0.46875,2.269374700351276,-0.2604094079525179,0.7704562896571793,-0.06066417611748347,0.22999671168460628,0.0
W4,fluxv_v4b,0.4765625,2.231724557665763,-0.18314180833076774,0.7708305613509655,-0.058487072028652456,0.21837027364106834,0.0
W4,fluxv_v4b,0.484375,2.163542417222944,-0.11045410855523197,0.7712049361128656,-0.17954676347587503,0.1973489581970895,0.0
W4,fluxv_v4b,0.4921875,2.0798219169496046,-0.043327317519202296,0.7715789023954591,-0.3580783353810562,0.16356646783216916,0.0
W4,fluxv_v4b,0.5,2.016508160997388,0.021867066433921677,0.7719519606643516,-0.43612008437974703,0.13390544798746667,0.0
W4,fluxv_v4b,0.5078125,1.9497461644174487,0.08289749062892524,0.7723236243045305,-0.5174410249253462,0.09967625433995088,0.0
W4,fluxv_v4b,0.515625,1.8995022685912688,0.1434990211071379,0.7726934204781045,-0.5138150462419142,0.07843306357163932,0.0
W4,fluxv_v4b,0.5234375,1.872578681962275,0.20650379415872136,0.7730608909332201,-0.394560949629835,0.08391089968892043,0.0
W4,fluxv_v4b,0.53125,1.834933456675803,0.26513718839731854,0.7734255927641794,-0.30917819966099463,0.08757166076821363,0.0
W4,fluxv_v4b,0.5390625,1.836312035677463,0.3328455089334675,0.7737870991229997,-0.03783740994825369,0.15011421311547168,0.0
W4,fluxv_v4b,0.546875,1.727046041952844,0.36516319099920524,0.7741449998828508,-0.24233459335885588,0.07623538777012591,0.0
W4,fluxv_v4b,0.5546875,1.7493616403657275,0.4370795179391473,0.7744989022539739,0.1491566900477072,0.19914701947384478,0.0
W4,fluxv_v4b,0.5625,1.725020055307426,0.49258434427460956,0.7748484313528383,0.3476188453185668,0.27232563811929866,0.0
W4,fluxv_v4b,0.5703125,1.5712218328021237,0.4931264366662029,0.775193230725421,-0.016415983802546327,0.12536911873090573,0.0
W4,fluxv_v4b,0.578125,1.4894198727892998,0.5161608421636668,0.7755329628255946,-0.04835793187464671,0.10363951855882873,0.0
W4,fluxv_v4b,0.5859375,1.3661916379120194,0.514361208068763,0.7758673094497013,-0.2531348994697762,-0.0021752790806150724,0.0
W4,fluxv_v4b,0.59375,1.385797755481258,0.57680194949362,0.7761959721284483,0.1913447072571024,0.206773122690236,0.0
W4,fluxv_v4b,0.6015625,1.1526645078412154,0.5050905429160711,0.7765169842979223,-0.4826862800848537,-0.15474991443088534,0.0
W4,fluxv_v4b,0.609375,1.1382287653423966,0.5423156582906128,0.7768274238095791,-0.16816518560433547,0.0010919149785547089,0.0
W4,fluxv_v4b,0.6171875,0.9028085767204251,0.44711048564146955,0.7771245383043803,-0.8345405756165837,-0.40569961726869475,0.0
W4,fluxv_v4b,0.625,0.8696341578340491,0.46316225307913433,0.7774057488384737,-0.5851158945845468,-0.28191289420229876,0.0
W4,fluxv_v4b,0.6328125,0.8591121038083871,0.4911888164661165,0.7776686532972759,-0.22527196657339452,-0.07178343791781547,0.0
W4,fluxv_v4b,0.640625,0.7067328807651475,0.4214946947861667,0.7779110295665277,-0.4966329782652476,-0.26900483372291667,0.0
W4,fluxv_v4b,0.6484375,0.619049287852502,0.3879696093569014,0.778130838430509,-0.47158426422930594,-0.2718318089330438,0.0
W4,fluxv_v4b,0.65625,0.5186416716749673,0.3393690913321661,0.7783262261693865,-0.5000718551250907,-0.31179825585864906,0.0
W4,fluxv_v4b,0.6640625,0.4214548163001904,0.2869085195114497,0.7784955268296126,-0.5120192275241461,-0.339862513118524,0.0
W4,fluxv_v4b,0.671875,0.292320736325736,0.20374854768696296,0.7786372641433909,-0.668239996395795,-0.47936184039407487,0.0
W4,fluxv_v4b,0.6796875,0.21292303805118967,0.15316926315656185,0.7787501530754607,-0.6019432350506241,-0.44723190880113994,0.0
W4,fluxv_v4b,0.6875,0.11150967360241294,0.08008082810556685,0.7788331009778188,-0.6395983902435879,-0.49576578832024737,0.0
W4,fluxv_v4b,0.6953125,0.03338299200298758,0.021418338662064496,0.7788852083354697,-0.5789150196789427,-0.4620893767575358,0.0
W4,fluxv_v4b,0.703125,-0.048929975483294266,-0.04447217796767455,0.7789057690888699,-0.5466730137786229,-0.4487671608936525,0.0
W4,fluxv_v4b,0.7109375,-0.1045546061650211,-0.09065512541264291,0.7788942705213738,-0.40582230186611906,-0.3391163104979258,0.0
W4,fluxv_v4b,0.71875,-0.1491307316138677,-0.12926667437404696,0.7788503927026951,-0.2296484320593119,-0.1935150354107415,0.0
W4,fluxv_v4b,0.7265625,-0.18177413433507755,-0.15870420512713435,0.7787740074821289,-0.016578277810171266,-0.010370573380341374,0.0
W4,fluxv_v4b,0.734375,-0.23114891665787268,-0.20378036558904516,0.778665177028037,0.10167452649538258,0.09260790506871505,0.0
W4,fluxv_v4b,0.7421875,-0.2727015789294791,-0.24239791840996522,0.778524151912829,0.23431674900571917,0.21008080607107235,0.0
W4,fluxv_v4b,0.75,-0.32924535936577104,-0.29439249429325554,0.7783513687453917,0.27699190369654686,0.24779974108090216,0.0
W4,fluxv_v4b,0.7578125,-0.38688353014977683,-0.34686345927294676,0.7781474473555656,0.29162604929539654,0.26008920842630245,0.0
W4,fluxv_v4b,0.765625,-0.44390601516762024,-0.39768441293383405,0.7779131875378517,0.28554335333724584,0.253408671769353,0.0
W4,fluxv_v4b,0.7734375,-0.49318001804761813,-0.4400156062631467,0.7776495653640165,0.290892024232593,0.25629374627610063,0.0
W4,fluxv_v4b,0.78125,-0.5457991683707402,-0.48322202860608426,0.7773577290766267,0.25821560955442946,0.22526795308921854,0.0
W4,fluxv_v4b,0.7890625,-0.587438333783306,-0.5144341359846791,0.7770389945777831,0.2526906919505045,0.2176882029971336,0.0
W4,fluxv_v4b,0.796875,-0.6201442697915706,-0.5354519359309944,0.7766948405294023,0.26607181643165784,0.22566365427164953,0.0
W4,fluxv_v4b,0.8046875,-0.6502614351705207,-0.551729641358338,0.7763269030833139,0.27113407749574264,0.22566663437395526,0.0
W4,fluxv_v4b,0.8125,-0.6779674246541096,-0.563413806766447,0.7759369702611756,0.26844017403952775,0.21851688224060542,0.0
W4,fluxv_v4b,0.8203125,-0.698661532527845,-0.5669148108898489,0.7755269760057543,0.2798657872511367,0.2220514870645474,0.0
W4,fluxv_v4b,0.828125,-0.7190430049965794,-0.5678462828673145,0.7750989939264674,0.276859050356037,0.21330776101399762,0.0
W4,fluxv_v4b,0.8359375,-0.7356368992143555,-0.5636620641943717,0.7746552307632238,0.2761263996201354,0.20582079101759343,0.0
W4,fluxv_v4b,0.84375,-0.7470136997457758,-0.5536661991301233,0.7741980195935256,0.2850229864214185,0.20483536333420757,0.0
W4,fluxv_v4b,0.8515625,-0.7570213257679745,-0.5410552954564569,0.7737298128085158,0.2873216559370282,0.19828409296846114,0.0
W4,fluxv_v4b,0.859375,-0.7646046306942875,-0.5253482583298456,0.7732531748841608,0.28833685452791386,0.19030644346458556,0.0
W4,fluxv_v4b,0.8671875,-0.7692560292909841,-0.5065463236568152,0.7727707749740489,0.29070718160246684,0.18274853029354704,0.0
W4,fluxv_v4b,0.875,-0.7708328689875525,-0.48493522864732974,0.7722853793503802,0.295228555649752,0.17605000317087685,0.0
W4,fluxv_v4b,0.8828125,-0.7707738357496317,-0.4617591005392033,0.7717998437196136,0.29555574546701896,0.1663152060004967,0.0
W4,fluxv_v4b,0.890625,-0.7654011065568852,-0.4352163750088276,0.7713171054389341,0.30758562175100035,0.16288787976288094,0.0
W4,fluxv_v4b,0.8984375,-0.7600457020135557,-0.4087382338690238,0.7708401756592304,0.3076077008425367,0.15211284904916206,0.0
W4,fluxv_v4b,0.90625,-0.7513675510066822,-0.3807425494077409,0.7703710329914869,0.3097312973374447,0.14222124302634537,0.0
W4,fluxv_v4b,0.9140625,-0.7399408455816793,-0.35189379891225747,0.7699099595676835,0.31082671587024757,0.13158185225487604,0.0
W4,fluxv_v4b,0.921875,-0.7230559423352148,-0.3213283461453906,0.7694572507729864,0.32195077022055,0.12520128896391539,0.0
W4,fluxv_v4b,0.9296875,-0.6959756475397193,-0.28776042556867043,0.769013213984926,0.36279641910336646,0.1298943038814865,0.0
W4,fluxv_v4b,0.9375,-0.6735908106553912,-0.2577767753459389,0.7685781672750026,0.3680642870115979,0.11844560963587407,0.0
W4,fluxv_v4b,0.9453125,-0.6475340336226536,-0.22807800132901368,0.7681524380746598,0.3732502621955326,0.1065359952936596,0.0
W4,fluxv_v4b,0.953125,-0.6206110222821302,-0.19992984097252656,0.7677363618078732,0.3654942987739892,0.09013816706311624,0.0
W4,fluxv_v4b,0.9609375,-0.5869867210409935,-0.1717656416636814,0.7673302804929226,0.36919458450561743,0.0774957360892077,0.0
W4,fluxv_v4b,0.96875,-0.5476088231603722,-0.1444915845845335,0.7669345413162312,0.37952529421058023,0.06625718420706793,0.0
W4,fluxv_v4b,0.9765625,-0.5051885823293957,-0.11929820059577144,0.7665494951814811,0.3842025995486748,0.05294084886974742,0.0
W4,fluxv_v4b,0.984375,-0.46915969967353516,-0.09727751186939612,0.7661754952375343,0.34234581738895825,0.0345767404501507,1.0
W4,fluxv_v4b,0.9921875,-0.424148156990526,-0.07606693438698976,0.7658128953889938,0.3193386009085176,0.02302581423915566,1.0
W4,fluxv_v4b_filtered,0.0,-0.3540309411510316,-0.05337457106632364,,,,
W4,fluxv_v4b_filtered,0.0078125,-0.30019245662916405,-0.033313583340064776,,,,
W4,fluxv_v4b_filtered,0.015625,-0.24136852281860355,-0.017606045086582853,,,,
W4,fluxv_v4b_filtered,0.0234375,-0.17638780366827433,-0.007282867314947955,,,,
W4,fluxv_v4b_filtered,0.03125,-0.10409420796472035,-0.003198623161458025,,,,
W4,fluxv_v4b_filtered,0.0390625,-0.02348304361836495,-0.005951073910545002,,,,
W4,fluxv_v4b_filtered,0.046875,0.0661677655295928,-0.01582746536190857,,,,
W4,fluxv_v4b_filtered,0.0546875,0.16518716026460356,-0.032784576342026805,,,,
W4,fluxv_v4b_filtered,0.0625,0.2734351397359923,-0.0564655593382985,,,,
W4,fluxv_v4b_filtered,0.0703125,0.39027217482311527,-0.08625222418358003,,,,
W4,fluxv_v4b_filtered,0.078125,0.5145794384953755,-0.12134709336936889,,,,
W4,fluxv_v4b_filtered,0.0859375,0.6448296869646719,-0.1608758163711853,,,,
W4,fluxv_v4b_filtered,0.09375,0.7792026711223123,-0.2039978249214976,,,,
W4,fluxv_v4b_filtered,0.1015625,0.9157335182922864,-0.2500117821007768,,,,
W4,fluxv_v4b_filtered,0.109375,1.052478263848232,-0.298442610690375,,,,
W4,fluxv_v4b_filtered,0.1171875,1.1876781732637833,-0.3490986864998845,,,,
W4,fluxv_v4b_filtered,0.125,1.3199040312293233,-0.40209097394870386,,,,
W4,fluxv_v4b_filtered,0.1328125,1.4481633036726418,-0.45781012306407004,,,,
W4,fluxv_v4b_filtered,0.140625,1.5719568639315116,-0.5168623708187615,,,,
W4,fluxv_v4b_filtered,0.1484375,1.6912774340037386,-0.5799699517524585,,,,
W4,fluxv_v4b_filtered,0.15625,1.8065484378211933,-0.6478460658179209,,,,
W4,fluxv_v4b_filtered,0.1640625,1.9185088658943465,-0.7210577681676238,,,,
W4,fluxv_v4b_filtered,0.171875,2.028056219272462,-0.7998920376993097,,,,
W4,fluxv_v4b_filtered,0.1796875,2.1360648756265914,-0.8842405057115573,,,,
W4,fluxv_v4b_filtered,0.1875,2.2432006604056736,-0.9735168251112041,,,,
W4,fluxv_v4b_filtered,0.1953125,2.3497535660292055,-1.0666175700675475,,,,
W4,fluxv_v4b_filtered,0.203125,2.455509247567191,-1.1619331919938538,,,,
W4,fluxv_v4b_filtered,0.2109375,2.5596762184567314,-1.2574103828985157,,,,
W4,fluxv_v4b_filtered,0.21875,2.6608799331621125,-1.3506617698695838,,,,
W4,fluxv_v4b_filtered,0.2265625,2.7572277728762313,-1.4391137769663729,,,,
W4,fluxv_v4b_filtered,0.234375,2.8464411183659486,-1.5201793030909823,,,,
W4,fluxv_v4b_filtered,0.2421875,2.9260430646910893,-1.5914390414981496,,,,
W4,fluxv_v4b_filtered,0.25,2.9935837641666536,-1.6508141261198706,,,,
W4,fluxv_v4b_filtered,0.2578125,3.0468806324833198,-1.6967134661603556,,,,
W4,fluxv_v4b_filtered,0.265625,3.084248284891281,-1.728141558989667,,,,
W4,fluxv_v4b_filtered,0.2734375,3.1046933953451603,-1.7447564957526336,,,,
W4,fluxv_v4b_filtered,0.28125,3.108052707487153,-1.7468728741271335,,,,
W4,fluxv_v4b_filtered,0.2890625,3.095057887846795,-1.735409871041115,,,,
W4,fluxv_v4b_filtered,0.296875,3.067318241596727,-1.7117902102066211,,,,
W4,fluxv_v4b_filtered,0.3046875,3.0272207387269674,-1.6778005989249283,,,,
W4,fluxv_v4b_filtered,0.3125,2.9777554221776263,-1.6354278930066481,,,,
W4,fluxv_v4b_filtered,0.3203125,2.922282156093762,-1.5866873948088398,,,,
W4,fluxv_v4b_filtered,0.328125,2.864260960035696,-1.5334600855866847,,,,
W4,fluxv_v4b_filtered,0.3359375,2.8069721690517815,-1.4773542213062703,,,,
W4,fluxv_v4b_filtered,0.34375,2.7532539105923446,-1.4196037562678687,,,,
W4,fluxv_v4b_filtered,0.3515625,2.7052827443013023,-1.3610118492370429,,,,
W4,fluxv_v4b_filtered,0.359375,2.664418931620329,-1.3019427319910415,,,,
W4,fluxv_v4b_filtered,0.3671875,2.6311311491811797,-1.2423600367893797,,,,
W4,fluxv_v4b_filtered,0.375,2.605007242290662,-1.1819048574921132,,,,
W4,fluxv_v4b_filtered,0.3828125,2.5848487130834643,-1.1200028787906278,,,,
W4,fluxv_v4b_filtered,0.390625,2.5688380077961614,-1.055987261283472,,,,
W4,fluxv_v4b_filtered,0.3984375,2.5547602348695957,-0.9892228762918722,,,,
W4,fluxv_v4b_filtered,0.40625,2.5402555044604673,-0.9192180232436047,,,,
W4,fluxv_v4b_filtered,0.4140625,2.523075206147836,-0.8457118284320599,,,,
W4,fluxv_v4b_filtered,0.421875,2.501315529634484,-0.7687288407609606,,,,
W4,fluxv_v4b_filtered,0.4296875,2.4736043648755706,-0.6885964953905982,,,,
W4,fluxv_v4b_filtered,0.4375,2.4392230657217784,-0.6059256110823579,,,,
W4,fluxv_v4b_filtered,0.4453125,2.398151825344951,-0.5215583947256572,,,,
W4,fluxv_v4b_filtered,0.453125,2.3510357884669175,-0.4364920535575466,,,,
W4,fluxv_v4b_filtered,0.4609375,2.2990775960594463,-0.3517886582270508,,,,
W4,fluxv_v4b_filtered,0.46875,2.2438698912354855,-0.2684830894020171,,,,
W4,fluxv_v4b_filtered,0.4765625,2.1871875688557734,-0.18750063233465605,,,,
W4,fluxv_v4b_filtered,0.484375,2.1307635660392292,-0.10959412643401195,,,,
W4,fluxv_v4b_filtered,0.4921875,2.076073359168883,-0.03530776177752579,,,,
W4,fluxv_v4b_filtered,0.5,2.0241519430893558,0.0350289941832989,,,,
W4,fluxv_v4b_filtered,0.5078125,1.9754631121584498,0.1012778066140149,,,,
W4,fluxv_v4b_filtered,0.515625,1.9298348121921047,0.16344249321017806,,,,
W4,fluxv_v4b_filtered,0.5234375,1.886466882411054,0.2216021292853125,,,,
W4,fluxv_v4b_filtered,0.53125,1.8440094963242157,0.2758359296898535,,,,
W4,fluxv_v4b_filtered,0.5390625,1.800702927884084,0.32615057228819483,,,,
W4,fluxv_v4b_filtered,0.546875,1.7545627515126383,0.3724202527097423,,,,
W4,fluxv_v4b_filtered,0.5546875,1.7035899261687508,0.41434809611755363,,,,
W4,fluxv_v4b_filtered,0.5625,1.6459828910603571,0.4514548131531873,,,,
W4,fluxv_v4b_filtered,0.5703125,1.580329023002078,0.48309701656595394,,,,
W4,fluxv_v4b_filtered,0.578125,1.5057554956499062,0.5085138409913604,,,,
W4,fluxv_v4b_filtered,0.5859375,1.4220243892129352,0.5268968936802488,,,,
W4,fluxv_v4b_filtered,0.59375,1.3295632476217498,0.5374755498326793,,,,
W4,fluxv_v4b_filtered,0.6015625,1.2294294311228549,0.5396075592465345,,,,
W4,fluxv_v4b_filtered,0.609375,1.1232137551487402,0.532864099863466,,,,
W4,fluxv_v4b_filtered,0.6171875,1.0128952497763848,0.5170988997184364,,,,
W4,fluxv_v4b_filtered,0.625,0.9006637350806747,0.49249279405991253,,,,
W4,fluxv_v4b_filtered,0.6328125,0.7887297863007822,0.459567879806043,,,,
W4,fluxv_v4b_filtered,0.640625,0.6791422947976569,0.41916893987844595,,,,
W4,fluxv_v4b_filtered,0.6484375,0.5736322125391006,0.372413614672341,,,,
W4,fluxv_v4b_filtered,0.65625,0.47349745037364455,0.32061644143086176,,,,
W4,fluxv_v4b_filtered,0.6640625,0.37953875483172494,0.2651949287283237,,,,
W4,fluxv_v4b_filtered,0.671875,0.2920503466429667,0.20756791856533408,,,,
W4,fluxv_v4b_filtered,0.6796875,0.2108628828629543,0.14905736389673463,,,,
W4,fluxv_v4b_filtered,0.6875,0.1354306193235435,0.0908042107258904,,,,
W4,fluxv_v4b_filtered,0.6953125,0.06495013369294877,0.0337073742507632,,,,
W4,fluxv_v4b_filtered,0.703125,-0.001504900162621503,-0.02160795845522223,,,,
W4,fluxv_v4b_filtered,0.7109375,-0.06484934679388776,-0.07478995140303746,,,,
W4,fluxv_v4b_filtered,0.71875,-0.12586810633543255,-0.12572871647862405,,,,
W4,fluxv_v4b_filtered,0.7265625,-0.18512615565472812,-0.17449858651206174,,,,
W4,fluxv_v4b_filtered,0.734375,-0.24291567213461285,-0.2212818437965024,,,,
W4,fluxv_v4b_filtered,0.7421875,-0.2992438106760327,-0.26628381602257,,,,
W4,fluxv_v4b_filtered,0.75,-0.35385953824246363,-0.30965018719890536,,,,
W4,fluxv_v4b_filtered,0.7578125,-0.4063131975377814,-0.3513969996561127,,,,
W4,fluxv_v4b_filtered,0.765625,-0.45603873256155336,-0.3913621912859214,,,,
W4,fluxv_v4b_filtered,0.7734375,-0.5024461868501042,-0.4291848172937318,,,,
W4,fluxv_v4b_filtered,0.78125,-0.5450114178291565,-0.46431467283798644,,,,
W4,fluxv_v4b_filtered,0.7890625,-0.5833509853995722,-0.4960512754363592,,,,
W4,fluxv_v4b_filtered,0.796875,-0.6172726883029365,-0.5236075365064008,,,,
W4,fluxv_v4b_filtered,0.8046875,-0.6467958744222642,-0.5461903874295654,,,,
W4,fluxv_v4b_filtered,0.8125,-0.6721399437376823,-0.5630884971964437,,,,
W4,fluxv_v4b_filtered,0.8203125,-0.6936838284351308,-0.5737562842401044,,,,
W4,fluxv_v4b_filtered,0.828125,-0.7119031091925858,-0.577883799694158,,,,
W4,fluxv_v4b_filtered,0.8359375,-0.7272943183073031,-0.5754437010742334,,,,
W4,fluxv_v4b_filtered,0.84375,-0.7402975309471931,-0.5667092498174591,,,,
W4,fluxv_v4b_filtered,0.8515625,-0.7512283742155482,-0.5522407291416083,,,,
W4,fluxv_v4b_filtered,0.859375,-0.7602291066424296,-0.5328414750503944,,,,
W4,fluxv_v4b_filtered,0.8671875,-0.767245648929201,-0.5094883860698997,,,,
W4,fluxv_v4b_filtered,0.875,-0.772033756955375,-0.48324488245888103,,,,
W4,fluxv_v4b_filtered,0.8828125,-0.7741934140239135,-0.4551664454504131,,,,
W4,fluxv_v4b_filtered,0.890625,-0.7732265287207598,-0.42620981566580585,,,,
W4,fluxv_v4b_filtered,0.8984375,-0.7686096891424715,-0.39715654559359576,,,,
W4,fluxv_v4b_filtered,0.90625,-0.7598714911649977,-0.3685599219741977,,,,
W4,fluxv_v4b_filtered,0.9140625,-0.7466631340790506,-0.3407214940704017,,,,
W4,fluxv_v4b_filtered,0.921875,-0.7288116863781341,-0.313699890781462,,,,
W4,fluxv_v4b_filtered,0.9296875,-0.706347594595375,-0.2873507062571984,,,,
W4,fluxv_v4b_filtered,0.9375,-0.6795013751794903,-0.2613924481857117,,,,
W4,fluxv_v4b_filtered,0.9453125,-0.6486685710431307,-0.2354903328325743,,,,
W4,fluxv_v4b_filtered,0.953125,-0.61434644135208,-0.20934746837611262,,,,
W4,fluxv_v4b_filtered,0.9609375,-0.5770499151365766,-0.18279197244154238,,,,
W4,fluxv_v4b_filtered,0.96875,-0.5372175369435803,-0.1558489531172153,,,,
W4,fluxv_v4b_filtered,0.9765625,-0.495120026070373,-0.12878801299560186,,,,
W4,fluxv_v4b_filtered,0.984375,-0.4507843767376376,-0.10213981885174478,,,,
W4,fluxv_v4b_filtered,0.9921875,-0.40394505696828786,-0.0766789811026132,,,,
W4,fluxv_v4b_lcrit019,0.0,-0.3167057685382124,-0.060355248802916636,0.7657877942658413,0.5435368518624276,0.00011910092397299232,0.0
W4,fluxv_v4b_lcrit019,0.0078125,-0.2504293283584044,-0.04684879687819933,0.7654441022077005,0.5709306040140579,-0.018333849155216332,0.0
W4,fluxv_v4b_lcrit019,0.015625,-0.18051909619425277,-0.03755980870739382,0.7651130364831552,0.5927683839556755,-0.03904537580233855,0.0
W4,fluxv_v4b_lcrit019,0.0234375,-0.09542465790831903,-0.03248522221088427,0.7647949419236123,0.658770753962031,-0.060025073443882006,0.0
W4,fluxv_v4b_lcrit019,0.03125,-0.005842242095244532,-0.03330929064493058,0.7644901564938961,0.7231240986503913,-0.08655117041541181,0.0
W4,fluxv_v4b_lcrit019,0.0390625,0.044584164371783475,-0.03771141260099589,0.7641990097731418,0.6008308922220141,-0.10687589372845341,1.0
W4,fluxv_v4b_lcrit019,0.046875,0.12999347115227836,-0.0455000925297019,0.7639218214530914,0.6067716665490137,-0.11835031810670384,1.0
W4,fluxv_v4b_lcrit019,0.0546875,0.20164030767093866,-0.057974825277404884,0.7636588998596239,0.5345071405705322,-0.12468525182404164,1.0
W4,fluxv_v4b_lcrit019,0.0625,0.3013112511899245,-0.07761962407459899,0.7634105405034597,0.561261170158819,-0.13464196740285242,1.0
W4,fluxv_v4b_lcrit019,0.0703125,0.4240359913799613,-0.1061438922624244,0.7631770246660464,0.6661964777108683,-0.15376206313618673,1.0
W4,fluxv_v4b_lcrit019,0.078125,0.5234419046354153,-0.13890501840323746,0.762958618026656,0.654038230640646,-0.1608887363609229,1.0
W4,fluxv_v4b_lcrit019,0.0859375,0.6396362375994735,-0.18024526496943488,0.762755569336707,0.6952426487788499,-0.1747631445293365,1.0
W4,fluxv_v4b_lcrit019,0.09375,0.7742328851499543,-0.2263618517869555,0.7625681091472539,0.8018777591846092,-0.2015602158774066,1.0
W4,fluxv_v4b_lcrit019,0.1015625,0.8687502281096573,-0.26439815769555247,0.7623964485954767,0.7287258423328808,-0.19327393183481076,1.0
W4,fluxv_v4b_lcrit019,0.109375,1.0601712565004746,-0.3244335739306329,0.7622407782558387,1.051652026219891,-0.27395528221510235,1.0
W4,fluxv_v4b_lcrit019,0.1171875,1.1135539426548549,-0.35252233240134245,0.7621012670613704,0.7818558895969238,-0.212423178532805,1.0
W4,fluxv_v4b_lcrit019,0.125,1.431316812457549,-0.4547031810812943,0.7619780613002847,1.6108599409380202,-0.44859995400207153,1.0
W4,fluxv_v4b_lcrit019,0.1328125,1.3945907467524918,-0.4604594994295125,0.7618712836928183,0.9387054064439011,-0.258996176129161,1.0
W4,fluxv_v4b_lcrit019,0.140625,1.4496215238686088,-0.49471335755290313,0.7617810325528532,0.6417839206581034,-0.16089426132949225,1.0
W4,fluxv_v4b_lcrit019,0.1484375,1.6083886191396575,-0.5693066487735062,0.7617073810384781,0.7721077964804041,-0.1963062998667524,1.0
W4,fluxv_v4b_lcrit019,0.15625,1.5676511335778192,-0.5812744228181166,0.7616503764952224,0.06036084789065958,0.07346185765151224,1.0
W4,fluxv_v4b_lcrit019,0.1640625,1.75069381449355,-0.6835082512721163,0.7616100398952305,0.286773456653301,0.01161056112536564,1.0
W4,fluxv_v4b_lcrit019,0.171875,1.9907308656139264,-0.8180306574575202,0.7615863653751476,0.7572491029207814,-0.15352452106733994,1.0
W4,fluxv_v4b_lcrit019,0.1796875,2.1076902457116082,-0.9084845317952002,0.7615793198749654,0.7224079844622516,-0.12179216070804971,1.0
W4,fluxv_v4b_lcrit019,0.1875,2.500204308475187,-1.1195493009244502,0.761588842879526,1.8592938006404476,-0.5891404703675791,1.0
W4,fluxv_v4b_lcrit019,0.1953125,2.1469577057432256,-1.0107470145524398,0.7616148462638233,-0.11087041176262914,0.2861882205642887,1.0
W4,fluxv_v4b_lcrit019,0.203125,2.503576207799373,-1.2131523760504483,0.7616572142426596,0.9229481301197469,-0.1493136020307432,1.0
W4,fluxv_v4b_lcrit019,0.2109375,2.7322055281360966,-1.3618592125917048,0.7617158034246374,1.4513702339981864,-0.3717639133384729,1.0
W4,fluxv_v4b_lcrit019,0.21875,2.70208147938073,-1.3906164397766814,0.761790442969874,0.9298113438673465,-0.10979410522892857,1.0
W4,fluxv_v4b_lcrit019,0.2265625,3.4894197527333244,-1.804059761953188,0.7618809348502573,3.8808604979204553,-1.4889124996932632,1.0
W4,fluxv_v4b_lcrit019,0.234375,2.880828465254092,-1.5523959199289357,0.7619870542104816,1.0128224472416023,-0.10699156155729805,1.0
W4,fluxv_v4b_lcrit019,0.2421875,3.0292592667558154,-1.6570085793526454,0.7621085498275542,1.3697443307043227,-0.2593009376391248,1.0
W4,fluxv_v4b_lcrit019,0.25,3.075405048042576,-1.7079387922420517,0.7622451446659269,1.3435222209084243,-0.22878890584651201,1.0
W4,fluxv_v4b_lcrit019,0.2578125,2.9555803974233728,-1.6734732494484403,0.7623965365249045,0.665433508479365,0.11456203752019106,1.0
W4,fluxv_v4b_lcrit019,0.265625,3.081579831086673,-1.7514321202984133,0.7625623987744969,1.0672490978306313,-0.06428399258206885,1.0
W4,fluxv_v4b_lcrit019,0.2734375,3.2120839059797355,-1.8242432013349226,0.762742381175447,1.5319142434551352,-0.27217000397524566,1.0
W4,fluxv_v4b_lcrit019,0.28125,3.3347276293477277,-1.8850164485519898,0.7629361107787582,2.0042766027907266,-0.4801227179300042,1.0
W4,fluxv_v4b_lcrit019,0.2890625,3.086864060025614,-1.7658648384848847,0.763143192899686,0.9493820346854307,0.021831021151632435,1.0
W4,fluxv_v4b_lcrit019,0.296875,3.288141274707675,-1.8464925346884704,0.7633632121608354,1.8222845619184223,-0.3667199243931085,1.0
W4,fluxv_v4b_lcrit019,0.3046875,3.2898570299401757,-1.8274709077970728,0.7635957335987402,1.879674117159956,-0.3786633846657683,1.0
W4,fluxv_v4b_lcrit019,0.3125,3.2225152844106706,-1.771258140672304,0.7638403038280717,1.666911819872403,-0.27368662903086016,1.0
W4,fluxv_v4b_lcrit019,0.3203125,3.3259302731373652,-1.7802655143582728,0.7640964522574514,2.1950091402403173,-0.4814698405299522,1.0
W4,fluxv_v4b_lcrit019,0.328125,2.879786268532383,-1.5596055083501859,0.7643636923507161,0.40520015219565886,0.2526278751307886,1.0
W4,fluxv_v4b_lcrit019,0.3359375,2.863261232977631,-1.5112748353690089,0.7646415229274067,0.4458273715934942,0.22812224050821733,1.0
W4,fluxv_v4b_lcrit019,0.34375,2.818451959444807,-1.450930164274029,0.7649294294962227,0.37089115871312983,0.24650457753139154,1.0
W4,fluxv_v4b_lcrit019,0.3515625,2.8503769001794668,-1.419614437020581,0.7652268856152022,0.6228974231387658,0.14841168863900278,1.0
W4,fluxv_v4b_lcrit019,0.359375,2.5830751516808985,-1.2886894129598916,0.7655333542724521,-0.4027975064607645,0.4776226843166002,1.0
W4,fluxv_v4b_lcrit019,0.3671875,2.6955242658470087,-1.2828316196284926,0.7658482892813511,0.18707575179524683,0.27029699132813667,1.0
W4,fluxv_v4b_lcrit019,0.375,2.7940593436884518,-1.2645014499961218,0.7661711366843075,0.7153115521098686,0.10572084822497732,1.0
W4,fluxv_v4b_lcrit019,0.3828125,2.4837164156692304,-1.1286327858646172,0.7665013361593167,-0.509020389885389,0.42741652700144867,0.0
W4,fluxv_v4b_lcrit019,0.390625,2.703160160549718,-1.1279814306505938,0.7668383224237989,0.5339571132331166,0.14767664988955476,0.0
W4,fluxv_v4b_lcrit019,0.3984375,2.6524793985431043,-1.0504134806694243,0.7671815266304277,0.42063629244509615,0.17063880425142908,0.0
W4,fluxv_v4b_lcrit019,0.40625,2.5475505120708446,-0.9562681743185899,0.7675303777499428,0.07710902379715702,0.2354386572202424,0.0
W4,fluxv_v4b_lcrit019,0.4140625,2.536507423494472,-0.8745310943792828,0.7678843039362309,0.14320084859898158,0.21665487536896394,0.0
W4,fluxv_v4b_lcrit019,0.421875,2.5778109894424577,-0.7945339095048626,0.7682427338692721,0.4424451827974127,0.16826456000914017,0.0
W4,fluxv_v4b_lcrit019,0.4296875,2.477595150982894,-0.6954432844130939,0.7686050980718817,0.13444330702063828,0.20523730161189657,0.0
W4,fluxv_v4b_lcrit019,0.4375,2.4111733468233716,-0.6044189146601201,0.7689708301965124,-0.024151318858987286,0.2130952755765853,0.0
W4,fluxv_v4b_lcrit019,0.4453125,2.3764202865540427,-0.5186806884903561,0.7693393682787315,-0.0407369658613969,0.2045281468770129,0.0
W4,fluxv_v4b_lcrit019,0.453125,2.317727675518304,-0.43384444781587206,0.7697101559543411,-0.15500193230353843,0.19925728217662886,0.0
W4,fluxv_v4b_lcrit019,0.4609375,2.250749444019015,-0.35203344638512923,0.7700826436374518,-0.2982726446082869,0.18884133053191718,0.0
W4,fluxv_v4b_lcrit019,0.46875,2.1935141546997095,-0.27362659319675303,0.7704562896571793,-0.3911482723197694,0.17241645725508847,0.0
W4,fluxv_v4b_lcrit019,0.4765625,2.135048449915175,-0.19835273818132965,0.7708305613509655,-0.48034134858707217,0.15199610987721257,0.0
W4,fluxv_v4b_lcrit019,0.484375,2.0864081990873555,-0.1255666616820237,0.7712049361128656,-0.5166791160061676,0.13129616461826105,0.0
W4,fluxv_v4b_lcrit019,0.4921875,2.0522684606176624,-0.05405580614336149,0.7715789023954591,-0.4787040421169757,0.116598439323992,0.0
W4,fluxv_v4b_lcrit019,0.5,1.9829686920598744,0.010578348054704277,0.7719519606643516,-0.5831920304276991,0.08440395517874182,0.0
W4,fluxv_v4b_lcrit019,0.5078125,1.9729679626255203,0.08107797578828517,0.7723236243045305,-0.41544626092254927,0.09168458267405184,0.0
W4,fluxv_v4b_lcrit019,0.515625,2.0059114808409677,0.15945178418057682,0.7726934204781045,-0.04568424037824593,0.14861476753723998,0.0
W4,fluxv_v4b_lcrit019,0.5234375,1.9311713283534426,0.2151062233257628,0.7730608909332201,-0.1363743081465193,0.12181723149050523,0.0
W4,fluxv_v4b_lcrit019,0.53125,1.740064185526556,0.23616585139773932,0.7734255927641794,-0.727889528564556,-0.04029510650274995,0.0
W4,fluxv_v4b_lcrit019,0.5390625,1.870262143038187,0.3387963477217928,0.7737870991229997,0.11224292246914433,0.17642057656890256,0.0
W4,fluxv_v4b_lcrit019,0.546875,1.7729718083261523,0.3764897670087133,0.7741449998828508,-0.03899277515918457,0.1263851564430935,0.0
W4,fluxv_v4b_lcrit019,0.5546875,1.6618531615232144,0.4034775636908686,0.7744989022539739,-0.23890562857156147,0.050136861278857456,0.0
W4,fluxv_v4b_lcrit019,0.5625,1.5791544850036283,0.4343290701291568,0.7748484313528383,-0.30023615822522687,0.013587604467197159,0.0
W4,fluxv_v4b_lcrit019,0.5703125,1.5492338785718585,0.4820594509128581,0.775193230725421,-0.11422422285698985,0.07614023746075349,0.0
W4,fluxv_v4b_lcrit019,0.578125,1.3962421925893682,0.4733719240535742,0.7755329628255946,-0.4634642270922153,-0.08698498759904677,0.0
W4,fluxv_v4b_lcrit019,0.5859375,1.294956731810587,0.479479925276034,0.7758673094497013,-0.5709596037845892,-0.15780310252344792,0.0
W4,fluxv_v4b_lcrit019,0.59375,1.2006028988365358,0.4827407793373319,0.7761959721284483,-0.6361419935229715,-0.21351051139285035,0.0
W4,fluxv_v4b_lcrit019,0.6015625,1.0469857404690783,0.4482426970113008,0.7765169842979223,-0.9555578629214492,-0.4091220228713473,0.0
W4,fluxv_v4b_lcrit019,0.609375,1.0353569902081192,0.4840597543488194,0.7768274238095791,-0.629116871023348,-0.2599433113750938,0.0
W4,fluxv_v4b_lcrit019,0.6171875,0.9857237052645007,0.4959684328086596,0.7771245383043803,-0.46251609201814914,-0.1864832585207083,0.0
W4,fluxv_v4b_lcrit019,0.625,0.8772880468245229,0.46770836145506994,0.7774057488384737,-0.5507309589874465,-0.2614895977684807,0.0
W4,fluxv_v4b_lcrit019,0.6328125,0.7375759883948243,0.41204448999850957,0.7776686532972759,-0.7719160508017279,-0.42775810204572023,0.0
W4,fluxv_v4b_lcrit019,0.640625,0.677242196871324,0.40138687532672235,0.7779110295665277,-0.629420679681773,-0.35954431175371654,0.0
W4,fluxv_v4b_lcrit019,0.6484375,0.5879937424917727,0.36603550519638045,0.778130838430509,-0.6115566026157853,-0.3706923445990201,0.0
W4,fluxv_v4b_lcrit019,0.65625,0.4974620565402341,0.32386908170235595,0.7783262261693865,-0.5956159276995808,-0.38172086944510825,0.0
W4,fluxv_v4b_lcrit019,0.6640625,0.3820655137190174,0.25721157916443665,0.7784955268296126,-0.6898454448343203,-0.473931771052513,0.0
W4,fluxv_v4b_lcrit019,0.671875,0.2805908250294183,0.19461940861142135,0.7786372641433909,-0.7212295443019789,-0.5206024721572057,0.0
W4,fluxv_v4b_lcrit019,0.6796875,0.21267142913600678,0.15296256832452684,0.7787501530754607,-0.6030804512732807,-0.44816612337759343,0.0
W4,fluxv_v4b_lcrit019,0.6875,0.11333742389944403,0.08160634449751218,0.7788331009778188,-0.6313342679670995,-0.48886820826333144,0.0
W4,fluxv_v4b_lcrit019,0.6953125,0.04876477067382934,0.034321807620439196,0.7788852083354697,-0.5093503444482661,-0.40373295084302036,0.0
W4,fluxv_v4b_lcrit019,0.703125,-0.025690001809367924,-0.02460111345478773,0.7789057690888699,-0.4415595805689262,-0.3588911635372398,0.0
W4,fluxv_v4b_lcrit019,0.7109375,-0.08817965002389401,-0.07632136462986004,0.7788942705213738,-0.3317629087434726,-0.274288678864036,0.0
W4,fluxv_v4b_lcrit019,0.71875,-0.12742318114807022,-0.11003370179279642,0.7788503927026951,-0.13149067030206543,-0.10654688377665573,0.0
W4,fluxv_v4b_lcrit019,0.7265625,-0.18247284959854262,-0.1590191016974416,0.7787740074821289,-0.019736655609780957,-0.01179398916762429,0.0
W4,fluxv_v4b_lcrit019,0.734375,-0.22535882092210258,-0.19834906232845434,0.778665177028037,0.1278344215269183,0.11714676067065892,0.0
W4,fluxv_v4b_lcrit019,0.7421875,-0.2697594401066623,-0.2395216430142832,0.778524151912829,0.2476009912751462,0.22306766409881523,0.0
W4,fluxv_v4b_lcrit019,0.75,-0.31703665708332385,-0.28328161246505196,0.7783513687453917,0.3320732376679849,0.2979280985867081,0.0
W4,fluxv_v4b_lcrit019,0.7578125,-0.37031510039955945,-0.33192540794128506,0.7781474473555656,0.36630821793725016,0.3274224491467872,0.0
W4,fluxv_v4b_lcrit019,0.765625,-0.42884550829950296,-0.384204266052001,0.7779131875378517,0.35335695605030265,0.31410631847960324,0.0
W4,fluxv_v4b_lcrit019,0.7734375,-0.477085785526976,-0.4257909096857104,0.7776495653640165,0.3632743091918759,0.3202679705708451,0.0
W4,fluxv_v4b_lcrit019,0.78125,-0.5313503769902119,-0.47065199686487913,0.7773577290766267,0.3231125014186928,0.28172637713004833,0.0
W4,fluxv_v4b_lcrit019,0.7890625,-0.5631270450941486,-0.49363411425859904,0.7770389945777831,0.36172899056742885,0.3109781560393329,0.0
W4,fluxv_v4b_lcrit019,0.796875,-0.6002337007609257,-0.5188212273178845,0.7766948405294023,0.35523486612494715,0.30013890890766987,0.0
W4,fluxv_v4b_lcrit019,0.8046875,-0.632298432317052,-0.5371549170393648,0.7763269030833139,0.351443256834193,0.29082746292188755,0.0
W4,fluxv_v4b_lcrit019,0.8125,-0.6589204038259887,-0.5484092605607469,0.7759369702611756,0.35344759739858367,0.2854826205116174,0.0
W4,fluxv_v4b_lcrit019,0.8203125,-0.6809525249783218,-0.5534942055591474,0.7755269760057543,0.3587572604197662,0.2818386503142635,0.0
W4,fluxv_v4b_lcrit019,0.828125,-0.6938528248744217,-0.5492063298355139,0.7750989939264674,0.3888646859107377,0.29618846198207743,0.0
W4,fluxv_v4b_lcrit019,0.8359375,-0.7138350836076529,-0.5483201061480476,0.7746552307632238,0.37287510907784144,0.27390294840818225,0.0
W4,fluxv_v4b_lcrit019,0.84375,-0.7260527333005576,-0.5396465558366503,0.7741980195935256,0.3778519616477897,0.2669235844748534,0.0
W4,fluxv_v4b_lcrit019,0.8515625,-0.7355542264480037,-0.5274047772352566,0.7737298128085158,0.38219539775173733,0.25861249235078193,0.0
W4,fluxv_v4b_lcrit019,0.859375,-0.7376200634344834,-0.5087362717429403,0.7732531748841608,0.40734433013873395,0.2635687110990654,0.0
W4,fluxv_v4b_lcrit019,0.8671875,-0.7407392463701522,-0.48988457954217135,0.7727707749740489,0.4162050479864018,0.2560742396636376,0.0
W4,fluxv_v4b_lcrit019,0.875,-0.7433725366006576,-0.4699517290516861,0.7722853793503802,0.41581954936177906,0.24184946546670574,0.0
W4,fluxv_v4b_lcrit019,0.8828125,-0.7412136216628041,-0.44654849619447246,0.7717998437196136,0.4250920900894445,0.2329698682612965,0.0
W4,fluxv_v4b_lcrit019,0.890625,-0.7217108773710246,-0.41323651062437,0.7713171054389341,0.4986372055160198,0.25900291463090536,0.0
W4,fluxv_v4b_lcrit019,0.8984375,-0.7042760425189237,-0.3820175759120044,0.7708401756592304,0.5509734812757607,0.2687155652272156,0.0
W4,fluxv_v4b_lcrit019,0.90625,-0.701836215160387,-0.35924362492642303,0.7703710329914869,0.5254328984532086,0.23584586173797695,0.0
W4,fluxv_v4b_lcrit019,0.9140625,-0.6882082134905827,-0.3312822071992614,0.7699099595676835,0.5356631842106245,0.22116239939315696,0.0
W4,fluxv_v4b_lcrit019,0.921875,-0.6742625236894771,-0.30403014735129946,0.7694572507729864,0.5335966311697103,0.20023378880218923,0.0
W4,fluxv_v4b_lcrit019,0.9296875,-0.6551592086544569,-0.2755428930942109,0.769013213984926,0.5395010678385493,0.18278708049972248,0.0
W4,fluxv_v4b_lcrit019,0.9375,-0.6356296620880981,-0.24821629303008952,0.7685781672750026,0.5320987176454741,0.15975753860676886,0.0
W4,fluxv_v4b_lcrit019,0.9453125,-0.6076194500068284,-0.21930714883802666,0.7681524380746598,0.5454089999642677,0.14436625073456621,0.0
W4,fluxv_v4b_lcrit019,0.953125,-0.5865000778293865,-0.19452445129074908,0.7677363618078732,0.5123573407819998,0.11341081414576547,0.0
W4,fluxv_v4b_lcrit019,0.9609375,-0.5565202257561468,-0.16866146797575626,0.7673302804929226,0.5001376885304624,0.09083728175531977,0.0
W4,fluxv_v4b_lcrit019,0.96875,-0.5147239688929848,-0.14189415378850692,0.7669345413162312,0.5206223681961624,0.07740182490455919,0.0
W4,fluxv_v4b_lcrit019,0.9765625,-0.471733563861294,-0.11778666926426862,0.7665494951814811,0.5275092867375037,0.05941558891230107,0.0
W4,fluxv_v4b_lcrit019,0.984375,-0.41223952841628947,-0.09356205440394018,0.7661754952375343,0.5857769809236311,0.05046668093876777,0.0
W4,fluxv_v4b_lcrit019,0.9921875,-0.3515635682852527,-0.07335228698772076,0.7658128953889938,0.6292813230999853,0.03461760279548179,0.0
W4,fluxv_v4b_lcrit019_filtered,0.0,-0.3155609496324665,-0.05537715112491844,,,,
W4,fluxv_v4b_lcrit019_filtered,0.0078125,-0.2556992681417305,-0.04169689639599161,,,,
W4,fluxv_v4b_lcrit019_filtered,0.015625,-0.18985927242163525,-0.032674753615203625,,,,
W4,fluxv_v4b_lcrit019_filtered,0.0234375,-0.11777158412401656,-0.028835200679275905,,,,
W4,fluxv_v4b_lcrit019_filtered,0.03125,-0.03932381059675405,-0.03050743351678481,,,,
W4,fluxv_v4b_lcrit019_filtered,0.0390625,0.04541201342471546,-0.03779837989148846,,,,
W4,fluxv_v4b_lcrit019_filtered,0.046875,0.13616838065401915,-0.05059087785587901,,,,
W4,fluxv_v4b_lcrit019_filtered,0.0546875,0.2324905119071229,-0.06856845317042803,,,,
W4,fluxv_v4b_lcrit019_filtered,0.0625,0.33376453757429003,-0.09126487992892313,,,,
W4,fluxv_v4b_lcrit019_filtered,0.0703125,0.4392640055047108,-0.11813354466974446,,,,
W4,fluxv_v4b_lcrit019_filtered,0.078125,0.5482106737530263,-0.1486289372155109,,,,
W4,fluxv_v4b_lcrit019_filtered,0.0859375,0.6598434567368135,-0.18229069820053823,,,,
W4,fluxv_v4b_lcrit019_filtered,0.09375,0.7734878779747906,-0.21881981614311952,,,,
W4,fluxv_v4b_lcrit019_filtered,0.1015625,0.8886176665334176,-0.25813692260399823,,,,
W4,fluxv_v4b_lcrit019_filtered,0.109375,1.0049003599844337,-0.30041418461984837,,,,
W4,fluxv_v4b_lcrit019_filtered,0.1171875,1.1222199826047725,-0.34607490351227055,,,,
W4,fluxv_v4b_lcrit019_filtered,0.125,1.240671978480326,-0.3957583371344093,,,,
W4,fluxv_v4b_lcrit019_filtered,0.1328125,1.3605284091873528,-0.4502511088896941,,,,
W4,fluxv_v4b_lcrit019_filtered,0.140625,1.4821746945435728,-0.5103904319272818,,,,
W4,fluxv_v4b_lcrit019_filtered,0.1484375,1.6060225359629623,-0.5769478277540039,,,,
W4,fluxv_v4b_lcrit019_filtered,0.15625,1.7324067392548093,-0.6505046571430505,,,,
W4,fluxv_v4b_lcrit019_filtered,0.1640625,1.8614760837565578,-0.7313322902142853,,,,
W4,fluxv_v4b_lcrit019_filtered,0.171875,1.9930898584173495,-0.8192899220549805,,,,
W4,fluxv_v4b_lcrit019_filtered,0.1796875,2.1267319856369813,-0.9137518324218568,,,,
W4,fluxv_v4b_lcrit019_filtered,0.1875,2.2614536832578525,-1.013573386011801,,,,
W4,fluxv_v4b_lcrit019_filtered,0.1953125,2.3958534129370674,-1.1171015096795445,,,,
W4,fluxv_v4b_lcrit019_filtered,0.203125,2.5280996048755666,-1.2222311201985305,,,,
W4,fluxv_v4b_lcrit019_filtered,0.2109375,2.655997632747599,-1.326504447944519,,,,
W4,fluxv_v4b_lcrit019_filtered,0.21875,2.7770981309127434,-1.4272458805307735,,,,
W4,fluxv_v4b_lcrit019_filtered,0.2265625,2.8888394451605803,-1.521721292219635,,,,
W4,fluxv_v4b_lcrit019_filtered,0.234375,2.9887132422858,-1.607308220424402,,,,
W4,fluxv_v4b_lcrit019_filtered,0.2421875,3.0744394850592247,-1.681661981795984,,,,
W4,fluxv_v4b_lcrit019_filtered,0.25,3.1441354326668183,-1.74286302957756,,,,
W4,fluxv_v4b_lcrit019_filtered,0.2578125,3.1964632528476518,-1.7895325277805814,,,,
W4,fluxv_v4b_lcrit019_filtered,0.265625,3.230742282011408,-1.8209060883282295,,,,
W4,fluxv_v4b_lcrit019_filtered,0.2734375,3.247014836717521,-1.836859579934292,,,,
W4,fluxv_v4b_lcrit019_filtered,0.28125,3.246058507161334,-1.8378854635172428,,,,
W4,fluxv_v4b_lcrit019_filtered,0.2890625,3.2293426681604744,-1.8250227699349937,,,,
W4,fluxv_v4b_lcrit019_filtered,0.296875,3.198932055597873,-1.7997481339529127,,,,
W4,fluxv_v4b_lcrit019_filtered,0.3046875,3.157345167250603,-1.7638387977441339,,,,
W4,fluxv_v4b_lcrit019_filtered,0.3125,3.1073794612698253,-1.7192208503466548,,,,
W4,fluxv_v4b_lcrit019_filtered,0.3203125,3.051918414320991,-1.6678169536888947,,,,
W4,fluxv_v4b_lcrit019_filtered,0.328125,2.993737147477754,-1.6114073457768372,,,,
W4,fluxv_v4b_lcrit019_filtered,0.3359375,2.9353233603676934,-1.5515160858184074,,,,
W4,fluxv_v4b_lcrit019_filtered,0.34375,2.8787287266614157,-1.489331535931737,,,,
W4,fluxv_v4b_lcrit019_filtered,0.3515625,2.825462856925514,-1.4256662980909898,,,,
W4,fluxv_v4b_lcrit019_filtered,0.359375,2.7764377382498178,-1.3609576599210769,,,,
W4,fluxv_v4b_lcrit019_filtered,0.3671875,2.7319656417138463,-1.2953054973997546,,,,
W4,fluxv_v4b_lcrit019_filtered,0.375,2.6918083492966502,-1.2285409673119678,,,,
W4,fluxv_v4b_lcrit019_filtered,0.3828125,2.655270712086897,-1.1603165639406834,,,,
W4,fluxv_v4b_lcrit019_filtered,0.390625,2.6213274979653054,-1.0902064764310746,,,,
W4,fluxv_v4b_lcrit019_filtered,0.3984375,2.588769620302492,-1.0178057993601501,,,,
W4,fluxv_v4b_lcrit019_filtered,0.40625,2.556354433688883,-0.9428180118342453,,,,
W4,fluxv_v4b_lcrit019_filtered,0.4140625,2.5229449575365104,-0.865122105551682,,,,
W4,fluxv_v4b_lcrit019_filtered,0.421875,2.4876245968413793,-0.7848135480124611,,,,
W4,fluxv_v4b_lcrit019_filtered,0.4296875,2.4497769653996095,-0.7022165667822662,,,,
W4,fluxv_v4b_lcrit019_filtered,0.4375,2.4091244385102195,-0.6178686440748409,,,,
W4,fluxv_v4b_lcrit019_filtered,0.4453125,2.3657236299897075,-0.532481229147822,,,,
W4,fluxv_v4b_lcrit019_filtered,0.453125,2.3199206125953142,-0.4468831660480011,,,,
W4,fluxv_v4b_lcrit019_filtered,0.4609375,2.272272895005834,-0.36195493661309963,,,,
W4,fluxv_v4b_lcrit019_filtered,0.46875,2.223448500314706,-0.27856238489994734,,,,
W4,fluxv_v4b_lcrit019_filtered,0.4765625,2.1741146284191672,-0.19749809602581217,,,,
W4,fluxv_v4b_lcrit019_filtered,0.484375,2.124829129325556,-0.11943715083621109,,,,
W4,fluxv_v4b_lcrit019_filtered,0.4921875,2.0759473204156373,-0.04491177818046799,,,,
W4,fluxv_v4b_lcrit019_filtered,0.5,2.027554657005813,0.02569322901202028,,,,
W4,fluxv_v4b_lcrit019_filtered,0.5078125,1.9794326609651876,0.09212524179684278,,,,
W4,fluxv_v4b_lcrit019_filtered,0.515625,1.9310616860354832,0.15423212632959044,,,,
W4,fluxv_v4b_lcrit019_filtered,0.5234375,1.8816599794721254,0.21191965937370083,,,,
W4,fluxv_v4b_lcrit019_filtered,0.53125,1.8302545379022037,0.2651047699746781,,,,
W4,fluxv_v4b_lcrit019_filtered,0.5390625,1.7757758733909568,0.31367171224983537,,,,
W4,fluxv_v4b_lcrit019_filtered,0.546875,1.717166353255866,0.35743771728550433,,,,
W4,fluxv_v4b_lcrit019_filtered,0.5546875,1.653490494619159,0.3961332850392313,,,,
W4,fluxv_v4b_lcrit019_filtered,0.5625,1.5840355897641833,0.4294002497770581,,,,
W4,fluxv_v4b_lcrit019_filtered,0.5703125,1.5083922775686143,0.4568083499066282,,,,
W4,fluxv_v4b_lcrit019_filtered,0.578125,1.4265069921566005,0.4778885617728926,,,,
W4,fluxv_v4b_lcrit019_filtered,0.5859375,1.338701332784761,0.49217922751647647,,,,
W4,fluxv_v4b_lcrit019_filtered,0.59375,1.2456569506302162,0.4992792958168043,,,,
W4,fluxv_v4b_lcrit019_filtered,0.6015625,1.1483681432392403,0.4989020102657532,,,,
W4,fluxv_v4b_lcrit019_filtered,0.609375,1.0480675979296545,0.490922240197018,,,,
W4,fluxv_v4b_lcrit019_filtered,0.6171875,0.9461332932399061,0.4754113646449334,,,,
W4,fluxv_v4b_lcrit019_filtered,0.625,0.8439861999765448,0.4526550976281137,,,,
W4,fluxv_v4b_lcrit019_filtered,0.6328125,0.742988978713512,0.42315169481076864,,,,
W4,fluxv_v4b_lcrit019_filtered,0.640625,0.6443553298346567,0.38759035089944455,,,,
W4,fluxv_v4b_lcrit019_filtered,0.6484375,0.5490781173936511,0.3468119894053601,,,,
W4,fluxv_v4b_lcrit019_filtered,0.65625,0.45788206661972564,0.30175676587709066,,,,
W4,fluxv_v4b_lcrit019_filtered,0.6640625,0.37120401280065574,0.25340419156439264,,,,
W4,fluxv_v4b_lcrit019_filtered,0.671875,0.28920068619098016,0.2027126426040084,,,,
W4,fluxv_v4b_lcrit019_filtered,0.6796875,0.21178118822075942,0.15056504631116674,,,,
W4,fluxv_v4b_lcrit019_filtered,0.6875,0.13865895043102916,0.09772672969175228,,,,
W4,fluxv_v4b_lcrit019_filtered,0.6953125,0.06941630531150578,0.04481987696455403,,,,
W4,fluxv_v4b_lcrit019_filtered,0.703125,0.0035739837368262695,-0.007683036407474475,,,,
W4,fluxv_v4b_lcrit019_filtered,0.7109375,-0.05934206969400746,-0.05944682880913077,,,,
W4,fluxv_v4b_lcrit019_filtered,0.71875,-0.1197432645503822,-0.11024456751826217,,,,
W4,fluxv_v4b_lcrit019_filtered,0.7265625,-0.17793543047022187,-0.159916301138318,,,,
W4,fluxv_v4b_lcrit019_filtered,0.734375,-0.23409345310477092,-0.2083214809071483,,,,
W4,fluxv_v4b_lcrit019_filtered,0.7421875,-0.28825431656394085,-0.2552917477363017,,,,
W4,fluxv_v4b_lcrit019_filtered,0.75,-0.34032723215149097,-0.30059069302431296,,,,
W4,fluxv_v4b_lcrit019_filtered,0.7578125,-0.3901177028201579,-0.34388630527361064,,,,
W4,fluxv_v4b_lcrit019_filtered,0.765625,-0.43736106334250024,-0.38474020008134746,,,,
W4,fluxv_v4b_lcrit019_filtered,0.7734375,-0.4817603685701448,-0.42261559562680984,,,,
W4,fluxv_v4b_lcrit019_filtered,0.78125,-0.5230235122843685,-0.4569036015722312,,,,
W4,fluxv_v4b_lcrit019_filtered,0.7890625,-0.5608950976033777,-0.4869650314466316,,,,
W4,fluxv_v4b_lcrit019_filtered,0.796875,-0.5951797220091481,-0.5121829191025482,,,,
W4,fluxv_v4b_lcrit019_filtered,0.8046875,-0.6257548048474295,-0.5320194718768769,,,,
W4,fluxv_v4b_lcrit019_filtered,0.8125,-0.6525726608076399,-0.5460705097881934,,,,
W4,fluxv_v4b_lcrit019_filtered,0.8203125,-0.6756529950258643,-0.5541106118132944,,,,
W4,fluxv_v4b_lcrit019_filtered,0.828125,-0.6950681748441774,-0.556123202977035,,,,
W4,fluxv_v4b_lcrit019_filtered,0.8359375,-0.7109243794019393,-0.5523115523118216,,,,
W4,fluxv_v4b_lcrit019_filtered,0.84375,-0.7233419659348939,-0.543088904664222,,,,
W4,fluxv_v4b_lcrit019_filtered,0.8515625,-0.732438118650415,-0.52904846677308,,,,
W4,fluxv_v4b_lcrit019_filtered,0.859375,-0.7383141308790466,-0.51091640562689,,,,
W4,fluxv_v4b_lcrit019_filtered,0.8671875,-0.7410486418341258,-0.4894930950192061,,,,
W4,fluxv_v4b_lcrit019_filtered,0.875,-0.7406969740749209,-0.4655893058613357,,,,
W4,fluxv_v4b_lcrit019_filtered,0.8828125,-0.7372955812714383,-0.43996469172142005,,,,
W4,fluxv_v4b_lcrit019_filtered,0.890625,-0.730869693059016,-0.41327568424026784,,,,
W4,fluxv_v4b_lcrit019_filtered,0.8984375,-0.7214416755873163,-0.3860388028188991,,,,
W4,fluxv_v4b_lcrit019_filtered,0.90625,-0.7090375001785586,-0.35861352566258425,,,,
W4,fluxv_v4b_lcrit019_filtered,0.9140625,-0.6936890498992188,-0.33120648416951654,,,,
W4,fluxv_v4b_lcrit019_filtered,0.921875,-0.6754307473810445,-0.30389611630510094,,,,
W4,fluxv_v4b_lcrit019_filtered,0.9296875,-0.6542900466195317,-0.27667436674920604,,,,
W4,fluxv_v4b_lcrit019_filtered,0.9375,-0.6302725384324859,-0.24949986671276686,,,,
W4,fluxv_v4b_lcrit019_filtered,0.9453125,-0.603343589039458,-0.22235553526625224,,,,
W4,fluxv_v4b_lcrit019_filtered,0.953125,-0.5734093781836366,-0.195302910543873,,,,
W4,fluxv_v4b_lcrit019_filtered,0.9609375,-0.5403007669794802,-0.1685258352133299,,,,
W4,fluxv_v4b_lcrit019_filtered,0.96875,-0.5037634944413213,-0.14235736352311276,,,,
W4,fluxv_v4b_lcrit019_filtered,0.9765625,-0.4634577295900084,-0.1172857908082898,,,,
W4,fluxv_v4b_lcrit019_filtered,0.984375,-0.41896902222417054,-0.09393829525581121,,,,
W4,fluxv_v4b_lcrit019_filtered,0.9921875,-0.36983130306804646,-0.07304351839531853,,,,
