{"17|a|1.4": {"x": [0.0, 15.0, 24.9375, 30.0, 44.8125], "exp": [-2.044271815920397, -2.163805609452734, -2.283339402985071, -2.6248645273631888, -3.1029997014925357], "kind": "T", "prev": [-0.6212606597932877, 0.5012557317587614, 0.4390809231738065, -0.01201197556242728, -0.7239942754512046], "curr": [-1.364123614054971, -1.5078602191194703, -2.0841360593497105, -2.687903722688654, -3.4084756033821906]}, "17|a|1.7": {"x": [0.0, 15.0, 24.9375, 30.0, 44.8125], "exp": [-1.9759667910447776, -1.9076617661691582, -1.9247380223880606, -2.300415659203983, -2.966389651741296], "kind": "T", "prev": [-0.9924956130162935, 0.8413389451576041, 0.9416625444785578, 0.7959787772344897, -0.46636297193643184], "curr": [-0.868635987067045, -0.5927408967755999, -1.217092233254883, -1.6243932551462341, -3.2060174959331134]}, "17|a|2.0": {"x": [0.0, 15.0, 24.9375, 29.8125, 45.0], "exp": [-1.9247380223880606, -1.5661366417910405, -1.5149078731343235, -1.890585509950246, -2.812703345771145], "kind": "T", "prev": [-1.5855648989206155, 0.8922473940346786, 1.5192874663867253, 1.4470921781182278, 0.1348608026492858], "curr": [-0.4891292513593617, 0.16082161418714747, -0.13691949769581385, -0.5635149083630879, -2.5158210815765023]}, "17|a|2.3": {"x": [0.0, 15.0, 24.9375, 30.0, 45.0], "exp": [-1.805204228855724, -1.1563064925373132, -1.0709252114427814, -1.4124503358208989, -2.471178221393037], "kind": "T", "prev": [-2.2729447953334727, 0.7039876581399024, 1.8196194509873875, 2.036019653387179, 1.0487611396362255], "curr": [-0.11697175860841508, 0.7839386387516718, 0.7858083309863413, 0.5350526336924759, -1.3806019953183875]}, "17|a|2.6": {"x": [0.0, 15.0, 24.9375, 30.0, 45.0], "exp": [-1.63444166666667, -0.7635525995024872, -0.5586375248756216, -0.8147813681592044, -1.7539754601990067], "kind": "T", "prev": [-3.076361821851547, 0.4073067094472612, 1.8909570273530714, 2.352868650697083, 2.044124591726922], "curr": [0.20137785353723492, 1.3904507141857838, 1.5824832565320472, 1.4814642325991754, -0.04644751338009401]}, "17|b|1.4": {"x": [0.0, 15.0, 24.9375, 30.0, 45.0], "exp": [7.429280303030307, 7.667017272727274, 6.151444090909089, 6.092009848484847, 5.794838636363637], "kind": "L", "prev": [5.774938248502292, 4.671815831790093, 4.027161197244128, 3.8990302090131146, 3.457676731842734], "curr": [5.517870950228658, 4.511488889178594, 3.9350430882381175, 3.8416337556492306, 3.498050181788287]}, "17|b|1.7": {"x": [0.0, 15.0, 24.9375, 30.0, 45.0], "exp": [7.51843166666667, 8.023622727272725, 6.745786515151516, 6.478332424242428, 5.824555757575758], "kind": "L", "prev": [6.257683707150482, 5.179805270614405, 4.358841731250792, 4.0358219384301925, 3.585420397254846], "curr": [5.902746729885172, 4.933744051742843, 4.191449075804574, 3.909018635195593, 3.5749870536703683]}, "17|b|2.0": {"x": [0.0, 15.0, 25.125, 30.0, 45.0], "exp": [7.577865909090912, 8.380228181818186, 7.458997424242428, 6.864655, 5.913707121212121], "kind": "L", "prev": [6.756540963634322, 5.642642529112231, 4.923025776547236, 4.4765149086212315, 3.7845843606285547], "curr": [6.298191526684788, 5.302411247363035, 4.6717475304051534, 4.269115278652354, 3.7097879319513996]}, "17|b|2.3": {"x": [0.0, 15.0, 24.9375, 30.0, 45.0], "exp": [7.637300151515153, 8.677399393939396, 7.756168636363637, 7.072674848484847, 6.062292727272726], "kind": "L", "prev": [6.951818403481227, 6.147077447668005, 5.391180494819366, 4.989733800990984, 4.01723938576161], "curr": [6.387508604652526, 5.707482778017864, 5.045870181206134, 4.6941485505900244, 3.8682140323604544]}, "17|b|2.6": {"x": [0.0, 15.0, 24.9375, 30.0, 45.0], "exp": [7.696734393939395, 8.796267878787878, 7.726451515151516, 7.221260454545451, 7.072674848484847], "kind": "L", "prev": [7.623749851884149, 6.532581231074942, 5.914133151721926, 5.507975299017344, 3.9849477591827878], "curr": [6.959557060828582, 5.990811098189347, 5.472383761171528, 5.1194438207283985, 3.754922239183015]}, "18|a|6.0": {"x": [1.4, 1.70132158590308, 1.99735682819383, 2.29867841409692, 2.6], "exp": [-3.170982766497466, -2.991774949238582, -2.6930952538071113, -2.274943680203045, -1.7970561675126904], "kind": "T", "prev": [-0.9039117976609208, -1.3985993161073773, -1.9930242561944698, -2.5978719558561503, -2.5224481405954426], "curr": [-0.5369589630715506, -0.25054473417676987, -0.013915818023267523, 0.25153154205688966, 1.1897150488452646]}, "18|a|8.0": {"x": [1.4, 1.70132158590308, 1.99735682819383, 2.29867841409692, 2.6], "exp": [-2.274943680203045, -1.9165280456852765, -1.5282444416243688, -1.0802248984771536, -0.5426014467005078], "kind": "T", "prev": [-0.6212606597932877, -0.9979573167061345, -1.5828407603358639, -2.280845895162126, -3.076361821851547], "curr": [-1.364123614054971, -0.8700307592707391, -0.4953805435550933, -0.12970146298657054, 0.20137785353723492]}, "18|a|10.0": {"x": [1.4, 1.70132158590308, 1.99735682819383, 2.29867841409692, 2.6], "exp": [-1.1399608375634516, -0.7516772335025381, -0.3335256598984766, 0.20409779187817306, 0.7417212436548217], "kind": "T", "prev": [-0.39748187568973664, -0.5245492993951361, -0.9787410588587058, -1.6345430633585285, -2.460016543538913], "curr": [-2.6441452707999993, -1.847269615536171, -1.2663147212092707, -0.7559055708560828, -0.31745926012990333]}, "18|b|6.0": {"x": [1.39454545454545, 1.7, 1.99454545454545, 2.3, 2.6], "exp": [3.8089597101449253, 3.8658098550724675, 3.92266, 3.92266, 3.8658098550724675], "kind": "L", "prev": [3.9623517532135315, 4.3075498290733885, 4.872478520623523, 5.110464654379159, 1.0630296666903576], "curr": [3.7320740653358038, 3.9967162855210123, 4.489063148190956, 4.669320959404086, 0.5782401179251135]}, "18|b|8.0": {"x": [1.4, 1.7, 2.0, 2.3, 2.6], "exp": [6.139815652173912, 6.76516724637681, 7.447368985507251, 7.788469855072467, 7.731619710144925], "kind": "L", "prev": [5.774938248502292, 6.257683707150482, 6.756540963634322, 6.951818403481227, 7.623749851884149], "curr": [5.517870950228658, 5.902746729885172, 6.298191526684788, 6.387508604652526, 6.959557060828582]}, "18|b|10.0": {"x": [1.39454545454545, 1.7, 1.99454545454545, 2.3, 2.6], "exp": [8.641222028985506, 9.38027391304348, 10.574126956521765, 10.91522782608696, 11.370028985507222], "kind": "L", "prev": [8.039610549601731, 8.581075801320345, 8.960431662357827, 9.404564547194106, 9.879529547983184], "curr": [7.769707627154473, 8.19885392157067, 8.46028094959059, 8.775360651321368, 9.11937134088422]}, "18|c|(6.0, 2.0)": {"x": [-0.191489361702128, 14.936170212766, 24.8936170212766, 29.8723404255319, 45.0], "exp": [-2.8033151010101025, -2.7240694444444467, -2.644823787878791, -3.0806748989898973, -4.190114090909089], "kind": "T", "prev": [-2.0283614225973703, 0.09047142677713316, 0.9901547431106632, 1.2583644592950523, 1.1558300950286846], "curr": [-0.02460601316917771, 0.7677439369389474, 0.9173080001846672, 0.8620387558182618, 0.030376168949542787]}, "18|c|(6.0, 2.3)": {"x": [-0.191489361702128, 14.936170212766, 24.8936170212766, 30.063829787234, 45.0], "exp": [-2.7240694444444467, -2.407086818181814, -2.28821833333333, -2.6052009595959627, -3.833508636363637], "kind": "T", "prev": [-2.603082450927416, -0.19604544866887086, 0.9394127356075248, 1.3941487396953873, 1.774786165210755], "curr": [0.26691589968109786, 1.2368693791276015, 1.4996572439839053, 1.5508481539232903, 1.0077116972831937]}, "18|c|(6.0, 2.6)": {"x": [0.0, 14.936170212766, 24.8936170212766, 29.8723404255319, 45.0], "exp": [-2.6052009595959627, -2.248595505050502, -1.8127443939393952, -2.1297270202020187, -3.516526010101014], "kind": "T", "prev": [-2.5224481405954426, -0.5178650534183896, 0.8627697285413678, 1.3882544053403294, 2.320697455527054], "curr": [1.1897150488452646, 1.7294947047318276, 2.1245639425822027, 2.1992632441043076, 1.995220576941215]}, "18|c|(8.0, 2.0)": {"x": [-0.191489361702128, 14.936170212766, 25.0851063829787, 30.063829787234, 44.8085106382979], "exp": [-1.931612878787879, -1.614630252525256, -1.5353845959596004, -1.8919900505050513, -2.7636922727272744], "kind": "T",