benchmark,case_id,phase,baseline_CL,baseline_CD,region_owner_CL,region_owner_CD,wA,wL,wP,canonical_eligible,baseline_CT,region_owner_CT
yang2025,aoa_0,0.0,,,-0.8465428902636694,-0.07290272136281825,0.0,0.7499999999999999,0.25000000000000006,false,,
yang2025,aoa_0,0.0078125,,,-0.8744823678689715,-0.07110244361529428,0.0,0.7499999999999999,0.25000000000000006,false,,
yang2025,aoa_0,0.015625,,,-0.8308103129410731,-0.0697048256676577,0.0,0.7499999999999999,0.25000000000000006,false,,
yang2025,aoa_0,0.0234375,,,-0.7760442947409021,-0.07330563889895492,0.0,0.8333333333333333,0.1666666666666668,false,,
yang2025,aoa_0,0.03125,,,-0.8046916631394483,-0.07153785764637358,0.0,0.8333333333333333,0.1666666666666668,false,,
yang2025,aoa_0,0.0390625,,,-0.8599740640322184,-0.06961822440285755,0.0,0.8333333333333333,0.1666666666666668,false,,
yang2025,aoa_0,0.046875,,,-0.8676119645024317,-0.06751429899597934,0.0,0.8333333333333333,0.1666666666666668,false,,
yang2025,aoa_0,0.0546875,,,-0.8075269163576093,-0.06534392865400987,0.0,0.8333333333333333,0.1666666666666668,false,,
yang2025,aoa_0,0.0625,,,-0.9353316891412835,-0.06310969541746053,0.0,0.8333333333333333,0.1666666666666668,false,,
yang2025,aoa_0,0.0703125,,,-1.0013514243892196,-0.060810206536085785,0.0,0.8333333333333333,0.1666666666666668,false,,
yang2025,aoa_0,0.078125,,,-0.9465680988686096,-0.060017363617992085,0.0,0.9166666666666666,0.08333333333333341,false,,
yang2025,aoa_0,0.0859375,,,-0.9066923575557274,-0.05681030280191429,0.0,0.9166666666666666,0.08333333333333341,false,,
yang2025,aoa_0,0.09375,,,-0.8339271053409842,-0.053554884453093504,0.0,0.9166666666666666,0.08333333333333341,false,,
yang2025,aoa_0,0.1015625,,,-0.810282354393956,-0.05021083850794121,0.0,1.0,0.0,false,,
yang2025,aoa_0,0.109375,,,-0.8744260661270205,-0.0461675934113336,0.0,1.0,0.0,false,,
yang2025,aoa_0,0.1171875,,,-0.7314867402301234,-0.04194494893118146,0.0,1.0,0.0,false,,
yang2025,aoa_0,0.125,,,-0.6797816559531031,-0.037737467749477144,0.0,1.0,0.0,false,,
yang2025,aoa_0,0.1328125,,,-0.5831266100509231,-0.033564176804538035,0.0,1.0,0.0,false,,
yang2025,aoa_0,0.140625,,,-0.5993995711921938,-0.02943892975981889,0.0,1.0,0.0,false,,
yang2025,aoa_0,0.1484375,,,-0.5300183014749495,-0.025283423860047477,0.0,1.0,0.0,false,,
yang2025,aoa_0,0.15625,,,-0.5257550740511848,-0.02134858607380559,0.0,1.0,0.0,false,,
yang2025,aoa_0,0.1640625,,,-0.4599316824006204,-0.017256211590272075,0.0,1.0,0.0,false,,
yang2025,aoa_0,0.171875,,,-0.4219338561191217,-0.01845707033735422,0.08333333333333333,0.9166666666666667,0.0,false,,
yang2025,aoa_0,0.1796875,,,-0.33802717786869296,-0.014218978186616082,0.08333333333333333,0.9166666666666667,0.0,false,,
yang2025,aoa_0,0.1875,,,-0.3275247644273728,-0.014084052508867134,0.16666666666666666,0.8333333333333334,0.0,false,,
yang2025,aoa_0,0.1953125,,,-0.25313705973408873,-0.01302362851639118,0.25,0.75,0.0,false,,
yang2025,aoa_0,0.203125,,,-0.2562992449663848,-0.011031906007080068,0.33333333333333326,0.6666666666666667,0.0,false,,
yang2025,aoa_0,0.2109375,,,-0.1641350693004762,-0.00873412143311202,0.41666666666666663,0.5833333333333334,0.0,false,,
yang2025,aoa_0,0.21875,,,-0.12016299423166221,-0.008124630916461324,0.5833333333333333,0.41666666666666674,0.0,false,,
yang2025,aoa_0,0.2265625,,,-0.06589984016471226,-0.009909133751103739,0.9166666666666666,0.08333333333333341,0.0,false,,
yang2025,aoa_0,0.234375,,,-0.02781139752488355,-0.006523919714814595,1.0,0.0,0.0,false,,
yang2025,aoa_0,0.2421875,,,0.007678805599846333,-0.002738695099944098,1.0,0.0,0.0,false,,
yang2025,aoa_0,0.25,,,0.04258207523587347,-1.8924825416125434e-05,1.0,0.0,0.0,false,,
yang2025,aoa_0,0.2578125,,,0.07671048669942215,0.0012519868147011378,1.0,0.0,0.0,false,,
yang2025,aoa_0,0.265625,,,0.11032454305226616,0.0015386507418404286,1.0,0.0,0.0,false,,
yang2025,aoa_0,0.2734375,,,0.14345546577879353,0.0008937072105197236,1.0,0.0,0.0,false,,
yang2025,aoa_0,0.28125,,,0.19046377737611608,-0.0006261480179481027,0.7499999999999999,0.25000000000000006,0.0,false,,
yang2025,aoa_0,0.2890625,,,0.23454255624625142,-0.003394189335664902,0.5833333333333333,0.41666666666666674,0.0,false,,
yang2025,aoa_0,0.296875,,,0.27549591294427855,-0.007070346578711719,0.41666666666666663,0.5833333333333334,0.0,false,,
yang2025,aoa_0,0.3046875,,,0.3107348650314293,-0.011170722985700517,0.33333333333333326,0.6666666666666667,0.0,false,,
yang2025,aoa_0,0.3125,,,0.3447333384700345,-0.015667533565554677,0.25,0.75,0.0,false,,
yang2025,aoa_0,0.3203125,,,0.37842118296347604,-0.020461073465990305,0.16666666666666666,0.8333333333333334,0.0,false,,
yang2025,aoa_0,0.328125,,,0.4142695890764016,-0.02504565376003106,0.16666666666666666,0.8333333333333334,0.0,false,,
yang2025,aoa_0,0.3359375,,,0.44846175413177347,-0.029431824817129172,0.08333333333333333,0.9166666666666667,0.0,false,,
yang2025,aoa_0,0.34375,,,0.4805624490791261,-0.033479788247201055,0.08333333333333333,0.9166666666666667,0.0,false,,
yang2025,aoa_0,0.3515625,,,0.47273098913046757,-0.037479425294580544,0.08333333333333333,0.9166666666666667,0.0,false,,
yang2025,aoa_0,0.359375,,,0.49479136499708243,-0.04133697228233158,0.08333333333333333,0.9166666666666667,0.0,false,,
yang2025,aoa_0,0.3671875,,,0.5872663255797758,-0.043999895436471106,0.0,1.0,0.0,false,,
yang2025,aoa_0,0.375,,,0.30220049133823956,-0.04711995162857738,0.0,1.0,0.0,false,,
yang2025,aoa_0,0.3828125,,,0.4530085562919792,-0.05013325613884576,0.0,1.0,0.0,false,,
yang2025,aoa_0,0.390625,,,0.3975685783307049,-0.05304906580118239,0.0,1.0,0.0,false,,
yang2025,aoa_0,0.3984375,,,0.41466238274631906,-0.05575517399437054,0.0,1.0,0.0,false,,
yang2025,aoa_0,0.40625,,,0.3991514696893843,-0.0583422776603873,0.0,1.0,0.0,false,,
yang2025,aoa_0,0.4140625,,,0.46551135357190054,-0.06082455156529838,0.0,1.0,0.0,false,,
yang2025,aoa_0,0.421875,,,0.4348128147165597,-0.06318367892760979,0.0,1.0,0.0,false,,
yang2025,aoa_0,0.4296875,,,0.5586981954025579,-0.06535259429311148,0.0,1.0,0.0,false,,
yang2025,aoa_0,0.4375,,,0.583375305543468,-0.06742210778194957,0.0,1.0,0.0,false,,
yang2025,aoa_0,0.4453125,,,0.5040481713820779,-0.06938829944751525,0.0,1.0,0.0,false,,
yang2025,aoa_0,0.453125,,,0.6603118326278885,-0.0712493737910917,0.0,1.0,0.0,false,,
yang2025,aoa_0,0.4609375,,,0.6820516626171472,-0.06918225051037474,0.0,0.9166666666666666,0.08333333333333341,false,,
yang2025,aoa_0,0.46875,,,0.7386771983284843,-0.0704466362609372,0.0,0.9166666666666666,0.08333333333333341,false,,
yang2025,aoa_0,0.4765625,,,0.804615405055765,-0.07161589846089415,0.0,0.9166666666666666,0.08333333333333341,false,,
yang2025,aoa_0,0.484375,,,0.7005146145784803,-0.0681205707496427,0.0,0.8333333333333333,0.1666666666666668,false,,
yang2025,aoa_0,0.4921875,,,0.6869906084444901,-0.06879853000530066,0.0,0.8333333333333333,0.1666666666666668,false,,
yang2025,aoa_0,0.5,,,0.7772082298493787,-0.06938289917997077,0.0,0.8333333333333333,0.1666666666666668,false,,
yang2025,aoa_0,0.5078125,,,0.748950814129589,-0.06980434807677534,0.0,0.8333333333333333,0.1666666666666668,false,,
yang2025,aoa_0,0.515625,,,0.7946386824993478,-0.07012556784118495,0.0,0.8333333333333333,0.1666666666666668,false,,
yang2025,aoa_0,0.5234375,,,0.8368381930172983,-0.06492065881041917,0.0,0.7499999999999999,0.25000000000000006,false,,
yang2025,aoa_0,0.53125,,,0.9266189323526149,-0.06498262169331673,0.0,0.7499999999999999,0.25000000000000006,false,,
yang2025,aoa_0,0.5390625,,,0.9343046583789816,-0.0649276534073945,0.0,0.7499999999999999,0.25000000000000006,false,,
yang2025,aoa_0,0.546875,,,1.0224047562431349,-0.0646981590338216,0.0,0.7499999999999999,0.25000000000000006,false,,
yang2025,aoa_0,0.5546875,,,0.9328266683953979,-0.06436819795392189,0.0,0.7499999999999999,0.25000000000000006,false,,
yang2025,aoa_0,0.5625,,,0.9585991226140856,-0.06394477694234749,0.0,0.7499999999999999,0.25000000000000006,false,,
yang2025,aoa_0,0.5703125,,,1.0046095124793777,-0.06343531165332641,0.0,0.7499999999999999,0.25000000000000006,false,,
yang2025,aoa_0,0.578125,,,0.8707707713585826,-0.0626196391782998,0.0,0.7499999999999999,0.25000000000000006,false,,
yang2025,aoa_0,0.5859375,,,0.9060602498002495,-0.06163002571712393,0.0,0.7499999999999999,0.25000000000000006,false,,
yang2025,aoa_0,0.59375,,,0.8995602726015144,-0.06050330780430777,0.0,0.7499999999999999,0.25000000000000006,false,,
yang2025,aoa_0,0.6015625,,,0.9292161130823391,-0.06264352139398932,0.0,0.8333333333333333,0.1666666666666668,false,,
yang2025,aoa_0,0.609375,,,1.0193786414429973,-0.060589440753549946,0.0,0.8333333333333333,0.1666666666666668,false,,
yang2025,aoa_0,0.6171875,,,0.9227609548231093,-0.05806022502509354,0.0,0.8333333333333333,0.1666666666666668,false,,
yang2025,aoa_0,0.625,,,0.852193756472382,-0.05530236084514007,0.0,0.8333333333333333,0.1666666666666668,false,,
yang2025,aoa_0,0.6328125,,,0.7572412835429763,-0.05289243155977903,0.0,0.9166666666666666,0.08333333333333341,false,,
yang2025,aoa_0,0.640625,,,0.790009784628797,-0.04894352248763517,0.0,0.9166666666666666,0.08333333333333341,false,,
yang2025,aoa_0,0.6484375,,,0.7027504736189829,-0.04333516250385423,0.0,1.0,0.0,false,,
yang2025,aoa_0,0.65625,,,0.6893112725555595,-0.03784483543339523,0.0,1.0,0.0,false,,
yang2025,aoa_0,0.6640625,,,0.6985907232186328,-0.03235384944242599,0.0,1.0,0.0,false,,
yang2025,aoa_0,0.671875,,,0.49296111352578803,-0.026911413482742355,0.0,1.0,0.0,false,,
yang2025,aoa_0,0.6796875,,,0.6554148059033466,-0.02152146364142772,0.0,1.0,0.0,false,,
yang2025,aoa_0,0.6875,,,0.4476814286464994,-0.01630458908985523,0.0,1.0,0.0,false,,
yang2025,aoa_0,0.6953125,,,0.38132561715806385,-0.01652026275113576,0.08333333333333333,0.9166666666666667,0.0,false,,
yang2025,aoa_0,0.703125,,,0.25016667962888983,-0.015628103378188832,0.16666666666666666,0.8333333333333334,0.0,false,,
yang2025,aoa_0,0.7109375,,,0.28498232634060205,-0.013301320265598836,0.25,0.75,0.0,false,,
yang2025,aoa_0,0.71875,,,0.23833886500896734,-0.010264519128791401,0.33333333333333326,0.6666666666666667,0.0,false,,
yang2025,aoa_0,0.7265625,,,0.1345458359708982,-0.009278667829077757,0.5,0.5,0.0,false,,
yang2025,aoa_0,0.734375,,,0.06940585745099005,-0.010711599996442516,0.8333333333333333,0.1666666666666668,0.0,false,,
yang2025,aoa_0,0.7421875,,,0.01075555360796738,-0.007190494633844429,1.0,0.0,0.0,false,,
yang2025,aoa_0,0.75,,,-0.039789401028137716,-0.0018044149707229624,1.0,0.0,0.0,false,,
yang2025,aoa_0,0.7578125,,,-0.08938801456084317,0.0011875808080252781,1.0,0.0,0.0,false,,
yang2025,aoa_0,0.765625,,,-0.13830954517838567,0.002482623973956283,1.0,0.0,0.0,false,,
yang2025,aoa_0,0.7734375,,,-0.1865497346190646,0.0021389547333411614,1.0,0.0,0.0,false,,
yang2025,aoa_0,0.78125,,,-0.29893403434693133,0.00026024036844264436,0.5833333333333333,0.41666666666666674,0.0,false,,
yang2025,aoa_0,0.7890625,,,-0.3616690613024979,-0.004055935464979852,0.41666666666666663,0.5833333333333334,0.0,false,,
yang2025,aoa_0,0.796875,,,-0.4291126177311599,-0.009908380430936932,0.25,0.75,0.0,false,,
yang2025,aoa_0,0.8046875,,,-0.4802298577708852,-0.01647079505532588,0.16666666666666666,0.8333333333333334,0.0,false,,
yang2025,aoa_0,0.8125,,,-0.5011713229395169,-0.023194632018893192,0.16666666666666666,0.8333333333333334,0.0,false,,
yang2025,aoa_0,0.8203125,,,-0.5827888205575226,-0.02981056159177882,0.08333333333333333,0.9166666666666667,0.0,false,,
yang2025,aoa_0,0.828125,,,-0.5860077391987684,-0.036430513466372126,0.08333333333333333,0.9166666666666667,0.0,false,,
yang2025,aoa_0,0.8359375,,,-0.6386463782816436,-0.04232357693681235,0.0,1.0,0.0,false,,
yang2025,aoa_0,0.84375,,,-0.6256172608979708,-0.048211522861139916,0.0,1.0,0.0,false,,
yang2025,aoa_0,0.8515625,,,-0.630365699387762,-0.053652290446022474,0.0,1.0,0.0,false,,
yang2025,aoa_0,0.859375,,,-0.526117727743706,-0.05887837326519664,0.0,1.0,0.0,false,,
yang2025,aoa_0,0.8671875,,,-0.5472795068551296,-0.06366268600224911,0.0,1.0,0.0,false,,
yang2025,aoa_0,0.875,,,-0.5994626612631067,-0.06799063729261187,0.0,1.0,0.0,false,,
yang2025,aoa_0,0.8828125,,,-0.5584129999084293,-0.07197185690839583,0.0,1.0,0.0,false,,
yang2025,aoa_0,0.890625,,,-0.6469357289726466,-0.07555720954858436,0.0,1.0,0.0,false,,
yang2025,aoa_0,0.8984375,,,-0.5107189143834799,-0.07864958206427548,0.0,1.0,0.0,false,,
yang2025,aoa_0,0.90625,,,-0.5874720871169338,-0.07648507813551367,0.0,0.9166666666666666,0.08333333333333341,false,,
yang2025,aoa_0,0.9140625,,,-0.8256802100930575,-0.07849985554655559,0.0,0.9166666666666666,0.08333333333333341,false,,
yang2025,aoa_0,0.921875,,,-0.6535772873803813,-0.08018703042642786,0.0,0.9166666666666666,0.08333333333333341,false,,
yang2025,aoa_0,0.9296875,,,-0.7125760785038532,-0.07587128165691868,0.0,0.8333333333333333,0.1666666666666668,false,,
yang2025,aoa_0,0.9375,,,-0.7496084513675456,-0.07662497820756699,0.0,0.8333333333333333,0.1666666666666668,false,,
yang2025,aoa_0,0.9453125,,,-0.808121697930035,-0.07714620176426515,0.0,0.8333333333333333,0.1666666666666668,false,,
yang2025,aoa_0,0.953125,,,-0.7622675155874261,-0.07745437360133925,0.0,0.8333333333333333,0.1666666666666668,false,,
yang2025,aoa_0,0.9609375,,,-0.7422637843579835,-0.07755711833383955,0.0,0.8333333333333333,0.1666666666666668,false,,
yang2025,aoa_0,0.96875,,,-0.6412977932421888,-0.07734358817945058,0.0,0.8333333333333333,0.1666666666666668,false,,
yang2025,aoa_0,0.9765625,,,-0.8527698265961625,-0.07688421075554454,0.0,0.8333333333333333,0.1666666666666668,false,,
yang2025,aoa_0,0.984375,,,-0.8945569773064855,-0.07041422729650082,0.0,0.7499999999999999,0.25000000000000006,false,,
yang2025,aoa_0,0.9921875,,,-0.7921087648117843,-0.06978696134975738,0.0,0.7499999999999999,0.25000000000000006,false,,
yang2025,aoa_5,0.0,,,-0.8091509348553879,-0.015366761875714051,0.08333333333333333,0.9166666666666667,0.0,false,,
yang2025,aoa_5,0.0078125,,,-0.8060987469318673,-0.01140825760013666,0.08333333333333333,0.9166666666666667,0.0,false,,
yang2025,aoa_5,0.015625,,,-0.759849061087723,-0.004721026920048242,0.08333333333333333,0.9166666666666667,0.0,false,,
yang2025,aoa_5,0.0234375,,,-0.8894269733970974,-0.013855561056497082,0.08333333333333333,0.9166666666666667,0.0,false,,
yang2025,aoa_5,0.03125,,,-0.8977559036298427,-0.012539443840954696,0.08333333333333333,0.9166666666666667,0.0,false,,
yang2025,aoa_5,0.0390625,,,-0.9641248301540734,-0.01652367779939163,0.08333333333333333,0.9166666666666667,0.0,false,,
yang2025,aoa_5,0.046875,,,-0.8991274639127438,-0.008850522850394522,0.08333333333333333,0.9166666666666667,0.0,false,,
yang2025,aoa_5,0.0546875,,,-0.8504312985835359,-0.0027591524824047108,0.08333333333333333,0.9166666666666667,0.0,false,,
yang2025,aoa_5,0.0625,,,-0.9375687239014407,-0.009189770462562308,0.08333333333333333,0.9166666666666667,0.0,false,,
yang2025,aoa_5,0.0703125,,,-0.8713865022227402,-0.018476099372362886,0.16666666666666666,0.8333333333333334,0.0,false,,
yang2025,aoa_5,0.078125,,,-0.9012490363676241,-0.01984745429582709,0.16666666666666666,0.8333333333333334,0.0,false,,
yang2025,aoa_5,0.0859375,,,-0.7980635361318222,-0.008945222502034302,0.16666666666666666,0.8333333333333334,0.0,false,,
yang2025,aoa_5,0.09375,,,-0.7825300226902295,-0.006336979612867295,0.16666666666666666,0.8333333333333334,0.0,false,,
yang2025,aoa_5,0.1015625,,,-0.7975033039394197,-0.006823188016699707,0.16666666666666666,0.8333333333333334,0.0,false,,
yang2025,aoa_5,0.109375,,,-0.7657087975931968,-0.0029857753180622983,0.16666666666666666,0.8333333333333334,0.0,false,,
yang2025,aoa_5,0.1171875,,,-0.6703759009888508,0.007008090917045264,0.16666666666666666,0.8333333333333334,0.0,false,,
yang2025,aoa_5,0.125,,,-0.5579347470007745,0.004380290884191035,0.25,0.75,0.0,false,,
yang2025,aoa_5,0.1328125,,,-0.6506688213879261,-0.0040588889460716725,0.25,0.75,0.0,false,,
yang2025,aoa_5,0.140625,,,-0.46300678824066455,0.015450491827595756,0.25,0.75,0.0,false,,
yang2025,aoa_5,0.1484375,,,-0.4330936787960249,0.006593723025897471,0.3333333333333333,0.6666666666666667,0.0,false,,
yang2025,aoa_5,0.15625,,,-0.4035674157279039,0.010415120919833043,0.3333333333333333,0.6666666666666667,0.0,false,,
yang2025,aoa_5,0.1640625,,,-0.37692959692502637,0.0027401312941415477,0.41666666666666663,0.5833333333333334,0.0,false,,
yang2025,aoa_5,0.171875,,,-0.2877636947994656,0.00290227141895337,0.5,0.5,0.0,false,,
yang2025,aoa_5,0.1796875,,,-0.19808232593000685,0.004458832090623123,0.5833333333333333,0.41666666666666674,0.0,false,,
yang2025,aoa_5,0.1875,,,-0.17473794436833012,-5.691306303296298e-05,0.6666666666666665,0.3333333333333334,0.0,false,,
yang2025,aoa_5,0.1953125,,,-0.09768375487959341,0.002338043411133757,0.75,0.2500000000000001,0.0,false,,
yang2025,aoa_5,0.203125,,,-0.017496940740550165,-0.0005463938556135505,0.9166666666666666,0.08333333333333341,0.0,false,,
yang2025,aoa_5,0.2109375,,,0.04117760794696528,0.002564021488235899,1.0,0.0,0.0,false,,
yang2025,aoa_5,0.21875,,,0.07817468801659758,0.008857844491765462,1.0,0.0,0.0,false,,
yang2025,aoa_5,0.2265625,,,0.11484943307377969,0.01390562094905067,1.0,0.0,0.0,false,,
yang2025,aoa_5,0.234375,,,0.15121947238928649,0.01784045088248751,1.0,0.0,0.0,false,,
yang2025,aoa_5,0.2421875,,,0.1872707367579342,0.020646658534973442,1.0,0.0,0.0,false,,
yang2025,aoa_5,0.25,,,0.2229938767948266,0.022319772733010536,1.0,0.0,0.0,false,,
yang2025,aoa_5,0.2578125,,,0.18562818700118272,0.04235955495434415,0.0,1.0,0.0,false,,
yang2025,aoa_5,0.265625,,,0.251077515703594,0.03958905782059244,0.0,1.0,0.0,false,,
yang2025,aoa_5,0.2734375,,,0.2849122704690279,0.033017090790966784,0.0,1.0,0.0,false,,
yang2025,aoa_5,0.28125,,,0.33131846126024,0.0276326502925096,0.0,1.0,0.0,false,,
yang2025,aoa_5,0.2890625,,,0.3836311545626384,0.02258282995329064,0.0,1.0,0.0,false,,
yang2025,aoa_5,0.296875,,,0.41967304566275393,0.015444744850448175,0.0,1.0,0.0,false,,
yang2025,aoa_5,0.3046875,,,0.47655827003276097,0.010546422016197075,0.0,1.0,0.0,false,,
yang2025,aoa_5,0.3125,,,0.5290295670431664,0.005100638638225628,0.0,1.0,0.0,false,,
yang2025,aoa_5,0.3203125,,,0.5485864057857823,-0.003928574726634377,0.0,1.0,0.0,false,,
yang2025,aoa_5,0.328125,,,0.5828600842874216,-0.011437325980020518,0.0,1.0,0.0,false,,
yang2025,aoa_5,0.3359375,,,0.616884162997547,-0.018926195393529598,0.0,1.0,0.0,false,,
yang2025,aoa_5,0.34375,,,0.6499961136032602,-0.026447477051822134,0.0,1.0,0.0,false,,
yang2025,aoa_5,0.3515625,,,0.684015527326285,-0.0338151073244717,0.0,1.0,0.0,false,,
yang2025,aoa_5,0.359375,,,0.720194395064808,-0.04080753915659561,0.0,1.0,0.0,false,,
yang2025,aoa_5,0.3671875,,,0.7580713136216454,-0.04729723671810234,0.0,1.0,0.0,false,,
yang2025,aoa_5,0.375,,,0.797339601857973,-0.05333057386018169,0.0,1.0,0.0,false,,
yang2025,aoa_5,0.3828125,,,0.820643580289203,-0.060463153572256755,0.0,1.0,0.0,false,,
yang2025,aoa_5,0.390625,,,0.8372046922757224,-0.06802075007311559,0.0,1.0,0.0,false,,
yang2025,aoa_5,0.3984375,,,0.841093611719331,-0.06587346474942138,0.0,0.9166666666666666,0.08333333333333341,false,,
yang2025,aoa_5,0.40625,,,0.8422647264301087,-0.07344518333880426,0.0,0.9166666666666666,0.08333333333333341,false,,
yang2025,aoa_5,0.4140625,,,0.8216568252827215,-0.07015646924620716,0.0,0.8333333333333333,0.1666666666666668,false,,
yang2025,aoa_5,0.421875,,,0.7948446177262758,-0.07883506484008813,0.0,0.8333333333333333,0.1666666666666668,false,,
yang2025,aoa_5,0.4296875,,,0.8900646183321654,-0.06149628144706801,0.0,0.75,0.2500000000000001,false,,
yang2025,aoa_5,0.4375,,,0.8455840753899103,-0.07052386313554396,0.0,0.75,0.2500000000000001,false,,
yang2025,aoa_5,0.4453125,,,0.8083497831290594,-0.07854329704322112,0.0,0.75,0.2500000000000001,false,,
yang2025,aoa_5,0.453125,,,0.9246740782324475,-0.05557844084114154,0.0,0.6666666666666665,0.3333333333333334,false,,
yang2025,aoa_5,0.4609375,,,0.9760748662461007,-0.054325101938163166,0.0,0.6666666666666665,0.3333333333333334,false,,
yang2025,aoa_5,0.46875,,,0.9077360598170257,-0.06374564527310693,0.0,0.6666666666666665,0.3333333333333334,false,,
yang2025,aoa_5,0.4765625,,,0.9939120042395917,-0.05894530610842971,0.0,0.6666666666666665,0.3333333333333334,false,,
yang2025,aoa_5,0.484375,,,0.969856488380075,-0.04449015754850687,0.0,0.5833333333333333,0.41666666666666674,false,,
yang2025,aoa_5,0.4921875,,,1.068591925810506,-0.03768456003506119,0.0,0.5833333333333333,0.41666666666666674,false,,
yang2025,aoa_5,0.5,,,0.9762923397812466,-0.04746960425168244,0.0,0.5833333333333333,0.41666666666666674,false,,
yang2025,aoa_5,0.5078125,,,1.0768027761898415,-0.04030723947635359,0.0,0.5833333333333333,0.41666666666666674,false,,
yang2025,aoa_5,0.515625,,,0.9477866265693236,-0.05295502663668855,0.0,0.5833333333333333,0.41666666666666674,false,,
yang2025,aoa_5,0.5234375,,,1.0010172379730904,-0.049390597696229374,0.0,0.5833333333333333,0.41666666666666674,false,,
yang2025,aoa_5,0.53125,,,1.0500481157739412,-0.023699528899310034,0.0,0.5,0.5,false,,
yang2025,aoa_5,0.5390625,,,0.9971044186324463,-0.028813327982173703,0.0,0.5,0.5,false,,
yang2025,aoa_5,0.546875,,,1.0546834120480413,-0.024115654841655162,0.0,0.5,0.5,false,,
yang2025,aoa_5,0.5546875,,,1.0454244693814745,-0.025175162781368457,0.0,0.5,0.5,false,,
yang2025,aoa_5,0.5625,,,1.1077316261831518,-0.019871432223001737,0.0,0.5,0.5,false,,
yang2025,aoa_5,0.5703125,,,1.119298055216152,-0.018925193795984993,0.0,0.5,0.5,false,,
yang2025,aoa_5,0.578125,,,1.0290877443274595,-0.026773825014305093,0.0,0.5,0.5,false,,
yang2025,aoa_5,0.5859375,,,1.044686708001462,-0.025188145584970387,0.0,0.5,0.5,false,,
yang2025,aoa_5,0.59375,,,0.928965492706752,-0.035216056049567006,0.0,0.5,0.5,false,,
yang2025,aoa_5,0.6015625,,,0.9292915708760148,-0.05536022174938386,0.0,0.5833333333333333,0.41666666666666674,false,,
yang2025,aoa_5,0.609375,,,0.9306340399036723,-0.05385494766829651,0.0,0.5833333333333333,0.41666666666666674,false,,
yang2025,aoa_5,0.6171875,,,0.9412640154833576,-0.051014693017968946,0.0,0.5833333333333333,0.41666666666666674,false,,
yang2025,aoa_5,0.625,,,0.958464895940163,-0.047187339053408994,0.0,0.5833333333333333,0.41666666666666674,false,,
yang2025,aoa_5,0.6328125,,,0.9577044687377647,-0.0607297522256377,0.0,0.6666666666666665,0.3333333333333334,false,,
yang2025,aoa_5,0.640625,,,0.864557628302371,-0.0651051598413937,0.0,0.6666666666666665,0.3333333333333334,false,,
yang2025,aoa_5,0.6484375,,,0.8512808708748497,-0.07450842338347144,0.0,0.75,0.2500000000000001,false,,
yang2025,aoa_5,0.65625,,,0.8239090473225987,-0.07000425304763822,0.0,0.75,0.2500000000000001,false,,
yang2025,aoa_5,0.6640625,,,0.7427255659611982,-0.08002963717453393,0.0,0.8333333333333333,0.1666666666666668,false,,
yang2025,aoa_5,0.671875,,,0.7000952727199835,-0.0826111814424967,0.0,0.9166666666666666,0.08333333333333341,false,,
yang2025,aoa_5,0.6796875,,,0.7153504704272576,-0.0752146624491266,0.0,1.0,0.0,false,,
yang2025,aoa_5,0.6875,,,0.5837832440022163,-0.07372469585579283,0.0,1.0,0.0,false,,
yang2025,aoa_5,0.6953125,,,0.5380788004880724,-0.06354094996660951,0.0,1.0,0.0,false,,
yang2025,aoa_5,0.703125,,,0.5149060952056214,-0.05102613716462129,0.0,1.0,0.0,false,,
yang2025,aoa_5,0.7109375,,,0.4172566905463128,-0.04619163029892747,0.0,1.0,0.0,false,,
yang2025,aoa_5,0.71875,,,0.3331244848578123,-0.04068267584120495,0.0,1.0,0.0,false,,
yang2025,aoa_5,0.7265625,,,0.27813043059704157,-0.033277280507933035,0.0,1.0,0.0,false,,
yang2025,aoa_5,0.734375,,,0.24349921308122946,-0.024784992697639292,0.0,1.0,0.0,false,,
yang2025,aoa_5,0.7421875,,,0.14064121882068592,-0.024333674959609232,0.0,1.0,0.0,false,,
yang2025,aoa_5,0.75,,,0.14768382909291317,-0.01365801242895639,0.0,1.0,0.0,false,,
yang2025,aoa_5,0.7578125,,,0.11140045452000652,-0.008223737753896641,1.0,0.0,0.0,false,,
yang2025,aoa_5,0.765625,,,0.06408409907810383,-0.0055637930105660125,1.0,0.0,0.0,false,,
yang2025,aoa_5,0.7734375,,,0.017702073856710555,-0.004463103239590457,1.0,0.0,0.0,false,,
yang2025,aoa_5,0.78125,,,-0.027765399944654767,-0.0048679957207974625,1.0,0.0,0.0,false,,
yang2025,aoa_5,0.7890625,,,-0.07218662453329015,-0.006918670058039229,1.0,0.0,0.0,false,,
yang2025,aoa_5,0.796875,,,-0.12399683486728272,-0.010994851762455644,0.9166666666666666,0.08333333333333341,0.0,false,,
yang2025,aoa_5,0.8046875,,,-0.1693808095249066,-0.014047428029093117,0.75,0.2500000000000001,0.0,false,,
yang2025,aoa_5,0.8125,,,-0.22131653863752254,-0.016713410016365338,0.5833333333333333,0.41666666666666674,0.0,false,,
yang2025,aoa_5,0.8203125,,,-0.192203033206296,-0.01160039371802725,0.5,0.5,0.0,false,,
yang2025,aoa_5,0.828125,,,-0.16156957883330114,-0.006036715027410908,0.41666666666666663,0.5833333333333334,0.0,false,,
yang2025,aoa_5,0.8359375,,,-0.17960076925782104,-0.007566514443606842,0.41666666666666663,0.5833333333333334,0.0,false,,
yang2025,aoa_5,0.84375,,,-0.2533147234776911,-0.011055029054229431,0.3333333333333333,0.6666666666666667,0.0,false,,
yang2025,aoa_5,0.8515625,,,-0.0956493058016451,0.00453501481572877,0.3333333333333333,0.6666666666666667,0.0,false,,
yang2025,aoa_5,0.859375,,,-0.14685602286468918,0.004842143528845894,0.25,0.75,0.0,false,,
yang2025,aoa_5,0.8671875,,,-0.20669049954172816,-0.00022779013394097145,0.25,0.75,0.0,false,,
yang2025,aoa_5,0.875,,,-0.26160868804355814,-0.004809052246439405,0.25,0.75,0.0,false,,
yang2025,aoa_5,0.8828125,,,-0.24087051807213095,0.0050972362300468164,0.16666666666666666,0.8333333333333334,0.0,false,,
yang2025,aoa_5,0.890625,,,-0.3782389222984809,-0.006345718330153561,0.16666666666666666,0.8333333333333334,0.0,false,,
yang2025,aoa_5,0.8984375,,,-0.5270413505246434,-0.01832267999755005,0.16666666666666666,0.8333333333333334,0.0,false,,
yang2025,aoa_5,0.90625,,,-0.44258432006680204,-0.009484450050291738,0.16666666666666666,0.8333333333333334,0.0,false,,
yang2025,aoa_5,0.9140625,,,-0.5588701866173725,-0.01857051920648716,0.16666666666666666,0.8333333333333334,0.0,false,,
yang2025,aoa_5,0.921875,,,-0.5745107195538164,-0.01849090576294929,0.16666666666666666,0.8333333333333334,0.0,false,,
yang2025,aoa_5,0.9296875,,,-0.4545588462247353,-0.006287808936621821,0.16666666666666666,0.8333333333333334,0.0,false,,
yang2025,aoa_5,0.9375,,,-0.5577517821715496,-0.0016425784077960873,0.08333333333333333,0.9166666666666667,0.0,false,,
yang2025,aoa_5,0.9453125,,,-0.6689461333250889,-0.009263380243249984,0.08333333333333333,0.9166666666666667,0.0,false,,
yang2025,aoa_5,0.953125,,,-0.6860845177025761,-0.008556697269601236,0.08333333333333333,0.9166666666666667,0.0,false,,
yang2025,aoa_5,0.9609375,,,-0.691588649475215,-0.006860829360655415,0.08333333333333333,0.9166666666666667,0.0,false,,
yang2025,aoa_5,0.96875,,,-0.8400148653537243,-0.017659303982296096,0.08333333333333333,0.9166666666666667,0.0,false,,
yang2025,aoa_5,0.9765625,,,-0.8836476319672476,-0.01924501874936685,0.08333333333333333,0.9166666666666667,0.0,false,,
yang2025,aoa_5,0.984375,,,-0.7880159058711004,-0.008711767886460069,0.08333333333333333,0.9166666666666667,0.0,false,,
yang2025,aoa_5,0.9921875,,,-0.8622711338376077,-0.013123644696510084,0.08333333333333333,0.9166666666666667,0.0,false,,
yang2025,aoa_10,0.0,,,-0.6093644912570328,0.026605299014451363,0.3333333333333333,0.6666666666666667,0.0,false,,
yang2025,aoa_10,0.0078125,,,-0.5065157338915552,0.04839789588442566,0.3333333333333333,0.6666666666666667,0.0,false,,
yang2025,aoa_10,0.015625,,,-0.562580578520018,0.040808943375796956,0.3333333333333333,0.6666666666666667,0.0,false,,
yang2025,aoa_10,0.0234375,,,-0.6264358411120401,0.03132286753030284,0.3333333333333333,0.6666666666666667,0.0,false,,
yang2025,aoa_10,0.03125,,,-0.6211911245792894,0.0337612586215614,0.3333333333333333,0.6666666666666667,0.0,false,,
yang2025,aoa_10,0.0390625,,,-0.759714575194681,0.010078858766543825,0.3333333333333333,0.6666666666666667,0.0,false,,
yang2025,aoa_10,0.046875,,,-0.7551656673750076,0.011772476093455976,0.3333333333333333,0.6666666666666667,0.0,false,,
yang2025,aoa_10,0.0546875,,,-0.6804398823935406,0.02596470360290467,0.3333333333333333,0.6666666666666667,0.0,false,,
yang2025,aoa_10,0.0625,,,-0.6470844641272898,0.03242858850996366,0.3333333333333333,0.6666666666666667,0.0,false,,
yang2025,aoa_10,0.0703125,,,-0.6891306980537583,0.0246827862065475,0.3333333333333333,0.6666666666666667,0.0,false,,
yang2025,aoa_10,0.078125,,,-0.649591659738645,0.031833725379347616,0.3333333333333333,0.6666666666666667,0.0,false,,
yang2025,aoa_10,0.0859375,,,-0.5580832548513278,0.023904192133248674,0.41666666666666663,0.5833333333333334,0.0,false,,
yang2025,aoa_10,0.09375,,,-0.5809170607546794,0.01914286116669671,0.41666666666666663,0.5833333333333334,0.0,false,,
yang2025,aoa_10,0.1015625,,,-0.5345890417201826,0.027306017609683486,0.41666666666666663,0.5833333333333334,0.0,false,,
yang2025,aoa_10,0.109375,,,-0.4430744335340922,0.04416845231788743,0.41666666666666663,0.5833333333333334,0.0,false,,
yang2025,aoa_10,0.1171875,,,-0.3821535467764976,0.032152260705778035,0.5,0.5,0.0,false,,
yang2025,aoa_10,0.125,,,-0.3437423394060321,0.03905603558709431,0.5,0.5,0.0,false,,
yang2025,aoa_10,0.1328125,,,-0.24324550446125048,0.03668458390045402,0.5833333333333333,0.41666666666666674,0.0,false,,
yang2025,aoa_10,0.140625,,,-0.19911886035615678,0.04521146539241241,0.5833333333333333,0.41666666666666674,0.0,false,,
yang2025,aoa_10,0.1484375,,,-0.15046945749199664,0.03447058581242679,0.6666666666666666,0.3333333333333334,0.0,false,,
yang2025,aoa_10,0.15625,,,-0.12744461246436817,0.038931345490059,0.6666666666666666,0.3333333333333334,0.0,false,,
yang2025,aoa_10,0.1640625,,,-0.09126356624437702,0.027587688404144613,0.75,0.25,0.0,false,,
yang2025,aoa_10,0.171875,,,-0.02180777985306008,0.024908343678191926,0.8333333333333333,0.16666666666666669,0.0,false,,
yang2025,aoa_10,0.1796875,,,0.04640749378353712,0.023656690393330813,0.9166666666666667,0.08333333333333331,0.0,false,,
yang2025,aoa_10,0.1875,,,0.06788648781128148,0.043647055022780504,0.8333333333333334,0.16666666666666666,0.0,false,,
yang2025,aoa_10,0.1953125,,,0.07466879362665144,0.05739238701100126,0.7500000000000001,0.25,0.0,false,,
yang2025,aoa_10,0.203125,,,0.09328252054076289,0.07061250502929531,0.6666666666666667,0.3333333333333333,0.0,false,,
yang2025,aoa_10,0.2109375,,,0.0850954186194889,0.07469059124510648,0.5833333333333334,0.41666666666666663,0.0,false,,
yang2025,aoa_10,0.21875,,,0.07640510020632565,0.08588926926642701,0.41666666666666674,0.5833333333333333,0.0,false,,
yang2025,aoa_10,0.2265625,,,0.007638832246244474,0.097330809164473,0.0833333333333334,0.9166666666666666,0.0,false,,
yang2025,aoa_10,0.234375,,,0.1010622792940565,0.11061253501246637,0.0,1.0,0.0,false,,
yang2025,aoa_10,0.2421875,,,0.1905574812457563,0.11297796851951004,0.0,1.0,0.0,false,,
yang2025,aoa_10,0.25,,,0.17943718606033393,0.09215033090408575,0.0,1.0,0.0,false,,
yang2025,aoa_10,0.2578125,,,0.24093393696061396,0.0870216683149684,0.0,1.0,0.0,false,,
yang2025,aoa_10,0.265625,,,0.3391295726041684,0.08974498880029036,0.0,1.0,0.0,false,,
yang2025,aoa_10,0.2734375,,,0.4341633567704568,0.09169900933181754,0.0,1.0,0.0,false,,
yang2025,aoa_10,0.28125,,,0.47966796636339526,0.08237199329255093,0.0,1.0,0.0,false,,
yang2025,aoa_10,0.2890625,,,0.5516195505762531,0.07882431319698695,0.0,1.0,0.0,false,,
yang2025,aoa_10,0.296875,,,0.5699180426754284,0.06335832071716183,0.0,1.0,0.0,false,,
yang2025,aoa_10,0.3046875,,,0.5983908034924134,0.05048888720886212,0.0,1.0,0.0,false,,
yang2025,aoa_10,0.3125,,,0.704571859308816,0.05486948397137796,0.0,1.0,0.0,false,,
yang2025,aoa_10,0.3203125,,,0.7048514519917473,0.03620554903032197,0.0,1.0,0.0,false,,
yang2025,aoa_10,0.328125,,,0.7628836226674072,0.030248185250449013,0.0,1.0,0.0,false,,
yang2025,aoa_10,0.3359375,,,0.8327705842618088,0.02702177680460728,0.0,1.0,0.0,false,,
yang2025,aoa_10,0.34375,,,0.8502437468226878,0.024063890559218367,0.0,0.9166666666666666,0.0833333333333334,false,,
yang2025,aoa_10,0.3515625,,,0.8739751996470971,0.026313355519376157,0.0,0.8333333333333333,0.16666666666666674,false,,
yang2025,aoa_10,0.359375,,,0.9352278471852955,0.025353503794772383,0.0,0.8333333333333333,0.16666666666666674,false,,
yang2025,aoa_10,0.3671875,,,0.9059213992300444,0.022108913003422274,0.0,0.75,0.25,false,,
yang2025,aoa_10,0.375,,,0.9115357532915775,0.029638003899361075,0.0,0.6666666666666666,0.3333333333333334,false,,
yang2025,aoa_10,0.3828125,,,0.970381739569261,0.03186222200552141,0.0,0.6666666666666666,0.3333333333333334,false,,
yang2025,aoa_10,0.390625,,,0.9770138221461959,0.044690446445783086,0.0,0.5833333333333333,0.41666666666666674,false,,
yang2025,aoa_10,0.3984375,,,1.0002786283286997,0.04153539921093285,0.0,0.5833333333333333,0.41666666666666674,false,,
yang2025,aoa_10,0.40625,,,1.0431863621771416,0.04247497004880574,0.0,0.5833333333333333,0.41666666666666674,false,,
yang2025,aoa_10,0.4140625,,,1.040432975359946,0.06011420823569402,0.0,0.5,0.5,false,,
yang2025,aoa_10,0.421875,,,1.0726514833158458,0.06084324960560297,0.0,0.5,0.5,false,,
yang2025,aoa_10,0.4296875,,,1.107423401446293,0.06223515482293413,0.0,0.5,0.5,false,,
yang2025,aoa_10,0.4375,,,1.1149870837705724,0.058739405144249246,0.0,0.5,0.5,false,,
yang2025,aoa_10,0.4453125,,,1.1383401792465024,0.08916221433314298,0.0,0.41666666666666663,0.5833333333333334,false,,
yang2025,aoa_10,0.453125,,,1.1510951739854685,0.08844769782746008,0.0,0.41666666666666663,0.5833333333333334,false,,
yang2025,aoa_10,0.4609375,,,1.1302951803816903,0.08181410051346324,0.0,0.41666666666666663,0.5833333333333334,false,,
yang2025,aoa_10,0.46875,,,1.1235257740522622,0.07813722931416038,0.0,0.41666666666666663,0.5833333333333334,false,,
yang2025,aoa_10,0.4765625,,,1.1620884175224895,0.08294552697098365,0.0,0.41666666666666663,0.5833333333333334,false,,
yang2025,aoa_10,0.484375,,,1.150876993087345,0.11542074821674891,0.0,0.3333333333333333,0.6666666666666667,false,,
yang2025,aoa_10,0.4921875,,,1.172060489283711,0.11851227664033459,0.0,0.3333333333333333,0.6666666666666667,false,,
yang2025,aoa_10,0.5,,,1.1647279845501244,0.116642627263868,0.0,0.3333333333333333,0.6666666666666667,false,,
yang2025,aoa_10,0.5078125,,,1.1451749789769619,0.11284220931640686,0.0,0.3333333333333333,0.6666666666666667,false,,
yang2025,aoa_10,0.515625,,,1.152200755144423,0.11394031982993683,0.0,0.3333333333333333,0.6666666666666667,false,,
yang2025,aoa_10,0.5234375,,,1.1711354350838445,0.11724241302100626,0.0,0.3333333333333333,0.6666666666666667,false,,
yang2025,aoa_10,0.53125,,,1.1978716005261103,0.12198939770928163,0.0,0.3333333333333333,0.6666666666666667,false,,
yang2025,aoa_10,0.5390625,,,1.1839143581261613,0.11961783520962656,0.0,0.3333333333333333,0.6666666666666667,false,,
yang2025,aoa_10,0.546875,,,1.1770926298485824,0.11853008011165753,0.0,0.3333333333333333,0.6666666666666667,false,,
yang2025,aoa_10,0.5546875,,,1.1707534342146757,0.11750070822233369,0.0,0.3333333333333333,0.6666666666666667,false,,
yang2025,aoa_10,0.5625,,,1.129534608528501,0.1102444360484993,0.0,0.3333333333333333,0.6666666666666667,false,,
yang2025,aoa_10,0.5703125,,,1.1424680395467988,0.11247681402818334,0.0,0.3333333333333333,0.6666666666666667,false,,
yang2025,aoa_10,0.578125,,,1.1153853183667237,0.10747890311299273,0.0,0.3333333333333333,0.6666666666666667,false,,
yang2025,aoa_10,0.5859375,,,1.0837172665251935,0.10148179939192889,0.0,0.3333333333333333,0.6666666666666667,false,,
yang2025,aoa_10,0.59375,,,1.1382110019199847,0.11078514760103729,0.0,0.3333333333333333,0.6666666666666667,false,,
yang2025,aoa_10,0.6015625,,,1.0922512144124772,0.10188941656200007,0.0,0.3333333333333333,0.6666666666666667,false,,
yang2025,aoa_10,0.609375,,,1.0601350923414035,0.09528350832850285,0.0,0.3333333333333333,0.6666666666666667,false,,
yang2025,aoa_10,0.6171875,,,1.0649780243345255,0.09530984870947247,0.0,0.3333333333333333,0.6666666666666667,false,,
yang2025,aoa_10,0.625,,,1.0324423182685991,0.0883792332214691,0.0,0.3333333333333333,0.6666666666666667,false,,
yang2025,aoa_10,0.6328125,,,0.983823397219718,0.044640128251161953,0.0,0.41666666666666663,0.5833333333333334,false,,
yang2025,aoa_10,0.640625,,,0.9575859077615958,0.040655958452244984,0.0,0.41666666666666663,0.5833333333333334,false,,
yang2025,aoa_10,0.6484375,,,0.9176237523722526,0.03432780155131905,0.0,0.41666666666666663,0.5833333333333334,false,,
yang2025,aoa_10,0.65625,,,0.9011853516973223,0.005888007830707323,0.0,0.5,0.5,false,,
yang2025,aoa_10,0.6640625,,,0.8474603574428818,-7.694759867415968e-05,0.0,0.5,0.5,false,,
yang2025,aoa_10,0.671875,,,0.801889631804666,-0.02580841000643739,0.0,0.5833333333333333,0.41666666666666674,false,,
yang2025,aoa_10,0.6796875,,,0.7522260164881752,-0.04632490850815706,0.0,0.6666666666666666,0.3333333333333334,false,,
yang2025,aoa_10,0.6875,,,0.7049082893214175,-0.06020859630603852,0.0,0.75,0.25,false,,
yang2025,aoa_10,0.6953125,,,0.7118907578281706,-0.07034635686131588,0.0,0.9166666666666666,0.0833333333333334,false,,
yang2025,aoa_10,0.703125,,,0.6128786653952867,-0.07997320319377617,0.0,1.0,0.0,false,,
yang2025,aoa_10,0.7109375,,,0.5246364229503899,-0.07433141094702478,0.0,1.0,0.0,false,,
yang2025,aoa_10,0.71875,,,0.5303828707906995,-0.05012040064736258,0.0,1.0,0.0,false,,
yang2025,aoa_10,0.7265625,,,0.47621556422659805,-0.0391146125487702,0.0,1.0,0.0,false,,
yang2025,aoa_10,0.734375,,,0.4708073947490667,-0.018704940612108967,0.0,1.0,0.0,false,,
yang2025,aoa_10,0.7421875,,,0.48361915871998884,0.004679091653985893,0.0,1.0,0.0,false,,
yang2025,aoa_10,0.75,,,0.36380436299328206,-0.0006846454860356252,0.0,1.0,0.0,false,,
yang2025,aoa_10,0.7578125,,,0.4002063769161882,0.024835447356708104,0.0,1.0,0.0,false,,
yang2025,aoa_10,0.765625,,,0.33513342717083994,0.02863394327664409,0.0,1.0,0.0,false,,
yang2025,aoa_10,0.7734375,,,0.2639124376030434,0.03132250815998774,0.0,1.0,0.0,false,,
yang2025,aoa_10,0.78125,,,0.23671531425747494,0.03295090149441874,0.41666666666666674,0.5833333333333333,0.0,false,,
yang2025,aoa_10,0.7890625,,,0.20304888935790655,0.03351969174455407,0.5833333333333334,0.41666666666666663,0.0,false,,
yang2025,aoa_10,0.796875,,,0.1395694414085955,0.023649091348555716,0.7500000000000001,0.25,0.0,false,,
yang2025,aoa_10,0.8046875,,,0.11573272363192225,0.02194512888580335,0.8333333333333334,0.16666666666666666,0.0,false,,
yang2025,aoa_10,0.8125,,,0.06914643125280909,0.017931302215311043,0.8333333333333334,0.16666666666666666,0.0,false,,
yang2025,aoa_10,0.8203125,,,0.014516661098054799,0.011316851785012415,0.8333333333333333,0.16666666666666669,0.0,false,,
yang2025,aoa_10,0.828125,,,-0.0007473425366648634,0.018377819515259783,0.7499999999999999,0.2500000000000001,0.0,false,,
yang2025,aoa_10,0.8359375,,,-0.055191667808237393,0.0108971575192568,0.75,0.25,0.0,false,,
yang2025,aoa_10,0.84375,,,-0.03133002708110965,0.0270978285481566,0.6666666666666666,0.3333333333333334,0.0,false,,
yang2025,aoa_10,0.8515625,,,-0.06260771386748318,0.02397926270506118,0.6666666666666666,0.3333333333333334,0.0,false,,
yang2025,aoa_10,0.859375,,,-0.10651116958417986,0.028759995376295627,0.5833333333333333,0.41666666666666674,0.0,false,,
yang2025,aoa_10,0.8671875,,,-0.16341356164315524,0.032636434116112376,0.5,0.5,0.0,false,,
yang2025,aoa_10,0.875,,,-0.2475308326988059,0.020329605363232875,0.5,0.5,0.0,false,,
yang2025,aoa_10,0.8828125,,,-0.31230316837871763,0.011562746660232617,0.5,0.5,0.0,false,,
yang2025,aoa_10,0.890625,,,-0.3012667916298143,0.03168014422499015,0.41666666666666663,0.5833333333333334,0.0,false,,
yang2025,aoa_10,0.8984375,,,-0.3868839406859228,0.01945568589936101,0.41666666666666663,0.5833333333333334,0.0,false,,
yang2025,aoa_10,0.90625,,,-0.4265434555120348,0.015795316244960583,0.41666666666666663,0.5833333333333334,0.0,false,,
yang2025,aoa_10,0.9140625,,,-0.49677321450166134,0.006421609076084335,0.41666666666666663,0.5833333333333334,0.0,false,,
yang2025,aoa_10,0.921875,,,-0.49559677574692523,0.009880874932925436,0.41666666666666663,0.5833333333333334,0.0,false,,
yang2025,aoa_10,0.9296875,,,-0.6342495777912673,0.007112556173936309,0.3333333333333333,0.6666666666666667,0.0,false,,
yang2025,aoa_10,0.9375,,,-0.6476593889712858,0.008462116262158904,0.3333333333333333,0.6666666666666667,0.0,false,,
yang2025,aoa_10,0.9453125,,,-0.699347345562825,0.002768246163947781,0.3333333333333333,0.6666666666666667,0.0,false,,
yang2025,aoa_10,0.953125,,,-0.7019617766969656,0.005605941192798988,0.3333333333333333,0.6666666666666667,0.0,false,,
yang2025,aoa_10,0.9609375,,,-0.6770332605198905,0.013072473509159771,0.3333333333333333,0.6666666666666667,0.0,false,,
yang2025,aoa_10,0.96875,,,-0.7084316677509256,0.01036535564007375,0.3333333333333333,0.6666666666666667,0.0,false,,
yang2025,aoa_10,0.9765625,,,-0.6333014229592959,0.02626106815070591,0.3333333333333333,0.6666666666666667,0.0,false,,
yang2025,aoa_10,0.984375,,,-0.5237966936857263,0.04797260338651348,0.3333333333333333,0.6666666666666667,0.0,false,,
yang2025,aoa_10,0.9921875,,,-0.5415490389356324,0.047024977783263984,0.3333333333333333,0.6666666666666667,0.0,false,,
yang2025,aoa_15,0.0,,,-0.4019179054222955,0.0725294682836909,0.49999999999999994,0.5,0.0,false,,
yang2025,aoa_15,0.0078125,,,-0.45734752268933765,0.061378521003663485,0.49999999999999994,0.5,0.0,false,,
yang2025,aoa_15,0.015625,,,-0.4514765422875964,0.06524931823976544,0.49999999999999994,0.5,0.0,false,,
yang2025,aoa_15,0.0234375,,,-0.4952391284657014,0.055114191437677144,0.49999999999999994,0.5,0.0,false,,
yang2025,aoa_15,0.03125,,,-0.4101830655287653,0.07944880385941237,0.49999999999999994,0.5,0.0,false,,
yang2025,aoa_15,0.0390625,,,-0.49866694417681606,0.05617487553128171,0.49999999999999994,0.5,0.0,false,,
yang2025,aoa_15,0.046875,,,-0.5003487310734055,0.056129740120168053,0.49999999999999994,0.5,0.0,false,,
yang2025,aoa_15,0.0546875,,,-0.39697463553682594,0.08478616166719596,0.49999999999999994,0.5,0.0,false,,
yang2025,aoa_15,0.0625,,,-0.45056982358434033,0.06960193398221405,0.49999999999999994,0.5,0.0,false,,
yang2025,aoa_15,0.0703125,,,-0.42447003895896634,0.11150569260440701,0.4166666666666667,0.5833333333333334,0.0,false,,
yang2025,aoa_15,0.078125,,,-0.3698677105408077,0.12574531926122956,0.4166666666666667,0.5833333333333334,0.0,false,,
yang2025,aoa_15,0.0859375,,,-0.40990705266988703,0.07770135172503731,0.5,0.5,0.0,false,,
yang2025,aoa_15,0.09375,,,-0.3371547330795926,0.09677172770756196,0.5,0.5,0.0,false,,
yang2025,aoa_15,0.1015625,,,-0.2781379479899738,0.11173020434623898,0.5,0.5,0.0,false,,
yang2025,aoa_15,0.109375,,,-0.22756696107315597,0.0905203307314998,0.5833333333333334,0.4166666666666667,0.0,false,,
yang2025,aoa_15,0.1171875,,,-0.18517683658661582,0.10076170419260333,0.5833333333333334,0.4166666666666667,0.0,false,,
yang2025,aoa_15,0.125,,,-0.132245385885083,0.1139176656283614,0.5833333333333333,0.41666666666666674,0.0,false,,
yang2025,aoa_15,0.1328125,,,-0.10336893041685058,0.11943433321054306,0.5833333333333333,0.41666666666666674,0.0,false,,
yang2025,aoa_15,0.140625,,,-0.04624323546252303,0.10283425443459931,0.6666666666666666,0.3333333333333334,0.0,false,,
yang2025,aoa_15,0.1484375,,,-0.02171213006113211,0.10700857125167995,0.6666666666666667,0.3333333333333333,0.0,false,,
yang2025,aoa_15,0.15625,,,0.0037791339659060397,0.11083331133400695,0.6666666666666667,0.3333333333333333,0.0,false,,
yang2025,aoa_15,0.1640625,,,-0.005024073739096885,0.1301615373817118,0.5833333333333334,0.41666666666666663,0.0,false,,
yang2025,aoa_15,0.171875,,,-0.005007674078457647,0.14895275894333082,0.5,0.5,0.0,false,,
yang2025,aoa_15,0.1796875,,,0.04760366806999294,0.18143653130850954,0.41666666666666674,0.5833333333333333,0.0,false,,
yang2025,aoa_15,0.1875,,,0.06280550757117542,0.19777137645442744,0.3333333333333334,0.6666666666666666,0.0,false,,
yang2025,aoa_15,0.1953125,,,0.09348301687375417,0.21541441827781718,0.25,0.75,0.0,false,,
yang2025,aoa_15,0.203125,,,0.02742381634852737,0.2174416259576492,0.0833333333333334,0.9166666666666666,0.0,false,,
yang2025,aoa_15,0.2109375,,,-0.04965083772714585,0.18925388597827034,0.0,1.0,0.0,false,,
yang2025,aoa_15,0.21875,,,0.09551409772312858,0.21439732909569567,0.0,1.0,0.0,false,,
yang2025,aoa_15,0.2265625,,,0.10037995044849202,0.19059182507642275,0.0,1.0,0.0,false,,
yang2025,aoa_15,0.234375,,,0.09124418479548363,0.16106723891735814,0.0,1.0,0.0,false,,
yang2025,aoa_15,0.2421875,,,0.21709981577157172,0.17737179520142946,0.0,1.0,0.0,false,,
yang2025,aoa_15,0.25,,,0.22040466404229342,0.15086634172713836,0.0,1.0,0.0,false,,
yang2025,aoa_15,0.2578125,,,0.2628875483617029,0.13699528322833268,0.0,1.0,0.0,false,,
yang2025,aoa_15,0.265625,,,0.4220053081895194,0.16308989222988898,0.0,1.0,0.0,false,,
yang2025,aoa_15,0.2734375,,,0.45731692788834416,0.1464690710484901,0.0,1.0,0.0,false,,
yang2025,aoa_15,0.28125,,,0.41046673269662604,0.10157582651608181,0.0,1.0,0.0,false,,
yang2025,aoa_15,0.2890625,,,0.5067595890313813,0.1057326467300762,0.0,1.0,0.0,false,,
yang2025,aoa_15,0.296875,,,0.6253878111423716,0.11713095571744295,0.0,1.0,0.0,false,,
yang2025,aoa_15,0.3046875,,,0.6902014247163506,0.11040541745275195,0.0,1.0,0.0,false,,
yang2025,aoa_15,0.3125,,,0.7596299375109226,0.128052673913493,0.0,0.8333333333333333,0.16666666666666674,false,,
yang2025,aoa_15,0.3203125,,,0.764140963494812,0.12091472329570567,0.0,0.75,0.25,false,,
yang2025,aoa_15,0.328125,,,0.8153250661534863,0.134420445714951,0.0,0.6666666666666666,0.3333333333333334,false,,
yang2025,aoa_15,0.3359375,,,0.8593483901656352,0.15048396415061455,0.0,0.5833333333333333,0.41666666666666674,false,,
yang2025,aoa_15,0.34375,,,0.8790295569865165,0.16347315345594235,0.0,0.5,0.5,false,,
yang2025,aoa_15,0.3515625,,,0.9135617605084522,0.16279531636384836,0.0,0.5,0.5,false,,
yang2025,aoa_15,0.359375,,,0.959703443180874,0.19120083252556047,0.0,0.41666666666666663,0.5833333333333334,false,,
yang2025,aoa_15,0.3671875,,,1.0008609476875787,0.19502784554463298,0.0,0.41666666666666663,0.5833333333333334,false,,
yang2025,aoa_15,0.375,,,0.9850778814989403,0.21082604516499903,0.0,0.3333333333333333,0.6666666666666667,false,,
yang2025,aoa_15,0.3828125,,,1.0203154386776063,0.21542018750319183,0.0,0.3333333333333333,0.6666666666666667,false,,
yang2025,aoa_15,0.390625,,,1.0515797492272863,0.21898813721827395,0.0,0.3333333333333333,0.6666666666666667,false,,
yang2025,aoa_15,0.3984375,,,1.0623802432275289,0.25204538130374043,0.0,0.25,0.75,false,,
yang2025,aoa_15,0.40625,,,1.093101113198436,0.2579525946678867,0.0,0.25,0.75,false,,
yang2025,aoa_15,0.4140625,,,1.11726922863509,0.26214233285912536,0.0,0.25,0.75,false,,
yang2025,aoa_15,0.421875,,,1.1405536562825054,0.2663273946984368,0.0,0.25,0.75,false,,
yang2025,aoa_15,0.4296875,,,1.164389427405181,0.27093835219922546,0.0,0.25,0.75,false,,
yang2025,aoa_15,0.4375,,,1.1571891635778442,0.3116018335468391,0.0,0.16666666666666666,0.8333333333333334,false,,
yang2025,aoa_15,0.4453125,,,1.178874610433217,0.3180385236173645,0.0,0.16666666666666666,0.8333333333333334,false,,
yang2025,aoa_15,0.453125,,,1.201284161927861,0.32490664285459653,0.0,0.16666666666666666,0.8333333333333334,false,,
yang2025,aoa_15,0.4609375,,,1.2170550519809793,0.33014332979385147,0.0,0.16666666666666666,0.8333333333333334,false,,
yang2025,aoa_15,0.46875,,,1.2323492143290444,0.3355589008023248,0.0,0.16666666666666666,0.8333333333333334,false,,
yang2025,aoa_15,0.4765625,,,1.2404854856807546,0.33926509307529457,0.0,0.16666666666666666,0.8333333333333334,false,,
yang2025,aoa_15,0.484375,,,1.2624824165116326,0.34697864797462113,0.0,0.16666666666666666,0.8333333333333334,false,,
yang2025,aoa_15,0.4921875,,,1.2315216159859828,0.396432316753269,0.0,0.08333333333333331,0.9166666666666666,false,,
yang2025,aoa_15,0.5,,,1.2384224904160894,0.4017938277932445,0.0,0.08333333333333331,0.9166666666666666,false,,
yang2025,aoa_15,0.5078125,,,1.244069064138451,0.4068242180227166,0.0,0.08333333333333331,0.9166666666666666,false,,
yang2025,aoa_15,0.515625,,,1.2481589094574121,0.41135002493398415,0.0,0.08333333333333331,0.9166666666666666,false,,
yang2025,aoa_15,0.5234375,,,1.2469207274442704,0.4143072022664223,0.0,0.08333333333333331,0.9166666666666666,false,,
yang2025,aoa_15,0.53125,,,1.2545082774091367,0.41942411264371043,0.0,0.08333333333333331,0.9166666666666666,false,,
yang2025,aoa_15,0.5390625,,,1.2404943747037787,0.4183918102338126,0.0,0.08333333333333331,0.9166666666666666,false,,
yang2025,aoa_15,0.546875,,,1.244641357023185,0.4216888867959935,0.0,0.08333333333333331,0.9166666666666666,false,,
yang2025,aoa_15,0.5546875,,,1.2289407484704,0.4191047081036121,0.0,0.08333333333333331,0.9166666666666666,false,,
yang2025,aoa_15,0.5625,,,1.2232913549068296,0.4185689531652962,0.0,0.08333333333333331,0.9166666666666666,false,,
yang2025,aoa_15,0.5703125,,,1.2085440375063723,0.4148534967052132,0.0,0.08333333333333331,0.9166666666666666,false,,
yang2025,aoa_15,0.578125,,,1.1998315142096132,0.4116126728088889,0.0,0.08333333333333331,0.9166666666666666,false,,
yang2025,aoa_15,0.5859375,,,1.1761476153516974,0.4032754924630179,0.0,0.08333333333333331,0.9166666666666666,false,,
yang2025,aoa_15,0.59375,,,1.1677205793588963,0.3980469518639292,0.0,0.08333333333333331,0.9166666666666666,false,,
yang2025,aoa_15,0.6015625,,,1.1411738257158273,0.3867865649358475,0.0,0.08333333333333331,0.9166666666666666,false,,
yang2025,aoa_15,0.609375,,,1.111884743015898,0.37351316734812995,0.0,0.08333333333333331,0.9166666666666666,false,,
yang2025,aoa_15,0.6171875,,,1.0835651756989004,0.35909519840780785,0.0,0.08333333333333331,0.9166666666666666,false,,
yang2025,aoa_15,0.625,,,1.0847929557745088,0.29733742144162745,0.0,0.16666666666666666,0.8333333333333334,false,,
yang2025,aoa_15,0.6328125,,,1.0457930364654233,0.2804803011191725,0.0,0.16666666666666666,0.8333333333333334,false,,
yang2025,aoa_15,0.640625,,,1.0289976475192921,0.26939044633885123,0.0,0.16666666666666666,0.8333333333333334,false,,
yang2025,aoa_15,0.6484375,,,1.0045877157777152,0.2557123326201774,0.0,0.16666666666666666,0.8333333333333334,false,,
yang2025,aoa_15,0.65625,,,0.9666985058253603,0.19476727612583983,0.0,0.25,0.75,false,,
yang2025,aoa_15,0.6640625,,,0.9466097681652687,0.185783246719442,0.0,0.25,0.75,false,,
yang2025,aoa_15,0.671875,,,0.9132581564998226,0.17336719045230714,0.0,0.25,0.75,false,,
yang2025,aoa_15,0.6796875,,,0.8747287375841676,0.1271666502667061,0.0,0.3333333333333333,0.6666666666666667,false,,
yang2025,aoa_15,0.6875,,,0.896007777762355,0.10729700410380394,0.0,0.41666666666666663,0.5833333333333334,false,,
yang2025,aoa_15,0.6953125,,,0.8571440410047914,0.07692266497520733,0.0,0.5,0.5,false,,
yang2025,aoa_15,0.703125,,,0.8391599401861174,0.060497748055750276,0.0,0.5833333333333333,0.41666666666666674,false,,
yang2025,aoa_15,0.7109375,,,0.8292255383041905,0.03547525688453926,0.0,0.75,0.25,false,,
yang2025,aoa_15,0.71875,,,0.8012285304435675,0.0038723852351312434,0.0,1.0,0.0,false,,
yang2025,aoa_15,0.7265625,,,0.786512703120879,0.03166391277427664,0.0,1.0,0.0,false,,
yang2025,aoa_15,0.734375,,,0.6931616070735978,0.03428467722031217,0.0,1.0,0.0,false,,
yang2025,aoa_15,0.7421875,,,0.7071030670108204,0.06988158144533113,0.0,1.0,0.0,false,,
yang2025,aoa_15,0.75,,,0.7393319184361132,0.11051627642714434,0.0,1.0,0.0,false,,
yang2025,aoa_15,0.7578125,,,0.629789793431773,0.10538279947904389,0.0,1.0,0.0,false,,
yang2025,aoa_15,0.765625,,,0.5911949617538153,0.12220068928401251,0.0,1.0,0.0,false,,
yang2025,aoa_15,0.7734375,,,0.6847417052456539,0.17991371132336337,0.0,1.0,0.0,false,,
yang2025,aoa_15,0.78125,,,0.6512142397040314,0.1963169674887605,0.0,1.0,0.0,false,,
yang2025,aoa_15,0.7890625,,,0.4557607696249879,0.16058553799543326,0.0,1.0,0.0,false,,
yang2025,aoa_15,0.796875,,,0.49163426390238624,0.18777189611366882,0.0833333333333334,0.9166666666666666,0.0,false,,
yang2025,aoa_15,0.8046875,,,0.3479799152488554,0.14611377388182117,0.25,0.75,0.0,false,,
yang2025,aoa_15,0.8125,,,0.40959685653958183,0.1624941994974359,0.41666666666666674,0.5833333333333333,0.0,false,,
yang2025,aoa_15,0.8203125,,,0.300343997685791,0.132442308899816,0.5,0.5,0.0,false,,
yang2025,aoa_15,0.828125,,,0.20431407309110783,0.1030153309819318,0.5833333333333334,0.41666666666666663,0.0,false,,
yang2025,aoa_15,0.8359375,,,0.15392150904465413,0.09882084214213949,0.5833333333333334,0.41666666666666663,0.0,false,,
yang2025,aoa_15,0.84375,,,0.08527637490935601,0.0726889212604986,0.6666666666666667,0.3333333333333333,0.0,false,,
yang2025,aoa_15,0.8515625,,,0.036429359004166245,0.06644933333371578,0.6666666666666667,0.3333333333333333,0.0,false,,
yang2025,aoa_15,0.859375,,,-0.005033490814155592,0.06175251459879092,0.6666666666666666,0.3333333333333334,0.0,false,,
yang2025,aoa_15,0.8671875,,,-0.06509519049016779,0.07058727400561156,0.5833333333333333,0.41666666666666674,0.0,false,,
yang2025,aoa_15,0.875,,,-0.12358361701728741,0.061206331991503285,0.5833333333333333,0.41666666666666674,0.0,false,,
yang2025,aoa_15,0.8828125,,,-0.14749785117658779,0.06135670378523983,0.5833333333333334,0.4166666666666667,0.0,false,,
yang2025,aoa_15,0.890625,,,-0.16771698083969083,0.06208772979783156,0.5833333333333334,0.4166666666666667,0.0,false,,
yang2025,aoa_15,0.8984375,,,-0.23776406765878214,0.07261459840819075,0.5,0.5,0.0,false,,
yang2025,aoa_15,0.90625,,,-0.24262478492820133,0.07791876910327528,0.5,0.5,0.0,false,,
yang2025,aoa_15,0.9140625,,,-0.24578704546873537,0.08322947632073985,0.5,0.5,0.0,false,,
yang2025,aoa_15,0.921875,,,-0.2648611318804722,0.08372089497679636,0.5,0.5,0.0,false,,
yang2025,aoa_15,0.9296875,,,-0.28974540162755086,0.11068682540799318,0.4166666666666667,0.5833333333333334,0.0,false,,
yang2025,aoa_15,0.9375,,,-0.25361398863155427,0.09699896629506241,0.49999999999999994,0.5,0.0,false,,
yang2025,aoa_15,0.9453125,,,-0.25333679290787814,0.10158109106647709,0.49999999999999994,0.5,0.0,false,,
yang2025,aoa_15,0.953125,,,-0.3231566904977841,0.08689669251919843,0.49999999999999994,0.5,0.0,false,,
yang2025,aoa_15,0.9609375,,,-0.28018226506577737,0.10230466827711651,0.49999999999999994,0.5,0.0,false,,
yang2025,aoa_15,0.96875,,,-0.33584806031966796,0.09084715449476471,0.49999999999999994,0.5,0.0,false,,
yang2025,aoa_15,0.9765625,,,-0.2898344797685136,0.10636551719843933,0.49999999999999994,0.5,0.0,false,,
yang2025,aoa_15,0.984375,,,-0.3373986341793638,0.09647347021074215,0.49999999999999994,0.5,0.0,false,,
yang2025,aoa_15,0.9921875,,,-0.3822736817031993,0.08697762186601465,0.49999999999999994,0.5,0.0,false,,
yang2025,aoa_20,0.0,,,-0.3147619575078869,0.18602539115021088,0.4166666666666667,0.5833333333333334,0.0,false,,
yang2025,aoa_20,0.0078125,,,-0.3285744971363571,0.18729505409611355,0.4166666666666667,0.5833333333333334,0.0,false,,
yang2025,aoa_20,0.015625,,,-0.30854114282272505,0.19861654236735082,0.4166666666666667,0.5833333333333334,0.0,false,,
yang2025,aoa_20,0.0234375,,,-0.2901587985539259,0.1619380041240284,0.49999999999999994,0.5000000000000001,0.0,false,,
yang2025,aoa_20,0.03125,,,-0.273148775058458,0.17006984117303242,0.49999999999999994,0.5000000000000001,0.0,false,,
yang2025,aoa_20,0.0390625,,,-0.2526773535324613,0.17893487071859274,0.49999999999999994,0.5000000000000001,0.0,false,,
yang2025,aoa_20,0.046875,,,-0.26011077854196313,0.17684336861335062,0.49999999999999994,0.5000000000000001,0.0,false,,
yang2025,aoa_20,0.0546875,,,-0.23432553440582202,0.1866021795750589,0.49999999999999994,0.5000000000000001,0.0,false,,
yang2025,aoa_20,0.0625,,,-0.17411371024966493,0.20891983353791632,0.49999999999999994,0.5000000000000001,0.0,false,,
yang2025,aoa_20,0.0703125,,,-0.21851036609079183,0.19091905419770325,0.49999999999999994,0.5000000000000001,0.0,false,,
yang2025,aoa_20,0.078125,,,-0.11876248849522097,0.18053890055822455,0.5833333333333334,0.41666666666666663,0.0,false,,
yang2025,aoa_20,0.0859375,,,-0.1692067980936227,0.20576451840070537,0.5,0.5,0.0,false,,
yang2025,aoa_20,0.09375,,,-0.12002426428330898,0.22201184781733885,0.5,0.5,0.0,false,,
yang2025,aoa_20,0.1015625,,,-0.06560836766546571,0.19406158195099066,0.5833333333333334,0.41666666666666663,0.0,false,,
yang2025,aoa_20,0.109375,,,-0.032157306416449094,0.20379849680575926,0.5833333333333334,0.41666666666666663,0.0,false,,
yang2025,aoa_20,0.1171875,,,-0.04514476986339255,0.23868894042627076,0.5,0.5,0.0,false,,
yang2025,aoa_20,0.125,,,-0.024612188099621346,0.24098522923949092,0.5,0.5,0.0,false,,
yang2025,aoa_20,0.1328125,,,-0.0693914581831303,0.2580405241118491,0.41666666666666674,0.5833333333333333,0.0,false,,
yang2025,aoa_20,0.140625,,,-0.018694245858932895,0.26996071328186155,0.41666666666666674,0.5833333333333333,0.0,false,,
yang2025,aoa_20,0.1484375,,,0.005871940891143804,0.31055313926498823,0.33333333333333337,0.6666666666666666,0.0,false,,
yang2025,aoa_20,0.15625,,,0.00888355430570241,0.2986492073735449,0.33333333333333337,0.6666666666666666,0.0,false,,
yang2025,aoa_20,0.1640625,,,0.04688382525902675,0.3387440288970923,0.25000000000000006,0.75,0.0,false,,
yang2025,aoa_20,0.171875,,,0.01327834033760118,0.3800910192519508,0.08333333333333338,0.9166666666666666,0.0,false,,
yang2025,aoa_20,0.1796875,,,0.08395945935845062,0.4247862415949961,0.0,1.0,0.0,false,,
yang2025,aoa_20,0.1875,,,0.016098053255382716,0.3684957207039628,0.0,1.0,0.0,false,,
yang2025,aoa_20,0.1953125,,,0.09858556276924346,0.378174535109584,0.0,1.0,0.0,false,,
yang2025,aoa_20,0.203125,,,0.12920481468581768,0.3629291346305965,0.0,1.0,0.0,false,,
yang2025,aoa_20,0.2109375,,,0.1429656170261534,0.338468095314594,0.0,1.0,0.0,false,,
yang2025,aoa_20,0.21875,,,0.1472243526990582,0.3078443474501528,0.0,1.0,0.0,false,,
yang2025,aoa_20,0.2265625,,,0.2031325716964119,0.2997381209214138,0.0,1.0,0.0,false,,
yang2025,aoa_20,0.234375,,,0.1666462549239056,0.24747797398398874,0.0,1.0,0.0,false,,
yang2025,aoa_20,0.2421875,,,0.2956136062795414,0.2717836098811749,0.0,1.0,0.0,false,,
yang2025,aoa_20,0.25,,,0.30720762926167816,0.2404553460529597,0.0,1.0,0.0,false,,
yang2025,aoa_20,0.2578125,,,0.3807039628646814,0.23714065163970713,0.0,1.0,0.0,false,,
yang2025,aoa_20,0.265625,,,0.46911116800048824,0.2404828923047101,0.0,1.0,0.0,false,,
yang2025,aoa_20,0.2734375,,,0.48340426782182694,0.20896215444343003,0.0,1.0,0.0,false,,
yang2025,aoa_20,0.28125,,,0.6025007880313076,0.23586945229748993,0.0,0.75,0.25000000000000006,false,,
yang2025,aoa_20,0.2890625,,,0.695001015500522,0.26392174330880613,0.0,0.5833333333333333,0.41666666666666674,false,,
yang2025,aoa_20,0.296875,,,0.773116718808186,0.2987272400825301,0.0,0.41666666666666663,0.5833333333333334,false,,
yang2025,aoa_20,0.3046875,,,0.8158577323311875,0.3173613543293034,0.0,0.33333333333333326,0.6666666666666667,false,,
yang2025,aoa_20,0.3125,,,0.8595709176321064,0.3431529840285238,0.0,0.24999999999999997,0.75,false,,
yang2025,aoa_20,0.3203125,,,0.8816341622410221,0.36578244851751873,0.0,0.16666666666666666,0.8333333333333334,false,,
yang2025,aoa_20,0.328125,,,0.9008804513673164,0.37056089742349024,0.0,0.16666666666666666,0.8333333333333334,false,,
yang2025,aoa_20,0.3359375,,,0.9322664760385665,0.40723305110995267,0.0,0.08333333333333331,0.9166666666666666,false,,
yang2025,aoa_20,0.34375,,,0.9557686229790403,0.4172788366634327,0.0,0.08333333333333331,0.9166666666666666,false,,
yang2025,aoa_20,0.3515625,,,0.9752023807149726,0.42567221723068577,0.0,0.08333333333333331,0.9166666666666666,false,,
yang2025,aoa_20,0.359375,,,1.0001778590438124,0.43660092758412883,0.0,0.08333333333333331,0.9166666666666666,false,,
yang2025,aoa_20,0.3671875,,,1.0113071706612082,0.4801542838579501,0.0,0.0,1.0,false,,
yang2025,aoa_20,0.375,,,1.0313786250723989,0.49222857813274523,0.0,0.0,1.0,false,,
yang2025,aoa_20,0.3828125,,,1.0511022593347796,0.5043040832928557,0.0,0.0,1.0,false,,
yang2025,aoa_20,0.390625,,,1.0704398283875252,0.5163836127530128,0.0,0.0,1.0,false,,
yang2025,aoa_20,0.3984375,,,1.089206766967955,0.528470401220849,0.0,0.0,1.0,false,,
yang2025,aoa_20,0.40625,,,1.1073952714615987,0.5405606059427077,0.0,0.0,1.0,false,,
yang2025,aoa_20,0.4140625,,,1.1250052829594939,0.5526474776892418,0.0,0.0,1.0,false,,
yang2025,aoa_20,0.421875,,,1.1419857277793708,0.5647229400071924,0.0,0.0,1.0,false,,
yang2025,aoa_20,0.4296875,,,1.158240822478905,0.5767745115045423,0.0,0.0,1.0,false,,
yang2025,aoa_20,0.4375,,,1.1734563286284907,0.5887602125794361,0.0,0.0,1.0,false,,
yang2025,aoa_20,0.4453125,,,1.1877991942947954,0.6006599618061517,0.0,0.0,1.0,false,,
yang2025,aoa_20,0.453125,,,1.2012062503188505,0.6124422392181745,0.0,0.0,1.0,false,,
yang2025,aoa_20,0.4609375,,,1.2136132754755786,0.6240720185947861,0.0,0.0,1.0,false,,
yang2025,aoa_20,0.46875,,,1.2246876741888688,0.6354449491385884,0.0,0.0,1.0,false,,
yang2025,aoa_20,0.4765625,,,1.2343598766912391,0.6464703367598285,0.0,0.0,1.0,false,,
yang2025,aoa_20,0.484375,,,1.2427424036486103,0.6571135505400411,0.0,0.0,1.0,false,,
yang2025,aoa_20,0.4921875,,,1.2497666351246062,0.6672996611021901,0.0,0.0,1.0,false,,
yang2025,aoa_20,0.5,,,1.2553641570911853,0.6769487622407871,0.0,0.0,1.0,false,,
yang2025,aoa_20,0.5078125,,,1.2588301419542232,0.6856376847033839,0.0,0.0,1.0,false,,
yang2025,aoa_20,0.515625,,,1.2606612407979105,0.6934572136778167,0.0,0.0,1.0,false,,
yang2025,aoa_20,0.5234375,,,1.2608036264621367,0.7002846651880589,0.0,0.0,1.0,false,,
yang2025,aoa_20,0.53125,,,1.2592072685697597,0.7059929651799677,0.0,0.0,1.0,false,,
yang2025,aoa_20,0.5390625,,,1.2555179548813353,0.7101954951322645,0.0,0.0,1.0,false,,
yang2025,aoa_20,0.546875,,,1.2495766485115345,0.7125333194551241,0.0,0.0,1.0,false,,
yang2025,aoa_20,0.5546875,,,1.2417756351045917,0.7131443125140826,0.0,0.0,1.0,false,,
yang2025,aoa_20,0.5625,,,1.2321171210744517,0.7118831811579148,0.0,0.0,1.0,false,,
yang2025,aoa_20,0.5703125,,,1.2206109506300498,0.7086065696714956,0.0,0.0,1.0,false,,
yang2025,aoa_20,0.578125,,,1.2067045757408557,0.702369970630697,0.0,0.0,1.0,false,,
yang2025,aoa_20,0.5859375,,,1.1909938955730603,0.6936016062837448,0.0,0.0,1.0,false,,
yang2025,aoa_20,0.59375,,,1.173661890109086,0.6823548625843037,0.0,0.0,1.0,false,,
yang2025,aoa_20,0.6015625,,,1.154800103229253,0.6685788873398965,0.0,0.0,1.0,false,,
yang2025,aoa_20,0.609375,,,1.1343758843074812,0.6519611088311466,0.0,0.0,1.0,false,,
yang2025,aoa_20,0.6171875,,,1.1124164331925794,0.6321539799192238,0.0,0.0,1.0,false,,
yang2025,aoa_20,0.625,,,1.0894590332146021,0.610009497037688,0.0,0.0,1.0,false,,
yang2025,aoa_20,0.6328125,,,1.065649290933604,0.5856990663479896,0.0,0.0,1.0,false,,
yang2025,aoa_20,0.640625,,,1.0411336131969715,0.5594213397148479,0.0,0.0,1.0,false,,
yang2025,aoa_20,0.6484375,,,1.015984162850053,0.5311110891182714,0.0,0.0,1.0,false,,
yang2025,aoa_20,0.65625,,,0.9905234312623936,0.5016174118097814,0.0,0.0,1.0,false,,
yang2025,aoa_20,0.6640625,,,0.9649133624111403,0.4714874174934065,0.0,0.0,1.0,false,,
yang2025,aoa_20,0.671875,,,0.9392495821633043,0.44109104630264506,0.0,0.0,1.0,false,,
yang2025,aoa_20,0.6796875,,,0.9136247653824098,0.41084634007656523,0.0,0.0,1.0,false,,
yang2025,aoa_20,0.6875,,,0.8881633828562305,0.38156973836572167,0.0,0.0,1.0,false,,
yang2025,aoa_20,0.6953125,,,0.8905718836480938,0.32750046506459257,0.0,0.08333333333333331,0.9166666666666666,false,,
yang2025,aoa_20,0.703125,,,0.8968822755739587,0.2862756117134427,0.0,0.16666666666666666,0.8333333333333334,false,,
yang2025,aoa_20,0.7109375,,,0.8951094208488404,0.252849409163935,0.0,0.24999999999999997,0.75,false,,
yang2025,aoa_20,0.71875,,,0.8747392202637987,0.22253661557730398,0.0,0.33333333333333326,0.6666666666666667,false,,
yang2025,aoa_20,0.7265625,,,0.892646922424544,0.20000308493551772,0.0,0.5,0.5,false,,
yang2025,aoa_20,0.734375,,,0.9432235719207835,0.18027976340912394,0.0,0.8333333333333333,0.1666666666666668,false,,
yang2025,aoa_20,0.7421875,,,0.9155186659356187,0.18133666516914862,0.0,1.0,0.0,false,,
yang2025,aoa_20,0.75,,,0.8390029064738916,0.18998951213688328,0.0,1.0,0.0,false,,
yang2025,aoa_20,0.7578125,,,0.9223724545974462,0.265855859626284,0.0,1.0,0.0,false,,
yang2025,aoa_20,0.765625,,,0.8874207652711024,0.2895825896048184,0.0,1.0,0.0,false,,
yang2025,aoa_20,0.7734375,,,0.5993687336678014,0.20333950269391565,0.0,1.0,0.0,false,,
yang2025,aoa_20,0.78125,,,0.6627614773262055,0.2671346526842496,0.0,1.0,0.0,false,,
yang2025,aoa_20,0.7890625,,,0.48821631470524374,0.22763193689048106,0.0,1.0,0.0,false,,
yang2025,aoa_20,0.796875,,,0.4828363612967129,0.25897152614545926,0.0,1.0,0.0,false,,
yang2025,aoa_20,0.8046875,,,0.39465409466399004,0.2541607011985583,0.0,1.0,0.0,false,,
yang2025,aoa_20,0.8125,,,0.42865453153579874,0.2996799805897931,0.0,1.0,0.0,false,,
yang2025,aoa_20,0.8203125,,,0.3024268801967094,0.2569839232624641,0.08333333333333338,0.9166666666666666,0.0,false,,
yang2025,aoa_20,0.828125,,,0.2240519686324915,0.23009862263850342,0.1666666666666668,0.8333333333333333,0.0,false,,
yang2025,aoa_20,0.8359375,,,0.1914207007420088,0.21810183695687127,0.25000000000000006,0.75,0.0,false,,
yang2025,aoa_20,0.84375,,,0.13844431828835446,0.19385494914126167,0.33333333333333337,0.6666666666666666,0.0,false,,
yang2025,aoa_20,0.8515625,,,0.07030729776993155,0.18594175448379155,0.33333333333333337,0.6666666666666666,0.0,false,,
yang2025,aoa_20,0.859375,,,0.07444046642504495,0.1783371925014835,0.41666666666666674,0.5833333333333333,0.0,false,,
yang2025,aoa_20,0.8671875,,,0.07047166106511668,0.16335713375273775,0.5,0.5,0.0,false,,
yang2025,aoa_20,0.875,,,0.02755045888255017,0.15999258458358562,0.5,0.5,0.0,false,,
yang2025,aoa_20,0.8828125,,,0.032098182179189666,0.17441649849917387,0.5,0.5,0.0,false,,
yang2025,aoa_20,0.890625,,,0.050491941240219426,0.15988570660003446,0.5833333333333334,0.41666666666666663,0.0,false,,
yang2025,aoa_20,0.8984375,,,0.008819806599357924,0.15354371593500668,0.5833333333333334,0.41666666666666663,0.0,false,,
yang2025,aoa_20,0.90625,,,-0.02115985548195856,0.1871560755554368,0.5,0.5,0.0,false,,
yang2025,aoa_20,0.9140625,,,-0.06809282507964105,0.17914210577142398,0.5,0.5,0.0,false,,
yang2025,aoa_20,0.921875,,,-0.061908492485778996,0.19051025101317226,0.5,0.5,0.0,false,,
yang2025,aoa_20,0.9296875,,,-0.0763017415942566,0.19355863936254603,0.49999999999999994,0.5000000000000001,0.0,false,,
yang2025,aoa_20,0.9375,,,-0.02752845212662252,0.2193233683007217,0.49999999999999994,0.5000000000000001,0.0,false,,
yang2025,aoa_20,0.9453125,,,-0.1256623293627233,0.19034606735031914,0.49999999999999994,0.5000000000000001,0.0,false,,
yang2025,aoa_20,0.953125,,,-0.11116688817033532,0.20234657832439357,0.49999999999999994,0.5000000000000001,0.0,false,,
yang2025,aoa_20,0.9609375,,,-0.1397200980337024,0.19803811361629964,0.49999999999999994,0.5000000000000001,0.0,false,,
yang2025,aoa_20,0.96875,,,-0.21685760217930092,0.17551090839053773,0.49999999999999994,0.5000000000000001,0.0,false,,
yang2025,aoa_20,0.9765625,,,-0.17681442372332593,0.1951911483142338,0.49999999999999994,0.5000000000000001,0.0,false,,
yang2025,aoa_20,0.984375,,,-0.30689965725031465,0.19823795373062852,0.4166666666666667,0.5833333333333334,0.0,false,,
yang2025,aoa_20,0.9921875,,,-0.31795836803632344,0.1988801780192135,0.4166666666666667,0.5833333333333334,0.0,false,,
yang2025,aoa_25,0.0,,,-0.11486075699295542,0.3172662134522052,0.4166666666666668,0.5833333333333333,0.0,false,,
yang2025,aoa_25,0.0078125,,,-0.16127896277656786,0.30413877315664617,0.4166666666666668,0.5833333333333333,0.0,false,,
yang2025,aoa_25,0.015625,,,-0.10392211159652509,0.3366148763756448,0.4166666666666668,0.5833333333333333,0.0,false,,
yang2025,aoa_25,0.0234375,,,-0.09160607284948882,0.3467768535059218,0.4166666666666668,0.5833333333333333,0.0,false,,
yang2025,aoa_25,0.03125,,,-0.1389724288261143,0.32768432905592765,0.4166666666666668,0.5833333333333333,0.0,false,,
yang2025,aoa_25,0.0390625,,,-0.10535799776790586,0.3459757785872808,0.4166666666666668,0.5833333333333333,0.0,false,,
yang2025,aoa_25,0.046875,,,-0.121047321356797,0.3398926205224636,0.4166666666666668,0.5833333333333333,0.0,false,,
yang2025,aoa_25,0.0546875,,,-0.09090060166572103,0.35488491193013255,0.4166666666666668,0.5833333333333333,0.0,false,,
yang2025,aoa_25,0.0625,,,-0.08860944876473492,0.35558448056870123,0.4166666666666668,0.5833333333333333,0.0,false,,
yang2025,aoa_25,0.0703125,,,-0.054850705958612966,0.3707140860222353,0.4166666666666668,0.5833333333333333,0.0,false,,
yang2025,aoa_25,0.078125,,,-0.06404335615594584,0.3638278901682846,0.4166666666666668,0.5833333333333333,0.0,false,,
yang2025,aoa_25,0.0859375,,,-0.051295119761810865,0.4272555460450206,0.3333333333333334,0.6666666666666666,0.0,false,,
yang2025,aoa_25,0.09375,,,-0.04403227787309258,0.42594775674983965,0.3333333333333334,0.6666666666666666,0.0,false,,
yang2025,aoa_25,0.1015625,,,-0.030913590743801928,0.42638614034779365,0.3333333333333334,0.6666666666666666,0.0,false,,
yang2025,aoa_25,0.109375,,,-0.06241087701771959,0.4614909028151453,0.25000000000000006,0.75,0.0,false,,
yang2025,aoa_25,0.1171875,,,-0.058787181925236257,0.45328241427147464,0.25000000000000006,0.75,0.0,false,,
yang2025,aoa_25,0.125,,,-0.019075327087888852,0.5197774249591128,0.1666666666666668,0.8333333333333333,0.0,false,,
yang2025,aoa_25,0.1328125,,,-0.04839763627106797,0.48979024146334404,0.1666666666666668,0.8333333333333333,0.0,false,,
yang2025,aoa_25,0.140625,,,-0.08850631179882032,0.5068361826338161,0.08333333333333341,0.9166666666666666,0.0,false,,
yang2025,aoa_25,0.1484375,,,-0.040008468288576904,0.5672015134269346,0.0,1.0,0.0,false,,
yang2025,aoa_25,0.15625,,,0.028427635942281815,0.5815906485169218,0.0,1.0,0.0,false,,
yang2025,aoa_25,0.1640625,,,-0.035220835471316714,0.5204641049320127,0.0,1.0,0.0,false,,
yang2025,aoa_25,0.171875,,,0.14777766805146592,0.5958620219138634,0.0,1.0,0.0,false,,
yang2025,aoa_25,0.1796875,,,0.1642194213662866,0.5757115745456838,0.0,1.0,0.0,false,,
yang2025,aoa_25,0.1875,,,0.06292507158630745,0.48488917766981243,0.0,1.0,0.0,false,,
yang2025,aoa_25,0.1953125,,,0.1425977606642902,0.4961672189254329,0.0,1.0,0.0,false,,
yang2025,aoa_25,0.203125,,,0.21527553402901473,0.5019321796158608,0.0,1.0,0.0,false,,
yang2025,aoa_25,0.2109375,,,0.2417366123982233,0.47895257332989727,0.0,1.0,0.0,false,,
yang2025,aoa_25,0.21875,,,0.15405962403652507,0.38602902288067464,0.0,1.0,0.0,false,,
yang2025,aoa_25,0.2265625,,,0.29578666721027713,0.4277265304682377,0.0,1.0,0.0,false,,
yang2025,aoa_25,0.234375,,,0.28844594313168304,0.3793419443153623,0.0,1.0,0.0,false,,
yang2025,aoa_25,0.2421875,,,0.30668317064196404,0.3451724019766934,0.0,1.0,0.0,false,,
yang2025,aoa_25,0.25,,,0.2887328660519227,0.2884221867383819,0.0,1.0,0.0,false,,
yang2025,aoa_25,0.2578125,,,0.8014929590834183,0.46144558384005674,0.0,0.0,1.0,false,,
yang2025,aoa_25,0.265625,,,0.8200308457298371,0.4775147944144692,0.0,0.0,1.0,false,,
yang2025,aoa_25,0.2734375,,,0.8385208814066042,0.4935785473137745,0.0,0.0,1.0,false,,
yang2025,aoa_25,0.28125,,,0.8569727262217467,0.5096363257156706,0.0,0.0,1.0,false,,
yang2025,aoa_25,0.2890625,,,0.8753935064677022,0.5256858269224466,0.0,0.0,1.0,false,,
yang2025,aoa_25,0.296875,,,0.8937920887481275,0.5417227321911525,0.0,0.0,1.0,false,,
yang2025,aoa_25,0.3046875,,,0.9121714753690101,0.5577455307660045,0.0,0.0,1.0,false,,
yang2025,aoa_25,0.3125,,,0.9305256764757878,0.5737511743713539,0.0,0.0,1.0,false,,
yang2025,aoa_25,0.3203125,,,0.9488460435985976,0.5897365491707377,0.0,0.0,1.0,false,,
yang2025,aoa_25,0.328125,,,0.967089121741267,0.605689147829762,0.0,0.0,1.0,false,,
yang2025,aoa_25,0.3359375,,,0.9852333435576444,0.6216134127130725,0.0,0.0,1.0,false,,
yang2025,aoa_25,0.34375,,,1.0032542339760384,0.6375110766844879,0.0,0.0,1.0,false,,
yang2025,aoa_25,0.3515625,,,1.0211220962594354,0.6533828371855794,0.0,0.0,1.0,false,,
yang2025,aoa_25,0.359375,,,1.0387770049826888,0.6692274818884,0.0,0.0,1.0,false,,
yang2025,aoa_25,0.3671875,,,1.0561111371161978,0.6850461740225362,0.0,0.0,1.0,false,,
yang2025,aoa_25,0.375,,,1.0731371910023533,0.7008486973236042,0.0,0.0,1.0,false,,
yang2025,aoa_25,0.3828125,,,1.0898133516932724,0.7166372103656262,0.0,0.0,1.0,false,,
yang2025,aoa_25,0.390625,,,1.1060968277352483,0.7324134270775016,0.0,0.0,1.0,false,,
yang2025,aoa_25,0.3984375,,,1.121795679051057,0.7481746789438095,0.0,0.0,1.0,false,,
yang2025,aoa_25,0.40625,,,1.1369011027364426,0.7639181137208959,0.0,0.0,1.0,false,,
yang2025,aoa_25,0.4140625,,,1.1514147696441877,0.779637307790656,0.0,0.0,1.0,false,,
yang2025,aoa_25,0.421875,,,1.1652868150259934,0.795322166012628,0.0,0.0,1.0,false,,
yang2025,aoa_25,0.4296875,,,1.1784231508367853,0.8109561313215369,0.0,0.0,1.0,false,,
yang2025,aoa_25,0.4375,,,1.1905157475373818,0.826482263195341,0.0,0.0,1.0,false,,
yang2025,aoa_25,0.4453125,,,1.2017422614048396,0.8418829239830363,0.0,0.0,1.0,false,,
yang2025,aoa_25,0.453125,,,1.212047961608847,0.8571197042115564,0.0,0.0,1.0,false,,
yang2025,aoa_25,0.4609375,,,1.2213779522205277,0.8721499058355431,0.0,0.0,1.0,false,,
yang2025,aoa_25,0.46875,,,1.2294235573406234,0.88684164464885,0.0,0.0,1.0,false,,
yang2025,aoa_25,0.4765625,,,1.2361392916375005,0.901085340230954,0.0,0.0,1.0,false,,
yang2025,aoa_25,0.484375,,,1.241648145315711,0.9148419774020832,0.0,0.0,1.0,false,,
yang2025,aoa_25,0.4921875,,,1.2458996404197398,0.9280199351654227,0.0,0.0,1.0,false,,
yang2025,aoa_25,0.5,,,1.2488445321932806,0.9405214921550485,0.0,0.0,1.0,false,,
yang2025,aoa_25,0.5078125,,,1.2498742194631225,0.9518211754480943,0.0,0.0,1.0,false,,
yang2025,aoa_25,0.515625,,,1.2494645624139824,0.9620371868980327,0.0,0.0,1.0,false,,
yang2025,aoa_25,0.5234375,,,1.2475883464260142,0.971018856503527,0.0,0.0,1.0,false,,
yang2025,aoa_25,0.53125,,,1.2442228069410666,0.978609968145745,0.0,0.0,1.0,false,,
yang2025,aoa_25,0.5390625,,,1.2390974848745242,0.9843323933945045,0.0,0.0,1.0,false,,
yang2025,aoa_25,0.546875,,,1.2321285068259695,0.987742244577771,0.0,0.0,1.0,false,,
yang2025,aoa_25,0.5546875,,,1.2236749684235873,0.9890101847352584,0.0,0.0,1.0,false,,
yang2025,aoa_25,0.5625,,,1.2137687652518832,0.9879547755234314,0.0,0.0,1.0,false,,
yang2025,aoa_25,0.5703125,,,1.202449115868806,0.984396428830264,0.0,0.0,1.0,false,,
yang2025,aoa_25,0.578125,,,1.1893654681710037,0.9771553598471093,0.0,0.0,1.0,false,,
yang2025,aoa_25,0.5859375,,,1.1750238529976167,0.9667547229513298,0.0,0.0,1.0,false,,
yang2025,aoa_25,0.59375,,,1.159600535455347,0.9532519920461561,0.0,0.0,1.0,false,,
yang2025,aoa_25,0.6015625,,,1.1432045504455095,0.9365736679114536,0.0,0.0,1.0,false,,
yang2025,aoa_25,0.609375,,,1.1258838433201044,0.9163117589838199,0.0,0.0,1.0,false,,
yang2025,aoa_25,0.6171875,,,1.1077756518104143,0.8919941985046731,0.0,0.0,1.0,false,,
yang2025,aoa_25,0.625,,,1.0892522027628004,0.8646732600441102,0.0,0.0,1.0,false,,
yang2025,aoa_25,0.6328125,,,1.0704496185222967,0.8345424213070114,0.0,0.0,1.0,false,,
yang2025,aoa_25,0.640625,,,1.0515013001506965,0.801828814997211,0.0,0.0,1.0,false,,
yang2025,aoa_25,0.6484375,,,1.0325958259131804,0.7663770364646224,0.0,0.0,1.0,false,,
yang2025,aoa_25,0.65625,,,1.0139115702699661,0.7292404625993167,0.0,0.0,1.0,false,,
yang2025,aoa_25,0.6640625,,,0.9955105760937079,0.6911086572236056,0.0,0.0,1.0,false,,
yang2025,aoa_25,0.671875,,,0.9774449644971737,0.6524364489662587,0.0,0.0,1.0,false,,
yang2025,aoa_25,0.6796875,,,0.9597750624211672,0.6137309065889579,0.0,0.0,1.0,false,,
yang2025,aoa_25,0.6875,,,0.9426053160228778,0.5759715804182823,0.0,0.0,1.0,false,,
yang2025,aoa_25,0.6953125,,,0.9257612352714156,0.5395399830811449,0.0,0.0,1.0,false,,
yang2025,aoa_25,0.703125,,,0.9091891863225201,0.5047573061685504,0.0,0.0,1.0,false,,
yang2025,aoa_25,0.7109375,,,0.8928299023286269,0.4719073763466672,0.0,0.0,1.0,false,,
yang2025,aoa_25,0.71875,,,0.8766164667707831,0.4417616639274982,0.0,0.0,1.0,false,,
yang2025,aoa_25,0.7265625,,,0.8604098158104102,0.41437128902589637,0.0,0.0,1.0,false,,
yang2025,aoa_25,0.734375,,,0.8441329722921547,0.3893260422523449,0.0,0.0,1.0,false,,
yang2025,aoa_25,0.7421875,,,0.8277370146296443,0.36656056875647125,0.0,0.0,1.0,false,,
yang2025,aoa_25,0.75,,,0.8111791920523987,0.34597961651567616,0.0,0.0,1.0,false,,
yang2025,aoa_25,0.7578125,,,0.864732106700348,0.3033389069767044,0.0,1.0,0.0,false,,
yang2025,aoa_25,0.765625,,,0.7465579333311303,0.28637861747802307,0.0,1.0,0.0,false,,
yang2025,aoa_25,0.7734375,,,0.6775449500406034,0.2953953024532201,0.0,1.0,0.0,false,,
yang2025,aoa_25,0.78125,,,0.5136676548490724,0.25115338446465535,0.0,1.0,0.0,false,,
yang2025,aoa_25,0.7890625,,,0.3549502544032543,0.20867567216780392,0.0,1.0,0.0,false,,
yang2025,aoa_25,0.796875,,,0.33400021820838594,0.2400989567042311,0.0,1.0,0.0,false,,
yang2025,aoa_25,0.8046875,,,0.333147507581408,0.28106780177132695,0.0,1.0,0.0,false,,
yang2025,aoa_25,0.8125,,,0.3468512999437699,0.3283351392416254,0.0,1.0,0.0,false,,
yang2025,aoa_25,0.8203125,,,0.20655346375558004,0.2919886547143389,0.0,1.0,0.0,false,,
yang2025,aoa_25,0.828125,,,0.2793920543601571,0.367331083904438,0.0,1.0,0.0,false,,
yang2025,aoa_25,0.8359375,,,0.219955557237894,0.3712637922724973,0.0,1.0,0.0,false,,
yang2025,aoa_25,0.84375,,,0.15729917627396134,0.37257299532950117,0.0,1.0,0.0,false,,
yang2025,aoa_25,0.8515625,,,0.12455766609169311,0.38834098123142746,0.0,1.0,0.0,false,,
yang2025,aoa_25,0.859375,,,0.13792267127755886,0.3872053783403463,0.08333333333333341,0.9166666666666666,0.0,false,,
yang2025,aoa_25,0.8671875,,,0.16052707391683282,0.3855954560091204,0.1666666666666668,0.8333333333333333,0.0,false,,
yang2025,aoa_25,0.875,,,0.1092750984588827,0.3846376227251311,0.1666666666666668,0.8333333333333333,0.0,false,,
yang2025,aoa_25,0.8828125,,,0.1377908852741431,0.37836296324141583,0.25000000000000006,0.75,0.0,false,,
yang2025,aoa_25,0.890625,,,0.08676596318142901,0.3739572753159241,0.25000000000000006,0.75,0.0,false,,
yang2025,aoa_25,0.8984375,,,0.15166851060411715,0.3781423862690661,0.3333333333333334,0.6666666666666666,0.0,false,,
yang2025,aoa_25,0.90625,,,0.1125314452317334,0.37595872711991396,0.3333333333333334,0.6666666666666666,0.0,false,,
yang2025,aoa_25,0.9140625,,,0.13662337866365742,0.4034678449240746,0.3333333333333334,0.6666666666666666,0.0,false,,
yang2025,aoa_25,0.921875,,,0.08959366503039426,0.3958467726318894,0.3333333333333334,0.6666666666666666,0.0,false,,
yang2025,aoa_25,0.9296875,,,0.08232698898337565,0.35387533175323344,0.4166666666666668,0.5833333333333333,0.0,false,,
yang2025,aoa_25,0.9375,,,0.07362416898084323,0.3616186200132378,0.4166666666666668,0.5833333333333333,0.0,false,,
yang2025,aoa_25,0.9453125,,,-0.012733322880214587,0.3320091262097945,0.4166666666666668,0.5833333333333333,0.0,false,,
yang2025,aoa_25,0.953125,,,0.0019154246107214168,0.34930614370524005,0.4166666666666668,0.5833333333333333,0.0,false,,
yang2025,aoa_25,0.9609375,,,-0.08709024878511637,0.31724634943303553,0.4166666666666668,0.5833333333333333,0.0,false,,
yang2025,aoa_25,0.96875,,,-0.0988129629447212,0.32064042701170314,0.4166666666666668,0.5833333333333333,0.0,false,,
yang2025,aoa_25,0.9765625,,,-0.10840134262712603,0.3242299082722711,0.4166666666666668,0.5833333333333333,0.0,false,,
yang2025,aoa_25,0.984375,,,-0.09687259013505564,0.3368836628721207,0.4166666666666668,0.5833333333333333,0.0,false,,
yang2025,aoa_25,0.9921875,,,-0.047207271721316696,0.36654464176241264,0.4166666666666668,0.5833333333333333,0.0,false,,
izraelevitz2017_fig14,theta_15_psi_15,0.0,,,,,0.0,1.0,0.0,false,-0.355965578541128,-0.35649413642130395
izraelevitz2017_fig14,theta_15_psi_15,0.0078125,,,,,0.0,1.0,0.0,false,-0.3311321648963602,-0.33136368755940715
izraelevitz2017_fig14,theta_15_psi_15,0.015625,,,,,0.0,1.0,0.0,false,-0.3273557038532969,-0.32708976149541386
izraelevitz2017_fig14,theta_15_psi_15,0.0234375,,,,,0.0,1.0,0.0,false,-0.28577818651570247,-0.2842447485220145
izraelevitz2017_fig14,theta_15_psi_15,0.03125,,,,,0.0,1.0,0.0,false,-0.24380650366875842,-0.24138680799366038
izraelevitz2017_fig14,theta_15_psi_15,0.0390625,,,,,0.0,1.0,0.0,false,-0.2132930998659393,-0.21037938619153804
izraelevitz2017_fig14,theta_15_psi_15,0.046875,,,,,0.0,1.0,0.0,false,-0.15393363049611966,-0.1500688051927234
izraelevitz2017_fig14,theta_15_psi_15,0.0546875,,,,,0.0,1.0,0.0,false,-0.09476924140068409,-0.08995796036738948
izraelevitz2017_fig14,theta_15_psi_15,0.0625,,,,,0.0,1.0,0.0,false,-0.06346740312965668,-0.05820262876717619
izraelevitz2017_fig14,theta_15_psi_15,0.0703125,,,,,0.0,1.0,0.0,false,-0.0457756622636871,-0.04033338933454613
izraelevitz2017_fig14,theta_15_psi_15,0.078125,,,,,0.0,1.0,0.0,false,-0.03277519923395287,-0.027286629290731147
izraelevitz2017_fig14,theta_15_psi_15,0.0859375,,,,,0.0,1.0,0.0,false,-0.025404148431294446,-0.02002275607384922
izraelevitz2017_fig14,theta_15_psi_15,0.09375,,,,,0.0,1.0,0.0,false,-0.0011112557510102143,0.004420023174270357
izraelevitz2017_fig14,theta_15_psi_15,0.1015625,,,,,0.0,1.0,0.0,false,0.027633316620220477,0.033347955403263935
izraelevitz2017_fig14,theta_15_psi_15,0.109375,,,,,0.0,1.0,0.0,false,0.0543629539055407,0.06017379965640546
izraelevitz2017_fig14,theta_15_psi_15,0.1171875,,,,,0.0,1.0,0.0,false,0.09125038102773038,0.097295892036046
izraelevitz2017_fig14,theta_15_psi_15,0.125,,,,,0.0,1.0,0.0,false,0.12974170291589807,0.13600060208373205
izraelevitz2017_fig14,theta_15_psi_15,0.1328125,,,,,0.0,1.0,0.0,false,0.17560614397237206,0.18216393583853832
izraelevitz2017_fig14,theta_15_psi_15,0.140625,,,,,0.0,1.0,0.0,false,0.21422833445138983,0.22089855231941757
izraelevitz2017_fig14,theta_15_psi_15,0.1484375,,,,,0.0,1.0,0.0,false,0.25807780408596925,0.264907164171492
izraelevitz2017_fig14,theta_15_psi_15,0.15625,,,,,0.0,1.0,0.0,false,0.29828796948605,0.3051624630882661
izraelevitz2017_fig14,theta_15_psi_15,0.1640625,,,,,0.0,1.0,0.0,false,0.33843395320517317,0.3453102284232085
izraelevitz2017_fig14,theta_15_psi_15,0.171875,,,,,0.0,1.0,0.0,false,0.37830940812610725,0.38514608034695086
izraelevitz2017_fig14,theta_15_psi_15,0.1796875,,,,,0.0,1.0,0.0,false,0.4174130508491582,0.42416675442109186
izraelevitz2017_fig14,theta_15_psi_15,0.1875,,,,,0.0,1.0,0.0,false,0.4519124692343614,0.45848277613751454
izraelevitz2017_fig14,theta_15_psi_15,0.1953125,,,,,0.0,1.0,0.0,false,0.4828715085001237,0.489188655288602
izraelevitz2017_fig14,theta_15_psi_15,0.203125,,,,,0.0,1.0,0.0,false,0.5112342676420993,0.517256276016401
izraelevitz2017_fig14,theta_15_psi_15,0.2109375,,,,,0.0,1.0,0.0,false,0.5365192306467291,0.5422080838754391
izraelevitz2017_fig14,theta_15_psi_15,0.21875,,,,,0.0,1.0,0.0,false,0.5574593779478858,0.5627698199577171
izraelevitz2017_fig14,theta_15_psi_15,0.2265625,,,,,0.0,1.0,0.0,false,0.5748026805997154,0.5797136261726903
izraelevitz2017_fig14,theta_15_psi_15,0.234375,,,,,0.0,1.0,0.0,false,0.5874776183870761,0.591964278128539
izraelevitz2017_fig14,theta_15_psi_15,0.2421875,,,,,0.0,1.0,0.0,false,0.5965633517255083,0.6006272262994493
izraelevitz2017_fig14,theta_15_psi_15,0.25,,,,,0.0,1.0,0.0,false,0.5977484404238109,0.6013451896621279
izraelevitz2017_fig14,theta_15_psi_15,0.2578125,,,,,0.0,1.0,0.0,false,0.5953175857982779,0.5984697177410092
izraelevitz2017_fig14,theta_15_psi_15,0.265625,,,,,0.0,1.0,0.0,false,0.5908909093951905,0.5936445501314093
izraelevitz2017_fig14,theta_15_psi_15,0.2734375,,,,,0.0,1.0,0.0,false,0.576172543824635,0.5784872458537126
izraelevitz2017_fig14,theta_15_psi_15,0.28125,,,,,0.0,1.0,0.0,false,0.5603690176017491,0.562310731767488
izraelevitz2017_fig14,theta_15_psi_15,0.2890625,,,,,0.0,1.0,0.0,false,0.541302257503777,0.5429123982319136
izraelevitz2017_fig14,theta_15_psi_15,0.296875,,,,,0.0,1.0,0.0,false,0.5183859514756614,0.519699695373407
izraelevitz2017_fig14,theta_15_psi_15,0.3046875,,,,,0.0,1.0,0.0,false,0.49127585529553225,0.49232479641146376
izraelevitz2017_fig14,theta_15_psi_15,0.3125,,,,,0.0,1.0,0.0,false,0.45738640441377426,0.45818476692099996
izraelevitz2017_fig14,theta_15_psi_15,0.3203125,,,,,0.0,1.0,0.0,false,0.42017923513921074,0.42076387743262156
izraelevitz2017_fig14,theta_15_psi_15,0.328125,,,,,0.0,1.0,0.0,false,0.37977085143505485,0.38003549437565703
izraelevitz2017_fig14,theta_15_psi_15,0.3359375,,,,,0.0,1.0,0.0,false,0.3382477576746788,0.33821680668771026
izraelevitz2017_fig14,theta_15_psi_15,0.34375,,,,,0.0,1.0,0.0,false,0.29569877491706764,0.29553957663904074
izraelevitz2017_fig14,theta_15_psi_15,0.3515625,,,,,0.0,1.0,0.0,false,0.2507032651654364,0.25057350988728044
izraelevitz2017_fig14,theta_15_psi_15,0.359375,,,,,1.0,0.0,0.0,false,0.20311773427641266,0.25543193729005154
izraelevitz2017_fig14,theta_15_psi_15,0.3671875,,,,,1.0,0.0,0.0,false,0.1529913932605642,0.1903699733057286
izraelevitz2017_fig14,theta_15_psi_15,0.375,,,,,1.0,0.0,0.0,false,0.10269079464704874,0.12624997037968166
izraelevitz2017_fig14,theta_15_psi_15,0.3828125,,,,,1.0,0.0,0.0,false,0.052366783902598496,0.06368712917467528
izraelevitz2017_fig14,theta_15_psi_15,0.390625,,,,,1.0,0.0,0.0,false,0.001307279620492346,0.003268897612545586
izraelevitz2017_fig14,theta_15_psi_15,0.3984375,,,,,1.0,0.0,0.0,false,-0.06352708730575929,-0.05445006580613155
izraelevitz2017_fig14,theta_15_psi_15,0.40625,,,,,1.0,0.0,0.0,false,-0.13624845374009018,-0.10895216112585249
izraelevitz2017_fig14,theta_15_psi_15,0.4140625,,,,,1.0,0.0,0.0,false,-0.1597345628825044,-0.15976036535598184
izraelevitz2017_fig14,theta_15_psi_15,0.421875,,,,,1.0,0.0,0.0,false,-0.19758077725938275,-0.20644105357898385
izraelevitz2017_fig14,theta_15_psi_15,0.4296875,,,,,1.0,0.0,0.0,false,-0.225679474921228,-0.24860622281314987
izraelevitz2017_fig14,theta_15_psi_15,0.4375,,,,,1.0,0.0,0.0,false,-0.23782388670784285,-0.2859150431428272
izraelevitz2017_fig14,theta_15_psi_15,0.4453125,,,,,1.0,0.0,0.0,false,-0.27494613523398664,-0.31807363646038295
izraelevitz2017_fig14,theta_15_psi_15,0.453125,,,,,1.0,0.0,0.0,false,-0.27524858991171924,-0.3448353448467919
izraelevitz2017_fig14,theta_15_psi_15,0.4609375,,,,,1.0,0.0,0.0,false,-0.2966207732922699,-0.3660019260835217
izraelevitz2017_fig14,theta_15_psi_15,0.46875,,,,,1.0,0.0,0.0,false,-0.33444813421639324,-0.38142358946358595
izraelevitz2017_fig14,theta_15_psi_15,0.4765625,,,,,1.0,0.0,0.0,false,-0.34196568516513826,-0.39099852749285413
izraelevitz2017_fig14,theta_15_psi_15,0.484375,,,,,1.0,0.0,0.0,false,-0.3500374899442133,-0.3946721560485363
izraelevitz2017_fig14,theta_15_psi_15,0.4921875,,,,,1.0,0.0,0.0,false,-0.36295324330136397,-0.3924361386049135
izraelevitz2017_fig14,theta_15_psi_15,0.5,,,,,0.0,1.0,0.0,false,-0.34413666663215225,-0.3445308155269448
izraelevitz2017_fig14,theta_15_psi_15,0.5078125,,,,,0.0,1.0,0.0,false,-0.34942066128394894,-0.3499340308057304
izraelevitz2017_fig14,theta_15_psi_15,0.515625,,,,,0.0,1.0,0.0,false,-0.32037172914109324,-0.31998440389803595
izraelevitz2017_fig14,theta_15_psi_15,0.5234375,,,,,0.0,1.0,0.0,false,-0.28729847853216833,-0.28570866989826305
izraelevitz2017_fig14,theta_15_psi_15,0.53125,,,,,0.0,1.0,0.0,false,-0.2364357174432705,-0.233772601488766
izraelevitz2017_fig14,theta_15_psi_15,0.5390625,,,,,0.0,1.0,0.0,false,-0.18276073630462722,-0.1791881594900654
izraelevitz2017_fig14,theta_15_psi_15,0.546875,,,,,0.0,1.0,0.0,false,-0.13975291428412265,-0.13545810128388946
izraelevitz2017_fig14,theta_15_psi_15,0.5546875,,,,,0.0,1.0,0.0,false,-0.08819012696697223,-0.0830390291711813
izraelevitz2017_fig14,theta_15_psi_15,0.5625,,,,,0.0,1.0,0.0,false,-0.06521516051161413,-0.05974380160286419
izraelevitz2017_fig14,theta_15_psi_15,0.5703125,,,,,0.0,1.0,0.0,false,-0.04951110129330681,-0.04389643133996017
izraelevitz2017_fig14,theta_15_psi_15,0.578125,,,,,0.0,1.0,0.0,false,-0.03306642389629078,-0.027344088718582422
izraelevitz2017_fig14,theta_15_psi_15,0.5859375,,,,,0.0,1.0,0.0,false,-0.015858341355505838,-0.01006463870532609
izraelevitz2017_fig14,theta_15_psi_15,0.59375,,,,,0.0,1.0,0.0,false,-0.004675769363298044,0.0010219068050428132
izraelevitz2017_fig14,theta_15_psi_15,0.6015625,,,,,0.0,1.0,0.0,false,0.020066161733365645,0.02587493136580471
izraelevitz2017_fig14,theta_15_psi_15,0.609375,,,,,0.0,1.0,0.0,false,0.05087881867191884,0.05686466605677379
izraelevitz2017_fig14,theta_15_psi_15,0.6171875,,,,,0.0,1.0,0.0,false,0.0888676290629305,0.09511809645341796
izraelevitz2017_fig14,theta_15_psi_15,0.625,,,,,0.0,1.0,0.0,false,0.12820850370442297,0.13469726575903607
izraelevitz2017_fig14,theta_15_psi_15,0.6328125,,,,,0.0,1.0,0.0,false,0.17798879424473388,0.1848649926895005
izraelevitz2017_fig14,theta_15_psi_15,0.640625,,,,,0.0,1.0,0.0,false,0.2199737266688054,0.22703248448826424
izraelevitz2017_fig14,theta_15_psi_15,0.6484375,,,,,0.0,1.0,0.0,false,0.2574333015409172,0.2645363487803137
izraelevitz2017_fig14,theta_15_psi_15,0.65625,,,,,0.0,1.0,0.0,false,0.3041444824395185,0.31142017486556123
izraelevitz2017_fig14,theta_15_psi_15,0.6640625,,,,,0.0,1.0,0.0,false,0.3431980461769558,0.3504569289550629
izraelevitz2017_fig14,theta_15_psi_15,0.671875,,,,,0.0,1.0,0.0,false,0.3812942573477827,0.38848169480210704
izraelevitz2017_fig14,theta_15_psi_15,0.6796875,,,,,0.0,1.0,0.0,false,0.4187902394461194,0.4258658470344105
izraelevitz2017_fig14,theta_15_psi_15,0.6875,,,,,0.0,1.0,0.0,false,0.45294087639984504,0.45982389543685576
izraelevitz2017_fig14,theta_15_psi_15,0.6953125,,,,,0.0,1.0,0.0,false,0.48571879539348756,0.4923746498620146
izraelevitz2017_fig14,theta_15_psi_15,0.703125,,,,,0.0,1.0,0.0,false,0.5142604327613297,0.5206163592918469
izraelevitz2017_fig14,theta_15_psi_15,0.7109375,,,,,0.0,1.0,0.0,false,0.5392214843340545,0.5452294990398308
izraelevitz2017_fig14,theta_15_psi_15,0.71875,,,,,0.0,1.0,0.0,false,0.5594612502956399,0.5650683401259832
izraelevitz2017_fig14,theta_15_psi_15,0.7265625,,,,,0.0,1.0,0.0,false,0.5766325684705886,0.5818253190447469
izraelevitz2017_fig14,theta_15_psi_15,0.734375,,,,,0.0,1.0,0.0,false,0.5878066777277378,0.5925394488644353
izraelevitz2017_fig14,theta_15_psi_15,0.7421875,,,,,0.0,1.0,0.0,false,0.5963901908261697,0.6006799659019075
izraelevitz2017_fig14,theta_15_psi_15,0.75,,,,,0.0,1.0,0.0,false,0.6000395183043677,0.6038789735467114
izraelevitz2017_fig14,theta_15_psi_15,0.7578125,,,,,0.0,1.0,0.0,false,0.5991835499515124,0.6025807565481728
izraelevitz2017_fig14,theta_15_psi_15,0.765625,,,,,0.0,1.0,0.0,false,0.5956513591643832,0.5986436634381542
izraelevitz2017_fig14,theta_15_psi_15,0.7734375,,,,,0.0,1.0,0.0,false,0.5787816112745265,0.5812888193345555
izraelevitz2017_fig14,theta_15_psi_15,0.78125,,,,,0.0,1.0,0.0,false,0.5641388270133589,0.5662672763466056
izraelevitz2017_fig14,theta_15_psi_15,0.7890625,,,,,0.0,1.0,0.0,false,0.5447120206115524,0.5464877799645731
izraelevitz2017_fig14,theta_15_psi_15,0.796875,,,,,0.0,1.0,0.0,false,0.5209207443620867,0.5223757506161673
izraelevitz2017_fig14,theta_15_psi_15,0.8046875,,,,,0.0,1.0,0.0,false,0.4924431729731951,0.49360700096983445
izraelevitz2017_fig14,theta_15_psi_15,0.8125,,,,,0.0,1.0,0.0,false,0.4583466047530609,0.4592425656344642
izraelevitz2017_fig14,theta_15_psi_15,0.8203125,,,,,0.0,1.0,0.0,false,0.4218374924512872,0.4225091137892548
izraelevitz2017_fig14,theta_15_psi_15,0.828125,,,,,0.0,1.0,0.0,false,0.38215096266313114,0.38246947458174424
izraelevitz2017_fig14,theta_15_psi_15,0.8359375,,,,,0.0,1.0,0.0,false,0.3404276388959882,0.34040054375578266
izraelevitz2017_fig14,theta_15_psi_15,0.84375,,,,,0.0,1.0,0.0,false,0.2974435016753794,0.29725075947143875
izraelevitz2017_fig14,theta_15_psi_15,0.8515625,,,,,0.0,1.0,0.0,false,0.2533540503539556,0.2531842713675624
izraelevitz2017_fig14,theta_15_psi_15,0.859375,,,,,1.0,0.0,0.0,false,0.2068548113316829,0.25543057956856924
izraelevitz2017_fig14,theta_15_psi_15,0.8671875,,,,,1.0,0.0,0.0,false,0.15786514907838395,0.19036870631029693
izraelevitz2017_fig14,theta_15_psi_15,0.875,,,,,1.0,0.0,0.0,false,0.10738749446107013,0.12624879353153448
izraelevitz2017_fig14,theta_15_psi_15,0.8828125,,,,,1.0,0.0,0.0,false,0.061366852684734935,0.06368604164750925
izraelevitz2017_fig14,theta_15_psi_15,0.890625,,,,,1.0,0.0,0.0,false,0.012471512033845994,0.003267898350013968
izraelevitz2017_fig14,theta_15_psi_15,0.8984375,,,,,1.0,0.0,0.0,false,-0.05005275543434201,-0.054450978074041874
izraelevitz2017_fig14,theta_15_psi_15,0.90625,,,,,1.0,0.0,0.0,false,-0.13581390734990637,-0.10895298786842332
izraelevitz2017_fig14,theta_15_psi_15,0.9140625,,,,,1.0,0.0,0.0,false,-0.1879339348770695,-0.1597611082255394
izraelevitz2017_fig14,theta_15_psi_15,0.921875,,,,,1.0,0.0,0.0,false,-0.2139865446623071,-0.2064417143974169
izraelevitz2017_fig14,theta_15_psi_15,0.9296875,,,,,1.0,0.0,0.0,false,-0.2517332129575649,-0.2486068035565162
izraelevitz2017_fig14,theta_15_psi_15,0.9375,,,,,1.0,0.0,0.0,false,-0.2763564816509156,-0.2859155459243444
izraelevitz2017_fig14,theta_15_psi_15,0.9453125,,,,,1.0,0.0,0.0,false,-0.2885551179446406,-0.3180740635186768
izraelevitz2017_fig14,theta_15_psi_15,0.953125,,,,,1.0,0.0,0.0,false,-0.3193688108920551,-0.3448356985421882
izraelevitz2017_fig14,theta_15_psi_15,0.9609375,,,,,1.0,0.0,0.0,false,-0.33544633188650297,-0.3660022088903093
izraelevitz2017_fig14,theta_15_psi_15,0.96875,,,,,1.0,0.0,0.0,false,-0.32218004773737174,-0.3814238039619735
izraelevitz2017_fig14,theta_15_psi_15,0.9765625,,,,,1.0,0.0,0.0,false,-0.3524702798853846,-0.39099867635772195
izraelevitz2017_fig14,theta_15_psi_15,0.984375,,,,,1.0,0.0,0.0,false,-0.33874437483144954,-0.39467224203877477
izraelevitz2017_fig14,theta_15_psi_15,0.9921875,,,,,1.0,0.0,0.0,false,-0.34499003940301215,-0.39243616455203373
izraelevitz2017_fig14,theta_15_psi_30,0.0,,,,,1.0,0.0,0.0,false,-0.2820450444039884,-0.2971613474642833
izraelevitz2017_fig14,theta_15_psi_30,0.0078125,,,,,0.0,1.0,0.0,false,-0.25297749978590917,-0.2533883345356669
izraelevitz2017_fig14,theta_15_psi_30,0.015625,,,,,0.0,1.0,0.0,false,-0.22749720018067582,-0.22778999277938242
izraelevitz2017_fig14,theta_15_psi_30,0.0234375,,,,,0.0,1.0,0.0,false,-0.19541476758666565,-0.19510391710565345
izraelevitz2017_fig14,theta_15_psi_30,0.03125,,,,,0.0,1.0,0.0,false,-0.1500242937839374,-0.14860229599324254
izraelevitz2017_fig14,theta_15_psi_30,0.0390625,,,,,0.0,1.0,0.0,false,-0.10425803215799953,-0.10174563463795988
izraelevitz2017_fig14,theta_15_psi_30,0.046875,,,,,0.0,1.0,0.0,false,-0.060336965350636734,-0.05717538328618989
izraelevitz2017_fig14,theta_15_psi_30,0.0546875,,,,,0.0,1.0,0.0,false,-0.017767171032776467,-0.014073281868888884
izraelevitz2017_fig14,theta_15_psi_30,0.0625,,,,,0.0,1.0,0.0,false,0.018384605723738897,0.022480451512120594
izraelevitz2017_fig14,theta_15_psi_30,0.0703125,,,,,0.0,1.0,0.0,false,0.04555230777044801,0.04986492915566363
izraelevitz2017_fig14,theta_15_psi_30,0.078125,,,,,0.0,1.0,0.0,false,0.06812591149769201,0.07253992271066222
izraelevitz2017_fig14,theta_15_psi_30,0.0859375,,,,,0.0,1.0,0.0,false,0.09291200266698828,0.09743268968993696
izraelevitz2017_fig14,theta_15_psi_30,0.09375,,,,,0.0,1.0,0.0,false,0.11128068169712664,0.11575606132974357
izraelevitz2017_fig14,theta_15_psi_30,0.1015625,,,,,0.0,1.0,0.0,false,0.13809273916243042,0.14264477679358376
izraelevitz2017_fig14,theta_15_psi_30,0.109375,,,,,0.0,1.0,0.0,false,0.1694054305445376,0.1740867736771109
izraelevitz2017_fig14,theta_15_psi_30,0.1171875,,,,,0.0,1.0,0.0,false,0.20568321591111907,0.2105570786292462
izraelevitz2017_fig14,theta_15_psi_30,0.125,,,,,0.0,1.0,0.0,false,0.2452858029905511,0.2503859841914794
izraelevitz2017_fig14,theta_15_psi_30,0.1328125,,,,,0.0,1.0,0.0,false,0.2839057888195987,0.2891867048075297
izraelevitz2017_fig14,theta_15_psi_30,0.140625,,,,,0.0,1.0,0.0,false,0.3232427899470059,0.3286921525850407
izraelevitz2017_fig14,theta_15_psi_30,0.1484375,,,,,0.0,1.0,0.0,false,0.3611602753279511,0.36672862728836614
izraelevitz2017_fig14,theta_15_psi_30,0.15625,,,,,0.0,1.0,0.0,false,0.39690768787782654,0.4025356380719057
izraelevitz2017_fig14,theta_15_psi_30,0.1640625,,,,,0.0,1.0,0.0,false,0.4305548492503026,0.43618933153690853
izraelevitz2017_fig14,theta_15_psi_30,0.171875,,,,,0.0,1.0,0.0,false,0.4615048519969613,0.46708818012029707
izraelevitz2017_fig14,theta_15_psi_30,0.1796875,,,,,0.0,1.0,0.0,false,0.49015026684604585,0.49563863170501743
izraelevitz2017_fig14,theta_15_psi_30,0.1875,,,,,0.0,1.0,0.0,false,0.5151908183395867,0.5205256426693832
izraelevitz2017_fig14,theta_15_psi_30,0.1953125,,,,,0.0,1.0,0.0,false,0.5367611040296403,0.5418949788183293
izraelevitz2017_fig14,theta_15_psi_30,0.203125,,,,,0.0,1.0,0.0,false,0.5553813318252221,0.5602841045725965
izraelevitz2017_fig14,theta_15_psi_30,0.2109375,,,,,0.0,1.0,0.0,false,0.5671717160365514,0.5717611226892071
izraelevitz2017_fig14,theta_15_psi_30,0.21875,,,,,0.0,1.0,0.0,false,0.5781839667171456,0.5824819763258309
izraelevitz2017_fig14,theta_15_psi_30,0.2265625,,,,,0.0,1.0,0.0,false,0.5847919680740676,0.5887717739006385
izraelevitz2017_fig14,theta_15_psi_30,0.234375,,,,,0.0,1.0,0.0,false,0.5868477249624209,0.5904890511968491
izraelevitz2017_fig14,theta_15_psi_30,0.2421875,,,,,0.0,1.0,0.0,false,0.587956620669456,0.5912946121239562
izraelevitz2017_fig14,theta_15_psi_30,0.25,,,,,0.0,1.0,0.0,false,0.5786794488039897,0.5816314817142525
izraelevitz2017_fig14,theta_15_psi_30,0.2578125,,,,,0.0,1.0,0.0,false,0.5714234212364263,0.5740710849918914
izraelevitz2017_fig14,theta_15_psi_30,0.265625,,,,,0.0,1.0,0.0,false,0.5545886961344051,0.5568767065957794
izraelevitz2017_fig14,theta_15_psi_30,0.2734375,,,,,0.0,1.0,0.0,false,0.5341052969841008,0.5360549472538254
izraelevitz2017_fig14,theta_15_psi_30,0.28125,,,,,0.0,1.0,0.0,false,0.5112453378268468,0.5128918218547913
izraelevitz2017_fig14,theta_15_psi_30,0.2890625,,,,,0.0,1.0,0.0,false,0.4882783903764073,0.4896747841230669
izraelevitz2017_fig14,theta_15_psi_30,0.296875,,,,,0.0,1.0,0.0,false,0.4627603406604932,0.46393233847503246
izraelevitz2017_fig14,theta_15_psi_30,0.3046875,,,,,0.0,1.0,0.0,false,0.4339699191206944,0.43482224983062256
izraelevitz2017_fig14,theta_15_psi_30,0.3125,,,,,0.0,1.0,0.0,false,0.40140846220091675,0.40184295301825856
izraelevitz2017_fig14,theta_15_psi_30,0.3203125,,,,,0.0,1.0,0.0,false,0.3668180038131273,0.3669157123332584
izraelevitz2017_fig14,theta_15_psi_30,0.328125,,,,,0.0,1.0,0.0,false,0.33134390979566086,0.33126747578767457
izraelevitz2017_fig14,theta_15_psi_30,0.3359375,,,,,0.0,1.0,0.0,false,0.2946725426367583,0.2945798144954147
izraelevitz2017_fig14,theta_15_psi_30,0.34375,,,,,0.0,1.0,0.0,false,0.258978563318738,0.25894625160108914
izraelevitz2017_fig14,theta_15_psi_30,0.3515625,,,,,1.0,0.0,0.0,false,0.21555028254258837,0.2138550940793698
izraelevitz2017_fig14,theta_15_psi_30,0.359375,,,,,1.0,0.0,0.0,false,0.18165172166223442,0.15809004059411857
izraelevitz2017_fig14,theta_15_psi_30,0.3671875,,,,,1.0,0.0,0.0,false,0.13592650961898445,0.10333647319946586
izraelevitz2017_fig14,theta_15_psi_30,0.375,,,,,1.0,0.0,0.0,false,0.08955279942730926,0.05010432797410066
izraelevitz2017_fig14,theta_15_psi_30,0.3828125,,,,,1.0,0.0,0.0,false,0.03373368981509448,-0.0011190188678207697
izraelevitz2017_fig14,theta_15_psi_30,0.390625,,,,,1.0,0.0,0.0,false,-0.014391077418126617,-0.04987245701973011
izraelevitz2017_fig14,theta_15_psi_30,0.3984375,,,,,1.0,0.0,0.0,false,-0.06415986016754269,-0.09572436064069578
izraelevitz2017_fig14,theta_15_psi_30,0.40625,,,,,1.0,0.0,0.0,false,-0.14343018662318954,-0.1382753312718741
izraelevitz2017_fig14,theta_15_psi_30,0.4140625,,,,,1.0,0.0,0.0,false,-0.18187551053166112,-0.17716049827014715
izraelevitz2017_fig14,theta_15_psi_30,0.421875,,,,,1.0,0.0,0.0,false,-0.21410545626480587,-0.21205141561504623
izraelevitz2017_fig14,theta_15_psi_30,0.4296875,,,,,1.0,0.0,0.0,false,-0.24564246949940213,-0.24265759739050025
izraelevitz2017_fig14,theta_15_psi_30,0.4375,,,,,1.0,0.0,0.0,false,-0.2561403640297021,-0.26872772068644973
izraelevitz2017_fig14,theta_15_psi_30,0.4453125,,,,,1.0,0.0,0.0,false,-0.2798445387059661,-0.2900502629177967
izraelevitz2017_fig14,theta_15_psi_30,0.453125,,,,,1.0,0.0,0.0,false,-0.2851637568075136,-0.30645366471097935
izraelevitz2017_fig14,theta_15_psi_30,0.4609375,,,,,1.0,0.0,0.0,false,-0.31159095227249445,-0.31780722575841025
izraelevitz2017_fig14,theta_15_psi_30,0.46875,,,,,1.0,0.0,0.0,false,-0.3190333223622994,-0.32402174460099925
izraelevitz2017_fig14,theta_15_psi_30,0.4765625,,,,,1.0,0.0,0.0,false,-0.3129038254824905,-0.32504968651704896
izraelevitz2017_fig14,theta_15_psi_30,0.484375,,,,,1.0,0.0,0.0,false,-0.3078315783026242,-0.320885139972879
izraelevitz2017_fig14,theta_15_psi_30,0.4921875,,,,,1.0,0.0,0.0,false,-0.2962011538767601,-0.31156362133854093
izraelevitz2017_fig14,theta_15_psi_30,0.5,,,,,1.0,0.0,0.0,false,-0.26814267547950343,-0.29716159577360995
izraelevitz2017_fig14,theta_15_psi_30,0.5078125,,,,,0.0,1.0,0.0,false,-0.26046904304864577,-0.26101399308168716
izraelevitz2017_fig14,theta_15_psi_30,0.515625,,,,,0.0,1.0,0.0,false,-0.21684269494387548,-0.2169870818372637
izraelevitz2017_fig14,theta_15_psi_30,0.5234375,,,,,0.0,1.0,0.0,false,-0.18764805324027733,-0.1871969317494353
izraelevitz2017_fig14,theta_15_psi_30,0.53125,,,,,0.0,1.0,0.0,false,-0.14022363808735086,-0.1385685702527407
izraelevitz2017_fig14,theta_15_psi_30,0.5390625,,,,,0.0,1.0,0.0,false,-0.09233986523804079,-0.08950296117703764
izraelevitz2017_fig14,theta_15_psi_30,0.546875,,,,,0.0,1.0,0.0,false,-0.04902585372518789,-0.04551788613187174
izraelevitz2017_fig14,theta_15_psi_30,0.5546875,,,,,0.0,1.0,0.0,false,-0.002647225269409575,0.0014863146607704408
izraelevitz2017_fig14,theta_15_psi_30,0.5625,,,,,0.0,1.0,0.0,false,0.03755215114247379,0.042181097929924846
izraelevitz2017_fig14,theta_15_psi_30,0.5703125,,,,,0.0,1.0,0.0,false,0.06299876650156172,0.06782461001549406
izraelevitz2017_fig14,theta_15_psi_30,0.578125,,,,,0.0,1.0,0.0,false,0.07582606934269243,0.08057595932854529
izraelevitz2017_fig14,theta_15_psi_30,0.5859375,,,,,0.0,1.0,0.0,false,0.09260810392219815,0.09731595255901129
izraelevitz2017_fig14,theta_15_psi_30,0.59375,,,,,0.0,1.0,0.0,false,0.11501394998656907,0.11974984426896791
izraelevitz2017_fig14,theta_15_psi_30,0.6015625,,,,,0.0,1.0,0.0,false,0.14101908562855534,0.14581804322197947
izraelevitz2017_fig14,theta_15_psi_30,0.609375,,,,,0.0,1.0,0.0,false,0.17272313008157425,0.17766338918866487
izraelevitz2017_fig14,theta_15_psi_30,0.6171875,,,,,0.0,1.0,0.0,false,0.21000969844698403,0.21516942389542718
izraelevitz2017_fig14,theta_15_psi_30,0.625,,,,,0.0,1.0,0.0,false,0.24707861101210674,0.25242443853287433
izraelevitz2017_fig14,theta_15_psi_30,0.6328125,,,,,0.0,1.0,0.0,false,0.2848225190878504,0.2903397253737653
izraelevitz2017_fig14,theta_15_psi_30,0.640625,,,,,0.0,1.0,0.0,false,0.323146899674328,0.3288207534307493
izraelevitz2017_fig14,theta_15_psi_30,0.6484375,,,,,0.0,1.0,0.0,false,0.36277025801732765,0.36860208539569606
izraelevitz2017_fig14,theta_15_psi_30,0.65625,,,,,0.0,1.0,0.0,false,0.39900473406843423,0.40490960332648074
izraelevitz2017_fig14,theta_15_psi_30,0.6640625,,,,,0.0,1.0,0.0,false,0.4327225990182747,0.4386377967503716
izraelevitz2017_fig14,theta_15_psi_30,0.671875,,,,,0.0,1.0,0.0,false,0.46360906109600014,0.46947249693586346
izraelevitz2017_fig14,theta_15_psi_30,0.6796875,,,,,0.0,1.0,0.0,false,0.49156377242210747,0.49731901615250707
izraelevitz2017_fig14,theta_15_psi_30,0.6875,,,,,0.0,1.0,0.0,false,0.5177122306868059,0.5233308444631752
izraelevitz2017_fig14,theta_15_psi_30,0.6953125,,,,,0.0,1.0,0.0,false,0.5409187574653181,0.5463597807816424
izraelevitz2017_fig14,theta_15_psi_30,0.703125,,,,,0.0,1.0,0.0,false,0.5562338951663465,0.561381811935174
izraelevitz2017_fig14,theta_15_psi_30,0.7109375,,,,,0.0,1.0,0.0,false,0.5732767746548413,0.57818784369297
izraelevitz2017_fig14,theta_15_psi_30,0.71875,,,,,0.0,1.0,0.0,false,0.5807774860017815,0.5853314801661164
izraelevitz2017_fig14,theta_15_psi_30,0.7265625,,,,,0.0,1.0,0.0,false,0.5864183417896406,0.5906294337318753
izraelevitz2017_fig14,theta_15_psi_30,0.734375,,,,,0.0,1.0,0.0,false,0.5883896069620885,0.5922501999871462
izraelevitz2017_fig14,theta_15_psi_30,0.7421875,,,,,0.0,1.0,0.0,false,0.5869406815122875,0.590453287838153
izraelevitz2017_fig14,theta_15_psi_30,0.75,,,,,0.0,1.0,0.0,false,0.5829681326449389,0.5861521787926502
izraelevitz2017_fig14,theta_15_psi_30,0.7578125,,,,,0.0,1.0,0.0,false,0.5773629260137133,0.5802510220809542
izraelevitz2017_fig14,theta_15_psi_30,0.765625,,,,,0.0,1.0,0.0,false,0.5521070132344813,0.5545183555588948
izraelevitz2017_fig14,theta_15_psi_30,0.7734375,,,,,0.0,1.0,0.0,false,0.5347925923268632,0.5368889072897013
izraelevitz2017_fig14,theta_15_psi_30,0.78125,,,,,0.0,1.0,0.0,false,0.5142039717323467,0.5160074259623513
izraelevitz2017_fig14,theta_15_psi_30,0.7890625,,,,,0.0,1.0,0.0,false,0.49087432695105726,0.4924121263683914
izraelevitz2017_fig14,theta_15_psi_30,0.796875,,,,,0.0,1.0,0.0,false,0.4625423696827745,0.46382038953183025
izraelevitz2017_fig14,theta_15_psi_30,0.8046875,,,,,0.0,1.0,0.0,false,0.43203414864762524,0.43295886266108163
izraelevitz2017_fig14,theta_15_psi_30,0.8125,,,,,0.0,1.0,0.0,false,0.40001924717423104,0.4004946305267957
izraelevitz2017_fig14,theta_15_psi_30,0.8203125,,,,,0.0,1.0,0.0,false,0.3660734142194363,0.36617976350064185
izraelevitz2017_fig14,theta_15_psi_30,0.828125,,,,,0.0,1.0,0.0,false,0.330186679903654,0.3300919719378302
izraelevitz2017_fig14,theta_15_psi_30,0.8359375,,,,,0.0,1.0,0.0,false,0.2946892679913615,0.29457812110825216
izraelevitz2017_fig14,theta_15_psi_30,0.84375,,,,,0.0,1.0,0.0,false,0.25844680557404287,0.2584041290897451
izraelevitz2017_fig14,theta_15_psi_30,0.8515625,,,,,1.0,0.0,0.0,false,0.22087989086973617,0.21385392202706427
izraelevitz2017_fig14,theta_15_psi_30,0.859375,,,,,1.0,0.0,0.0,false,0.18070559346605908,0.1580889463356491
izraelevitz2017_fig14,theta_15_psi_30,0.8671875,,,,,1.0,0.0,0.0,false,0.13399697737170474,0.10333545632163812
izraelevitz2017_fig14,theta_15_psi_30,0.875,,,,,1.0,0.0,0.0,false,0.08297633433160893,0.05010338784912283
izraelevitz2017_fig14,theta_15_psi_30,0.8828125,,,,,1.0,0.0,0.0,false,0.03477306417884186,-0.0011198830719625196
izraelevitz2017_fig14,theta_15_psi_30,0.890625,,,,,1.0,0.0,0.0,false,-0.01764905220977997,-0.0498732463265725
izraelevitz2017_fig14,theta_15_psi_30,0.8984375,,,,,1.0,0.0,0.0,false,-0.06960619825330996,-0.09572507625331689
izraelevitz2017_fig14,theta_15_psi_30,0.90625,,,,,1.0,0.0,0.0,false,-0.136847504770101,-0.13827597456377383
izraelevitz2017_fig14,theta_15_psi_30,0.9140625,,,,,1.0,0.0,0.0,false,-0.16410744678328176,-0.17716107077147655
izraelevitz2017_fig14,theta_15_psi_30,0.921875,,,,,1.0,0.0,0.0,false,-0.20324467207362895,-0.21205191900313203
izraelevitz2017_fig14,theta_15_psi_30,0.9296875,,,,,1.0,0.0,0.0,false,-0.226400420788952,-0.242658033478248
izraelevitz2017_fig14,theta_15_psi_30,0.9375,,,,,1.0,0.0,0.0,false,-0.26442811306248015,-0.2687280914104398
izraelevitz2017_fig14,theta_15_psi_30,0.9453125,,,,,1.0,0.0,0.0,false,-0.27272246961880253,-0.29005057032672243
izraelevitz2017_fig14,theta_15_psi_30,0.953125,,,,,1.0,0.0,0.0,false,-0.27208855694443523,-0.306453910957821
izraelevitz2017_fig14,theta_15_psi_30,0.9609375,,,,,1.0,0.0,0.0,false,-0.2951735759640166,-0.31780741309324145
izraelevitz2017_fig14,theta_15_psi_30,0.96875,,,,,1.0,0.0,0.0,false,-0.2990929292713674,-0.3240218753625141
izraelevitz2017_fig14,theta_15_psi_30,0.9765625,,,,,1.0,0.0,0.0,false,-0.31640438988806285,-0.3250497631225721
izraelevitz2017_fig14,theta_15_psi_30,0.984375,,,,,1.0,0.0,0.0,false,-0.32732822627504343,-0.3208851649075581
izraelevitz2017_fig14,theta_15_psi_30,0.9921875,,,,,1.0,0.0,0.0,false,-0.30103130267074496,-0.31156359714512244
izraelevitz2017_fig14,theta_15_psi_45,0.0,,,,,1.0,0.0,0.0,false,-0.16846863088911607,-0.2071084071699772
izraelevitz2017_fig14,theta_15_psi_45,0.0078125,,,,,1.0,0.0,0.0,false,-0.14714951711079305,-0.18632475582473873
izraelevitz2017_fig14,theta_15_psi_45,0.015625,,,,,1.0,0.0,0.0,false,-0.12127945979164625,-0.16159302095553119
izraelevitz2017_fig14,theta_15_psi_45,0.0234375,,,,,0.0,1.0,0.0,false,-0.0942663271087008,-0.09421901906954913
izraelevitz2017_fig14,theta_15_psi_45,0.03125,,,,,0.0,1.0,0.0,false,-0.06689382248074105,-0.06684157976244084
izraelevitz2017_fig14,theta_15_psi_45,0.0390625,,,,,0.0,1.0,0.0,false,-0.03851596035160591,-0.03820569428710312
izraelevitz2017_fig14,theta_15_psi_45,0.046875,,,,,0.0,1.0,0.0,false,-0.003546819769112981,-0.002591791171940694
izraelevitz2017_fig14,theta_15_psi_45,0.0546875,,,,,0.0,1.0,0.0,false,0.03479817444647917,0.0366023306831578
izraelevitz2017_fig14,theta_15_psi_45,0.0625,,,,,0.0,1.0,0.0,false,0.07083988516807227,0.07340393631585519
izraelevitz2017_fig14,theta_15_psi_45,0.0703125,,,,,0.0,1.0,0.0,false,0.10763134558758392,0.11068931373937664
izraelevitz2017_fig14,theta_15_psi_45,0.078125,,,,,0.0,1.0,0.0,false,0.14517112104941843,0.14856059864392707
izraelevitz2017_fig14,theta_15_psi_45,0.0859375,,,,,0.0,1.0,0.0,false,0.17507152137950793,0.17864102472553622
izraelevitz2017_fig14,theta_15_psi_45,0.09375,,,,,0.0,1.0,0.0,false,0.2031254651795149,0.20682481909466985
izraelevitz2017_fig14,theta_15_psi_45,0.1015625,,,,,0.0,1.0,0.0,false,0.2320577086985324,0.23588744922342786
izraelevitz2017_fig14,theta_15_psi_45,0.109375,,,,,0.0,1.0,0.0,false,0.2628722019629067,0.26685357237242446
izraelevitz2017_fig14,theta_15_psi_45,0.1171875,,,,,0.0,1.0,0.0,false,0.2953393213802395,0.29949150687356496
izraelevitz2017_fig14,theta_15_psi_45,0.125,,,,,0.0,1.0,0.0,false,0.32872972246017906,0.33306018987778546
izraelevitz2017_fig14,theta_15_psi_45,0.1328125,,,,,0.0,1.0,0.0,false,0.36246687548195244,0.3669740298509208
izraelevitz2017_fig14,theta_15_psi_45,0.140625,,,,,0.0,1.0,0.0,false,0.3949566572727632,0.3996110689809373
izraelevitz2017_fig14,theta_15_psi_45,0.1484375,,,,,0.0,1.0,0.0,false,0.42619828170366736,0.43097281262733195
izraelevitz2017_fig14,theta_15_psi_45,0.15625,,,,,0.0,1.0,0.0,false,0.4545996237724942,0.4594407997207296
izraelevitz2017_fig14,theta_15_psi_45,0.1640625,,,,,0.0,1.0,0.0,false,0.4784905045640238,0.4833187767696915
izraelevitz2017_fig14,theta_15_psi_45,0.171875,,,,,0.0,1.0,0.0,false,0.5007340149414929,0.5055264492263363
izraelevitz2017_fig14,theta_15_psi_45,0.1796875,,,,,0.0,1.0,0.0,false,0.5204593685673123,0.5251818853171608
izraelevitz2017_fig14,theta_15_psi_45,0.1875,,,,,0.0,1.0,0.0,false,0.5409021126138781,0.5455806742036255
izraelevitz2017_fig14,theta_15_psi_45,0.1953125,,,,,0.0,1.0,0.0,false,0.5464624771581854,0.5508640711224868
izraelevitz2017_fig14,theta_15_psi_45,0.203125,,,,,0.0,1.0,0.0,false,0.5567121198306613,0.5609417188420307
izraelevitz2017_fig14,theta_15_psi_45,0.2109375,,,,,0.0,1.0,0.0,false,0.5645336384808621,0.568579157278108
izraelevitz2017_fig14,theta_15_psi_45,0.21875,,,,,0.0,1.0,0.0,false,0.5729001127198282,0.5767986132384653
izraelevitz2017_fig14,theta_15_psi_45,0.2265625,,,,,0.0,1.0,0.0,false,0.5663106351307652,0.5698698986025044
izraelevitz2017_fig14,theta_15_psi_45,0.234375,,,,,0.0,1.0,0.0,false,0.5543640800725171,0.5575514968678014
izraelevitz2017_fig14,theta_15_psi_45,0.2421875,,,,,0.0,1.0,0.0,false,0.5556921023695951,0.5587345113288578
izraelevitz2017_fig14,theta_15_psi_45,0.25,,,,,0.0,1.0,0.0,false,0.548810995147227,0.5516313506315584
izraelevitz2017_fig14,theta_15_psi_45,0.2578125,,,,,0.0,1.0,0.0,false,0.539016876669933,0.5416145337342355
izraelevitz2017_fig14,theta_15_psi_45,0.265625,,,,,0.0,1.0,0.0,false,0.49409692024236235,0.496103884127845
izraelevitz2017_fig14,theta_15_psi_45,0.2734375,,,,,0.0,1.0,0.0,false,0.48375274877080937,0.4856077737762446
izraelevitz2017_fig14,theta_15_psi_45,0.28125,,,,,0.0,1.0,0.0,false,0.4581968529589637,0.45963230238839387
izraelevitz2017_fig14,theta_15_psi_45,0.2890625,,,,,0.0,1.0,0.0,false,0.42142056220073976,0.42228575131712875
izraelevitz2017_fig14,theta_15_psi_45,0.296875,,,,,0.0,1.0,0.0,false,0.3977571150825696,0.398222404914526
izraelevitz2017_fig14,theta_15_psi_45,0.3046875,,,,,0.0,1.0,0.0,false,0.36547062832887095,0.3655745658596231
izraelevitz2017_fig14,theta_15_psi_45,0.3125,,,,,0.0,1.0,0.0,false,0.34021628204642024,0.3401562585641409
izraelevitz2017_fig14,theta_15_psi_45,0.3203125,,,,,0.0,1.0,0.0,false,0.3020885255908569,0.3019278386455582
izraelevitz2017_fig14,theta_15_psi_45,0.328125,,,,,0.0,1.0,0.0,false,0.2851513186825463,0.2851181845585682
izraelevitz2017_fig14,theta_15_psi_45,0.3359375,,,,,1.0,0.0,0.0,false,0.25634836756816703,0.2480791816269824
izraelevitz2017_fig14,theta_15_psi_45,0.34375,,,,,1.0,0.0,0.0,false,0.2173913239211944,0.20159174284048645
izraelevitz2017_fig14,theta_15_psi_45,0.3515625,,,,,1.0,0.0,0.0,false,0.20896825861526358,0.15545788327127066
izraelevitz2017_fig14,theta_15_psi_45,0.359375,,,,,1.0,0.0,0.0,false,0.17016895080380065,0.11010406316593825
izraelevitz2017_fig14,theta_15_psi_45,0.3671875,,,,,1.0,0.0,0.0,false,0.1441152647243372,0.06594540737535805
izraelevitz2017_fig14,theta_15_psi_45,0.375,,,,,1.0,0.0,0.0,false,0.09990748621269967,0.02338257210034487
izraelevitz2017_fig14,theta_15_psi_45,0.3828125,,,,,1.0,0.0,0.0,false,0.04830398932987521,-0.017201151015163223
izraelevitz2017_fig14,theta_15_psi_45,0.390625,,,,,1.0,0.0,0.0,false,0.00602662769030874,-0.05544251913498091
izraelevitz2017_fig14,theta_15_psi_45,0.3984375,,,,,1.0,0.0,0.0,false,-0.03406006550213428,-0.09100082063366563
izraelevitz2017_fig14,theta_15_psi_45,0.40625,,,,,1.0,0.0,0.0,false,-0.0846560111439247,-0.12356016564339933
izraelevitz2017_fig14,theta_15_psi_45,0.4140625,,,,,1.0,0.0,0.0,false,-0.1266802792172631,-0.15283159746861724
izraelevitz2017_fig14,theta_15_psi_45,0.421875,,,,,1.0,0.0,0.0,false,-0.1801045458791422,-0.17855503436805048
izraelevitz2017_fig14,theta_15_psi_45,0.4296875,,,,,1.0,0.0,0.0,false,-0.21311899629939532,-0.2005010469830126
izraelevitz2017_fig14,theta_15_psi_45,0.4375,,,,,1.0,0.0,0.0,false,-0.231913717009001,-0.21847247072281525
izraelevitz2017_fig14,theta_15_psi_45,0.4453125,,,,,1.0,0.0,0.0,false,-0.23765196316425025,-0.23230584963175513
izraelevitz2017_fig14,theta_15_psi_45,0.453125,,,,,1.0,0.0,0.0,false,-0.24579681522058408,-0.24187267743638186
izraelevitz2017_fig14,theta_15_psi_45,0.4609375,,,,,1.0,0.0,0.0,false,-0.2434759366895616,-0.24708032393818063
izraelevitz2017_fig14,theta_15_psi_45,0.46875,,,,,1.0,0.0,0.0,false,-0.2397486005574618,-0.24787293014093748
izraelevitz2017_fig14,theta_15_psi_45,0.4765625,,,,,1.0,0.0,0.0,false,-0.23873969895978225,-0.24423241952351113
izraelevitz2017_fig14,theta_15_psi_45,0.484375,,,,,1.0,0.0,0.0,false,-0.20750078049852344,-0.2361791152791344
izraelevitz2017_fig14,theta_15_psi_45,0.4921875,,,,,1.0,0.0,0.0,false,-0.18644448913195155,-0.2237720093836177
izraelevitz2017_fig14,theta_15_psi_45,0.5,,,,,1.0,0.0,0.0,false,-0.15438508169632445,-0.2071087580844772
izraelevitz2017_fig14,theta_15_psi_45,0.5078125,,,,,1.0,0.0,0.0,false,-0.13988785712447566,-0.18632527561577414
izraelevitz2017_fig14,theta_15_psi_45,0.515625,,,,,1.0,0.0,0.0,false,-0.11661158009412574,-0.16159370103189608
izraelevitz2017_fig14,theta_15_psi_45,0.5234375,,,,,0.0,1.0,0.0,false,-0.09356146207970746,-0.09350056153749826
izraelevitz2017_fig14,theta_15_psi_45,0.53125,,,,,0.0,1.0,0.0,false,-0.06727987327120297,-0.06723115591351259
izraelevitz2017_fig14,theta_15_psi_45,0.5390625,,,,,0.0,1.0,0.0,false,-0.03784060829724422,-0.0375034659340155
izraelevitz2017_fig14,theta_15_psi_45,0.546875,,,,,0.0,1.0,0.0,false,-0.0006644206416819693,0.00038663906641276877
izraelevitz2017_fig14,theta_15_psi_45,0.5546875,,,,,0.0,1.0,0.0,false,0.03013265623436907,0.031940081917783136
izraelevitz2017_fig14,theta_15_psi_45,0.5625,,,,,0.0,1.0,0.0,false,0.06596528040292714,0.06856008979888462
izraelevitz2017_fig14,theta_15_psi_45,0.5703125,,,,,0.0,1.0,0.0,false,0.10525026113482991,0.1084028903844545
izraelevitz2017_fig14,theta_15_psi_45,0.578125,,,,,0.0,1.0,0.0,false,0.1452826170043351,0.14882469128910675
izraelevitz2017_fig14,theta_15_psi_45,0.5859375,,,,,0.0,1.0,0.0,false,0.1763930168235966,0.18014352057863134
izraelevitz2017_fig14,theta_15_psi_45,0.59375,,,,,0.0,1.0,0.0,false,0.2048816703506318,0.20877417592842162
izraelevitz2017_fig14,theta_15_psi_45,0.6015625,,,,,0.0,1.0,0.0,false,0.23392282086556831,0.23795200080672924
izraelevitz2017_fig14,theta_15_psi_45,0.609375,,,,,0.0,1.0,0.0,false,0.2646624307607769,0.26884714622157974
izraelevitz2017_fig14,theta_15_psi_45,0.6171875,,,,,0.0,1.0,0.0,false,0.29700489947677683,0.30136443332280777
izraelevitz2017_fig14,theta_15_psi_45,0.625,,,,,0.0,1.0,0.0,false,0.3302664329004423,0.3348087826004361
izraelevitz2017_fig14,theta_15_psi_45,0.6328125,,,,,0.0,1.0,0.0,false,0.36379983623452766,0.36852225366981367
izraelevitz2017_fig14,theta_15_psi_45,0.640625,,,,,0.0,1.0,0.0,false,0.39682762842567443,0.40171421507582006
izraelevitz2017_fig14,theta_15_psi_45,0.6484375,,,,,0.0,1.0,0.0,false,0.4264135286542325,0.4313942796007796
izraelevitz2017_fig14,theta_15_psi_45,0.65625,,,,,0.0,1.0,0.0,false,0.4562838148527918,0.4613634079122112
izraelevitz2017_fig14,theta_15_psi_45,0.6640625,,,,,0.0,1.0,0.0,false,0.4826829971735318,0.48779789373697846
izraelevitz2017_fig14,theta_15_psi_45,0.671875,,,,,0.0,1.0,0.0,false,0.5040043547608547,0.509066297190636
izraelevitz2017_fig14,theta_15_psi_45,0.6796875,,,,,0.0,1.0,0.0,false,0.5268436693071532,0.5318914199302469
izraelevitz2017_fig14,theta_15_psi_45,0.6875,,,,,0.0,1.0,0.0,false,0.5360382548845798,0.5408410712752405
izraelevitz2017_fig14,theta_15_psi_45,0.6953125,,,,,0.0,1.0,0.0,false,0.5493038797920048,0.5539576843519938
izraelevitz2017_fig14,theta_15_psi_45,0.703125,,,,,0.0,1.0,0.0,false,0.559416723772057,0.5638917683208637
izraelevitz2017_fig14,theta_15_psi_45,0.7109375,,,,,0.0,1.0,0.0,false,0.5655609935109858,0.5698195373459116
izraelevitz2017_fig14,theta_15_psi_45,0.71875,,,,,0.0,1.0,0.0,false,0.5629767915426463,0.5669113448027163
izraelevitz2017_fig14,theta_15_psi_45,0.7265625,,,,,0.0,1.0,0.0,false,0.5571460204933321,0.5607477510676195
izraelevitz2017_fig14,theta_15_psi_45,0.734375,,,,,0.0,1.0,0.0,false,0.5513122341325641,0.5546254544979812
izraelevitz2017_fig14,theta_15_psi_45,0.7421875,,,,,0.0,1.0,0.0,false,0.5519944428603888,0.555154583353653
izraelevitz2017_fig14,theta_15_psi_45,0.75,,,,,0.0,1.0,0.0,false,0.5445458238133769,0.5474737072364463
izraelevitz2017_fig14,theta_15_psi_45,0.7578125,,,,,0.0,1.0,0.0,false,0.5441274508798924,0.5469514971646491
izraelevitz2017_fig14,theta_15_psi_45,0.765625,,,,,0.0,1.0,0.0,false,0.49964957749975614,0.5018554912335497
izraelevitz2017_fig14,theta_15_psi_45,0.7734375,,,,,0.0,1.0,0.0,false,0.4749701524861049,0.4768538380610695
izraelevitz2017_fig14,theta_15_psi_45,0.78125,,,,,0.0,1.0,0.0,false,0.45629298924313944,0.4578154112169699
izraelevitz2017_fig14,theta_15_psi_45,0.7890625,,,,,0.0,1.0,0.0,false,0.42685242477360447,0.4278414395678323
izraelevitz2017_fig14,theta_15_psi_45,0.796875,,,,,0.0,1.0,0.0,false,0.3959539978086908,0.39644400404915603
izraelevitz2017_fig14,theta_15_psi_45,0.8046875,,,,,0.0,1.0,0.0,false,0.3712307614007753,0.37139256748921223
izraelevitz2017_fig14,theta_15_psi_45,0.8125,,,,,0.0,1.0,0.0,false,0.3370574476418416,0.3369673501670199
izraelevitz2017_fig14,theta_15_psi_45,0.8203125,,,,,0.0,1.0,0.0,false,0.30182557725360576,0.3016430539202831
izraelevitz2017_fig14,theta_15_psi_45,0.828125,,,,,0.0,1.0,0.0,false,0.2817391469819961,0.2816816582361488
izraelevitz2017_fig14,theta_15_psi_45,0.8359375,,,,,1.0,0.0,0.0,false,0.25186795473620927,0.24807808633746484
izraelevitz2017_fig14,theta_15_psi_45,0.84375,,,,,1.0,0.0,0.0,false,0.22985970084830137,0.20159071451505323
izraelevitz2017_fig14,theta_15_psi_45,0.8515625,,,,,1.0,0.0,0.0,false,0.20266548201969545,0.15545692190319374
izraelevitz2017_fig14,theta_15_psi_45,0.859375,,,,,1.0,0.0,0.0,false,0.1761027439633863,0.11010316854538882
izraelevitz2017_fig14,theta_15_psi_45,0.8671875,,,,,1.0,0.0,0.0,false,0.13969121027277298,0.06594457909512769
izraelevitz2017_fig14,theta_15_psi_45,0.875,,,,,1.0,0.0,0.0,false,0.09505680777545752,0.023381809565928
izraelevitz2017_fig14,theta_15_psi_45,0.8828125,,,,,1.0,0.0,0.0,false,0.042034194440578376,-0.017201848579150063
izraelevitz2017_fig14,theta_15_psi_45,0.890625,,,,,1.0,0.0,0.0,false,0.0001182149073674808,-0.05544315267590473
izraelevitz2017_fig14,theta_15_psi_45,0.8984375,,,,,1.0,0.0,0.0,false,-0.03333330232288325,-0.09100139126198277
izraelevitz2017_fig14,theta_15_psi_45,0.90625,,,,,1.0,0.0,0.0,false,-0.08841645383522528,-0.12356067462498858
izraelevitz2017_fig14,theta_15_psi_45,0.9140625,,,,,1.0,0.0,0.0,false,-0.1302820290501414,-0.1528320462136974
izraelevitz2017_fig14,theta_15_psi_45,0.921875,,,,,1.0,0.0,0.0,false,-0.17448573131080433,-0.17855542442294178
izraelevitz2017_fig14,theta_15_psi_45,0.9296875,,,,,1.0,0.0,0.0,false,-0.19326538563146264,-0.2005013800190419
izraelevitz2017_fig14,theta_15_psi_45,0.9375,,,,,1.0,0.0,0.0,false,-0.21626903023569544,-0.2184727485274895
izraelevitz2017_fig14,theta_15_psi_45,0.9453125,,,,,1.0,0.0,0.0,false,-0.24043098371758054,-0.23230607409613552
izraelevitz2017_fig14,theta_15_psi_45,0.953125,,,,,1.0,0.0,0.0,false,-0.25542414918014206,-0.241872850545485
izraelevitz2017_fig14,theta_15_psi_45,0.9609375,,,,,1.0,0.0,0.0,false,-0.24487559450105797,-0.24708044775912294
izraelevitz2017_fig14,theta_15_psi_45,0.96875,,,,,1.0,0.0,0.0,false,-0.2499860527311812,-0.2478730068141954
izraelevitz2017_fig14,theta_15_psi_45,0.9765625,,,,,1.0,0.0,0.0,false,-0.24511759475496867,-0.24423245125272283
izraelevitz2017_fig14,theta_15_psi_45,0.984375,,,,,1.0,0.0,0.0,false,-0.2306745349464772,-0.23617910432044772
izraelevitz2017_fig14,theta_15_psi_45,0.9921875,,,,,1.0,0.0,0.0,false,-0.22043415464403476,-0.22377195803457012
izraelevitz2017_fig14,theta_15_psi_60,0.0,,,,,1.0,0.0,0.0,false,-0.1239451441557775,-0.13086433343988904
izraelevitz2017_fig14,theta_15_psi_60,0.0078125,,,,,1.0,0.0,0.0,false,-0.10687079885015888,-0.11202312980523205
izraelevitz2017_fig14,theta_15_psi_60,0.015625,,,,,1.0,0.0,0.0,false,-0.08641937127153715,-0.08998455470744703
izraelevitz2017_fig14,theta_15_psi_60,0.0234375,,,,,1.0,0.0,0.0,false,-0.06267496152139235,-0.06495482369327724
izraelevitz2017_fig14,theta_15_psi_60,0.03125,,,,,1.0,0.0,0.0,false,-0.035927178644274915,-0.037170339681276456
izraelevitz2017_fig14,theta_15_psi_60,0.0390625,,,,,1.0,0.0,0.0,false,-0.006524943695647653,-0.006895571272915584
izraelevitz2017_fig14,theta_15_psi_60,0.046875,,,,,1.0,0.0,0.0,false,0.02520637014820409,0.025576312130152587
izraelevitz2017_fig14,theta_15_psi_60,0.0546875,,,,,0.0,1.0,0.0,false,0.0589186613170954,0.05871086530569673
izraelevitz2017_fig14,theta_15_psi_60,0.0625,,,,,0.0,1.0,0.0,false,0.0942020777046803,0.09408614132595935
izraelevitz2017_fig14,theta_15_psi_60,0.0703125,,,,,0.0,1.0,0.0,false,0.13050997328983266,0.13070652314128278
izraelevitz2017_fig14,theta_15_psi_60,0.078125,,,,,0.0,1.0,0.0,false,0.16748790153646795,0.16819499812309327
izraelevitz2017_fig14,theta_15_psi_60,0.0859375,,,,,0.0,1.0,0.0,false,0.20482859166355383,0.2061758284445421
izraelevitz2017_fig14,theta_15_psi_60,0.09375,,,,,0.0,1.0,0.0,false,0.24222277014529034,0.2442617741537624
izraelevitz2017_fig14,theta_15_psi_60,0.1015625,,,,,0.0,1.0,0.0,false,0.27935806128417173,0.2820662896439147
izraelevitz2017_fig14,theta_15_psi_60,0.109375,,,,,0.0,1.0,0.0,false,0.30636211882072706,0.3094830452085801
izraelevitz2017_fig14,theta_15_psi_60,0.1171875,,,,,0.0,1.0,0.0,false,0.3330253288417413,0.3364466736116894
izraelevitz2017_fig14,theta_15_psi_60,0.125,,,,,0.0,1.0,0.0,false,0.36119262683872516,0.3648317672578054
izraelevitz2017_fig14,theta_15_psi_60,0.1328125,,,,,0.0,1.0,0.0,false,0.38987854559776747,0.39371283930270656
izraelevitz2017_fig14,theta_15_psi_60,0.140625,,,,,0.0,1.0,0.0,false,0.4183810782618243,0.4224124940570438
izraelevitz2017_fig14,theta_15_psi_60,0.1484375,,,,,0.0,1.0,0.0,false,0.4456518107467848,0.4498639668479343
izraelevitz2017_fig14,theta_15_psi_60,0.15625,,,,,0.0,1.0,0.0,false,0.47332464400442525,0.4777322998105767
izraelevitz2017_fig14,theta_15_psi_60,0.1640625,,,,,0.0,1.0,0.0,false,0.4963048798792757,0.5008303173316891
izraelevitz2017_fig14,theta_15_psi_60,0.171875,,,,,0.0,1.0,0.0,false,0.5170411522617249,0.5216536549308884
izraelevitz2017_fig14,theta_15_psi_60,0.1796875,,,,,0.0,1.0,0.0,false,0.5314020811598619,0.5359992624963689
izraelevitz2017_fig14,theta_15_psi_60,0.1875,,,,,0.0,1.0,0.0,false,0.5492484920031364,0.5539062020084913
izraelevitz2017_fig14,theta_15_psi_60,0.1953125,,,,,0.0,1.0,0.0,false,0.5610698886777113,0.5656972634548604
izraelevitz2017_fig14,theta_15_psi_60,0.203125,,,,,0.0,1.0,0.0,false,0.5734241780154044,0.5780465198479705
izraelevitz2017_fig14,theta_15_psi_60,0.2109375,,,,,0.0,1.0,0.0,false,0.5711732695804601,0.5755656461274485
izraelevitz2017_fig14,theta_15_psi_60,0.21875,,,,,0.0,1.0,0.0,false,0.560704440193979,0.5647618895683404
izraelevitz2017_fig14,theta_15_psi_60,0.2265625,,,,,0.0,1.0,0.0,false,0.5696220170356432,0.5736787242095716
izraelevitz2017_fig14,theta_15_psi_60,0.234375,,,,,0.0,1.0,0.0,false,0.5488730435606597,0.5524829420391314
izraelevitz2017_fig14,theta_15_psi_60,0.2421875,,,,,0.0,1.0,0.0,false,0.5518442457090321,0.5553255086958072
izraelevitz2017_fig14,theta_15_psi_60,0.25,,,,,0.0,1.0,0.0,false,0.5139715069323634,0.5167084570117467
izraelevitz2017_fig14,theta_15_psi_60,0.2578125,,,,,0.0,1.0,0.0,false,0.5258769075624224,0.5285402240347001
izraelevitz2017_fig14,theta_15_psi_60,0.265625,,,,,0.0,1.0,0.0,false,0.5010127060726796,0.5031109149572618
izraelevitz2017_fig14,theta_15_psi_60,0.2734375,,,,,0.0,1.0,0.0,false,0.4975603888702926,0.49938992642424
izraelevitz2017_fig14,theta_15_psi_60,0.28125,,,,,0.0,1.0,0.0,false,0.45408140946178266,0.4552313291287134
izraelevitz2017_fig14,theta_15_psi_60,0.2890625,,,,,0.0,1.0,0.0,false,0.4232305054054807,0.42394708410628296
izraelevitz2017_fig14,theta_15_psi_60,0.296875,,,,,0.0,1.0,0.0,false,0.38971728768085634,0.3900860160526509
izraelevitz2017_fig14,theta_15_psi_60,0.3046875,,,,,0.0,1.0,0.0,false,0.3548326564065753,0.3549628894464516
izraelevitz2017_fig14,theta_15_psi_60,0.3125,,,,,0.0,1.0,0.0,false,0.34438729329785267,0.34459661293875227
izraelevitz2017_fig14,theta_15_psi_60,0.3203125,,,,,0.0,1.0,0.0,false,0.28701854508320174,0.2870167731843965
izraelevitz2017_fig14,theta_15_psi_60,0.328125,,,,,0.0,1.0,0.0,false,0.2778681927190934,0.2780194231435261
izraelevitz2017_fig14,theta_15_psi_60,0.3359375,,,,,1.0,0.0,0.0,false,0.2474893477477008,0.21646857345259626
izraelevitz2017_fig14,theta_15_psi_60,0.34375,,,,,1.0,0.0,0.0,false,0.2298650305644734,0.17920015490888988
izraelevitz2017_fig14,theta_15_psi_60,0.3515625,,,,,1.0,0.0,0.0,false,0.20036307596163075,0.1422526609532063
izraelevitz2017_fig14,theta_15_psi_60,0.359375,,,,,1.0,0.0,0.0,false,0.1809593953687374,0.1059648765278684
izraelevitz2017_fig14,theta_15_psi_60,0.3671875,,,,,1.0,0.0,0.0,false,0.14202043590843752,0.07067041804214472
izraelevitz2017_fig14,theta_15_psi_60,0.375,,,,,1.0,0.0,0.0,false,0.11440354316732618,0.03669516216801534
izraelevitz2017_fig14,theta_15_psi_60,0.3828125,,,,,1.0,0.0,0.0,false,0.05692869526135931,0.004354658098670215
izraelevitz2017_fig14,theta_15_psi_60,0.390625,,,,,1.0,0.0,0.0,false,0.02564026602694386,-0.026048480104853812
izraelevitz2017_fig14,theta_15_psi_60,0.3984375,,,,,1.0,0.0,0.0,false,0.006994427979068643,-0.05422718897713605
izraelevitz2017_fig14,theta_15_psi_60,0.40625,,,,,1.0,0.0,0.0,false,0.01185465101427842,-0.07991256513184308
izraelevitz2017_fig14,theta_15_psi_60,0.4140625,,,,,1.0,0.0,0.0,false,-0.019423835784753058,-0.10285644510515471
izraelevitz2017_fig14,theta_15_psi_60,0.421875,,,,,1.0,0.0,0.0,false,-0.07819032301804499,-0.12283392175965852
izraelevitz2017_fig14,theta_15_psi_60,0.4296875,,,,,1.0,0.0,0.0,false,-0.10731490046069976,-0.13964575948115154
izraelevitz2017_fig14,theta_15_psi_60,0.4375,,,,,1.0,0.0,0.0,false,-0.12444502576008623,-0.1531206687939698
izraelevitz2017_fig14,theta_15_psi_60,0.4453125,,,,,1.0,0.0,0.0,false,-0.12855108523345127,-0.16311739595599128
izraelevitz2017_fig14,theta_15_psi_60,0.453125,,,,,1.0,0.0,0.0,false,-0.14360983632725485,-0.16952658005315155
izraelevitz2017_fig14,theta_15_psi_60,0.4609375,,,,,1.0,0.0,0.0,false,-0.15017874838019604,-0.17227233385472512
izraelevitz2017_fig14,theta_15_psi_60,0.46875,,,,,1.0,0.0,0.0,false,-0.15169196693654718,-0.17131350325544376
izraelevitz2017_fig14,theta_15_psi_60,0.4765625,,,,,1.0,0.0,0.0,false,-0.1494004650749503,-0.16664456609579767
izraelevitz2017_fig14,theta_15_psi_60,0.484375,,,,,1.0,0.0,0.0,false,-0.14305659050311367,-0.1582961305327017
izraelevitz2017_fig14,theta_15_psi_60,0.4921875,,,,,1.0,0.0,0.0,false,-0.1328577659703772,-0.1463351316978867
izraelevitz2017_fig14,theta_15_psi_60,0.5,,,,,1.0,0.0,0.0,false,-0.11991428238866522,-0.13086472367258764
izraelevitz2017_fig14,theta_15_psi_60,0.5078125,,,,,1.0,0.0,0.0,false,-0.10393712915562818,-0.11202366439657063
izraelevitz2017_fig14,theta_15_psi_60,0.515625,,,,,1.0,0.0,0.0,false,-0.08427884731708589,-0.08998522539129504
izraelevitz2017_fig14,theta_15_psi_60,0.5234375,,,,,1.0,0.0,0.0,false,-0.06116211859725346,-0.06495562222782268
izraelevitz2017_fig14,theta_15_psi_60,0.53125,,,,,1.0,0.0,0.0,false,-0.03497137717465371,-0.03717125803865814
izraelevitz2017_fig14,theta_15_psi_60,0.5390625,,,,,1.0,0.0,0.0,false,-0.006120762349650537,-0.00689660133566803
izraelevitz2017_fig14,theta_15_psi_60,0.546875,,,,,1.0,0.0,0.0,false,0.02505258893467922,0.02557517854479143
izraelevitz2017_fig14,theta_15_psi_60,0.5546875,,,,,0.0,1.0,0.0,false,0.05823638584927213,0.05800641038932869
izraelevitz2017_fig14,theta_15_psi_60,0.5625,,,,,0.0,1.0,0.0,false,0.09303925618445504,0.09289744174987677
izraelevitz2017_fig14,theta_15_psi_60,0.5703125,,,,,0.0,1.0,0.0,false,0.12892227209421067,0.12910034163138193
izraelevitz2017_fig14,theta_15_psi_60,0.578125,,,,,0.0,1.0,0.0,false,0.1655255111090607,0.16623088377324718
izraelevitz2017_fig14,theta_15_psi_60,0.5859375,,,,,0.0,1.0,0.0,false,0.20254058133254813,0.20390868501559645
izraelevitz2017_fig14,theta_15_psi_60,0.59375,,,,,0.0,1.0,0.0,false,0.23965385858028787,0.2417385026465406
izraelevitz2017_fig14,theta_15_psi_60,0.6015625,,,,,0.0,1.0,0.0,false,0.2765447791295017,0.279322327194869
izraelevitz2017_fig14,theta_15_psi_60,0.609375,,,,,0.0,1.0,0.0,false,0.3071480376584423,0.31042340095436305
izraelevitz2017_fig14,theta_15_psi_60,0.6171875,,,,,0.0,1.0,0.0,false,0.3331814622637186,0.33675723786758416
izraelevitz2017_fig14,theta_15_psi_60,0.625,,,,,0.0,1.0,0.0,false,0.36070797616125083,0.36449773073753344
izraelevitz2017_fig14,theta_15_psi_60,0.6328125,,,,,0.0,1.0,0.0,false,0.38888124114045003,0.3928640628303694
izraelevitz2017_fig14,theta_15_psi_60,0.640625,,,,,0.0,1.0,0.0,false,0.4169543758547723,0.42113432912998666
izraelevitz2017_fig14,theta_15_psi_60,0.6484375,,,,,0.0,1.0,0.0,false,0.44447595461746936,0.44884958310880085
izraelevitz2017_fig14,theta_15_psi_60,0.65625,,,,,0.0,1.0,0.0,false,0.46933156262238956,0.4738559228741202
izraelevitz2017_fig14,theta_15_psi_60,0.6640625,,,,,0.0,1.0,0.0,false,0.49142292849896896,0.4960550328770805
izraelevitz2017_fig14,theta_15_psi_60,0.671875,,,,,0.0,1.0,0.0,false,0.5125811306802716,0.5173147113167618
izraelevitz2017_fig14,theta_15_psi_60,0.6796875,,,,,0.0,1.0,0.0,false,0.5364421304160158,0.5413397499203146
izraelevitz2017_fig14,theta_15_psi_60,0.6875,,,,,0.0,1.0,0.0,false,0.5427764552852082,0.5475277788514923
izraelevitz2017_fig14,theta_15_psi_60,0.6953125,,,,,0.0,1.0,0.0,false,0.559150868269382,0.5639579570262663
izraelevitz2017_fig14,theta_15_psi_60,0.703125,,,,,0.0,1.0,0.0,false,0.5645988283538513,0.5692836633819858
izraelevitz2017_fig14,theta_15_psi_60,0.7109375,,,,,0.0,1.0,0.0,false,0.56199764203097,0.5664437967876669
izraelevitz2017_fig14,theta_15_psi_60,0.71875,,,,,0.0,1.0,0.0,false,0.5628571473258502,0.5671513131124738
izraelevitz2017_fig14,theta_15_psi_60,0.7265625,,,,,0.0,1.0,0.0,false,0.5615056160939861,0.5656363544914855
izraelevitz2017_fig14,theta_15_psi_60,0.734375,,,,,0.0,1.0,0.0,false,0.5507432914514115,0.5545720876959878
izraelevitz2017_fig14,theta_15_psi_60,0.7421875,,,,,0.0,1.0,0.0,false,0.5429310552342059,0.5464659026475205
izraelevitz2017_fig14,theta_15_psi_60,0.75,,,,,0.0,1.0,0.0,false,0.5258377583062057,0.5289028162201488
izraelevitz2017_fig14,theta_15_psi_60,0.7578125,,,,,0.0,1.0,0.0,false,0.5271243142127255,0.529962189469558
izraelevitz2017_fig14,theta_15_psi_60,0.765625,,,,,0.0,1.0,0.0,false,0.49371012831153827,0.4958407439710834
izraelevitz2017_fig14,theta_15_psi_60,0.7734375,,,,,0.0,1.0,0.0,false,0.5085607461351657,0.5106488551338438
izraelevitz2017_fig14,theta_15_psi_60,0.78125,,,,,0.0,1.0,0.0,false,0.45101463425999355,0.45220746993439015
izraelevitz2017_fig14,theta_15_psi_60,0.7890625,,,,,0.0,1.0,0.0,false,0.41263701523752744,0.4132877788978011
izraelevitz2017_fig14,theta_15_psi_60,0.796875,,,,,0.0,1.0,0.0,false,0.3983500374177001,0.3988382170549903
izraelevitz2017_fig14,theta_15_psi_60,0.8046875,,,,,0.0,1.0,0.0,false,0.3718410167541878,0.3721468061743569
izraelevitz2017_fig14,theta_15_psi_60,0.8125,,,,,0.0,1.0,0.0,false,0.3358170191020743,0.33597017345179847
izraelevitz2017_fig14,theta_15_psi_60,0.8203125,,,,,0.0,1.0,0.0,false,0.3017427924458642,0.30185915732020413
izraelevitz2017_fig14,theta_15_psi_60,0.828125,,,,,0.0,1.0,0.0,false,0.2835195003160261,0.28372922882609025
izraelevitz2017_fig14,theta_15_psi_60,0.8359375,,,,,1.0,0.0,0.0,false,0.2634680823831738,0.21646763529244598
izraelevitz2017_fig14,theta_15_psi_60,0.84375,,,,,1.0,0.0,0.0,false,0.20918051919897931,0.17919927583921966
izraelevitz2017_fig14,theta_15_psi_60,0.8515625,,,,,1.0,0.0,0.0,false,0.2248833837421548,0.142251840979724
izraelevitz2017_fig14,theta_15_psi_60,0.859375,,,,,1.0,0.0,0.0,false,0.1967642413848572,0.10596411546334505
izraelevitz2017_fig14,theta_15_psi_60,0.8671875,,,,,1.0,0.0,0.0,false,0.15803498087166082,0.07066971551116505
izraelevitz2017_fig14,theta_15_psi_60,0.875,,,,,1.0,0.0,0.0,false,0.11574538793675555,0.036694517614095874
izraelevitz2017_fig14,theta_15_psi_60,0.8828125,,,,,1.0,0.0,0.0,false,0.07520126796974994,0.004354070789699261
izraelevitz2017_fig14,theta_15_psi_60,0.890625,,,,,1.0,0.0,0.0,false,0.06482913789947801,-0.026049011068789783
izraelevitz2017_fig14,theta_15_psi_60,0.8984375,,,,,1.0,0.0,0.0,false,0.02846483603632647,-0.05422766465512339
izraelevitz2017_fig14,theta_15_psi_60,0.90625,,,,,1.0,0.0,0.0,false,-0.02263606114275383,-0.07991298673419797
izraelevitz2017_fig14,theta_15_psi_60,0.9140625,,,,,1.0,0.0,0.0,false,-0.04312105781755314,-0.10285681398248211
izraelevitz2017_fig14,theta_15_psi_60,0.921875,,,,,1.0,0.0,0.0,false,-0.08828327040227642,-0.12283423939319485
izraelevitz2017_fig14,theta_15_psi_60,0.9296875,,,,,1.0,0.0,0.0,false,-0.11602358096489838,-0.1396460274709336
izraelevitz2017_fig14,theta_15_psi_60,0.9375,,,,,1.0,0.0,0.0,false,-0.1353236344111087,-0.1531208888476062
izraelevitz2017_fig14,theta_15_psi_60,0.9453125,,,,,1.0,0.0,0.0,false,-0.14731318407531963,-0.1631175698760904
izraelevitz2017_fig14,theta_15_psi_60,0.953125,,,,,1.0,0.0,0.0,false,-0.15529234923629673,-0.1695267097251036
izraelevitz2017_fig14,theta_15_psi_60,0.9609375,,,,,1.0,0.0,0.0,false,-0.15556428701676955,-0.17227242123354233
izraelevitz2017_fig14,theta_15_psi_60,0.96875,,,,,1.0,0.0,0.0,false,-0.15263118402856427,-0.17131355035338902
izraelevitz2017_fig14,theta_15_psi_60,0.9765625,,,,,1.0,0.0,0.0,false,-0.1501519758546159,-0.16664457496946686
izraelevitz2017_fig14,theta_15_psi_60,0.984375,,,,,1.0,0.0,0.0,false,-0.14748980757140165,-0.15829610327115595
izraelevitz2017_fig14,theta_15_psi_60,0.9921875,,,,,1.0,0.0,0.0,false,-0.1359590850361653,-0.14633507041157
izraelevitz2017_fig14,theta_15_psi_75,0.0,,,,,1.0,0.0,0.0,false,-0.07866537980410006,-0.07892354636248246
izraelevitz2017_fig14,theta_15_psi_75,0.0078125,,,,,1.0,0.0,0.0,false,-0.06392938178222665,-0.06410618864243248
izraelevitz2017_fig14,theta_15_psi_75,0.015625,,,,,1.0,0.0,0.0,false,-0.04655235253411127,-0.04664697665820741
izraelevitz2017_fig14,theta_15_psi_75,0.0234375,,,,,1.0,0.0,0.0,false,-0.026718369697230147,-0.026729929650043102
izraelevitz2017_fig14,theta_15_psi_75,0.03125,,,,,1.0,0.0,0.0,false,-0.004636695070841182,-0.004564120845929496
izraelevitz2017_fig14,theta_15_psi_75,0.0390625,,,,,1.0,0.0,0.0,false,0.019461099978653508,0.019619050221832912
izraelevitz2017_fig14,theta_15_psi_75,0.046875,,,,,1.0,0.0,0.0,false,0.04532438670122327,0.04556880616242901
izraelevitz2017_fig14,theta_15_psi_75,0.0546875,,,,,1.0,0.0,0.0,false,0.07268680577317009,0.07301828505068914
izraelevitz2017_fig14,theta_15_psi_75,0.0625,,,,,1.0,0.0,0.0,false,0.10126918345208417,0.10168763728404005
izraelevitz2017_fig14,theta_15_psi_75,0.0703125,,,,,1.0,0.0,0.0,false,0.13078164571117992,0.13128624238349745
izraelevitz2017_fig14,theta_15_psi_75,0.078125,,,,,1.0,0.0,0.0,false,0.16092740830679528,0.1615164825559103
izraelevitz2017_fig14,theta_15_psi_75,0.0859375,,,,,1.0,0.0,0.0,false,0.19140625434011166,0.1920772160519969
izraelevitz2017_fig14,theta_15_psi_75,0.09375,,,,,0.0,1.0,0.0,false,0.22191766520716458,0.2220270937024622
izraelevitz2017_fig14,theta_15_psi_75,0.1015625,,,,,0.0,1.0,0.0,false,0.2521638339876711,0.2523288003715028
izraelevitz2017_fig14,theta_15_psi_75,0.109375,,,,,0.0,1.0,0.0,false,0.281790880081708,0.28207298202800407
izraelevitz2017_fig14,theta_15_psi_75,0.1171875,,,,,0.0,1.0,0.0,false,0.31047048340342187,0.3109751021640568
izraelevitz2017_fig14,theta_15_psi_75,0.125,,,,,0.0,1.0,0.0,false,0.3379592585499312,0.33876187675369945
izraelevitz2017_fig14,theta_15_psi_75,0.1328125,,,,,0.0,1.0,0.0,false,0.364028716307094,0.3651737116890572
izraelevitz2017_fig14,theta_15_psi_75,0.140625,,,,,0.0,1.0,0.0,false,0.388464085995762,0.389966867679354
izraelevitz2017_fig14,theta_15_psi_75,0.1484375,,,,,0.0,1.0,0.0,false,0.41106402363088057,0.41291532397240605
izraelevitz2017_fig14,theta_15_psi_75,0.15625,,,,,0.0,1.0,0.0,false,0.4316414871040578,0.4338126675298277
izraelevitz2017_fig14,theta_15_psi_75,0.1640625,,,,,0.0,1.0,0.0,false,0.44526837465386765,0.44762953717476406
izraelevitz2017_fig14,theta_15_psi_75,0.171875,,,,,0.0,1.0,0.0,false,0.4578783116278778,0.4604024701010433
izraelevitz2017_fig14,theta_15_psi_75,0.1796875,,,,,0.0,1.0,0.0,false,0.4716290115030118,0.47432592006061086
izraelevitz2017_fig14,theta_15_psi_75,0.1875,,,,,0.0,1.0,0.0,false,0.4848589094018103,0.4877069794948151
izraelevitz2017_fig14,theta_15_psi_75,0.1953125,,,,,0.0,1.0,0.0,false,0.49671741392146046,0.499680063171293
izraelevitz2017_fig14,theta_15_psi_75,0.203125,,,,,0.0,1.0,0.0,false,0.5067748573471791,0.50980913765707
izraelevitz2017_fig14,theta_15_psi_75,0.2109375,,,,,0.0,1.0,0.0,false,0.5142967258896937,0.5173487786353685
izraelevitz2017_fig14,theta_15_psi_75,0.21875,,,,,0.0,1.0,0.0,false,0.5191753434360125,0.5221923179804072
izraelevitz2017_fig14,theta_15_psi_75,0.2265625,,,,,0.0,1.0,0.0,false,0.5242240344338647,0.5272036444541828
izraelevitz2017_fig14,theta_15_psi_75,0.234375,,,,,0.0,1.0,0.0,false,0.5207014094110457,0.5234997297387832
izraelevitz2017_fig14,theta_15_psi_75,0.2421875,,,,,0.0,1.0,0.0,false,0.5209049262080675,0.5235861648008744
izraelevitz2017_fig14,theta_15_psi_75,0.25,,,,,0.0,1.0,0.0,false,0.51146067208634,0.5138808052956673
izraelevitz2017_fig14,theta_15_psi_75,0.2578125,,,,,0.0,1.0,0.0,false,0.5069451524421719,0.5091956482273147
izraelevitz2017_fig14,theta_15_psi_75,0.265625,,,,,0.0,1.0,0.0,false,0.48630327814358115,0.4881702008032038
izraelevitz2017_fig14,theta_15_psi_75,0.2734375,,,,,0.0,1.0,0.0,false,0.4703292418528939,0.4719182978152749
izraelevitz2017_fig14,theta_15_psi_75,0.28125,,,,,0.0,1.0,0.0,false,0.44884788117646085,0.4501286594080198
izraelevitz2017_fig14,theta_15_psi_75,0.2890625,,,,,0.0,1.0,0.0,false,0.4253990950406112,0.42640162503162204
izraelevitz2017_fig14,theta_15_psi_75,0.296875,,,,,0.0,1.0,0.0,false,0.40425758993966565,0.4050713002573462
izraelevitz2017_fig14,theta_15_psi_75,0.3046875,,,,,0.0,1.0,0.0,false,0.3824213548751048,0.38310011872505756
izraelevitz2017_fig14,theta_15_psi_75,0.3125,,,,,0.0,1.0,0.0,false,0.35273409892713403,0.3532583398714193
izraelevitz2017_fig14,theta_15_psi_75,0.3203125,,,,,0.0,1.0,0.0,false,0.3323542779859303,0.3328809085463009
izraelevitz2017_fig14,theta_15_psi_75,0.328125,,,,,0.0,1.0,0.0,false,0.300735098817656,0.3011715769939884
izraelevitz2017_fig14,theta_15_psi_75,0.3359375,,,,,0.0,1.0,0.0,false,0.27266750194910944,0.27305451275542403
izraelevitz2017_fig14,theta_15_psi_75,0.34375,,,,,1.0,0.0,0.0,false,0.24538825777466106,0.19170026510546823
izraelevitz2017_fig14,theta_15_psi_75,0.3515625,,,,,1.0,0.0,0.0,false,0.2223908390865821,0.16149011170973204
izraelevitz2017_fig14,theta_15_psi_75,0.359375,,,,,1.0,0.0,0.0,false,0.18798958999266166,0.13158564545969995
izraelevitz2017_fig14,theta_15_psi_75,0.3671875,,,,,1.0,0.0,0.0,false,0.13471426482293863,0.10227650852691547
izraelevitz2017_fig14,theta_15_psi_75,0.375,,,,,1.0,0.0,0.0,false,0.08679285498073004,0.07385082208279269
izraelevitz2017_fig14,theta_15_psi_75,0.3828125,,,,,1.0,0.0,0.0,false,0.05567920152295934,0.046592197821893735
izraelevitz2017_fig14,theta_15_psi_75,0.390625,,,,,1.0,0.0,0.0,false,0.02758165995932584,0.02077660910389716
izraelevitz2017_fig14,theta_15_psi_75,0.3984375,,,,,1.0,0.0,0.0,false,0.001956915028807757,-0.0033308333252104537
izraelevitz2017_fig14,theta_15_psi_75,0.40625,,,,,1.0,0.0,0.0,false,-0.021325998073712268,-0.02547914420070081
izraelevitz2017_fig14,theta_15_psi_75,0.4140625,,,,,1.0,0.0,0.0,false,-0.042192754325537214,-0.04543470098225112
izraelevitz2017_fig14,theta_15_psi_75,0.421875,,,,,1.0,0.0,0.0,false,-0.0603795668151052,-0.06298438531150542
izraelevitz2017_fig14,theta_15_psi_75,0.4296875,,,,,1.0,0.0,0.0,false,-0.07574885067856608,-0.07793855565346726
izraelevitz2017_fig14,theta_15_psi_75,0.4375,,,,,1.0,0.0,0.0,false,-0.08827026045630713,-0.09013377361451852
izraelevitz2017_fig14,theta_15_psi_75,0.4453125,,,,,1.0,0.0,0.0,false,-0.09783851780029917,-0.0994352070056811
izraelevitz2017_fig14,theta_15_psi_75,0.453125,,,,,1.0,0.0,0.0,false,-0.10436013268392966,-0.1057386535823638
izraelevitz2017_fig14,theta_15_psi_75,0.4609375,,,,,1.0,0.0,0.0,false,-0.1077867745361097,-0.10897213708593509
izraelevitz2017_fig14,theta_15_psi_75,0.46875,,,,,1.0,0.0,0.0,false,-0.1080942417297427,-0.10909701665854707
izraelevitz2017_fig14,theta_15_psi_75,0.4765625,,,,,1.0,0.0,0.0,false,-0.10528635693124239,-0.10610858988920314
izraelevitz2017_fig14,theta_15_psi_75,0.484375,,,,,1.0,0.0,0.0,false,-0.09939245216118495,-0.10003618587450078
izraelevitz2017_fig14,theta_15_psi_75,0.4921875,,,,,1.0,0.0,0.0,false,-0.09047349398499724,-0.09094274788204743
izraelevitz2017_fig14,theta_15_psi_75,0.5,,,,,1.0,0.0,0.0,false,-0.07862705060247874,-0.07892392331866145
izraelevitz2017_fig14,theta_15_psi_75,0.5078125,,,,,1.0,0.0,0.0,false,-0.06398152986713256,-0.06410669432783578
izraelevitz2017_fig14,theta_15_psi_75,0.515625,,,,,1.0,0.0,0.0,false,-0.046693539944339106,-0.04664760335222693
izraelevitz2017_fig14,theta_15_psi_75,0.5234375,,,,,1.0,0.0,0.0,false,-0.026947569060834498,-0.026730669695002724
izraelevitz2017_fig14,theta_15_psi_75,0.53125,,,,,1.0,0.0,0.0,false,-0.004952033153179784,-0.004564966671195417
izraelevitz2017_fig14,theta_15_psi_75,0.5390625,,,,,1.0,0.0,0.0,false,0.01906285410326069,0.019618106074237796
izraelevitz2017_fig14,theta_15_psi_75,0.546875,,,,,1.0,0.0,0.0,false,0.04484694067220399,0.0455677710098902
izraelevitz2017_fig14,theta_15_psi_75,0.5546875,,,,,1.0,0.0,0.0,false,0.07213377619793385,0.07301716602246315
izraelevitz2017_fig14,theta_15_psi_75,0.5625,,,,,1.0,0.0,0.0,false,0.10064414905359133,0.10168644139553452
izraelevitz2017_fig14,theta_15_psi_75,0.5703125,,,,,1.0,0.0,0.0,false,0.1300883401102974,0.1312849765415046
izraelevitz2017_fig14,theta_15_psi_75,0.578125,,,,,1.0,0.0,0.0,false,0.16016968812731205,0.1615151535032486
izraelevitz2017_fig14,theta_15_psi_75,0.5859375,,,,,1.0,0.0,0.0,false,0.19058778168121374,0.19207583035117157
izraelevitz2017_fig14,theta_15_psi_75,0.59375,,,,,0.0,1.0,0.0,false,0.22104183794414384,0.2211415072745258
izraelevitz2017_fig14,theta_15_psi_75,0.6015625,,,,,0.0,1.0,0.0,false,0.2512338497389891,0.2513904175076532
izraelevitz2017_fig14,theta_15_psi_75,0.609375,,,,,0.0,1.0,0.0,false,0.28080693961721725,0.28108493706057497
izraelevitz2017_fig14,theta_15_psi_75,0.6171875,,,,,0.0,1.0,0.0,false,0.3094311275325565,0.3099408233488482
izraelevitz2017_fig14,theta_15_psi_75,0.625,,,,,0.0,1.0,0.0,false,0.33686476082827765,0.3376849730822181
izraelevitz2017_fig14,theta_15_psi_75,0.6328125,,,,,0.0,1.0,0.0,false,0.3628806883808919,0.36405766439170356
izraelevitz2017_fig14,theta_15_psi_75,0.640625,,,,,0.0,1.0,0.0,false,0.3872652917599647,0.3888150463769301
izraelevitz2017_fig14,theta_15_psi_75,0.6484375,,,,,0.0,1.0,0.0,false,0.4098182501264298,0.41173111582129734
izraelevitz2017_fig14,theta_15_psi_75,0.65625,,,,,0.0,1.0,0.0,false,0.4303532331638211,0.43259942894038933
izraelevitz2017_fig14,theta_15_psi_75,0.6640625,,,,,0.0,1.0,0.0,false,0.4468048577970028,0.4493037593811852
izraelevitz2017_fig14,theta_15_psi_75,0.671875,,,,,0.0,1.0,0.0,false,0.45781241464263467,0.4604511034132239
izraelevitz2017_fig14,theta_15_psi_75,0.6796875,,,,,0.0,1.0,0.0,false,0.4703416986809372,0.47313818032427446
izraelevitz2017_fig14,theta_15_psi_75,0.6875,,,,,0.0,1.0,0.0,false,0.4829128593935438,0.4858559045769478
izraelevitz2017_fig14,theta_15_psi_75,0.6953125,,,,,0.0,1.0,0.0,false,0.49430427257380244,0.49735990949524855
izraelevitz2017_fig14,theta_15_psi_75,0.703125,,,,,0.0,1.0,0.0,false,0.5039821201301579,0.5071077536075681
izraelevitz2017_fig14,theta_15_psi_75,0.7109375,,,,,0.0,1.0,0.0,false,0.511526020662392,0.5146733142659059
izraelevitz2017_fig14,theta_15_psi_75,0.71875,,,,,0.0,1.0,0.0,false,0.5161111560125794,0.519219594522478
izraelevitz2017_fig14,theta_15_psi_75,0.7265625,,,,,0.0,1.0,0.0,false,0.5188806902401937,0.5219137537977688
izraelevitz2017_fig14,theta_15_psi_75,0.734375,,,,,0.0,1.0,0.0,false,0.5204653400932252,0.5234008066756188
izraelevitz2017_fig14,theta_15_psi_75,0.7421875,,,,,0.0,1.0,0.0,false,0.5132689928783499,0.5159612506389106
izraelevitz2017_fig14,theta_15_psi_75,0.75,,,,,0.0,1.0,0.0,false,0.5121913004859268,0.5147518804394262
izraelevitz2017_fig14,theta_15_psi_75,0.7578125,,,,,0.0,1.0,0.0,false,0.49747425346042795,0.49969910372011
izraelevitz2017_fig14,theta_15_psi_75,0.765625,,,,,0.0,1.0,0.0,false,0.48605847860583534,0.4880275395515824
izraelevitz2017_fig14,theta_15_psi_75,0.7734375,,,,,0.0,1.0,0.0,false,0.46261882409090543,0.4641888784269836
izraelevitz2017_fig14,theta_15_psi_75,0.78125,,,,,0.0,1.0,0.0,false,0.44368850056922227,0.44497578435044594
izraelevitz2017_fig14,theta_15_psi_75,0.7890625,,,,,0.0,1.0,0.0,false,0.42171817113714927,0.4227361150005541
izraelevitz2017_fig14,theta_15_psi_75,0.796875,,,,,0.0,1.0,0.0,false,0.39943349507266795,0.4002412268051722
izraelevitz2017_fig14,theta_15_psi_75,0.8046875,,,,,0.0,1.0,0.0,false,0.37293335289727575,0.3735472077543149
izraelevitz2017_fig14,theta_15_psi_75,0.8125,,,,,0.0,1.0,0.0,false,0.34620314024803744,0.34669402385453096
izraelevitz2017_fig14,theta_15_psi_75,0.8203125,,,,,0.0,1.0,0.0,false,0.32077955962367966,0.3212279087141294
izraelevitz2017_fig14,theta_15_psi_75,0.828125,,,,,0.0,1.0,0.0,false,0.2928182700449266,0.2932165801379296
izraelevitz2017_fig14,theta_15_psi_75,0.8359375,,,,,0.0,1.0,0.0,false,0.2668446610933906,0.26721734083464604
izraelevitz2017_fig14,theta_15_psi_75,0.84375,,,,,1.0,0.0,0.0,false,0.23350313294793057,0.19169946819630448
izraelevitz2017_fig14,theta_15_psi_75,0.8515625,,,,,1.0,0.0,0.0,false,0.23381910988835275,0.1614893693826128
izraelevitz2017_fig14,theta_15_psi_75,0.859375,,,,,1.0,0.0,0.0,false,0.1693122338460203,0.13158495753072622
izraelevitz2017_fig14,theta_15_psi_75,0.8671875,,,,,1.0,0.0,0.0,false,0.11646155799315987,0.10227587461552647
izraelevitz2017_fig14,theta_15_psi_75,0.875,,,,,1.0,0.0,0.0,false,0.08252856540272298,0.07385024162001413
izraelevitz2017_fig14,theta_15_psi_75,0.8828125,,,,,1.0,0.0,0.0,false,0.0524903335080243,0.046591670056558725
izraelevitz2017_fig14,theta_15_psi_75,0.890625,,,,,1.0,0.0,0.0,false,0.02494167645542076,0.02077613311315588
izraelevitz2017_fig14,theta_15_psi_75,0.8984375,,,,,1.0,0.0,0.0,false,-0.00022204998379009636,-0.00333125862621398
izraelevitz2017_fig14,theta_15_psi_75,0.90625,,,,,1.0,0.0,0.0,false,-0.023045777834482892,-0.025479520047082135
izraelevitz2017_fig14,theta_15_psi_75,0.9140625,,,,,1.0,0.0,0.0,false,-0.0434845118425988,-0.045435028746962244
izraelevitz2017_fig14,theta_15_psi_75,0.921875,,,,,1.0,0.0,0.0,false,-0.06135340622219965,-0.06298466649150052
izraelevitz2017_fig14,theta_15_psi_75,0.9296875,,,,,1.0,0.0,0.0,false,-0.07653693128491926,-0.07793879185602398
izraelevitz2017_fig14,theta_15_psi_75,0.9375,,,,,1.0,0.0,0.0,false,-0.0889107051954885,-0.09013396654228065
izraelevitz2017_fig14,theta_15_psi_75,0.9453125,,,,,1.0,0.0,0.0,false,-0.0983636990022186,-0.09943535844197347
izraelevitz2017_fig14,theta_15_psi_75,0.953125,,,,,1.0,0.0,0.0,false,-0.10480548223135533,-0.105738765376136
izraelevitz2017_fig14,theta_15_psi_75,0.9609375,,,,,1.0,0.0,0.0,false,-0.10817237512127473,-0.10897221113698867
izraelevitz2017_fig14,theta_15_psi_75,0.96875,,,,,1.0,0.0,0.0,false,-0.10842029407057864,-0.10909705490327071
izraelevitz2017_fig14,theta_15_psi_75,0.9765625,,,,,1.0,0.0,0.0,false,-0.10554178847525435,-0.10610859428681368
izraelevitz2017_fig14,theta_15_psi_75,0.984375,,,,,1.0,0.0,0.0,false,-0.09957131041908636,-0.10003615839411026
izraelevitz2017_fig14,theta_15_psi_75,0.9921875,,,,,1.0,0.0,0.0,false,-0.09057759530693296,-0.09094269049059164
izraelevitz2017_fig14,theta_15_psi_90,0.0,,,,,1.0,0.0,0.0,false,-0.052887342597256415,-0.0530286418926282
izraelevitz2017_fig14,theta_15_psi_90,0.0078125,,,,,1.0,0.0,0.0,false,-0.042611773179018486,-0.04276349185760326
izraelevitz2017_fig14,theta_15_psi_90,0.015625,,,,,1.0,0.0,0.0,false,-0.030032533796443026,-0.030189901003298596
izraelevitz2017_fig14,theta_15_psi_90,0.0234375,,,,,1.0,0.0,0.0,false,-0.015299745720618672,-0.015457733186127226
izraelevitz2017_fig14,theta_15_psi_90,0.03125,,,,,1.0,0.0,0.0,false,0.0014177314036104515,0.0012643658450445185
izraelevitz2017_fig14,theta_15_psi_90,0.0390625,,,,,1.0,0.0,0.0,false,0.01993493663954647,0.019791595117798794
izraelevitz2017_fig14,theta_15_psi_90,0.046875,,,,,1.0,0.0,0.0,false,0.04005349881925808,0.039925592318484485
izraelevitz2017_fig14,theta_15_psi_90,0.0546875,,,,,1.0,0.0,0.0,false,0.06156426589883433,0.06145700888411052
izraelevitz2017_fig14,theta_15_psi_90,0.0625,,,,,1.0,0.0,0.0,false,0.0842498751521348,0.08416806095671871
izraelevitz2017_fig14,theta_15_psi_90,0.0703125,,,,,1.0,0.0,0.0,false,0.10788693126792676,0.10783491156956508
izraelevitz2017_fig14,theta_15_psi_90,0.078125,,,,,1.0,0.0,0.0,false,0.13224823079610185,0.13222989679189404
izraelevitz2017_fig14,theta_15_psi_90,0.0859375,,,,,1.0,0.0,0.0,false,0.15710471383817703,0.15712332216435002
izraelevitz2017_fig14,theta_15_psi_90,0.09375,,,,,1.0,0.0,0.0,false,0.18222687777822424,0.18228508972775573
izraelevitz2017_fig14,theta_15_psi_90,0.1015625,,,,,1.0,0.0,0.0,false,0.20738750597330707,0.20748732022023536
izraelevitz2017_fig14,theta_15_psi_90,0.109375,,,,,1.0,0.0,0.0,false,0.23236301676551457,0.2325056507790886
izraelevitz2017_fig14,theta_15_psi_90,0.1171875,,,,,1.0,0.0,0.0,false,0.2569346689984445,0.2571206447645434
izraelevitz2017_fig14,theta_15_psi_90,0.125,,,,,1.0,0.0,0.0,false,0.28089004389615874,0.28111911362301367
izraelevitz2017_fig14,theta_15_psi_90,0.1328125,,,,,1.0,0.0,0.0,false,0.30402436071238964,0.30429532941974113
izraelevitz2017_fig14,theta_15_psi_90,0.140625,,,,,0.0,1.0,0.0,false,0.32614126384916964,0.3264497315486107
izraelevitz2017_fig14,theta_15_psi_90,0.1484375,,,,,0.0,1.0,0.0,false,0.3470536145550845,0.34739915352575723
izraelevitz2017_fig14,theta_15_psi_90,0.15625,,,,,0.0,1.0,0.0,false,0.3665821795215248,0.3669641411288161
izraelevitz2017_fig14,theta_15_psi_90,0.1640625,,,,,0.0,1.0,0.0,false,0.3845196050198024,0.384978958484568
izraelevitz2017_fig14,theta_15_psi_90,0.171875,,,,,0.0,1.0,0.0,false,0.40070953655938213,0.40129003849231565
izraelevitz2017_fig14,theta_15_psi_90,0.1796875,,,,,0.0,1.0,0.0,false,0.41502686350503204,0.4157565617809226
izraelevitz2017_fig14,theta_15_psi_90,0.1875,,,,,0.0,1.0,0.0,false,0.4273592297715145,0.42825140366796893
izraelevitz2017_fig14,theta_15_psi_90,0.1953125,,,,,0.0,1.0,0.0,false,0.4376072094263142,0.43866201710595754
izraelevitz2017_fig14,theta_15_psi_90,0.203125,,,,,0.0,1.0,0.0,false,0.44568465593420364,0.44689116998119244
izraelevitz2017_fig14,theta_15_psi_90,0.2109375,,,,,0.0,1.0,0.0,false,0.4515193622925319,0.452857748979572
izraelevitz2017_fig14,theta_15_psi_90,0.21875,,,,,0.0,1.0,0.0,false,0.4550538732318408,0.4564975416295547
izraelevitz2017_fig14,theta_15_psi_90,0.2265625,,,,,0.0,1.0,0.0,false,0.45624648840278137,0.457764103219492
izraelevitz2017_fig14,theta_15_psi_90,0.234375,,,,,0.0,1.0,0.0,false,0.4550720945210241,0.4566293977708642
izraelevitz2017_fig14,theta_15_psi_90,0.2421875,,,,,0.0,1.0,0.0,false,0.4515231895188558,0.4530846232093111
izraelevitz2017_fig14,theta_15_psi_90,0.25,,,,,0.0,1.0,0.0,false,0.44561084898789405,0.44714099761377396
izraelevitz2017_fig14,theta_15_psi_90,0.2578125,,,,,0.0,1.0,0.0,false,0.4373655306820736,0.43883041728414407
izraelevitz2017_fig14,theta_15_psi_90,0.265625,,,,,0.0,1.0,0.0,false,0.42683780580239666,0.4282060828070277
izraelevitz2017_fig14,theta_15_psi_90,0.2734375,,,,,0.0,1.0,0.0,false,0.4140988934648414,0.41534296582230557
izraelevitz2017_fig14,theta_15_psi_90,0.28125,,,,,0.0,1.0,0.0,false,0.399241011083417,0.4003381181086164
izraelevitz2017_fig14,theta_15_psi_90,0.2890625,,,,,0.0,1.0,0.0,false,0.3823774748797325,0.38331073768385027
izraelevitz2017_fig14,theta_15_psi_90,0.296875,,,,,0.0,1.0,0.0,false,0.36364254367195936,0.3644019604013067
izraelevitz2017_fig14,theta_15_psi_90,0.3046875,,,,,0.0,1.0,0.0,false,0.3431910743087679,0.3437744155111986
izraelevitz2017_fig14,theta_15_psi_90,0.3125,,,,,0.0,1.0,0.0,false,0.3211979997663414,0.321611521574896
izraelevitz2017_fig14,theta_15_psi_90,0.3203125,,,,,0.0,1.0,0.0,false,0.2978575786755262,0.29811643484597966
izraelevitz2017_fig14,theta_15_psi_90,0.328125,,,,,0.0,1.0,0.0,false,0.27338236322140097,0.27351056563201337
izraelevitz2017_fig14,theta_15_psi_90,0.3359375,,,,,0.0,1.0,0.0,false,0.2480019638526229,0.248031722863236
izraelevitz2017_fig14,theta_15_psi_90,0.34375,,,,,0.0,1.0,0.0,false,0.22196163258681048,0.22193191077649407
izraelevitz2017_fig14,theta_15_psi_90,0.3515625,,,,,0.0,1.0,0.0,false,0.1955310342550177,0.19547472076072503
izraelevitz2017_fig14,theta_15_psi_90,0.359375,,,,,0.0,1.0,0.0,false,0.16900910585844395,0.16893237367366984
izraelevitz2017_fig14,theta_15_psi_90,0.3671875,,,,,1.0,0.0,0.0,false,0.1426746553133707,0.14257936501448124
izraelevitz2017_fig14,theta_15_psi_90,0.375,,,,,1.0,0.0,0.0,false,0.11680690826799561,0.11670190038673635
izraelevitz2017_fig14,theta_15_psi_90,0.3828125,,,,,1.0,0.0,0.0,false,0.09168348701572297,0.09157416387755293
izraelevitz2017_fig14,theta_15_psi_90,0.390625,,,,,1.0,0.0,0.0,false,0.06757679197133451,0.06746826237729424
izraelevitz2017_fig14,theta_15_psi_90,0.3984375,,,,,1.0,0.0,0.0,false,0.044749638453830065,0.04464681860962058
izraelevitz2017_fig14,theta_15_psi_90,0.40625,,,,,1.0,0.0,0.0,false,0.023451526607753653,0.023359160194234143
izraelevitz2017_fig14,theta_15_psi_90,0.4140625,,,,,1.0,0.0,0.0,false,0.003915315551819572,0.00383765460950516
izraelevitz2017_fig14,theta_15_psi_90,0.421875,,,,,1.0,0.0,0.0,false,-0.013646514524502745,-0.013705712332864974
izraelevitz2017_fig14,theta_15_psi_90,0.4296875,,,,,1.0,0.0,0.0,false,-0.02904483332820568,-0.029082423813802393
izraelevitz2017_fig14,theta_15_psi_90,0.4375,,,,,1.0,0.0,0.0,false,-0.04211653999282492,-0.04213010721058463
izraelevitz2017_fig14,theta_15_psi_90,0.4453125,,,,,1.0,0.0,0.0,false,-0.052704902033024255,-0.05271472609325715
izraelevitz2017_fig14,theta_15_psi_90,0.453125,,,,,1.0,0.0,0.0,false,-0.06069650388775948,-0.060732230037876526
izraelevitz2017_fig14,theta_15_psi_90,0.4609375,,,,,1.0,0.0,0.0,false,-0.06604800666432048,-0.06610962985610795
izraelevitz2017_fig14,theta_15_psi_90,0.46875,,,,,1.0,0.0,0.0,false,-0.06871867055171209,-0.06880549039877935
izraelevitz2017_fig14,theta_15_psi_90,0.4765625,,,,,1.0,0.0,0.0,false,-0.06869947367171188,-0.068809840402946
izraelevitz2017_fig14,theta_15_psi_90,0.484375,,,,,1.0,0.0,0.0,false,-0.06601221895096726,-0.06614352113588855
izraelevitz2017_fig14,theta_15_psi_90,0.4921875,,,,,1.0,0.0,0.0,false,-0.06070808442309421,-0.060857035097618854
izraelevitz2017_fig14,theta_15_psi_90,0.5,,,,,1.0,0.0,0.0,false,-0.05286621723888514,-0.053028948610347855
izraelevitz2017_fig14,theta_15_psi_90,0.5078125,,,,,1.0,0.0,0.0,false,-0.04259187996476992,-0.04276392025565797
izraelevitz2017_fig14,theta_15_psi_90,0.515625,,,,,1.0,0.0,0.0,false,-0.030014049980909945,-0.03019044387151226
izraelevitz2017_fig14,theta_15_psi_90,0.5234375,,,,,1.0,0.0,0.0,false,-0.015282906123494162,-0.015458383435130943
izraelevitz2017_fig14,theta_15_psi_90,0.53125,,,,,1.0,0.0,0.0,false,0.0014327594189145055,0.0012636151723614804
izraelevitz2017_fig14,theta_15_psi_90,0.5390625,,,,,1.0,0.0,0.0,false,0.01994808018885966,0.019790750794874527
izraelevitz2017_fig14,theta_15_psi_90,0.546875,,,,,1.0,0.0,0.0,false,0.040064813945536674,0.03992466098915857
izraelevitz2017_fig14,theta_15_psi_90,0.5546875,,,,,1.0,0.0,0.0,false,0.0615738702411892,0.06145599703222916
izraelevitz2017_fig14,theta_15_psi_90,0.5625,,,,,1.0,0.0,0.0,false,0.08425772889359504,0.08416697490374765
izraelevitz2017_fig14,theta_15_psi_90,0.5703125,,,,,1.0,0.0,0.0,false,0.10789297810542495,0.10783375747451204
izraelevitz2017_fig14,theta_15_psi_90,0.578125,,,,,1.0,0.0,0.0,false,0.13225239469052538,0.13222868065827706
izraelevitz2017_fig14,theta_15_psi_90,0.5859375,,,,,1.0,0.0,0.0,false,0.15710673884742868,0.15712204989201628
izraelevitz2017_fig14,theta_15_psi_90,0.59375,,,,,1.0,0.0,0.0,false,0.18222666635591708,0.18228376705435023
izraelevitz2017_fig14,theta_15_psi_90,0.6015625,,,,,1.0,0.0,0.0,false,0.20738515346621048,0.20748595270852907
izraelevitz2017_fig14,theta_15_psi_90,0.609375,,,,,1.0,0.0,0.0,false,0.23235856917843295,0.23250424384980417
izraelevitz2017_fig14,theta_15_psi_90,0.6171875,,,,,1.0,0.0,0.0,false,0.25692825004180675,0.2571192036982449
izraelevitz2017_fig14,theta_15_psi_90,0.625,,,,,1.0,0.0,0.0,false,0.28088185156718776,0.28111764356316754
izraelevitz2017_fig14,theta_15_psi_90,0.6328125,,,,,1.0,0.0,0.0,false,0.30401445663847854,0.3042938353763197
izraelevitz2017_fig14,theta_15_psi_90,0.640625,,,,,0.0,1.0,0.0,false,0.32612967079130967,0.32645348468195795
izraelevitz2017_fig14,theta_15_psi_90,0.6484375,,,,,0.0,1.0,0.0,false,0.3470406325237626,0.3474030502427807
izraelevitz2017_fig14,theta_15_psi_90,0.65625,,,,,0.0,1.0,0.0,false,0.3665680257101367,0.3669683612240364
izraelevitz2017_fig14,theta_15_psi_90,0.6640625,,,,,0.0,1.0,0.0,false,0.38450220369546567,0.38498336194993754
izraelevitz2017_fig14,theta_15_psi_90,0.671875,,,,,0.0,1.0,0.0,false,0.4006866025484029,0.401294356877651
izraelevitz2017_fig14,theta_15_psi_90,0.6796875,,,,,0.0,1.0,0.0,false,0.4149970450138497,0.41576071418947236
izraelevitz2017_fig14,theta_15_psi_90,0.6875,,,,,0.0,1.0,0.0,false,0.42732200038721035,0.42825547653400015
izraelevitz2017_fig14,theta_15_psi_90,0.6953125,,,,,0.0,1.0,0.0,false,0.43756258914529217,0.4386660832370806
izraelevitz2017_fig14,theta_15_psi_90,0.703125,,,,,0.0,1.0,0.0,false,0.44563311628590574,0.4468952968011104
izraelevitz2017_fig14,theta_15_psi_90,0.7109375,,,,,0.0,1.0,0.0,false,0.4514617117388329,0.45286198055042914
izraelevitz2017_fig14,theta_15_psi_90,0.71875,,,,,0.0,1.0,0.0,false,0.4549910969935525,0.456501823617107
izraelevitz2017_fig14,theta_15_psi_90,0.7265625,,,,,0.0,1.0,0.0,false,0.45617959312896533,0.45776820044818
izraelevitz2017_fig14,theta_15_psi_90,0.734375,,,,,0.0,1.0,0.0,false,0.45500219264659103,0.4566330436354807
izraelevitz2017_fig14,theta_15_psi_90,0.7421875,,,,,0.0,1.0,0.0,false,0.45145156788213453,0.45308764224775994
izraelevitz2017_fig14,theta_15_psi_90,0.75,,,,,0.0,1.0,0.0,false,0.4455388878311232,0.4471432674139669
izraelevitz2017_fig14,theta_15_psi_90,0.7578125,,,,,0.0,1.0,0.0,false,0.4372946881196537,0.4388318917872241
izraelevitz2017_fig14,theta_15_psi_90,0.765625,,,,,0.0,1.0,0.0,false,0.4267696133311259,0.4282068248221417
izraelevitz2017_fig14,theta_15_psi_90,0.7734375,,,,,0.0,1.0,0.0,false,0.414034835835364,0.4153430632237882
izraelevitz2017_fig14,theta_15_psi_90,0.78125,,,,,0.0,1.0,0.0,false,0.3991823949288684,0.40033759328403634
izraelevitz2017_fig14,theta_15_psi_90,0.7890625,,,,,0.0,1.0,0.0,false,0.3823253856198664,0.383309554168695
izraelevitz2017_fig14,theta_15_psi_90,0.796875,,,,,0.0,1.0,0.0,false,0.36359784103222814,0.36440007821582665
izraelevitz2017_fig14,theta_15_psi_90,0.8046875,,,,,0.0,1.0,0.0,false,0.34315435822542034,0.34377182709055865
izraelevitz2017_fig14,theta_15_psi_90,0.8125,,,,,0.0,1.0,0.0,false,0.3211695519808657,0.3216082736292159
izraelevitz2017_fig14,theta_15_psi_90,0.8203125,,,,,0.0,1.0,0.0,false,0.29783728298218864,0.2981126371247562
izraelevitz2017_fig14,theta_15_psi_90,0.828125,,,,,0.0,1.0,0.0,false,0.27336958970113595,0.27350636717258986
izraelevitz2017_fig14,theta_15_psi_90,0.8359375,,,,,0.0,1.0,0.0,false,0.2479954322650644,0.24802726356918972
izraelevitz2017_fig14,theta_15_psi_90,0.84375,,,,,0.0,1.0,0.0,false,0.22195929597209832,0.2219272787996824
izraelevitz2017_fig14,theta_15_psi_90,0.8515625,,,,,0.0,1.0,0.0,false,0.19553087467960192,0.1954699435974122
izraelevitz2017_fig14,theta_15_psi_90,0.859375,,,,,0.0,1.0,0.0,false,0.16901095244204203,0.16892743767537352
izraelevitz2017_fig14,theta_15_psi_90,0.8671875,,,,,1.0,0.0,0.0,false,0.1426784047476227,0.1425787500277392
izraelevitz2017_fig14,theta_15_psi_90,0.875,,,,,1.0,0.0,0.0,false,0.11681250672601039,0.11670133689197808
izraelevitz2017_fig14,theta_15_psi_90,0.8828125,,,,,1.0,0.0,0.0,false,0.09169101803276261,0.0915736510314472
izraelevitz2017_fig14,theta_15_psi_90,0.890625,,,,,1.0,0.0,0.0,false,0.06758613800322022,0.06746779916031972
izraelevitz2017_fig14,theta_15_psi_90,0.8984375,,,,,1.0,0.0,0.0,false,0.04476090425338986,0.04464640384114771
izraelevitz2017_fig14,theta_15_psi_90,0.90625,,,,,1.0,0.0,0.0,false,0.023464651787559316,0.023358792548052305
izraelevitz2017_fig14,theta_15_psi_90,0.9140625,,,,,1.0,0.0,0.0,false,0.003929913372519503,0.0038373326312487292
izraelevitz2017_fig14,theta_15_psi_90,0.921875,,,,,1.0,0.0,0.0,false,-0.01363047074362018,-0.013705990208565439
izraelevitz2017_fig14,theta_15_psi_90,0.9296875,,,,,1.0,0.0,0.0,false,-0.02902705997260607,-0.02908265924518942
izraelevitz2017_fig14,theta_15_psi_90,0.9375,,,,,1.0,0.0,0.0,false,-0.042097265184449846,-0.04213030193165282
izraelevitz2017_fig14,theta_15_psi_90,0.9453125,,,,,1.0,0.0,0.0,false,-0.052706605881069936,-0.052714881895658275
izraelevitz2017_fig14,theta_15_psi_90,0.953125,,,,,1.0,0.0,0.0,false,-0.06072046101828279,-0.06073234875459114
izraelevitz2017_fig14,theta_15_psi_90,0.9609375,,,,,1.0,0.0,0.0,false,-0.06607171130941579,-0.06610971334538025
izraelevitz2017_fig14,theta_15_psi_90,0.96875,,,,,1.0,0.0,0.0,false,-0.06874178849760865,-0.06880554052926881
izraelevitz2017_fig14,theta_15_psi_90,0.9765625,,,,,1.0,0.0,0.0,false,-0.06872177609353151,-0.0688098590403564
izraelevitz2017_fig14,theta_15_psi_90,0.984375,,,,,1.0,0.0,0.0,false,-0.06603348430497409,-0.06614351013083535
izraelevitz2017_fig14,theta_15_psi_90,0.9921875,,,,,1.0,0.0,0.0,false,-0.06072814013867663,-0.06085699627518809
izraelevitz2017_fig14,theta_15_psi_105,0.0,,,,,1.0,0.0,0.0,false,-0.04606405249651797,-0.04611333002865175
izraelevitz2017_fig14,theta_15_psi_105,0.0078125,,,,,1.0,0.0,0.0,false,-0.03950150043544696,-0.03956800633284573
izraelevitz2017_fig14,theta_15_psi_105,0.015625,,,,,1.0,0.0,0.0,false,-0.03078481149760872,-0.030865274009716694
izraelevitz2017_fig14,theta_15_psi_105,0.0234375,,,,,1.0,0.0,0.0,false,-0.020026314772332608,-0.020117008709499257
izraelevitz2017_fig14,theta_15_psi_105,0.03125,,,,,1.0,0.0,0.0,false,-0.0073521106507956294,-0.007448952567041764
izraelevitz2017_fig14,theta_15_psi_105,0.0390625,,,,,1.0,0.0,0.0,false,0.007099924374953057,0.007001277106761655
izraelevitz2017_fig14,theta_15_psi_105,0.046875,,,,,1.0,0.0,0.0,false,0.02318197845356161,0.023086026544578187
izraelevitz2017_fig14,theta_15_psi_105,0.0546875,,,,,1.0,0.0,0.0,false,0.040737881924033006,0.040649183145193814
izraelevitz2017_fig14,theta_15_psi_105,0.0625,,,,,1.0,0.0,0.0,false,0.05960445568465845,0.059527525930207444
izraelevitz2017_fig14,theta_15_psi_105,0.0703125,,,,,1.0,0.0,0.0,false,0.07961256520665062,0.07955178320883358
izraelevitz2017_fig14,theta_15_psi_105,0.078125,,,,,1.0,0.0,0.0,false,0.10058817289503971,0.10054769020242238
izraelevitz2017_fig14,theta_15_psi_105,0.0859375,,,,,1.0,0.0,0.0,false,0.12235331982336453,0.12233697740382582
izraelevitz2017_fig14,theta_15_psi_105,0.09375,,,,,1.0,0.0,0.0,false,0.14472688475111772,0.14473813711578465
izraelevitz2017_fig14,theta_15_psi_105,0.1015625,,,,,1.0,0.0,0.0,false,0.16752520354712566,0.16756705113046885
izraelevitz2017_fig14,theta_15_psi_105,0.109375,,,,,1.0,0.0,0.0,false,0.1905625316147205,0.1906374617902706
izraelevitz2017_fig14,theta_15_psi_105,0.1171875,,,,,1.0,0.0,0.0,false,0.21365077634315355,0.21376071176066933
izraelevitz2017_fig14,theta_15_psi_105,0.125,,,,,1.0,0.0,0.0,false,0.23660056014656117,0.23674681792394206
izraelevitz2017_fig14,theta_15_psi_105,0.1328125,,,,,1.0,0.0,0.0,false,0.2592234222798398,0.25940668763848024
izraelevitz2017_fig14,theta_15_psi_105,0.140625,,,,,1.0,0.0,0.0,false,0.28133142772159986,0.28155173543425605
izraelevitz2017_fig14,theta_15_psi_105,0.1484375,,,,,1.0,0.0,0.0,false,0.30273786698427785,0.30299459303610166
izraelevitz2017_fig14,theta_15_psi_105,0.15625,,,,,1.0,0.0,0.0,false,0.3232581822541073,0.32355004617045796
izraelevitz2017_fig14,theta_15_psi_105,0.1640625,,,,,0.0,1.0,0.0,false,0.34271102732738584,0.3430361052627442
izraelevitz2017_fig14,theta_15_psi_105,0.171875,,,,,0.0,1.0,0.0,false,0.3609194755296256,0.3612752241527755
izraelevitz2017_fig14,theta_15_psi_105,0.1796875,,,,,0.0,1.0,0.0,false,0.37771237591082485,0.37809566703531505
izraelevitz2017_fig14,theta_15_psi_105,0.1875,,,,,0.0,1.0,0.0,false,0.39290942959034203,0.3933330369129783
izraelevitz2017_fig14,theta_15_psi_105,0.1953125,,,,,0.0,1.0,0.0,false,0.4062948867481889,0.40683192531810586
izraelevitz2017_fig14,theta_15_psi_105,0.203125,,,,,0.0,1.0,0.0,false,0.4177320219010348,0.41844769775223956
izraelevitz2017_fig14,theta_15_psi_105,0.2109375,,,,,0.0,1.0,0.0,false,0.4271061847460899,0.42804838225910147
izraelevitz2017_fig14,theta_15_psi_105,0.21875,,,,,0.0,1.0,0.0,false,0.43431807514302895,0.4355166139546612
izraelevitz2017_fig14,theta_15_psi_105,0.2265625,,,,,0.0,1.0,0.0,false,0.4392845706753268,0.44075162196300494
izraelevitz2017_fig14,theta_15_psi_105,0.234375,,,,,0.0,1.0,0.0,false,0.4419397649151197,0.4436711961522195
izraelevitz2017_fig14,theta_15_psi_105,0.2421875,,,,,0.0,1.0,0.0,false,0.4422361930958318,0.44421359623861023
izraelevitz2017_fig14,theta_15_psi_105,0.25,,,,,0.0,1.0,0.0,false,0.44014618533811256,0.44233934303721345
izraelevitz2017_fig14,theta_15_psi_105,0.2578125,,,,,0.0,1.0,0.0,false,0.4356632899978516,0.43803284627070405
izraelevitz2017_fig14,theta_15_psi_105,0.265625,,,,,0.0,1.0,0.0,false,0.42880366791533847,0.4313037933045094
izraelevitz2017_fig14,theta_15_psi_105,0.2734375,,,,,0.0,1.0,0.0,false,0.41960737578664004,0.42218825283875405
izraelevitz2017_fig14,theta_15_psi_105,0.28125,,,,,0.0,1.0,0.0,false,0.40813944729508994,0.4107494502387424
izraelevitz2017_fig14,theta_15_psi_105,0.2890625,,,,,0.0,1.0,0.0,false,0.39449063811373947,0.39707813972616196
izraelevitz2017_fig14,theta_15_psi_105,0.296875,,,,,0.0,1.0,0.0,false,0.3787777368190673,0.3812925424963438
izraelevitz2017_fig14,theta_15_psi_105,0.3046875,,,,,0.0,1.0,0.0,false,0.3611433388456646,0.3635378165010917
izraelevitz2017_fig14,theta_15_psi_105,0.3125,,,,,0.0,1.0,0.0,false,0.34175498524633413,0.3439850206292714
izraelevitz2017_fig14,theta_15_psi_105,0.3203125,,,,,0.0,1.0,0.0,false,0.32080364430699837,0.32282959273337497
izraelevitz2017_fig14,theta_15_psi_105,0.328125,,,,,0.0,1.0,0.0,false,0.2985014778311063,0.30028929198727183
izraelevitz2017_fig14,theta_15_psi_105,0.3359375,,,,,0.0,1.0,0.0,false,0.2750789959646516,0.27660167399586477
izraelevitz2017_fig14,theta_15_psi_105,0.34375,,,,,0.0,1.0,0.0,false,0.2507816851774035,0.2520210965970335
izraelevitz2017_fig14,theta_15_psi_105,0.3515625,,,,,0.0,1.0,0.0,false,0.22586631389293288,0.22681532511983366
izraelevitz2017_fig14,theta_15_psi_105,0.359375,,,,,0.0,1.0,0.0,false,0.20059713951059838,0.20126179001919697
izraelevitz2017_fig14,theta_15_psi_105,0.3671875,,,,,0.0,1.0,0.0,false,0.1752422731639576,0.17564357569300548
izraelevitz2017_fig14,theta_15_psi_105,0.375,,,,,0.0,1.0,0.0,false,0.1500704379494774,0.1502452334025903
izraelevitz2017_fig14,theta_15_psi_105,0.3828125,,,,,0.0,1.0,0.0,false,0.12534827418457825,0.12534851352829698
izraelevitz2017_fig14,theta_15_psi_105,0.390625,,,,,0.0,1.0,0.0,false,0.1013382222305715,0.10122812241559002
izraelevitz2017_fig14,theta_15_psi_105,0.3984375,,,,,0.0,1.0,0.0,false,0.07829684917156407,0.07814761196211686
izraelevitz2017_fig14,theta_15_psi_105,0.40625,,,,,0.0,1.0,0.0,false,0.05650519764970858,0.05635550671179449
izraelevitz2017_fig14,theta_15_psi_105,0.4140625,,,,,1.0,0.0,0.0,false,0.03622697412916116,0.03608176736769314
izraelevitz2017_fig14,theta_15_psi_105,0.421875,,,,,1.0,0.0,0.0,false,0.017670817440406668,0.017534682342684838
izraelevitz2017_fig14,theta_15_psi_105,0.4296875,,,,,1.0,0.0,0.0,false,0.0010212045610183476,0.0008982631970302058
izraelevitz2017_fig14,theta_15_psi_105,0.4375,,,,,1.0,0.0,0.0,false,-0.013563606915596127,-0.013669798648954588
izraelevitz2017_fig14,theta_15_psi_105,0.4453125,,,,,1.0,0.0,0.0,false,-0.02595304488441484,-0.026039581011333527
izraelevitz2017_fig14,theta_15_psi_105,0.453125,,,,,1.0,0.0,0.0,false,-0.036045076804899275,-0.03610976590040344
izraelevitz2017_fig14,theta_15_psi_105,0.4609375,,,,,1.0,0.0,0.0,false,-0.04376645788149242,-0.04380786719906137
izraelevitz2017_fig14,theta_15_psi_105,0.46875,,,,,1.0,0.0,0.0,false,-0.04907240748555811,-0.049089885957416216
izraelevitz2017_fig14,theta_15_psi_105,0.4765625,,,,,1.0,0.0,0.0,false,-0.05193312189557255,-0.05193944166440878
izraelevitz2017_fig14,theta_15_psi_105,0.484375,,,,,1.0,0.0,0.0,false,-0.05233722723818062,-0.052366447161287785
izraelevitz2017_fig14,theta_15_psi_105,0.4921875,,,,,1.0,0.0,0.0,false,-0.05035492244921407,-0.050405415896834324
izraelevitz2017_fig14,theta_15_psi_105,0.5,,,,,1.0,0.0,0.0,false,-0.04604402560582321,-0.04611349114348407
izraelevitz2017_fig14,theta_15_psi_105,0.5078125,,,,,1.0,0.0,0.0,false,-0.03948276117587706,-0.03956829077404329
izraelevitz2017_fig14,theta_15_psi_105,0.515625,,,,,1.0,0.0,0.0,false,-0.030767516022242935,-0.03086567516304975
izraelevitz2017_fig14,theta_15_psi_105,0.5234375,,,,,1.0,0.0,0.0,false,-0.020010603101106056,-0.020117520095711407
izraelevitz2017_fig14,theta_15_psi_105,0.53125,,,,,1.0,0.0,0.0,false,-0.007338106057672894,-0.007449567841123522
izraelevitz2017_fig14,theta_15_psi_105,0.5390625,,,,,1.0,0.0,0.0,false,0.007112115611370844,0.007000564051997153
izraelevitz2017_fig14,theta_15_psi_105,0.546875,,,,,1.0,0.0,0.0,false,0.02319226745211576,0.023085221771141334
izraelevitz2017_fig14,theta_15_psi_105,0.5546875,,,,,1.0,0.0,0.0,false,0.04074619718783016,0.0406482925838751
izraelevitz2017_fig14,theta_15_psi_105,0.5625,,,,,1.0,0.0,0.0,false,0.059610743056101215,0.05952655539374603
izraelevitz2017_fig14,theta_15_psi_105,0.5703125,,,,,1.0,0.0,0.0,false,0.07961678772312404,0.07955073840218882
izraelevitz2017_fig14,theta_15_psi_105,0.578125,,,,,1.0,0.0,0.0,false,0.10059031054760607,0.10054657672908307
izraelevitz2017_fig14,theta_15_psi_105,0.5859375,,,,,1.0,0.0,0.0,false,0.12235336923485862,0.12233580077354399
izraelevitz2017_fig14,theta_15_psi_105,0.59375,,,,,1.0,0.0,0.0,false,0.14472485880066724,0.14473690275220352
izraelevitz2017_fig14,theta_15_psi_105,0.6015625,,,,,1.0,0.0,0.0,false,0.16752113095864019,0.16756576437851975
izraelevitz2017_fig14,theta_15_psi_105,0.609375,,,,,1.0,0.0,0.0,false,0.1905564565604946,0.1906361279501095
izraelevitz2017_fig14,theta_15_psi_105,0.6171875,,,,,1.0,0.0,0.0,false,0.21364275820669484,0.21375933618193468
izraelevitz2017_fig14,theta_15_psi_105,0.625,,,,,1.0,0.0,0.0,false,0.23659067286287153,0.23674540578690295
izraelevitz2017_fig14,theta_15_psi_105,0.6328125,,,,,1.0,0.0,0.0,false,0.25921175368928284,0.2594052440190189
izraelevitz2017_fig14,theta_15_psi_105,0.640625,,,,,1.0,0.0,0.0,false,0.281318079050498,0.2815502653462745
izraelevitz2017_fig14,theta_15_psi_105,0.6484375,,,,,1.0,0.0,0.0,false,0.3027229522709504,0.30299310143034575
izraelevitz2017_fig14,theta_15_psi_105,0.65625,,,,,1.0,0.0,0.0,false,0.3232418277313093,0.32354853792947563
izraelevitz2017_fig14,theta_15_psi_105,0.6640625,,,,,0.0,1.0,0.0,false,0.34269337075384637,0.3430345851953235
izraelevitz2017_fig14,theta_15_psi_105,0.671875,,,,,0.0,1.0,0.0,false,0.36090066545834454,0.36127369698726125
izraelevitz2017_fig14,theta_15_psi_105,0.6796875,,,,,0.0,1.0,0.0,false,0.37769257088163444,0.37809413741112197
izraelevitz2017_fig14,theta_15_psi_105,0.6875,,,,,0.0,1.0,0.0,false,0.39288802568802383,0.3933315093698894
izraelevitz2017_fig14,theta_15_psi_105,0.6953125,,,,,0.0,1.0,0.0,false,0.4062685028143012,0.40683040428554507
izraelevitz2017_fig14,theta_15_psi_105,0.703125,,,,,0.0,1.0,0.0,false,0.4176977370248543,0.4184461875379282
izraelevitz2017_fig14,theta_15_psi_105,0.7109375,,,,,0.0,1.0,0.0,false,0.42706190202753247,0.42804688703527577
izraelevitz2017_fig14,theta_15_psi_105,0.71875,,,,,0.0,1.0,0.0,false,0.43426249346100776,0.4355151377435577
izraelevitz2017_fig14,theta_15_psi_105,0.7265625,,,,,0.0,1.0,0.0,false,0.4392171240682159,0.4407501686241649
izraelevitz2017_fig14,theta_15_psi_105,0.734375,,,,,0.0,1.0,0.0,false,0.4418605395735874,0.44366976936668284
izraelevitz2017_fig14,theta_15_psi_105,0.7421875,,,,,0.0,1.0,0.0,false,0.4421458309235078,0.44421219949374724
izraelevitz2017_fig14,theta_15_psi_105,0.75,,,,,0.0,1.0,0.0,false,0.4400457820091131,0.44233797961488913
izraelevitz2017_fig14,theta_15_psi_105,0.7578125,,,,,0.0,1.0,0.0,false,0.4355542944287862,0.4380315192301501
izraelevitz2017_fig14,theta_15_psi_105,0.765625,,,,,0.0,1.0,0.0,false,0.42868778905543825,0.4313025054707447
izraelevitz2017_fig14,theta_15_psi_105,0.7734375,,,,,0.0,1.0,0.0,false,0.4194865014339096,0.4221870067913453
izraelevitz2017_fig14,theta_15_psi_105,0.78125,,,,,0.0,1.0,0.0,false,0.4080155782080952,0.41074824830010864
izraelevitz2017_fig14,theta_15_psi_105,0.7890625,,,,,0.0,1.0,0.0,false,0.394365838887795,0.3970769839540446
izraelevitz2017_fig14,theta_15_psi_105,0.796875,,,,,0.0,1.0,0.0,false,0.37865410276040207,0.3812914346761506
izraelevitz2017_fig14,theta_15_psi_105,0.8046875,,,,,0.0,1.0,0.0,false,0.36102297548501117,0.363536758141461
izraelevitz2017_fig14,theta_15_psi_105,0.8125,,,,,0.0,1.0,0.0,false,0.34163999431778813,0.34398401296077535
izraelevitz2017_fig14,theta_15_psi_105,0.8203125,,,,,0.0,1.0,0.0,false,0.3206961073049697,0.3228286367071799
izraelevitz2017_fig14,theta_15_psi_105,0.828125,,,,,0.0,1.0,0.0,false,0.29840342613517173,0.30028838827952314
izraelevitz2017_fig14,theta_15_psi_105,0.8359375,,,,,0.0,1.0,0.0,false,0.2749923555443755,0.2766008230116855
izraelevitz2017_fig14,theta_15_psi_105,0.84375,,,,,0.0,1.0,0.0,false,0.250708184782296,0.2520202984791275
izraelevitz2017_fig14,theta_15_psi_105,0.8515625,,,,,0.0,1.0,0.0,false,0.2258073489628722,0.22681457975862027
izraelevitz2017_fig14,theta_15_psi_105,0.859375,,,,,0.0,1.0,0.0,false,0.20055359026910208,0.20126109706597078
izraelevitz2017_fig14,theta_15_psi_105,0.8671875,,,,,0.0,1.0,0.0,false,0.17521428448525125,0.17564293457421115
izraelevitz2017_fig14,theta_15_psi_105,0.875,,,,,0.0,1.0,0.0,false,0.150057180093146,0.15024464333744705
izraelevitz2017_fig14,theta_15_psi_105,0.8828125,,,,,0.0,1.0,0.0,false,0.12534771608943804,0.12534797354652036
izraelevitz2017_fig14,theta_15_psi_105,0.890625,,,,,0.0,1.0,0.0,false,0.1013469607579965,0.10122763137721699
izraelevitz2017_fig14,theta_15_psi_105,0.8984375,,,,,0.0,1.0,0.0,false,0.0783100458260892,0.07814716857819065
izraelevitz2017_fig14,theta_15_psi_105,0.90625,,,,,0.0,1.0,0.0,false,0.056519890334659435,0.056355109565070186
izraelevitz2017_fig14,theta_15_psi_105,0.9140625,,,,,1.0,0.0,0.0,false,0.036242995584521154,0.0360814149342063
izraelevitz2017_fig14,theta_15_psi_105,0.921875,,,,,1.0,0.0,0.0,false,0.017687987625664182,0.017534373012313177
izraelevitz2017_fig14,theta_15_psi_105,0.9296875,,,,,1.0,0.0,0.0,false,0.0010393331281107559,0.0008979952940340986
izraelevitz2017_fig14,theta_15_psi_105,0.9375,,,,,1.0,0.0,0.0,false,-0.013544718052245983,-0.013670026846756302
izraelevitz2017_fig14,theta_15_psi_105,0.9453125,,,,,1.0,0.0,0.0,false,-0.02593359893638134,-0.026039771254442096
izraelevitz2017_fig14,theta_15_psi_105,0.953125,,,,,1.0,0.0,0.0,false,-0.03602527951296789,-0.036109919951189534
izraelevitz2017_fig14,theta_15_psi_105,0.9609375,,,,,1.0,0.0,0.0,false,-0.0437465149865209,-0.04380798681694344
izraelevitz2017_fig14,theta_15_psi_105,0.96875,,,,,1.0,0.0,0.0,false,-0.04905252231530098,-0.049089972886034235
izraelevitz2017_fig14,theta_15_psi_105,0.9765625,,,,,1.0,0.0,0.0,false,-0.051926132646783384,-0.05193949762071776
izraelevitz2017_fig14,theta_15_psi_105,0.984375,,,,,1.0,0.0,0.0,false,-0.05235646104491869,-0.05236647382674221
izraelevitz2017_fig14,theta_15_psi_105,0.9921875,,,,,1.0,0.0,0.0,false,-0.050373469293838666,-0.05040541491051914
izraelevitz2017_fig14,theta_25_psi_45,0.0,,,,,0.0,1.0,0.0,false,-0.1740613959649974,-0.1726953891764947
izraelevitz2017_fig14,theta_25_psi_45,0.0078125,,,,,0.0,1.0,0.0,false,-0.13825094027012688,-0.13627249863577223
izraelevitz2017_fig14,theta_25_psi_45,0.015625,,,,,0.0,1.0,0.0,false,-0.11413501955043223,-0.11187517000230822
izraelevitz2017_fig14,theta_25_psi_45,0.0234375,,,,,0.0,1.0,0.0,false,-0.09779148755215822,-0.09568181885775794
izraelevitz2017_fig14,theta_25_psi_45,0.03125,,,,,0.0,1.0,0.0,false,-0.0792087861467553,-0.07735989653977814
izraelevitz2017_fig14,theta_25_psi_45,0.0390625,,,,,0.0,1.0,0.0,false,-0.05543812920451892,-0.05379156159617242
izraelevitz2017_fig14,theta_25_psi_45,0.046875,,,,,0.0,1.0,0.0,false,-0.023618901915960232,-0.022053677408639172
izraelevitz2017_fig14,theta_25_psi_45,0.0546875,,,,,0.0,1.0,0.0,false,0.011731072368319566,0.013257566846098218
izraelevitz2017_fig14,theta_25_psi_45,0.0625,,,,,0.0,1.0,0.0,false,0.05463936613127876,0.05625250880718377
izraelevitz2017_fig14,theta_25_psi_45,0.0703125,,,,,0.0,1.0,0.0,false,0.1033159648516929,0.10511191252500734
izraelevitz2017_fig14,theta_25_psi_45,0.078125,,,,,0.0,1.0,0.0,false,0.14839843184182688,0.15029952567643845
izraelevitz2017_fig14,theta_25_psi_45,0.0859375,,,,,0.0,1.0,0.0,false,0.20032550623647563,0.20245634787567368
izraelevitz2017_fig14,theta_25_psi_45,0.09375,,,,,0.0,1.0,0.0,false,0.24982743592229611,0.2521414381543692
izraelevitz2017_fig14,theta_25_psi_45,0.1015625,,,,,0.0,1.0,0.0,false,0.2960554693161808,0.29849638300203307
izraelevitz2017_fig14,theta_25_psi_45,0.109375,,,,,0.0,1.0,0.0,false,0.3417387937313709,0.3443068441465642
izraelevitz2017_fig14,theta_25_psi_45,0.1171875,,,,,0.0,1.0,0.0,false,0.3844113300722199,0.3870678989151167
izraelevitz2017_fig14,theta_25_psi_45,0.125,,,,,0.0,1.0,0.0,false,0.42298488324758027,0.4256796529835434
izraelevitz2017_fig14,theta_25_psi_45,0.1328125,,,,,0.0,1.0,0.0,false,0.4586527399612278,0.4613640526319322
izraelevitz2017_fig14,theta_25_psi_45,0.140625,,,,,0.0,1.0,0.0,false,0.4899431761511622,0.492631775253086
izraelevitz2017_fig14,theta_25_psi_45,0.1484375,,,,,0.0,1.0,0.0,false,0.5162933422705176,0.5189191325839725
izraelevitz2017_fig14,theta_25_psi_45,0.15625,,,,,0.0,1.0,0.0,false,0.5392295782101055,0.5417844166361979
izraelevitz2017_fig14,theta_25_psi_45,0.1640625,,,,,0.0,1.0,0.0,false,0.5559423894503225,0.5583814497080608
izraelevitz2017_fig14,theta_25_psi_45,0.171875,,,,,0.0,1.0,0.0,false,0.5659928328128025,0.5682739739390549
izraelevitz2017_fig14,theta_25_psi_45,0.1796875,,,,,0.0,1.0,0.0,false,0.572394983500975,0.57452587713948
izraelevitz2017_fig14,theta_25_psi_45,0.1875,,,,,0.0,1.0,0.0,false,0.5747742619263447,0.5767596772412351
izraelevitz2017_fig14,theta_25_psi_45,0.1953125,,,,,0.0,1.0,0.0,false,0.5726517338285594,0.5744891899264876
izraelevitz2017_fig14,theta_25_psi_45,0.203125,,,,,0.0,1.0,0.0,false,0.5760696047568652,0.5777196009432404
izraelevitz2017_fig14,theta_25_psi_45,0.2109375,,,,,0.0,1.0,0.0,false,0.5496906283990368,0.5507284807317114
izraelevitz2017_fig14,theta_25_psi_45,0.21875,,,,,0.0,1.0,0.0,false,0.5326455254185386,0.5332212086473921
izraelevitz2017_fig14,theta_25_psi_45,0.2265625,,,,,0.0,1.0,0.0,false,0.5096330519616665,0.5098259928901984
izraelevitz2017_fig14,theta_25_psi_45,0.234375,,,,,0.0,1.0,0.0,false,0.48096913245415185,0.4809245760048313
izraelevitz2017_fig14,theta_25_psi_45,0.2421875,,,,,0.0,1.0,0.0,false,0.4498497573156893,0.4497548181259171
izraelevitz2017_fig14,theta_25_psi_45,0.25,,,,,0.0,1.0,0.0,false,0.41659909092886727,0.41658411732328926
izraelevitz2017_fig14,theta_25_psi_45,0.2578125,,,,,1.0,0.0,0.0,false,0.3827258394386711,0.3960177492938185
izraelevitz2017_fig14,theta_25_psi_45,0.265625,,,,,1.0,0.0,0.0,false,0.34614734590868274,0.3393682573778551
izraelevitz2017_fig14,theta_25_psi_45,0.2734375,,,,,1.0,0.0,0.0,false,0.30986152248485627,0.2811475683828777
izraelevitz2017_fig14,theta_25_psi_45,0.28125,,,,,1.0,0.0,0.0,false,0.27157627395745404,0.22199312374803176
izraelevitz2017_fig14,theta_25_psi_45,0.2890625,,,,,1.0,0.0,0.0,false,0.22943936398688988,0.16252798098880394
izraelevitz2017_fig14,theta_25_psi_45,0.296875,,,,,1.0,0.0,0.0,false,0.18392947471855126,0.10335304603229511
izraelevitz2017_fig14,theta_25_psi_45,0.3046875,,,,,1.0,0.0,0.0,false,0.13150850006203044,0.045040474161528496
izraelevitz2017_fig14,theta_25_psi_45,0.3125,,,,,1.0,0.0,0.0,false,0.06729025104840786,-0.011871683088366738
izraelevitz2017_fig14,theta_25_psi_45,0.3203125,,,,,1.0,0.0,0.0,false,-0.004346642904298203,-0.06688351190575056
izraelevitz2017_fig14,theta_25_psi_45,0.328125,,,,,1.0,0.0,0.0,false,-0.07931214958574088,-0.1195359796709953
izraelevitz2017_fig14,theta_25_psi_45,0.3359375,,,,,1.0,0.0,0.0,false,-0.1563841996156822,-0.16941249693844515
izraelevitz2017_fig14,theta_25_psi_45,0.34375,,,,,1.0,0.0,0.0,false,-0.2676001597831387,-0.21613939464360835
izraelevitz2017_fig14,theta_25_psi_45,0.3515625,,,,,1.0,0.0,0.0,false,-0.3041251800343837,-0.2593854327578555
izraelevitz2017_fig14,theta_25_psi_45,0.359375,,,,,1.0,0.0,0.0,false,-0.3335003937536996,-0.2988604957524483
izraelevitz2017_fig14,theta_25_psi_45,0.3671875,,,,,1.0,0.0,0.0,false,-0.36590508680300937,-0.33431365534523155
izraelevitz2017_fig14,theta_25_psi_45,0.375,,,,,1.0,0.0,0.0,false,-0.3828988332953801,-0.3655307264064571
izraelevitz2017_fig14,theta_25_psi_45,0.3828125,,,,,1.0,0.0,0.0,false,-0.4363073408054562,-0.39233157910402416
izraelevitz2017_fig14,theta_25_psi_45,0.390625,,,,,1.0,0.0,0.0,false,-0.47152108221723366,-0.414567559423255
izraelevitz2017_fig14,theta_25_psi_45,0.3984375,,,,,1.0,0.0,0.0,false,-0.49503547634244827,-0.43211908370165203
izraelevitz2017_fig14,theta_25_psi_45,0.40625,,,,,1.0,0.0,0.0,false,-0.470088592602191,-0.4448934147513067
izraelevitz2017_fig14,theta_25_psi_45,0.4140625,,,,,1.0,0.0,0.0,false,-0.4973555568421785,-0.4528228044527204
izraelevitz2017_fig14,theta_25_psi_45,0.421875,,,,,1.0,0.0,0.0,false,-0.47175012585647064,-0.45586314682829215
izraelevitz2017_fig14,theta_25_psi_45,0.4296875,,,,,1.0,0.0,0.0,false,-0.4370485565894948,-0.4539932257009227
izraelevitz2017_fig14,theta_25_psi_45,0.4375,,,,,1.0,0.0,0.0,false,-0.4283149082623124,-0.4472143548160465
izraelevitz2017_fig14,theta_25_psi_45,0.4453125,,,,,1.0,0.0,0.0,false,-0.40148896786479343,-0.4355489960059707
izraelevitz2017_fig14,theta_25_psi_45,0.453125,,,,,1.0,0.0,0.0,false,-0.35696258488642624,-0.4190413902505101
izraelevitz2017_fig14,theta_25_psi_45,0.4609375,,,,,1.0,0.0,0.0,false,-0.305552403458392,-0.3977666360350772
izraelevitz2017_fig14,theta_25_psi_45,0.46875,,,,,1.0,0.0,0.0,false,-0.25248322774635334,-0.3718298214447116
izraelevitz2017_fig14,theta_25_psi_45,0.4765625,,,,,0.0,1.0,0.0,false,-0.24198040690089306,-0.24111600555127208
izraelevitz2017_fig14,theta_25_psi_45,0.484375,,,,,0.0,1.0,0.0,false,-0.23466983054041599,-0.23408453193606057
izraelevitz2017_fig14,theta_25_psi_45,0.4921875,,,,,0.0,1.0,0.0,false,-0.2032785759643595,-0.20234032966661786
izraelevitz2017_fig14,theta_25_psi_45,0.5,,,,,0.0,1.0,0.0,false,-0.1696350673681422,-0.16814326373565458
izraelevitz2017_fig14,theta_25_psi_45,0.5078125,,,,,0.0,1.0,0.0,false,-0.1342357344622076,-0.13211880842093993
izraelevitz2017_fig14,theta_25_psi_45,0.515625,,,,,0.0,1.0,0.0,false,-0.10616168911371082,-0.10367963980677936
izraelevitz2017_fig14,theta_25_psi_45,0.5234375,,,,,0.0,1.0,0.0,false,-0.08897128652228001,-0.08662701066574795
izraelevitz2017_fig14,theta_25_psi_45,0.53125,,,,,0.0,1.0,0.0,false,-0.07220629522735078,-0.07016503932462517
izraelevitz2017_fig14,theta_25_psi_45,0.5390625,,,,,0.0,1.0,0.0,false,-0.049713351132945754,-0.047904990843695615
izraelevitz2017_fig14,theta_25_psi_45,0.546875,,,,,0.0,1.0,0.0,false,-0.02095626732488817,-0.019291484701256176
izraelevitz2017_fig14,theta_25_psi_45,0.5546875,,,,,0.0,1.0,0.0,false,0.01409630405490737,0.015715261030917277
izraelevitz2017_fig14,theta_25_psi_45,0.5625,,,,,0.0,1.0,0.0,false,0.05589783384599006,0.05758420031951578
izraelevitz2017_fig14,theta_25_psi_45,0.5703125,,,,,0.0,1.0,0.0,false,0.10748152916388878,0.10941314068251867
izraelevitz2017_fig14,theta_25_psi_45,0.578125,,,,,0.0,1.0,0.0,false,0.1546206448574479,0.1567004511013733
izraelevitz2017_fig14,theta_25_psi_45,0.5859375,,,,,0.0,1.0,0.0,false,0.20320731803043268,0.20545856563114132
izraelevitz2017_fig14,theta_25_psi_45,0.59375,,,,,0.0,1.0,0.0,false,0.2516353082046123,0.25405469110162193
izraelevitz2017_fig14,theta_25_psi_45,0.6015625,,,,,0.0,1.0,0.0,false,0.30004952837524135,0.3026414523895294
izraelevitz2017_fig14,theta_25_psi_45,0.609375,,,,,0.0,1.0,0.0,false,0.34462195969497944,0.34732416440424446
izraelevitz2017_fig14,theta_25_psi_45,0.6171875,,,,,0.0,1.0,0.0,false,0.38580665906385275,0.38857332203944317
izraelevitz2017_fig14,theta_25_psi_45,0.625,,,,,0.0,1.0,0.0,false,0.4241620060090341,0.4269653105954003
izraelevitz2017_fig14,theta_25_psi_45,0.6328125,,,,,0.0,1.0,0.0,false,0.4590639538333227,0.46187241914232546
izraelevitz2017_fig14,theta_25_psi_45,0.640625,,,,,0.0,1.0,0.0,false,0.4902540186895663,0.4930394166122978
izraelevitz2017_fig14,theta_25_psi_45,0.6484375,,,,,0.0,1.0,0.0,false,0.5162672482437204,0.5189845876884324
izraelevitz2017_fig14,theta_25_psi_45,0.65625,,,,,0.0,1.0,0.0,false,0.5374895268737487,0.5401090097632381
izraelevitz2017_fig14,theta_25_psi_45,0.6640625,,,,,0.0,1.0,0.0,false,0.5529838751835859,0.555468910212986
izraelevitz2017_fig14,theta_25_psi_45,0.671875,,,,,0.0,1.0,0.0,false,0.5655362401775451,0.5678997208782919
izraelevitz2017_fig14,theta_25_psi_45,0.6796875,,,,,0.0,1.0,0.0,false,0.572622023789787,0.5748431274650178
izraelevitz2017_fig14,theta_25_psi_45,0.6875,,,,,0.0,1.0,0.0,false,0.5734431535104644,0.5754958768904976
izraelevitz2017_fig14,theta_25_psi_45,0.6953125,,,,,0.0,1.0,0.0,false,0.5687245594737796,0.5705953911502777
izraelevitz2017_fig14,theta_25_psi_45,0.703125,,,,,0.0,1.0,0.0,false,0.5656131727151279,0.5672176008841828
izraelevitz2017_fig14,theta_25_psi_45,0.7109375,,,,,0.0,1.0,0.0,false,0.5589115264960491,0.5601059286363672
izraelevitz2017_fig14,theta_25_psi_45,0.71875,,,,,0.0,1.0,0.0,false,0.524893474080731,0.5254206009775445
izraelevitz2017_fig14,theta_25_psi_45,0.7265625,,,,,0.0,1.0,0.0,false,0.5032422006765928,0.503385645008528
izraelevitz2017_fig14,theta_25_psi_45,0.734375,,,,,0.0,1.0,0.0,false,0.4754034222312854,0.475307323836752
izraelevitz2017_fig14,theta_25_psi_45,0.7421875,,,,,0.0,1.0,0.0,false,0.4453338267603874,0.4451963138956393
izraelevitz2017_fig14,theta_25_psi_45,0.75,,,,,0.0,1.0,0.0,false,0.4132421600482899,0.41320241845388994
izraelevitz2017_fig14,theta_25_psi_45,0.7578125,,,,,1.0,0.0,0.0,false,0.3805634186056719,0.3960169049012401
izraelevitz2017_fig14,theta_25_psi_45,0.765625,,,,,1.0,0.0,0.0,false,0.3486158537687479,0.3393674469057085
izraelevitz2017_fig14,theta_25_psi_45,0.7734375,,,,,1.0,0.0,0.0,false,0.31227243327391496,0.28114679235243056
izraelevitz2017_fig14,theta_25_psi_45,0.78125,,,,,1.0,0.0,0.0,false,0.2713079015280619,0.22199238255984766
izraelevitz2017_fig14,theta_25_psi_45,0.7890625,,,,,1.0,0.0,0.0,false,0.23001401823768342,0.16252727493676547
izraelevitz2017_fig14,theta_25_psi_45,0.796875,,,,,1.0,0.0,0.0,false,0.1869738947592212,0.10335237531130181
izraelevitz2017_fig14,theta_25_psi_45,0.8046875,,,,,1.0,0.0,0.0,false,0.13592182803006755,0.0450398388802265
izraelevitz2017_fig14,theta_25_psi_45,0.8125,,,,,1.0,0.0,0.0,false,0.07356111415081903,-0.011872282900026909
izraelevitz2017_fig14,theta_25_psi_45,0.8203125,,,,,1.0,0.0,0.0,false,0.005229762090567656,-0.06688407629114446
izraelevitz2017_fig14,theta_25_psi_45,0.828125,,,,,1.0,0.0,0.0,false,-0.07309350234558429,-0.11953650873831195
izraelevitz2017_fig14,theta_25_psi_45,0.8359375,,,,,1.0,0.0,0.0,false,-0.14813412470806567,-0.16941299085678163
izraelevitz2017_fig14,theta_25_psi_45,0.84375,,,,,1.0,0.0,0.0,false,-0.22429778513479223,-0.2161398536396885
izraelevitz2017_fig14,theta_25_psi_45,0.8515625,,,,,1.0,0.0,0.0,false,-0.3224198685540923,-0.25938585711403617
izraelevitz2017_fig14,theta_25_psi_45,0.859375,,,,,1.0,0.0,0.0,false,-0.3635100113635573,-0.2988608858036334
izraelevitz2017_fig14,theta_25_psi_45,0.8671875,,,,,1.0,0.0,0.0,false,-0.3673219847234347,-0.3343140114806667
izraelevitz2017_fig14,theta_25_psi_45,0.875,,,,,1.0,0.0,0.0,false,-0.38217709269086647,-0.36553104906799766
izraelevitz2017_fig14,theta_25_psi_45,0.8828125,,,,,1.0,0.0,0.0,false,-0.38481858221087245,-0.39233186879016907
izraelevitz2017_fig14,theta_25_psi_45,0.890625,,,,,1.0,0.0,0.0,false,-0.41321436334036027,-0.4145678166898639
izraelevitz2017_fig14,theta_25_psi_45,0.8984375,,,,,1.0,0.0,0.0,false,-0.45148645917072094,-0.43211930916410884
izraelevitz2017_fig14,theta_25_psi_45,0.90625,,,,,1.0,0.0,0.0,false,-0.5087672502614692,-0.44489360908840836
izraelevitz2017_fig14,theta_25_psi_45,0.9140625,,,,,1.0,0.0,0.0,false,-0.4795925518565904,-0.4528229684067835
izraelevitz2017_fig14,theta_25_psi_45,0.921875,,,,,1.0,0.0,0.0,false,-0.41527592104869154,-0.45586328120777375
izraelevitz2017_fig14,theta_25_psi_45,0.9296875,,,,,1.0,0.0,0.0,false,-0.3873556950652945,-0.4539933313808043
izraelevitz2017_fig14,theta_25_psi_45,0.9375,,,,,1.0,0.0,0.0,false,-0.3668189666877413,-0.44721443272672146
izraelevitz2017_fig14,theta_25_psi_45,0.9453125,,,,,1.0,0.0,0.0,false,-0.36110190980130386,-0.43554904708062914
izraelevitz2017_fig14,theta_25_psi_45,0.953125,,,,,1.0,0.0,0.0,false,-0.34478641160965473,-0.41904141551921514
izraelevitz2017_fig14,theta_25_psi_45,0.9609375,,,,,1.0,0.0,0.0,false,-0.32399173602303033,-0.3977666366441562
izraelevitz2017_fig14,theta_25_psi_45,0.96875,,,,,1.0,0.0,0.0,false,-0.3024708441319042,-0.3718297986066215
izraelevitz2017_fig14,theta_25_psi_45,0.9765625,,,,,0.0,1.0,0.0,false,-0.27851458674731155,-0.27827804673320644
izraelevitz2017_fig14,theta_25_psi_45,0.984375,,,,,0.0,1.0,0.0,false,-0.2516498317630696,-0.2513696021626969
izraelevitz2017_fig14,theta_25_psi_45,0.9921875,,,,,0.0,1.0,0.0,false,-0.22044715882528074,-0.21983465930537405
izraelevitz2017_fig14,theta_25_psi_60,0.0,,,,,1.0,0.0,0.0,false,-0.06985028929140204,-0.07444834046043383
izraelevitz2017_fig14,theta_25_psi_60,0.0078125,,,,,1.0,0.0,0.0,false,-0.034110970801658425,-0.037538510179020136
izraelevitz2017_fig14,theta_25_psi_60,0.015625,,,,,1.0,0.0,0.0,false,0.0036333189951794345,0.0012474483154805312
izraelevitz2017_fig14,theta_25_psi_60,0.0234375,,,,,0.0,1.0,0.0,false,0.04300818291337375,0.042996800166871414
izraelevitz2017_fig14,theta_25_psi_60,0.03125,,,,,0.0,1.0,0.0,false,0.08339936317893891,0.08345796632720104
izraelevitz2017_fig14,theta_25_psi_60,0.0390625,,,,,0.0,1.0,0.0,false,0.11678526223839135,0.11682904969564392
izraelevitz2017_fig14,theta_25_psi_60,0.046875,,,,,0.0,1.0,0.0,false,0.14555648971946392,0.1455822766853518
izraelevitz2017_fig14,theta_25_psi_60,0.0546875,,,,,0.0,1.0,0.0,false,0.1739649361194218,0.17402871235078596
izraelevitz2017_fig14,theta_25_psi_60,0.0625,,,,,0.0,1.0,0.0,false,0.20380048619950922,0.20397141112673725
izraelevitz2017_fig14,theta_25_psi_60,0.0703125,,,,,0.0,1.0,0.0,false,0.23522811076223588,0.2355598689846971
izraelevitz2017_fig14,theta_25_psi_60,0.078125,,,,,0.0,1.0,0.0,false,0.26756305586789597,0.26808159957119193
izraelevitz2017_fig14,theta_25_psi_60,0.0859375,,,,,0.0,1.0,0.0,false,0.30066768942226835,0.30138645531370645
izraelevitz2017_fig14,theta_25_psi_60,0.09375,,,,,0.0,1.0,0.0,false,0.332911286194047,0.3338074586190951
izraelevitz2017_fig14,theta_25_psi_60,0.1015625,,,,,0.0,1.0,0.0,false,0.36382445662444063,0.36486514068769277
izraelevitz2017_fig14,theta_25_psi_60,0.109375,,,,,0.0,1.0,0.0,false,0.3908948220751173,0.39200273777899314
izraelevitz2017_fig14,theta_25_psi_60,0.1171875,,,,,0.0,1.0,0.0,false,0.41774425848423213,0.41891313786146517
izraelevitz2017_fig14,theta_25_psi_60,0.125,,,,,0.0,1.0,0.0,false,0.4375416165236256,0.43864937236581897
izraelevitz2017_fig14,theta_25_psi_60,0.1328125,,,,,0.0,1.0,0.0,false,0.45012605916109033,0.4510624329371079
izraelevitz2017_fig14,theta_25_psi_60,0.140625,,,,,0.0,1.0,0.0,false,0.46214553360178307,0.4629303515589438
izraelevitz2017_fig14,theta_25_psi_60,0.1484375,,,,,0.0,1.0,0.0,false,0.46690883580368486,0.46746612146343686
izraelevitz2017_fig14,theta_25_psi_60,0.15625,,,,,0.0,1.0,0.0,false,0.4743716629474484,0.47480738334293615
izraelevitz2017_fig14,theta_25_psi_60,0.1640625,,,,,0.0,1.0,0.0,false,0.4706806409008674,0.4709014837261763
izraelevitz2017_fig14,theta_25_psi_60,0.171875,,,,,0.0,1.0,0.0,false,0.47891815388729564,0.4791997864876379
izraelevitz2017_fig14,theta_25_psi_60,0.1796875,,,,,0.0,1.0,0.0,false,0.4634007963316489,0.46351065664408353
izraelevitz2017_fig14,theta_25_psi_60,0.1875,,,,,0.0,1.0,0.0,false,0.45324338457430363,0.4533824697113164
izraelevitz2017_fig14,theta_25_psi_60,0.1953125,,,,,0.0,1.0,0.0,false,0.4443135651709797,0.44456026280000466
izraelevitz2017_fig14,theta_25_psi_60,0.203125,,,,,0.0,1.0,0.0,false,0.4337823713878377,0.43414173663498407
izraelevitz2017_fig14,theta_25_psi_60,0.2109375,,,,,1.0,0.0,0.0,false,0.4094558542915038,0.41076986689412387
izraelevitz2017_fig14,theta_25_psi_60,0.21875,,,,,1.0,0.0,0.0,false,0.35797978481150317,0.38000260388414303
izraelevitz2017_fig14,theta_25_psi_60,0.2265625,,,,,1.0,0.0,0.0,false,0.33697969390183785,0.3467687045117206
izraelevitz2017_fig14,theta_25_psi_60,0.234375,,,,,1.0,0.0,0.0,false,0.30543830597500937,0.31148269855167793
izraelevitz2017_fig14,theta_25_psi_60,0.2421875,,,,,1.0,0.0,0.0,false,0.2789167494658198,0.2745658971245759
izraelevitz2017_fig14,theta_25_psi_60,0.25,,,,,1.0,0.0,0.0,false,0.24583228665464854,0.23643921188336567
izraelevitz2017_fig14,theta_25_psi_60,0.2578125,,,,,1.0,0.0,0.0,false,0.23747168628491985,0.1975167783325377
izraelevitz2017_fig14,theta_25_psi_60,0.265625,,,,,1.0,0.0,0.0,false,0.22924425736202655,0.15820031483213232
izraelevitz2017_fig14,theta_25_psi_60,0.2734375,,,,,1.0,0.0,0.0,false,0.20056327840106297,0.11887429374516087
izraelevitz2017_fig14,theta_25_psi_60,0.28125,,,,,1.0,0.0,0.0,false,0.19708517362069453,0.0799021231722386
izraelevitz2017_fig14,theta_25_psi_60,0.2890625,,,,,1.0,0.0,0.0,false,0.15950575608362946,0.04162334656215956
izraelevitz2017_fig14,theta_25_psi_60,0.296875,,,,,1.0,0.0,0.0,false,0.12705679288397714,0.0043517847265905725
izraelevitz2017_fig14,theta_25_psi_60,0.3046875,,,,,1.0,0.0,0.0,false,0.0790857694194531,-0.03162541726569021
izraelevitz2017_fig14,theta_25_psi_60,0.3125,,,,,1.0,0.0,0.0,false,0.04334649008050017,-0.06604780839409238
izraelevitz2017_fig14,theta_25_psi_60,0.3203125,,,,,1.0,0.0,0.0,false,-0.006410383323123162,-0.09868090549363252
izraelevitz2017_fig14,theta_25_psi_60,0.328125,,,,,1.0,0.0,0.0,false,-0.050450446116742,-0.12931482786433357
izraelevitz2017_fig14,theta_25_psi_60,0.3359375,,,,,1.0,0.0,0.0,false,-0.08555219263762703,-0.15776244495138983
izraelevitz2017_fig14,theta_25_psi_60,0.34375,,,,,1.0,0.0,0.0,false,-0.10822146287382516,-0.18385714899421063
izraelevitz2017_fig14,theta_25_psi_60,0.3515625,,,,,1.0,0.0,0.0,false,-0.11766954092448174,-0.20745045425169611
izraelevitz2017_fig14,theta_25_psi_60,0.359375,,,,,1.0,0.0,0.0,false,-0.16753614988492238,-0.22840958064824432
izraelevitz2017_fig14,theta_25_psi_60,0.3671875,,,,,1.0,0.0,0.0,false,-0.1885504625469752,-0.24661518539047247
izraelevitz2017_fig14,theta_25_psi_60,0.375,,,,,1.0,0.0,0.0,false,-0.20996715836371768,-0.26195938508960964
izraelevitz2017_fig14,theta_25_psi_60,0.3828125,,,,,1.0,0.0,0.0,false,-0.2398120384756967,-0.2743442040125582
izraelevitz2017_fig14,theta_25_psi_60,0.390625,,,,,1.0,0.0,0.0,false,-0.2508467285518605,-0.28368056716776535
izraelevitz2017_fig14,theta_25_psi_60,0.3984375,,,,,1.0,0.0,0.0,false,-0.2540705526608147,-0.2898879277549939
izraelevitz2017_fig14,theta_25_psi_60,0.40625,,,,,1.0,0.0,0.0,false,-0.2549255407150285,-0.2928945873733979
izraelevitz2017_fig14,theta_25_psi_60,0.4140625,,,,,1.0,0.0,0.0,false,-0.2616822279319876,-0.29263873802364454
izraelevitz2017_fig14,theta_25_psi_60,0.421875,,,,,1.0,0.0,0.0,false,-0.2645489066482488,-0.2890702188922867
izraelevitz2017_fig14,theta_25_psi_60,0.4296875,,,,,1.0,0.0,0.0,false,-0.2598341021527583,-0.2821529356588002
izraelevitz2017_fig14,theta_25_psi_60,0.4375,,,,,1.0,0.0,0.0,false,-0.2516424436356533,-0.2718678401592329
izraelevitz2017_fig14,theta_25_psi_60,0.4453125,,,,,1.0,0.0,0.0,false,-0.2403598890380265,-0.2582163358951858
izraelevitz2017_fig14,theta_25_psi_60,0.453125,,,,,1.0,0.0,0.0,false,-0.22561943836961135,-0.24122341558279098
izraelevitz2017_fig14,theta_25_psi_60,0.4609375,,,,,1.0,0.0,0.0,false,-0.20731021063500538,-0.22094041359417185
izraelevitz2017_fig14,theta_25_psi_60,0.46875,,,,,1.0,0.0,0.0,false,-0.18596384174840308,-0.19745215346029532
izraelevitz2017_fig14,theta_25_psi_60,0.4765625,,,,,1.0,0.0,0.0,false,-0.16149275214486383,-0.17087945308852276
izraelevitz2017_fig14,theta_25_psi_60,0.484375,,,,,1.0,0.0,0.0,false,-0.1337773832081005,-0.1413813691224748
izraelevitz2017_fig14,theta_25_psi_60,0.4921875,,,,,1.0,0.0,0.0,false,-0.10312346727877122,-0.10915736622297748
izraelevitz2017_fig14,theta_25_psi_60,0.5,,,,,1.0,0.0,0.0,false,-0.06986009365704231,-0.07444873532929991
izraelevitz2017_fig14,theta_25_psi_60,0.5078125,,,,,1.0,0.0,0.0,false,-0.03425140871885131,-0.03753896340243097
izraelevitz2017_fig14,theta_25_psi_60,0.515625,,,,,1.0,0.0,0.0,false,0.003384089174742872,0.0012469410995713847
izraelevitz2017_fig14,theta_25_psi_60,0.5234375,,,,,0.0,1.0,0.0,false,0.04262191174784311,0.042602781350695534
izraelevitz2017_fig14,theta_25_psi_60,0.53125,,,,,0.0,1.0,0.0,false,0.08304465450148243,0.08309828251313435
izraelevitz2017_fig14,theta_25_psi_60,0.5390625,,,,,0.0,1.0,0.0,false,0.11798304846471877,0.11805162717841308
izraelevitz2017_fig14,theta_25_psi_60,0.546875,,,,,0.0,1.0,0.0,false,0.14772298220975,0.14779218098748076
izraelevitz2017_fig14,theta_25_psi_60,0.5546875,,,,,0.0,1.0,0.0,false,0.1760235236067922,0.17612993405059152
izraelevitz2017_fig14,theta_25_psi_60,0.5625,,,,,0.0,1.0,0.0,false,0.20548230854319652,0.20569180576517343
izraelevitz2017_fig14,theta_25_psi_60,0.5703125,,,,,0.0,1.0,0.0,false,0.2364938468563199,0.23686091911962098
izraelevitz2017_fig14,theta_25_psi_60,0.578125,,,,,0.0,1.0,0.0,false,0.2685490801479273,0.2691031760161834
izraelevitz2017_fig14,theta_25_psi_60,0.5859375,,,,,0.0,1.0,0.0,false,0.3011210433623204,0.30187115766042427
izraelevitz2017_fig14,theta_25_psi_60,0.59375,,,,,0.0,1.0,0.0,false,0.3333781632832115,0.3343116091926445
izraelevitz2017_fig14,theta_25_psi_60,0.6015625,,,,,0.0,1.0,0.0,false,0.36353016902058843,0.3645983134290027
izraelevitz2017_fig14,theta_25_psi_60,0.609375,,,,,0.0,1.0,0.0,false,0.392582921057718,0.3937583753596237
izraelevitz2017_fig14,theta_25_psi_60,0.6171875,,,,,0.0,1.0,0.0,false,0.4175847368960522,0.4187888649346061
izraelevitz2017_fig14,theta_25_psi_60,0.625,,,,,0.0,1.0,0.0,false,0.43790876664425904,0.4390600745244385
izraelevitz2017_fig14,theta_25_psi_60,0.6328125,,,,,0.0,1.0,0.0,false,0.4568026332578881,0.457889563907909
izraelevitz2017_fig14,theta_25_psi_60,0.640625,,,,,0.0,1.0,0.0,false,0.46008071800617756,0.4608570956551141
izraelevitz2017_fig14,theta_25_psi_60,0.6484375,,,,,0.0,1.0,0.0,false,0.4789780033736693,0.4797583805621225
izraelevitz2017_fig14,theta_25_psi_60,0.65625,,,,,0.0,1.0,0.0,false,0.46836700390692054,0.46872098112785615
izraelevitz2017_fig14,theta_25_psi_60,0.6640625,,,,,0.0,1.0,0.0,false,0.4821163281777205,0.48252537164685616
izraelevitz2017_fig14,theta_25_psi_60,0.671875,,,,,0.0,1.0,0.0,false,0.4832373088364801,0.48359538339605435
izraelevitz2017_fig14,theta_25_psi_60,0.6796875,,,,,0.0,1.0,0.0,false,0.4531089611502916,0.4530745764061639
izraelevitz2017_fig14,theta_25_psi_60,0.6875,,,,,0.0,1.0,0.0,false,0.4511568379054049,0.4512732272655829
izraelevitz2017_fig14,theta_25_psi_60,0.6953125,,,,,0.0,1.0,0.0,false,0.4195350973353626,0.41946927529517497
izraelevitz2017_fig14,theta_25_psi_60,0.703125,,,,,0.0,1.0,0.0,false,0.42209331388405,0.42232600564409384
izraelevitz2017_fig14,theta_25_psi_60,0.7109375,,,,,1.0,0.0,0.0,false,0.4116914946052553,0.4107691630960242
izraelevitz2017_fig14,theta_25_psi_60,0.71875,,,,,1.0,0.0,0.0,false,0.38112520268524464,0.3800019197098291
izraelevitz2017_fig14,theta_25_psi_60,0.7265625,,,,,1.0,0.0,0.0,false,0.32933304389065815,0.34676804072317147
izraelevitz2017_fig14,theta_25_psi_60,0.734375,,,,,1.0,0.0,0.0,false,0.3202465393153515,0.3114820558193352
izraelevitz2017_fig14,theta_25_psi_60,0.7421875,,,,,1.0,0.0,0.0,false,0.2979898247448479,0.2745652760363488
izraelevitz2017_fig14,theta_25_psi_60,0.75,,,,,1.0,0.0,0.0,false,0.2571686566169024,0.23643861295571525
izraelevitz2017_fig14,theta_25_psi_60,0.7578125,,,,,1.0,0.0,0.0,false,0.23757848755670324,0.19751620201687536
izraelevitz2017_fig14,theta_25_psi_60,0.765625,,,,,1.0,0.0,0.0,false,0.2302641276987348,0.15819976152332035
izraelevitz2017_fig14,theta_25_psi_60,0.7734375,,,,,1.0,0.0,0.0,false,0.20588338378515872,0.11887376378796734
izraelevitz2017_fig14,theta_25_psi_60,0.78125,,,,,1.0,0.0,0.0,false,0.21657983409960224,0.07990161686587335
izraelevitz2017_fig14,theta_25_psi_60,0.7890625,,,,,1.0,0.0,0.0,false,0.1948558481417028,0.041622864164798976
izraelevitz2017_fig14,theta_25_psi_60,0.796875,,,,,1.0,0.0,0.0,false,0.1624693620342942,0.004351326457818537
izraelevitz2017_fig14,theta_25_psi_60,0.8046875,,,,,1.0,0.0,0.0,false,0.11388554590541922,-0.03162585122286784
izraelevitz2017_fig14,theta_25_psi_60,0.8125,,,,,1.0,0.0,0.0,false,0.0597270595708986,-0.06604821789279568
izraelevitz2017_fig14,theta_25_psi_60,0.8203125,,,,,1.0,0.0,0.0,false,0.004135718213509489,-0.09868129042395532
izraelevitz2017_fig14,theta_25_psi_60,0.828125,,,,,1.0,0.0,0.0,false,-0.047306973718732714,-0.12931518815383863
izraelevitz2017_fig14,theta_25_psi_60,0.8359375,,,,,1.0,0.0,0.0,false,-0.0945262771828762,-0.15776278056745938
izraelevitz2017_fig14,theta_25_psi_60,0.84375,,,,,1.0,0.0,0.0,false,-0.13071599361498418,-0.183857459948425
izraelevitz2017_fig14,theta_25_psi_60,0.8515625,,,,,1.0,0.0,0.0,false,-0.17858853130544647,-0.20745074060245783
izraelevitz2017_fig14,theta_25_psi_60,0.859375,,,,,1.0,0.0,0.0,false,-0.21739762827845807,-0.22840984250384272
izraelevitz2017_fig14,theta_25_psi_60,0.8671875,,,,,1.0,0.0,0.0,false,-0.24433320876606615,-0.2466154229147966
izraelevitz2017_fig14,theta_25_psi_60,0.875,,,,,1.0,0.0,0.0,false,-0.2573003176330775,-0.26195959850467737
izraelevitz2017_fig14,theta_25_psi_60,0.8828125,,,,,1.0,0.0,0.0,false,-0.2638017683970114,-0.27434439360395607
izraelevitz2017_fig14,theta_25_psi_60,0.890625,,,,,1.0,0.0,0.0,false,-0.27033729551150776,-0.2836807332868202
izraelevitz2017_fig14,theta_25_psi_60,0.8984375,,,,,1.0,0.0,0.0,false,-0.2717315193695914,-0.2898880708213028
izraelevitz2017_fig14,theta_25_psi_60,0.90625,,,,,1.0,0.0,0.0,false,-0.263466059631345,-0.2928947078785841
izraelevitz2017_fig14,theta_25_psi_60,0.9140625,,,,,1.0,0.0,0.0,false,-0.24711589084305113,-0.2926388365303158
izraelevitz2017_fig14,theta_25_psi_60,0.921875,,,,,1.0,0.0,0.0,false,-0.2626651886176739,-0.2890702960364574
izraelevitz2017_fig14,theta_25_psi_60,0.9296875,,,,,1.0,0.0,0.0,false,-0.2622908744686389,-0.2821529921474632
izraelevitz2017_fig14,theta_25_psi_60,0.9375,,,,,1.0,0.0,0.0,false,-0.25497020250395136,-0.27186787676925045
izraelevitz2017_fig14,theta_25_psi_60,0.9453125,,,,,1.0,0.0,0.0,false,-0.24337582525986534,-0.2582163534682506
izraelevitz2017_fig14,theta_25_psi_60,0.953125,,,,,1.0,0.0,0.0,false,-0.22848336834690738,-0.24122341499799393
izraelevitz2017_fig14,theta_25_psi_60,0.9609375,,,,,1.0,0.0,0.0,false,-0.2103330439714888,-0.22094039578539268
izraelevitz2017_fig14,theta_25_psi_60,0.96875,,,,,1.0,0.0,0.0,false,-0.18864120431386272,-0.1974521194434391
izraelevitz2017_fig14,theta_25_psi_60,0.9765625,,,,,1.0,0.0,0.0,false,-0.16367940900846903,-0.1708794039248489
izraelevitz2017_fig14,theta_25_psi_60,0.984375,,,,,1.0,0.0,0.0,false,-0.13550290118042668,-0.1413813059073953
izraelevitz2017_fig14,theta_25_psi_60,0.9921875,,,,,1.0,0.0,0.0,false,-0.10443279959068458,-0.10915729007690209
izraelevitz2017_fig14,theta_25_psi_75,0.0,,,,,1.0,0.0,0.0,false,-0.0029533762958456346,-0.0030547968705518266
izraelevitz2017_fig14,theta_25_psi_75,0.0078125,,,,,1.0,0.0,0.0,false,0.02011333791310409,0.020052847007534083
izraelevitz2017_fig14,theta_25_psi_75,0.015625,,,,,1.0,0.0,0.0,false,0.04420520759347113,0.04419023244224548
izraelevitz2017_fig14,theta_25_psi_75,0.0234375,,,,,1.0,0.0,0.0,false,0.06902292961267302,0.06905721466154732
izraelevitz2017_fig14,theta_25_psi_75,0.03125,,,,,1.0,0.0,0.0,false,0.09424585317841115,0.09433215367408586
izraelevitz2017_fig14,theta_25_psi_75,0.0390625,,,,,1.0,0.0,0.0,false,0.11953846445689165,0.1196784269393652
izraelevitz2017_fig14,theta_25_psi_75,0.046875,,,,,1.0,0.0,0.0,false,0.14455738162534146,0.14475145844934803
izraelevitz2017_fig14,theta_25_psi_75,0.0546875,,,,,1.0,0.0,0.0,false,0.16895867328460198,0.16920607580960825
izraelevitz2017_fig14,theta_25_psi_75,0.0625,,,,,1.0,0.0,0.0,false,0.19240524590048055,0.1927039392402766
izraelevitz2017_fig14,theta_25_psi_75,0.0703125,,,,,1.0,0.0,0.0,false,0.2145740834895568,0.2149208238641619
izraelevitz2017_fig14,theta_25_psi_75,0.078125,,,,,1.0,0.0,0.0,false,0.23516307860784103,0.235553492301136
izraelevitz2017_fig14,theta_25_psi_75,0.0859375,,,,,1.0,0.0,0.0,false,0.25389730917266323,0.25432601031944446
izraelevitz2017_fig14,theta_25_psi_75,0.09375,,,,,1.0,0.0,0.0,false,0.27053451263875006,0.27099525512554123
izraelevitz2017_fig14,theta_25_psi_75,0.1015625,,,,,1.0,0.0,0.0,false,0.2848696449669741,0.28535550235187473
izraelevitz2017_fig14,theta_25_psi_75,0.109375,,,,,1.0,0.0,0.0,false,0.2967384169952718,0.29724198311756933
izraelevitz2017_fig14,theta_25_psi_75,0.1171875,,,,,1.0,0.0,0.0,false,0.30601967449766365,0.3065332765882663
izraelevitz2017_fig14,theta_25_psi_75,0.125,,,,,1.0,0.0,0.0,false,0.3126366728315174,0.3131525887661229
izraelevitz2017_fig14,theta_25_psi_75,0.1328125,,,,,1.0,0.0,0.0,false,0.31655713763183313,0.31706780874581325
izraelevitz2017_fig14,theta_25_psi_75,0.140625,,,,,1.0,0.0,0.0,false,0.3177922164983737,0.31829044811661
izraelevitz2017_fig14,theta_25_psi_75,0.1484375,,,,,1.0,0.0,0.0,false,0.3163944064981229,0.3168735491331299
izraelevitz2017_fig14,theta_25_psi_75,0.15625,,,,,1.0,0.0,0.0,false,0.3124544969177192,0.31290860214480476
izraelevitz2017_fig14,theta_25_psi_75,0.1640625,,,,,1.0,0.0,0.0,false,0.3060977024436485,0.3065216490333729
izraelevitz2017_fig14,theta_25_psi_75,0.171875,,,,,1.0,0.0,0.0,false,0.2974791527182819,0.29786874007679115
izraelevitz2017_fig14,theta_25_psi_75,0.1796875,,,,,1.0,0.0,0.0,false,0.2867788565094687,0.28713086402832266
izraelevitz2017_fig14,theta_25_psi_75,0.1875,,,,,1.0,0.0,0.0,false,0.27419636406342013,0.27450857668921574
izraelevitz2017_fig14,theta_25_psi_75,0.1953125,,,,,1.0,0.0,0.0,false,0.259945315304039,0.26021651698509235
izraelevitz2017_fig14,theta_25_psi_75,0.203125,,,,,1.0,0.0,0.0,false,0.24424797521363695,0.2444779130506577
izraelevitz2017_fig14,theta_25_psi_75,0.2109375,,,,,1.0,0.0,0.0,false,0.22733001529855992,0.22751933845321318
izraelevitz2017_fig14,theta_25_psi_75,0.21875,,,,,1.0,0.0,0.0,false,0.20941568061982255,0.20956585862966676
izraelevitz2017_fig14,theta_25_psi_75,0.2265625,,,,,1.0,0.0,0.0,false,0.1907234027188696,0.19083662822166542
izraelevitz2017_fig14,theta_25_psi_75,0.234375,,,,,1.0,0.0,0.0,false,0.17146203792336664,0.17154111910357198
izraelevitz2017_fig14,theta_25_psi_75,0.2421875,,,,,1.0,0.0,0.0,false,0.15182785411771393,0.1518761020030628
izraelevitz2017_fig14,theta_25_psi_75,0.25,,,,,1.0,0.0,0.0,false,0.13200223437157996,0.13202334960047868
izraelevitz2017_fig14,theta_25_psi_75,0.2578125,,,,,1.0,0.0,0.0,false,0.11215015309324305,0.112148116262213
izraelevitz2017_fig14,theta_25_psi_75,0.265625,,,,,1.0,0.0,0.0,false,0.09241952738847588,0.09239849641612828
izraelevitz2017_fig14,theta_25_psi_75,0.2734375,,,,,1.0,0.0,0.0,false,0.07294130368103514,0.07290552059177467
izraelevitz2017_fig14,theta_25_psi_75,0.28125,,,,,1.0,0.0,0.0,false,0.0538302664736706,0.05378397516982208
izraelevitz2017_fig14,theta_25_psi_75,0.2890625,,,,,1.0,0.0,0.0,false,0.03518652048412838,0.03513389619181675
izraelevitz2017_fig14,theta_25_psi_75,0.296875,,,,,1.0,0.0,0.0,false,0.017097550511107083,0.017042640696208932
izraelevitz2017_fig14,theta_25_psi_75,0.3046875,,,,,1.0,0.0,0.0,false,-0.00035929372711202706,-0.0004126179602931756
izraelevitz2017_fig14,theta_25_psi_75,0.3125,,,,,1.0,0.0,0.0,false,-0.017114008992847728,-0.01716209260674267
izraelevitz2017_fig14,theta_25_psi_75,0.3203125,,,,,1.0,0.0,0.0,false,-0.033100968085073304,-0.03314040494781765
izraelevitz2017_fig14,theta_25_psi_75,0.328125,,,,,1.0,0.0,0.0,false,-0.04825594138054221,-0.04828360255331095
izraelevitz2017_fig14,theta_25_psi_75,0.3359375,,,,,1.0,0.0,0.0,false,-0.06251327557236187,-0.0625263354179155
izraelevitz2017_fig14,theta_25_psi_75,0.34375,,,,,1.0,0.0,0.0,false,-0.07579530378494086,-0.07579934145033151
izraelevitz2017_fig14,theta_25_psi_75,0.3515625,,,,,1.0,0.0,0.0,false,-0.0880041122491214,-0.08802738607794243
izraelevitz2017_fig14,theta_25_psi_75,0.359375,,,,,1.0,0.0,0.0,false,-0.09908353171907586,-0.09912779146354143
izraelevitz2017_fig14,theta_25_psi_75,0.3671875,,,,,1.0,0.0,0.0,false,-0.10894310115963758,-0.10900967231326186
izraelevitz2017_fig14,theta_25_psi_75,0.375,,,,,1.0,0.0,0.0,false,-0.11748421565689982,-0.11757396018365701
izraelevitz2017_fig14,theta_25_psi_75,0.3828125,,,,,1.0,0.0,0.0,false,-0.12460099480226065,-0.12471426886268645
izraelevitz2017_fig14,theta_25_psi_75,0.390625,,,,,1.0,0.0,0.0,false,-0.13018201068186808,-0.13031862110385292
izraelevitz2017_fig14,theta_25_psi_75,0.3984375,,,,,1.0,0.0,0.0,false,-0.13411284637850346,-0.13427200839835715
izraelevitz2017_fig14,theta_25_psi_75,0.40625,,,,,1.0,0.0,0.0,false,-0.13627942530109327,-0.13645972476581358
izraelevitz2017_fig14,theta_25_psi_75,0.4140625,,,,,1.0,0.0,0.0,false,-0.136572010967856,-0.13677137466001893
izraelevitz2017_fig14,theta_25_psi_75,0.421875,,,,,1.0,0.0,0.0,false,-0.13488972629837273,-0.13510540383096384
izraelevitz2017_fig14,theta_25_psi_75,0.4296875,,,,,1.0,0.0,0.0,false,-0.13114540682920497,-0.13137396854821703
izraelevitz2017_fig14,theta_25_psi_75,0.4375,,,,,1.0,0.0,0.0,false,-0.12527060472755328,-0.1255079597449747
izraelevitz2017_fig14,theta_25_psi_75,0.4453125,,,,,1.0,0.0,0.0,false,-0.11722048085473617,-0.11746191797673838
izraelevitz2017_fig14,theta_25_psi_75,0.453125,,,,,1.0,0.0,0.0,false,-0.10697838706368115,-0.10721864081098051
izraelevitz2017_fig14,theta_25_psi_75,0.4609375,,,,,1.0,0.0,0.0,false,-0.09455990111893298,-0.09479324383498418
izraelevitz2017_fig14,theta_25_psi_75,0.46875,,,,,1.0,0.0,0.0,false,-0.0800160772134255,-0.0802364368630052
izraelevitz2017_fig14,theta_25_psi_75,0.4765625,,,,,1.0,0.0,0.0,false,-0.0634357865043752,-0.06363688834082466
izraelevitz2017_fig14,theta_25_psi_75,0.484375,,,,,1.0,0.0,0.0,false,-0.04494692132059736,-0.045122449948639676
izraelevitz2017_fig14,theta_25_psi_75,0.4921875,,,,,1.0,0.0,0.0,false,-0.024716439166524995,-0.024860216207725584
izraelevitz2017_fig14,theta_25_psi_75,0.5,,,,,1.0,0.0,0.0,false,-0.002949009299869864,-0.0030551801859937367
izraelevitz2017_fig14,theta_25_psi_75,0.5078125,,,,,1.0,0.0,0.0,false,0.02011564114950287,0.020052418522843674
izraelevitz2017_fig14,theta_25_psi_75,0.515625,,,,,1.0,0.0,0.0,false,0.04420539299732588,0.04418976292441982
izraelevitz2017_fig14,theta_25_psi_75,0.5234375,,,,,1.0,0.0,0.0,false,0.0690209699354748,0.06905670817545613
izraelevitz2017_fig14,theta_25_psi_75,0.53125,,,,,1.0,0.0,0.0,false,0.09424174945460544,0.0943316141835954
izraelevitz2017_fig14,theta_25_psi_75,0.5390625,,,,,1.0,0.0,0.0,false,0.11953224686030695,0.11967785828433586
izraelevitz2017_fig14,theta_25_psi_75,0.546875,,,,,1.0,0.0,0.0,false,0.14454910968039586,0.1447508643232956
izraelevitz2017_fig14,theta_25_psi_75,0.5546875,,,,,1.0,0.0,0.0,false,0.1689484354140381,0.16920545973953682
izraelevitz2017_fig14,theta_25_psi_75,0.5625,,,,,1.0,0.0,0.0,false,0.1923931583231553,0.19270330457861226
izraelevitz2017_fig14,theta_25_psi_75,0.5703125,,,,,1.0,0.0,0.0,false,0.21456028847800707,0.2149201737791465
izraelevitz2017_fig14,theta_25_psi_75,0.578125,,,,,1.0,0.0,0.0,false,0.2351477421569125,0.23555282977038727
izraelevitz2017_fig14,theta_25_psi_75,0.5859375,,,,,1.0,0.0,0.0,false,0.2538806181394238,0.25432533812714503
izraelevitz2017_fig14,theta_25_psi_75,0.59375,,,,,1.0,0.0,0.0,false,0.27051667143506547,0.270994575862163
izraelevitz2017_fig14,theta_25_psi_75,0.6015625,,,,,1.0,0.0,0.0,false,0.2848508718958213,0.28535481841700316
izraelevitz2017_fig14,theta_25_psi_75,0.609375,,,,,1.0,0.0,0.0,false,0.29671894033235224,0.29724129672494726
izraelevitz2017_fig14,theta_25_psi_75,0.6171875,,,,,1.0,0.0,0.0,false,0.3059997284289701,0.3065325897723594
izraelevitz2017_fig14,theta_25_psi_75,0.625,,,,,1.0,0.0,0.0,false,0.31261649335480235,0.31315190339148935
izraelevitz2017_fig14,theta_25_psi_75,0.6328125,,,,,1.0,0.0,0.0,false,0.3165369585356727,0.3170671265165801
izraelevitz2017_fig14,theta_25_psi_75,0.640625,,,,,1.0,0.0,0.0,false,0.31777226552246,0.3182897705874638
izraelevitz2017_fig14,theta_25_psi_75,0.6484375,,,,,1.0,0.0,0.0,false,0.3163749017705486,0.31687287772162936
izraelevitz2017_fig14,theta_25_psi_75,0.65625,,,,,1.0,0.0,0.0,false,0.3124356437552273,0.3129079381421152
izraelevitz2017_fig14,theta_25_psi_75,0.6640625,,,,,1.0,0.0,0.0,false,0.30607969058699414,0.30652099361733076
izraelevitz2017_fig14,theta_25_psi_75,0.671875,,,,,1.0,0.0,0.0,false,0.2974621540536349,0.2978680943233476
izraelevitz2017_fig14,theta_25_psi_75,0.6796875,,,,,1.0,0.0,0.0,false,0.2867630233175436,0.2871302289237372
izraelevitz2017_fig14,theta_25_psi_75,0.6875,,,,,1.0,0.0,0.0,false,0.27418182780894157,0.27450795314063314
izraelevitz2017_fig14,theta_25_psi_75,0.6953125,,,,,1.0,0.0,0.0,false,0.25993218596857204,0.2602159058322438
izraelevitz2017_fig14,theta_25_psi_75,0.703125,,,,,1.0,0.0,0.0,false,0.24423634115444465,0.24447731507466866
izraelevitz2017_fig14,theta_25_psi_75,0.7109375,,,,,1.0,0.0,0.0,false,0.227319943597549,0.22751875438581012
izraelevitz2017_fig14,theta_25_psi_75,0.71875,,,,,1.0,0.0,0.0,false,0.20940721787265804,0.2095652891609528
izraelevitz2017_fig14,theta_25_psi_75,0.7265625,,,,,1.0,0.0,0.0,false,0.19071657620942034,0.19083607400741728
izraelevitz2017_fig14,theta_25_psi_75,0.734375,,,,,1.0,0.0,0.0,false,0.17145685710770225,0.17154058076975054
izraelevitz2017_fig14,theta_25_psi_75,0.7421875,,,,,1.0,0.0,0.0,false,0.1518243123407713,0.15187558014950442
izraelevitz2017_fig14,theta_25_psi_75,0.75,,,,,1.0,0.0,0.0,false,0.13200031074404778,0.13202284480724297
izraelevitz2017_fig14,theta_25_psi_75,0.7578125,,,,,1.0,0.0,0.0,false,0.11214981443656673,0.1121476290871487
izraelevitz2017_fig14,theta_25_psi_75,0.765625,,,,,1.0,0.0,0.0,false,0.09242073017726309,0.09239802739799235
izraelevitz2017_fig14,theta_25_psi_75,0.7734375,,,,,1.0,0.0,0.0,false,0.07294399590417014,0.0729050702499129
izraelevitz2017_fig14,theta_25_psi_75,0.78125,,,,,1.0,0.0,0.0,false,0.05383438934685958,0.053783543999953526
izraelevitz2017_fig14,theta_25_psi_75,0.7890625,,,,,1.0,0.0,0.0,false,0.035192009961478185,0.035133484665794634
izraelevitz2017_fig14,theta_25_psi_75,0.796875,,,,,1.0,0.0,0.0,false,0.017104338538169284,0.017042249255900744
izraelevitz2017_fig14,theta_25_psi_75,0.8046875,,,,,1.0,0.0,0.0,false,-0.0003512782426999199,-0.0004129889062503884
izraelevitz2017_fig14,theta_25_psi_75,0.8125,,,,,1.0,0.0,0.0,false,-0.01710483951952421,-0.017162442689261325
izraelevitz2017_fig14,theta_25_psi_75,0.8203125,,,,,1.0,0.0,0.0,false,-0.033090720119552615,-0.03314073384379954
izraelevitz2017_fig14,theta_25_psi_75,0.828125,,,,,1.0,0.0,0.0,false,-0.04824469240434657,-0.04828390999094085
izraelevitz2017_fig14,theta_25_psi_75,0.8359375,,,,,1.0,0.0,0.0,false,-0.06250110529251623,-0.06252662118379203
izraelevitz2017_fig14,theta_25_psi_75,0.84375,,,,,1.0,0.0,0.0,false,-0.0757903699515875,-0.07579960539636878
izraelevitz2017_fig14,theta_25_psi_75,0.8515625,,,,,1.0,0.0,0.0,false,-0.08801835858001407,-0.08802762812665649
izraelevitz2017_fig14,theta_25_psi_75,0.859375,,,,,1.0,0.0,0.0,false,-0.09909839728978768,-0.09912801161430956
izraelevitz2017_fig14,theta_25_psi_75,0.8671875,,,,,1.0,0.0,0.0,false,-0.10895849098781374,-0.10900987064715612
izraelevitz2017_fig14,theta_25_psi_75,0.875,,,,,1.0,0.0,0.0,false,-0.11750002893229783,-0.11757413686721827
izraelevitz2017_fig14,theta_25_psi_75,0.8828125,,,,,1.0,0.0,0.0,false,-0.12461712408584888,-0.12471442415124603
izraelevitz2017_fig14,theta_25_psi_75,0.890625,,,,,1.0,0.0,0.0,false,-0.13019834125966964,-0.130318755342917
izraelevitz2017_fig14,theta_25_psi_75,0.8984375,,,,,1.0,0.0,0.0,false,-0.13412925584282703,-0.13427212202316544
izraelevitz2017_fig14,theta_25_psi_75,0.90625,,,,,1.0,0.0,0.0,false,-0.13629578342783458,-0.13645981830200438
izraelevitz2017_fig14,theta_25_psi_75,0.9140625,,,,,1.0,0.0,0.0,false,-0.13658817993726452,-0.13677144871905628
izraelevitz2017_fig14,theta_25_psi_75,0.921875,,,,,1.0,0.0,0.0,false,-0.13490556127190637,-0.1351054591068969
izraelevitz2017_fig14,theta_25_psi_75,0.9296875,,,,,1.0,0.0,0.0,false,-0.1311607569568317,-0.13137400581181935
izraelevitz2017_fig14,theta_25_psi_75,0.9375,,,,,1.0,0.0,0.0,false,-0.12528531461725118,-0.12550797983674378
izraelevitz2017_fig14,theta_25_psi_75,0.9453125,,,,,1.0,0.0,0.0,false,-0.1172343924607045,-0.11746192179858865
izraelevitz2017_fig14,theta_25_psi_75,0.953125,,,,,1.0,0.0,0.0,false,-0.10699134196424435,-0.10721862931742593
izraelevitz2017_fig14,theta_25_psi_75,0.9609375,,,,,1.0,0.0,0.0,false,-0.09457174313088951,-0.09479321802216265
izraelevitz2017_fig14,theta_25_psi_75,0.96875,,,,,1.0,0.0,0.0,false,-0.08002665527635247,-0.0802363977593275
izraelevitz2017_fig14,theta_25_psi_75,0.9765625,,,,,1.0,0.0,0.0,false,-0.06344495774878234,-0.06363683699506263
izraelevitz2017_fig14,theta_25_psi_75,0.984375,,,,,1.0,0.0,0.0,false,-0.04495455422355398,-0.045122387419410784
izraelevitz2017_fig14,theta_25_psi_75,0.9921875,,,,,1.0,0.0,0.0,false,-0.02472241669129877,-0.024860143552639696
izraelevitz2017_fig14,theta_25_psi_90,0.0,,,,,1.0,0.0,0.0,false,-0.013542221983872534,-0.013586907822671263
izraelevitz2017_fig14,theta_25_psi_90,0.0078125,,,,,1.0,0.0,0.0,false,-0.0038312549273635844,-0.0038733468234579513
izraelevitz2017_fig14,theta_25_psi_90,0.015625,,,,,1.0,0.0,0.0,false,0.006738321670816155,0.006701952150822764
izraelevitz2017_fig14,theta_25_psi_90,0.0234375,,,,,1.0,0.0,0.0,false,0.01795905696115225,0.017931426717882427
izraelevitz2017_fig14,theta_25_psi_90,0.03125,,,,,1.0,0.0,0.0,false,0.029616543254952013,0.02960043505739674
izraelevitz2017_fig14,theta_25_psi_90,0.0390625,,,,,1.0,0.0,0.0,false,0.04149578222994919,0.04149363489478521
izraelevitz2017_fig14,theta_25_psi_90,0.046875,,,,,1.0,0.0,0.0,false,0.053387304617272105,0.0534011212373919
izraelevitz2017_fig14,theta_25_psi_90,0.0546875,,,,,1.0,0.0,0.0,false,0.06509281248508016,0.06512409078250118
izraelevitz2017_fig14,theta_25_psi_90,0.0625,,,,,1.0,0.0,0.0,false,0.07643017060774634,0.07647985812380406
izraelevitz2017_fig14,theta_25_psi_90,0.0703125,,,,,1.0,0.0,0.0,false,0.08723757979594482,0.08730605510805457
izraelevitz2017_fig14,theta_25_psi_90,0.078125,,,,,1.0,0.0,0.0,false,0.09737683797709805,0.0974639176678389
izraelevitz2017_fig14,theta_25_psi_90,0.0859375,,,,,1.0,0.0,0.0,false,0.10673561878223455,0.10684058847801313
izraelevitz2017_fig14,theta_25_psi_90,0.09375,,,,,1.0,0.0,0.0,false,0.11522865655744292,0.11535032293875232
izraelevitz2017_fig14,theta_25_psi_90,0.1015625,,,,,1.0,0.0,0.0,false,0.12279752567052293,0.12293428459110015
izraelevitz2017_fig14,theta_25_psi_90,0.109375,,,,,1.0,0.0,0.0,false,0.12941093790679534,0.12956085738596942
izraelevitz2017_fig14,theta_25_psi_90,0.1171875,,,,,1.0,0.0,0.0,false,0.13506302673147597,0.13522393731751683
izraelevitz2017_fig14,theta_25_psi_90,0.125,,,,,1.0,0.0,0.0,false,0.1397708873171179,0.13994047473418786
izraelevitz2017_fig14,theta_25_psi_90,0.1328125,,,,,1.0,0.0,0.0,false,0.14357160300383637,0.14374749851542795
izraelevitz2017_fig14,theta_25_psi_90,0.140625,,,,,1.0,0.0,0.0,false,0.14651877516811151,0.1466986392824165
izraelevitz2017_fig14,theta_25_psi_90,0.1484375,,,,,1.0,0.0,0.0,false,0.14867867665156329,0.14886027242122918
izraelevitz2017_fig14,theta_25_psi_90,0.15625,,,,,1.0,0.0,0.0,false,0.15012620214995379,0.15030745521070626
izraelevitz2017_fig14,theta_25_psi_90,0.1640625,,,,,1.0,0.0,0.0,false,0.1509407526498647,0.15111979606288692
izraelevitz2017_fig14,theta_25_psi_90,0.171875,,,,,1.0,0.0,0.0,false,0.15120220363737435,0.15137740660638188
izraelevitz2017_fig14,theta_25_psi_90,0.1796875,,,,,1.0,0.0,0.0,false,0.15098709889177825,0.15115707941147605
izraelevitz2017_fig14,theta_25_psi_90,0.1875,,,,,1.0,0.0,0.0,false,0.15036519294310716,0.15052881535354234
izraelevitz2017_fig14,theta_25_psi_90,0.1953125,,,,,1.0,0.0,0.0,false,0.14939646137256848,0.14955282061460043
izraelevitz2017_fig14,theta_25_psi_90,0.203125,,,,,1.0,0.0,0.0,false,0.14812866930701254,0.14827706432246215
izraelevitz2017_fig14,theta_25_psi_90,0.2109375,,,,,1.0,0.0,0.0,false,0.14659557346443924,0.14673547268346152
izraelevitz2017_fig14,theta_25_psi_90,0.21875,,,,,1.0,0.0,0.0,false,0.14481582815980232,0.14494683034903968
izraelevitz2017_fig14,theta_25_psi_90,0.2265625,,,,,1.0,0.0,0.0,false,0.14279261887982572,0.14291441270679853
izraelevitz2017_fig14,theta_25_psi_90,0.234375,,,,,1.0,0.0,0.0,false,0.14051403427080042,0.1406263598577571
izraelevitz2017_fig14,theta_25_psi_90,0.2421875,,,,,1.0,0.0,0.0,false,0.1379541801762841,0.13805679568713192
izraelevitz2017_fig14,theta_25_psi_90,0.25,,,,,1.0,0.0,0.0,false,0.13507499369973866,0.13516764955565
izraelevitz2017_fig14,theta_25_psi_90,0.2578125,,,,,1.0,0.0,0.0,false,0.13182870340305122,0.13191112615228656
izraelevitz2017_fig14,theta_25_psi_90,0.265625,,,,,1.0,0.0,0.0,false,0.12816084741910672,0.1282327345973435
izraelevitz2017_fig14,theta_25_psi_90,0.2734375,,,,,1.0,0.0,0.0,false,0.12401376554417592,0.12407479213709371
izraelevitz2017_fig14,theta_25_psi_90,0.28125,,,,,1.0,0.0,0.0,false,0.11933043518297295,0.11938027147772803
izraelevitz2017_fig14,theta_25_psi_90,0.2890625,,,,,1.0,0.0,0.0,false,0.11405850890953273,0.11409684870759204
izraelevitz2017_fig14,theta_25_psi_90,0.296875,,,,,1.0,0.0,0.0,false,0.10815440515186726,0.10818100256373246
izraelevitz2017_fig14,theta_25_psi_90,0.3046875,,,,,1.0,0.0,0.0,false,0.10158729020503843,0.10160200255872885
izraelevitz2017_fig14,theta_25_psi_90,0.3125,,,,,1.0,0.0,0.0,false,0.09434278545344249,0.09434561928191408
izraelevitz2017_fig14,theta_25_psi_90,0.3203125,,,,,1.0,0.0,0.0,false,0.08642622362568997,0.08641738026839028
izraelevitz2017_fig14,theta_25_psi_90,0.328125,,,,,1.0,0.0,0.0,false,0.07786530025455984,0.07784521739938985
izraelevitz2017_fig14,theta_25_psi_90,0.3359375,,,,,1.0,0.0,0.0,false,0.06871197059350062,0.06868135606833528
izraelevitz2017_fig14,theta_25_psi_90,0.34375,,,,,1.0,0.0,0.0,false,0.05904347190036217,0.05900332625088755
izraelevitz2017_fig14,theta_25_psi_90,0.3515625,,,,,1.0,0.0,0.0,false,0.04896236622398452,0.048913991055924776
izraelevitz2017_fig14,theta_25_psi_90,0.359375,,,,,1.0,0.0,0.0,false,0.038595547536013096,0.03854053729123761
izraelevitz2017_fig14,theta_25_psi_90,0.3671875,,,,,1.0,0.0,0.0,false,0.028092191445936048,0.02803240716304871
izraelevitz2017_fig14,theta_25_psi_90,0.375,,,,,1.0,0.0,0.0,false,0.01762067127417417,0.01755819593162181
izraelevitz2017_fig14,theta_25_psi_90,0.3828125,,,,,1.0,0.0,0.0,false,0.007364508597067925,0.007301584788565476
izraelevitz2017_fig14,theta_25_psi_90,0.390625,,,,,1.0,0.0,0.0,false,-0.0024825263562549627,-0.0025435744672649583
izraelevitz2017_fig14,theta_25_psi_90,0.3984375,,,,,1.0,0.0,0.0,false,-0.0117220012466592,-0.011778858579624622
izraelevitz2017_fig14,theta_25_psi_90,0.40625,,,,,1.0,0.0,0.0,false,-0.020156897022989027,-0.020207356682189363
izraelevitz2017_fig14,theta_25_psi_90,0.4140625,,,,,1.0,0.0,0.0,false,-0.02759794492378672,-0.027640010743607137
izraelevitz2017_fig14,theta_25_psi_90,0.421875,,,,,1.0,0.0,0.0,false,-0.03386995833067141,-0.033901945270362784
izraelevitz2017_fig14,theta_25_psi_90,0.4296875,,,,,1.0,0.0,0.0,false,-0.03881789674228703,-0.03883852329566693
izraelevitz2017_fig14,theta_25_psi_90,0.4375,,,,,1.0,0.0,0.0,false,-0.0423124076306446,-0.04232087454700208
izraelevitz2017_fig14,theta_25_psi_90,0.4453125,,,,,1.0,0.0,0.0,false,-0.04424668338068857,-0.04425063325743182
izraelevitz2017_fig14,theta_25_psi_90,0.453125,,,,,1.0,0.0,0.0,false,-0.044547632131891696,-0.044563677201648964
izraelevitz2017_fig14,theta_25_psi_90,0.4609375,,,,,1.0,0.0,0.0,false,-0.04320547472150589,-0.04323270422237034
izraelevitz2017_fig14,theta_25_psi_90,0.46875,,,,,1.0,0.0,0.0,false,-0.040231574553398514,-0.040268506015282306
izraelevitz2017_fig14,theta_25_psi_90,0.4765625,,,,,1.0,0.0,0.0,false,-0.035675270155895944,-0.03571989468554638
izraelevitz2017_fig14,theta_25_psi_90,0.484375,,,,,1.0,0.0,0.0,false,-0.029622428870299585,-0.029672282570416743
izraelevitz2017_fig14,theta_25_psi_90,0.4921875,,,,,1.0,0.0,0.0,false,-0.02219271415666033,-0.02224497238472169
izraelevitz2017_fig14,theta_25_psi_90,0.5,,,,,1.0,0.0,0.0,false,-0.013535707684148272,-0.013587297469471548
izraelevitz2017_fig14,theta_25_psi_90,0.5078125,,,,,1.0,0.0,0.0,false,-0.003826053184808347,-0.0038737778793231188
izraelevitz2017_fig14,theta_25_psi_90,0.515625,,,,,1.0,0.0,0.0,false,0.006742153792451292,0.006701483868014781
izraelevitz2017_fig14,theta_25_psi_90,0.5234375,,,,,1.0,0.0,0.0,false,0.017961487709054105,0.017930925182033857
izraelevitz2017_fig14,theta_25_psi_90,0.53125,,,,,1.0,0.0,0.0,false,0.029617566273361203,0.029599904019113374
izraelevitz2017_fig14,theta_25_psi_90,0.5390625,,,,,1.0,0.0,0.0,false,0.04149541592038017,0.041493077872733125
izraelevitz2017_fig14,theta_25_psi_90,0.546875,,,,,1.0,0.0,0.0,false,0.05338559080562053,0.053400541502939144
izraelevitz2017_fig14,theta_25_psi_90,0.5546875,,,,,1.0,0.0,0.0,false,0.06508981449240865,0.06512349136386325
izraelevitz2017_fig14,theta_25_psi_90,0.5625,,,,,1.0,0.0,0.0,false,0.07642597080926658,0.07647924182642027
izraelevitz2017_fig14,theta_25_psi_90,0.5703125,,,,,1.0,0.0,0.0,false,0.0872322767342762,0.0873054245118214
izraelevitz2017_fig14,theta_25_psi_90,0.578125,,,,,1.0,0.0,0.0,false,0.09737054318099096,0.09746327513936456
izraelevitz2017_fig14,theta_25_psi_90,0.5859375,,,,,1.0,0.0,0.0,false,0.10672845339682667,0.10683993618454064
izraelevitz2017_fig14,theta_25_psi_90,0.59375,,,,,1.0,0.0,0.0,false,0.11522074794854657,0.11534966289467218
izraelevitz2017_fig14,theta_25_psi_90,0.6015625,,,,,1.0,0.0,0.0,false,0.12278900409488767,0.12293361865860529
izraelevitz2017_fig14,theta_25_psi_90,0.609375,,,,,1.0,0.0,0.0,false,0.12940193316745727,0.12956018723804844
izraelevitz2017_fig14,theta_25_psi_90,0.6171875,,,,,1.0,0.0,0.0,false,0.13505366520665063,0.13522326449125394
izraelevitz2017_fig14,theta_25_psi_90,0.625,,,,,1.0,0.0,0.0,false,0.13976128931978332,0.13993980065122552
izraelevitz2017_fig14,theta_25_psi_90,0.6328125,,,,,1.0,0.0,0.0,false,0.14356188055250385,0.14374682449975806
izraelevitz2017_fig14,theta_25_psi_90,0.640625,,,,,1.0,0.0,0.0,false,0.14650903022124773,0.1466979665772547
izraelevitz2017_fig14,theta_25_psi_90,0.6484375,,,,,1.0,0.0,0.0,false,0.14866899983910925,0.14885960220290997
izraelevitz2017_fig14,theta_25_psi_90,0.65625,,,,,1.0,0.0,0.0,false,0.1501166720201572,0.15030678860341723
izraelevitz2017_fig14,theta_25_psi_90,0.6640625,,,,,1.0,0.0,0.0,false,0.15093143542733925,0.15111913415266937
izraelevitz2017_fig14,theta_25_psi_90,0.671875,,,,,1.0,0.0,0.0,false,0.1511931534677911,0.15137675045060242
izraelevitz2017_fig14,theta_25_psi_90,0.6796875,,,,,1.0,0.0,0.0,false,0.15097835854130812,0.1511564300492619
izraelevitz2017_fig14,theta_25_psi_90,0.6875,,,,,1.0,0.0,0.0,false,0.1503567948975409,0.15052817381407382
izraelevitz2017_fig14,theta_25_psi_90,0.6953125,,,,,1.0,0.0,0.0,false,0.14938842927120552,0.14955218792337752
izraelevitz2017_fig14,theta_25_psi_90,0.703125,,,,,1.0,0.0,0.0,false,0.1481210196361996,0.14827644150475652
izraelevitz2017_fig14,theta_25_psi_90,0.7109375,,,,,1.0,0.0,0.0,false,0.1465883174321388,0.14673486076835845
izraelevitz2017_fig14,theta_25_psi_90,0.71875,,,,,1.0,0.0,0.0,false,0.14480897365977044,0.1449462303704537
izraelevitz2017_fig14,theta_25_psi_90,0.7265625,,,,,1.0,0.0,0.0,false,0.1427861724577498,0.14291382570197747
izraelevitz2017_fig14,theta_25_psi_90,0.734375,,,,,1.0,0.0,0.0,false,0.1405080030078392,0.1406257868656692
izraelevitz2017_fig14,theta_25_psi_90,0.7421875,,,,,1.0,0.0,0.0,false,0.1379485734028475,0.138056237744135
izraelevitz2017_fig14,theta_25_psi_90,0.75,,,,,1.0,0.0,0.0,false,0.1350698244660417,0.13516710769194212
izraelevitz2017_fig14,theta_25_psi_90,0.7578125,,,,,1.0,0.0,0.0,false,0.1318239896320932,0.131910601382465
izraelevitz2017_fig14,theta_25_psi_90,0.765625,,,,,1.0,0.0,0.0,false,0.12815661269578768,0.12823222791453703
izraelevitz2017_fig14,theta_25_psi_90,0.7734375,,,,,1.0,0.0,0.0,false,0.12401003949046513,0.12407430450450886
izraelevitz2017_fig14,theta_25_psi_90,0.78125,,,,,1.0,0.0,0.0,false,0.11932725338985332,0.11937980381591627
izraelevitz2017_fig14,theta_25_psi_90,0.7890625,,,,,1.0,0.0,0.0,false,0.11405591242477851,0.1140964018870101
izraelevitz2017_fig14,theta_25_psi_90,0.796875,,,,,1.0,0.0,0.0,false,0.10815243951910711,0.1081805773918078
izraelevitz2017_fig14,theta_25_psi_90,0.8046875,,,,,1.0,0.0,0.0,false,0.10158600408661286,0.10160159976990202
izraelevitz2017_fig14,theta_25_psi_90,0.8125,,,,,1.0,0.0,0.0,false,0.094342228873493,0.09434523952556438
izraelevitz2017_fig14,theta_25_psi_90,0.8203125,,,,,1.0,0.0,0.0,false,0.08642644589662254,0.08641702409841623
izraelevitz2017_fig14,theta_25_psi_90,0.828125,,,,,1.0,0.0,0.0,false,0.07786634766060851,0.07784488526523245
izraelevitz2017_fig14,theta_25_psi_90,0.8359375,,,,,1.0,0.0,0.0,false,0.06871388391720382,0.06868104830558815
izraelevitz2017_fig14,theta_25_psi_90,0.84375,,,,,1.0,0.0,0.0,false,0.05904628389181018,0.0590030430736656
izraelevitz2017_fig14,theta_25_psi_90,0.8515625,,,,,1.0,0.0,0.0,false,0.04896609911851726,0.04891373255087232
izraelevitz2017_fig14,theta_25_psi_90,0.859375,,,,,1.0,0.0,0.0,false,0.03860021073006382,0.038540303414482016
izraelevitz2017_fig14,theta_25_psi_90,0.8671875,,,,,1.0,0.0,0.0,false,0.028097779434663316,0.028032197736292164
izraelevitz2017_fig14,theta_25_psi_90,0.875,,,,,1.0,0.0,0.0,false,0.017627161959816253,0.01755801064466969
izraelevitz2017_fig14,theta_25_psi_90,0.8828125,,,,,1.0,0.0,0.0,false,0.007371862050454793,0.00730142319907911
izraelevitz2017_fig14,theta_25_psi_90,0.890625,,,,,1.0,0.0,0.0,false,-0.002474368594373446,-0.002543712927141724
izraelevitz2017_fig14,theta_25_psi_90,0.8984375,,,,,1.0,0.0,0.0,false,-0.011713116274535024,-0.011778974597644825
izraelevitz2017_fig14,theta_25_psi_90,0.90625,,,,,1.0,0.0,0.0,false,-0.020147380056748373,-0.020207451056983697
izraelevitz2017_fig14,theta_25_psi_90,0.9140625,,,,,1.0,0.0,0.0,false,-0.02758790813595206,-0.027640084373662457
izraelevitz2017_fig14,theta_25_psi_90,0.921875,,,,,1.0,0.0,0.0,false,-0.033859529065272356,-0.03390199914198907
izraelevitz2017_fig14,theta_25_psi_90,0.9296875,,,,,1.0,0.0,0.0,false,-0.038807215147861486,-0.03883855846897127
izraelevitz2017_fig14,theta_25_psi_90,0.9375,,,,,1.0,0.0,0.0,false,-0.042301623779611365,-0.042320892141487494
izraelevitz2017_fig14,theta_25_psi_90,0.9453125,,,,,1.0,0.0,0.0,false,-0.044243853719527104,-0.04425063443627109
izraelevitz2017_fig14,theta_25_psi_90,0.953125,,,,,1.0,0.0,0.0,false,-0.04455811931973231,-0.04456366315650067
izraelevitz2017_fig14,theta_25_psi_90,0.9609375,,,,,1.0,0.0,0.0,false,-0.043215560826502894,-0.04323267615749531
izraelevitz2017_fig14,theta_25_psi_90,0.96875,,,,,1.0,0.0,0.0,false,-0.040241107716157784,-0.04026846513320992
izraelevitz2017_fig14,theta_25_psi_90,0.9765625,,,,,1.0,0.0,0.0,false,-0.03568410688973736,-0.035719842172700585
izraelevitz2017_fig14,theta_25_psi_90,0.984375,,,,,1.0,0.0,0.0,false,-0.029630437575977817,-0.029672219584574486
izraelevitz2017_fig14,theta_25_psi_90,0.9921875,,,,,1.0,0.0,0.0,false,-0.022199778291772245,-0.02224490004365969
izraelevitz2017_fig14,theta_25_psi_105,0.0,,,,,1.0,0.0,0.0,false,-0.08134642047700621,-0.08143628736766274
izraelevitz2017_fig14,theta_25_psi_105,0.0078125,,,,,1.0,0.0,0.0,false,-0.0804680606208345,-0.08054029183289343
izraelevitz2017_fig14,theta_25_psi_105,0.015625,,,,,1.0,0.0,0.0,false,-0.07837410620775317,-0.07842929642934876
izraelevitz2017_fig14,theta_25_psi_105,0.0234375,,,,,1.0,0.0,0.0,false,-0.07518602922213283,-0.07522520868864911
izraelevitz2017_fig14,theta_25_psi_105,0.03125,,,,,1.0,0.0,0.0,false,-0.07102293137369342,-0.07104748352708729
izraelevitz2017_fig14,theta_25_psi_105,0.0390625,,,,,1.0,0.0,0.0,false,-0.06599713231730513,-0.06600871236475166
izraelevitz2017_fig14,theta_25_psi_105,0.046875,,,,,1.0,0.0,0.0,false,-0.06021059048726971,-0.06021104934427877
izraelevitz2017_fig14,theta_25_psi_105,0.0546875,,,,,1.0,0.0,0.0,false,-0.053734838061487614,-0.05374352093241275
izraelevitz2017_fig14,theta_25_psi_105,0.0625,,,,,1.0,0.0,0.0,false,-0.04666460870944489,-0.04668038115255942
izraelevitz2017_fig14,theta_25_psi_105,0.0703125,,,,,1.0,0.0,0.0,false,-0.0390596435317203,-0.03908042402352298
izraelevitz2017_fig14,theta_25_psi_105,0.078125,,,,,1.0,0.0,0.0,false,-0.030963526123999132,-0.030987234464805242
izraelevitz2017_fig14,theta_25_psi_105,0.0859375,,,,,1.0,0.0,0.0,false,-0.022405756763091037,-0.022430333067649952
izraelevitz2017_fig14,theta_25_psi_105,0.09375,,,,,1.0,0.0,0.0,false,-0.013403655134796202,-0.013427068860512573
izraelevitz2017_fig14,theta_25_psi_105,0.1015625,,,,,1.0,0.0,0.0,false,-0.00396489500666425,-0.003985146507961863
izraelevitz2017_fig14,theta_25_psi_105,0.109375,,,,,1.0,0.0,0.0,false,0.005909450609742093,0.005894333006893973
izraelevitz2017_fig14,theta_25_psi_105,0.1171875,,,,,1.0,0.0,0.0,false,0.016221537439993102,0.01621350185639619
izraelevitz2017_fig14,theta_25_psi_105,0.125,,,,,1.0,0.0,0.0,false,0.02697318556027199,0.026974159462737016
izraelevitz2017_fig14,theta_25_psi_105,0.1328125,,,,,1.0,0.0,0.0,false,0.038162271226043515,0.03817416003005168
izraelevitz2017_fig14,theta_25_psi_105,0.140625,,,,,1.0,0.0,0.0,false,0.049779214867460335,0.04980389388547522
izraelevitz2017_fig14,theta_25_psi_105,0.1484375,,,,,1.0,0.0,0.0,false,0.061803709460160526,0.061843007410611016
izraelevitz2017_fig14,theta_25_psi_105,0.15625,,,,,1.0,0.0,0.0,false,0.07420188689966876,0.07425755999311853
izraelevitz2017_fig14,theta_25_psi_105,0.1640625,,,,,1.0,0.0,0.0,false,0.0869239375974733,0.08699763385511643
izraelevitz2017_fig14,theta_25_psi_105,0.171875,,,,,1.0,0.0,0.0,false,0.0999022843961046,0.09999549864957552
izraelevitz2017_fig14,theta_25_psi_105,0.1796875,,,,,1.0,0.0,0.0,false,0.11305025987148819,0.11316428038373982
izraelevitz2017_fig14,theta_25_psi_105,0.1875,,,,,1.0,0.0,0.0,false,0.12626084970611864,0.12639669688779873
izraelevitz2017_fig14,theta_25_psi_105,0.1953125,,,,,1.0,0.0,0.0,false,0.13940819811700764,0.13956656228734332
izraelevitz2017_fig14,theta_25_psi_105,0.203125,,,,,1.0,0.0,0.0,false,0.15234914819179374,0.15253032828748847
izraelevitz2017_fig14,theta_25_psi_105,0.2109375,,,,,1.0,0.0,0.0,false,0.16492435050611726,0.16512819442838678
izraelevitz2017_fig14,theta_25_psi_105,0.21875,,,,,1.0,0.0,0.0,false,0.1769608145096193,0.17718666627975146
izraelevitz2017_fig14,theta_25_psi_105,0.2265625,,,,,1.0,0.0,0.0,false,0.18827519497797887,0.1885218525335179
izraelevitz2017_fig14,theta_25_psi_105,0.234375,,,,,1.0,0.0,0.0,false,0.19867776252064662,0.19894344984025553
izraelevitz2017_fig14,theta_25_psi_105,0.2421875,,,,,1.0,0.0,0.0,false,0.20797695085152446,0.20825930768620785
izraelevitz2017_fig14,theta_25_psi_105,0.25,,,,,1.0,0.0,0.0,false,0.21598431841475874,0.2162804101635256
izraelevitz2017_fig14,theta_25_psi_105,0.2578125,,,,,1.0,0.0,0.0,false,0.22251979549457288,0.22282614507502202
izraelevitz2017_fig14,theta_25_psi_105,0.265625,,,,,1.0,0.0,0.0,false,0.22741712708717024,0.22772976986138205
izraelevitz2017_fig14,theta_25_psi_105,0.2734375,,,,,1.0,0.0,0.0,false,0.23052930354063628,0.23084386519802594
izraelevitz2017_fig14,theta_25_psi_105,0.28125,,,,,1.0,0.0,0.0,false,0.2317337413731912,0.23204553740279804
izraelevitz2017_fig14,theta_25_psi_105,0.2890625,,,,,1.0,0.0,0.0,false,0.2309370899471337,0.23124124435126875
izraelevitz2017_fig14,theta_25_psi_105,0.296875,,,,,1.0,0.0,0.0,false,0.22807946308434976,0.2283710427943091
izraelevitz2017_fig14,theta_25_psi_105,0.3046875,,,,,1.0,0.0,0.0,false,0.2231379067844302,0.2234120671735085
izraelevitz2017_fig14,theta_25_psi_105,0.3125,,,,,1.0,0.0,0.0,false,0.21612891679444446,0.21638105275067046
izraelevitz2017_fig14,theta_25_psi_105,0.3203125,,,,,1.0,0.0,0.0,false,0.2071098921369654,0.20733578857402282
izraelevitz2017_fig14,theta_25_psi_105,0.328125,,,,,1.0,0.0,0.0,false,0.19617940190076133,0.19637537716275227
izraelevitz2017_fig14,theta_25_psi_105,0.3359375,,,,,1.0,0.0,0.0,false,0.18347620880496254,0.1836392443942557
izraelevitz2017_fig14,theta_25_psi_105,0.34375,,,,,1.0,0.0,0.0,false,0.16917699564216931,0.16930484594383674
izraelevitz2017_fig14,theta_25_psi_105,0.3515625,,,,,1.0,0.0,0.0,false,0.15349285612114463,0.15358413253100642
izraelevitz2017_fig14,theta_25_psi_105,0.359375,,,,,1.0,0.0,0.0,false,0.13666459974821019,0.13671882456939044
izraelevitz2017_fig14,theta_25_psi_105,0.3671875,,,,,1.0,0.0,0.0,false,0.11895702215208064,0.11897464900264709
izraelevitz2017_fig14,theta_25_psi_105,0.375,,,,,1.0,0.0,0.0,false,0.10065231694451048,0.1006347159701283
izraelevitz2017_fig14,theta_25_psi_105,0.3828125,,,,,1.0,0.0,0.0,false,0.08204283798586118,0.08199224589330897
izraelevitz2017_fig14,theta_25_psi_105,0.390625,,,,,1.0,0.0,0.0,false,0.06342348825242654,0.06334292501843243
izraelevitz2017_fig14,theta_25_psi_105,0.3984375,,,,,1.0,0.0,0.0,false,0.04508401433922937,0.044977170189692516
izraelevitz2017_fig14,theta_25_psi_105,0.40625,,,,,1.0,0.0,0.0,false,0.027301503345510285,0.027172601190032834
izraelevitz2017_fig14,theta_25_psi_105,0.4140625,,,,,1.0,0.0,0.0,false,0.010333373975696879,0.010187013793265903
izraelevitz2017_fig14,theta_25_psi_105,0.421875,,,,,1.0,0.0,0.0,false,-0.005588856716173387,-0.005747864096266328
izraelevitz2017_fig14,theta_25_psi_105,0.4296875,,,,,1.0,0.0,0.0,false,-0.020264787515622672,-0.02043158930281351
izraelevitz2017_fig14,theta_25_psi_105,0.4375,,,,,1.0,0.0,0.0,false,-0.0335291290635434,-0.03369899412090993
izraelevitz2017_fig14,theta_25_psi_105,0.4453125,,,,,1.0,0.0,0.0,false,-0.045254337844326094,-0.04542280756854997
izraelevitz2017_fig14,theta_25_psi_105,0.453125,,,,,1.0,0.0,0.0,false,-0.055351809095222054,-0.05551482904204446
izraelevitz2017_fig14,theta_25_psi_105,0.4609375,,,,,1.0,0.0,0.0,false,-0.06377161870877247,-0.06392564577663963
izraelevitz2017_fig14,theta_25_psi_105,0.46875,,,,,1.0,0.0,0.0,false,-0.07050087460258306,-0.07064295621107902
izraelevitz2017_fig14,theta_25_psi_105,0.4765625,,,,,1.0,0.0,0.0,false,-0.07556080132672977,-0.07568862481551711
izraelevitz2017_fig14,theta_25_psi_105,0.484375,,,,,1.0,0.0,0.0,false,-0.07900274151583125,-0.07911465381518967
izraelevitz2017_fig14,theta_25_psi_105,0.4921875,,,,,1.0,0.0,0.0,false,-0.08090330399048204,-0.08099830333812998
izraelevitz2017_fig14,theta_25_psi_105,0.5,,,,,1.0,0.0,0.0,false,-0.08135891934201755,-0.08143662232057167
izraelevitz2017_fig14,theta_25_psi_105,0.5078125,,,,,1.0,0.0,0.0,false,-0.0804800821838607,-0.0805406705332586
izraelevitz2017_fig14,theta_25_psi_105,0.515625,,,,,1.0,0.0,0.0,false,-0.07838556256442201,-0.07842971501305089
izraelevitz2017_fig14,theta_25_psi_105,0.5234375,,,,,1.0,0.0,0.0,false,-0.07519684889662594,-0.07522566362128046
izraelevitz2017_fig14,theta_25_psi_105,0.53125,,,,,1.0,0.0,0.0,false,-0.071033058315462,-0.07104797159064126
izraelevitz2017_fig14,theta_25_psi_105,0.5390625,,,,,1.0,0.0,0.0,false,-0.06600652446289536,-0.06600923063303155
izraelevitz2017_fig14,theta_25_psi_105,0.546875,,,,,1.0,0.0,0.0,false,-0.06020397240070851,-0.06021159524269853
izraelevitz2017_fig14,theta_25_psi_105,0.5546875,,,,,1.0,0.0,0.0,false,-0.05372813689062396,-0.05374409210859813
izraelevitz2017_fig14,theta_25_psi_105,0.5625,,,,,1.0,0.0,0.0,false,-0.046658749246584565,-0.04668097545248143
izraelevitz2017_fig14,theta_25_psi_105,0.5703125,,,,,1.0,0.0,0.0,false,-0.039054627178602724,-0.03908103948984311
izraelevitz2017_fig14,theta_25_psi_105,0.578125,,,,,1.0,0.0,0.0,false,-0.03095935055211303,-0.03098786930410546
izraelevitz2017_fig14,theta_25_psi_105,0.5859375,,,,,1.0,0.0,0.0,false,-0.02240241768349876,-0.02243098561814595
izraelevitz2017_fig14,theta_25_psi_105,0.59375,,,,,1.0,0.0,0.0,false,-0.01340114782870892,-0.013427737561756907
izraelevitz2017_fig14,theta_25_psi_105,0.6015625,,,,,1.0,0.0,0.0,false,-0.003963215548963565,-0.003985829872990843
izraelevitz2017_fig14,theta_25_psi_105,0.609375,,,,,1.0,0.0,0.0,false,0.005910304485396246,0.005893636417288919
izraelevitz2017_fig14,theta_25_psi_105,0.6171875,,,,,1.0,0.0,0.0,false,0.016221565844839296,0.016212793457598254
izraelevitz2017_fig14,theta_25_psi_105,0.625,,,,,1.0,0.0,0.0,false,0.026972386331223466,0.02697344066661031
izraelevitz2017_fig14,theta_25_psi_105,0.6328125,,,,,1.0,0.0,0.0,false,0.03816064018098377,0.03817343226344442
izraelevitz2017_fig14,theta_25_psi_105,0.640625,,,,,1.0,0.0,0.0,false,0.0497767464134338,0.04980315860387911
izraelevitz2017_fig14,theta_25_psi_105,0.6484375,,,,,1.0,0.0,0.0,false,0.06180039752698657,0.061842266111307005
izraelevitz2017_fig14,theta_25_psi_105,0.65625,,,,,1.0,0.0,0.0,false,0.07419772614175348,0.07425681422115044
izraelevitz2017_fig14,theta_25_psi_105,0.6640625,,,,,1.0,0.0,0.0,false,0.0869189248226929,0.08699688521179089
izraelevitz2017_fig14,theta_25_psi_105,0.671875,,,,,1.0,0.0,0.0,false,0.09989642015157897,0.09999474879371449
izraelevitz2017_fig14,theta_25_psi_105,0.6796875,,,,,1.0,0.0,0.0,false,0.11304355016824628,0.11316353105979328
izraelevitz2017_fig14,theta_25_psi_105,0.6875,,,,,1.0,0.0,0.0,false,0.12625330786331326,0.12639594996258904
izraelevitz2017_fig14,theta_25_psi_105,0.6953125,,,,,1.0,0.0,0.0,false,0.1393998462158575,0.13956581958722983
izraelevitz2017_fig14,theta_25_psi_105,0.703125,,,,,1.0,0.0,0.0,false,0.1523400185923713,0.15252959167267574
izraelevitz2017_fig14,theta_25_psi_105,0.7109375,,,,,1.0,0.0,0.0,false,0.16491448718315202,0.16512746579539286
izraelevitz2017_fig14,theta_25_psi_105,0.71875,,,,,1.0,0.0,0.0,false,0.17695027411834718,0.17718594755036104
izraelevitz2017_fig14,theta_25_psi_105,0.7265625,,,,,1.0,0.0,0.0,false,0.18826404759671653,0.188521145641266
izraelevitz2017_fig14,theta_25_psi_105,0.734375,,,,,1.0,0.0,0.0,false,0.1986660920159166,0.19894275671634545
izraelevitz2017_fig14,theta_25_psi_105,0.7421875,,,,,1.0,0.0,0.0,false,0.20796485481822005,0.2082586302408102
izraelevitz2017_fig14,theta_25_psi_105,0.75,,,,,1.0,0.0,0.0,false,0.2159719076743757,0.21627975026999596
izraelevitz2017_fig14,theta_25_psi_105,0.7578125,,,,,1.0,0.0,0.0,false,0.2225071931286592,0.22282550454841424
izraelevitz2017_fig14,theta_25_psi_105,0.765625,,,,,1.0,0.0,0.0,false,0.22740446701160788,0.22772915044130038
izraelevitz2017_fig14,theta_25_psi_105,0.7734375,,,,,1.0,0.0,0.0,false,0.2305167286297845,0.230843268528851
izraelevitz2017_fig14,theta_25_psi_105,0.78125,,,,,1.0,0.0,0.0,false,0.2317214011710993,0.23204496501136274
izraelevitz2017_fig14,theta_25_psi_105,0.7890625,,,,,1.0,0.0,0.0,false,0.23092513802063738,0.23124069763094088
izraelevitz2017_fig14,theta_25_psi_105,0.796875,,,,,1.0,0.0,0.0,false,0.22806805407134498,0.22837052298535757
izraelevitz2017_fig14,theta_25_psi_105,0.8046875,,,,,1.0,0.0,0.0,false,0.22312719322359242,0.22341157534791684
izraelevitz2017_fig14,theta_25_psi_105,0.8125,,,,,1.0,0.0,0.0,false,0.21611904582427302,0.21638058979742641
izraelevitz2017_fig14,theta_25_psi_105,0.8203125,,,,,1.0,0.0,0.0,false,0.2071010021646655,0.20733535518713075
izraelevitz2017_fig14,theta_25_psi_105,0.828125,,,,,1.0,0.0,0.0,false,0.19617161934808297,0.19637497383312544
izraelevitz2017_fig14,theta_25_psi_105,0.8359375,,,,,1.0,0.0,0.0,false,0.18346964503652644,0.18363887140373278
izraelevitz2017_fig14,theta_25_psi_105,0.84375,,,,,1.0,0.0,0.0,false,0.16917174418495048,0.16930450336233413
izraelevitz2017_fig14,theta_25_psi_105,0.8515625,,,,,1.0,0.0,0.0,false,0.15348899027573495,0.1535838202183935
izraelevitz2017_fig14,theta_25_psi_105,0.859375,,,,,1.0,0.0,0.0,false,0.13666217068137837,0.13671854218079166
izraelevitz2017_fig14,theta_25_psi_105,0.8671875,,,,,1.0,0.0,0.0,false,0.11895605754368554,0.11897439599590592
izraelevitz2017_fig14,theta_25_psi_105,0.875,,,,,1.0,0.0,0.0,false,0.10065282024949367,0.10063449161924692
izraelevitz2017_fig14,theta_25_psi_105,0.8828125,,,,,1.0,0.0,0.0,false,0.08204478834198473,0.08199204930222155
izraelevitz2017_fig14,theta_25_psi_105,0.890625,,,,,1.0,0.0,0.0,false,0.06342684104986937,0.06334275513999993
izraelevitz2017_fig14,theta_25_psi_105,0.8984375,,,,,1.0,0.0,0.0,false,0.045088702434909395,0.04497702584597905
izraelevitz2017_fig14,theta_25_psi_105,0.90625,,,,,1.0,0.0,0.0,false,0.027307438884187046,0.02717248109428069
izraelevitz2017_fig14,theta_25_psi_105,0.9140625,,,,,1.0,0.0,0.0,false,0.010340450755778536,0.010186916573816788
izraelevitz2017_fig14,theta_25_psi_105,0.921875,,,,,1.0,0.0,0.0,false,-0.005580760418545544,-0.005747939872095647
izraelevitz2017_fig14,theta_25_psi_105,0.9296875,,,,,1.0,0.0,0.0,false,-0.020255805766343876,-0.020431645104488506
izraelevitz2017_fig14,theta_25_psi_105,0.9375,,,,,1.0,0.0,0.0,false,-0.03351940485179031,-0.03369903143132601
izraelevitz2017_fig14,theta_25_psi_105,0.9453125,,,,,1.0,0.0,0.0,false,-0.04524401955027135,-0.045422827861695415
izraelevitz2017_fig14,theta_25_psi_105,0.953125,,,,,1.0,0.0,0.0,false,-0.055341046972868665,-0.05551483376268445
izraelevitz2017_fig14,theta_25_psi_105,0.9609375,,,,,1.0,0.0,0.0,false,-0.06376056150840684,-0.06392563632208313
izraelevitz2017_fig14,theta_25_psi_105,0.96875,,,,,1.0,0.0,0.0,false,-0.07048966644877838,-0.0706429339156043
izraelevitz2017_fig14,theta_25_psi_105,0.9765625,,,,,1.0,0.0,0.0,false,-0.07554957895326093,-0.07568859093763217
izraelevitz2017_fig14,theta_25_psi_105,0.984375,,,,,1.0,0.0,0.0,false,-0.07899163194012687,-0.07911460952794196
izraelevitz2017_fig14,theta_25_psi_105,0.9921875,,,,,1.0,0.0,0.0,false,-0.08089242268776538,-0.0809982497222741
baik2012,W1,0.0,0.49393112126785826,0.04389693808547887,0.4364289963306539,0.03848638877537684,1.0,0.0,0.0,false,,
baik2012,W1,0.0078125,0.5125310550107269,0.03661421718293825,0.48753943798288885,0.034880885717494974,1.0,0.0,0.0,false,,
baik2012,W1,0.015625,0.5662506605255128,0.0325327066026648,0.5398632069629739,0.029642126820851905,1.0,0.0,0.0,false,,
baik2012,W1,0.0234375,0.6195721734375814,0.026675805743485055,0.593258125429791,0.022712345310636785,1.0,0.0,0.0,false,,
baik2012,W1,0.03125,0.68250016230841,0.02001897266494922,0.6476780616361537,0.014056204083126736,1.0,0.0,0.0,false,,
baik2012,W1,0.0390625,0.748370510515385,0.011697466979547532,0.7030399111129616,0.0036447959346239765,1.0,0.0,0.0,false,,
baik2012,W1,0.046875,0.8108340222836927,0.0011798736106522836,0.7592473024988702,-0.008539889680430113,1.0,0.0,0.0,false,,
baik2012,W1,0.0546875,0.9883085250718491,-0.004026528386562558,1.5444409270468773,0.055674840834575065,0.0,1.0,0.0,false,,
baik2012,W1,0.0625,0.9316160282891388,-0.025548608274217267,1.1183037369153959,0.015393405629851989,0.0,1.0,0.0,false,,
baik2012,W1,0.0703125,0.9117873190455181,-0.04479790168142443,0.8472637266916245,-0.009606550904864473,0.0,1.0,0.0,false,,
baik2012,W1,0.078125,1.050704115903667,-0.0591134798376517,1.2454616860828427,-0.008277304298926952,0.0,1.0,0.0,false,,
baik2012,W1,0.0859375,1.0963526542652975,-0.07821771319360299,1.2499870411466656,-0.02327511733612657,0.0,1.0,0.0,false,,
baik2012,W1,0.09375,1.0822497984981183,-0.09442563451138454,1.0113943101755214,-0.04116254939591277,0.0,1.0,0.0,false,,
baik2012,W1,0.1015625,1.1579442329405096,-0.10469620283778253,1.1618235011533522,-0.05356655681263929,0.0,1.0,0.0,false,,
baik2012,W1,0.109375,1.1787121163878749,-0.1113663333585483,1.0907861742733362,-0.06721952584242818,0.0,1.0,0.0,false,,
baik2012,W1,0.1171875,1.3427299866344582,-0.11702986790958105,1.630229022917667,-0.0886095673838379,0.0,1.0,0.0,false,,
baik2012,W1,0.125,1.4638446864747383,-0.12224959683801166,1.9952520885300165,-0.11469640228005684,0.0,1.0,0.0,false,,
baik2012,W1,0.1328125,1.4213141495489572,-0.12357480061487988,1.6771542595160298,-0.1250239312448928,0.0,1.0,0.0,false,,
baik2012,W1,0.140625,1.1087828163739537,-0.1146370606743034,0.22838932458179384,-0.08682625217309245,0.0,1.0,0.0,false,,
baik2012,W1,0.1484375,1.4862808262013891,-0.1346183045197244,1.6770594881221097,-0.15893411438476582,0.0,1.0,0.0,false,,
baik2012,W1,0.15625,1.7351156499178766,-0.15623902179318466,2.58473005573605,-0.2220694560217935,0.0,1.0,0.0,false,,
baik2012,W1,0.1640625,1.7936130192963353,-0.17390622146979062,2.6926502527514034,-0.24939587611956962,0.0,1.0,0.0,false,,
baik2012,W1,0.171875,1.50818814775978,-0.1723286270650142,1.3612043989986984,-0.18561768158320266,0.0,1.0,0.0,false,,
baik2012,W1,0.1796875,1.6938950893378086,-0.19956179036431504,2.013770382683621,-0.24285210819266725,0.0,1.0,0.0,false,,
baik2012,W1,0.1875,1.9346349664290228,-0.23211045466268013,2.9056583111841094,-0.3229877769413764,0.0,1.0,0.0,false,,
baik2012,W1,0.1953125,1.8987915276322362,-0.24472498897097877,2.646592433454298,-0.32057031545734127,0.0,1.0,0.0,false,,
baik2012,W1,0.203125,1.9051699166531235,-0.25975348877086557,2.574281578113619,-0.32978741793756006,0.0,1.0,0.0,false,,
baik2012,W1,0.2109375,1.7940196391322414,-0.2642058245866221,2.0188695961412697,-0.2965830412085213,0.0,1.0,0.0,false,,
baik2012,W1,0.21875,1.8988020822277965,-0.2858898880052986,2.3801540084858828,-0.3381030649607766,0.0,1.0,0.0,false,,
baik2012,W1,0.2265625,1.7913827884930211,-0.288437198351555,1.8613971498898516,-0.302130933814,0.0,1.0,0.0,false,,
baik2012,W1,0.234375,1.81868798931698,-0.3017842865964031,1.9193062188694074,-0.31477032563698315,0.0,1.0,0.0,false,,
baik2012,W1,0.2421875,2.01820229182961,-0.3297685928132725,2.7123543992717027,-0.39262141889914304,0.0,1.0,0.0,false,,
baik2012,W1,0.25,1.8575153209023423,-0.324121742616203,2.002515039231084,-0.33315711525022057,0.0,1.0,0.0,false,,
baik2012,W1,0.2578125,1.8323311333791001,-0.3295517976246114,1.8732504296589465,-0.3246358882653715,0.0,1.0,0.0,false,,
baik2012,W1,0.265625,1.81318492722247,-0.33431738842559017,1.7802134199493334,-0.3180103744431501,0.0,1.0,0.0,false,,
baik2012,W1,0.2734375,2.005874384719976,-0.3565048573701355,2.5906015413881036,-0.3897799724730867,0.0,1.0,0.0,false,,
baik2012,W1,0.28125,2.0612508932852736,-0.36472493006031576,2.833466395207308,-0.40794755101064306,0.0,1.0,0.0,false,,
baik2012,W1,0.2890625,1.859355784327246,-0.3495745836592291,2.0005841333847516,-0.3328569682481776,0.0,1.0,0.0,false,,
baik2012,W1,0.296875,1.9866034453680017,-0.36057703795364665,2.5666451444814777,-0.373650498419967,0.0,1.0,0.0,false,,
baik2012,W1,0.3046875,1.9630353034266355,-0.3574556751404962,2.5048885276624677,-0.3603531771738425,0.0,1.0,0.0,false,,
baik2012,W1,0.3125,1.8570782608645593,-0.3468170449850283,2.1026606527089458,-0.3207911214831576,0.0,1.0,0.0,false,,
baik2012,W1,0.3203125,1.802712239092416,-0.3389765017524195,1.926233669921063,-0.2985628664883646,0.0,1.0,0.0,false,,
baik2012,W1,0.328125,1.742082941679007,-0.3296194398271479,1.730241378003279,-0.27531747048688293,0.0,1.0,0.0,false,,
baik2012,W1,0.3359375,1.9653593921567045,-0.33568761103027456,2.7469302032576866,-0.32288601859506605,0.0,1.0,0.0,false,,
baik2012,W1,0.34375,1.7333343167260915,-0.31625455937307345,1.8315278386575118,-0.2569190939606861,0.0,1.0,0.0,false,,
baik2012,W1,0.3515625,1.764982953227515,-0.31442604240003547,2.035232361479306,-0.2517681903300812,0.0,1.0,0.0,false,,
baik2012,W1,0.359375,1.709403970122696,-0.31076438967225817,1.8666339700279215,-0.22833035343616825,0.0,1.0,0.0,false,,
baik2012,W1,0.3671875,1.6494287643076164,-0.30858397758226486,1.6795632553401294,-0.20558062438567376,0.0,1.0,0.0,false,,
baik2012,W1,0.375,1.668195376292618,-0.3086287370423467,1.8315426217077067,-0.19247826229726264,0.0,1.0,0.0,false,,
baik2012,W1,0.3828125,1.5224622651648096,-0.3039703554915476,1.2846463005012028,-0.1655492598221807,0.0,1.0,0.0,false,,
baik2012,W1,0.390625,1.7464522471177042,-0.30075665177126815,2.329543815049104,-0.15712582536293368,0.0,1.0,0.0,false,,
baik2012,W1,0.3984375,1.6081570499221094,-0.28984224866976155,1.8314574419076037,-0.13341272999357312,0.0,1.0,0.0,false,,
baik2012,W1,0.40625,1.6605222276790117,-0.2734242751070029,2.164083997857221,-0.10815375577102082,0.0,1.0,0.0,false,,
baik2012,W1,0.4140625,1.4979042447895063,-0.25405374738745823,1.5850552906491715,-0.0953132016694313,0.0,1.0,0.0,false,,
baik2012,W1,0.421875,1.4564895660834791,-0.2285815078120847,1.538925194728469,-0.07652412685834065,0.0,1.0,0.0,false,,
baik2012,W1,0.4296875,1.5097328688032847,-0.19916026305306864,1.9052224017060544,-0.041157823758232404,0.0,1.0,0.0,false,,
baik2012,W1,0.4375,1.3849596697439535,-0.17739969071395228,1.5049042046217427,-0.037384352635713186,0.0,1.0,0.0,false,,
baik2012,W1,0.4453125,1.380217884923113,-0.1504624545257855,1.626361407349321,-0.009194987543996613,0.0,1.0,0.0,false,,
baik2012,W1,0.453125,1.3378151320796972,-0.1261396991713839,1.5872699989416212,0.010171230666508824,0.0,1.0,0.0,false,,
baik2012,W1,0.4609375,1.2976162252631516,-0.1024061415119815,1.5601803080615269,0.029927031825337375,0.0,1.0,0.0,false,,
baik2012,W1,0.46875,1.276993266677741,-0.07763344381912474,1.6207818055424124,0.05758680402371909,0.0,1.0,0.0,false,,
baik2012,W1,0.4765625,1.1479669443625906,-0.06483834067772141,1.2110110081054737,0.036781084658707275,0.0,1.0,0.0,false,,
baik2012,W1,0.484375,1.2058846539930466,-0.03303050502882014,1.6193962670054596,0.10308680723200016,0.0,1.0,0.0,false,,
baik2012,W1,0.4921875,1.119154428268526,-0.01857638412151767,1.3982387562279643,0.09806230701168604,0.0,1.0,0.0,false,,
baik2012,W1,0.5,1.1157501611673384,0.005404022162619034,1.544060285829977,0.13953861745743099,0.0,1.0,0.0,false,,
baik2012,W1,0.5078125,0.972222794661082,0.007911634042310206,1.0771557845644022,0.09187450127832404,0.0,1.0,0.0,false,,
baik2012,W1,0.515625,0.9383776039916931,0.02474227144585617,1.0934195225314938,0.11236954408594117,0.0,1.0,0.0,false,,
baik2012,W1,0.5234375,0.897323733732849,0.03921433069018866,1.080023719536177,0.12807798435133969,0.0,1.0,0.0,false,,
baik2012,W1,0.53125,0.8253310214950266,0.04666494311452045,0.9319522133998523,0.11859440201633967,0.0,1.0,0.0,false,,
baik2012,W1,0.5390625,0.7602065049412464,0.05351208545306595,0.8155238609730385,0.112334567146225,0.0,1.0,0.0,false,,
baik2012,W1,0.546875,0.6857375880032868,0.056560560718482214,0.658915213462881,0.09529807684900111,0.0,1.0,0.0,false,,
baik2012,W1,0.5546875,0.6794888533265881,0.07238695445763198,0.8056771796009479,0.14103788522435795,0.0,1.0,0.0,false,,
baik2012,W1,0.5625,0.596574277149603,0.06979883097016276,0.6134597271904093,0.11136040162617017,0.0,1.0,0.0,false,,
baik2012,W1,0.5703125,0.5785853013023101,0.08044369433624968,0.7102243704635337,0.14670116702636785,0.0,1.0,0.0,false,,
baik2012,W1,0.578125,0.5556064142928857,0.0887875372633419,0.7854780211087585,0.17811540797335668,0.0,1.0,0.0,false,,
baik2012,W1,0.5859375,0.5103696005601843,0.09014262027524039,0.4377685496964651,0.06286165170510961,1.0,0.0,0.0,false,,
baik2012,W1,0.59375,0.4117102420223692,0.07529441676377245,0.38661718768054265,0.061058561497933025,1.0,0.0,0.0,false,,
baik2012,W1,0.6015625,0.3739560635188852,0.07510389869316395,0.335752211254251,0.057582778785974745,1.0,0.0,0.0,false,,
baik2012,W1,0.609375,0.27056380630044097,0.05419634192130679,0.28531754082142935,0.052510106039688316,1.0,0.0,0.0,false,,
baik2012,W1,0.6171875,0.22601713541791485,0.048496374300616624,0.2354675265310324,0.04593335789369358,1.0,0.0,0.0,false,,
baik2012,W1,0.625,0.13068555280538988,0.02547065308253984,0.1863661798916055,0.037962528249117694,1.0,0.0,0.0,false,,
baik2012,W1,0.6328125,0.12185829402497769,0.02782012119531124,0.13818610716375665,0.028724649277469896,1.0,0.0,0.0,false,,
baik2012,W1,0.640625,0.025176485834360017,0.0005034936417305357,0.09110716195102965,0.01836329859823173,1.0,0.0,0.0,false,,
baik2012,W1,0.6484375,-0.015693687576636625,-0.010182523490524648,0.04531477216032902,0.007037696037635646,1.0,0.0,0.0,false,,
baik2012,W1,0.65625,-0.04867181799299452,-0.01932394662228293,0.0009979559897612623,-0.005078645111015865,1.0,0.0,0.0,false,,
baik2012,W1,0.6640625,-0.1176692715165169,-0.04205892085529113,-0.04165294624644156,-0.017799732752212943,1.0,0.0,0.0,false,,
baik2012,W1,0.671875,-0.1680395812131952,-0.05947689868167142,-0.0824488104975239,-0.030929388495267378,1.0,0.0,0.0,false,,
baik2012,W1,0.6796875,-0.20185891211996793,-0.07188699228791454,-0.12120443961396657,-0.04426398515840011,1.0,0.0,0.0,false,,
baik2012,W1,0.6875,-0.2295899546519831,-0.08274288821028668,-0.15774133153653336,-0.05759556977299882,1.0,0.0,0.0,false,,
baik2012,W1,0.6953125,-0.26847635048555324,-0.0982607937547204,-0.19189046778312546,-0.07071532065679524,1.0,0.0,0.0,false,,
baik2012,W1,0.703125,-0.2997386151812117,-0.11141108483848722,-0.2234951758987504,-0.08341730400900003,1.0,0.0,0.0,false,,
baik2012,W1,0.7109375,-0.30712299390862385,-0.11581553791229474,-0.25241395314806037,-0.09550241799602796,1.0,0.0,0.0,false,,
baik2012,W1,0.71875,-0.3073854421474332,-0.11755393892812105,-0.27852304107459713,-0.10678235640294825,1.0,0.0,0.0,false,,
baik2012,W1,0.7265625,-0.2803435134615936,-0.10872645524556111,-0.3017186097779105,-0.11708343437346573,1.0,0.0,0.0,false,,
baik2012,W1,0.734375,-0.2793883762889617,-0.10976872528017141,-0.3219184737053768,-0.1262501356224772,1.0,0.0,0.0,false,,
baik2012,W1,0.7421875,-0.27705928691331083,-0.11013370282358373,-0.33906326253950014,-0.13414824129720088,1.0,0.0,0.0,false,,
baik2012,W1,0.75,-0.29238985568708015,-0.11715171910050644,-0.35311699728274193,-0.14066741757636933,1.0,0.0,0.0,false,,
baik2012,W1,0.7578125,-0.31131719384670575,-0.12532417043332952,-0.3640670515537057,-0.1457231642062949,1.0,0.0,0.0,false,,
baik2012,W1,0.765625,-0.32424948224533645,-0.1308690953573746,-0.15725978453357486,-0.06645734107877052,0.0,1.0,0.0,false,,
baik2012,W1,0.7734375,-0.33408617509779903,-0.13486215949227207,-0.18498674322829595,-0.0775747302115328,0.0,1.0,0.0,false,,
baik2012,W1,0.78125,-0.33943773853262293,-0.13674334586556666,-0.20305212706947318,-0.08461772681009364,0.0,1.0,0.0,false,,
baik2012,W1,0.7890625,-0.3391103503640813,-0.13606309553076057,-0.20588232443943286,-0.08549448310413436,0.0,1.0,0.0,false,,
baik2012,W1,0.796875,-0.3358204968674991,-0.13388771486837722,-0.2054057962934153,-0.08483129993236349,0.0,1.0,0.0,false,,
baik2012,W1,0.8046875,-0.3250663160122617,-0.12857888734108497,-0.1811694817311162,-0.07505769902578795,0.0,1.0,0.0,false,,
baik2012,W1,0.8125,-0.3171100126995513,-0.12402858490593574,-0.17872291542301655,-0.07326819876242388,0.0,1.0,0.0,false,,
baik2012,W1,0.8203125,-0.3047089070452286,-0.11760666449568716,-0.1652851043926964,-0.06732036990875603,0.0,1.0,0.0,false,,
baik2012,W1,0.828125,-0.29289905547394673,-0.1112141414996657,-0.16289810589030237,-0.06525873680293427,0.0,1.0,0.0,false,,
baik2012,W1,0.8359375,-0.276134946433264,-0.10295042233777878,-0.14647678554372245,-0.058158423949821084,0.0,1.0,0.0,false,,
baik2012,W1,0.84375,-0.2567325466484615,-0.09376561765989995,-0.1259584979206902,-0.04976303580095621,0.0,1.0,0.0,false,,
baik2012,W1,0.8515625,-0.2368273739221721,-0.08449639022179602,-0.11042044379698596,-0.0432680348807506,0.0,1.0,0.0,false,,
baik2012,W1,0.859375,-0.21180531697924154,-0.07370894308154426,-0.07911826372514566,-0.03182046539223787,0.0,1.0,0.0,false,,
baik2012,W1,0.8671875,-0.18637564638950313,-0.06310710439973423,-0.05253942518021043,-0.022432411124657117,0.0,1.0,0.0,false,,
baik2012,W1,0.875,-0.1591669976575066,-0.052350707683274364,-0.19892643927930045,-0.06392826922663712,1.0,0.0,0.0,false,,
baik2012,W1,0.8828125,-0.1292614252173723,-0.04128479255278281,-0.17038248616058727,-0.05272229455738741,1.0,0.0,0.0,false,,
baik2012,W1,0.890625,-0.10037303927685859,-0.03114578151630685,-0.14016599228690063,-0.04159265902380013,1.0,0.0,0.0,false,,
baik2012,W1,0.8984375,-0.0660731992946755,-0.02016058421226164,-0.10833631584304707,-0.03067799179435641,1.0,0.0,0.0,false,,
baik2012,W1,0.90625,-0.031638545711332226,-0.010000670626835389,-0.07494424673593718,-0.020111701495585072,1.0,0.0,0.0,false,,
baik2012,W1,0.9140625,0.003619399006144157,-0.0005592324531286516,-0.04003269089361821,-0.01002165969459147,1.0,0.0,0.0,false,,
baik2012,W1,0.921875,0.041620067483153535,0.008556066250003594,-0.0036375594032107056,-0.000530072073056895,1.0,0.0,0.0,false,,
baik2012,W1,0.9296875,0.07904753089080854,0.016396802722517614,0.0342111812280326,0.008246512489638019,1.0,0.0,0.0,false,,
baik2012,W1,0.9375,0.12182837984443612,0.024288120097455478,0.07348833803399786,0.016197103185435918,1.0,0.0,0.0,false,,
baik2012,W1,0.9453125,0.16237391419790081,0.030333070978995763,0.11417223607277456,0.02321612394366157,1.0,0.0,0.0,false,,
baik2012,W1,0.953125,0.20755078820413558,0.0359847560604745,0.15624340987843824,0.029203266032163708,1.0,0.0,0.0,false,,
baik2012,W1,0.9609375,0.25313885937552794,0.04018635174063251,0.19968326781774137,0.034063371815779356,1.0,0.0,0.0,false,,
baik2012,W1,0.96875,0.30650171187050745,0.0442433470497623,0.2444727495853174,0.03770637926686177,1.0,0.0,0.0,false,,
baik2012,W1,0.9765625,0.35539560332354025,0.04575058540294547,0.29059099289770024,0.040047351493092256,1.0,0.0,0.0,false,,
baik2012,W1,0.984375,0.38841057599704754,0.044511736234329975,0.3380140209973074,0.0410066102728474,1.0,0.0,0.0,false,,
baik2012,W1,0.9921875,0.43711376734051843,0.044428142980571655,0.3867134572424388,0.040509987470943455,1.0,0.0,0.0,false,,
baik2012,W2,0.0,-1.7583184829799872,-0.23491173814659647,-1.8921838734926313,-0.26412610665783826,0.0,1.0,0.0,false,,
baik2012,W2,0.0078125,-1.7799020089701025,-0.1855945393058152,-2.3502985556457334,-0.25757627144189915,0.0,1.0,0.0,false,,
baik2012,W2,0.015625,-1.5301876773654781,-0.11346470787178185,-1.6642244626526586,-0.13112659748809918,0.0,1.0,0.0,false,,
baik2012,W2,0.0234375,-1.4818157129767011,-0.06717682726904371,-1.8970310282454237,-0.09376439554348034,0.0,1.0,0.0,false,,
baik2012,W2,0.03125,-1.3557130809901239,-0.022472003524185668,-1.8272040710647879,-0.03616798764085807,0.0,1.0,0.0,false,,
baik2012,W2,0.0390625,-1.1778429788874776,0.01412592356735399,-1.5666992558970656,0.01617558127466187,0.0,1.0,0.0,false,,
baik2012,W2,0.046875,-1.0531903310872388,0.04161844616741396,-1.5721903116684928,0.06167647573891789,0.0,1.0,0.0,false,,
baik2012,W2,0.0546875,-0.8945610073944235,0.0593474110208659,-1.4598794042739365,0.09989668180899672,0.0,1.0,0.0,false,,
baik2012,W2,0.0625,-0.6567442929771747,0.060683393751824355,-1.029682591887864,0.1039551212009123,0.0,1.0,0.0,false,,
baik2012,W2,0.0703125,-0.47900278129849316,0.05504947386654761,-0.88662172316666,0.11665601718356439,0.0,1.0,0.0,false,,
baik2012,W2,0.078125,-0.3622820590050634,0.04748289326685045,-1.0312218882346802,0.1611661642692426,0.0,1.0,0.0,false,,
baik2012,W2,0.0859375,-0.10283100119410349,0.009654067570164394,-0.5709553156946481,0.11279046821365302,0.0,1.0,0.0,false,,
baik2012,W2,0.09375,0.13361896736458412,-0.03233041935796437,-0.22067805779789437,0.06122171898955717,0.0,1.0,0.0,false,,
baik2012,W2,0.1015625,0.31312243109068055,-0.06759736432575138,-0.12466016748108838,0.04620362699252803,0.0,1.0,0.0,false,,
baik2012,W2,0.109375,0.44723109293991287,-0.09495017965527654,0.6584261429603864,-0.20066946434535735,1.0,0.0,0.0,false,,
baik2012,W2,0.1171875,0.7075971817154519,-0.15682496916275396,0.8695955350103459,-0.28404487678078805,1.0,0.0,0.0,false,,
baik2012,W2,0.125,0.954607326231573,-0.22323862431291364,1.0809656004997112,-0.37848432812084953,1.0,0.0,0.0,false,,
baik2012,W2,0.1328125,1.1596583240551646,-0.28576240397545105,1.2914842017338681,-0.4832604376753533,1.0,0.0,0.0,false,,
baik2012,W2,0.140625,1.4278173243223446,-0.37756061436023935,1.5000927799580148,-0.5974611168398359,1.0,0.0,0.0,false,,
baik2012,W2,0.1484375,1.6451803729064651,-0.46455398000976583,1.7057200385167004,-0.719981844578263,1.0,0.0,0.0,false,,
baik2012,W2,0.15625,1.7797872939666706,-0.5335860299173356,1.907276857558262,-0.8495204126676161,1.0,0.0,0.0,false,,
baik2012,W2,0.1640625,2.0396422980615707,-0.6611177177633041,1.9001902434222528,-0.7340263224423291,0.0,1.0,0.0,false,,
baik2012,W2,0.171875,2.1786770037800833,-0.7520516178137565,1.8599683557019524,-0.7569761790692462,0.0,1.0,0.0,false,,
baik2012,W2,0.1796875,2.392308725196889,-0.8773136050493332,2.1681396180480204,-0.9218999650340046,0.0,1.0,0.0,false,,
baik2012,W2,0.1875,2.6652480532661027,-1.0328382761213022,2.762222802259322,-1.216203072352441,0.0,1.0,0.0,false,,
baik2012,W2,0.1953125,2.7630187979398086,-1.1166052116024354,2.6268986437167627,-1.2017158556439838,0.0,1.0,0.0,false,,
baik2012,W2,0.203125,2.8578620850435392,-1.1993766073668415,2.5148397846064765,-1.1915474309059477,0.0,1.0,0.0,false,,
baik2012,W2,0.2109375,3.27742812195744,-1.4314733749066333,3.853654331369082,-1.8444977910986953,0.0,1.0,0.0,false,,
baik2012,W2,0.21875,3.1519764616791757,-1.412257567166714,2.865630252947311,-1.4242689945263993,0.0,1.0,0.0,false,,
baik2012,W2,0.2265625,3.4856651049739016,-1.60613948859561,3.917981825562973,-1.954445710479058,0.0,1.0,0.0,false,,
baik2012,W2,0.234375,3.3516242469288624,-1.575531644099036,2.982908922110287,-1.5371399624543143,0.0,1.0,0.0,false,,
baik2012,W2,0.2421875,3.878891589746276,-1.858426555079903,4.9682946978766545,-2.514487603389386,0.0,1.0,0.0,false,,
baik2012,W2,0.25,3.5144593481409716,-1.7076616084088978,3.121738890706724,-1.6411003266076527,0.0,1.0,0.0,false,,
baik2012,W2,0.2578125,3.670747401830508,-1.8026308914869107,3.5811350984716426,-1.8722998276103437,0.0,1.0,0.0,false,,
baik2012,W2,0.265625,4.066317543354907,-2.0060751072013407,5.120010985114889,-2.612478882434108,0.0,1.0,0.0,false,,
baik2012,W2,0.2734375,4.008916810819809,-1.9850273233851194,4.723881548093978,-2.413834630815145,0.0,1.0,0.0,false,,
baik2012,W2,0.28125,3.6898031540089526,-1.8349479423775912,3.218979056366667,-1.6905960535705369,0.0,1.0,0.0,false,,
baik2012,W2,0.2890625,4.1908840421150195,-2.060562660392773,5.3065526783092425,-2.637243096315815,0.0,1.0,0.0,false,,
baik2012,W2,0.296875,3.983302244567869,-1.9498640133995169,4.3303460422294595,-2.154795236017311,0.0,1.0,0.0,false,,
baik2012,W2,0.3046875,4.067372901977744,-1.9644116388294335,4.637285418308699,-2.249556130669788,0.0,1.0,0.0,false,,
baik2012,W2,0.3125,3.917204340919239,-1.8690149956428095,3.933962946692323,-1.8960968754545091,0.0,1.0,0.0,false,,
baik2012,W2,0.3203125,4.1236629611917905,-1.9180210325446927,4.788657272710043,-2.199884928472204,0.0,1.0,0.0,false,,
baik2012,W2,0.328125,4.102685202238632,-1.8627616977497081,4.655092908405089,-2.0765345411757785,0.0,1.0,0.0,false,,
baik2012,W2,0.3359375,4.0738147429380955,-1.7979893468419381,4.486612254462756,-1.9370392639528804,0.0,1.0,0.0,false,,
baik2012,W2,0.34375,3.9076034590836066,-1.6808800125367391,3.9646194316329892,-1.711813253614272,0.0,0.0,1.0,false,,
baik2012,W2,0.3515625,4.428456305851483,-1.8079072118661212,3.9800735686631996,-1.668641804576061,0.0,0.0,1.0,false,,
baik2012,W2,0.359375,3.9875545721628973,-1.5986062572770552,3.9972994894916885,-1.6249279993860113,0.0,0.0,1.0,false,,
baik2012,W2,0.3671875,4.2754513993569585,-1.6269564000766328,4.015998631214351,-1.5781367164427291,0.0,0.0,1.0,false,,
baik2012,W2,0.375,4.216479687588706,-1.539324342792411,4.035522265657082,-1.5256257425914954,0.0,0.0,1.0,false,,
baik2012,W2,0.3828125,3.946679010741461,-1.3924799359778604,4.054916205487339,-1.4649150207958572,0.0,0.0,1.0,false,,
baik2012,W2,0.390625,4.508418186428519,-1.448602774852087,4.072986127453522,-1.3939093000543237,0.0,0.0,1.0,false,,
baik2012,W2,0.3984375,3.8560290799384287,-1.2086860982774952,4.088378709674959,-1.3110632367990083,0.0,0.0,1.0,false,,
baik2012,W2,0.40625,3.8635644653375114,-1.1166799810956483,4.099670321067604,-1.2154848747400164,0.0,0.0,1.0,false,,
baik2012,W2,0.4140625,4.317259548358139,-1.0885298631787452,4.1054549893555405,-1.1069798559315163,0.0,0.0,1.0,false,,
baik2012,W2,0.421875,4.086907424925809,-0.9345495714447948,4.1049265795409084,-0.9881994101916213,0.0,0.0,1.0,false,,
baik2012,W2,0.4296875,3.9828708411719194,-0.8048813995597346,4.098714411491693,-0.8669275143507406,0.0,0.0,1.0,false,,
baik2012,W2,0.4375,4.171200762272171,-0.7046212027183627,4.086195084908119,-0.7442808905028082,0.0,0.0,1.0,false,,
baik2012,W2,0.4453125,3.8933854593202124,-0.5655626366775961,4.066687264998854,-0.6208782304676063,0.0,0.0,1.0,false,,
baik2012,W2,0.453125,4.172839980771755,-0.45821070512870304,4.039586068679586,-0.4973962397707294,0.0,0.0,1.0,false,,
baik2012,W2,0.4609375,3.8129757095833945,-0.33212785448669935,4.004374732099937,-0.37456419230049137,0.0,0.0,1.0,false,,
baik2012,W2,0.46875,4.079906552606453,-0.2099450165668441,3.960634033661193,-0.2531559847643947,0.0,0.0,1.0,false,,
baik2012,W2,0.4765625,3.83691560966811,-0.09889565970210097,3.908049247073024,-0.13398012629492576,0.0,0.0,1.0,false,,
baik2012,W2,0.484375,3.828994332625007,0.01826641784592964,3.8464142738827425,-0.017868170819856935,0.0,0.0,1.0,false,,
baik2012,W2,0.4921875,3.4675340114811615,0.09641765043442405,3.775633500116436,0.09433787506274276,0.0,0.0,1.0,false,,
baik2012,W2,0.5,3.717992894944046,0.2400896764097027,3.695721358421318,0.2017986995349437,0.0,0.0,1.0,false,,
baik2012,W2,0.5078125,3.682300502366982,0.35057433297321083,3.6067995953544187,0.3036909193835973,0.0,0.0,1.0,false,,
baik2012,W2,0.515625,3.6642096235327393,0.4631862406331781,3.509092491948451,0.3992199737072009,0.0,0.0,1.0,false,,
baik2012,W2,0.5234375,3.284978307347782,0.4923801766915173,3.4029200545384257,0.4876322639149283,0.0,0.0,1.0,false,,
baik2012,W2,0.53125,3.2991221426997592,0.6017500319738968,3.2886891969990213,0.5682261298607529,0.0,0.0,1.0,false,,
baik2012,W2,0.5390625,3.0549827936573815,0.6375820117418958,3.1668834098586496,0.6403613771867913,0.0,0.0,1.0,false,,
baik2012,W2,0.546875,3.109300511923939,0.7549809403298089,3.038051270762497,0.7034671488925524,0.0,0.0,1.0,false,,
baik2012,W2,0.5546875,2.604559846758238,0.6796975479565789,1.586282285812328,0.41559567610529213,0.0,1.0,0.0,false,,
baik2012,W2,0.5625,2.9858973528993875,0.9126973036481771,3.7517275690000496,1.2953968348902185,0.0,1.0,0.0,false,,
baik2012,W2,0.5703125,2.674838981204175,0.8836186080832464,2.877396079125597,1.0530822067479075,0.0,1.0,0.0,false,,
baik2012,W2,0.578125,2.517353300456266,0.9039188405958325,2.6964641056286793,1.0648086245392658,0.0,1.0,0.0,false,,
baik2012,W2,0.5859375,2.3600518631004497,0.9148921358315888,2.529153147154793,1.071875688392832,0.0,1.0,0.0,false,,
baik2012,W2,0.59375,2.0876303650399364,0.8583357827504925,1.862854834060685,0.816994479904652,0.0,1.0,0.0,false,,
baik2012,W2,0.6015625,1.9611249819308276,0.8632297770824409,1.8504291800431991,0.8709321373691246,0.0,1.0,0.0,false,,
baik2012,W2,0.609375,1.913649186690402,0.9049154913497257,2.194346940753697,1.124669544500585,0.0,1.0,0.0,false,,
baik2012,W2,0.6171875,1.8012063264157652,0.9048405200767233,2.2547676487069452,1.2298008511126437,0.0,1.0,0.0,false,,
baik2012,W2,0.625,1.4345885016291084,0.7402975253141588,1.1902419451713004,0.6411703810554941,0.0,1.0,0.0,false,,
baik2012,W2,0.6328125,1.5391926196855703,0.8602869079598209,2.215432811173212,1.3486517431206981,0.0,1.0,0.0,false,,
baik2012,W2,0.640625,1.4006598782347328,0.8198639285833061,2.160737132773437,1.3777411966464266,0.0,1.0,0.0,false,,
baik2012,W2,0.6484375,1.1506325221688094,0.6926968473301767,1.6075092824740573,1.0528961843444553,0.0,1.0,0.0,false,,
baik2012,W2,0.65625,0.917930932563358,0.5643535600329357,1.1256266008059508,0.7516232608619282,0.0,1.0,0.0,false,,
baik2012,W2,0.6640625,0.7999750169496054,0.5095668827362377,1.1463174012752975,0.8034379295606717,0.0,1.0,0.0,false,,
baik2012,W2,0.671875,0.8941369288240667,0.6116028094365091,2.1010904099861802,1.5757219296727043,0.0,1.0,0.0,false,,
baik2012,W2,0.6796875,0.689758591603957,0.4777962326439493,0.39097837737757013,0.23327460431209351,1.0,0.0,0.0,false,,
baik2012,W2,0.6875,0.4718624446036812,0.3234464562155758,0.2417258203071513,0.13015487047090615,1.0,0.0,0.0,false,,
baik2012,W2,0.6953125,0.3791408141394132,0.2635109344392407,0.09637311508660582,0.02350155712901604,1.0,0.0,0.0,false,,
baik2012,W2,0.703125,0.09638415581941238,0.03805396245435448,-0.04465794889387054,-0.08540167539512242,1.0,0.0,0.0,false,,
baik2012,W2,0.7109375,0.10712428866170257,0.056127532158295884,-0.18098385125166191,-0.19521780809698808,1.0,0.0,0.0,false,,
baik2012,W2,0.71875,-0.017642615406983753,-0.04522442468391427,-0.312272262618281,-0.304590379136584,1.0,0.0,0.0,false,,
baik2012,W2,0.7265625,-0.1327990814052175,-0.14135135917205838,-0.4382561857485033,-0.4121824285291087,1.0,0.0,0.0,false,,
baik2012,W2,0.734375,-0.2728717676060058,-0.26208461314972264,-0.5587524046739759,-0.5167218179120111,1.0,0.0,0.0,false,,
baik2012,W2,0.7421875,-0.3753025539769068,-0.350618657946039,-0.6736711428939152,-0.6170395277177602,1.0,0.0,0.0,false,,
baik2012,W2,0.75,-0.4458834658986994,-0.411387382836476,-0.7830112750735775,-0.7120934959414741,1.0,0.0,0.0,false,,
baik2012,W2,0.7578125,-0.5476692346926223,-0.49940424126194166,0.6208148147558316,0.5395441032159024,0.0,1.0,0.0,false,,
baik2012,W2,0.765625,-0.7397059566974613,-0.666165117236254,0.10644378570822821,0.08068272627356343,0.0,1.0,0.0,false,,
baik2012,W2,0.7734375,-0.7700294965107941,-0.6870251615303271,0.29330322815077436,0.2446758899798418,0.0,1.0,0.0,false,,
baik2012,W2,0.78125,-0.9672846676595865,-0.8514727910156016,-0.27761702622509465,-0.25589613377412346,0.0,1.0,0.0,false,,
baik2012,W2,0.7890625,-0.9956161338909699,-0.8645493928813847,-0.1132632292462794,-0.11162046946108917,0.0,1.0,0.0,false,,
baik2012,W2,0.796875,-1.0771042109349105,-0.919955654746808,-0.19862732817755657,-0.1830526149207211,0.0,1.0,0.0,false,,
baik2012,W2,0.8046875,-1.2045306319897027,-1.009032463105832,-0.500093991151614,-0.4314534300582443,0.0,1.0,0.0,false,,
baik2012,W2,0.8125,-1.2693528501125244,-1.0405279731512607,-0.5349991572759853,-0.4517303634612003,0.0,1.0,0.0,false,,
baik2012,W2,0.8203125,-1.330308622617276,-1.064206937086205,-0.5630586655272293,-0.46429491610500573,0.0,1.0,0.0,false,,
baik2012,W2,0.828125,-1.4289272203000425,-1.1122658188490624,-0.7675408691092288,-0.6112556969166997,0.0,1.0,0.0,false,,
baik2012,W2,0.8359375,-1.5058391735886691,-1.137414922947011,-0.8850439807021776,-0.6825819749498699,0.0,1.0,0.0,false,,
baik2012,W2,0.84375,-1.5923266574688322,-1.1637797440275757,-1.0541325548314053,-0.7846517872538991,0.0,1.0,0.0,false,,
baik2012,W2,0.8515625,-1.6379441292792953,-1.1551291312891774,-1.0521262680032564,-0.7568018068808634,0.0,1.0,0.0,false,,
baik2012,W2,0.859375,-1.6928022550046973,-1.14858713174208,-1.1015226334255028,-0.7628594785749885,0.0,1.0,0.0,false,,
baik2012,W2,0.8671875,-1.7299379777532184,-1.1261122200293938,-1.0844223622670093,-0.7227171251769788,0.0,1.0,0.0,false,,
baik2012,W2,0.875,-1.8097968920256766,-1.1266689171016304,-1.2691429170523678,-0.8078887803531307,0.0,1.0,0.0,false,,
baik2012,W2,0.8828125,-1.881118659888528,-1.1162144897039152,-1.4309999731156169,-0.8674109069165445,0.0,1.0,0.0,false,,
baik2012,W2,0.890625,-1.9011117364459822,-1.0716800902063015,-1.3834575180033744,-0.7989329398652721,0.0,1.0,0.0,false,,
baik2012,W2,0.8984375,-1.9649693448189465,-1.048538733382295,-1.5482715776729057,-0.8460471810197814,0.0,1.0,0.0,false,,
baik2012,W2,0.90625,-2.0006710063406574,-1.006616842258093,-1.6104313410277948,-0.8306068456242266,0.0,1.0,0.0,false,,
baik2012,W2,0.9140625,-2.0163856835251575,-0.9526174411482795,-1.6084943299945273,-0.7808329654618609,0.0,1.0,0.0,false,,
baik2012,W2,0.921875,-2.0586650456518143,-0.9091174902522037,-1.749650915379922,-0.7943696514230978,0.0,1.0,0.0,false,,
baik2012,W2,0.9296875,-2.0894832735188933,-0.8579082012622323,-1.8690837562748213,-0.7891955428250101,0.0,1.0,0.0,false,,
baik2012,W2,0.9375,-2.131121652914654,-0.8085734221166219,-2.067034400273672,-0.8051984787277087,0.0,1.0,0.0,false,,
baik2012,W2,0.9453125,-2.120360224837118,-0.738354800735886,-2.0683015230783806,-0.7400035031667982,0.0,1.0,0.0,false,,
baik2012,W2,0.953125,-2.2485541069289146,-0.7135523701133812,-2.714250994597968,-0.8816475455590755,0.0,1.0,0.0,false,,
baik2012,W2,0.9609375,-2.1746133707526645,-0.6225896677434889,-2.5110976048283824,-0.7378576737736198,0.0,1.0,0.0,false,,
baik2012,W2,0.96875,-2.1002464742811218,-0.5363759179978461,-2.3451781220384773,-0.6163895297589035,0.0,1.0,0.0,false,,
baik2012,W2,0.9765625,-1.9342193819242663,-0.43402067318649423,-1.818372031570151,-0.42233105043268804,0.0,1.0,0.0,false,,
baik2012,W2,0.984375,-1.9225701583619759,-0.373025505104575,-2.0083323679552065,-0.4037294333548547,0.0,1.0,0.0,false,,
baik2012,W2,0.9921875,-1.790724045919196,-0.29281928518786265,-1.7139928685664907,-0.29181533559956724,0.0,1.0,0.0,false,,
baik2012,W3,0.0,0.47100370709273176,0.03983035110450793,0.4465857049793163,0.03558737544033987,1.0,0.0,0.0,false,,
baik2012,W3,0.0078125,0.5329587280850319,0.03888778642320711,0.5176040650533145,0.03496549187034435,1.0,0.0,0.0,false,,
baik2012,W3,0.015625,0.5935860828712698,0.035979938129386914,0.5908443682812752,0.032518034280025025,1.0,0.0,0.0,false,,
baik2012,W3,0.0234375,0.6594023903885163,0.03185400998104983,0.6652742487050491,0.02806916695558618,1.0,0.0,0.0,false,,
baik2012,W3,0.03125,0.7387203403124489,0.027138498248825645,0.7410264305391473,0.02160717329323662,1.0,0.0,0.0,false,,
baik2012,W3,0.0390625,0.8212449705015246,0.020542073124004537,0.8179089430809944,0.013096698528773461,1.0,0.0,0.0,false,,
baik2012,W3,0.046875,0.8432484693493942,0.007346345989152535,0.8957098665813913,0.002519431108906244,1.0,0.0,0.0,false,,
baik2012,W3,0.0546875,0.9143587495653138,-0.0036282565305313557,0.9741974813150144,-0.010124363297884735,1.0,0.0,0.0,false,,
baik2012,W3,0.0625,0.9873217451372904,-0.01635669373281756,1.0531211315031996,-0.024814382071925947,1.0,0.0,0.0,false,,
baik2012,W3,0.0703125,1.1214796865046819,-0.02838534560427012,1.1322122913408,-0.04150898453150777,1.0,0.0,0.0,false,,
baik2012,W3,0.078125,1.1455503778329434,-0.04683990437910729,1.2111858085174574,-0.060144087170229066,1.0,0.0,0.0,false,,
baik2012,W3,0.0859375,1.219312386499252,-0.06459695812095986,1.289741106148621,-0.0806323028209965,1.0,0.0,0.0,false,,
baik2012,W3,0.09375,1.2748587097775783,-0.079303784672368,1.367560117213244,-0.10286246649702716,1.0,0.0,0.0,false,,
baik2012,W3,0.1015625,1.3782986889807651,-0.08924727851121265,1.4443107086975204,-0.12669922016368454,1.0,0.0,0.0,false,,
baik2012,W3,0.109375,1.4001836527362168,-0.09568110950870298,1.0577547524803488,-0.04832199472901946,0.0,1.0,0.0,false,,
baik2012,W3,0.1171875,1.5321017824138796,-0.10041699303861398,1.4205358984397436,-0.06620863387065754,0.0,1.0,0.0,false,,
baik2012,W3,0.125,1.479708943127958,-0.10071762181319717,0.9915049996905579,-0.0717145870434428,0.0,1.0,0.0,false,,
baik2012,W3,0.1328125,1.5909274829377718,-0.10433701629487016,1.283848340424767,-0.09251045220615786,0.0,1.0,0.0,false,,
baik2012,W3,0.140625,1.6326395572492387,-0.10755152469226978,1.2809089597286123,-0.10618841675698348,0.0,1.0,0.0,false,,
baik2012,W3,0.1484375,1.6953487171248591,-0.1142561753454946,1.375139312255345,-0.12392515483910838,0.0,1.0,0.0,false,,
baik2012,W3,0.15625,1.8169390980583755,-0.1279297742910768,1.7302032630933237,-0.1560101516769759,0.0,1.0,0.0,false,,
baik2012,W3,0.1640625,1.9284949509557658,-0.14643701511989676,2.045764298922343,-0.1897015070633217,0.0,1.0,0.0,false,,
baik2012,W3,0.171875,1.8449043348678986,-0.15568269843328963,1.5213625671790856,-0.1730398723229283,0.0,1.0,0.0,false,,
baik2012,W3,0.1796875,2.034283960126005,-0.18216398452164323,2.1975686025148513,-0.23236788088864352,0.0,1.0,0.0,false,,
baik2012,W3,0.1875,2.007016612017992,-0.1939723863611072,1.946050923264818,-0.22943284303875,0.0,1.0,0.0,false,,
baik2012,W3,0.1953125,2.1357036598057633,-0.21688958479758635,2.3873510476567583,-0.2768002364202037,0.0,1.0,0.0,false,,
baik2012,W3,0.203125,1.991879205956198,-0.2180230071046937,1.6592524340540018,-0.231926080894286,0.0,1.0,0.0,false,,
baik2012,W3,0.2109375,2.1851188302579443,-0.2457032639707819,2.4118653864080155,-0.30532023303506245,0.0,1.0,0.0,false,,
baik2012,W3,0.21875,2.1605060079263962,-0.25479521343036665,2.23316210660313,-0.3011678765604673,0.0,1.0,0.0,false,,
baik2012,W3,0.2265625,2.259676927498128,-0.2738130355725604,2.6081785988881627,-0.3437626542716695,0.0,1.0,0.0,false,,
baik2012,W3,0.234375,2.235894574082709,-0.2811460089034822,2.464252758090694,-0.33947597107331284,0.0,1.0,0.0,false,,
baik2012,W3,0.2421875,2.126194578084195,-0.27962415402037094,1.9620280169625015,-0.30087352337754286,0.0,1.0,0.0,false,,
baik2012,W3,0.25,2.27123964094833,-0.30005239946486373,2.5820475006995642,-0.36210255287256266,0.0,1.0,0.0,false,,
baik2012,W3,0.2578125,2.2351685983596115,-0.30293774412659213,2.4289313538295807,-0.3516620719282105,0.0,1.0,0.0,false,,
baik2012,W3,0.265625,2.2696880638855292,-0.31097892803627164,2.5963451873367207,-0.3683853641347671,0.0,1.0,0.0,false,,
baik2012,W3,0.2734375,2.2602586792823116,-0.3137818114076137,2.5855183569510936,-0.36718692588748447,0.0,1.0,0.0,false,,
baik2012,W3,0.28125,2.1501122134273056,-0.3065859114920305,2.1486227520775008,-0.32742310363123006,0.0,1.0,0.0,false,,
baik2012,W3,0.2890625,2.258335501856193,-0.3168254430778632,2.6728362083673685,-0.36846780664648926,0.0,1.0,0.0,false,,
baik2012,W3,0.296875,2.0931296456745905,-0.3029484268590566,2.017709367850421,-0.30954916346509453,0.0,1.0,0.0,false,,
baik2012,W3,0.3046875,2.222717582422904,-0.3114839657176366,2.6548757304012525,-0.3530934195099048,0.0,1.0,0.0,false,,
baik2012,W3,0.3125,2.0413025784160586,-0.2947731730711028,1.9469309531202403,-0.2916129569491408,0.0,1.0,0.0,false,,
baik2012,W3,0.3203125,2.174814941806022,-0.2997310775498611,2.6178883494090286,-0.3292376282224197,0.0,1.0,0.0,false,,
baik2012,W3,0.328125,2.16229014990099,-0.2925709793626562,2.6601257833508387,-0.31873958970784355,0.0,1.0,0.0,false,,
baik2012,W3,0.3359375,1.8665340290148515,-0.26759784649437474,1.4746326440592927,-0.23510032636931666,0.0,1.0,0.0,false,,
baik2012,W3,0.34375,1.957635231481588,-0.2670225272435794,1.9762485025404364,-0.2514037993046532,0.0,1.0,0.0,false,,
baik2012,W3,0.3515625,2.0028699442423408,-0.2661348002340407,2.2757037587197972,-0.25093349855636665,0.0,1.0,0.0,false,,
baik2012,W3,0.359375,1.9923769386677634,-0.2645439439394584,2.330804150687448,-0.23569473684897532,0.0,1.0,0.0,false,,
baik2012,W3,0.3671875,1.8501921047939172,-0.2599197894425243,1.8115631635474987,-0.20059494129597408,0.0,1.0,0.0,false,,
baik2012,W3,0.375,1.902517653222904,-0.26150292603829356,2.143502918111255,-0.19193699937981043,0.0,1.0,0.0,false,,
baik2012,W3,0.3828125,1.796405920240583,-0.2579594280268999,1.7890056377965753,-0.16662670875592692,0.0,1.0,0.0,false,,
baik2012,W3,0.390625,1.777172792782146,-0.2533886993708783,1.821676188575578,-0.14876601910599263,0.0,1.0,0.0,false,,
baik2012,W3,0.3984375,1.8114498965546462,-0.2443368410354238,2.098790264117242,-0.12882718357699527,0.0,1.0,0.0,false,,
baik2012,W3,0.40625,1.635309955082995,-0.23135043617912635,1.4689806176119984,-0.11366598912407572,0.0,1.0,0.0,false,,
baik2012,W3,0.4140625,1.704982704737064,-0.20988248929053724,1.9284325690568487,-0.0864387501237234,0.0,1.0,0.0,false,,
baik2012,W3,0.421875,1.6231411373376865,-0.1862560384582011,1.7381873101173797,-0.06985751583919012,0.0,1.0,0.0,false,,
baik2012,W3,0.4296875,1.4198352750409147,-0.16836715683786735,1.0207735752127154,-0.07823907954772562,0.0,1.0,0.0,false,,
baik2012,W3,0.4375,1.545197534088189,-0.13723495396484786,1.746628575785076,-0.026424350810011904,0.0,1.0,0.0,false,,
baik2012,W3,0.4453125,1.3370550424898073,-0.12383829442842617,1.0159635374776594,-0.049551729941598635,0.0,1.0,0.0,false,,
baik2012,W3,0.453125,1.4932684671537317,-0.08802677142870029,1.8865753422337463,0.02883055626155792,0.0,1.0,0.0,false,,
baik2012,W3,0.4609375,1.3906026937755969,-0.070314440789056,1.6268907537610509,0.031641000887909346,0.0,1.0,0.0,false,,
baik2012,W3,0.46875,1.201445397593845,-0.06283816381554816,0.9918555959342493,-0.006251813013862517,0.0,1.0,0.0,false,,
baik2012,W3,0.4765625,1.1667367929134371,-0.04250902797305853,1.0389132853087937,0.016922911904616922,0.0,1.0,0.0,false,,
baik2012,W3,0.484375,1.063877860797571,-0.031213577373261588,0.7910680423005154,0.005515297305034701,0.0,1.0,0.0,false,,
baik2012,W3,0.4921875,1.1912765426281993,0.007009674928317163,1.5595046037634606,0.11793465978807413,0.0,1.0,0.0,false,,
baik2012,W3,0.5,0.972330388868978,-2.3525766736946438e-05,0.809715938778035,0.03725110465878585,0.0,1.0,0.0,false,,
baik2012,W3,0.5078125,0.851466694247322,0.0025262915268894704,0.49476993584159085,0.00478769689930513,0.0,1.0,0.0,false,,
baik2012,W3,0.515625,0.8683348777946733,0.024579609210643644,0.7896538382793062,0.06456646920493561,0.0,1.0,0.0,false,,
baik2012,W3,0.5234375,0.9313040991012616,0.0549724568141214,1.2913750156451513,0.16777945717012802,0.0,1.0,0.0,false,,
baik2012,W3,0.53125,0.599568425281021,0.012648512748226114,0.0570855741077676,-0.0425753857413236,0.0,1.0,0.0,false,,
baik2012,W3,0.5390625,0.7822845621634151,0.06462115897806245,1.0927039641668346,0.16960550440939567,0.0,1.0,0.0,false,,
baik2012,W3,0.546875,0.6078957115671693,0.04517078561313259,0.5559944654025799,0.07389653789261075,0.0,1.0,0.0,false,,
baik2012,W3,0.5546875,0.5185612725800812,0.04056699071920609,0.39576311491816485,0.05063989789369864,0.0,1.0,0.0,false,,
baik2012,W3,0.5625,0.4348010578930145,0.034769817287033385,0.2609596117252162,0.029048788974015027,0.0,1.0,0.0,false,,
baik2012,W3,0.5703125,0.533696641194966,0.07088582168247262,0.9334854836947013,0.19948908368907123,0.0,1.0,0.0,false,,
baik2012,W3,0.578125,0.21369268157374804,0.002715049709862749,-0.24574687763200231,-0.08432130798118014,0.0,1.0,0.0,false,,
baik2012,W3,0.5859375,0.2547501525100591,0.02272570446511788,0.16983839601794798,0.028045181856758132,0.0,1.0,0.0,false,,
baik2012,W3,0.59375,0.3534695905993962,0.05846956072738771,0.8391255748416936,0.21622683871932913,0.0,1.0,0.0,false,,
baik2012,W3,0.6015625,0.15878356805243238,0.012550379030424358,0.2071302376218756,0.04866154541916152,0.0,1.0,0.0,false,,
baik2012,W3,0.609375,0.017797584032662253,-0.021766079515497944,-0.191187888050705,-0.06246412163478668,0.0,1.0,0.0,false,,
baik2012,W3,0.6171875,0.14737345268684435,0.022624760069246536,0.6048679216578927,0.17983224495629427,0.0,1.0,0.0,false,,
baik2012,W3,0.625,-0.052283566595791746,-0.033880528001373554,-0.0636235584498937,-0.02098094696292741,0.0,1.0,0.0,false,,
baik2012,W3,0.6328125,-0.18262443373655557,-0.07180012547029792,-0.11021841068352176,-0.0530888836619545,1.0,0.0,0.0,false,,
baik2012,W3,0.640625,-0.08379759914550097,-0.03720315163798479,-0.1693733566906214,-0.06932894032493335,1.0,0.0,0.0,false,,
baik2012,W3,0.6484375,-0.2239123797110867,-0.08176141438269642,-0.22619796431117786,-0.08613930168281334,1.0,0.0,0.0,false,,
baik2012,W3,0.65625,-0.1705678383138813,-0.06237924239389465,-0.2804514104465711,-0.10329307267267931,1.0,0.0,0.0,false,,
baik2012,W3,0.6640625,-0.32295266279007323,-0.11463248743778107,-0.3319036026180119,-0.12055701457270188,1.0,0.0,0.0,false,,
baik2012,W3,0.671875,-0.2773906208975455,-0.09851478258011384,-0.3803382390393334,-0.13769499853095102,1.0,0.0,0.0,false,,
baik2012,W3,0.6796875,-0.3104019764383919,-0.11063592717741835,-0.425555853925531,-0.1544717405465325,1.0,0.0,0.0,false,,
baik2012,W3,0.6875,-0.4239948065727159,-0.15286278707569873,-0.46737676711188025,-0.17065673536625744,1.0,0.0,0.0,false,,
baik2012,W3,0.6953125,-0.4363811850672881,-0.15864485005440843,-0.5056438768368539,-0.1860282988323598,1.0,0.0,0.0,false,,
baik2012,W3,0.703125,-0.44009135408667654,-0.1613014740701602,-0.5402252289244529,-0.20037761375038818,1.0,0.0,0.0,false,,
baik2012,W3,0.7109375,-0.4547834547738388,-0.16820335857802612,-0.5710162110281607,-0.2135126321256678,1.0,0.0,0.0,false,,
baik2012,W3,0.71875,-0.49691871129356835,-0.18559767964405535,-0.5979409823311312,-0.2252615865638779,1.0,0.0,0.0,false,,
baik2012,W3,0.7265625,-0.36679163883955584,-0.13688951330178736,-0.6209529955467855,-0.235475951300114,1.0,0.0,0.0,false,,
baik2012,W3,0.734375,-0.5424761241633821,-0.20566114319211948,-0.6400351314304669,-0.24403295742440742,1.0,0.0,0.0,false,,
baik2012,W3,0.7421875,-0.5770898271150863,-0.21998688674663644,-0.655199334968261,-0.2508375425457639,1.0,0.0,0.0,false,,
baik2012,W3,0.75,-0.42429774715262614,-0.1614710329955931,-0.666485481391421,-0.2558235632361196,1.0,0.0,0.0,false,,
baik2012,W3,0.7578125,-0.47459655331866824,-0.18139800404247855,0.2121840321948948,0.08577356635327998,0.0,1.0,0.0,false,,
baik2012,W3,0.765625,-0.47676472468385783,-0.18233976432303942,0.21524148099911022,0.08586567659536476,0.0,1.0,0.0,false,,
baik2012,W3,0.7734375,-0.4884978169850308,-0.1866427010771986,0.1633221773993575,0.06466383043342655,0.0,1.0,0.0,false,,
baik2012,W3,0.78125,-0.48700178674625855,-0.18548558028637993,0.15814118407421596,0.06152318240375909,0.0,1.0,0.0,false,,
baik2012,W3,0.7890625,-0.43532513501991976,-0.16495285662429993,0.36416176940859124,0.13844030442787641,0.0,1.0,0.0,false,,
baik2012,W3,0.796875,-0.4707050888664123,-0.17717206816363099,0.1726411388640875,0.06431528813178639,0.0,1.0,0.0,false,,
baik2012,W3,0.8046875,-0.4124228768715998,-0.153923604598724,0.3861620296469942,0.14229627032116027,0.0,1.0,0.0,false,,
baik2012,W3,0.8125,-0.39451906421496075,-0.1457553213486485,0.41042048280998344,0.14849764764873774,0.0,1.0,0.0,false,,
baik2012,W3,0.8203125,-0.39065092245171795,-0.14254872988438258,0.36289436925898144,0.1283146218328496,0.0,1.0,0.0,false,,
baik2012,W3,0.828125,-0.3858949685264561,-0.13880143577366114,0.310239078269158,0.10664142103243265,0.0,1.0,0.0,false,,
baik2012,W3,0.8359375,-0.3597284709128215,-0.12737030639486344,0.34370569560116004,0.11559763133534673,0.0,1.0,0.0,false,,
baik2012,W3,0.84375,-0.3224716038078651,-0.11229375193647767,0.417852149511622,0.13777658597819303,0.0,1.0,0.0,false,,
baik2012,W3,0.8515625,-0.32111918007372603,-0.10963079718304126,0.3251659732581542,0.1026769980372648,0.0,1.0,0.0,false,,
baik2012,W3,0.859375,-0.2878087741614041,-0.09636566443595942,0.36600940580652663,0.11259471017655598,0.0,1.0,0.0,false,,
baik2012,W3,0.8671875,-0.26983007230571354,-0.0884839651636735,0.3315379234765481,0.09737161055415744,0.0,1.0,0.0,false,,
baik2012,W3,0.875,-0.2573977708106873,-0.08256704109365867,0.26520923829782395,0.07263460904897526,0.0,1.0,0.0,false,,
baik2012,W3,0.8828125,-0.22189295965299383,-0.06985697628079798,0.29337040864653097,0.07750534798961554,0.0,1.0,0.0,false,,
baik2012,W3,0.890625,-0.21974033232964965,-0.06758210885570157,0.16727121089125585,0.03649098664573201,0.0,1.0,0.0,false,,
baik2012,W3,0.8984375,-0.21128114699592876,-0.06356722694280405,0.0618670752155574,0.0037612431155213955,0.0,1.0,0.0,false,,
baik2012,W3,0.90625,-0.17237436430056396,-0.051468700534973925,0.0833390984586288,0.007672645555097654,0.0,1.0,0.0,false,,
baik2012,W3,0.9140625,-0.1379193755866457,-0.04145251741802219,0.07793486423826426,0.00389708346663855,0.0,1.0,0.0,false,,
baik2012,W3,0.921875,-0.09467743678842165,-0.0300767718370853,0.10384878707675044,0.008018803492072943,0.0,1.0,0.0,false,,
baik2012,W3,0.9296875,-0.05184962821188688,-0.019927946373314655,0.12056913822427569,0.009099211137085509,0.0,1.0,0.0,false,,
baik2012,W3,0.9375,0.02461006443105431,-0.0032001587370943437,0.2775241241507735,0.041837872592228056,0.0,1.0,0.0,false,,
baik2012,W3,0.9453125,0.07926963364716051,0.006740234332317601,0.33127854039719923,0.047966695448966166,0.0,1.0,0.0,false,,
baik2012,W3,0.953125,0.13328931329761287,0.014997367501680724,0.37480409186443175,0.050329072767720195,0.0,1.0,0.0,false,,
baik2012,W3,0.9609375,0.18613627229479535,0.0224434266900456,0.40583329569770504,0.053162495202682694,0.0,1.0,0.0,false,,
baik2012,W3,0.96875,0.2199588235845949,0.024871279587804607,0.34630603569033425,0.03844182592867519,0.0,1.0,0.0,false,,
baik2012,W3,0.9765625,0.2595631555429095,0.027208738437156692,0.3050789941699757,0.02814881443918249,0.0,1.0,0.0,false,,
baik2012,W3,0.984375,0.3238856151376649,0.03233349740099532,0.36513908808163875,0.03523112786053984,0.0,1.0,0.0,false,,
baik2012,W3,0.9921875,0.37946185709101,0.034283325097492254,0.37922134635694504,0.03438440869573247,1.0,0.0,0.0,false,,
baik2012,W4,0.0,-0.36366774070092084,-0.05576039701966301,-0.10098223513520904,-0.0406457151552089,0.0,1.0,0.0,false,,
baik2012,W4,0.0078125,-0.3048476733148973,-0.03965546631840694,-0.04541973400225763,-0.030214460265510494,0.0,1.0,0.0,false,,
baik2012,W4,0.015625,-0.232753111550687,-0.026386441462654325,0.05063635033195857,-0.019864810104334194,0.0,1.0,0.0,false,,
baik2012,W4,0.0234375,-0.16143360839767673,-0.01786509398178547,0.12775561828408505,-0.016233022389415916,0.0,1.0,0.0,false,,
baik2012,W4,0.03125,-0.08747342418310289,-0.013950100089458177,-0.17614508540389065,-0.01292563804512681,1.0,0.0,0.0,false,,
baik2012,W4,0.0390625,-0.007010602277918651,-0.014893143790142078,-0.09709235497305417,-0.012509971028446119,1.0,0.0,0.0,false,,
baik2012,W4,0.046875,0.08464880049442294,-0.021402016132560542,-0.013252078680484974,-0.01756016500062404,1.0,0.0,0.0,false,,
baik2012,W4,0.0546875,0.19359896489911294,-0.03477361992833487,0.0753143020356124,-0.028506575690031045,1.0,0.0,0.0,false,,
baik2012,W4,0.0625,0.3190326352683527,-0.05634863065009647,0.16852277430565377,-0.04576475378120735,1.0,0.0,0.0,false,,
baik2012,W4,0.0703125,0.38458983537010305,-0.07881827748684335,0.26626535937147355,-0.06972950297702545,1.0,0.0,0.0,false,,
baik2012,W4,0.078125,0.5162536088924576,-0.11493197063364774,0.3684077785809558,-0.10076772999229928,1.0,0.0,0.0,false,,
baik2012,W4,0.0859375,0.5910953969080953,-0.14916770249068595,0.4747856116742856,-0.13920972026664072,1.0,0.0,0.0,false,,
baik2012,W4,0.09375,0.8620881000459555,-0.21984752238477312,0.5851991674360424,-0.1853385325870603,1.0,0.0,0.0,false,,
baik2012,W4,0.1015625,0.8231658739202026,-0.23129049286217782,0.6994066050257459,-0.2393771494819237,1.0,0.0,0.0,false,,
baik2012,W4,0.109375,0.8174040866880731,-0.24306875724624466,0.8171156895559459,-0.3014731957509731,1.0,0.0,0.0,false,,
baik2012,W4,0.1171875,1.2189206397833061,-0.35649700120264594,2.162735735420232,-0.6008116831435164,0.0,1.0,0.0,false,,
baik2012,W4,0.125,1.3027122375118607,-0.3943895454493137,2.132113298566402,-0.6451464501233029,0.0,1.0,0.0,false,,
baik2012,W4,0.1328125,1.2860162795557155,-0.40333547472436837,1.6701228785406426,-0.5551696458932389,0.0,1.0,0.0,false,,
baik2012,W4,0.140625,1.9878603812475264,-0.6465134932219518,4.216016512619007,-1.4278088725959428,0.0,1.0,0.0,false,,
baik2012,W4,0.1484375,1.8227263682384955,-0.6193723893077041,3.114754229814376,-1.1366885030193397,0.0,1.0,0.0,false,,
baik2012,W4,0.15625,1.8956268346614622,-0.6767229584422021,3.008048245030402,-1.1640989752840922,0.0,1.0,0.0,false,,
baik2012,W4,0.1640625,1.8109349764293103,-0.6820712915946088,2.238841877465312,-0.9315670672419762,0.0,1.0,0.0,false,,
baik2012,W4,0.171875,2.0202210588044567,-0.8051633639835765,2.706261118779267,-1.1649573100680803,0.0,1.0,0.0,false,,
baik2012,W4,0.1796875,1.779704242770164,-0.747751389313428,1.2951984458060248,-0.6319287770479678,0.0,1.0,0.0,false,,
baik2012,W4,0.1875,2.465880406640022,-1.0799498753815677,3.7829740134826606,-1.7273049207464979,0.0,1.0,0.0,false,,
baik2012,W4,0.1953125,2.430843902472904,-1.110845562713285,3.2617679657511816,-1.5572159874324176,0.0,1.0,0.0,false,,
baik2012,W4,0.203125,2.3622134854370347,-1.1242125772652993,2.6195022051417287,-1.3162204213658342,0.0,1.0,0.0,false,,
baik2012,W4,0.2109375,2.446235942000464,-1.2048725884192844,2.641490015538917,-1.3648622335021705,0.0,1.0,0.0,false,,
baik2012,W4,0.21875,2.7221010417466855,-1.3747439075535552,3.4963538273265646,-1.8001697145080888,0.0,1.0,0.0,false,,
baik2012,W4,0.2265625,2.4579416740023676,-1.289182558461195,2.1146658133052116,-1.17998717755117,0.0,1.0,0.0,false,,
baik2012,W4,0.234375,3.1277577484534267,-1.6453354019434052,4.689075995763479,-2.436551326005699,0.0,1.0,0.0,false,,
baik2012,W4,0.2421875,2.946048464137517,-1.5915873272654242,3.7216261943648172,-1.9968998807461145,0.0,1.0,0.0,false,,
baik2012,W4,0.25,3.0091890848131446,-1.6506501690384132,3.8189891566414094,-2.0604371780769544,0.0,1.0,0.0,false,,
baik2012,W4,0.2578125,3.2997110916937102,-1.813888758774068,4.90950215388802,-2.594535460403057,0.0,1.0,0.0,false,,
baik2012,W4,0.265625,3.1269324862001926,-1.7478820113191946,4.085460234097304,-2.1979605521847456,0.0,1.0,0.0,false,,
baik2012,W4,0.2734375,2.5437292037794306,-1.4818081652257111,1.563807038479371,-0.9928119304802927,0.0,1.0,0.0,false,,
baik2012,W4,0.28125,3.3542165086008326,-1.8690166998974342,4.947984035524003,-2.5769642860735638,0.0,1.0,0.0,false,,
baik2012,W4,0.2890625,3.2354462629611627,-1.80930807265947,4.442566553042871,-2.3119753328841233,0.0,1.0,0.0,false,,
baik2012,W4,0.296875,3.063797065705617,-1.7202606087182044,3.737229559408055,-1.9563047460401246,0.0,1.0,0.0,false,,
baik2012,W4,0.3046875,2.9498761799047237,-1.6528438600707402,3.2954354948399156,-1.7233645431818267,0.0,1.0,0.0,false,,
baik2012,W4,0.3125,2.9120086946724153,-1.6135991808263488,3.1917068821500036,-1.6388476256830355,0.0,1.0,0.0,false,,
baik2012,W4,0.3203125,2.8741820963623517,-1.5684919588727089,3.101200200183226,-1.556297588025176,0.0,1.0,0.0,false,,
baik2012,W4,0.328125,2.9335273663808694,-1.556710295244042,3.4327559605020115,-1.6392296663792485,0.0,1.0,0.0,false,,
baik2012,W4,0.3359375,2.9184743199029217,-1.508224084858281,3.455857064138999,-1.5878568125728547,0.0,1.0,0.0,false,,
baik2012,W4,0.34375,2.7038495895101042,-1.385041795489143,2.6331089401501635,-1.2214265191817213,0.0,1.0,0.0,false,,
baik2012,W4,0.3515625,2.6087486170069725,-1.3120291619645377,2.316694892360575,-1.0565056011873197,0.0,1.0,0.0,false,,
baik2012,W4,0.359375,2.6310240666575604,-1.2806766632150075,2.4973784038295643,-1.063032468600337,0.0,1.0,0.0,false,,
baik2012,W4,0.3671875,2.6468354472624824,-1.244428882520842,2.6472520689815298,-1.0498093584965358,0.0,1.0,0.0,false,,
baik2012,W4,0.375,2.62190929333988,-1.1922274463886053,2.6196252781687255,-0.9769884735756392,0.0,1.0,0.0,false,,
baik2012,W4,0.3828125,2.6528322346363287,-1.15051428399666,2.8283034384393164,-0.9648252603953669,0.0,1.0,0.0,false,,
baik2012,W4,0.390625,2.5933141825514765,-1.0792551619480764,2.648530403899299,-0.8481861101179892,0.0,1.0,0.0,false,,
baik2012,W4,0.3984375,2.5700834490502467,-1.0111081740676098,2.625105485868187,-0.7717114615431987,0.0,1.0,0.0,false,,
baik2012,W4,0.40625,2.5239489229676244,-0.9316641977544513,2.5065750234599378,-0.6766024410159366,0.0,1.0,0.0,false,,
baik2012,W4,0.4140625,2.519600072570399,-0.8531388860983904,2.5737213573623126,-0.6164322847593715,0.0,1.0,0.0,false,,
baik2012,W4,0.421875,2.525594874016561,-0.769833873434772,2.6924110939042514,-0.5586887030412561,0.0,1.0,0.0,false,,
baik2012,W4,0.4296875,2.4617322606767504,-0.677341564587865,2.5123756354711833,-0.45946815905327454,0.0,1.0,0.0,false,,
baik2012,W4,0.4375,2.4021076476796313,-0.5882054754100453,2.353361191412233,-0.37037567694882806,0.0,1.0,0.0,false,,
baik2012,W4,0.4453125,2.3573202763453387,-0.5029313305290586,2.2622740560573757,-0.2930497833641506,0.0,1.0,0.0,false,,
baik2012,W4,0.453125,2.3308874345876123,-0.4206326350672915,2.2555654450109874,-0.2231037276007467,0.0,1.0,0.0,false,,
baik2012,W4,0.4609375,2.2848256805399942,-0.3396450182050446,2.1692656625562106,-0.15272792320121578,0.0,1.0,0.0,false,,
baik2012,W4,0.46875,2.269374700351276,-0.2604094079525179,2.22263560430469,-0.08320699483464411,0.0,1.0,0.0,false,,
baik2012,W4,0.4765625,2.231724557665763,-0.18314180833076774,2.1866409351021425,-0.01481532771765906,0.0,1.0,0.0,false,,
baik2012,W4,0.484375,2.163542417222944,-0.11045410855523197,2.0250750669672595,0.04174238214309503,0.0,1.0,0.0,false,,
baik2012,W4,0.4921875,2.0798219169496046,-0.043327317519202296,1.8035362279646963,0.08287711819944496,0.0,1.0,0.0,false,,
baik2012,W4,0.5,2.016508160997388,0.021867066433921677,1.6798444067753397,0.12523563955148492,0.0,1.0,0.0,false,,
baik2012,W4,0.5078125,1.9497461644174487,0.08289749062892524,1.5501142366832545,0.15987981663785628,0.0,1.0,0.0,false,,
baik2012,W4,0.515625,1.8995022685912688,0.1434990211071379,1.5024807630174888,0.2041037332768845,0.0,1.0,0.0,false,,
baik2012,W4,0.5234375,1.872578681962275,0.20650379415872136,1.5675590427139772,0.27137202903124624,0.0,1.0,0.0,false,,
baik2012,W4,0.53125,1.834933456675803,0.26513718839731854,1.5958071243332366,0.3328673520363178,0.0,1.0,0.0,false,,
baik2012,W4,0.5390625,1.836312035677463,0.3328455089334675,1.807033935995276,0.4490019504372201,0.0,1.0,0.0,false,,
baik2012,W4,0.546875,1.727046041952844,0.36516319099920524,1.539443928205442,0.4241804352555784,0.0,1.0,0.0,false,,
baik2012,W4,0.5546875,1.7493616403657275,0.4370795179391473,1.864883333071513,0.5913186659087908,0.0,1.0,0.0,false,,
baik2012,W4,0.5625,1.725020055307426,0.49258434427460956,1.9943719723112023,0.7035954377885089,0.0,1.0,0.0,false,,
baik2012,W4,0.5703125,1.5712218328021237,0.4931264366662029,1.5584962732826917,0.5903117288484125,0.0,1.0,0.0,false,,
baik2012,W4,0.578125,1.4894198727892998,0.5161608421636668,1.4519167026064368,0.5965367050574134,0.0,1.0,0.0,false,,
baik2012,W4,0.5859375,1.3661916379120194,0.514361208068763,1.1697925445325834,0.512673480141184,0.0,1.0,0.0,false,,
baik2012,W4,0.59375,1.385797755481258,0.57680194949362,1.5343187465423178,0.7372984144702026,0.0,1.0,0.0,false,,
baik2012,W4,0.6015625,1.1526645078412154,0.5050905429160711,0.7778504132677426,0.38492460604183854,0.0,1.0,0.0,false,,
baik2012,W4,0.609375,1.1382287653423966,0.5423156582906128,1.0075934374349211,0.5431638877904226,0.0,1.0,0.0,false,,
baik2012,W4,0.6171875,0.9028085767204251,0.44711048564146955,0.2542666171981157,0.13183135788127132,0.0,1.0,0.0,false,,
baik2012,W4,0.625,0.8696341578340491,0.46316225307913433,0.414761697647256,0.24400154845457483,0.0,1.0,0.0,false,,
baik2012,W4,0.6328125,0.8591121038083871,0.4911888164661165,0.6839251569376263,0.4353650869715203,0.0,1.0,0.0,false,,
baik2012,W4,0.640625,0.7067328807651475,0.4214946947861667,0.8170295875913853,0.48123770134931665,1.0,0.0,0.0,false,,
baik2012,W4,0.6484375,0.619049287852502,0.3879696093569014,0.7236792931664234,0.44828070489279387,1.0,0.0,0.0,false,,
baik2012,W4,0.65625,0.5186416716749673,0.3393690913321661,0.629494486987022,0.408486587382156,1.0,0.0,0.0,false,,
baik2012,W4,0.6640625,0.4214548163001904,0.2869085195114497,0.534869365546035,0.36218958643013216,1.0,0.0,0.0,false,,
baik2012,W4,0.671875,0.292320736325736,0.20374854768696296,0.4402441701367198,0.3098613961418546,1.0,0.0,0.0,false,,
baik2012,W4,0.6796875,0.21292303805118967,0.15316926315656185,0.3461028866634022,0.2521192545185836,1.0,0.0,0.0,false,,
baik2012,W4,0.6875,0.11150967360241294,0.08008082810556685,0.2529676661921662,0.18972781014964307,1.0,0.0,0.0,false,,
baik2012,W4,0.6953125,0.03338299200298758,0.021418338662064496,0.16138966597076446,0.12359313493419968,1.0,0.0,0.0,false,,
baik2012,W4,0.703125,-0.048929975483294266,-0.04447217796767455,0.07193627405796,0.05474765232827893,1.0,0.0,0.0,false,,
baik2012,W4,0.7109375,-0.1045546061650211,-0.09065512541264291,-0.014824970072217612,-0.015674566201898728,1.0,0.0,0.0,false,,
baik2012,W4,0.71875,-0.1491307316138677,-0.12926667437404696,-0.09834407104750906,-0.08647090028683742,1.0,0.0,0.0,false,,
baik2012,W4,0.7265625,-0.18177413433507755,-0.15870420512713435,-0.17810658837228543,-0.1564099647380889,1.0,0.0,0.0,false,,
baik2012,W4,0.734375,-0.23114891665787268,-0.20378036558904516,-0.25365302998048633,-0.22427771986323355,1.0,0.0,0.0,false,,
baik2012,W4,0.7421875,-0.2727015789294791,-0.24239791840996522,-0.32459707963654955,-0.28892574310139246,1.0,0.0,0.0,false,,
baik2012,W4,0.75,-0.32924535936577104,-0.29439249429325554,-0.3906402356887189,-0.3493169677290838,1.0,0.0,0.0,false,,
baik2012,W4,0.7578125,-0.38688353014977683,-0.34686345927294676,-0.15995546430817564,-0.14447570565128987,0.0,1.0,0.0,false,,
baik2012,W4,0.765625,-0.44390601516762024,-0.39768441293383405,-0.22177807499279628,-0.20055446532800347,0.0,1.0,0.0,false,,
baik2012,W4,0.7734375,-0.49318001804761813,-0.4400156062631467,-0.2669679618352832,-0.24070888586602152,0.0,1.0,0.0,false,,
baik2012,W4,0.78125,-0.5457991683707402,-0.48322202860608426,-0.3450732685153719,-0.30810824415890925,0.0,1.0,0.0,false,,
baik2012,W4,0.7890625,-0.587438333783306,-0.5144341359846791,-0.3910878125709217,-0.34528191359634214,0.0,1.0,0.0,false,,
baik2012,W4,0.796875,-0.6201442697915706,-0.5354519359309944,-0.4134876627588157,-0.36018013996319337,0.0,1.0,0.0,false,,
baik2012,W4,0.8046875,-0.6502614351705207,-0.551729641358338,-0.43977275646789954,-0.3765385619655708,0.0,1.0,0.0,false,,
baik2012,W4,0.8125,-0.6779674246541096,-0.563413806766447,-0.4696747693134958,-0.3938584792097536,0.0,1.0,0.0,false,,
baik2012,W4,0.8203125,-0.698661532527845,-0.5669148108898489,-0.48161806485350117,-0.39470789260909955,0.0,1.0,0.0,false,,
baik2012,W4,0.828125,-0.7190430049965794,-0.5678462828673145,-0.5044498336061779,-0.4025116519086577,0.0,1.0,0.0,false,,
baik2012,W4,0.8359375,-0.7356368992143555,-0.5636620641943717,-0.5217341393968014,-0.40422191183276857,0.0,1.0,0.0,false,,
baik2012,W4,0.84375,-0.7470136997457758,-0.5536661991301233,-0.5263494681196812,-0.39508306649405944,0.0,1.0,0.0,false,,
baik2012,W4,0.8515625,-0.7570213257679745,-0.5410552954564569,-0.5347119947039849,-0.38763698132106306,0.0,1.0,0.0,false,,
baik2012,W4,0.859375,-0.7646046306942875,-0.5253482583298456,-0.5416472424944656,-0.37819319671994167,0.0,1.0,0.0,false,,
baik2012,W4,0.8671875,-0.7692560292909841,-0.5065463236568152,-0.5446060152735244,-0.3653236002765024,0.0,1.0,0.0,false,,
baik2012,W4,0.875,-0.7708328689875525,-0.48493522864732974,-0.5428321718925191,-0.34897438516387347,0.0,1.0,0.0,false,,
baik2012,W4,0.8828125,-0.7707738357496317,-0.4617591005392033,-0.5426639575877525,-0.33339705053982466,0.0,1.0,0.0,false,,
baik2012,W4,0.890625,-0.7654011065568852,-0.4352163750088276,-0.5281550551132688,-0.3095781670790371,0.0,1.0,0.0,false,,
baik2012,W4,0.8984375,-0.7600457020135557,-0.4087382338690238,-0.5229293278619627,-0.29148353858794174,0.0,1.0,0.0,false,,
baik2012,W4,0.90625,-0.7513675510066822,-0.3807425494077409,-0.5127595315270415,-0.27117942350420193,0.0,1.0,0.0,false,,
baik2012,W4,0.9140625,-0.7399408455816793,-0.35189379891225747,-0.5006322613334612,-0.25058762036286497,0.0,1.0,0.0,false,,
baik2012,W4,0.921875,-0.7230559423352148,-0.3213283461453906,-0.47532858779706494,-0.22499130654598196,0.0,1.0,0.0,false,,
baik2012,W4,0.9296875,-0.6959756475397193,-0.28776042556867043,-0.41698040726281727,-0.18786998946243386,0.0,1.0,0.0,false,,
baik2012,W4,0.9375,-0.6735908106553912,-0.2577767753459389,-0.39070463550463674,-0.16674206577022843,0.0,1.0,0.0,false,,
baik2012,W4,0.9453125,-0.6475340336226536,-0.22807800132901368,-0.3608209347051492,-0.14624211680147858,0.0,1.0,0.0,false,,
baik2012,W4,0.953125,-0.6206110222821302,-0.19992984097252656,-0.3400077590798679,-0.13072749253145943,0.0,1.0,0.0,false,,
baik2012,W4,0.9609375,-0.5869867210409935,-0.1717656416636814,-0.30369253695583004,-0.11230081675334416,0.0,1.0,0.0,false,,
baik2012,W4,0.96875,-0.5476088231603722,-0.1444915845845335,-0.2565377657270731,-0.09367666140578083,0.0,1.0,0.0,false,,
baik2012,W4,0.9765625,-0.5051885823293957,-0.11929820059577144,-0.21067827359794628,-0.07871641962018747,0.0,1.0,0.0,false,,
baik2012,W4,0.984375,-0.46915969967353516,-0.09727751186939612,-0.20686272349305163,-0.07078566063130222,0.0,1.0,0.0,false,,
baik2012,W4,0.9921875,-0.424148156990526,-0.07606693438698976,-0.17959453841930373,-0.058433468915812845,0.0,1.0,0.0,false,,
