figure,case_id,quantity,sample_index,phase,coefficient,std,lower,upper,x_pdf,y_centre_pdf
9,fig09_pitch_leading_u6_f0p79_theta_m4_p8,CL,0,2.4340033400984433e-10,0.5518559517188066,0.14727631655102652,0.4045796351677801,0.6991322682698331,111.80519104003906,384.92201232910156
9,fig09_pitch_leading_u6_f0p79_theta_m4_p8,CL,1,0.016492642818245664,0.5599567892582333,0.11640350174010275,0.4435532875181306,0.6763602909983361,114.5182113647461,384.04437255859375
9,fig09_pitch_leading_u6_f0p79_theta_m4_p8,CL,2,0.03298343020791718,0.5638944636141159,0.11025488196471082,0.45363958164940504,0.6741493455788267,117.23092651367188,383.6177673339844
9,fig09_pitch_leading_u6_f0p79_theta_m4_p8,CL,3,0.04947704675497876,0.563301375885644,0.13248278469451039,0.43081859119113364,0.6957841605801544,119.94410705566406,383.68202209472656
9,fig09_pitch_leading_u6_f0p79_theta_m4_p8,CL,4,0.06597010674648819,0.5580466833989273,0.16483726250793376,0.39320942089099353,0.722883945906861,122.65719604492188,384.2513122558594
9,fig09_pitch_leading_u6_f0p79_theta_m4_p8,CL,5,0.08246325949725632,0.5482227788278864,0.19180057146112137,0.356422207366765,0.7400233502890078,125.37030029296875,385.3156280517578
9,fig09_pitch_leading_u6_f0p79_theta_m4_p8,CL,6,0.0989540005072985,0.5341113471539849,0.2052193397656034,0.32889200738838154,0.7393306869195883,128.0830078125,386.8444519042969
9,fig09_pitch_leading_u6_f0p79_theta_m4_p8,CL,7,0.11544715325806662,0.5161691405746665,0.2013132141276448,0.31485592644702165,0.7174823547023113,130.79611206054688,388.7882995605469
9,fig09_pitch_leading_u6_f0p79_theta_m4_p8,CL,8,0.13194030600883475,0.4950012184301151,0.17972896158049,0.31527225684962507,0.6747301800106051,133.50921630859375,391.0816192626953
9,fig09_pitch_leading_u6_f0p79_theta_m4_p8,CL,9,0.14843336600034418,0.4713388349322111,0.14455974658978957,0.32677908834242153,0.6158985815220007,136.22230529785156,393.6451873779297
9,fig09_pitch_leading_u6_f0p79_theta_m4_p8,CL,10,0.16492419976964504,0.4460146508861614,0.11010446218460915,0.3359101887015522,0.5561191130707706,138.93502807617188,396.3887939453125
9,fig09_pitch_leading_u6_f0p79_theta_m4_p8,CL,11,0.18141725976115447,0.41995231134618577,0.11133063690892109,0.3086216744372647,0.5312829482551069,141.6481170654297,399.2123718261719
9,fig09_pitch_leading_u6_f0p79_theta_m4_p8,CL,12,0.1979104125119226,0.3941277139305656,0.16309335078769135,0.23103436314287426,0.5572210647182569,144.36122131347656,402.01019287109375
9,fig09_pitch_leading_u6_f0p79_theta_m4_p8,CL,13,0.21440347250343203,0.3695574597374038,0.2371784727075423,0.13237898702986148,0.6067359324449461,147.07431030273438,404.672119140625
9,fig09_pitch_leading_u6_f0p79_theta_m4_p8,CL,14,0.23089421351347422,0.3472525161651738,0.31392777118207793,0.033324744983095844,0.6611802873472516,149.78701782226562,407.088623046875
9,fig09_pitch_leading_u6_f0p79_theta_m4_p8,CL,15,0.24738736626424235,0.32819807643654547,0.3829798866956243,-0.054781810259078856,0.7111779631321697,152.5001220703125,409.15296936035156
9,fig09_pitch_leading_u6_f0p79_theta_m4_p8,CL,16,0.2638805190150105,0.3132939832248048,0.4374210022206432,-0.12412701899583839,0.750714985445448,155.21322631835938,410.7676696777344
9,fig09_pitch_leading_u6_f0p79_theta_m4_p8,CL,17,0.2803735790065199,0.30332613762823585,0.47236839028844085,-0.169042252660205,0.7756945279166767,157.9263153076172,411.8475799560547
9,fig09_pitch_leading_u6_f0p79_theta_m4_p8,CL,18,0.29686441277582076,0.29891523250349417,0.48479802178051273,-0.18588278927701857,0.7837132542840068,160.6390380859375,412.32545471191406
9,fig09_pitch_leading_u6_f0p79_theta_m4_p8,CL,19,0.3133575655265889,0.3004701336011743,0.4735765371739391,-0.1731064035727648,0.7740466707751135,163.35214233398438,412.15699768066406
9,fig09_pitch_leading_u6_f0p79_theta_m4_p8,CL,20,0.32985062551809835,0.3081632321299323,0.4394974430615036,-0.13133421093157133,0.7476606751914359,166.0652313232422,411.3235321044922
9,fig09_pitch_leading_u6_f0p79_theta_m4_p8,CL,21,0.34634368550960776,0.3218846709469972,0.3852243526279279,-0.06333968168093074,0.7071090235749251,168.7783203125,409.8369598388672
9,fig09_pitch_leading_u6_f0p79_theta_m4_p8,CL,22,0.36283451927890864,0.34125417532739283,0.3152309867488202,0.02602318857857261,0.6564851620762131,171.4910430908203,407.7384796142578
9,fig09_pitch_leading_u6_f0p79_theta_m4_p8,CL,23,0.37932757927041805,0.3656092221947163,0.23599412820297774,0.12961509399173857,0.6016033503976941,174.20413208007812,405.09986877441406
9,fig09_pitch_leading_u6_f0p79_theta_m4_p8,CL,24,0.3958207320211862,0.3940209553225908,0.15770725225712193,0.23631370306546887,0.5517282075797127,176.917236328125,402.0217590332031
9,fig09_pitch_leading_u6_f0p79_theta_m4_p8,CL,25,0.4123138847719543,0.42536277562765173,0.10333120596282122,0.3220315696648305,0.528693981590473,179.63034057617188,398.62620544433594
9,fig09_pitch_leading_u6_f0p79_theta_m4_p8,CL,26,0.42880462578199646,0.4583347069204438,0.11249568599225539,0.3458390209281884,0.5708303929126992,182.34304809570312,395.0540466308594
9,fig09_pitch_leading_u6_f0p79_theta_m4_p8,CL,27,0.4452977785327646,0.4915498731947298,0.16372122661137417,0.32782864658335564,0.655271099806104,185.05615234375,391.4555358886719
9,fig09_pitch_leading_u6_f0p79_theta_m4_p8,CL,28,0.46179083852427405,0.5236139337922641,0.2170775732727759,0.3065363605194882,0.74069150706504,187.7692413330078,387.9817352294922
9,fig09_pitch_leading_u6_f0p79_theta_m4_p8,CL,29,0.4782839912750422,0.5532029693001665,0.2597511578546536,0.29345181144551297,0.8129541271548202,190.4823455810547,384.7760772705078
9,fig09_pitch_leading_u6_f0p79_theta_m4_p8,CL,30,0.494774825044343,0.5791429167156961,0.2883603521545342,0.29078256456116186,0.8675032688702302,193.195068359375,381.96575927734375
9,fig09_pitch_leading_u6_f0p79_theta_m4_p8,CL,31,0.5112678850358525,0.6004805540615794,0.30294938071450755,0.29753117334707185,0.903429934776087,195.9081573486328,379.654052734375
9,fig09_pitch_leading_u6_f0p79_theta_m4_p8,CL,32,0.5277609450273619,0.6165405415947567,0.30538961770892853,0.31115092388582816,0.9219301593036853,198.62124633789062,377.91412353515625
9,fig09_pitch_leading_u6_f0p79_theta_m4_p8,CL,33,0.54425409777813,0.6269555620993994,0.298486927238158,0.3284686348612414,0.9254424893375575,201.3343505859375,376.7857666015625
9,fig09_pitch_leading_u6_f0p79_theta_m4_p8,CL,34,0.5607448387881722,0.6316944893850558,0.2851242142449873,0.3465702751400685,0.916818703630043,204.04705810546875,376.27235412597656
9,fig09_pitch_leading_u6_f0p79_theta_m4_p8,CL,35,0.5772379915389403,0.6310367549533378,0.26740763733582124,0.36362911761751654,0.898444392289159,206.76016235351562,376.34361267089844
9,fig09_pitch_leading_u6_f0p79_theta_m4_p8,CL,36,0.5937311442897084,0.625551080781821,0.24610844998990783,0.37944263079191315,0.8716595307717288,209.4732666015625,376.93792724609375
9,fig09_pitch_leading_u6_f0p79_theta_m4_p8,CL,37,0.6102219780590094,0.616040269067677,0.22069342253733604,0.3953468465303409,0.836733691605013,212.1859893798828,377.96832275390625
9,fig09_pitch_leading_u6_f0p79_theta_m4_p8,CL,38,0.6267150380505188,0.6034821892240576,0.1901213064441249,0.4133608827799327,0.7936034956681826,214.89907836914062,379.328857421875
9,fig09_pitch_leading_u6_f0p79_theta_m4_p8,CL,39,0.6432080980420282,0.5889458357556179,0.1544326643476052,0.4345131714080127,0.743378500103223,217.61216735839844,380.9037170410156
9,fig09_pitch_leading_u6_f0p79_theta_m4_p8,CL,40,0.6597012507927963,0.5735137240461234,0.11792178379019266,0.45559194025593075,0.6914355078363161,220.3252716064453,382.57562255859375
9,fig09_pitch_leading_u6_f0p79_theta_m4_p8,CL,41,0.6761919918028385,0.5582058354134545,0.09670498930135742,0.4615008461120971,0.6549108247148119,223.03797912597656,384.23406982421875
9,fig09_pitch_leading_u6_f0p79_theta_m4_p8,CL,42,0.6926851445536066,0.5439160971462862,0.11556027774809086,0.42835581939819534,0.659476374894377,225.75108337402344,385.78221130371094
9,fig09_pitch_leading_u6_f0p79_theta_m4_p8,CL,43,0.7091782973043748,0.53135280613051,0.16737045554623778,0.3639823505842722,0.6987232616767477,228.4641876220703,387.143310546875
9,fig09_pitch_leading_u6_f0p79_theta_m4_p8,CL,44,0.7256713572958842,0.5210162348932048,0.23070267582618015,0.29031355906702466,0.7517189107193849,231.17727661132812,388.26316833496094
9,fig09_pitch_leading_u6_f0p79_theta_m4_p8,CL,45,0.742162191065185,0.513169195522077,0.2933791334692748,0.21979006205280216,0.8065483289913518,233.88999938964844,389.1133117675781
9,fig09_pitch_leading_u6_f0p79_theta_m4_p8,CL,46,0.7586552510566945,0.507849574647133,0.34797559826157093,0.15987397638556206,0.8558251729087039,236.60308837890625,389.68963623046875
9,fig09_pitch_leading_u6_f0p79_theta_m4_p8,CL,47,0.7751483110482039,0.5048968118289385,0.38910456324759185,0.11579224858134668,0.8940013750765303,239.31617736816406,390.00953674316406
9,fig09_pitch_leading_u6_f0p79_theta_m4_p8,CL,48,0.7916415565582308,0.5039871101813012,0.41290511322890383,0.09108199695239733,0.916892223410205,242.029296875,390.10809326171875
9,fig09_pitch_leading_u6_f0p79_theta_m4_p8,CL,49,0.808132297568273,0.5046851255653686,0.41715404948930385,0.08753107607606475,0.9218391750546724,244.74200439453125,390.032470703125
9,fig09_pitch_leading_u6_f0p79_theta_m4_p8,CL,50,0.8246254503190411,0.5064887545016812,0.401405323860644,0.1050834306410372,0.9078940783623252,247.45510864257812,389.8370666503906
9,fig09_pitch_leading_u6_f0p79_theta_m4_p8,CL,51,0.8411185103105505,0.5088989920455764,0.36712299403408233,0.1417759980114941,0.8760219860796588,250.16819763183594,389.57594299316406
9,fig09_pitch_leading_u6_f0p79_theta_m4_p8,CL,52,0.85761157030206,0.5114617620069339,0.3177534757578286,0.19370828624910535,0.8292152377647626,252.88128662109375,389.2982940673828
9,fig09_pitch_leading_u6_f0p79_theta_m4_p8,CL,53,0.8741024040713609,0.5137987614556485,0.2588938496135685,0.25490491184208003,0.7726926110692169,255.59400939941406,389.04510498046875
9,fig09_pitch_leading_u6_f0p79_theta_m4_p8,CL,54,0.8905956495813877,0.5156497134688471,0.1989814258510874,0.3166682876177597,0.7146311393199345,258.30712890625,388.8445739746094
9,fig09_pitch_leading_u6_f0p79_theta_m4_p8,CL,55,0.9070886168136384,0.5168723671308908,0.15117906196920752,0.3656933051616833,0.6680514291000983,261.02020263671875,388.7121124267578
9,fig09_pitch_leading_u6_f0p79_theta_m4_p8,CL,56,0.9235815840458892,0.5174478495480213,0.1327365828628093,0.38471126668521194,0.6501844324108306,263.7332763671875,388.64976501464844
9,fig09_pitch_leading_u6_f0p79_theta_m4_p8,CL,57,0.9400726960929661,0.5174636239069832,0.14660646966510557,0.3708571542418776,0.6640700935720888,266.446044921875,388.64805603027344
9,fig09_pitch_leading_u6_f0p79_theta_m4_p8,CL,58,0.9565656633252169,0.5170770112699243,0.17331964235475333,0.343757368915171,0.6903966536246777,269.15911865234375,388.68994140625
9,fig09_pitch_leading_u6_f0p79_theta_m4_p8,CL,59,0.9730586305574676,0.5164980077905255,0.19610387292294393,0.3203941348675815,0.7126018807134694,271.8721923828125,388.75267028808594
9,fig09_pitch_leading_u6_f0p79_theta_m4_p8,CL,60,0.9895519688267531,0.5159416799521344,0.20783098207124504,0.3081106978808893,0.7237726620233794,274.5853271484375,388.8129425048828
9,fig09_pitch_leading_u6_f0p79_theta_m4_p8,CD,0,3.561954686997794e-10,0.05153259612646531,0.008700629370457715,0.042831966756007596,0.060233225496923025,326.55218505859375,359.5014190673828
9,fig09_pitch_leading_u6_f0p79_theta_m4_p8,CD,1,0.016492595047516698,0.05118927847105721,0.008448277185063673,0.042741001285993535,0.05963755565612089,329.26519775390625,359.78038024902344
9,fig09_pitch_leading_u6_f0p79_theta_m4_p8,CD,2,0.032983520072333745,0.05090145275699749,0.007843724877846056,0.043057727879151436,0.05874517763484355,331.9779357910156,360.0142517089844
9,fig09_pitch_leading_u6_f0p79_theta_m4_p8,CD,3,0.0494770423561573,0.050701118398180436,0.00700851012880711,0.04369260826937332,0.05770962852698755,334.69110107421875,360.1770324707031
9,fig09_pitch_leading_u6_f0p79_theta_m4_p8,CD,4,0.06597019360297993,0.05059871651791896,0.006098198163709914,0.04450051835420905,0.05669691468162887,337.4042053222656,360.26023864746094
9,fig09_pitch_leading_u6_f0p79_theta_m4_p8,CD,5,0.08246315933130209,0.05058543976579265,0.005271828323088931,0.04531361144270372,0.05585726808888158,340.1172790527344,360.2710266113281
9,fig09_pitch_leading_u6_f0p79_theta_m4_p8,CD,6,0.09895408435611913,0.05063325109664642,0.0046418680305432775,0.04599138306610314,0.055275119127189694,342.83001708984375,360.232177734375
9,fig09_pitch_leading_u6_f0p79_theta_m4_p8,CD,7,0.1154470500844413,0.050697137250442406,0.004216448592537875,0.04648068865790453,0.054913585842980284,345.5430908203125,360.1802673339844
9,fig09_pitch_leading_u6_f0p79_theta_m4_p8,CD,8,0.1319402013312639,0.050717906823075684,0.003898557701456589,0.04681934912161909,0.054616464524532275,348.2561950683594,360.16339111328125
9,fig09_pitch_leading_u6_f0p79_theta_m4_p8,CD,9,0.14843335257808654,0.050626021182122186,0.00358740847093167,0.04703861271119052,0.054213429653053855,350.96929931640625,360.23805236816406
9,fig09_pitch_leading_u6_f0p79_theta_m4_p8,CD,10,0.16492409208440312,0.050343340913723875,0.0033145308398883,0.047028810073835574,0.053657871753612175,353.6820068359375,360.4677429199219
9,fig09_pitch_leading_u6_f0p79_theta_m4_p8,CD,11,0.18141724333122575,0.04978917266019074,0.0033448401438938053,0.046444332516296934,0.05313401280408455,356.3951110839844,360.91802978515625
9,fig09_pitch_leading_u6_f0p79_theta_m4_p8,CD,12,0.19791039457804838,0.04888280428483406,0.004026348788047335,0.044856455496786726,0.052909153072881396,359.10821533203125,361.6544952392578
9,fig09_pitch_leading_u6_f0p79_theta_m4_p8,CD,13,0.21440336030637053,0.047546828754747514,0.00538192959284375,0.04216489916190376,0.05292875834759127,361.8212890625,362.7400360107422
9,fig09_pitch_leading_u6_f0p79_theta_m4_p8,CD,14,0.23089428533118758,0.04571172621650589,0.007162460360676461,0.03854926585582943,0.052874186577182354,364.5340270996094,364.23114013671875
9,fig09_pitch_leading_u6_f0p79_theta_m4_p8,CD,15,0.2473874365780102,0.04331918787894615,0.009106706439735936,0.03421248143921021,0.05242589431868208,367.24713134765625,366.17518615722656
9,fig09_pitch_leading_u6_f0p79_theta_m4_p8,CD,16,0.26388040230633236,0.04032420048203039,0.010997075571340767,0.029327124910689624,0.05132127605337116,369.960205078125,368.60874938964844
9,fig09_pitch_leading_u6_f0p79_theta_m4_p8,CD,17,0.28037355355315496,0.03669925279256897,0.01264932699861486,0.02404992579395411,0.04934857979118383,372.6733093261719,371.55418395996094
9,fig09_pitch_leading_u6_f0p79_theta_m4_p8,CD,18,0.29686447857797205,0.032436626642069796,0.01391208321251957,0.018524543429550226,0.046348709854589366,375.38604736328125,375.01776123046875
9,fig09_pitch_leading_u6_f0p79_theta_m4_p8,CD,19,0.3133574443062942,0.02754937343467402,0.014672426093485437,0.012876947341188584,0.04222179952815946,378.09912109375,378.98887634277344
9,fig09_pitch_leading_u6_f0p79_theta_m4_p8,CD,20,0.3298505955531168,0.022074187333966988,0.014862976593946317,0.007211210740020671,0.036937163927913304,380.8122253417969,383.4377136230469
9,fig09_pitch_leading_u6_f0p79_theta_m4_p8,CD,21,0.34634374679993946,0.016072306654918933,0.014467190415990908,0.0016051162389280251,0.03053949707090984,383.52532958984375,388.31451416015625
9,fig09_pitch_leading_u6_f0p79_theta_m4_p8,CD,22,0.36283448630625603,0.009627542069014713,0.01352256922015142,-0.003895027151136706,0.023150111289166133,386.238037109375,393.5511779785156
9,fig09_pitch_leading_u6_f0p79_theta_m4_p8,CD,23,0.37932763755307863,0.0028482671781228514,0.012121749807331918,-0.009273482629209066,0.014970016985454769,388.9511413574219,399.0596466064453
9,fig09_pitch_leading_u6_f0p79_theta_m4_p8,CD,24,0.3958207887999013,-0.004136900655220294,0.01040957459500109,-0.014546475250221383,0.006272673939780796,391.66424560546875,404.73541259765625
9,fig09_pitch_leading_u6_f0p79_theta_m4_p8,CD,25,0.41231375452822344,-0.011180658964707907,0.008582396794237973,-0.01976305575894588,-0.002598262170469934,394.3773193359375,410.4587860107422
9,fig09_pitch_leading_u6_f0p79_theta_m4_p8,CD,26,0.42880467955304047,-0.018121996614935278,0.0068893386026491555,-0.025011335217584432,-0.011232658012286123,397.0900573730469,416.09893798828125
9,fig09_pitch_leading_u6_f0p79_theta_m4_p8,CD,27,0.4452978307998631,-0.02478951768418107,0.005612366686679907,-0.030401884370860978,-0.019177150997501162,399.80316162109375,421.5166015625
9,fig09_pitch_leading_u6_f0p79_theta_m4_p8,CD,28,0.4617907965281853,-0.031009215969895705,0.004956735502823518,-0.03596595147271922,-0.026052480467072186,402.5162353515625,426.5703887939453
9,fig09_pitch_leading_u6_f0p79_theta_m4_p8,CD,29,0.4782839477750079,-0.03661039037331212,0.004836136772759482,-0.041446527146071596,-0.03177425360055264,405.2293395996094,431.12159729003906
9,fig09_pitch_leading_u6_f0p79_theta_m4_p8,CD,30,0.49477468728132445,-0.04143137249406885,0.0049009994344912135,-0.04633237192856006,-0.03653037305957764,407.9420471191406,435.0388641357422
9,fig09_pitch_leading_u6_f0p79_theta_m4_p8,CD,31,0.5112678385281471,-0.045327357472694736,0.004834765905849691,-0.05016212337854443,-0.040492591566845045,410.6551513671875,438.20452880859375
9,fig09_pitch_leading_u6_f0p79_theta_m4_p8,CD,32,0.5277609897749698,-0.04817586867924931,0.004500987981813846,-0.05267685666106316,-0.04367488069743547,413.3682556152344,440.5190734863281
9,fig09_pitch_leading_u6_f0p79_theta_m4_p8,CD,33,0.5442541410217924,-0.04988410030183965,0.0039580307905429804,-0.05384213109238263,-0.04592606951129667,416.08135986328125,441.90708923339844
9,fig09_pitch_leading_u6_f0p79_theta_m4_p8,CD,34,0.5607448805281089,-0.050391621522442365,0.003494339753056029,-0.05388596127549839,-0.04689728176938634,418.7940673828125,442.31947326660156
9,fig09_pitch_leading_u6_f0p79_theta_m4_p8,CD,35,0.577237846256431,-0.04967465812862193,0.0035992955771494426,-0.05327395370577137,-0.04607536255147249,421.50714111328125,441.7369079589844
9,fig09_pitch_leading_u6_f0p79_theta_m4_p8,CD,36,0.5937311830217542,-0.04774787651841321,0.004478847542270791,-0.052226724060684,-0.04326902897614242,424.22027587890625,440.1713104248047
9,fig09_pitch_leading_u6_f0p79_theta_m4_p8,CD,37,0.6102219225280707,-0.04466357620337466,0.005811067272604475,-0.05047464347597914,-0.038852508930770184,426.9329833984375,437.66517639160156
9,fig09_pitch_leading_u6_f0p79_theta_m4_p8,CD,38,0.6267148882563929,-0.040510318941678496,0.007218196429008766,-0.04772851537068726,-0.03329212251266973,429.64605712890625,434.29046630859375
9,fig09_pitch_leading_u6_f0p79_theta_m4_p8,CD,39,0.6432080395032156,-0.03540898514837022,0.008445948589216906,-0.04385493373758713,-0.026963036559153317,432.3591613769531,430.14540100097656
9,fig09_pitch_leading_u6_f0p79_theta_m4_p8,CD,40,0.6597011907500382,-0.029508567399645434,0.009335040285710496,-0.03884360768535593,-0.020173527113934938,435.072265625,425.3510437011719
9,fig09_pitch_leading_u6_f0p79_theta_m4_p8,CD,41,0.6761919302563547,-0.022977964010389818,0.00979826184822834,-0.032776225858618155,-0.013179702162161477,437.78497314453125,420.0446319580078
9,fig09_pitch_leading_u6_f0p79_theta_m4_p8,CD,42,0.6926850815031774,-0.01600070213552643,0.009812947025261988,-0.02581364916078842,-0.006187755110264441,440.4980773925781,414.3752899169922
9,fig09_pitch_leading_u6_f0p79_theta_m4_p8,CD,43,0.70917823275,-0.008765717281622412,0.009422043386985284,-0.018187760668607694,0.0006563261053628717,443.211181640625,408.4965362548828
9,fig09_pitch_leading_u6_f0p79_theta_m4_p8,CD,44,0.7256711984783222,-0.0014605177513388606,0.00873283535333841,-0.01019335310467727,0.0072723176019995495,445.92425537109375,402.56072998046875
9,fig09_pitch_leading_u6_f0p79_theta_m4_p8,CD,45,0.7421621235031393,0.0057366837570514695,0.007912305781333109,-0.0021756220242816395,0.013648989538384578,448.6369934082031,396.7126770019531
9,fig09_pitch_leading_u6_f0p79_theta_m4_p8,CD,46,0.7586552747499619,0.01266425640118464,0.00716550255847627,0.0054987538427083696,0.01982975895966091,451.35009765625,391.0837097167969
9,fig09_pitch_leading_u6_f0p79_theta_m4_p8,CD,47,0.775148240478284,0.019181338911330004,0.006674750983770029,0.012506587927559975,0.025856089895100035,454.06317138671875,385.7882843017578
9,fig09_pitch_leading_u6_f0p79_theta_m4_p8,CD,48,0.7916415772436071,0.025174111775977392,0.006498885660342794,0.0186752261156346,0.03167299743632018,456.77630615234375,380.91888427734375
9,fig09_pitch_leading_u6_f0p79_theta_m4_p8,CD,49,0.8081323167499237,0.03055626671680632,0.006523617601715315,0.024032649115091006,0.03707988431852163,459.489013671875,376.54563903808594
9,fig09_pitch_leading_u6_f0p79_theta_m4_p8,CD,50,0.8246252824782458,0.0352723117924684,0.006534359189008469,0.02873795260345993,0.04180667098147686,462.20208740234375,372.71363830566406
9,fig09_pitch_leading_u6_f0p79_theta_m4_p8,CD,51,0.8411184337250684,0.03929586250969985,0.006332597626285327,0.03296326488341453,0.04562846013598518,464.9151916503906,369.44432067871094
9,fig09_pitch_leading_u6_f0p79_theta_m4_p8,CD,52,0.857611584971891,0.042628346072406786,0.005798936039402767,0.03682941003300402,0.04842728211180955,467.6282958984375,366.7365264892578
9,fig09_pitch_leading_u6_f0p79_theta_m4_p8,CD,53,0.8741023244782077,0.045296578890824515,0.004907046272093304,0.04038953261873121,0.05020362516291782,470.34100341796875,364.56846618652344
9,fig09_pitch_leading_u6_f0p79_theta_m4_p8,CD,54,0.8905954757250303,0.047348109389824186,0.0037478937943709817,0.043600215595453205,0.05109600318419517,473.0541076660156,362.90150451660156
9,fig09_pitch_leading_u6_f0p79_theta_m4_p8,CD,55,0.9070886269718529,0.048847593662151065,0.00264348209804646,0.0462041115641046,0.05149107576019753,475.7672119140625,361.68310546875
9,fig09_pitch_leading_u6_f0p79_theta_m4_p8,CD,56,0.923581592700175,0.04987149979077325,0.0024401055414295923,0.04743139424934366,0.052311605332202846,478.48028564453125,360.85113525390625
9,fig09_pitch_leading_u6_f0p79_theta_m4_p8,CD,57,0.9400725177249921,0.05050262438124227,0.0035209120363074477,0.046981712344934826,0.054023536417549714,481.1930236816406,360.33831787109375
9,fig09_pitch_leading_u6_f0p79_theta_m4_p8,CD,58,0.9565656689718147,0.050826825015908364,0.005049560093715225,0.04577726492219314,0.05587638510962359,483.9061279296875,360.07489013671875
9,fig09_pitch_leading_u6_f0p79_theta_m4_p8,CD,59,0.9730586347001369,0.05092665417333912,0.006504970055942412,0.04442168411739671,0.05743162422928153,486.61920166015625,359.9937744140625
9,fig09_pitch_leading_u6_f0p79_theta_m4_p8,CD,60,0.9895517859469595,0.05087931231745445,0.007656441923170154,0.043222870394284296,0.0585357542406246,489.3323059082031,360.03224182128906
10,fig10_pitch_leading_u6_f1p23_theta_m10_p2,CL,0,2.4340033400984433e-10,-0.014209355108113386,0.28665053144978514,-0.3008598865578985,0.27244117634167175,111.80519104003906,217.10082244873047
10,fig10_pitch_leading_u6_f1p23_theta_m10_p2,CL,1,0.016796800427492643,-0.05321095152651745,0.2898937368157408,-0.34310468834225827,0.23668278528922337,114.56824493408203,219.9177703857422
10,fig10_pitch_leading_u6_f1p23_theta_m10_p2,CL,2,0.03359471372268924,-0.09432739713333305,0.29024527860181715,-0.3845726757351502,0.1959178814684841,117.33148193359375,222.88746643066406
10,fig10_pitch_leading_u6_f1p23_theta_m10_p2,CL,3,0.0503915602864109,-0.13582443320145665,0.2884741544650559,-0.42429858766651257,0.15264972126359927,120.09454345703125,225.88465118408203
10,fig10_pitch_leading_u6_f1p23_theta_m10_p2,CL,4,0.06718673718347612,-0.1759019925504416,0.2861125499844947,-0.4620145425349363,0.11021055743405311,122.85733032226562,228.77931213378906
10,fig10_pitch_leading_u6_f1p23_theta_m10_p2,CL,5,0.08398395478423254,-0.2127703598913785,0.2851652462773035,-0.497935606168682,0.072394886385925,125.62045288085938,231.4421844482422
10,fig10_pitch_leading_u6_f1p23_theta_m10_p2,CL,6,0.10078117238498896,-0.24471333949158047,0.2876315316202451,-0.5323448711118255,0.0429181921286646,128.38357543945312,233.7493133544922
10,fig10_pitch_leading_u6_f1p23_theta_m10_p2,CL,7,0.11757848274500406,-0.27018057714604715,0.294888947008578,-0.5650695241546251,0.024708369862530832,131.14671325683594,235.5887222290039
10,fig10_pitch_leading_u6_f1p23_theta_m10_p2,CL,8,0.1343757003457605,-0.2878425942130848,0.3071929095212484,-0.5950355037343331,0.019350315308163613,133.9098358154297,236.86438751220703
10,fig10_pitch_leading_u6_f1p23_theta_m10_p2,CL,9,0.1511730107057756,-0.2966564904361034,0.3235374899428703,-0.6201939803789738,0.026880999506766867,136.6729736328125,237.50098419189453
10,fig10_pitch_leading_u6_f1p23_theta_m10_p2,CL,10,0.167970228306532,-0.295911471140071,0.3419939618696074,-0.6379054330096784,0.04608249072953641,139.43609619140625,237.44717407226562
10,fig10_pitch_leading_u6_f1p23_theta_m10_p2,CL,11,0.18476521968507983,-0.28525303685561465,0.3601775875122594,-0.645430624367874,0.07492455065664477,142.1988525390625,236.67735290527344
10,fig10_pitch_leading_u6_f1p23_theta_m10_p2,CL,12,0.20156243728583625,-0.2647240739905311,0.37570088266142243,-0.6404249566519535,0.11097680867089132,144.96197509765625,235.19461822509766
10,fig10_pitch_leading_u6_f1p23_theta_m10_p2,CL,13,0.21835974764585137,-0.23473527799682292,0.3864613570196016,-0.6211966350164245,0.15172607902277868,147.72511291503906,233.02863311767578
10,fig10_pitch_leading_u6_f1p23_theta_m10_p2,CL,14,0.23515696524660779,-0.1960767728407914,0.39078749699819376,-0.5868642698389852,0.19471072415740237,150.4882354736328,230.23646545410156
10,fig10_pitch_leading_u6_f1p23_theta_m10_p2,CL,15,0.2519542756066229,-0.1498830413296659,0.3875786218847846,-0.5374616632144504,0.2376955805551187,153.25137329101562,226.90005493164062
10,fig10_pitch_leading_u6_f1p23_theta_m10_p2,CL,16,0.2687514932073793,-0.09757588407660367,0.37634058730579684,-0.4739164713824005,0.27876470322919317,156.01449584960938,223.1220932006836
10,fig10_pitch_leading_u6_f1p23_theta_m10_p2,CL,17,0.2855487108081357,-0.040834103246902176,0.3573041981898894,-0.3981383014367916,0.3164700949429872,158.77761840820312,219.02383422851562
10,fig10_pitch_leading_u6_f1p23_theta_m10_p2,CL,18,0.30234592840889213,0.018508009357991684,0.33154277667898574,-0.31303476732099406,0.3500507860369774,161.54074096679688,214.73776245117188
10,fig10_pitch_leading_u6_f1p23_theta_m10_p2,CL,19,0.31914091978743997,0.07849046039653773,0.301205185319405,-0.22271472492286726,0.3796956457159427,164.30349731445312,210.4054412841797
10,fig10_pitch_leading_u6_f1p23_theta_m10_p2,CL,20,0.3359381373881964,0.13714501726658457,0.26989166410358656,-0.132746646837002,0.4070366813701711,167.06661987304688,206.16902923583984
10,fig10_pitch_leading_u6_f1p23_theta_m10_p2,CL,21,0.35273544774821153,0.1925565800337683,0.24308068754867626,-0.05052410751490796,0.4356372675824446,169.8297576904297,202.1668472290039
10,fig10_pitch_leading_u6_f1p23_theta_m10_p2,CL,22,0.3695327581082266,0.24292497588609607,0.22785675220171886,0.015068223684377213,0.47078172808781493,172.5928955078125,198.52891540527344
10,fig10_pitch_leading_u6_f1p23_theta_m10_p2,CL,23,0.38632997570898303,0.28666794989158584,0.2303258895964104,0.05634206029517544,0.5169938394879963,175.35601806640625,195.36951446533203
10,fig10_pitch_leading_u6_f1p23_theta_m10_p2,CL,24,0.40312719330973945,0.322457924776377,0.2513327295769414,0.07112519519943561,0.5737906543533184,178.119140625,192.78453063964844
10,fig10_pitch_leading_u6_f1p23_theta_m10_p2,CL,25,0.41992441091049587,0.3492845348001392,0.28594734224608626,0.06333719255405296,0.6352318770462255,180.88226318359375,190.84693908691406
10,fig10_pitch_leading_u6_f1p23_theta_m10_p2,CL,26,0.4367194022890437,0.366494871375211,0.327365471549126,0.03912939982608499,0.693860342924337,183.64501953125,189.60389709472656
10,fig10_pitch_leading_u6_f1p23_theta_m10_p2,CL,27,0.45351661988980013,0.37380499690514624,0.3697258342451346,0.004079162660011626,0.7435308311502808,186.40814208984375,189.07591247558594
10,fig10_pitch_leading_u6_f1p23_theta_m10_p2,CL,28,0.47031383749055655,0.37132550761891747,0.4086670094190568,-0.03734150180013934,0.7799925170379742,189.1712646484375,189.25499725341797
10,fig10_pitch_leading_u6_f1p23_theta_m10_p2,CL,29,0.48711124060983035,0.35953364684269484,0.44104075446505786,-0.08150710762236302,0.8005744013077527,191.93441772460938,190.10668182373047
10,fig10_pitch_leading_u6_f1p23_theta_m10_p2,CL,30,0.5039084582105867,0.3392719317897426,0.46462437038595705,-0.12535243859621448,0.8038963021756996,194.69754028320312,191.5701141357422
10,fig10_pitch_leading_u6_f1p23_theta_m10_p2,CL,31,0.5207056758113432,0.3116867816320217,0.4779458815841061,-0.16625909995208443,0.7896326632161278,197.46066284179688,193.56249237060547
10,fig10_pitch_leading_u6_f1p23_theta_m10_p2,CL,32,0.5375028934120996,0.2781978843517636,0.4802050234647593,-0.20200713911299567,0.7584029078165229,200.22378540039062,195.9812774658203
10,fig10_pitch_leading_u6_f1p23_theta_m10_p2,CL,33,0.5542978847906475,0.24041907871329338,0.4712365882895081,-0.23081750957621472,0.7116556670028015,202.98654174804688,198.70990753173828
10,fig10_pitch_leading_u6_f1p23_theta_m10_p2,CL,34,0.5710951023914038,0.20010289770122358,0.4515022915472166,-0.251399393845993,0.6516051892484402,205.74966430664062,201.6218032836914
10,fig10_pitch_leading_u6_f1p23_theta_m10_p2,CL,35,0.5878923199921603,0.15904412691868608,0.42214601725273465,-0.26310189033404857,0.5811901441714207,208.51278686523438,204.58733367919922
10,fig10_pitch_leading_u6_f1p23_theta_m10_p2,CL,36,0.6046897231114341,0.11902973523438665,0.3850440985629352,-0.26601436332854855,0.5040738337973218,211.27593994140625,207.47743225097656
10,fig10_pitch_leading_u6_f1p23_theta_m10_p2,CL,37,0.6214869407121905,0.08173873607671567,0.34298299003758587,-0.2612442539608702,0.42472172611430153,214.0390625,210.17082977294922
10,fig10_pitch_leading_u6_f1p23_theta_m10_p2,CL,38,0.6382841583129469,0.048685674556478764,0.29995894433619336,-0.2512732697797146,0.3486446188926721,216.80218505859375,212.55813598632812
10,fig10_pitch_leading_u6_f1p23_theta_m10_p2,CL,39,0.655081468672962,0.021147741699952816,0.2615739192535247,-0.24042617755357187,0.2827216609534775,219.56532287597656,214.54710388183594
10,fig10_pitch_leading_u6_f1p23_theta_m10_p2,CL,40,0.6718786862737185,0.00011724025305126506,0.23504888729444026,-0.234931647041389,0.23516612754749153,222.3284454345703,216.0660629272461
10,fig10_pitch_leading_u6_f1p23_theta_m10_p2,CL,41,0.6886736776522663,-0.01374753398770312,0.2270722267073713,-0.2408197606950744,0.21332469271966817,225.09120178222656,217.06746673583984
10,fig10_pitch_leading_u6_f1p23_theta_m10_p2,CL,42,0.7054708952530226,-0.020136658065474933,0.23916587681136445,-0.2593025348768394,0.21902921874588951,227.8543243408203,217.5289306640625
10,fig10_pitch_leading_u6_f1p23_theta_m10_p2,CL,43,0.7222681128537791,-0.019116046065153713,0.2660738231257754,-0.2851898691909291,0.24695777706062166,230.61744689941406,217.45521545410156
10,fig10_pitch_leading_u6_f1p23_theta_m10_p2,CL,44,0.7390654232137942,-0.011102731331519733,0.30000088006007325,-0.311103611391593,0.2888981487285535,233.38058471679688,216.8764419555664
10,fig10_pitch_leading_u6_f1p23_theta_m10_p2,CL,45,0.7558626408145507,0.003147809316311201,0.3344553553050319,-0.3313075459887207,0.3376031646213431,236.14370727539062,215.84717559814453
10,fig10_pitch_leading_u6_f1p23_theta_m10_p2,CL,46,0.7726599511745658,0.022559296053119127,0.3650132940701882,-0.34245399801706905,0.3875725901233073,238.90684509277344,214.44515228271484
10,fig10_pitch_leading_u6_f1p23_theta_m10_p2,CL,47,0.7894571687753222,0.045815031654312555,0.3889038752646263,-0.3430888436103137,0.43471890691893883,241.6699676513672,212.76547241210938
10,fig10_pitch_leading_u6_f1p23_theta_m10_p2,CL,48,0.8062520673946114,0.07139540069486316,0.4045449495879104,-0.3331495488930472,0.47594035028277354,244.43270874023438,210.9178924560547
10,fig10_pitch_leading_u6_f1p23_theta_m10_p2,CL,49,0.8230492849953678,0.09766321983871451,0.4112751579286752,-0.3136119380899607,0.5089383777673897,247.19583129882812,209.02066040039062
10,fig10_pitch_leading_u6_f1p23_theta_m10_p2,CL,50,0.8398466881146416,0.12292606045109644,0.4091866109952916,-0.28626055054419514,0.532112671446388,249.958984375,207.19601440429688
10,fig10_pitch_leading_u6_f1p23_theta_m10_p2,CL,51,0.8566439057153981,0.14552043694092454,0.39905041907572747,-0.25352998213480293,0.544570856016652,252.72210693359375,205.56410217285156
10,fig10_pitch_leading_u6_f1p23_theta_m10_p2,CL,52,0.8734411233161544,0.16388786147413337,0.3822522567943064,-0.21836439532017304,0.5461401182684398,255.4852294921875,204.23748779296875
10,fig10_pitch_leading_u6_f1p23_theta_m10_p2,CL,53,0.8902383409169109,0.17664519458351036,0.3607572934383372,-0.18411209885482682,0.5374024880218475,258.24835205078125,203.31607055664062
10,fig10_pitch_leading_u6_f1p23_theta_m10_p2,CL,54,0.9070355585176673,0.18265922104038168,0.33702674403653893,-0.15436752299615725,0.5196859650769206,261.011474609375,202.88169860839844
10,fig10_pitch_leading_u6_f1p23_theta_m10_p2,CL,55,0.9238329616369411,0.1810901700516866,0.3138680838263925,-0.13277791377470588,0.49495825387807907,263.7746276855469,202.99502563476562
10,fig10_pitch_leading_u6_f1p23_theta_m10_p2,CL,56,0.9406277674969715,0.17143681993024584,0.29413389271564727,-0.12269707278540143,0.4655707126458931,266.537353515625,203.69225311279297
10,fig10_pitch_leading_u6_f1p23_theta_m10_p2,CL,57,0.9574251706162453,0.1535731522413274,0.2801695079267349,-0.1265963556854075,0.4337426601680623,269.3005065917969,204.98248291015625
10,fig10_pitch_leading_u6_f1p23_theta_m10_p2,CL,58,0.9742223882170018,0.12774623917171957,0.27311374316028286,-0.1453675039885633,0.40085998233200243,272.0636291503906,206.84786987304688
10,fig10_pitch_leading_u6_f1p23_theta_m10_p2,CL,59,0.9910196058177582,0.0945906094200284,0.2724786863039455,-0.1778880768839171,0.3670692957239739,274.8267517089844,209.24258422851562
10,fig10_pitch_leading_u6_f1p23_theta_m10_p2,CD,0,3.561954686997794e-10,0.010956503084606689,0.011633028488475219,-0.0006765254038685296,0.022589531573081908,326.55218505859375,170.818603515625
10,fig10_pitch_leading_u6_f1p23_theta_m10_p2,CD,1,0.01679684538827898,0.011854669343828214,0.011527521352666116,0.00032714799116209843,0.02338219069649433,329.31524658203125,169.9845428466797
10,fig10_pitch_leading_u6_f1p23_theta_m10_p2,CD,2,0.03359480353136528,0.013138336757576669,0.011222617067963776,0.0019157196896128926,0.024360953825540446,332.0784912109375,168.79249572753906
10,fig10_pitch_leading_u6_f1p23_theta_m10_p2,CD,3,0.05039146304494833,0.014763633023623365,0.010725890589921539,0.004037742433701827,0.025489523613544902,334.8415222167969,167.283203125
10,fig10_pitch_leading_u6_f1p23_theta_m10_p2,CD,4,0.06718663841052766,0.016659951669055734,0.01006139774268277,0.0065985539263729645,0.026721349411738503,337.60430908203125,165.52223205566406
10,fig10_pitch_leading_u6_f1p23_theta_m10_p2,CD,5,0.08398403999811256,0.01873484865929005,0.009269773808424059,0.009465074850865993,0.02800462246771411,340.3674621582031,163.59542846679688
10,fig10_pitch_leading_u6_f1p23_theta_m10_p2,CD,6,0.100781256067197,0.02087626887633065,0.008413236941598169,0.012463031934732482,0.02928950581792882,343.1305847167969,161.60684967041016
10,fig10_pitch_leading_u6_f1p23_theta_m10_p2,CD,7,0.11757847213628145,0.022958502564297212,0.007574676216584326,0.015383826347712886,0.030533178780881538,345.8937072753906,159.67323303222656
10,fig10_pitch_leading_u6_f1p23_theta_m10_p2,CD,8,0.13437568820536588,0.024846457538630545,0.00685814457490428,0.017988312963726265,0.031704602113534826,348.6568298339844,157.92002868652344
10,fig10_pitch_leading_u6_f1p23_theta_m10_p2,CD,9,0.15117290427445032,0.026403398457384625,0.006374267587627145,0.02002913086975748,0.03277766604501177,351.4199523925781,156.47421264648438
10,fig10_pitch_leading_u6_f1p23_theta_m10_p2,CD,10,0.16797030586203524,0.027494413883312835,0.006201612825204757,0.021292801058108077,0.033696026708517596,354.18310546875,155.46106719970703
10,fig10_pitch_leading_u6_f1p23_theta_m10_p2,CD,11,0.18476511019061365,0.027995429002134725,0.006341001866330536,0.02165442713580419,0.03433643086846526,356.9458312988281,154.99581146240234
10,fig10_pitch_leading_u6_f1p23_theta_m10_p2,CD,12,0.20156251177819853,0.027796853431934915,0.006709775678659411,0.021087077753275504,0.03450662911059432,359.708984375,155.18021392822266
10,fig10_pitch_leading_u6_f1p23_theta_m10_p2,CD,13,0.21835972784728297,0.02680930762665612,0.00718753190467056,0.01962177572198556,0.03399683953132668,362.47210693359375,156.09727478027344
10,fig10_pitch_leading_u6_f1p23_theta_m10_p2,CD,14,0.23515694391636743,0.024968905627097984,0.00766222364215525,0.017306681984942736,0.03263112926925323,365.2352294921875,157.8063201904297
10,fig10_pitch_leading_u6_f1p23_theta_m10_p2,CD,15,0.25195415998545184,0.02223933365501128,0.008051397253441764,0.014187936401569517,0.030290730908453044,367.99835205078125,160.34107208251953
10,fig10_pitch_leading_u6_f1p23_theta_m10_p2,CD,16,0.2687513760545363,0.018615867632908845,0.008305486895956025,0.01031038073695282,0.02692135452886487,370.761474609375,163.70591735839844
10,fig10_pitch_leading_u6_f1p23_theta_m10_p2,CD,17,0.28554859212362077,0.01412547177350873,0.008404462481152434,0.005721009292356296,0.02252993425466116,373.52459716796875,167.87581634521484
10,fig10_pitch_leading_u6_f1p23_theta_m10_p2,CD,18,0.30234599371120563,0.008827726963657842,0.008359366026670563,0.0004683609369872787,0.017187092990328404,376.2877502441406,172.79544067382812
10,fig10_pitch_leading_u6_f1p23_theta_m10_p2,CD,19,0.3191409835582845,0.0028124399703339936,0.008210183767519209,-0.005397743797185215,0.011022623737853203,379.0505065917969,178.3813934326172
10,fig10_pitch_leading_u6_f1p23_theta_m10_p2,CD,20,0.335938199627369,-0.0038008002118484624,0.008028754544651087,-0.01182955475649955,0.004227954332802625,381.8136291503906,184.52262115478516
10,fig10_pitch_leading_u6_f1p23_theta_m10_p2,CD,21,0.3527354156964534,-0.0108691539112514,0.007914259337935959,-0.018783413249187357,-0.0029548945733154416,384.5767517089844,191.08647918701172
10,fig10_pitch_leading_u6_f1p23_theta_m10_p2,CD,22,0.36953263176553786,-0.018228313604977578,0.00797589417151639,-0.026204207776493967,-0.010252419433461188,387.3398742675781,197.9203872680664
10,fig10_pitch_leading_u6_f1p23_theta_m10_p2,CD,23,0.38632984783462226,-0.025698904016892413,0.0083024306232165,-0.03400133464010891,-0.017396473393675914,390.1029968261719,204.85777282714844
10,fig10_pitch_leading_u6_f1p23_theta_m10_p2,CD,24,0.4031272494222072,-0.03309357234174824,0.008924464283579282,-0.04201803662532752,-0.02416910805816896,392.86614990234375,211.7246551513672
10,fig10_pitch_leading_u6_f1p23_theta_m10_p2,CD,25,0.41992446549129164,-0.04022150692799805,0.00980711913706902,-0.05002862606506707,-0.03041438779092903,395.6292724609375,218.34384155273438
10,fig10_pitch_leading_u6_f1p23_theta_m10_p2,CD,26,0.4367194553383705,-0.04689660377000817,0.010870373418946528,-0.057766977188954696,-0.036026230351061644,398.39202880859375,224.54251098632812
10,fig10_pitch_leading_u6_f1p23_theta_m10_p2,CD,27,0.45351667140745494,-0.05294209199610216,0.0120175108854223,-0.06495960288152447,-0.04092458111067986,401.1551513671875,230.15650939941406
10,fig10_pitch_leading_u6_f1p23_theta_m10_p2,CD,28,0.47031388747653935,-0.05819902077646391,0.013155668496778985,-0.0713546892732429,-0.04504335227968492,403.91827392578125,235.0382308959961
10,fig10_pitch_leading_u6_f1p23_theta_m10_p2,CD,29,0.4871111035456238,-0.06252981675888009,0.014203222409825219,-0.0767330391687053,-0.04832659434905487,406.681396484375,239.05992126464844
10,fig10_pitch_leading_u6_f1p23_theta_m10_p2,CD,30,0.5039083196147083,-0.06582282739891479,0.015092162340319628,-0.08091498973923442,-0.050730665058595165,409.44451904296875,242.1178970336914
10,fig10_pitch_leading_u6_f1p23_theta_m10_p2,CD,31,0.5207057212022932,-0.0679983513475193,0.015769323931010947,-0.08376767527853025,-0.05222902741650835,412.2076721191406,244.13814544677734
10,fig10_pitch_leading_u6_f1p23_theta_m10_p2,CD,32,0.5375029372713777,-0.06900836733006313,0.016195657546600885,-0.08520402487666401,-0.052812709783462246,414.9707946777344,245.0760726928711
10,fig10_pitch_leading_u6_f1p23_theta_m10_p2,CD,33,0.554297741599956,-0.0688400012084204,0.01634647474735215,-0.08518647595577256,-0.05249352646106825,417.7335205078125,244.9197235107422
10,fig10_pitch_leading_u6_f1p23_theta_m10_p2,CD,34,0.571095143187541,-0.06751471261806326,0.016210569199886473,-0.08372528181794973,-0.05130414341817678,420.4966735839844,243.68902587890625
10,fig10_pitch_leading_u6_f1p23_theta_m10_p2,CD,35,0.5878923592566253,-0.06508740766307301,0.01579061103495748,-0.08087801869803049,-0.049296796628115536,423.2597961425781,241.43496704101562
10,fig10_pitch_leading_u6_f1p23_theta_m10_p2,CD,36,0.6046895753257098,-0.06164431102732418,0.01510220203195323,-0.0767465130592774,-0.04654210899537095,426.0229187011719,238.23761749267578
10,fig10_pitch_leading_u6_f1p23_theta_m10_p2,CD,37,0.6214869769132947,-0.057299424970315836,0.014174853297541397,-0.07147427826785724,-0.04312457167277444,428.78607177734375,234.20284271240234
10,fig10_pitch_leading_u6_f1p23_theta_m10_p2,CD,38,0.6382841929823792,-0.052189846328619116,0.013048945424503619,-0.06523879175312274,-0.0391409009041155,431.5491943359375,229.45795440673828
10,fig10_pitch_leading_u6_f1p23_theta_m10_p2,CD,39,0.6550814090514636,-0.04647169970134478,0.011777314138613786,-0.05824901383995856,-0.034694385562730995,434.31231689453125,224.14793395996094
10,fig10_pitch_leading_u6_f1p23_theta_m10_p2,CD,40,0.671878625120548,-0.040312940420788854,0.010425069551325501,-0.050738009972114355,-0.029887870869463352,437.075439453125,218.42874908447266
10,fig10_pitch_leading_u6_f1p23_theta_m10_p2,CD,41,0.6886736149676269,-0.033888071801433925,0.009070376659530822,-0.04295844846096475,-0.0248176951419031,439.83819580078125,212.4624481201172
10,fig10_pitch_leading_u6_f1p23_theta_m10_p2,CD,42,0.7054708310367114,-0.027371761473501247,0.007806714686967172,-0.035178476160468417,-0.019565046786534077,442.601318359375,206.4112319946289
10,fig10_pitch_leading_u6_f1p23_theta_m10_p2,CD,43,0.7222680471057957,-0.02093299174265363,0.0067430413999560205,-0.027676033142609652,-0.01418995034269761,445.36444091796875,200.43202209472656
10,fig10_pitch_leading_u6_f1p23_theta_m10_p2,CD,44,0.7390652631748802,-0.01472852803938271,0.005990803948259905,-0.020719331987642614,-0.008737724091122806,448.1275634765625,194.67039489746094
10,fig10_pitch_leading_u6_f1p23_theta_m10_p2,CD,45,0.7558624792439647,-0.008898548120359923,0.0056248810139972,-0.014523429134357124,-0.0032736671063627225,450.89068603515625,189.25652313232422
10,fig10_pitch_leading_u6_f1p23_theta_m10_p2,CD,46,0.7726598808315496,-0.0035620247961795776,0.005630393807030054,-0.009192418603209632,0.0020683690108504764,453.6538391113281,184.30088806152344
10,fig10_pitch_leading_u6_f1p23_theta_m10_p2,CD,47,0.789457096900634,0.0011877598883073548,0.005900997181282074,-0.0047132372929747195,0.007088757069589429,456.4169616699219,179.8901138305664
10,fig10_pitch_leading_u6_f1p23_theta_m10_p2,CD,48,0.8062519012292124,0.005283863701160935,0.006304466261834112,-0.001020602560673177,0.011588329962995046,459.1796875,176.08636474609375
10,fig10_pitch_leading_u6_f1p23_theta_m10_p2,CD,49,0.8230491172982969,0.008688551532992347,0.006739377158983364,0.0019491743740089832,0.015427928691975712,461.94281005859375,172.9246826171875
10,fig10_pitch_leading_u6_f1p23_theta_m10_p2,CD,50,0.8398467044043822,0.0113932296706684,0.007149780363707873,0.004243449306960527,0.018543010034376275,464.70599365234375,170.41304779052734
10,fig10_pitch_leading_u6_f1p23_theta_m10_p2,CD,51,0.8566439204734666,0.013415882471788099,0.007519367538943235,0.005896514932844863,0.020935250010731335,467.4691162109375,168.53475952148438
10,fig10_pitch_leading_u6_f1p23_theta_m10_p2,CD,52,0.8734411365425511,0.014801803569719704,0.007858745265621513,0.006943058304098191,0.022660548835341215,470.23223876953125,167.2477569580078
10,fig10_pitch_leading_u6_f1p23_theta_m10_p2,CD,53,0.8902383526116355,0.015618115943715705,0.008194269788227647,0.007423846155488058,0.02381238573194335,472.995361328125,166.48970794677734
10,fig10_pitch_leading_u6_f1p23_theta_m10_p2,CD,54,0.90703556868072,0.01595036236733509,0.008556306655270473,0.007394055712064616,0.02450666902260556,475.75848388671875,166.1811752319336
10,fig10_pitch_leading_u6_f1p23_theta_m10_p2,CD,55,0.9238327847498045,0.01589893975691388,0.008968139406921533,0.006930800349992347,0.02486707916383541,478.5216064453125,166.2289276123047
10,fig10_pitch_leading_u6_f1p23_theta_m10_p2,CD,56,0.9406277745968833,0.01557241152100071,0.009437934535393435,0.006134476985607274,0.025010346056394142,481.28436279296875,166.5321502685547
10,fig10_pitch_leading_u6_f1p23_theta_m10_p2,CD,57,0.9574249906659678,0.015083621493136912,0.009954871849293823,0.005128749643843088,0.025038493342430735,484.0474853515625,166.98605346679688
10,fig10_pitch_leading_u6_f1p23_theta_m10_p2,CD,58,0.9742222067350521,0.014542825533979578,0.010490376841665523,0.004052448692314055,0.025033202375645103,486.81060791015625,167.48825073242188
10,fig10_pitch_leading_u6_f1p23_theta_m10_p2,CD,59,0.9910194228041366,0.014054240900789147,0.011004660456386163,0.0030495804444029845,0.02505890135717531,489.57373046875,167.94196319580078
11,fig11_pitch_leading_u14p8_f1p23_theta_m8_p4,CL,0,2.4340033400984433e-10,0.17939855743124308,0.03153689250877539,0.1478616649224677,0.21093544994001848,111.80519104003906,570.1419372558594
11,fig11_pitch_leading_u14p8_f1p23_theta_m8_p4,CL,1,0.01624427990310117,0.1966830749469421,0.03202965205290953,0.16465342289403256,0.22871272699985162,114.47735595703125,564.5241394042969
11,fig11_pitch_leading_u14p8_f1p23_theta_m8_p4,CL,2,0.03248577678504128,0.21538981594110906,0.03352004310550883,0.18186977283560024,0.2489098590466179,117.14906311035156,558.444091796875
11,fig11_pitch_leading_u14p8_f1p23_theta_m8_p4,CL,3,0.048730010065112773,0.23485447519751895,0.03572872884420306,0.1991257463533159,0.27058320404172204,119.82122039794922,552.1177062988281
11,fig11_pitch_leading_u14p8_f1p23_theta_m8_p4,CL,4,0.0649724345396398,0.25436805360836745,0.03830369792544059,0.21606435568292687,0.29267175153380803,122.49308013916016,545.7754211425781
11,fig11_pitch_leading_u14p8_f1p23_theta_m8_p4,CL,5,0.08121666781971128,0.2732053082775242,0.040905427004787547,0.23229988127273665,0.31411073528231176,125.16523742675781,539.6529541015625
11,fig11_pitch_leading_u14p8_f1p23_theta_m8_p4,CL,6,0.09745862849794486,0.2906484139925454,0.04324650431307574,0.24740190967946962,0.3338949183056211,127.83702087402344,533.9836120605469
11,fig11_pitch_leading_u14p8_f1p23_theta_m8_p4,CL,7,0.1137029081576457,0.3060203897486277,0.04510477491863189,0.2609156148299958,0.3511251646672596,130.50918579101562,528.9874267578125
11,fig11_pitch_leading_u14p8_f1p23_theta_m8_p4,CL,8,0.12994486883587925,0.31870430022093643,0.046325265569246904,0.27237903465168956,0.3650295657901833,133.18096923828125,524.8649139404297
11,fig11_pitch_leading_u14p8_f1p23_theta_m8_p4,CL,9,0.1461890557363214,0.32817367765719246,0.04681624111350708,0.2813574365436854,0.37498991877069954,135.85311889648438,521.7871856689453
11,fig11_pitch_leading_u14p8_f1p23_theta_m8_p4,CL,10,0.16243101641455496,0.33401275619203274,0.04654915755342904,0.2874635986386037,0.3805619137454618,138.52490234375,519.8893737792969
11,fig11_pitch_leading_u14p8_f1p23_theta_m8_p4,CL,11,0.1786752960742558,0.3359299926881598,0.04555903762338055,0.2903709550647793,0.38148903031154036,141.1970672607422,519.2662353515625
11,fig11_pitch_leading_u14p8_f1p23_theta_m8_p4,CL,12,0.19491725675248936,0.33377191620904795,0.04394686510570084,0.2898250511033471,0.3777187813147488,143.8688507080078,519.9676513671875
11,fig11_pitch_leading_u14p8_f1p23_theta_m8_p4,CL,13,0.2111615364121902,0.3275328930708847,0.04188146272530476,0.28565143034557994,0.3694143557961894,146.541015625,521.9954528808594
11,fig11_pitch_leading_u14p8_f1p23_theta_m8_p4,CL,14,0.22740349709042376,0.3173532958953316,0.039602731517875,0.2777505643774566,0.35695602741320664,149.21279907226562,525.3040161132812
11,fig11_pitch_leading_u14p8_f1p23_theta_m8_p4,CL,15,0.2436477767501246,0.3035153722413955,0.03741620493550998,0.26609916730588556,0.3409315771769055,151.8849639892578,529.8016052246094
11,fig11_pitch_leading_u14p8_f1p23_theta_m8_p4,CL,16,0.2598897374283582,0.28643742313215514,0.03567107747985505,0.2507663456523001,0.3221085006120102,154.55674743652344,535.3522644042969
11,fig11_pitch_leading_u14p8_f1p23_theta_m8_p4,CL,17,0.276134017088059,0.26665370958249685,0.03469898533800659,0.23195472424449026,0.30135269492050343,157.22891235351562,541.7823486328125
11,fig11_pitch_leading_u14p8_f1p23_theta_m8_p4,CL,18,0.2923759777662926,0.2448007439685039,0.03472705986233893,0.21007368410616498,0.27952780383084286,159.90069580078125,548.8849792480469
11,fig11_pitch_leading_u14p8_f1p23_theta_m8_p4,CL,19,0.3086201646667347,0.22158855824001292,0.0357922955765542,0.18579626266345872,0.2573808538165671,162.57284545898438,556.4293823242188
11,fig11_pitch_leading_u14p8_f1p23_theta_m8_p4,CL,20,0.3248621253449683,0.19777873255374492,0.03773629207079071,0.1600424404829542,0.23551502462453563,165.24462890625,564.1680297851562
11,fig11_pitch_leading_u14p8_f1p23_theta_m8_p4,CL,21,0.34110631224541044,0.17415312832814597,0.04028553399595112,0.13386759433219486,0.21443866232409708,167.91677856445312,571.8468017578125
11,fig11_pitch_leading_u14p8_f1p23_theta_m8_p4,CL,22,0.357348272923644,0.1514873160347382,0.04314162389943286,0.10834569213530534,0.19462893993417105,170.58856201171875,579.213623046875
11,fig11_pitch_leading_u14p8_f1p23_theta_m8_p4,CL,23,0.3735926453426035,0.1305199655160717,0.046048323062496975,0.08447164245357472,0.17656828857856868,173.2607421875,586.0284118652344
11,fig11_pitch_leading_u14p8_f1p23_theta_m8_p4,CL,24,0.38983683224304566,0.11192646156653617,0.048815682445931693,0.06311077912060448,0.16074214401246786,175.93289184570312,592.0716552734375
11,fig11_pitch_leading_u14p8_f1p23_theta_m8_p4,CL,25,0.40607879292127924,0.09629270730263255,0.05132295342668891,0.04496975387594364,0.14761566072932147,178.60467529296875,597.1529235839844
11,fig11_pitch_leading_u14p8_f1p23_theta_m8_p4,CL,26,0.42232307258098006,0.08409268332245327,0.05351117011419768,0.03058151320825559,0.13760385343665096,181.27684020996094,601.1181640625
11,fig11_pitch_leading_u14p8_f1p23_theta_m8_p4,CL,27,0.4385651260184723,0.07567398791723018,0.05536662387784758,0.020307364039382596,0.13104061179507775,183.94863891601562,603.8544006347656
11,fig11_pitch_leading_u14p8_f1p23_theta_m8_p4,CL,28,0.45480931291891447,0.07124243833558024,0.056909595979363646,0.01433284235621659,0.12815203431494387,186.62078857421875,605.2947387695312
11,fig11_pitch_leading_u14p8_f1p23_theta_m8_p4,CL,29,0.47105127359714805,0.07085540425766086,0.05817473357419279,0.012680670683468072,0.12903013783185366,189.29257202148438,605.4205322265625
11,fig11_pitch_leading_u14p8_f1p23_theta_m8_p4,CL,30,0.48729555325684887,0.07442049326894688,0.05920203581740384,0.015218457451543044,0.13362252908635072,191.96473693847656,604.2618103027344
11,fig11_pitch_leading_u14p8_f1p23_theta_m8_p4,CL,31,0.5035374211758238,0.0817019357018848,0.060016197023041624,0.02168573867884318,0.14171813272492642,194.63650512695312,601.8952026367188
11,fig11_pitch_leading_u14p8_f1p23_theta_m8_p4,CL,32,0.5197817935947833,0.09232884737215108,0.06062209971707699,0.03170674765507409,0.15295094708922807,197.30868530273438,598.4412536621094
11,fig11_pitch_leading_u14p8_f1p23_theta_m8_p4,CL,33,0.5360237542730169,0.10580856263034182,0.06100105884819844,0.044807503782143376,0.16680962147854025,199.98046875,594.0600891113281
11,fig11_pitch_leading_u14p8_f1p23_theta_m8_p4,CL,34,0.552267941173459,0.1215515164654779,0.06111354473498821,0.0604379717304897,0.1826650612004661,202.65261840820312,588.9433288574219
11,fig11_pitch_leading_u14p8_f1p23_theta_m8_p4,CL,35,0.5685099018516926,0.13888908450374474,0.06091063822300767,0.07797844628073707,0.1997997227267524,205.32440185546875,583.3082885742188
11,fig11_pitch_leading_u14p8_f1p23_theta_m8_p4,CL,36,0.5847541815113934,0.1571047560589213,0.06034849047324946,0.09675626558567184,0.21745324653217074,207.99656677246094,577.3878479003906
11,fig11_pitch_leading_u14p8_f1p23_theta_m8_p4,CL,37,0.6009960494303682,0.175463241498745,0.059403346118970836,0.11605989537977418,0.23486658761771584,210.6683349609375,571.4209899902344
11,fig11_pitch_leading_u14p8_f1p23_theta_m8_p4,CL,38,0.6172404218493278,0.19323413371692397,0.058093139053641614,0.13514099466328236,0.2513272727705656,213.34051513671875,565.6451110839844
11,fig11_pitch_leading_u14p8_f1p23_theta_m8_p4,CL,39,0.6334822897683027,0.20972796370953734,0.05648669411450462,0.1532412695950327,0.26621465782404197,216.0122833251953,560.2843017578125
11,fig11_pitch_leading_u14p8_f1p23_theta_m8_p4,CL,40,0.6497265694280036,0.22431742078406217,0.0547228816075382,0.16959453917652395,0.2790403023916004,218.6844482421875,555.5424499511719
11,fig11_pitch_leading_u14p8_f1p23_theta_m8_p4,CL,41,0.665968530106237,0.2364660843468174,0.05300798825501041,0.183458096091807,0.2894740726018278,221.35623168945312,551.5939025878906
11,fig11_pitch_leading_u14p8_f1p23_theta_m8_p4,CL,42,0.6822128097659379,0.24574832958576795,0.05160106961756644,0.1941472599682015,0.29734939920333436,224.0283966064453,548.5769958496094
11,fig11_pitch_leading_u14p8_f1p23_theta_m8_p4,CL,43,0.6984547704441715,0.2518648201010092,0.05078118083338594,0.20108363926762324,0.30264600093439514,226.70018005371094,546.5890197753906
11,fig11_pitch_leading_u14p8_f1p23_theta_m8_p4,CL,44,0.7146990501038724,0.25465602874591686,0.05077244862347655,0.20388358012244032,0.30542847736939344,229.37234497070312,545.6818237304688
11,fig11_pitch_leading_u14p8_f1p23_theta_m8_p4,CL,45,0.7309409180228472,0.2541062751005462,0.051679190033099905,0.20242708506744628,0.3057854651336461,232.0441131591797,545.8605041503906
11,fig11_pitch_leading_u14p8_f1p23_theta_m8_p4,CL,46,0.747185197682548,0.25034410105055255,0.053434270330156936,0.1969098307203956,0.3037783713807095,234.71627807617188,547.0832824707031
11,fig11_pitch_leading_u14p8_f1p23_theta_m8_p4,CL,47,0.7634294773422489,0.2436357920508072,0.05581271774106811,0.1878230743097391,0.2994485097918753,237.38844299316406,549.2636108398438
11,fig11_pitch_leading_u14p8_f1p23_theta_m8_p4,CL,48,0.7796714380204826,0.23437805333644107,0.05848374113130892,0.17589431220513216,0.29286179446775,240.0602264404297,552.2725524902344
11,fig11_pitch_leading_u14p8_f1p23_theta_m8_p4,CL,49,0.7959157176801833,0.2230730339246091,0.06107739526385794,0.16199563866075115,0.284150429188467,242.73239135742188,555.9468994140625
11,fig11_pitch_leading_u14p8_f1p23_theta_m8_p4,CL,50,0.8121575855991582,0.2103151813522612,0.06323828858487605,0.14707689276738517,0.27355346993713725,245.40415954589844,560.0934448242188
11,fig11_pitch_leading_u14p8_f1p23_theta_m8_p4,CL,51,0.8284018652588591,0.19676128925720576,0.06465929143185128,0.13210199782535448,0.26142058068905705,248.07632446289062,564.4987182617188
11,fig11_pitch_leading_u14p8_f1p23_theta_m8_p4,CL,52,0.8446438259370926,0.1831052396956835,0.06509777982192491,0.1180074598737586,0.24820301951760843,250.74810791015625,568.9371948242188
11,fig11_pitch_leading_u14p8_f1p23_theta_m8_p4,CL,53,0.8608881055967935,0.17004814461816117,0.06439047081926438,0.10565767379889679,0.23443861543742556,253.42027282714844,573.1809997558594
11,fig11_pitch_leading_u14p8_f1p23_theta_m8_p4,CL,54,0.8771301590342857,0.1582685812398555,0.06245821116630394,0.09581037007355155,0.22072679240615944,256.0920715332031,577.0095825195312
11,fig11_pitch_leading_u14p8_f1p23_theta_m8_p4,CL,55,0.8933743459347279,0.14839348467436855,0.05931649349352799,0.08907699118084056,0.20770997816789655,258.76422119140625,580.2191772460938
11,fig11_pitch_leading_u14p8_f1p23_theta_m8_p4,CL,56,0.9096163066129614,0.14097242077761063,0.05508972831846276,0.08588269245914787,0.1960621490960734,261.4360046386719,582.6311645507812
11,fig11_pitch_leading_u14p8_f1p23_theta_m8_p4,CL,57,0.9258604935134036,0.13645289183375534,0.050020915202887824,0.08643197663086752,0.18647380703664315,264.108154296875,584.10009765625
11,fig11_pitch_leading_u14p8_f1p23_theta_m8_p4,CL,58,0.9421026397101545,0.13515958581986365,0.04451305032885801,0.09064653549100564,0.17967263614872164,266.77996826171875,584.5204467773438
11,fig11_pitch_leading_u14p8_f1p23_theta_m8_p4,CL,59,0.9583468266105967,0.13728320293298898,0.039170721864185756,0.09811248106880323,0.17645392479717475,269.4521179199219,583.8302307128906
11,fig11_pitch_leading_u14p8_f1p23_theta_m8_p4,CL,60,0.9745887872888302,0.1428674981174085,0.034833160907474514,0.108034337209934,0.17770065902488302,272.1239013671875,582.0152282714844
11,fig11_pitch_leading_u14p8_f1p23_theta_m8_p4,CL,61,0.9908329741892724,0.15180683980163767,0.032464009074853986,0.11934283072678369,0.18427084887649164,274.7960510253906,579.1097717285156
11,fig11_pitch_leading_u14p8_f1p23_theta_m8_p4,CD,0,3.561954686997794e-10,0.03493854365552029,0.002184756666700594,0.0327537869888197,0.03712330032222089,326.55218505859375,509.4093933105469
11,fig11_pitch_leading_u14p8_f1p23_theta_m8_p4,CD,1,0.016244185775394323,0.03555454472778957,0.002132180312520352,0.03342236441526922,0.037686725040309926,329.2243347167969,508.07464599609375
11,fig11_pitch_leading_u14p8_f1p23_theta_m8_p4,CD,2,0.03248577393558667,0.035858749569455534,0.0020800546530451106,0.033778694916410425,0.03793880422250064,331.89605712890625,507.4154968261719
11,fig11_pitch_leading_u14p8_f1p23_theta_m8_p4,CD,3,0.04872995935478553,0.035848348380716696,0.0020360626245741796,0.033812285756142514,0.03788441100529088,334.5682067871094,507.4380340576172
11,fig11_pitch_leading_u14p8_f1p23_theta_m8_p4,CD,4,0.0649724751074802,0.035527186150775075,0.0020080632160260087,0.03351912293474907,0.03753524936680108,337.2400817871094,508.13392639160156
11,fig11_pitch_leading_u14p8_f1p23_theta_m8_p4,CD,5,0.08121666052667906,0.03490636123674133,0.002002464742737328,0.032903896494004006,0.03690882597947866,339.9122314453125,509.4791259765625
11,fig11_pitch_leading_u14p8_f1p23_theta_m8_p4,CD,6,0.09745861972387233,0.03400329580580563,0.0020218023624237655,0.031981493443381866,0.0360250981682294,342.5840148925781,511.4358825683594
11,fig11_pitch_leading_u14p8_f1p23_theta_m8_p4,CD,7,0.11370280514307118,0.03284126401421843,0.002063604296312584,0.030777659717905845,0.03490486831053101,345.25616455078125,513.9537658691406
11,fig11_pitch_leading_u14p8_f1p23_theta_m8_p4,CD,8,0.12994476434026447,0.03144875821786147,0.0021214340606479907,0.02932732415721348,0.033570192278509464,347.9279479980469,516.9710388183594
11,fig11_pitch_leading_u14p8_f1p23_theta_m8_p4,CD,9,0.1461891352779638,0.029858242519704346,0.002186235508701378,0.027672007011002968,0.03204447802840572,350.6001281738281,520.4173583984375
11,fig11_pitch_leading_u14p8_f1p23_theta_m8_p4,CD,10,0.16243109447515705,0.028105392222489773,0.002248586304296323,0.02585680591819345,0.030353978526786098,353.27191162109375,524.2154235839844
11,fig11_pitch_leading_u14p8_f1p23_theta_m8_p4,CD,11,0.17867527989435592,0.026227812165666244,0.002299923248037813,0.023927888917628433,0.028527735413704056,355.9440612792969,528.2837524414062
11,fig11_pitch_leading_u14p8_f1p23_theta_m8_p4,CD,12,0.1949172390915492,0.02426382548336835,0.002334654908741932,0.02192917057462642,0.026598480392110282,358.6158447265625,532.539306640625
11,fig11_pitch_leading_u14p8_f1p23_theta_m8_p4,CD,13,0.21116161002924852,0.022251304615025693,0.0023495278340069565,0.019901776781018735,0.02460083244903265,361.28802490234375,536.9000244140625
11,fig11_pitch_leading_u14p8_f1p23_theta_m8_p4,CD,14,0.22740338370794133,0.02022660090543849,0.002345063139585543,0.017881537765852946,0.02257166404502403,363.95977783203125,541.2871398925781
11,fig11_pitch_leading_u14p8_f1p23_theta_m8_p4,CD,15,0.24364775464564065,0.018223431952224593,0.0023250353936320727,0.01589839655859252,0.020548467345856664,366.6319580078125,545.6275939941406
11,fig11_pitch_leading_u14p8_f1p23_theta_m8_p4,CD,16,0.25988971384283394,0.016272036553247663,0.0022955712272926497,0.013976465325955013,0.018567607780540313,369.3037414550781,549.8558654785156
11,fig11_pitch_leading_u14p8_f1p23_theta_m8_p4,CD,17,0.2761338992620328,0.01439856908560726,0.002265135250495569,0.012133433835111692,0.01666370433610283,371.97589111328125,553.915283203125
11,fig11_pitch_leading_u14p8_f1p23_theta_m8_p4,CD,18,0.29237585845922603,0.012624198116228901,0.0022424737573597505,0.010381724358869152,0.01486667187358865,374.6476745605469,557.7599792480469
11,fig11_pitch_leading_u14p8_f1p23_theta_m8_p4,CD,19,0.3086200438784249,0.010965190907121197,0.0022349527894700506,0.008730238117651147,0.013200143696591247,377.31982421875,561.3547058105469
11,fig11_pitch_leading_u14p8_f1p23_theta_m8_p4,CD,20,0.32486218859411864,0.00943232187857557,0.002246839862314445,0.007185482016261125,0.011679161740890016,379.99163818359375,564.6761169433594
11,fig11_pitch_leading_u14p8_f1p23_theta_m8_p4,CD,21,0.3411063740133175,0.00803149231438563,0.0022778110390737146,0.005753681275311916,0.010309303353459344,382.6637878417969,567.71142578125
11,fig11_pitch_leading_u14p8_f1p23_theta_m8_p4,CD,22,0.3573483332105108,0.006763730361847159,0.0023232044463930073,0.004440525915454152,0.009086934808240167,385.3355712890625,570.4584045410156
11,fig11_pitch_leading_u14p8_f1p23_theta_m8_p4,CD,23,0.37359251862970966,0.005625655810672644,0.0023754991163826237,0.00325015669429002,0.008001154927055268,388.0077209472656,572.9243774414062
11,fig11_pitch_leading_u14p8_f1p23_theta_m8_p4,CD,24,0.3898367040489085,0.004610282892934584,0.0024257938286187993,0.002184489064315785,0.0070360767215533835,390.67987060546875,575.1244812011719
11,fig11_pitch_leading_u14p8_f1p23_theta_m8_p4,CD,25,0.40607884876460226,0.0037076681567038937,0.0024656662258018334,0.0012420019309020603,0.0061733343825057276,393.3516845703125,577.0802612304688
11,fig11_pitch_leading_u14p8_f1p23_theta_m8_p4,CD,26,0.4223230341838011,0.0029061498764886805,0.0024889474241570277,0.0004172024523316528,0.005395097300645708,396.0238342285156,578.8169860839844
11,fig11_pitch_leading_u14p8_f1p23_theta_m8_p4,CD,27,0.43856499338099436,0.0021926297374248588,0.0024926234028446897,-0.0002999936654198309,0.004685253140269548,398.69561767578125,580.363037109375
11,fig11_pitch_leading_u14p8_f1p23_theta_m8_p4,CD,28,0.4548093643186937,0.0015544882877724132,0.0024772293618270085,-0.0009227410740545953,0.004031717649599422,401.3677978515625,581.7457580566406
11,fig11_pitch_leading_u14p8_f1p23_theta_m8_p4,CD,29,0.4710511379973865,0.0009796835283821005,0.0024469483113347713,-0.0014672647829526708,0.003426631839716872,404.03955078125,582.9912414550781
11,fig11_pitch_leading_u14p8_f1p23_theta_m8_p4,CD,30,0.48729550893508583,0.00045787764945796894,0.002409357556095804,-0.001951479906637835,0.002867235205553773,406.71173095703125,584.1218872070312
11,fig11_pitch_leading_u14p8_f1p23_theta_m8_p4,CD,31,0.5035374681322791,-1.853482214687202e-05,0.002374625895391685,-0.002393160717538557,0.002356091073244813,409.3835144042969,585.1541748046875
11,fig11_pitch_leading_u14p8_f1p23_theta_m8_p4,CD,32,0.519781653551478,-0.00045418759136820613,0.0023531897284850872,-0.0028073773198532934,0.0018990021371168811,412.0556640625,586.09814453125
11,fig11_pitch_leading_u14p8_f1p23_theta_m8_p4,CD,33,0.5360236127486713,-0.0008500524686636951,0.002353372823208994,-0.003203425291872689,0.0015033203545452988,414.7274475097656,586.9559020996094
11,fig11_pitch_leading_u14p8_f1p23_theta_m8_p4,CD,34,0.5522677981678701,-0.0012033971173842709,0.002378921579298723,-0.003582318696682994,0.0011755244619144523,417.39959716796875,587.7215270996094
11,fig11_pitch_leading_u14p8_f1p23_theta_m8_p4,CD,35,0.5685099428835638,-0.0015075878748407046,0.0024275402706006774,-0.0039351281454413824,0.0009199523957599729,420.0714111328125,588.3806457519531
11,fig11_pitch_leading_u14p8_f1p23_theta_m8_p4,CD,36,0.5847541283027627,-0.001752582699637198,0.002490426266157811,-0.0042430089657950094,0.0007378435665206132,422.7435607910156,588.9114990234375
11,fig11_pitch_leading_u14p8_f1p23_theta_m8_p4,CD,37,0.6009960874999559,-0.0019245368138045109,0.002554974198439635,-0.004479511012244146,0.0006304373846351243,425.41534423828125,589.2840881347656
11,fig11_pitch_leading_u14p8_f1p23_theta_m8_p4,CD,38,0.6172404584376553,-0.0020073660500579266,0.0026066773316289382,-0.004614043381686864,0.0005993112815710117,428.0875244140625,589.4635620117188
11,fig11_pitch_leading_u14p8_f1p23_theta_m8_p4,CD,39,0.6334822321163481,-0.0019831271254546062,0.00263159229828976,-0.004614719423744366,0.0006484651728351537,430.75927734375,589.4110412597656
11,fig11_pitch_leading_u14p8_f1p23_theta_m8_p4,CD,40,0.6497266030540474,-0.0018322570729556106,0.0026182122992350508,-0.004450469372190661,0.0007859552262794401,433.43145751953125,589.0841369628906
11,fig11_pitch_leading_u14p8_f1p23_theta_m8_p4,CD,41,0.6659683767327402,-0.001535671788646064,0.002557960050860265,-0.004093631839506329,0.001022288262214201,436.10321044921875,588.4414978027344
11,fig11_pitch_leading_u14p8_f1p23_theta_m8_p4,CD,42,0.6822127476704396,-0.0010749068738304703,0.002446877890287115,-0.003521784764117585,0.0013719710164566447,438.775390625,587.443115234375
11,fig11_pitch_leading_u14p8_f1p23_theta_m8_p4,CD,43,0.6984547068676329,-0.00043355422440489316,0.0022858531227160713,-0.0027194073471209644,0.001852298898311178,441.4471740722656,586.0534362792969
11,fig11_pitch_leading_u14p8_f1p23_theta_m8_p4,CD,44,0.7146988922868317,0.000401907000780688,0.00208170250556027,-0.0016797955047795818,0.0024836095063409578,444.11932373046875,584.2431640625
11,fig11_pitch_leading_u14p8_f1p23_theta_m8_p4,CD,45,0.730940851484025,0.0014407160431787885,0.0018494961430181721,-0.0004087800998393836,0.0032902121861969605,446.7911071777344,581.9922790527344
11,fig11_pitch_leading_u14p8_f1p23_theta_m8_p4,CD,46,0.7471850369032238,0.0026876615340300433,0.0016157123490085723,0.001071949185021471,0.004303373883038615,449.4632568359375,579.2904052734375
11,fig11_pitch_leading_u14p8_f1p23_theta_m8_p4,CD,47,0.7634294078409232,0.004142011094438819,0.001422941773154039,0.0027190693212847798,0.005564952867592858,452.13543701171875,576.1391296386719
11,fig11_pitch_leading_u14p8_f1p23_theta_m8_p4,CD,48,0.7796713670381165,0.005797074724877768,0.0013273381588557581,0.00446973656602201,0.007124412883733527,454.8072204589844,572.5529479980469
11,fig11_pitch_leading_u14p8_f1p23_theta_m8_p4,CD,49,0.7959155524573153,0.007639838615739993,0.0013709851241931732,0.00626885349154682,0.009010823739933166,457.4793701171875,568.56005859375
11,fig11_pitch_leading_u14p8_f1p23_theta_m8_p4,CD,50,0.8121575116545086,0.00965150034730124,0.0015436434488370484,0.008107856898464192,0.011195143796138288,460.1511535644531,564.2012023925781
11,fig11_pitch_leading_u14p8_f1p23_theta_m8_p4,CD,51,0.8284016970737074,0.011806778763452885,0.0017943142100746447,0.01001246455337824,0.01360109297352753,462.82330322265625,559.5311584472656
11,fig11_pitch_leading_u14p8_f1p23_theta_m8_p4,CD,52,0.8446438417894011,0.014075223803188302,0.0020698154327158753,0.012005408370472426,0.016145039235904178,465.4951171875,554.6159057617188
11,fig11_pitch_leading_u14p8_f1p23_theta_m8_p4,CD,53,0.8608880272086,0.01642116016376478,0.0023306409090255195,0.01409051925473926,0.0187518010727903,468.1672668457031,549.5327453613281
11,fig11_pitch_leading_u14p8_f1p23_theta_m8_p4,CD,54,0.8771299864057933,0.018805067553237572,0.0025496362830272827,0.01625543127021029,0.021354703836264855,470.83905029296875,544.3673095703125
11,fig11_pitch_leading_u14p8_f1p23_theta_m8_p4,CD,55,0.8933743573434926,0.021184425743031764,0.002708477998120979,0.018475947744910785,0.023892903741152743,473.51123046875,539.2117309570312
11,fig11_pitch_leading_u14p8_f1p23_theta_m8_p4,CD,56,0.9096161310221854,0.023515052567847753,0.0027954902446051836,0.02071956232324257,0.026310542812452938,476.1829833984375,534.1617431640625
11,fig11_pitch_leading_u14p8_f1p23_theta_m8_p4,CD,57,0.9258605019598848,0.025752005315071245,0.0028058139701916066,0.022946191344879636,0.028557819285262853,478.85516357421875,529.3147277832031
11,fig11_pitch_leading_u14p8_f1p23_theta_m8_p4,CD,58,0.9421024611570781,0.027851298998336074,0.0027409280168810323,0.025110370981455042,0.030592227015217105,481.5269470214844,524.7659912109375
11,fig11_pitch_leading_u14p8_f1p23_theta_m8_p4,CD,59,0.9583466465762769,0.029771399283734522,0.002610170215592694,0.027161229068141828,0.03238156949932722,484.1990966796875,520.6055297851562
11,fig11_pitch_leading_u14p8_f1p23_theta_m8_p4,CD,60,0.9745886057734702,0.03147368726873183,0.002432526080774748,0.02904116118795708,0.033906213349506574,486.8708801269531,516.9170227050781
11,fig11_pitch_leading_u14p8_f1p23_theta_m8_p4,CD,61,0.990832791192669,0.032924628450434035,0.0022387977786720884,0.030685830671761945,0.03516342622910612,489.54302978515625,513.7731323242188
13,fig13_pitch_lagging_u9p4_f1p23_theta_m5_p7,CL,0,0.0,-0.3220112598809054,0.17847506313956638,-0.5004863230204718,-0.14353619674133902,111.77349853515625,512.4216003417969
13,fig13_pitch_lagging_u9p4_f1p23_theta_m5_p7,CL,1,0.01606989190734216,-0.3129274495626314,0.22092123135404657,-0.533848680916678,-0.09200621820858484,114.41461181640625,511.7669982910156
13,fig13_pitch_lagging_u9p4_f1p23_theta_m5_p7,CL,2,0.032138951061984264,-0.29522439488968005,0.25425690952763963,-0.5494813044173197,-0.04096748536204042,117.05558776855469,510.49127197265625
13,fig13_pitch_lagging_u9p4_f1p23_theta_m5_p7,CL,3,0.04820884579767544,-0.2696561156416171,0.27696664706715485,-0.546622762708772,0.007310531425537725,119.69670104980469,508.6487579345703
13,fig13_pitch_lagging_u9p4_f1p23_theta_m5_p7,CL,4,0.06427781210997877,-0.237093090704653,0.2882985416313289,-0.525391632335982,0.05120545092667589,122.33766174316406,506.30218505859375
13,fig13_pitch_lagging_u9p4_f1p23_theta_m5_p7,CL,5,0.08034724263397601,-0.19852331679079382,0.28809632627342796,-0.4866196430642218,0.08957300948263414,124.97869873046875,503.5227508544922
13,fig13_pitch_lagging_u9p4_f1p23_theta_m5_p7,CL,6,0.09641667315797325,-0.15500106643091816,0.27672864700193944,-0.4317297134328576,0.12172758057102129,127.61973571777344,500.3864288330078
13,fig13_pitch_lagging_u9p4_f1p23_theta_m5_p7,CL,7,0.11248610368197051,-0.10762084348365425,0.25513119980279475,-0.362752043286449,0.1475103563191405,130.26077270507812,496.9720916748047
13,fig13_pitch_lagging_u9p4_f1p23_theta_m5_p7,CL,8,0.12855562704830653,-0.057473975650176756,0.22481498864874913,-0.2822889642989259,0.16734101299857237,132.90182495117188,493.35838317871094
13,fig13_pitch_lagging_u9p4_f1p23_theta_m5_p7,CL,9,0.1446250575723038,-0.005619393825629704,0.18810178463863417,-0.19372117846426387,0.18248239081300446,135.54286193847656,489.6216125488281
13,fig13_pitch_lagging_u9p4_f1p23_theta_m5_p7,CL,10,0.16069448809630105,0.046933307407293734,0.14867593041902252,-0.10174262301172879,0.19560923782631626,138.18389892578125,485.83453369140625
13,fig13_pitch_lagging_u9p4_f1p23_theta_m5_p7,CL,11,0.17676391862029828,0.09927362957846364,0.11333313247836838,-0.014059502899904736,0.21260676205683202,140.82493591308594,482.06275939941406
13,fig13_pitch_lagging_u9p4_f1p23_theta_m5_p7,CL,12,0.19283334914429553,0.150601604497147,0.09514137304517048,0.05546023145197651,0.24574297754231747,143.46597290039062,478.3639373779297
13,fig13_pitch_lagging_u9p4_f1p23_theta_m5_p7,CL,13,0.20890055145216194,0.20023689923670962,0.10613299527411224,0.09410390396259738,0.30636989451082186,146.1066436767578,474.78709411621094
13,fig13_pitch_lagging_u9p4_f1p23_theta_m5_p7,CL,14,0.22496998197615917,0.24765544781725113,0.13795534029281714,0.10970010752443399,0.38561078811006827,148.7476806640625,471.3699951171875
13,fig13_pitch_lagging_u9p4_f1p23_theta_m5_p7,CL,15,0.2410395053424952,0.2924661593842759,0.17604657315028238,0.11641958623399351,0.4685127325345583,151.38873291015625,468.1408233642578
13,fig13_pitch_lagging_u9p4_f1p23_theta_m5_p7,CL,16,0.25710893586649247,0.33443611572449505,0.21237609733996113,0.12206001838453392,0.5468122130644562,154.02976989746094,465.1163635253906
13,fig13_pitch_lagging_u9p4_f1p23_theta_m5_p7,CL,17,0.2731783663904897,0.373465797237685,0.24281999002365523,0.1306458072140298,0.6162857872613403,156.67080688476562,462.3037872314453
13,fig13_pitch_lagging_u9p4_f1p23_theta_m5_p7,CL,18,0.28924788975682575,0.4095909886311603,0.2649493377244201,0.1446416509067402,0.6745403263555804,159.31185913085938,459.7005157470703
13,fig13_pitch_lagging_u9p4_f1p23_theta_m5_p7,CL,19,0.3053172274384842,0.4429624515120677,0.27724254927798725,0.16571990223408045,0.7202050007900549,161.952880859375,457.2956848144531
13,fig13_pitch_lagging_u9p4_f1p23_theta_m5_p7,CL,20,0.3213867508048202,0.4738154332758294,0.27881982906961483,0.1949956042062146,0.7526352623454442,164.59393310546875,455.0723419189453
13,fig13_pitch_lagging_u9p4_f1p23_theta_m5_p7,CL,21,0.3374561813288175,0.502466914436349,0.26937012541264677,0.2330967890237023,0.7718370398489958,167.23497009277344,453.0076446533203
13,fig13_pitch_lagging_u9p4_f1p23_theta_m5_p7,CL,22,0.3535256118528147,0.5292700837025045,0.24909713587179583,0.2801729478307087,0.7783672195743003,169.87600708007812,451.0761413574219
13,fig13_pitch_lagging_u9p4_f1p23_theta_m5_p7,CL,23,0.36959504237681196,0.5545876582555364,0.21873751723254634,0.33585014102299005,0.7733251754880827,172.5170440673828,449.25169372558594
13,fig13_pitch_lagging_u9p4_f1p23_theta_m5_p7,CL,24,0.38566447290080924,0.5787800260945516,0.17956215596413558,0.399217870130416,0.7583421820586872,175.1580810546875,447.5083312988281
13,fig13_pitch_lagging_u9p4_f1p23_theta_m5_p7,CL,25,0.40173399626714523,0.6021595093691879,0.13359087646344037,0.4685686329057476,0.7357503858326283,177.79913330078125,445.82354736328125
13,fig13_pitch_lagging_u9p4_f1p23_theta_m5_p7,CL,26,0.4178033339488037,0.6249865529906687,0.08468927409573833,0.5402972788949304,0.7096758270864071,180.44015502929688,444.17857360839844
13,fig13_pitch_lagging_u9p4_f1p23_theta_m5_p7,CL,27,0.43387285731513975,0.6474252584274477,0.047375141095337546,0.6000501173321101,0.6948003995227853,183.08120727539062,442.56158447265625
13,fig13_pitch_lagging_u9p4_f1p23_theta_m5_p7,CL,28,0.449942287839137,0.6695416897545664,0.06535960331870816,0.6041820864358582,0.7349012930732746,185.7222442626953,440.9678192138672
13,fig13_pitch_lagging_u9p4_f1p23_theta_m5_p7,CL,29,0.46601171836313426,0.6912949804127845,0.1159231830101429,0.5753717974026415,0.8072181634229274,188.36328125,439.4002227783203
13,fig13_pitch_lagging_u9p4_f1p23_theta_m5_p7,CL,30,0.48208124172947026,0.7125216641651392,0.16984099671677058,0.5426806674483686,0.8823626608819097,191.00433349609375,437.8705749511719
13,fig13_pitch_lagging_u9p4_f1p23_theta_m5_p7,CL,31,0.4981505794111287,0.7329352516092845,0.22052209423400118,0.5124131573752834,0.9534573458432857,193.64535522460938,436.39952087402344
13,fig13_pitch_lagging_u9p4_f1p23_theta_m5_p7,CL,32,0.5142201027774648,0.7521344881868729,0.26496712420616214,0.48716736398071075,1.017101612393035,196.28640747070312,435.01597595214844
13,fig13_pitch_lagging_u9p4_f1p23_theta_m5_p7,CL,33,0.530289533301462,0.7696228346159376,0.3010948565256005,0.46852797809033714,1.0707176911415381,198.9274444580078,433.75572204589844
13,fig13_pitch_lagging_u9p4_f1p23_theta_m5_p7,CL,34,0.5463589638254592,0.7848076199155737,0.3273148832832123,0.4574927366323614,1.112122503198786,201.5684814453125,432.6614685058594
13,fig13_pitch_lagging_u9p4_f1p23_theta_m5_p7,CL,35,0.5624283943494566,0.7970341321626079,0.34250750310456796,0.4545266290580399,1.139541635267176,204.2095184326172,431.7803955078125
13,fig13_pitch_lagging_u9p4_f1p23_theta_m5_p7,CL,36,0.5784978248734538,0.8056127217018748,0.3459720556553278,0.459640666046547,1.1515847773572025,206.85055541992188,431.1622009277344
13,fig13_pitch_lagging_u9p4_f1p23_theta_m5_p7,CL,37,0.5945673482397899,0.8098285413624072,0.3374857864260555,0.47234275493635175,1.1473143277884628,209.49160766601562,430.8583984375
13,fig13_pitch_lagging_u9p4_f1p23_theta_m5_p7,CL,38,0.6106366859214483,0.8089951176464928,0.31727695526577415,0.49171816238071864,1.126272072912267,212.13262939453125,430.91845703125
13,fig13_pitch_lagging_u9p4_f1p23_theta_m5_p7,CL,39,0.6267039810716535,0.8024803952207974,0.2860275890517604,0.516452806169037,1.0885079842725578,214.7733154296875,431.38792419433594
13,fig13_pitch_lagging_u9p4_f1p23_theta_m5_p7,CL,40,0.6427734115956507,0.789724523398106,0.24484510801628862,0.5448794153818173,1.0345696314143946,217.4143524169922,432.30714416503906
13,fig13_pitch_lagging_u9p4_f1p23_theta_m5_p7,CL,41,0.6588428421196479,0.7702747938693167,0.19523543428018778,0.575039359589129,0.9655102281495045,220.05538940429688,433.708740234375
13,fig13_pitch_lagging_u9p4_f1p23_theta_m5_p7,CL,42,0.674912365485984,0.743819519716283,0.139095369074952,0.604724150641331,0.882914888791235,222.69644165039062,435.61517333984375
13,fig13_pitch_lagging_u9p4_f1p23_theta_m5_p7,CL,43,0.6909817031676424,0.7102104802578207,0.07892603052364552,0.6312844497341752,0.7891365107814663,225.33746337890625,438.03712463378906
13,fig13_pitch_lagging_u9p4_f1p23_theta_m5_p7,CL,44,0.7070511336916396,0.6694675794139745,0.023128990323435517,0.646338589090539,0.69259656973741,227.97850036621094,440.97315979003906
13,fig13_pitch_lagging_u9p4_f1p23_theta_m5_p7,CL,45,0.723120564215637,0.621798537882232,0.05448571065939251,0.5673128272228395,0.6762842485416246,230.61953735351562,444.40830993652344
13,fig13_pitch_lagging_u9p4_f1p23_theta_m5_p7,CL,46,0.739190087581973,0.5676118095111707,0.11432769324911272,0.453284116262058,0.6819395027602835,233.26058959960938,448.3131408691406
13,fig13_pitch_lagging_u9p4_f1p23_theta_m5_p7,CL,47,0.755259610948309,0.5074987948187141,0.1711476678933223,0.33635112692539176,0.6786464627120363,235.90164184570312,452.64503479003906
13,fig13_pitch_lagging_u9p4_f1p23_theta_m5_p7,CL,48,0.7713290414723063,0.44225416839983855,0.221859468265941,0.22039470013389756,0.6641136366657796,238.5426788330078,457.3467254638672
13,fig13_pitch_lagging_u9p4_f1p23_theta_m5_p7,CL,49,0.7873984719963034,0.3728138379843059,0.2644790546774064,0.1083347833068995,0.6372928926617123,241.1837158203125,462.35076904296875
13,fig13_pitch_lagging_u9p4_f1p23_theta_m5_p7,CL,50,0.8034679025203006,0.3002900939124862,0.2974592149599883,0.002830878952497895,0.5977493088724745,243.8247528076172,467.57701110839844
13,fig13_pitch_lagging_u9p4_f1p23_theta_m5_p7,CL,51,0.8195373330442979,0.2259097799369224,0.31965992033155166,-0.09375014039462926,0.5455697002684741,246.46578979492188,472.9370422363281
13,fig13_pitch_lagging_u9p4_f1p23_theta_m5_p7,CL,52,0.8356067635682951,0.1509926953516424,0.33036526490197815,-0.17937256955033576,0.48135796025362054,249.10682678222656,478.33575439453125
13,fig13_pitch_lagging_u9p4_f1p23_theta_m5_p7,CL,53,0.8516762869346312,0.0769194099299596,0.3293092984204576,-0.252389888490498,0.4062287083504172,251.7478790283203,483.6736602783203
13,fig13_pitch_lagging_u9p4_f1p23_theta_m5_p7,CL,54,0.8677457174586284,0.005091032596723055,0.31667094442356203,-0.311579911826839,0.3217619770202851,254.388916015625,488.84979248046875
13,fig13_pitch_lagging_u9p4_f1p23_theta_m5_p7,CL,55,0.8838152408249644,-0.06310678502282763,0.2930896692786852,-0.3561964543015128,0.22998288425585756,257.02996826171875,493.76429748535156
13,fig13_pitch_lagging_u9p4_f1p23_theta_m5_p7,CL,56,0.899884578506623,-0.1263438681869815,0.25963308537801205,-0.38597695356499356,0.13328921719103054,259.6709899902344,498.3213195800781
13,fig13_pitch_lagging_u9p4_f1p23_theta_m5_p7,CL,57,0.9159539161882814,-0.18338892652276045,0.21780139775895452,-0.40119032428171497,0.034412471236194064,262.31201171875,502.43212890625
13,fig13_pitch_lagging_u9p4_f1p23_theta_m5_p7,CL,58,0.9320234395546174,-0.23313199887192687,0.1695523898761224,-0.40268438874804924,-0.06357960899580448,264.95306396484375,506.01673889160156
13,fig13_pitch_lagging_u9p4_f1p23_theta_m5_p7,CL,59,0.9480929629209535,-0.27462087322978895,0.11757457314236244,-0.3921954463721514,-0.1570463000874265,267.5941162109375,509.00653076171875
13,fig13_pitch_lagging_u9p4_f1p23_theta_m5_p7,CL,60,0.9641624862872895,-0.30709814191549667,0.0671498974035801,-0.3742480393190768,-0.23994824451191657,270.23516845703125,511.346923828125
13,fig13_pitch_lagging_u9p4_f1p23_theta_m5_p7,CL,61,0.9802318239689479,-0.32999908413373913,0.041921467003088964,-0.3719205511368281,-0.28807761713065017,272.8761901855469,512.9972229003906
13,fig13_pitch_lagging_u9p4_f1p23_theta_m5_p7,CL,62,0.9963011616506064,-0.3429974026420814,0.07422870539309566,-0.41722610803517707,-0.2687686972489857,275.5172119140625,513.9339141845703
13,fig13_pitch_lagging_u9p4_f1p23_theta_m5_p7,CD,0,0.0,0.023500243442118804,0.00498083600301641,0.018519407439102395,0.028481079445135213,326.5205078125,420.5768737792969
13,fig13_pitch_lagging_u9p4_f1p23_theta_m5_p7,CD,1,0.01606696609466703,0.023739062250144535,0.0066190556689936135,0.017120006581150923,0.030358117919138148,329.16162109375,420.3187255859375
13,fig13_pitch_lagging_u9p4_f1p23_theta_m5_p7,CD,2,0.03213597415566937,0.0235730268547078,0.00846780516727344,0.015105221687434361,0.03204083202198124,331.8025817871094,420.4981994628906
13,fig13_pitch_lagging_u9p4_f1p23_theta_m5_p7,CD,3,0.0482059106424717,0.023052969891327033,0.010180008127544465,0.012872961763782567,0.0332329780188715,334.4436950683594,421.0603485107422
13,fig13_pitch_lagging_u9p4_f1p23_theta_m5_p7,CD,4,0.06427491870347404,0.022235299916384205,0.011591548965097669,0.010643750951286536,0.03382684888148187,337.08465576171875,421.94419860839844
13,fig13_pitch_lagging_u9p4_f1p23_theta_m5_p7,CD,5,0.08034448381995637,0.02117850057579794,0.012609839161086808,0.008568661414711132,0.03378833973688475,339.7257080078125,423.08653259277344
13,fig13_pitch_lagging_u9p4_f1p23_theta_m5_p7,CD,6,0.09641386325127871,0.01994099905046541,0.013180855806284166,0.006760143244181244,0.03312185485674958,342.3667297363281,424.4241943359375
13,fig13_pitch_lagging_u9p4_f1p23_theta_m5_p7,CD,7,0.11248342836776104,0.01857975443072729,0.013277340411607247,0.005302414019120044,0.03185709484233454,345.0077819824219,425.89561462402344
13,fig13_pitch_lagging_u9p4_f1p23_theta_m5_p7,CD,8,0.12855280779908337,0.017146065188528598,0.012895679215686233,0.004250385972842365,0.03004174440421483,347.6488037109375,427.4453430175781
13,fig13_pitch_lagging_u9p4_f1p23_theta_m5_p7,CD,9,0.1446223729155657,0.015685795037504252,0.012053813979072056,0.003631981058432196,0.027739609016576308,350.28985595703125,429.0238037109375
13,fig13_pitch_lagging_u9p4_f1p23_theta_m5_p7,CD,10,0.16069193803204804,0.014235745055353924,0.010789900939978073,0.0034458441153758512,0.025025645995331997,352.930908203125,430.5912170410156
13,fig13_pitch_lagging_u9p4_f1p23_theta_m5_p7,CD,11,0.17676131746337037,0.012824034822736502,0.00916410357870962,0.003659931244026882,0.021988138401446124,355.5719299316406,432.1171875
13,fig13_pitch_lagging_u9p4_f1p23_theta_m5_p7,CD,12,0.1928308825798527,0.011468422588883379,0.007261006497329009,0.004207416091554369,0.018729429086212387,358.2129821777344,433.58251953125
13,fig13_pitch_lagging_u9p4_f1p23_theta_m5_p7,CD,13,0.20889803378925506,0.010176206457810935,0.0052102675012338255,0.00496593895657711,0.015386473959044761,360.8536376953125,434.9793243408203
13,fig13_pitch_lagging_u9p4_f1p23_theta_m5_p7,CD,14,0.22496759890573742,0.0089445067134276,0.0032909649587104348,0.005653541754717165,0.012235471672138034,363.49468994140625,436.3107147216797
13,fig13_pitch_lagging_u9p4_f1p23_theta_m5_p7,CD,15,0.24103716402221975,0.007761211608642335,0.0024277700602611187,0.005333441548381217,0.010188981668903453,366.1357421875,437.58978271484375
13,fig13_pitch_lagging_u9p4_f1p23_theta_m5_p7,CD,16,0.25710654345354206,0.0066052032254502735,0.0035640156859619862,0.0030411875394882873,0.010169218911412259,368.7767639160156,438.83935546875
13,fig13_pitch_lagging_u9p4_f1p23_theta_m5_p7,CD,17,0.2731759228848644,0.0054486725408102316,0.00546235558928936,-1.3683048479128275e-05,0.01091102813009959,371.41778564453125,440.08949279785156
13,fig13_pitch_lagging_u9p4_f1p23_theta_m5_p7,CD,18,0.28924548800134675,0.0042585734009458615,0.007371790869322504,-0.0031132174683766427,0.011630364270268366,374.058837890625,441.37591552734375
13,fig13_pitch_lagging_u9p4_f1p23_theta_m5_p7,CD,19,0.3053150531178291,0.0029987258433929326,0.009066616719256628,-0.006067890875863695,0.01206534256264956,376.69989013671875,442.73773193359375
13,fig13_pitch_lagging_u9p4_f1p23_theta_m5_p7,CD,20,0.3213844325491514,0.0016313547688325408,0.010438759088125601,-0.00880740431929306,0.012070113856958142,379.3409118652344,444.2157745361328
13,fig13_pitch_lagging_u9p4_f1p23_theta_m5_p7,CD,21,0.3374539976656337,0.00012078839999310476,0.011421264576800328,-0.011300476176807224,0.011542052976793433,381.9819641113281,445.8486022949219
13,fig13_pitch_lagging_u9p4_f1p23_theta_m5_p7,CD,22,0.3535233770969561,-0.001565341836644904,0.011973520718636404,-0.013538862555281308,0.0104081788819915,384.62298583984375,447.67120361328125
13,fig13_pitch_lagging_u9p4_f1p23_theta_m5_p7,CD,23,0.3695929422134384,-0.0034544779414835136,0.012076668196485087,-0.015531146137968601,0.008622190255001574,387.2640380859375,449.71324157714844
13,fig13_pitch_lagging_u9p4_f1p23_theta_m5_p7,CD,24,0.38566250732992075,-0.005565888603076663,0.011735238328314003,-0.017301126931390666,0.00616934972523734,389.90509033203125,451.99554443359375
13,fig13_pitch_lagging_u9p4_f1p23_theta_m5_p7,CD,25,0.40173188676124305,-0.007909977501617926,0.010976715463291263,-0.01888669296490919,0.0030667379616733364,392.5461120605469,454.52935791015625
13,fig13_pitch_lagging_u9p4_f1p23_theta_m5_p7,CD,26,0.41780145187772544,-0.0104867164045966,0.009855306021964142,-0.02034202242656074,-0.0006314103826324576,395.1871643066406,457.3146514892578
13,fig13_pitch_lagging_u9p4_f1p23_theta_m5_p7,CD,27,0.43387083130904774,-0.01328506640032831,0.008460478830746347,-0.021745545231074657,-0.004824587569581963,397.82818603515625,460.33949279785156
13,fig13_pitch_lagging_u9p4_f1p23_theta_m5_p7,CD,28,0.4499403964255301,-0.01628232855020889,0.006938675922647629,-0.02322100447285652,-0.00934365262756126,400.46923828125,463.579345703125
13,fig13_pitch_lagging_u9p4_f1p23_theta_m5_p7,CD,29,0.4660099615420124,-0.019444073307437623,0.005548605909483072,-0.024992679216920693,-0.013895467397954551,403.11029052734375,466.9969940185547
13,fig13_pitch_lagging_u9p4_f1p23_theta_m5_p7,CD,30,0.48207934097333477,-0.02272531216621132,0.0047471413956830365,-0.02747245356189436,-0.01797817077052828,405.7513122558594,470.54380798339844
13,fig13_pitch_lagging_u9p4_f1p23_theta_m5_p7,CD,31,0.4981489060898171,-0.02607065294053324,0.00499771904441603,-0.031068371984949272,-0.02107293389611721,408.3923645019531,474.159912109375
13,fig13_pitch_lagging_u9p4_f1p23_theta_m5_p7,CD,32,0.5142182855211395,-0.029416826573920862,0.006166516754955964,-0.035583343328876825,-0.0232503098189649,411.03338623046875,477.77691650390625
13,fig13_pitch_lagging_u9p4_f1p23_theta_m5_p7,CD,33,0.5302878506376217,-0.03269363292851439,0.007740479226576085,-0.040434112155090476,-0.024953153701938305,413.6744384765625,481.3189392089844
13,fig13_pitch_lagging_u9p4_f1p23_theta_m5_p7,CD,34,0.5463574157541041,-0.03582588882831519,0.009352640285175613,-0.0451785291134908,-0.026473248543139573,416.31549072265625,484.7047119140625
13,fig13_pitch_lagging_u9p4_f1p23_theta_m5_p7,CD,35,0.5624267951854264,-0.03873708416932162,0.010798257763145778,-0.04953534193246739,-0.02793882640617584,418.9565124511719,487.8515319824219
13,fig13_pitch_lagging_u9p4_f1p23_theta_m5_p7,CD,36,0.5784963603019088,-0.041350821777574875,0.011954943726594681,-0.05330576550416956,-0.029395878050980193,421.5975646972656,490.67681884765625
13,fig13_pitch_lagging_u9p4_f1p23_theta_m5_p7,CD,37,0.5945657397332311,-0.0435933018701007,0.012744494120878596,-0.056337795990979295,-0.030848807749222107,424.23858642578125,493.1007995605469
13,fig13_pitch_lagging_u9p4_f1p23_theta_m5_p7,CD,38,0.6106353048497134,-0.04539654056112937,0.013119337165465149,-0.05851587772659452,-0.03227720339566422,426.879638671875,495.04998779296875
13,fig13_pitch_lagging_u9p4_f1p23_theta_m5_p7,CD,39,0.6267026417442758,-0.04670000734771645,0.013056773921750168,-0.05975678126946662,-0.03364323342596628,429.52032470703125,496.4589538574219
13,fig13_pitch_lagging_u9p4_f1p23_theta_m5_p7,CD,40,0.6427720211755981,-0.04745392831349481,0.012557510202501196,-0.06001143851599601,-0.034896418110993616,432.1613464355469,497.2738952636719
13,fig13_pitch_lagging_u9p4_f1p23_theta_m5_p7,CD,41,0.6588414006069204,-0.04761993547642084,0.011646955267349768,-0.05926689074377061,-0.035972980209071075,434.8023681640625,497.4533386230469
13,fig13_pitch_lagging_u9p4_f1p23_theta_m5_p7,CD,42,0.6749109657234028,-0.047173184227077045,0.010375193590280711,-0.057548377817357756,-0.036797990636796334,437.44342041015625,496.9704284667969
13,fig13_pitch_lagging_u9p4_f1p23_theta_m5_p7,CD,43,0.6909805308398851,-0.04610358144288755,0.008825242869012392,-0.054928824311899944,-0.03727833857387516,440.08447265625,495.8142547607422
13,fig13_pitch_lagging_u9p4_f1p23_theta_m5_p7,CD,44,0.7070499102712074,-0.04441575725560745,0.007132308597295281,-0.05154806585290273,-0.03728344865831217,442.7254943847656,493.9898223876953
13,fig13_pitch_lagging_u9p4_f1p23_theta_m5_p7,CD,45,0.7231192897025298,-0.04212995437540986,0.005539246832185456,-0.04766920120759532,-0.0365907075432244,445.36651611328125,491.5190124511719
13,fig13_pitch_lagging_u9p4_f1p23_theta_m5_p7,CD,46,0.7391888548190121,-0.03928116699930955,0.0045160018305681685,-0.04379716882987772,-0.03476516516874138,448.007568359375,488.4396514892578
13,fig13_pitch_lagging_u9p4_f1p23_theta_m5_p7,CD,47,0.7552584199354945,-0.03591844911465073,0.0046458996123067186,-0.04056434872695745,-0.03127254950234401,450.64862060546875,484.8047637939453
13,fig13_pitch_lagging_u9p4_f1p23_theta_m5_p7,CD,48,0.7713279850519767,-0.03210334759476312,0.005840092466222838,-0.037943440060985954,-0.026263255128540282,453.2896728515625,480.6808776855469
13,fig13_pitch_lagging_u9p4_f1p23_theta_m5_p7,CD,49,0.7873975501684591,-0.02790847645717151,0.0074907626694194936,-0.035399239126591,-0.020417713787752017,455.93072509765625,476.146484375
13,fig13_pitch_lagging_u9p4_f1p23_theta_m5_p7,CD,50,0.8034669295997815,-0.023415314727761018,0.009183033477135115,-0.032598348204896134,-0.014232281250625903,458.5717468261719,471.28965759277344
13,fig13_pitch_lagging_u9p4_f1p23_theta_m5_p7,CD,51,0.8195363090311037,-0.018711651398558612,0.0107026342493991,-0.029414285647957714,-0.008009017149159513,461.2127685546875,466.2052917480469
13,fig13_pitch_lagging_u9p4_f1p23_theta_m5_p7,CD,52,0.8356058741475861,-0.013889665617005345,0.011928024027640604,-0.02581768964464595,-0.001961641589364741,463.85382080078125,460.99302673339844
13,fig13_pitch_lagging_u9p4_f1p23_theta_m5_p7,CD,53,0.8516754392640684,-0.009042806993523889,0.012782523312793793,-0.021825330306317683,0.0037397163192699045,466.494873046875,455.7538757324219
13,fig13_pitch_lagging_u9p4_f1p23_theta_m5_p7,CD,54,0.8677450043805508,-0.0042626053278091575,0.013220226042457695,-0.017482831370266853,0.008957620714648538,469.13592529296875,450.58677673339844
13,fig13_pitch_lagging_u9p4_f1p23_theta_m5_p7,CD,55,0.8838143838118732,0.00036267043542996535,0.013218701486879803,-0.012856031051449838,0.013581371922309769,471.7769470214844,445.58714294433594
13,fig13_pitch_lagging_u9p4_f1p23_theta_m5_p7,CD,56,0.8998837632431954,0.004751329526478096,0.012778415482486696,-0.0080270859560086,0.017529745008964794,474.41796875,440.84327697753906
13,fig13_pitch_lagging_u9p4_f1p23_theta_m5_p7,CD,57,0.9159533283596778,0.00883046148644806,0.011921205876306141,-0.003090744389858081,0.020751667362754203,477.05902099609375,436.4339904785156
13,fig13_pitch_lagging_u9p4_f1p23_theta_m5_p7,CD,58,0.9320228934761601,0.012536656096303833,0.010690353107243856,0.0018463029890599773,0.02322700920354769,479.7000732421875,432.4278259277344
13,fig13_pitch_lagging_u9p4_f1p23_theta_m5_p7,CD,59,0.9480922729074824,0.01581889720920744,0.009152514133066569,0.006666383076140873,0.02497141134227401,482.3410949707031,428.8799285888672
13,fig13_pitch_lagging_u9p4_f1p23_theta_m5_p7,CD,60,0.9641618380239648,0.01863873214558316,0.007405881625994814,0.011232850519588347,0.026044613771577976,484.9821472167969,425.8318634033203
13,fig13_pitch_lagging_u9p4_f1p23_theta_m5_p7,CD,61,0.9802312174552871,0.020971386877290235,0.005605720278632624,0.015365666598657611,0.02657710715592286,487.6231689453125,423.31040954589844
13,fig13_pitch_lagging_u9p4_f1p23_theta_m5_p7,CD,62,0.9963007825717695,0.022805144912387443,0.004059369202478773,0.01874577570990867,0.026864514114866216,490.26422119140625,421.32823181152344
14,fig14_pitch_lagging_u6_f1p5_theta_m12_p0,CL,0,1.4654926808931534e-10,-0.6837106439267611,0.10295194828167618,-0.7866625922084373,-0.5807586956450849,111.0364990234375,214.6953125
14,fig14_pitch_lagging_u6_f1p5_theta_m12_p0,CL,1,0.01626773653830417,-0.6950561889868423,0.11757723472736871,-0.812633423714211,-0.5774789542594736,113.63818359375,215.2689208984375
14,fig14_pitch_lagging_u6_f1p5_theta_m12_p0,CL,2,0.0325370948950491,-0.6986555444450921,0.13266368293226014,-0.8313192273773523,-0.565991861512832,116.24012756347656,215.45089721679688
14,fig14_pitch_lagging_u6_f1p5_theta_m12_p0,CL,3,0.048803924894603695,-0.6944649482235762,0.14721231028970885,-0.841677258513285,-0.5472526379338674,118.84166717529297,215.23902893066406
14,fig14_pitch_lagging_u6_f1p5_theta_m12_p0,CL,4,0.06507142276209536,-0.6825009997311662,0.16043781385636713,-0.8429388135875333,-0.522063185874799,121.44331359863281,214.6341552734375
14,fig14_pitch_lagging_u6_f1p5_theta_m12_p0,CL,5,0.08134097193825088,-0.6628661625917154,0.17175061280985598,-0.8346167754015714,-0.4911155497818594,124.0452880859375,213.6414566040039
14,fig14_pitch_lagging_u6_f1p5_theta_m12_p0,CL,6,0.0976082312814793,-0.635737446865283,0.1806860746054852,-0.8164235214707682,-0.4550513722597978,126.64689636230469,212.26988220214844
14,fig14_pitch_lagging_u6_f1p5_theta_m12_p0,CL,7,0.11387549062470773,-0.6013780286343438,0.18692458517061628,-0.78830261380496,-0.4144534434637275,129.24850463867188,210.5327377319336
14,fig14_pitch_lagging_u6_f1p5_theta_m12_p0,CL,8,0.13014513521056856,-0.5601209524023503,0.19025201213080448,-0.7503729645331547,-0.3698689402715458,131.85049438476562,208.44686126708984
14,fig14_pitch_lagging_u6_f1p5_theta_m12_p0,CL,9,0.14641239455379698,-0.5123733563978101,0.19058052952274687,-0.702953885920557,-0.3217928268750633,134.4521026611328,206.0328369140625
14,fig14_pitch_lagging_u6_f1p5_theta_m12_p0,CL,10,0.1626796538970254,-0.4586080219661324,0.1879597846693415,-0.6465678066354739,-0.2706482372967909,137.0537109375,203.31456756591797
14,fig14_pitch_lagging_u6_f1p5_theta_m12_p0,CL,11,0.17894920307318093,-0.3993695606220252,0.1825553189481542,-0.5819248795701795,-0.21681424167387103,139.6556854248047,200.31958770751953
14,fig14_pitch_lagging_u6_f1p5_theta_m12_p0,CL,12,0.19521646241640936,-0.3352550983737186,0.17470168589980792,-0.5099567842735265,-0.16055341247391067,142.25729370117188,197.07808685302734
14,fig14_pitch_lagging_u6_f1p5_theta_m12_p0,CL,13,0.21148372175963778,-0.2669165392787185,0.16488389007079002,-0.4318004293495085,-0.10203264920792848,144.85890197753906,193.6230239868164
14,fig14_pitch_lagging_u6_f1p5_theta_m12_p0,CL,14,0.22775327093579328,-0.19506147086611014,0.15380891537531735,-0.3488703862414275,-0.04125255549079279,147.46087646484375,189.99017333984375
14,fig14_pitch_lagging_u6_f1p5_theta_m12_p0,CL,15,0.244020625688727,-0.12042917044555135,0.14241311937747006,-0.2628422898230214,0.021983948931918712,150.0625,186.21691131591797
14,fig14_pitch_lagging_u6_f1p5_theta_m12_p0,CL,16,0.26028788503195543,-0.04379271775931193,0.13189181041972667,-0.1756845281790386,0.08809909266041474,152.6641082763672,182.34232330322266
14,fig14_pitch_lagging_u6_f1p5_theta_m12_p0,CL,17,0.27655743420811096,0.034050210144465076,0.12367766839143077,-0.08962745824696569,0.15772787853589584,155.26608276367188,178.40673828125
14,fig14_pitch_lagging_u6_f1p5_theta_m12_p0,CL,18,0.2928247889610447,0.11227582987459317,0.11919145178828179,-0.0069156219136886216,0.23146728166287495,157.86770629882812,174.4518051147461
14,fig14_pitch_lagging_u6_f1p5_theta_m12_p0,CL,19,0.3090919528945678,0.1900639797290935,0.11942112724557913,0.07064285248351437,0.30948510697467263,160.46929931640625,170.51898956298828
14,fig14_pitch_lagging_u6_f1p5_theta_m12_p0,CL,20,0.32535930764750154,0.266591027220497,0.12445391711175767,0.1421371101087393,0.3910449443322547,163.0709228515625,166.64993286132812
14,fig14_pitch_lagging_u6_f1p5_theta_m12_p0,CL,21,0.34162876141395176,0.34104118685461815,0.13345894552093096,0.2075822413336872,0.4745001323755491,165.67288208007812,162.88587951660156
14,fig14_pitch_lagging_u6_f1p5_theta_m12_p0,CL,22,0.3578961161668855,0.4126193469465034,0.1450806443831502,0.2675387025633532,0.5576999913296535,168.27450561523438,159.26702880859375
14,fig14_pitch_lagging_u6_f1p5_theta_m12_p0,CL,23,0.3741634709198192,0.48055680396167677,0.15790866755919006,0.3226481364024867,0.6384654715208669,170.87612915039062,155.83224487304688
14,fig14_pitch_lagging_u6_f1p5_theta_m12_p0,CL,24,0.39043292468626944,0.544117449568537,0.1707258256676048,0.3733916239009322,0.7148432752361418,173.47808837890625,152.61874389648438
14,fig14_pitch_lagging_u6_f1p5_theta_m12_p0,CL,25,0.40670027943920317,0.602616331795552,0.18256256232657092,0.42005376946898104,0.7851788941221229,176.0797119140625,149.6611557006836
14,fig14_pitch_lagging_u6_f1p5_theta_m12_p0,CL,26,0.4229674433727263,0.6554226731055972,0.1926646607584457,0.4627580123471515,0.8480873338640429,178.68130493164062,146.99137115478516
14,fig14_pitch_lagging_u6_f1p5_theta_m12_p0,CL,27,0.43923708795858707,0.7019497598469173,0.20048192601099127,0.5014678338359261,0.9024316858579086,181.28329467773438,144.63905334472656
14,fig14_pitch_lagging_u6_f1p5_theta_m12_p0,CL,28,0.45550425189211025,0.7416910082414918,0.2056239701682889,0.5360670380732029,0.9473149784097807,183.8848876953125,142.62981414794922
14,fig14_pitch_lagging_u6_f1p5_theta_m12_p0,CL,29,0.4717716066450439,0.7742130228140522,0.20784693282364186,0.5663660899904104,0.9820599556376941,186.48651123046875,140.98556518554688
14,fig14_pitch_lagging_u6_f1p5_theta_m12_p0,CL,30,0.48804125123090475,0.7991583126589898,0.2070269220253805,0.5921313906336093,1.0061852346843703,189.0885009765625,139.72438049316406
14,fig14_pitch_lagging_u6_f1p5_theta_m12_p0,CL,31,0.5043084151644279,0.8162468004775236,0.20315307270587976,0.6130937277716438,1.0193998731834033,191.69009399414062,138.86042022705078
14,fig14_pitch_lagging_u6_f1p5_theta_m12_p0,CL,32,0.5205757699173617,0.825291818371706,0.1963453533201668,0.6289464650515392,1.0216371716918728,194.29171752929688,138.4031219482422
14,fig14_pitch_lagging_u6_f1p5_theta_m12_p0,CL,33,0.5368452236838118,0.8261812448797945,0.1868046167155891,0.6393766281642054,1.0129858615953835,196.8936767578125,138.358154296875
14,fig14_pitch_lagging_u6_f1p5_theta_m12_p0,CL,34,0.5531125784367456,0.8189180980761293,0.174840215512028,0.6440778825641013,0.9937583135881572,199.49530029296875,138.7253646850586
14,fig14_pitch_lagging_u6_f1p5_theta_m12_p0,CL,35,0.5693799331896793,0.8035755662634627,0.1608606460714441,0.6427149201920186,0.9644362123349068,202.096923828125,139.5010528564453
14,fig14_pitch_lagging_u6_f1p5_theta_m12_p0,CL,36,0.5856493869561296,0.7803246233531735,0.1453866771212573,0.6349379462319162,0.9257113004744308,204.69888305664062,140.67657470703125
14,fig14_pitch_lagging_u6_f1p5_theta_m12_p0,CL,37,0.6019167417090632,0.7494207493381684,0.12903837203468363,0.6203823773034848,0.878459121372852,207.30050659179688,142.239013671875
14,fig14_pitch_lagging_u6_f1p5_theta_m12_p0,CL,38,0.6181839056425864,0.711213588130772,0.11259514851010732,0.5986184396206646,0.8238087366408793,209.902099609375,144.17069244384766
14,fig14_pitch_lagging_u6_f1p5_theta_m12_p0,CL,39,0.6344535502284472,0.6661223502568527,0.09703757890069403,0.5690847713561586,0.7631599291575468,212.50408935546875,146.4504165649414
14,fig14_pitch_lagging_u6_f1p5_theta_m12_p0,CL,40,0.6507208095716756,0.6146462252122977,0.08359341584808055,0.5310528093642172,0.6982396410603783,215.10569763183594,149.05294799804688
14,fig14_pitch_lagging_u6_f1p5_theta_m12_p0,CL,41,0.666988068914904,0.5573646832704455,0.073710127805878,0.48365455546456754,0.6310748110763236,217.70730590820312,151.94898986816406
14,fig14_pitch_lagging_u6_f1p5_theta_m12_p0,CL,42,0.6832577135007648,0.4949154435394032,0.06866647287207435,0.42624897066732886,0.5635819164114776,220.30929565429688,155.1063003540039
14,fig14_pitch_lagging_u6_f1p5_theta_m12_p0,CL,43,0.6995248774342879,0.42798753239106246,0.06875007353130086,0.3592374588597616,0.4967376059223633,222.910888671875,158.49004364013672
14,fig14_pitch_lagging_u6_f1p5_theta_m12_p0,CL,44,0.7157922321872217,0.3573166054458734,0.07289026791133367,0.2844263375345397,0.4302068733572071,225.51251220703125,162.06302642822266
14,fig14_pitch_lagging_u6_f1p5_theta_m12_p0,CL,45,0.7320617813633772,0.28369022920293885,0.07929326352801148,0.20439696567492738,0.3629834927309503,228.11448669433594,165.78543090820312
14,fig14_pitch_lagging_u6_f1p5_theta_m12_p0,CL,46,0.7483290407066057,0.20790653342155307,0.08635238850627197,0.1215541449152811,0.29425892192782505,230.71609497070312,169.61690521240234
14,fig14_pitch_lagging_u6_f1p5_theta_m12_p0,CL,47,0.764596300049834,0.13079971384937683,0.0929630276375629,0.037836686211813936,0.22376274148693973,233.3177032470703,173.51527404785156
14,fig14_pitch_lagging_u6_f1p5_theta_m12_p0,CL,48,0.7808658492259896,0.0532086442492985,0.09846980607888661,-0.045261161829588115,0.1516784503281851,235.919677734375,177.43812561035156
14,fig14_pitch_lagging_u6_f1p5_theta_m12_p0,CL,49,0.7971332039789233,-0.02405496428485676,0.10256231488434257,-0.12661727916919935,0.07850735059948581,238.52130126953125,181.34442138671875
14,fig14_pitch_lagging_u6_f1p5_theta_m12_p0,CL,50,0.8134004633221518,-0.10014484370806664,0.1051460883270792,-0.20529093203514584,0.0050012446190125515,241.12290954589844,185.19137573242188
14,fig14_pitch_lagging_u6_f1p5_theta_m12_p0,CL,51,0.8296700124983073,-0.17427418203981326,0.10631589394138209,-0.28059007598119534,-0.06795828809843117,243.72488403320312,188.939208984375
14,fig14_pitch_lagging_u6_f1p5_theta_m12_p0,CL,52,0.8459372718415358,-0.2456774447236778,0.10628314783478977,-0.35196059255846757,-0.13939429688888805,246.3264923095703,192.5492172241211
14,fig14_pitch_lagging_u6_f1p5_theta_m12_p0,CL,53,0.8622046265944695,-0.31363316108860995,0.10532475832802536,-0.4189579194166353,-0.2083084027605846,248.92811584472656,195.98492431640625
14,fig14_pitch_lagging_u6_f1p5_theta_m12_p0,CL,54,0.878474175770625,-0.3774672442307021,0.10373574218785385,-0.48120298641855597,-0.27373150204284824,251.53009033203125,199.21224975585938
14,fig14_pitch_lagging_u6_f1p5_theta_m12_p0,CL,55,0.8947414351138534,-0.43656370517709775,0.10176780681425682,-0.5383315119913545,-0.33479589836284096,254.13169860839844,202.2000503540039
14,fig14_pitch_lagging_u6_f1p5_theta_m12_p0,CL,56,0.9110085036376713,-0.490383063139467,0.09957411948000486,-0.5899571826194718,-0.39080894365946217,256.7332763671875,204.92105102539062
14,fig14_pitch_lagging_u6_f1p5_theta_m12_p0,CL,57,0.927278148223532,-0.5384481605646074,0.09715769825943825,-0.6356058588240456,-0.44129046230516916,259.33526611328125,207.35112762451172
14,fig14_pitch_lagging_u6_f1p5_theta_m12_p0,CL,58,0.9435455029764658,-0.5803725330332427,0.09438801143733873,-0.6747605444705814,-0.48598452159590394,261.9368896484375,209.47074127197266
14,fig14_pitch_lagging_u6_f1p5_theta_m12_p0,CL,59,0.9598128577293995,-0.6158386791247725,0.0910495685058084,-0.7068882476305809,-0.5247891106189642,264.53851318359375,211.2638397216797
14,fig14_pitch_lagging_u6_f1p5_theta_m12_p0,CL,60,0.9760800216629226,-0.6446332209833372,0.08697969525790473,-0.7316129162412419,-0.5576535257254325,267.1401062011719,212.71963500976562
14,fig14_pitch_lagging_u6_f1p5_theta_m12_p0,CL,61,0.9923494754293729,-0.6666124982703382,0.08229700201520178,-0.7489095002855399,-0.5843154962551365,269.7420654296875,213.83086395263672
14,fig14_pitch_lagging_u6_f1p5_theta_m12_p0,CD,0,0.0,0.10326323431666179,0.014748332593577473,0.08851490172308432,0.11801156691023926,326.5205078125,119.81523513793945
14,fig14_pitch_lagging_u6_f1p5_theta_m12_p0,CD,1,0.01626583490102409,0.10292401884383606,0.016256850951646428,0.08666716789218963,0.1191808697954825,329.1943054199219,119.92523574829102
14,fig14_pitch_lagging_u6_f1p5_theta_m12_p0,CD,2,0.0325325976574235,0.10109050721805468,0.017527873777017436,0.08356263344103725,0.11861838099507212,331.8677673339844,120.51980590820312
14,fig14_pitch_lagging_u6_f1p5_theta_m12_p0,CD,3,0.048802331376382874,0.09777627464585253,0.018522745845536474,0.07925352880031605,0.11629902049138902,334.5417175292969,121.59454345703125
14,fig14_pitch_lagging_u6_f1p5_theta_m12_p0,CD,4,0.0650685370773023,0.0930109301348972,0.019226727353227595,0.0737842027816696,0.1122376574881248,337.215087890625,123.13984680175781
14,fig14_pitch_lagging_u6_f1p5_theta_m12_p0,CD,5,0.08133771374078168,0.08683764613578066,0.019637536159650786,0.06720010997612987,0.10647518229543144,339.8889465332031,125.14171600341797
14,fig14_pitch_lagging_u6_f1p5_theta_m12_p0,CD,6,0.0976044764971811,0.0793154759732908,0.01976651238534301,0.0595489635879478,0.09908198835863381,342.5624084472656,127.58100128173828
14,fig14_pitch_lagging_u6_f1p5_theta_m12_p0,CD,7,0.11387346747550048,0.07051544832772044,0.019630148612247034,0.05088529971547341,0.09014559693996747,345.2362365722656,130.4346694946289
14,fig14_pitch_lagging_u6_f1p5_theta_m12_p0,CD,8,0.13014023023189988,0.06052110836095087,0.019254018929623615,0.04126708943132726,0.07977512729057448,347.9096984863281,133.67562866210938
14,fig14_pitch_lagging_u6_f1p5_theta_m12_p0,CD,9,0.14640940689537926,0.049429623495840236,0.018668191125950435,0.0307614323698898,0.06809781462179067,350.58355712890625,137.27236938476562
14,fig14_pitch_lagging_u6_f1p5_theta_m12_p0,CD,10,0.1626761696517787,0.03734721913534378,0.017907414906690358,0.01943980422865342,0.05525463404203414,353.25701904296875,141.19044494628906
14,fig14_pitch_lagging_u6_f1p5_theta_m12_p0,CD,11,0.17894516063009808,0.02439204898347941,0.017012533527553286,0.007379515455926123,0.0414045825110327,355.93084716796875,145.39154052734375
14,fig14_pitch_lagging_u6_f1p5_theta_m12_p0,CD,12,0.19521192338649748,0.010688666148385595,0.016027307619656976,-0.005338641471271381,0.02671597376804257,358.60430908203125,149.83526611328125
14,fig14_pitch_lagging_u6_f1p5_theta_m12_p0,CD,13,0.21148091436481686,-0.00362840072008222,0.015000015040557146,-0.018628415760639366,0.011371614320474926,361.27813720703125,154.47799682617188
14,fig14_pitch_lagging_u6_f1p5_theta_m12_p0,CD,14,0.22775009102829624,-0.01841994105508321,0.013979004229472607,-0.03239894528455582,-0.004440936825610604,363.9519958496094,159.27458953857422
14,fig14_pitch_lagging_u6_f1p5_theta_m12_p0,CD,15,0.24401685378469568,-0.033541544773928844,0.013014247003873313,-0.046555791777802155,-0.020527297770055533,366.6254577636719,164.17821502685547
14,fig14_pitch_lagging_u6_f1p5_theta_m12_p0,CD,16,0.26028584476301503,-0.048844402203597675,0.012154562347398694,-0.06099896455099637,-0.03668983985619898,369.2992858886719,169.14061737060547
14,fig14_pitch_lagging_u6_f1p5_theta_m12_p0,CD,17,0.2765527932045745,-0.06417965661662628,0.011439781845254321,-0.0756194384618806,-0.05273987477137196,371.9727783203125,174.113525390625
14,fig14_pitch_lagging_u6_f1p5_theta_m12_p0,CD,18,0.29282178418289384,-0.07939558096458538,0.010895479586700946,-0.09029106055128633,-0.06850010137788443,374.6466064453125,179.04773712158203
14,fig14_pitch_lagging_u6_f1p5_theta_m12_p0,CD,19,0.3090885469392933,-0.0943439067005373,0.010530125371309748,-0.10487403207184705,-0.08381378132922755,377.320068359375,183.89517211914062
14,fig14_pitch_lagging_u6_f1p5_theta_m12_p0,CD,20,0.3253575379176126,-0.10887690640362807,0.010328967631494258,-0.11920587403512233,-0.09854793877213382,379.993896484375,188.60792541503906
14,fig14_pitch_lagging_u6_f1p5_theta_m12_p0,CD,21,0.34162430067401206,-0.12285249918605118,0.010259091785032036,-0.13311159097108322,-0.11259340740101914,382.6673583984375,193.13992309570312
14,fig14_pitch_lagging_u6_f1p5_theta_m12_p0,CD,22,0.35789329165233147,-0.13613206266149167,0.01027617254750058,-0.14640823520899224,-0.1258558901139911,385.3411865234375,197.4462127685547
14,fig14_pitch_lagging_u6_f1p5_theta_m12_p0,CD,23,0.3741602400938909,-0.14858605595095253,0.010335837580035326,-0.15892189353098785,-0.13825021837091722,388.0146789550781,201.4847869873047
14,fig14_pitch_lagging_u6_f1p5_theta_m12_p0,CD,24,0.3904292310722102,-0.16009119641623112,0.010394326251518518,-0.17048552266774963,-0.14969687016471261,390.6885070800781,205.21566772460938
14,fig14_pitch_lagging_u6_f1p5_theta_m12_p0,CD,25,0.40669822205052963,-0.17053438870583115,0.010420464994084017,-0.18095485369991518,-0.16011392371174712,393.3623352050781,208.60218048095703
14,fig14_pitch_lagging_u6_f1p5_theta_m12_p0,CD,26,0.42296517049208904,-0.17981168955723742,0.010392044111078507,-0.19020373366831592,-0.16941964544615892,396.03582763671875,211.6106185913086
14,fig14_pitch_lagging_u6_f1p5_theta_m12_p0,CD,27,0.43923416147040845,-0.18783334262221646,0.010296664757018625,-0.19813000737923508,-0.17753667786519783,398.70965576171875,214.21187591552734
14,fig14_pitch_lagging_u6_f1p5_theta_m12_p0,CD,28,0.4555009242268078,-0.19451909654983135,0.010131244865949303,-0.20465034141578065,-0.18438785168388205,401.38311767578125,216.3799285888672
14,fig14_pitch_lagging_u6_f1p5_theta_m12_p0,CD,29,0.47176991520512723,-0.19980495729887768,0.009903454311926662,-0.20970841161080434,-0.18990150298695102,404.05694580078125,218.09402465820312
14,fig14_pitch_lagging_u6_f1p5_theta_m12_p0,CD,30,0.4880366779615266,-0.20363718869652048,0.009625574304328914,-0.2132627630008494,-0.19401161439219156,406.73040771484375,219.33673858642578
14,fig14_pitch_lagging_u6_f1p5_theta_m12_p0,CD,31,0.504305854625006,-0.20597972351291918,0.009315979602781308,-0.21529570311570048,-0.19666374391013788,409.4042663574219,220.09637451171875
14,fig14_pitch_lagging_u6_f1p5_theta_m12_p0,CD,32,0.5205726173814055,-0.2068112225585986,0.008997232812252624,-0.21580845537085122,-0.19781398974634598,412.0777282714844,220.3660125732422
14,fig14_pitch_lagging_u6_f1p5_theta_m12_p0,CD,33,0.5368416083597248,-0.20612138091074717,0.008692719990447725,-0.2148141009011949,-0.19742866092029943,414.7515563964844,220.1423110961914
14,fig14_pitch_lagging_u6_f1p5_theta_m12_p0,CD,34,0.5531083711161242,-0.2039196565122193,0.008421498186401765,-0.21234115469862105,-0.19549815832581754,417.4250183105469,219.42833709716797
14,fig14_pitch_lagging_u6_f1p5_theta_m12_p0,CD,35,0.5693775477796036,-0.20022870607686793,0.008200059982057507,-0.20842876605892544,-0.19202864609481043,420.098876953125,218.23143768310547
14,fig14_pitch_lagging_u6_f1p5_theta_m12_p0,CD,36,0.5856443105360031,-0.19508607904945868,0.008032357950548174,-0.20311843700000687,-0.1870537210989105,422.7723388671875,216.56378936767578
14,fig14_pitch_lagging_u6_f1p5_theta_m12_p0,CD,37,0.6019133015143224,-0.1885440999695645,0.007914204246530233,-0.19645830421609473,-0.18062989572303428,425.4461669921875,214.4423599243164
14,fig14_pitch_lagging_u6_f1p5_theta_m12_p0,CD,38,0.6181822924926418,-0.18066850389274625,0.007830682611870001,-0.18849918650461625,-0.17283782128087624,428.1199951171875,211.88846588134766
14,fig14_pitch_lagging_u6_f1p5_theta_m12_p0,CD,39,0.6344490552490412,-0.1715383658088892,0.007758524624967766,-0.17929689043385696,-0.16377984118392144,430.79345703125,208.92774963378906
14,fig14_pitch_lagging_u6_f1p5_theta_m12_p0,CD,40,0.6507180462273606,-0.16124574773388792,0.007673897210919074,-0.168919644944807,-0.15357185052296884,433.46728515625,205.5900650024414
14,fig14_pitch_lagging_u6_f1p5_theta_m12_p0,CD,41,0.66698499466892,-0.1498928754431223,0.007550567518274302,-0.1574434429613966,-0.142342307924848,436.1407775878906,201.90856170654297
14,fig14_pitch_lagging_u6_f1p5_theta_m12_p0,CD,42,0.6832541713323994,-0.1375945617752239,0.0073715959478910945,-0.144966157723115,-0.13022296582733278,438.81463623046875,197.92047119140625
14,fig14_pitch_lagging_u6_f1p5_theta_m12_p0,CD,43,0.6995209340887988,-0.12447352471509063,0.007127853938009402,-0.13160137865310004,-0.11734567077708123,441.48809814453125,193.66558837890625
14,fig14_pitch_lagging_u6_f1p5_theta_m12_p0,CD,44,0.7157899250671181,-0.11065930514171951,0.006823858715067186,-0.1174831638567867,-0.10383544642665232,444.16192626953125,189.18592071533203
14,fig14_pitch_lagging_u6_f1p5_theta_m12_p0,CD,45,0.7320566878235176,-0.09628996078812072,0.006485254949988294,-0.10277521573810901,-0.08980470583813242,446.83538818359375,184.52623748779297
14,fig14_pitch_lagging_u6_f1p5_theta_m12_p0,CD,46,0.748325678801837,-0.0815081136681845,0.0061636613657148525,-0.08767177503389935,-0.07534445230246965,449.50921630859375,179.7327880859375
14,fig14_pitch_lagging_u6_f1p5_theta_m12_p0,CD,47,0.7645924415582364,-0.06646095007668115,0.005940340983688112,-0.07240129106036927,-0.06052060909299304,452.18267822265625,174.85330200195312
14,fig14_pitch_lagging_u6_f1p5_theta_m12_p0,CD,48,0.7808616182217157,-0.0512961503800225,0.0059221779690521404,-0.057218328349074636,-0.04537397241097036,454.8565368652344,169.9356689453125
14,fig14_pitch_lagging_u6_f1p5_theta_m12_p0,CD,49,0.7971306092000352,-0.03616313595897683,0.006208527776221068,-0.04237166373519789,-0.02995460818275576,457.5303649902344,165.0283432006836
14,fig14_pitch_lagging_u6_f1p5_theta_m12_p0,CD,50,0.8133973719564346,-0.02121026946936591,0.006845456703973692,-0.028055726173339603,-0.01436481276539222,460.2038269042969,160.17943572998047
14,fig14_pitch_lagging_u6_f1p5_theta_m12_p0,CD,51,0.829666548619914,-0.006584125498213189,0.007811366763403507,-0.014395492261616696,0.001227241265190318,462.877685546875,155.4364776611328
14,fig14_pitch_lagging_u6_f1p5_theta_m12_p0,CD,52,0.8459333113763133,0.007573873828863653,0.009036358580827263,-0.0014624847519636094,0.016610232409690916,465.5511474609375,150.84532928466797
14,fig14_pitch_lagging_u6_f1p5_theta_m12_p0,CD,53,0.8622023023546328,0.021126164850496065,0.010440933676381032,0.010685231174115033,0.0315670985268771,468.2249755859375,146.45059967041016
14,fig14_pitch_lagging_u6_f1p5_theta_m12_p0,CD,54,0.8784690651110322,0.03394207738107763,0.011947734547314721,0.021994342833762906,0.04588981192839235,470.8984375,142.29466247558594
14,fig14_pitch_lagging_u6_f1p5_theta_m12_p0,CD,55,0.8947380560893515,0.04590119910337137,0.013486367748303422,0.03241483135506795,0.05938756685167479,473.572265625,138.41656494140625
14,fig14_pitch_lagging_u6_f1p5_theta_m12_p0,CD,56,0.911004818845751,0.05688928183205055,0.014992651020374427,0.041896630811676126,0.07188193285242497,476.2457275390625,134.85335540771484
14,fig14_pitch_lagging_u6_f1p5_theta_m12_p0,CD,57,0.9272739955092304,0.06680408802812465,0.016406272332414637,0.050397815695710016,0.08321036036053929,478.9195861816406,131.63818740844727
14,fig14_pitch_lagging_u6_f1p5_theta_m12_p0,CD,58,0.9435407582656298,0.0755546732186983,0.01767049579090767,0.05788417742779063,0.09322516900960597,481.5930480957031,128.80055236816406
14,fig14_pitch_lagging_u6_f1p5_theta_m12_p0,CD,59,0.9598097492439491,0.08306206828638057,0.018733549745974697,0.06432851854040587,0.10179561803235528,484.2668762207031,126.36605834960938
14,fig14_pitch_lagging_u6_f1p5_theta_m12_p0,CD,60,0.9760765120003486,0.08926092637475791,0.019544909490451536,0.06971601688430637,0.10880583586520945,486.9403381347656,124.35589599609375
14,fig14_pitch_lagging_u6_f1p5_theta_m12_p0,CD,61,0.992345688663828,0.09409899352592022,0.02006027326713672,0.0740387202587835,0.11415926679305693,489.61419677734375,122.7870101928711
15,fig15_pitch_lagging_u6_f1p5_theta_p4_p16,CL,0,0.0,-0.19954350346616428,0.07925571566736474,-0.278799219133529,-0.12028778779879955,111.77349853515625,569.4787292480469
15,fig15_pitch_lagging_u6_f1p5_theta_p4_p16,CL,1,0.016273030944604663,-0.19246984790985183,0.05422147788631682,-0.24669132579616865,-0.13824837002353502,114.447998046875,569.0199584960938
15,fig15_pitch_lagging_u6_f1p5_theta_p4_p16,CL,2,0.032546993140946195,-0.17657447384294622,0.07068432541832674,-0.24725879926127298,-0.10589014842461948,117.12265014648438,567.9890441894531
15,fig15_pitch_lagging_u6_f1p5_theta_p4_p16,CL,3,0.048820026913899875,-0.15212276686604348,0.10168126945957501,-0.2538040363256185,-0.05044149740646847,119.79714965820312,566.4031982421875
15,fig15_pitch_lagging_u6_f1p5_theta_p4_p16,CL,4,0.06509394268907201,-0.1194525760238741,0.13145951012219964,-0.25091208614607374,0.012006934098325539,122.47179412841797,564.2843322753906
15,fig15_pitch_lagging_u6_f1p5_theta_p4_p16,CL,5,0.08136744067371962,-0.07900715173445483,0.1567243134073115,-0.23573146514176632,0.07771716167285667,125.14636993408203,561.6611938476562
15,fig15_pitch_lagging_u6_f1p5_theta_p4_p16,CL,6,0.09764089223719784,-0.03128573889536079,0.17696231816198454,-0.20824805705734534,0.14567657926662375,127.82093811035156,558.566162109375
15,fig15_pitch_lagging_u6_f1p5_theta_p4_p16,CL,7,0.11391439022184544,0.02312019139420718,0.19240832476688802,-0.16928813337268084,0.2155285161610952,130.49551391601562,555.03759765625
15,fig15_pitch_lagging_u6_f1p5_theta_p4_p16,CL,8,0.13018788820649305,0.08355799759519467,0.20356157811959705,-0.12000358052440238,0.28711957571479174,133.1700897216797,551.1178283691406
15,fig15_pitch_lagging_u6_f1p5_theta_p4_p16,CL,9,0.14646138619114066,0.1493072801428632,0.2110220190725229,-0.0617147389296597,0.36032929921538615,135.84466552734375,546.8535766601562
15,fig15_pitch_lagging_u6_f1p5_theta_p4_p16,CL,10,0.16273256311731862,0.21959964420428124,0.21542252640722886,0.0041771177970523765,0.4350221706115101,138.51885986328125,542.294677734375
15,fig15_pitch_lagging_u6_f1p5_theta_p4_p16,CL,11,0.17900606110196624,0.2936191702201695,0.21736821693642144,0.07625095328374804,0.5109873871565909,141.1934356689453,537.4940490722656
15,fig15_pitch_lagging_u6_f1p5_theta_p4_p16,CL,12,0.19527955908661385,0.37051653016025177,0.2174025664911085,0.15311396366914326,0.5879190966513603,143.86801147460938,532.5067749023438
15,fig15_pitch_lagging_u6_f1p5_theta_p4_p16,CL,13,0.21155305707126143,0.4494085169814095,0.215971178198532,0.23343733878287748,0.6653796951799416,146.54258728027344,527.39013671875
15,fig15_pitch_lagging_u6_f1p5_theta_p4_p16,CL,14,0.22782655505590904,0.5293940430504134,0.2134340165701387,0.31596002648027466,0.7428280596205521,149.2171630859375,522.2025756835938
15,fig15_pitch_lagging_u6_f1p5_theta_p4_p16,CL,15,0.24409996019821786,0.6095670800446611,0.21001623587877463,0.3995508441658865,0.8195833159234357,151.8917236328125,517.0028533935547
15,fig15_pitch_lagging_u6_f1p5_theta_p4_p16,CL,16,0.26037355102520426,0.6890185411195575,0.2058655862637788,0.4831529548557787,0.8948841273833363,154.56631469726562,511.8499298095703
15,fig15_pitch_lagging_u6_f1p5_theta_p4_p16,CL,17,0.27664695616751306,0.7668503971638663,0.20105617806574314,0.5657942190981231,0.9679065752296094,157.24087524414062,506.8020477294922
15,fig15_pitch_lagging_u6_f1p5_theta_p4_p16,CL,18,0.29292045415216067,0.8421712066521807,0.1956329480308679,0.6465382586213129,1.0378041546830485,159.9154510498047,501.9170227050781
15,fig15_pitch_lagging_u6_f1p5_theta_p4_p16,CL,19,0.3091939521368083,0.9141511690407933,0.1896413034471983,0.724509865593595,1.1037924724879915,162.59002685546875,497.24867248535156
15,fig15_pitch_lagging_u6_f1p5_theta_p4_p16,CL,20,0.3254674501214559,0.9819661302881366,0.18318405770787305,0.7987820725802636,1.1651501879960096,165.2646026611328,492.85044860839844
15,fig15_pitch_lagging_u6_f1p5_theta_p4_p16,CL,21,0.34174085526376474,1.0448552242307998,0.1764649554317895,0.8683902687990103,1.2213201796625892,167.9391632080078,488.7716979980469
15,fig15_pitch_lagging_u6_f1p5_theta_p4_p16,CL,22,0.35801435324841235,1.1021105206629374,0.1697947895075889,0.9323157311553485,1.2719053101705262,170.61373901367188,485.05833435058594
15,fig15_pitch_lagging_u6_f1p5_theta_p4_p16,CL,23,0.3742879440753987,1.153079378045495,0.1636215157717383,0.9894578622737568,1.3167008938172333,173.288330078125,481.752685546875
15,fig15_pitch_lagging_u6_f1p5_theta_p4_p16,CL,24,0.3905613492177075,1.1971926760169112,0.1585133135021096,1.0386793625148016,1.3557059895190207,175.962890625,478.89166259765625
15,fig15_pitch_lagging_u6_f1p5_theta_p4_p16,CL,25,0.40683475436001637,1.2339481111576174,0.1550929448305979,1.0788551663270194,1.3890410559882154,178.637451171875,476.5078430175781
15,fig15_pitch_lagging_u6_f1p5_theta_p4_p16,CL,26,0.42310834518700274,1.262933959353214,0.15392553051308233,1.1090084288401316,1.4168594898662965,181.31204223632812,474.6279296875
15,fig15_pitch_lagging_u6_f1p5_theta_p4_p16,CL,27,0.4393817503293116,1.2838173122483436,0.15538303387805794,1.1284342783702856,1.4392003461264016,183.98660278320312,473.2735137939453
15,fig15_pitch_lagging_u6_f1p5_theta_p4_p16,CL,28,0.45565524831395915,1.2963600756694218,0.15952803699091342,1.1368320386785085,1.4558881126603351,186.6611785888672,472.4600372314453
15,fig15_pitch_lagging_u6_f1p5_theta_p4_p16,CL,29,0.47192874629860676,1.3004196754374044,0.166081979079392,1.1343376963580125,1.4665016545167964,189.33575439453125,472.1967468261719
15,fig15_pitch_lagging_u6_f1p5_theta_p4_p16,CL,30,0.4881999232247847,1.2959507042642469,0.1744879738699025,1.1214627303943443,1.4704386781341494,192.00994873046875,472.48658752441406
15,fig15_pitch_lagging_u6_f1p5_theta_p4_p16,CL,31,0.5044735140517711,1.2829990399798392,0.18401926948279854,1.0989797704970408,1.4670183094626377,194.68453979492188,473.3265838623047
15,fig15_pitch_lagging_u6_f1p5_theta_p4_p16,CL,32,0.52074691919408,1.26170678622138,0.19391970517311935,1.0677870810482606,1.4556264913944994,197.35910034179688,474.70751953125
15,fig15_pitch_lagging_u6_f1p5_theta_p4_p16,CL,33,0.5370205100210663,1.232317683664594,0.2034566472881557,1.0288610363764383,1.4357743309527495,200.03369140625,476.61358642578125
15,fig15_pitch_lagging_u6_f1p5_theta_p4_p16,CL,34,0.5532939151633752,1.1951585236208533,0.21199086473143647,0.9831676588894168,1.4071493883522899,202.708251953125,479.0235900878906
15,fig15_pitch_lagging_u6_f1p5_theta_p4_p16,CL,35,0.5695674131480228,1.1506471472485431,0.21899064521807948,0.9316565020304637,1.3696377924666225,205.38282775878906,481.9104309082031
15,fig15_pitch_lagging_u6_f1p5_theta_p4_p16,CL,36,0.5858409111326703,1.0992839757998516,0.2240590867018033,0.8752248890980483,1.323343062501655,208.05740356445312,485.2416534423828
15,fig15_pitch_lagging_u6_f1p5_theta_p4_p16,CL,37,0.6021143162749792,1.0416505989952336,0.22691951057773116,0.8147310884175024,1.2685701095729647,210.73196411132812,488.9795379638672
15,fig15_pitch_lagging_u6_f1p5_theta_p4_p16,CL,38,0.6183878142596269,0.9783895417240756,0.22744228256755775,0.7509472591565178,1.2058318242916333,213.4065399169922,493.08241271972656
15,fig15_pitch_lagging_u6_f1p5_theta_p4_p16,CL,39,0.6346613122442745,0.9102190861128132,0.22562999065143075,0.6845890954613825,1.135849076764244,216.08111572265625,497.5036926269531
15,fig15_pitch_lagging_u6_f1p5_theta_p4_p16,CL,40,0.6509348102289221,0.8378984514284,0.2216329729488367,0.6162654784795634,1.0595314243772367,218.7556915283203,502.1941375732422
15,fig15_pitch_lagging_u6_f1p5_theta_p4_p16,CL,41,0.6672083082135697,0.7622426161464253,0.2157660219540996,0.5464765941923257,0.9780086381005249,221.43026733398438,507.10089111328125
15,fig15_pitch_lagging_u6_f1p5_theta_p4_p16,CL,42,0.6834818061982172,0.6840950265241026,0.20847638769091908,0.4756186388331835,0.8925714142150216,224.10484313964844,512.1692504882812
15,fig15_pitch_lagging_u6_f1p5_theta_p4_p16,CL,43,0.6997552113405261,0.6043311256641071,0.2003769509124446,0.4039541747516625,0.8047080765765516,226.77940368652344,517.3424377441406
15,fig15_pitch_lagging_u6_f1p5_theta_p4_p16,CL,44,0.7160287093251737,0.5238317679003321,0.19220081581323048,0.3316309520871017,0.7160325837135626,229.4539794921875,522.5633239746094
15,fig15_pitch_lagging_u6_f1p5_theta_p4_p16,CL,45,0.7323022073098213,0.443493335447557,0.18476060815964082,0.2587327272879162,0.6282539436071978,232.12855529785156,527.7737731933594
15,fig15_pitch_lagging_u6_f1p5_theta_p4_p16,CL,46,0.7485757052944689,0.3641929183049145,0.1788628366740544,0.18533008163086012,0.543055754978969,234.80313110351562,532.9169006347656
15,fig15_pitch_lagging_u6_f1p5_theta_p4_p16,CL,47,0.7648492032791164,0.2868038421367777,0.1751728475253414,0.11163099461143627,0.4619766896621191,237.4777069091797,537.9360656738281
15,fig15_pitch_lagging_u6_f1p5_theta_p4_p16,CL,48,0.7811226084214252,0.21215943655069158,0.17404495872280823,0.03811447782788335,0.3862043952734998,240.1522674560547,542.7772216796875
15,fig15_pitch_lagging_u6_f1p5_theta_p4_p16,CL,49,0.7973939710322807,0.1410662102690351,0.17543964475147253,-0.03437343448243743,0.31650585502050765,242.8264923095703,547.3880615234375
15,fig15_pitch_lagging_u6_f1p5_theta_p4_p16,CL,50,0.8136674690169283,0.0742737364509386,0.17889718622874148,-0.10462344977780288,0.2531709226796801,245.50106811523438,551.719970703125
15,fig15_pitch_lagging_u6_f1p5_theta_p4_p16,CL,51,0.8299407813168984,0.012489710031324708,0.1836468356124585,-0.1711571255811338,0.19613654564378322,248.1756134033203,555.72705078125
15,fig15_pitch_lagging_u6_f1p5_theta_p4_p16,CL,52,0.846214279301546,-0.04366098941960872,0.18877480063957844,-0.23243579005918716,0.14511381121996972,250.85018920898438,559.3687744140625
15,fig15_pitch_lagging_u6_f1p5_theta_p4_p16,CL,53,0.8624877772861936,-0.09361794656443279,0.19332917515760867,-0.28694712172204145,0.09971122859317588,253.52476501464844,562.6087951660156
15,fig15_pitch_lagging_u6_f1p5_theta_p4_p16,CL,54,0.8787612752708412,-0.13689038625878291,0.19645404355044252,-0.3333444298092254,0.059563657291659605,256.1993408203125,565.415283203125
15,fig15_pitch_lagging_u6_f1p5_theta_p4_p16,CL,55,0.89503468041315,-0.17308070064361003,0.19741112566323035,-0.3704918263068404,0.024330425019620322,258.8739013671875,567.762451171875
15,fig15_pitch_lagging_u6_f1p5_theta_p4_p16,CL,56,0.9113082712401365,-0.20187644993381532,0.1956216550265872,-0.3974981049604025,-0.006254794907228106,261.5484924316406,569.6300354003906
15,fig15_pitch_lagging_u6_f1p5_theta_p4_p16,CL,57,0.9275816763824453,-0.223051774043785,0.1906555563941571,-0.4137073304379421,-0.03239621764962791,264.2230529785156,571.0033874511719
15,fig15_pitch_lagging_u6_f1p5_theta_p4_p16,CL,58,0.9438552672094317,-0.23647492125691122,0.18225497283486441,-0.41872989409177563,-0.054219948422046804,266.89764404296875,571.8739624023438
15,fig15_pitch_lagging_u6_f1p5_theta_p4_p16,CL,59,0.9601286723517405,-0.24212001177171738,0.17031497351726782,-0.4124349852889852,-0.07180503825444956,269.57220458984375,572.2400817871094
15,fig15_pitch_lagging_u6_f1p5_theta_p4_p16,CL,60,0.9764020774940493,-0.24002892381241103,0.1548943761719959,-0.3949232999844069,-0.08513454764041514,272.24676513671875,572.1044616699219
15,fig15_pitch_lagging_u6_f1p5_theta_p4_p16,CL,61,0.9926756683210357,-0.2303531718530913,0.13622374630311254,-0.36657691815620386,-0.09412942554997875,274.9213562011719,571.4769287109375
15,fig15_pitch_lagging_u6_f1p5_theta_p4_p16,CD,0,0.0,-0.09589896868414086,0.02389409303986532,-0.11979306172400618,-0.07200487564427553,325.78350830078125,557.9271850585938
15,fig15_pitch_lagging_u6_f1p5_theta_p4_p16,CD,1,0.01627081802059488,-0.09535227473273991,0.020276689726018943,-0.11562896445875885,-0.07507558500672097,328.38616943359375,557.6507873535156
15,fig15_pitch_lagging_u6_f1p5_theta_p4_p16,CD,2,0.03254297439308727,-0.0938559739310089,0.017083506914595637,-0.11093948084560454,-0.07677246701641327,330.9885559082031,556.894287109375
15,fig15_pitch_lagging_u6_f1p5_theta_p4_p16,CD,3,0.04881703896333663,-0.09142557918007513,0.014536493778533601,-0.10596207295860872,-0.07688908540154153,333.59124755859375,555.66552734375
15,fig15_pitch_lagging_u6_f1p5_theta_p4_p16,CD,4,0.06509148517313738,-0.08808734772503732,0.01286810238881053,-0.10095545011384785,-0.07521924533622679,336.1940002441406,553.977783203125
15,fig15_pitch_lagging_u6_f1p5_theta_p4_p16,CD,5,0.08136325990607839,-0.08387779826310182,0.012209618970920192,-0.09608741723402202,-0.07166817929218162,338.79632568359375,551.8495178222656
15,fig15_pitch_lagging_u6_f1p5_theta_p4_p16,CD,6,0.09763751529610344,-0.07884425419692936,0.012450099119134979,-0.09129435331606434,-0.06639415507779439,341.3990478515625,549.3046569824219
15,fig15_pitch_lagging_u6_f1p5_theta_p4_p16,CD,7,0.1139117706861285,-0.07304248953679866,0.013272282878882371,-0.08631477241568103,-0.05977020665791629,344.00177001953125,546.3713989257812
15,fig15_pitch_lagging_u6_f1p5_theta_p4_p16,CD,8,0.1301837362388452,-0.06653847938361304,0.0143309629289675,-0.08086944231258054,-0.05220751645464554,346.6041259765625,543.0830993652344
15,fig15_pitch_lagging_u6_f1p5_theta_p4_p16,CD,9,0.14645799162887024,-0.05940465751695527,0.01536924079780348,-0.07477389831475875,-0.04403541671915179,349.20684814453125,539.4763793945312
15,fig15_pitch_lagging_u6_f1p5_theta_p4_p16,CD,10,0.1627320561991196,-0.05172100290178129,0.016226373856199558,-0.06794737675798085,-0.03549462904558173,351.8095397949219,535.5916748046875
15,fig15_pitch_lagging_u6_f1p5_theta_p4_p16,CD,11,0.1790040217518363,-0.043574013543209555,0.01681200096412623,-0.060386014507335786,-0.026762012579083325,354.4118957519531,531.4727172851562
15,fig15_pitch_lagging_u6_f1p5_theta_p4_p16,CD,12,0.19527827714186136,-0.03505399021978657,0.017084955590187294,-0.052138945809973865,-0.017969034629599277,357.0146179199219,527.1651611328125
15,fig15_pitch_lagging_u6_f1p5_theta_p4_p16,CD,13,0.2115525325318864,-0.026255881544248738,0.017036847488247738,-0.04329272903249648,-0.009219034056001,359.6173400878906,522.7170104980469
15,fig15_pitch_lagging_u6_f1p5_theta_p4_p16,CD,14,0.2278243072648274,-0.017277352396066842,0.01668590582616923,-0.03396325822223607,-0.0005914465698976107,362.21966552734375,518.1776428222656
15,fig15_pitch_lagging_u6_f1p5_theta_p4_p16,CD,15,0.24409856265485247,-0.008217154161405366,0.016070399784164666,-0.024287553945570032,0.0078532456227593,364.8223876953125,513.5969848632812
15,fig15_pitch_lagging_u6_f1p5_theta_p4_p16,CD,16,0.26037281804487755,0.0008251167128093817,0.015249725061491914,-0.014424608348682533,0.016074841774301296,367.42510986328125,509.025390625
15,fig15_pitch_lagging_u6_f1p5_theta_p4_p16,CD,17,0.27664478359759426,0.009751553901174687,0.014303619177175004,-0.004552065276000317,0.02405517307834969,370.0274658203125,504.5123596191406
15,fig15_pitch_lagging_u6_f1p5_theta_p4_p16,CD,18,0.2929188481678436,0.018465156500532598,0.013331316409242327,0.005133840091290271,0.03179647290977493,372.6301574707031,500.10693359375
15,fig15_pitch_lagging_u6_f1p5_theta_p4_p16,CD,19,0.30919310355786866,0.026872605658187387,0.012450823456930805,0.014421782201256582,0.03932342911511819,375.2328796386719,495.8562927246094
15,fig15_pitch_lagging_u6_f1p5_theta_p4_p16,CD,20,0.32546506911058537,0.0348835402341095,0.011786122806292945,0.023097417427816555,0.046669663040402445,377.8352355957031,491.8061218261719
15,fig15_pitch_lagging_u6_f1p5_theta_p4_p16,CD,21,0.3417391336808347,0.042413816321016956,0.011444657897043185,0.03096915842397377,0.05385847421806014,380.43792724609375,487.99896240234375
15,fig15_pitch_lagging_u6_f1p5_theta_p4_p16,CD,22,0.3580133890708598,0.049385054533252926,0.011480723883127104,0.03790433065012582,0.06086577841638003,383.0406494140625,484.4744415283203
15,fig15_pitch_lagging_u6_f1p5_theta_p4_p16,CD,23,0.3742853546235765,0.055724368380112216,0.011872500088445396,0.04385186829166682,0.06759686846855761,385.64300537109375,481.2694091796875
15,fig15_pitch_lagging_u6_f1p5_theta_p4_p16,CD,24,0.3905596100136015,0.061367593605181125,0.01253318670046471,0.04883440690471642,0.07390078030564584,388.2457275390625,478.4163055419922
15,fig15_pitch_lagging_u6_f1p5_theta_p4_p16,CD,25,0.40683386540362654,0.06625793005297015,0.013344052682152297,0.052913877370817854,0.07960198273512245,390.84844970703125,475.94384765625
15,fig15_pitch_lagging_u6_f1p5_theta_p4_p16,CD,26,0.42310583095634324,0.07034796377859409,0.014187725129842578,0.05616023864875151,0.08453568890843667,393.4508056640625,473.8760070800781
15,fig15_pitch_lagging_u6_f1p5_theta_p4_p16,CD,27,0.4393798955265926,0.07359689041955464,0.014965090488473134,0.0586317999310815,0.08856198090802778,396.0534973144531,472.23341369628906
15,fig15_pitch_lagging_u6_f1p5_theta_p4_p16,CD,28,0.45565415091661765,0.07597555537956974,0.015600274373931015,0.06037528100563872,0.09157582975350076,398.6562194824219,471.0308074951172
15,fig15_pitch_lagging_u6_f1p5_theta_p4_p16,CD,29,0.4719259256495587,0.07746349611590722,0.016038710005597208,0.06142478611031001,0.09350220612150442,401.258544921875,470.2785339355469
15,fig15_pitch_lagging_u6_f1p5_theta_p4_p16,CD,30,0.48820018103958374,0.07804882141641897,0.01624641386855079,0.061802407547868185,0.09429523528496976,403.86126708984375,469.98260498046875
15,fig15_pitch_lagging_u6_f1p5_theta_p4_p16,CD,31,0.5044744364296088,0.07773026368996225,0.01620775233869849,0.061522511351263756,0.09393801602866074,406.4639892578125,470.14366149902344
15,fig15_pitch_lagging_u6_f1p5_theta_p4_p16,CD,32,0.5207464019823255,0.07651524739894433,0.015923510115319114,0.06059173728362521,0.09243875751426345,409.06634521484375,470.75794982910156
15,fig15_pitch_lagging_u6_f1p5_theta_p4_p16,CD,33,0.5370206573723505,0.07442049267415218,0.015413304680382997,0.05900718799376919,0.08983379735453519,411.6690673828125,471.8170166015625
15,fig15_pitch_lagging_u6_f1p5_theta_p4_p16,CD,34,0.5532949127623756,0.07147219639920163,0.01471287003181764,0.05675932636738399,0.08618506643101927,414.27178955078125,473.3076171875
15,fig15_pitch_lagging_u6_f1p5_theta_p4_p16,CD,35,0.5695666874953166,0.0677032555823198,0.013879791024391339,0.053823464557928455,0.08158304660671113,416.8741149902344,475.21311950683594
15,fig15_pitch_lagging_u6_f1p5_theta_p4_p16,CD,36,0.5858409428853416,0.06315553091195725,0.012992386682277961,0.05016314422967928,0.07614791759423521,419.4768371582031,477.5123596191406
15,fig15_pitch_lagging_u6_f1p5_theta_p4_p16,CD,37,0.6021151982753667,0.05787924314195805,0.012153452611002053,0.045725790530956004,0.0700326957529601,422.0795593261719,480.17994689941406
15,fig15_pitch_lagging_u6_f1p5_theta_p4_p16,CD,38,0.6183869730083077,0.051929532487029556,0.011482896896514588,0.040446635590514965,0.06341242938354415,424.681884765625,483.18800354003906
15,fig15_pitch_lagging_u6_f1p5_theta_p4_p16,CD,39,0.6346612283983327,0.04536938615466729,0.01110135196256236,0.03426803419210493,0.05647073811722965,427.28460693359375,486.5046844482422
15,fig15_pitch_lagging_u6_f1p5_theta_p4_p16,CD,40,0.6509354837883579,0.038265473402828876,0.011095889248352161,0.027169584154476713,0.04936136265118104,429.8873291015625,490.0962829589844
15,fig15_pitch_lagging_u6_f1p5_theta_p4_p16,CD,41,0.6672074493410746,0.0306911334333419,0.011482202739460252,0.019208930693881646,0.04217333617280215,432.48968505859375,493.92572021484375
15,fig15_pitch_lagging_u6_f1p5_theta_p4_p16,CD,42,0.6834817047310996,0.022722059545870338,0.012199025530656212,0.010523034015214126,0.034921085076526553,435.0924072265625,497.95472717285156
15,fig15_pitch_lagging_u6_f1p5_theta_p4_p16,CD,43,0.6997559601211246,0.014438170343887169,0.013135956469559305,0.0013022138743278636,0.027574126813446474,437.69512939453125,502.1428985595703
15,fig15_pitch_lagging_u6_f1p5_theta_p4_p16,CD,44,0.7160277348540657,0.0059213461790624256,0.014170974818314062,-0.008249628639251636,0.020092320997376487,440.2974548339844,506.44883728027344
15,fig15_pitch_lagging_u6_f1p5_theta_p4_p16,CD,45,0.7323019902440907,-0.0027452046443081912,0.015190993338546888,-0.01793619798285508,0.012445788694238697,442.9001770019531,510.8304748535156
15,fig15_pitch_lagging_u6_f1p5_theta_p4_p16,CD,46,0.7485760548143401,-0.011476976050044801,0.01610426257611961,-0.027581238626164413,0.00462728652607481,445.50286865234375,515.2450866699219
15,fig15_pitch_lagging_u6_f1p5_theta_p4_p16,CD,47,0.7648480203670568,-0.020189552504191993,0.01683789604032707,-0.03702744854451906,-0.0033516564638649236,448.105224609375,519.6499938964844
15,fig15_pitch_lagging_u6_f1p5_theta_p4_p16,CD,48,0.7811222757570818,-0.028799936967644477,0.017337508034999206,-0.04613744500264368,-0.01146242893264527,450.70794677734375,524.0032348632812
15,fig15_pitch_lagging_u6_f1p5_theta_p4_p16,CD,49,0.7973965311471068,-0.03722531348574598,0.01756531227178701,-0.05479062575753299,-0.019660001213958972,453.3106689453125,528.262939453125
15,fig15_pitch_lagging_u6_f1p5_theta_p4_p16,CD,50,0.8136684966998236,-0.04538564273205754,0.017498975001985793,-0.06288461773404333,-0.02788666773007175,455.91302490234375,532.3886413574219
15,fig15_pitch_lagging_u6_f1p5_theta_p4_p16,CD,51,0.8299427520898486,-0.05320498996098323,0.017131615016535193,-0.07033660497751842,-0.03607337494444804,458.5157470703125,536.3419494628906
15,fig15_pitch_lagging_u6_f1p5_theta_p4_p16,CD,52,0.846216816660098,-0.06060947271734862,0.01647204509195111,-0.07708151780929973,-0.04413742762539751,461.1184387207031,540.0855102539062
15,fig15_pitch_lagging_u6_f1p5_theta_p4_p16,CD,53,0.8624887822128147,-0.06753003746461815,0.015545617051087519,-0.08307565451570567,-0.05198442041353063,463.7207946777344,543.5844116210938
15,fig15_pitch_lagging_u6_f1p5_theta_p4_p16,CD,54,0.878762846783064,-0.07390251994637806,0.014398386705462458,-0.08830090665184051,-0.0595041332409156,466.323486328125,546.8062133789062
15,fig15_pitch_lagging_u6_f1p5_theta_p4_p16,CD,55,0.8950371021730891,-0.07966710193298959,0.013102486027243768,-0.09276958796023337,-0.06656461590574582,468.92620849609375,549.7206726074219
15,fig15_pitch_lagging_u6_f1p5_theta_p4_p16,CD,56,0.9113090677258058,-0.08477138965722122,0.011763547611656317,-0.09653493726887755,-0.0730078420455649,471.528564453125,552.3013000488281
15,fig15_pitch_lagging_u6_f1p5_theta_p4_p16,CD,57,0.9275833231158308,-0.08916824080086116,0.01053651938552424,-0.09970476018638541,-0.07863172141533692,474.13128662109375,554.5242614746094
15,fig15_pitch_lagging_u6_f1p5_theta_p4_p16,CD,58,0.9438575785058559,-0.09281733389327501,0.009625060992441087,-0.1024423948857161,-0.08319227290083392,476.7340087890625,556.3691711425781
15,fig15_pitch_lagging_u6_f1p5_theta_p4_p16,CD,59,0.9601295440585726,-0.09568504758843974,0.009249310760855483,-0.10493435834929522,-0.08643573682758425,479.33636474609375,557.8190307617188
15,fig15_pitch_lagging_u6_f1p5_theta_p4_p16,CD,60,0.9764037994485977,-0.09774554717163753,0.009535786359105326,-0.10728133353074285,-0.0882097608125322,481.9390869140625,558.8607788085938
15,fig15_pitch_lagging_u6_f1p5_theta_p4_p16,CD,61,0.9926778640188471,-0.09898024130610877,0.01042786871615009,-0.10940811002225886,-0.08855237258995868,484.5417785644531,559.4850158691406
