model,theta_max_deg,phase_offset_deg,phase,CT
v4b_legacy_025c,15.0,15.0,0.0,-0.3572760151163205
v5c0_corrected_v4b_075c,15.0,15.0,0.0,-0.355965578541128
v4b_legacy_025c,15.0,15.0,0.0078125,-0.33357702683483886
v5c0_corrected_v4b_075c,15.0,15.0,0.0078125,-0.3311321648963602
v4b_legacy_025c,15.0,15.0,0.015625,-0.33034373030390884
v5c0_corrected_v4b_075c,15.0,15.0,0.015625,-0.3273557038532969
v4b_legacy_025c,15.0,15.0,0.0234375,-0.2886680075751031
v5c0_corrected_v4b_075c,15.0,15.0,0.0234375,-0.28577818651570247
v4b_legacy_025c,15.0,15.0,0.03125,-0.24702755140302946
v5c0_corrected_v4b_075c,15.0,15.0,0.03125,-0.24380650366875842
v4b_legacy_025c,15.0,15.0,0.0390625,-0.21708937621803734
v5c0_corrected_v4b_075c,15.0,15.0,0.0390625,-0.2132930998659393
v4b_legacy_025c,15.0,15.0,0.046875,-0.15834570506072382
v5c0_corrected_v4b_075c,15.0,15.0,0.046875,-0.15393363049611966
v4b_legacy_025c,15.0,15.0,0.0546875,-0.09983282400174912
v5c0_corrected_v4b_075c,15.0,15.0,0.0546875,-0.09476924140068409
v4b_legacy_025c,15.0,15.0,0.0625,-0.069211750950638
v5c0_corrected_v4b_075c,15.0,15.0,0.0625,-0.06346740312965668
v4b_legacy_025c,15.0,15.0,0.0703125,-0.05222202166956807
v5c0_corrected_v4b_075c,15.0,15.0,0.0703125,-0.0457756622636871
v4b_legacy_025c,15.0,15.0,0.078125,-0.03993536995204056
v5c0_corrected_v4b_075c,15.0,15.0,0.078125,-0.03277519923395287
v4b_legacy_025c,15.0,15.0,0.0859375,-0.03327925192426277
v5c0_corrected_v4b_075c,15.0,15.0,0.0859375,-0.025404148431294446
v4b_legacy_025c,15.0,15.0,0.09375,-0.00969077844906341
v5c0_corrected_v4b_075c,15.0,15.0,0.09375,-0.0011112557510102143
v4b_legacy_025c,15.0,15.0,0.1015625,0.018372149556009736
v5c0_corrected_v4b_075c,15.0,15.0,0.1015625,0.027633316620220477
v4b_legacy_025c,15.0,15.0,0.109375,0.044455435922277194
v5c0_corrected_v4b_075c,15.0,15.0,0.109375,0.0543629539055407
v4b_legacy_025c,15.0,15.0,0.1171875,0.08074419250112964
v5c0_corrected_v4b_075c,15.0,15.0,0.1171875,0.09125038102773038
v4b_legacy_025c,15.0,15.0,0.125,0.1186963883749167
v5c0_corrected_v4b_075c,15.0,15.0,0.125,0.12974170291589807
v4b_legacy_025c,15.0,15.0,0.1328125,0.16409221310343175
v5c0_corrected_v4b_075c,15.0,15.0,0.1328125,0.17560614397237206
v4b_legacy_025c,15.0,15.0,0.140625,0.20232601696474253
v5c0_corrected_v4b_075c,15.0,15.0,0.140625,0.21422833445138983
v4b_legacy_025c,15.0,15.0,0.1484375,0.24587550153430113
v5c0_corrected_v4b_075c,15.0,15.0,0.1484375,0.25807780408596925
v4b_legacy_025c,15.0,15.0,0.15625,0.2858804576400003
v5c0_corrected_v4b_075c,15.0,15.0,0.15625,0.29828796948605
v4b_legacy_025c,15.0,15.0,0.1640625,0.325920396445263
v5c0_corrected_v4b_075c,15.0,15.0,0.1640625,0.33843395320517317
v4b_legacy_025c,15.0,15.0,0.171875,0.36579125243990823
v5c0_corrected_v4b_075c,15.0,15.0,0.171875,0.37830940812610725
v4b_legacy_025c,15.0,15.0,0.1796875,0.40499186444474733
v5c0_corrected_v4b_075c,15.0,15.0,0.1796875,0.4174130508491582
v4b_legacy_025c,15.0,15.0,0.1875,0.439687799588517
v5c0_corrected_v4b_075c,15.0,15.0,0.1875,0.4519124692343614
v4b_legacy_025c,15.0,15.0,0.1953125,0.4709388220121841
v5c0_corrected_v4b_075c,15.0,15.0,0.1953125,0.4828715085001237
v4b_legacy_025c,15.0,15.0,0.203125,0.499683033184375
v5c0_corrected_v4b_075c,15.0,15.0,0.203125,0.5112342676420993
v4b_legacy_025c,15.0,15.0,0.2109375,0.5254312014691175
v5c0_corrected_v4b_075c,15.0,15.0,0.2109375,0.5365192306467291
v4b_legacy_025c,15.0,15.0,0.21875,0.5469071179363842
v5c0_corrected_v4b_075c,15.0,15.0,0.21875,0.5574593779478858
v4b_legacy_025c,15.0,15.0,0.2265625,0.5648483711732848
v5c0_corrected_v4b_075c,15.0,15.0,0.2265625,0.5748026805997154
v4b_legacy_025c,15.0,15.0,0.234375,0.578172171738746
v5c0_corrected_v4b_075c,15.0,15.0,0.234375,0.5874776183870761
v4b_legacy_025c,15.0,15.0,0.2421875,0.5879458450777499
v5c0_corrected_v4b_075c,15.0,15.0,0.2421875,0.5965633517255083
v4b_legacy_025c,15.0,15.0,0.25,0.5898458748780256
v5c0_corrected_v4b_075c,15.0,15.0,0.25,0.5977484404238109
v4b_legacy_025c,15.0,15.0,0.2578125,0.5881449625985922
v5c0_corrected_v4b_075c,15.0,15.0,0.2578125,0.5953175857982779
v4b_legacy_025c,15.0,15.0,0.265625,0.5844516063504872
v5c0_corrected_v4b_075c,15.0,15.0,0.265625,0.5908909093951905
v4b_legacy_025c,15.0,15.0,0.2734375,0.5704589655492257
v5c0_corrected_v4b_075c,15.0,15.0,0.2734375,0.576172543824635
v4b_legacy_025c,15.0,15.0,0.28125,0.555363485401431
v5c0_corrected_v4b_075c,15.0,15.0,0.28125,0.5603690176017491
v4b_legacy_025c,15.0,15.0,0.2890625,0.5369780983501732
v5c0_corrected_v4b_075c,15.0,15.0,0.2890625,0.541302257503777
v4b_legacy_025c,15.0,15.0,0.296875,0.514708740719205
v5c0_corrected_v4b_075c,15.0,15.0,0.296875,0.5183859514756614
v4b_legacy_025c,15.0,15.0,0.3046875,0.4882047646518494
v5c0_corrected_v4b_075c,15.0,15.0,0.3046875,0.49127585529553225
v4b_legacy_025c,15.0,15.0,0.3125,0.45487560535515875
v5c0_corrected_v4b_075c,15.0,15.0,0.3125,0.45738640441377426
v4b_legacy_025c,15.0,15.0,0.3203125,0.4181772642198701
v5c0_corrected_v4b_075c,15.0,15.0,0.3203125,0.42017923513921074
v4b_legacy_025c,15.0,15.0,0.328125,0.3780842018367458
v5c0_corrected_v4b_075c,15.0,15.0,0.328125,0.37977085143505485
v4b_legacy_025c,15.0,15.0,0.3359375,0.3368071032559534
v5c0_corrected_v4b_075c,15.0,15.0,0.3359375,0.3382477576746788
v4b_legacy_025c,15.0,15.0,0.34375,0.294585200000436
v5c0_corrected_v4b_075c,15.0,15.0,0.34375,0.29569877491706764
v4b_legacy_025c,15.0,15.0,0.3515625,0.2500317269845452
v5c0_corrected_v4b_075c,15.0,15.0,0.3515625,0.2507032651654364
v4b_legacy_025c,15.0,15.0,0.359375,0.20287870921784498
v5c0_corrected_v4b_075c,15.0,15.0,0.359375,0.20311773427641266
v4b_legacy_025c,15.0,15.0,0.3671875,0.15298336784136887
v5c0_corrected_v4b_075c,15.0,15.0,0.3671875,0.1529913932605642
v4b_legacy_025c,15.0,15.0,0.375,0.10280380107986009
v5c0_corrected_v4b_075c,15.0,15.0,0.375,0.10269079464704874
v4b_legacy_025c,15.0,15.0,0.3828125,0.052578820299604485
v5c0_corrected_v4b_075c,15.0,15.0,0.3828125,0.052366783902598496
v4b_legacy_025c,15.0,15.0,0.390625,0.0015977786609032581
v5c0_corrected_v4b_075c,15.0,15.0,0.390625,0.001307279620492346
v4b_legacy_025c,15.0,15.0,0.3984375,-0.06317961839931123
v5c0_corrected_v4b_075c,15.0,15.0,0.3984375,-0.06352708730575929
v4b_legacy_025c,15.0,15.0,0.40625,-0.13586636079397643
v5c0_corrected_v4b_075c,15.0,15.0,0.40625,-0.13624845374009018
v4b_legacy_025c,15.0,15.0,0.4140625,-0.159340956352209
v5c0_corrected_v4b_075c,15.0,15.0,0.4140625,-0.1597345628825044
v4b_legacy_025c,15.0,15.0,0.421875,-0.19719942151372824
v5c0_corrected_v4b_075c,15.0,15.0,0.421875,-0.19758077725938275
v4b_legacy_025c,15.0,15.0,0.4296875,-0.22533464931701613
v5c0_corrected_v4b_075c,15.0,15.0,0.4296875,-0.225679474921228
v4b_legacy_025c,15.0,15.0,0.4375,-0.23754021349755536
v5c0_corrected_v4b_075c,15.0,15.0,0.4375,-0.23782388670784285
v4b_legacy_025c,15.0,15.0,0.4453125,-0.2747483709233494
v5c0_corrected_v4b_075c,15.0,15.0,0.4453125,-0.27494613523398664
v4b_legacy_025c,15.0,15.0,0.453125,-0.27516137884199793
v5c0_corrected_v4b_075c,15.0,15.0,0.453125,-0.27524858991171924
v4b_legacy_025c,15.0,15.0,0.4609375,-0.29666836485126397
v5c0_corrected_v4b_075c,15.0,15.0,0.4609375,-0.2966207732922699
v4b_legacy_025c,15.0,15.0,0.46875,-0.3346540679875323
v5c0_corrected_v4b_075c,15.0,15.0,0.46875,-0.33444813421639324
v4b_legacy_025c,15.0,15.0,0.4765625,-0.3423524512418096
v5c0_corrected_v4b_075c,15.0,15.0,0.4765625,-0.34196568516513826
v4b_legacy_025c,15.0,15.0,0.484375,-0.350626174262362
v5c0_corrected_v4b_075c,15.0,15.0,0.484375,-0.3500374899442133
v4b_legacy_025c,15.0,15.0,0.4921875,-0.36376316987646656
v5c0_corrected_v4b_075c,15.0,15.0,0.4921875,-0.36295324330136397
v4b_legacy_025c,15.0,15.0,0.5,-0.3454626077262365
v5c0_corrected_v4b_075c,15.0,15.0,0.5,-0.34413666663215225
v4b_legacy_025c,15.0,15.0,0.5078125,-0.3519298927704306
v5c0_corrected_v4b_075c,15.0,15.0,0.5078125,-0.34942066128394894
v4b_legacy_025c,15.0,15.0,0.515625,-0.3234362470207295
v5c0_corrected_v4b_075c,15.0,15.0,0.515625,-0.32037172914109324
v4b_legacy_025c,15.0,15.0,0.5234375,-0.2902424768950307
v5c0_corrected_v4b_075c,15.0,15.0,0.5234375,-0.28729847853216833
v4b_legacy_025c,15.0,15.0,0.53125,-0.23971151034975702
v5c0_corrected_v4b_075c,15.0,15.0,0.53125,-0.2364357174432705
v4b_legacy_025c,15.0,15.0,0.5390625,-0.18662403730293112
v5c0_corrected_v4b_075c,15.0,15.0,0.5390625,-0.18276073630462722
v4b_legacy_025c,15.0,15.0,0.546875,-0.1442456259100727
v5c0_corrected_v4b_075c,15.0,15.0,0.546875,-0.13975291428412265
v4b_legacy_025c,15.0,15.0,0.5546875,-0.09334921056520298
v5c0_corrected_v4b_075c,15.0,15.0,0.5546875,-0.08819012696697223
v4b_legacy_025c,15.0,15.0,0.5625,-0.07107100049153622
v5c0_corrected_v4b_075c,15.0,15.0,0.5625,-0.06521516051161413
v4b_legacy_025c,15.0,15.0,0.5703125,-0.05608590605481917
v5c0_corrected_v4b_075c,15.0,15.0,0.5703125,-0.04951110129330681
v4b_legacy_025c,15.0,15.0,0.578125,-0.040372753017585666
v5c0_corrected_v4b_075c,15.0,15.0,0.578125,-0.03306642389629078
v4b_legacy_025c,15.0,15.0,0.5859375,-0.0238978424271932
v5c0_corrected_v4b_075c,15.0,15.0,0.5859375,-0.015858341355505838
v4b_legacy_025c,15.0,15.0,0.59375,-0.013438196274392435
v5c0_corrected_v4b_075c,15.0,15.0,0.59375,-0.004675769363298044
v4b_legacy_025c,15.0,15.0,0.6015625,0.010603592656172308
v5c0_corrected_v4b_075c,15.0,15.0,0.6015625,0.020066161733365645
v4b_legacy_025c,15.0,15.0,0.609375,0.040751695953755794
v5c0_corrected_v4b_075c,15.0,15.0,0.609375,0.05087881867191884
v4b_legacy_025c,15.0,15.0,0.6171875,0.078124216655891
v5c0_corrected_v4b_075c,15.0,15.0,0.6171875,0.0888676290629305
v4b_legacy_025c,15.0,15.0,0.625,0.11690921302261394
v5c0_corrected_v4b_075c,15.0,15.0,0.625,0.12820850370442297
v4b_legacy_025c,15.0,15.0,0.6328125,0.16620527300374882
v5c0_corrected_v4b_075c,15.0,15.0,0.6328125,0.17798879424473388
v4b_legacy_025c,15.0,15.0,0.640625,0.20778759524744317
v5c0_corrected_v4b_075c,15.0,15.0,0.640625,0.2199737266688054
v4b_legacy_025c,15.0,15.0,0.6484375,0.24493458071171842
v5c0_corrected_v4b_075c,15.0,15.0,0.6484375,0.2574333015409172
v4b_legacy_025c,15.0,15.0,0.65625,0.291429766912613
v5c0_corrected_v4b_075c,15.0,15.0,0.65625,0.3041444824395185
v4b_legacy_025c,15.0,15.0,0.6640625,0.3303684863086125
v5c0_corrected_v4b_075c,15.0,15.0,0.6640625,0.3431980461769558
v4b_legacy_025c,15.0,15.0,0.671875,0.3684534165206871
v5c0_corrected_v4b_075c,15.0,15.0,0.671875,0.3812942573477827
v4b_legacy_025c,15.0,15.0,0.6796875,0.40604189705545396
v5c0_corrected_v4b_075c,15.0,15.0,0.6796875,0.4187902394461194
v4b_legacy_025c,15.0,15.0,0.6875,0.4403868461732662
v5c0_corrected_v4b_075c,15.0,15.0,0.6875,0.45294087639984504
v4b_legacy_025c,15.0,15.0,0.6953125,0.47345682609632456
v5c0_corrected_v4b_075c,15.0,15.0,0.6953125,0.48571879539348756
v4b_legacy_025c,15.0,15.0,0.703125,0.5023822534150038
v5c0_corrected_v4b_075c,15.0,15.0,0.703125,0.5142604327613297
v4b_legacy_025c,15.0,15.0,0.7109375,0.5278110491867009
v5c0_corrected_v4b_075c,15.0,15.0,0.7109375,0.5392214843340545
v4b_legacy_025c,15.0,15.0,0.71875,0.54859323025907
v5c0_corrected_v4b_075c,15.0,15.0,0.71875,0.5594612502956399
v4b_legacy_025c,15.0,15.0,0.7265625,0.566371125946033
v5c0_corrected_v4b_075c,15.0,15.0,0.7265625,0.5766325684705886
v4b_legacy_025c,15.0,15.0,0.734375,0.5782045510798405
v5c0_corrected_v4b_075c,15.0,15.0,0.734375,0.5878066777277378
v4b_legacy_025c,15.0,15.0,0.7421875,0.5874881036383233
v5c0_corrected_v4b_075c,15.0,15.0,0.7421875,0.5963901908261697
v4b_legacy_025c,15.0,15.0,0.75,0.5918659173636358
v5c0_corrected_v4b_075c,15.0,15.0,0.75,0.6000395183043677
v4b_legacy_025c,15.0,15.0,0.7578125,0.5917546650549531
v5c0_corrected_v4b_075c,15.0,15.0,0.7578125,0.5991835499515124
v4b_legacy_025c,15.0,15.0,0.765625,0.5889715676654986
v5c0_corrected_v4b_075c,15.0,15.0,0.765625,0.5956513591643832
v4b_legacy_025c,15.0,15.0,0.7734375,0.5728440811100207
v5c0_corrected_v4b_075c,15.0,15.0,0.7734375,0.5787816112745265
v4b_legacy_025c,15.0,15.0,0.78125,0.5589264040252416
v5c0_corrected_v4b_075c,15.0,15.0,0.78125,0.5641388270133589
v4b_legacy_025c,15.0,15.0,0.7890625,0.5401983195090917
v5c0_corrected_v4b_075c,15.0,15.0,0.7890625,0.5447120206115524
v4b_legacy_025c,15.0,15.0,0.796875,0.5170713977945762
v5c0_corrected_v4b_075c,15.0,15.0,0.796875,0.5209207443620867
v4b_legacy_025c,15.0,15.0,0.8046875,0.4892171899939187
v5c0_corrected_v4b_075c,15.0,15.0,0.8046875,0.4924431729731951
v4b_legacy_025c,15.0,15.0,0.8125,0.4556977884826245
v5c0_corrected_v4b_075c,15.0,15.0,0.8125,0.4583466047530609
v4b_legacy_025c,15.0,15.0,0.8203125,0.4197135569085465
v5c0_corrected_v4b_075c,15.0,15.0,0.8203125,0.4218374924512872
v4b_legacy_025c,15.0,15.0,0.828125,0.3803356728159786
v5c0_corrected_v4b_075c,15.0,15.0,0.828125,0.38215096266313114
v4b_legacy_025c,15.0,15.0,0.8359375,0.3388372479973068
v5c0_corrected_v4b_075c,15.0,15.0,0.8359375,0.3404276388959882
v4b_legacy_025c,15.0,15.0,0.84375,0.2961691320953039
v5c0_corrected_v4b_075c,15.0,15.0,0.84375,0.2974435016753794
v4b_legacy_025c,15.0,15.0,0.8515625,0.2525469287170937
v5c0_corrected_v4b_075c,15.0,15.0,0.8515625,0.2533540503539556
v4b_legacy_025c,15.0,15.0,0.859375,0.2065513720724003
v5c0_corrected_v4b_075c,15.0,15.0,0.859375,0.2068548113316829
v4b_legacy_025c,15.0,15.0,0.8671875,0.15784614528839552
v5c0_corrected_v4b_075c,15.0,15.0,0.8671875,0.15786514907838395
v4b_legacy_025c,15.0,15.0,0.875,0.10750050089388154
v5c0_corrected_v4b_075c,15.0,15.0,0.875,0.10738749446107013
v4b_legacy_025c,15.0,15.0,0.8828125,0.061578889081741
v5c0_corrected_v4b_075c,15.0,15.0,0.8828125,0.061366852684734935
v4b_legacy_025c,15.0,15.0,0.890625,0.012762011074256853
v5c0_corrected_v4b_075c,15.0,15.0,0.890625,0.012471512033845994
v4b_legacy_025c,15.0,15.0,0.8984375,-0.049705286527894035
v5c0_corrected_v4b_075c,15.0,15.0,0.8984375,-0.05005275543434201
v4b_legacy_025c,15.0,15.0,0.90625,-0.13543181440379262
v5c0_corrected_v4b_075c,15.0,15.0,0.90625,-0.13581390734990637
v4b_legacy_025c,15.0,15.0,0.9140625,-0.1875403283467741
v5c0_corrected_v4b_075c,15.0,15.0,0.9140625,-0.1879339348770695
v4b_legacy_025c,15.0,15.0,0.921875,-0.21360518891665253
v5c0_corrected_v4b_075c,15.0,15.0,0.921875,-0.2139865446623071
v4b_legacy_025c,15.0,15.0,0.9296875,-0.2513883873533531
v5c0_corrected_v4b_075c,15.0,15.0,0.9296875,-0.2517332129575649
v4b_legacy_025c,15.0,15.0,0.9375,-0.2760728084406281
v5c0_corrected_v4b_075c,15.0,15.0,0.9375,-0.2763564816509156
v4b_legacy_025c,15.0,15.0,0.9453125,-0.2883573536340033
v5c0_corrected_v4b_075c,15.0,15.0,0.9453125,-0.2885551179446406
v4b_legacy_025c,15.0,15.0,0.953125,-0.31928159982233356
v5c0_corrected_v4b_075c,15.0,15.0,0.953125,-0.3193688108920551
v4b_legacy_025c,15.0,15.0,0.9609375,-0.33549392344549706
v5c0_corrected_v4b_075c,15.0,15.0,0.9609375,-0.33544633188650297
v4b_legacy_025c,15.0,15.0,0.96875,-0.3223859815085108
v5c0_corrected_v4b_075c,15.0,15.0,0.96875,-0.32218004773737174
v4b_legacy_025c,15.0,15.0,0.9765625,-0.35285704596205586
v5c0_corrected_v4b_075c,15.0,15.0,0.9765625,-0.3524702798853846
v4b_legacy_025c,15.0,15.0,0.984375,-0.3393330591495982
v5c0_corrected_v4b_075c,15.0,15.0,0.984375,-0.33874437483144954
v4b_legacy_025c,15.0,15.0,0.9921875,-0.34579996597811496
v5c0_corrected_v4b_075c,15.0,15.0,0.9921875,-0.34499003940301215
v4b_legacy_025c,15.0,30.0,0.0,-0.2843385249392175
v5c0_corrected_v4b_075c,15.0,30.0,0.0,-0.2820450444039884
v4b_legacy_025c,15.0,30.0,0.0078125,-0.256511371758273
v5c0_corrected_v4b_075c,15.0,30.0,0.0078125,-0.25297749978590917
v4b_legacy_025c,15.0,30.0,0.015625,-0.2321330475724506
v5c0_corrected_v4b_075c,15.0,30.0,0.015625,-0.22749720018067582
v4b_legacy_025c,15.0,30.0,0.0234375,-0.20034980936330204
v5c0_corrected_v4b_075c,15.0,30.0,0.0234375,-0.19541476758666565
v4b_legacy_025c,15.0,30.0,0.03125,-0.15498157624748302
v5c0_corrected_v4b_075c,15.0,30.0,0.03125,-0.1500242937839374
v4b_legacy_025c,15.0,30.0,0.0390625,-0.10928633062742393
v5c0_corrected_v4b_075c,15.0,30.0,0.0390625,-0.10425803215799953
v4b_legacy_025c,15.0,30.0,0.046875,-0.06585291663659525
v5c0_corrected_v4b_075c,15.0,30.0,0.046875,-0.060336965350636734
v4b_legacy_025c,15.0,30.0,0.0546875,-0.023863474359027595
v5c0_corrected_v4b_075c,15.0,30.0,0.0546875,-0.017767171032776467
v4b_legacy_025c,15.0,30.0,0.0625,0.011701553329474701
v5c0_corrected_v4b_075c,15.0,30.0,0.0625,0.018384605723738897
v4b_legacy_025c,15.0,30.0,0.0703125,0.03828476677459834
v5c0_corrected_v4b_075c,15.0,30.0,0.0703125,0.04555230777044801
v4b_legacy_025c,15.0,30.0,0.078125,0.0602856369802024
v5c0_corrected_v4b_075c,15.0,30.0,0.078125,0.06812591149769201
v4b_legacy_025c,15.0,30.0,0.0859375,0.08452081242904251
v5c0_corrected_v4b_075c,15.0,30.0,0.0859375,0.09291200266698828
v4b_legacy_025c,15.0,30.0,0.09375,0.10237071405137814
v5c0_corrected_v4b_075c,15.0,30.0,0.09375,0.11128068169712664
v4b_legacy_025c,15.0,30.0,0.1015625,0.12870637589710585
v5c0_corrected_v4b_075c,15.0,30.0,0.1015625,0.13809273916243042
v4b_legacy_025c,15.0,30.0,0.109375,0.15959487792018906
v5c0_corrected_v4b_075c,15.0,30.0,0.109375,0.1694054305445376
v4b_legacy_025c,15.0,30.0,0.1171875,0.19550975332155845
v5c0_corrected_v4b_075c,15.0,30.0,0.1171875,0.20568321591111907
v4b_legacy_025c,15.0,30.0,0.125,0.23481872418232896
v5c0_corrected_v4b_075c,15.0,30.0,0.125,0.2452858029905511
v4b_legacy_025c,15.0,30.0,0.1328125,0.27322107365630566
v5c0_corrected_v4b_075c,15.0,30.0,0.1328125,0.2839057888195987
v4b_legacy_025c,15.0,30.0,0.140625,0.3124215551974927
v5c0_corrected_v4b_075c,15.0,30.0,0.140625,0.3232427899470059
v4b_legacy_025c,15.0,30.0,0.1484375,0.3502870606221401
v5c0_corrected_v4b_075c,15.0,30.0,0.1484375,0.3611602753279511
v4b_legacy_025c,15.0,30.0,0.15625,0.3860686377442161
v5c0_corrected_v4b_075c,15.0,30.0,0.15625,0.39690768787782654
v4b_legacy_025c,15.0,30.0,0.1640625,0.419835854090408
v5c0_corrected_v4b_075c,15.0,30.0,0.1640625,0.4305548492503026
v4b_legacy_025c,15.0,30.0,0.171875,0.45098971013221617
v5c0_corrected_v4b_075c,15.0,30.0,0.171875,0.4615048519969613
v4b_legacy_025c,15.0,30.0,0.1796875,0.4799189266419882
v5c0_corrected_v4b_075c,15.0,30.0,0.1796875,0.49015026684604585
v4b_legacy_025c,15.0,30.0,0.1875,0.5053177541834133
v5c0_corrected_v4b_075c,15.0,30.0,0.1875,0.5151908183395867
v4b_legacy_025c,15.0,30.0,0.1953125,0.5273138729702005
v5c0_corrected_v4b_075c,15.0,30.0,0.1953125,0.5367611040296403
v4b_legacy_025c,15.0,30.0,0.203125,0.5464193493706032
v5c0_corrected_v4b_075c,15.0,30.0,0.203125,0.5553813318252221
v4b_legacy_025c,15.0,30.0,0.2109375,0.5587452803515784
v5c0_corrected_v4b_075c,15.0,30.0,0.2109375,0.5671717160365514
v4b_legacy_025c,15.0,30.0,0.21875,0.570333550681088
v5c0_corrected_v4b_075c,15.0,30.0,0.21875,0.5781839667171456
v4b_legacy_025c,15.0,30.0,0.2265625,0.5775477887445263
v5c0_corrected_v4b_075c,15.0,30.0,0.2265625,0.5847919680740676
v4b_legacy_025c,15.0,30.0,0.234375,0.5802295903152725
v5c0_corrected_v4b_075c,15.0,30.0,0.234375,0.5868477249624209
v4b_legacy_025c,15.0,30.0,0.2421875,0.5819740443788717
v5c0_corrected_v4b_075c,15.0,30.0,0.2421875,0.587956620669456
v4b_legacy_025c,15.0,30.0,0.25,0.573332015574696
v5c0_corrected_v4b_075c,15.0,30.0,0.25,0.5786794488039897
v4b_legacy_025c,15.0,30.0,0.2578125,0.5667013780311236
v5c0_corrected_v4b_075c,15.0,30.0,0.2578125,0.5714234212364263
v4b_legacy_025c,15.0,30.0,0.265625,0.5504737387221564
v5c0_corrected_v4b_075c,15.0,30.0,0.265625,0.5545886961344051
v4b_legacy_025c,15.0,30.0,0.2734375,0.5305715166806851
v5c0_corrected_v4b_075c,15.0,30.0,0.2734375,0.5341052969841008
v4b_legacy_025c,15.0,30.0,0.28125,0.5082602901591156
v5c0_corrected_v4b_075c,15.0,30.0,0.28125,0.5112453378268468
v4b_legacy_025c,15.0,30.0,0.2890625,0.4858042456822695
v5c0_corrected_v4b_075c,15.0,30.0,0.2890625,0.4882783903764073
v4b_legacy_025c,15.0,30.0,0.296875,0.46075507629440315
v5c0_corrected_v4b_075c,15.0,30.0,0.296875,0.4627603406604932
v4b_legacy_025c,15.0,30.0,0.3046875,0.43227596970388454
v5c0_corrected_v4b_075c,15.0,30.0,0.3046875,0.4339699191206944
v4b_legacy_025c,15.0,30.0,0.3125,0.3998670495486884
v5c0_corrected_v4b_075c,15.0,30.0,0.3125,0.40140846220091675
v4b_legacy_025c,15.0,30.0,0.3203125,0.36543743638524145
v5c0_corrected_v4b_075c,15.0,30.0,0.3203125,0.3668180038131273
v4b_legacy_025c,15.0,30.0,0.328125,0.33022547334597746
v5c0_corrected_v4b_075c,15.0,30.0,0.328125,0.33134390979566086
v4b_legacy_025c,15.0,30.0,0.3359375,0.2940494273399889
v5c0_corrected_v4b_075c,15.0,30.0,0.3359375,0.2946725426367583
v4b_legacy_025c,15.0,30.0,0.34375,0.25880784396440076
v5c0_corrected_v4b_075c,15.0,30.0,0.34375,0.258978563318738
v4b_legacy_025c,15.0,30.0,0.3515625,0.21560384320071097
v5c0_corrected_v4b_075c,15.0,30.0,0.3515625,0.21555028254258837
v4b_legacy_025c,15.0,30.0,0.359375,0.18177719705554438
v5c0_corrected_v4b_075c,15.0,30.0,0.359375,0.18165172166223442
v4b_legacy_025c,15.0,30.0,0.3671875,0.1360940439837809
v5c0_corrected_v4b_075c,15.0,30.0,0.3671875,0.13592650961898445
v4b_legacy_025c,15.0,30.0,0.375,0.08974429941145771
v5c0_corrected_v4b_075c,15.0,30.0,0.375,0.08955279942730926
v4b_legacy_025c,15.0,30.0,0.3828125,0.03393066813843403
v5c0_corrected_v4b_075c,15.0,30.0,0.3828125,0.03373368981509448
v4b_legacy_025c,15.0,30.0,0.390625,-0.014207453601063366
v5c0_corrected_v4b_075c,15.0,30.0,0.390625,-0.014391077418126617
v4b_legacy_025c,15.0,30.0,0.3984375,-0.06400871103150166
v5c0_corrected_v4b_075c,15.0,30.0,0.3984375,-0.06415986016754269
v4b_legacy_025c,15.0,30.0,0.40625,-0.14333084587802947
v5c0_corrected_v4b_075c,15.0,30.0,0.40625,-0.14343018662318954
v4b_legacy_025c,15.0,30.0,0.4140625,-0.18184743054353927
v5c0_corrected_v4b_075c,15.0,30.0,0.4140625,-0.18187551053166112
v4b_legacy_025c,15.0,30.0,0.421875,-0.21416808717253763
v5c0_corrected_v4b_075c,15.0,30.0,0.421875,-0.21410545626480587
v4b_legacy_025c,15.0,30.0,0.4296875,-0.24581510850675958
v5c0_corrected_v4b_075c,15.0,30.0,0.4296875,-0.24564246949940213
v4b_legacy_025c,15.0,30.0,0.4375,-0.2564419726575791
v5c0_corrected_v4b_075c,15.0,30.0,0.4375,-0.2561403640297021
v4b_legacy_025c,15.0,30.0,0.4453125,-0.280293527848435
v5c0_corrected_v4b_075c,15.0,30.0,0.4453125,-0.2798445387059661
v4b_legacy_025c,15.0,30.0,0.453125,-0.2857777418451492
v5c0_corrected_v4b_075c,15.0,30.0,0.453125,-0.2851637568075136
v4b_legacy_025c,15.0,30.0,0.4609375,-0.3123864830836885
v5c0_corrected_v4b_075c,15.0,30.0,0.4609375,-0.31159095227249445
v4b_legacy_025c,15.0,30.0,0.46875,-0.32002559561406
v5c0_corrected_v4b_075c,15.0,30.0,0.46875,-0.3190333223622994
v4b_legacy_025c,15.0,30.0,0.4765625,-0.3141063888214557
v5c0_corrected_v4b_075c,15.0,30.0,0.4765625,-0.3129038254824905
v4b_legacy_025c,15.0,30.0,0.484375,-0.3092560377530386
v5c0_corrected_v4b_075c,15.0,30.0,0.484375,-0.3078315783026242
v4b_legacy_025c,15.0,30.0,0.4921875,-0.29785713875777436
v5c0_corrected_v4b_075c,15.0,30.0,0.4921875,-0.2962011538767601
v4b_legacy_025c,15.0,30.0,0.5,-0.2704594854725126
v5c0_corrected_v4b_075c,15.0,30.0,0.5,-0.26814267547950343
v4b_legacy_025c,15.0,30.0,0.5078125,-0.2640806328505951
v5c0_corrected_v4b_075c,15.0,30.0,0.5078125,-0.26046904304864577
v4b_legacy_025c,15.0,30.0,0.515625,-0.22159854850791855
v5c0_corrected_v4b_075c,15.0,30.0,0.515625,-0.21684269494387548
v4b_legacy_025c,15.0,30.0,0.5234375,-0.19270128436532477
v5c0_corrected_v4b_075c,15.0,30.0,0.5234375,-0.18764805324027733
v4b_legacy_025c,15.0,30.0,0.53125,-0.14528427137147595
v5c0_corrected_v4b_075c,15.0,30.0,0.53125,-0.14022363808735086
v4b_legacy_025c,15.0,30.0,0.5390625,-0.09746059145993345
v5c0_corrected_v4b_075c,15.0,30.0,0.5390625,-0.09233986523804079
v4b_legacy_025c,15.0,30.0,0.546875,-0.05464396568810893
v5c0_corrected_v4b_075c,15.0,30.0,0.546875,-0.04902585372518789
v4b_legacy_025c,15.0,30.0,0.5546875,-0.008859918998899333
v5c0_corrected_v4b_075c,15.0,30.0,0.5546875,-0.002647225269409575
v4b_legacy_025c,15.0,30.0,0.5625,0.030737902976413895
v5c0_corrected_v4b_075c,15.0,30.0,0.5625,0.03755215114247379
v4b_legacy_025c,15.0,30.0,0.5703125,0.05558484428655783
v5c0_corrected_v4b_075c,15.0,30.0,0.5703125,0.06299876650156172
v4b_legacy_025c,15.0,30.0,0.578125,0.06782406603731907
v5c0_corrected_v4b_075c,15.0,30.0,0.578125,0.07582606934269243
v4b_legacy_025c,15.0,30.0,0.5859375,0.0840399090842525
v5c0_corrected_v4b_075c,15.0,30.0,0.5859375,0.09260810392219815
v4b_legacy_025c,15.0,30.0,0.59375,0.10591201652434784
v5c0_corrected_v4b_075c,15.0,30.0,0.59375,0.11501394998656907
v4b_legacy_025c,15.0,30.0,0.6015625,0.13142635463797173
v5c0_corrected_v4b_075c,15.0,30.0,0.6015625,0.14101908562855534
v4b_legacy_025c,15.0,30.0,0.609375,0.16269260681037
v5c0_corrected_v4b_075c,15.0,30.0,0.609375,0.17272313008157425
v4b_legacy_025c,15.0,30.0,0.6171875,0.19960368945531648
v5c0_corrected_v4b_075c,15.0,30.0,0.6171875,0.21000969844698403
v4b_legacy_025c,15.0,30.0,0.625,0.23636764805907126
v5c0_corrected_v4b_075c,15.0,30.0,0.625,0.24707861101210674
v4b_legacy_025c,15.0,30.0,0.6328125,0.27388400850790157
v5c0_corrected_v4b_075c,15.0,30.0,0.6328125,0.2848225190878504
v4b_legacy_025c,15.0,30.0,0.640625,0.3120635465935837
v5c0_corrected_v4b_075c,15.0,30.0,0.640625,0.323146899674328
v4b_legacy_025c,15.0,30.0,0.6484375,0.3516283224751569
v5c0_corrected_v4b_075c,15.0,30.0,0.6484375,0.36277025801732765
v4b_legacy_025c,15.0,30.0,0.65625,0.3878921808956608
v5c0_corrected_v4b_075c,15.0,30.0,0.65625,0.39900473406843423
v4b_legacy_025c,15.0,30.0,0.6640625,0.42172720525111
v5c0_corrected_v4b_075c,15.0,30.0,0.6640625,0.4327225990182747
v4b_legacy_025c,15.0,30.0,0.671875,0.4528165439485246
v5c0_corrected_v4b_075c,15.0,30.0,0.671875,0.46360906109600014
v4b_legacy_025c,15.0,30.0,0.6796875,0.48105599765439505
v5c0_corrected_v4b_075c,15.0,30.0,0.6796875,0.49156377242210747
v4b_legacy_025c,15.0,30.0,0.6875,0.5075655559075833
v5c0_corrected_v4b_075c,15.0,30.0,0.6875,0.5177122306868059
v4b_legacy_025c,15.0,30.0,0.6953125,0.5312025578605386
v5c0_corrected_v4b_075c,15.0,30.0,0.6953125,0.5409187574653181
v4b_legacy_025c,15.0,30.0,0.703125,0.5470093107425581
v5c0_corrected_v4b_075c,15.0,30.0,0.703125,0.5562338951663465
v4b_legacy_025c,15.0,30.0,0.7109375,0.5645957087394408
v5c0_corrected_v4b_075c,15.0,30.0,0.7109375,0.5732767746548413
v4b_legacy_025c,15.0,30.0,0.71875,0.5726818748632919
v5c0_corrected_v4b_075c,15.0,30.0,0.71875,0.5807774860017815
v4b_legacy_025c,15.0,30.0,0.7265625,0.5789397052293049
v5c0_corrected_v4b_075c,15.0,30.0,0.7265625,0.5864183417896406
v4b_legacy_025c,15.0,30.0,0.734375,0.581548879955953
v5c0_corrected_v4b_075c,15.0,30.0,0.734375,0.5883896069620885
v4b_legacy_025c,15.0,30.0,0.7421875,0.5807483177845527
v5c0_corrected_v4b_075c,15.0,30.0,0.7421875,0.5869406815122875
v4b_legacy_025c,15.0,30.0,0.75,0.5774244627142057
v5c0_corrected_v4b_075c,15.0,30.0,0.75,0.5829681326449389
v4b_legacy_025c,15.0,30.0,0.7578125,0.5724587450038541
v5c0_corrected_v4b_075c,15.0,30.0,0.7578125,0.5773629260137133
v4b_legacy_025c,15.0,30.0,0.765625,0.5478243677518809
v5c0_corrected_v4b_075c,15.0,30.0,0.765625,0.5521070132344813
v4b_legacy_025c,15.0,30.0,0.7734375,0.5311057310865612
v5c0_corrected_v4b_075c,15.0,30.0,0.7734375,0.5347925923268632
v4b_legacy_025c,15.0,30.0,0.78125,0.5110804214209513
v5c0_corrected_v4b_075c,15.0,30.0,0.78125,0.5142039717323467
v4b_legacy_025c,15.0,30.0,0.7890625,0.48827605304675065
v5c0_corrected_v4b_075c,15.0,30.0,0.7890625,0.49087432695105726
v4b_legacy_025c,15.0,30.0,0.796875,0.4604269815717099
v5c0_corrected_v4b_075c,15.0,30.0,0.796875,0.4625423696827745
v4b_legacy_025c,15.0,30.0,0.8046875,0.43023210614354634
v5c0_corrected_v4b_075c,15.0,30.0,0.8046875,0.43203414864762524
v4b_legacy_025c,15.0,30.0,0.8125,0.3983551242972179
v5c0_corrected_v4b_075c,15.0,30.0,0.8125,0.40001924717423104
v4b_legacy_025c,15.0,30.0,0.8203125,0.36455348237238977
v5c0_corrected_v4b_075c,15.0,30.0,0.8203125,0.3660734142194363
v4b_legacy_025c,15.0,30.0,0.828125,0.32892387710944365
v5c0_corrected_v4b_075c,15.0,30.0,0.828125,0.330186679903654
v4b_legacy_025c,15.0,30.0,0.8359375,0.29396318151640977
v5c0_corrected_v4b_075c,15.0,30.0,0.8359375,0.2946892679913615
v4b_legacy_025c,15.0,30.0,0.84375,0.2582339793638425
v5c0_corrected_v4b_075c,15.0,30.0,0.84375,0.25844680557404287
v4b_legacy_025c,15.0,30.0,0.8515625,0.22092863221391681
v5c0_corrected_v4b_075c,15.0,30.0,0.8515625,0.22087989086973617
v4b_legacy_025c,15.0,30.0,0.859375,0.18083106885936925
v5c0_corrected_v4b_075c,15.0,30.0,0.859375,0.18070559346605908
v4b_legacy_025c,15.0,30.0,0.8671875,0.13416451173650115
v5c0_corrected_v4b_075c,15.0,30.0,0.8671875,0.13399697737170474
v4b_legacy_025c,15.0,30.0,0.875,0.08316783431575737
v5c0_corrected_v4b_075c,15.0,30.0,0.875,0.08297633433160893
v4b_legacy_025c,15.0,30.0,0.8828125,0.034970042502181366
v5c0_corrected_v4b_075c,15.0,30.0,0.8828125,0.03477306417884186
v4b_legacy_025c,15.0,30.0,0.890625,-0.017465428392716715
v5c0_corrected_v4b_075c,15.0,30.0,0.890625,-0.01764905220977997
v4b_legacy_025c,15.0,30.0,0.8984375,-0.06945504911726896
v5c0_corrected_v4b_075c,15.0,30.0,0.8984375,-0.06960619825330996
v4b_legacy_025c,15.0,30.0,0.90625,-0.13674816402494097
v5c0_corrected_v4b_075c,15.0,30.0,0.90625,-0.136847504770101
v4b_legacy_025c,15.0,30.0,0.9140625,-0.16407936679515986
v5c0_corrected_v4b_075c,15.0,30.0,0.9140625,-0.16410744678328176
v4b_legacy_025c,15.0,30.0,0.921875,-0.20330730298136054
v5c0_corrected_v4b_075c,15.0,30.0,0.921875,-0.20324467207362895
v4b_legacy_025c,15.0,30.0,0.9296875,-0.2265730597963095
v5c0_corrected_v4b_075c,15.0,30.0,0.9296875,-0.226400420788952
v4b_legacy_025c,15.0,30.0,0.9375,-0.26472972169035736
v5c0_corrected_v4b_075c,15.0,30.0,0.9375,-0.26442811306248015
v4b_legacy_025c,15.0,30.0,0.9453125,-0.2731714587612714
v5c0_corrected_v4b_075c,15.0,30.0,0.9453125,-0.27272246961880253
v4b_legacy_025c,15.0,30.0,0.953125,-0.2727025419820708
v5c0_corrected_v4b_075c,15.0,30.0,0.953125,-0.27208855694443523
v4b_legacy_025c,15.0,30.0,0.9609375,-0.29596910677521066
v5c0_corrected_v4b_075c,15.0,30.0,0.9609375,-0.2951735759640166
v4b_legacy_025c,15.0,30.0,0.96875,-0.3000852025231281
v5c0_corrected_v4b_075c,15.0,30.0,0.96875,-0.2990929292713674
v4b_legacy_025c,15.0,30.0,0.9765625,-0.31760695322702803
v5c0_corrected_v4b_075c,15.0,30.0,0.9765625,-0.31640438988806285
v4b_legacy_025c,15.0,30.0,0.984375,-0.3287526857254578
v5c0_corrected_v4b_075c,15.0,30.0,0.984375,-0.32732822627504343
v4b_legacy_025c,15.0,30.0,0.9921875,-0.30268727492836534
v5c0_corrected_v4b_075c,15.0,30.0,0.9921875,-0.30103130267074496
v4b_legacy_025c,15.0,45.0,0.0,-0.17089627443936525
v5c0_corrected_v4b_075c,15.0,45.0,0.0,-0.16846863088911607
v4b_legacy_025c,15.0,45.0,0.0078125,-0.15041220230830754
v5c0_corrected_v4b_075c,15.0,45.0,0.0078125,-0.14714951711079305
v4b_legacy_025c,15.0,45.0,0.015625,-0.12570178373246454
v5c0_corrected_v4b_075c,15.0,45.0,0.015625,-0.12127945979164625
v4b_legacy_025c,15.0,45.0,0.0234375,-0.09963730621605436
v5c0_corrected_v4b_075c,15.0,45.0,0.0234375,-0.0942663271087008
v4b_legacy_025c,15.0,45.0,0.03125,-0.07293709820143163
v5c0_corrected_v4b_075c,15.0,45.0,0.03125,-0.06689382248074105
v4b_legacy_025c,15.0,45.0,0.0390625,-0.044990269929657455
v5c0_corrected_v4b_075c,15.0,45.0,0.0390625,-0.03851596035160591
v4b_legacy_025c,15.0,45.0,0.046875,-0.010164709871711131
v5c0_corrected_v4b_075c,15.0,45.0,0.046875,-0.003546819769112981
v4b_legacy_025c,15.0,45.0,0.0546875,0.028196087893581377
v5c0_corrected_v4b_075c,15.0,45.0,0.0546875,0.03479817444647917
v4b_legacy_025c,15.0,45.0,0.0625,0.06422431311127046
v5c0_corrected_v4b_075c,15.0,45.0,0.0625,0.07083988516807227
v4b_legacy_025c,15.0,45.0,0.0703125,0.10075756356741944
v5c0_corrected_v4b_075c,15.0,45.0,0.0703125,0.10763134558758392
v4b_legacy_025c,15.0,45.0,0.078125,0.1379039853999864
v5c0_corrected_v4b_075c,15.0,45.0,0.078125,0.14517112104941843
v4b_legacy_025c,15.0,45.0,0.0859375,0.16744336424985135
v5c0_corrected_v4b_075c,15.0,45.0,0.0859375,0.17507152137950793
v4b_legacy_025c,15.0,45.0,0.09375,0.19517630125079946
v5c0_corrected_v4b_075c,15.0,45.0,0.09375,0.2031254651795149
v4b_legacy_025c,15.0,45.0,0.1015625,0.22383474891219193
v5c0_corrected_v4b_075c,15.0,45.0,0.1015625,0.2320577086985324
v4b_legacy_025c,15.0,45.0,0.109375,0.25442910493183846
v5c0_corrected_v4b_075c,15.0,45.0,0.109375,0.2628722019629067
v4b_legacy_025c,15.0,45.0,0.1171875,0.2867352085382176
v5c0_corrected_v4b_075c,15.0,45.0,0.1171875,0.2953393213802395
v4b_legacy_025c,15.0,45.0,0.125,0.3200279938952108
v5c0_corrected_v4b_075c,15.0,45.0,0.125,0.32872972246017906
v4b_legacy_025c,15.0,45.0,0.1328125,0.35373387166660414
v5c0_corrected_v4b_075c,15.0,45.0,0.1328125,0.36246687548195244
v4b_legacy_025c,15.0,45.0,0.140625,0.38626021736080096
v5c0_corrected_v4b_075c,15.0,45.0,0.140625,0.3949566572727632
v4b_legacy_025c,15.0,45.0,0.1484375,0.4176062517126724
v5c0_corrected_v4b_075c,15.0,45.0,0.1484375,0.42619828170366736
v4b_legacy_025c,15.0,45.0,0.15625,0.44617836797329097
v5c0_corrected_v4b_075c,15.0,45.0,0.15625,0.4545996237724942
v4b_legacy_025c,15.0,45.0,0.1640625,0.47030347101959885
v5c0_corrected_v4b_075c,15.0,45.0,0.1640625,0.4784905045640238
v4b_legacy_025c,15.0,45.0,0.171875,0.4928404017287428
v5c0_corrected_v4b_075c,15.0,45.0,0.171875,0.5007340149414929
v4b_legacy_025c,15.0,45.0,0.1796875,0.5129129311710963
v5c0_corrected_v4b_075c,15.0,45.0,0.1796875,0.5204593685673123
v4b_legacy_025c,15.0,45.0,0.1875,0.5337501457244019
v5c0_corrected_v4b_075c,15.0,45.0,0.1875,0.5409021126138781
v4b_legacy_025c,15.0,45.0,0.1953125,0.5397449960517579
v5c0_corrected_v4b_075c,15.0,45.0,0.1953125,0.5464624771581854
v4b_legacy_025c,15.0,45.0,0.203125,0.5504612580766475
v5c0_corrected_v4b_075c,15.0,45.0,0.203125,0.5567121198306613
v4b_legacy_025c,15.0,45.0,0.2109375,0.5587732702701826
v5c0_corrected_v4b_075c,15.0,45.0,0.2109375,0.5645336384808621
v4b_legacy_025c,15.0,45.0,0.21875,0.5676456999865142
v5c0_corrected_v4b_075c,15.0,45.0,0.21875,0.5729001127198282
v4b_legacy_025c,15.0,45.0,0.2265625,0.5615692921210323
v5c0_corrected_v4b_075c,15.0,45.0,0.2265625,0.5663106351307652
v4b_legacy_025c,15.0,45.0,0.234375,0.5501348413323177
v5c0_corrected_v4b_075c,15.0,45.0,0.234375,0.5543640800725171
v4b_legacy_025c,15.0,45.0,0.2421875,0.5519663744393293
v5c0_corrected_v4b_075c,15.0,45.0,0.2421875,0.5556921023695951
v4b_legacy_025c,15.0,45.0,0.25,0.5455731676802412
v5c0_corrected_v4b_075c,15.0,45.0,0.25,0.548810995147227
v4b_legacy_025c,15.0,45.0,0.2578125,0.5362450652830129
v5c0_corrected_v4b_075c,15.0,45.0,0.2578125,0.539016876669933
v4b_legacy_025c,15.0,45.0,0.265625,0.4917638111650216
v5c0_corrected_v4b_075c,15.0,45.0,0.265625,0.49409692024236235
v4b_legacy_025c,15.0,45.0,0.2734375,0.4818151932826039
v5c0_corrected_v4b_075c,15.0,45.0,0.2734375,0.48375274877080937
v4b_legacy_025c,15.0,45.0,0.28125,0.45648072330497264
v5c0_corrected_v4b_075c,15.0,45.0,0.28125,0.4581968529589637
v4b_legacy_025c,15.0,45.0,0.2890625,0.4197998134744817
v5c0_corrected_v4b_075c,15.0,45.0,0.2890625,0.42142056220073976
v4b_legacy_025c,15.0,45.0,0.296875,0.3961996170846091
v5c0_corrected_v4b_075c,15.0,45.0,0.296875,0.3977571150825696
v4b_legacy_025c,15.0,45.0,0.3046875,0.3640251519561196
v5c0_corrected_v4b_075c,15.0,45.0,0.3046875,0.36547062832887095
v4b_legacy_025c,15.0,45.0,0.3125,0.3391560244435512
v5c0_corrected_v4b_075c,15.0,45.0,0.3125,0.34021628204642024
v4b_legacy_025c,15.0,45.0,0.3203125,0.30153468936095335
v5c0_corrected_v4b_075c,15.0,45.0,0.3203125,0.3020885255908569
v4b_legacy_025c,15.0,45.0,0.328125,0.28501909339286713
v5c0_corrected_v4b_075c,15.0,45.0,0.328125,0.2851513186825463
v4b_legacy_025c,15.0,45.0,0.3359375,0.25640665066461077
v5c0_corrected_v4b_075c,15.0,45.0,0.3359375,0.25634836756816703
v4b_legacy_025c,15.0,45.0,0.34375,0.2174730506420333
v5c0_corrected_v4b_075c,15.0,45.0,0.34375,0.2173913239211944
v4b_legacy_025c,15.0,45.0,0.3515625,0.20905074944661245
v5c0_corrected_v4b_075c,15.0,45.0,0.3515625,0.20896825861526358
v4b_legacy_025c,15.0,45.0,0.359375,0.17023808373343524
v5c0_corrected_v4b_075c,15.0,45.0,0.359375,0.17016895080380065
v4b_legacy_025c,15.0,45.0,0.3671875,0.14415690183868976
v5c0_corrected_v4b_075c,15.0,45.0,0.3671875,0.1441152647243372
v4b_legacy_025c,15.0,45.0,0.375,0.09990748621269967
v5c0_corrected_v4b_075c,15.0,45.0,0.375,0.09990748621269967
v4b_legacy_025c,15.0,45.0,0.3828125,0.04824822516932786
v5c0_corrected_v4b_075c,15.0,45.0,0.3828125,0.04830398932987521
v4b_legacy_025c,15.0,45.0,0.390625,0.005901014572340553
v5c0_corrected_v4b_075c,15.0,45.0,0.390625,0.00602662769030874
v4b_legacy_025c,15.0,45.0,0.3984375,-0.03426952653804929
v5c0_corrected_v4b_075c,15.0,45.0,0.3984375,-0.03406006550213428
v4b_legacy_025c,15.0,45.0,0.40625,-0.08496316914891461
v5c0_corrected_v4b_075c,15.0,45.0,0.40625,-0.0846560111439247
v4b_legacy_025c,15.0,45.0,0.4140625,-0.12709874459953294
v5c0_corrected_v4b_075c,15.0,45.0,0.4140625,-0.1266802792172631
v4b_legacy_025c,15.0,45.0,0.421875,-0.1806475739700339
v5c0_corrected_v4b_075c,15.0,45.0,0.421875,-0.1801045458791422
v4b_legacy_025c,15.0,45.0,0.4296875,-0.2137993417252284
v5c0_corrected_v4b_075c,15.0,45.0,0.4296875,-0.21311899629939532
v4b_legacy_025c,15.0,45.0,0.4375,-0.23274345928856727
v5c0_corrected_v4b_075c,15.0,45.0,0.4375,-0.231913717009001
v4b_legacy_025c,15.0,45.0,0.4453125,-0.2386423061393172
v5c0_corrected_v4b_075c,15.0,45.0,0.4453125,-0.23765196316425025
v4b_legacy_025c,15.0,45.0,0.453125,-0.2469578652430989
v5c0_corrected_v4b_075c,15.0,45.0,0.453125,-0.24579681522058408
v4b_legacy_025c,15.0,45.0,0.4609375,-0.24481646674522806
v5c0_corrected_v4b_075c,15.0,45.0,0.4609375,-0.2434759366895616
v4b_legacy_025c,15.0,45.0,0.46875,-0.24127580948435495
v5c0_corrected_v4b_075c,15.0,45.0,0.46875,-0.2397486005574618
v4b_legacy_025c,15.0,45.0,0.4765625,-0.2404589764044653
v5c0_corrected_v4b_075c,15.0,45.0,0.4765625,-0.23873969895978225
v4b_legacy_025c,15.0,45.0,0.484375,-0.20941548905244126
v5c0_corrected_v4b_075c,15.0,45.0,0.484375,-0.20750078049852344
v4b_legacy_025c,15.0,45.0,0.4921875,-0.1885557750808754
v5c0_corrected_v4b_075c,15.0,45.0,0.4921875,-0.18644448913195155
v4b_legacy_025c,15.0,45.0,0.5,-0.15682012877424004
v5c0_corrected_v4b_075c,15.0,45.0,0.5,-0.15438508169632445
v4b_legacy_025c,15.0,45.0,0.5078125,-0.14319495667847598
v5c0_corrected_v4b_075c,15.0,45.0,0.5078125,-0.13988785712447566
v4b_legacy_025c,15.0,45.0,0.515625,-0.1211302917370655
v5c0_corrected_v4b_075c,15.0,45.0,0.515625,-0.11661158009412574
v4b_legacy_025c,15.0,45.0,0.5234375,-0.09906582025817989
v5c0_corrected_v4b_075c,15.0,45.0,0.5234375,-0.09356146207970746
v4b_legacy_025c,15.0,45.0,0.53125,-0.0734773821992622
v5c0_corrected_v4b_075c,15.0,45.0,0.53125,-0.06727987327120297
v4b_legacy_025c,15.0,45.0,0.5390625,-0.04447764031458189
v5c0_corrected_v4b_075c,15.0,45.0,0.5390625,-0.03784060829724422
v4b_legacy_025c,15.0,45.0,0.546875,-0.007440353702179165
v5c0_corrected_v4b_075c,15.0,45.0,0.546875,-0.0006644206416819693
v4b_legacy_025c,15.0,45.0,0.5546875,0.023383162753497617
v5c0_corrected_v4b_075c,15.0,45.0,0.5546875,0.03013265623436907
v4b_legacy_025c,15.0,45.0,0.5625,0.05920983865790325
v5c0_corrected_v4b_075c,15.0,45.0,0.5625,0.06596528040292714
v4b_legacy_025c,15.0,45.0,0.5703125,0.09823168622133291
v5c0_corrected_v4b_075c,15.0,45.0,0.5703125,0.10525026113482991
v4b_legacy_025c,15.0,45.0,0.578125,0.13785877976155947
v5c0_corrected_v4b_075c,15.0,45.0,0.578125,0.1452826170043351
v4b_legacy_025c,15.0,45.0,0.5859375,0.16859670652373168
v5c0_corrected_v4b_075c,15.0,45.0,0.5859375,0.1763930168235966
v4b_legacy_025c,15.0,45.0,0.59375,0.1967535553465201
v5c0_corrected_v4b_075c,15.0,45.0,0.59375,0.2048816703506318
v4b_legacy_025c,15.0,45.0,0.6015625,0.225510953896577
v5c0_corrected_v4b_075c,15.0,45.0,0.6015625,0.23392282086556831
v4b_legacy_025c,15.0,45.0,0.609375,0.2560214865470522
v5c0_corrected_v4b_075c,15.0,45.0,0.609375,0.2646624307607769
v4b_legacy_025c,15.0,45.0,0.6171875,0.2881951713562569
v5c0_corrected_v4b_075c,15.0,45.0,0.6171875,0.29700489947677683
v4b_legacy_025c,15.0,45.0,0.625,0.3213526262754022
v5c0_corrected_v4b_075c,15.0,45.0,0.625,0.3302664329004423
v4b_legacy_025c,15.0,45.0,0.6328125,0.3548497049302586
v5c0_corrected_v4b_075c,15.0,45.0,0.6328125,0.36379983623452766
v4b_legacy_025c,15.0,45.0,0.640625,0.3879105055426027
v5c0_corrected_v4b_075c,15.0,45.0,0.640625,0.39682762842567443
v4b_legacy_025c,15.0,45.0,0.6484375,0.4175988061294123
v5c0_corrected_v4b_075c,15.0,45.0,0.6484375,0.4264135286542325
v4b_legacy_025c,15.0,45.0,0.65625,0.4476394259020844
v5c0_corrected_v4b_075c,15.0,45.0,0.65625,0.4562838148527918
v4b_legacy_025c,15.0,45.0,0.6640625,0.4742739533391445
v5c0_corrected_v4b_075c,15.0,45.0,0.6640625,0.4826829971735318
v4b_legacy_025c,15.0,45.0,0.671875,0.4958913847949058
v5c0_corrected_v4b_075c,15.0,45.0,0.671875,0.5040043547608547
v4b_legacy_025c,15.0,45.0,0.6796875,0.5190820009828114
v5c0_corrected_v4b_075c,15.0,45.0,0.6796875,0.5268436693071532
v4b_legacy_025c,15.0,45.0,0.6875,0.5286765734667792
v5c0_corrected_v4b_075c,15.0,45.0,0.6875,0.5360382548845798
v4b_legacy_025c,15.0,45.0,0.6953125,0.5423834887456942
v5c0_corrected_v4b_075c,15.0,45.0,0.6953125,0.5493038797920048
v4b_legacy_025c,15.0,45.0,0.703125,0.5529709247470148
v5c0_corrected_v4b_075c,15.0,45.0,0.703125,0.559416723772057
v4b_legacy_025c,15.0,45.0,0.7109375,0.5596146940970108
v5c0_corrected_v4b_075c,15.0,45.0,0.7109375,0.5655609935109858
v4b_legacy_025c,15.0,45.0,0.71875,0.5575463410735014
v5c0_corrected_v4b_075c,15.0,45.0,0.71875,0.5629767915426463
v4b_legacy_025c,15.0,45.0,0.7265625,0.552239266576997
v5c0_corrected_v4b_075c,15.0,45.0,0.7265625,0.5571460204933321
v4b_legacy_025c,15.0,45.0,0.734375,0.5469287858271251
v5c0_corrected_v4b_075c,15.0,45.0,0.734375,0.5513122341325641
v4b_legacy_025c,15.0,45.0,0.7421875,0.5481261206677837
v5c0_corrected_v4b_075c,15.0,45.0,0.7421875,0.5519944428603888
v4b_legacy_025c,15.0,45.0,0.75,0.5411772720365989
v5c0_corrected_v4b_075c,15.0,45.0,0.75,0.5445458238133769
v4b_legacy_025c,15.0,45.0,0.7578125,0.5412368844365528
v5c0_corrected_v4b_075c,15.0,45.0,0.7578125,0.5441274508798924
v4b_legacy_025c,15.0,45.0,0.765625,0.4972096330091166
v5c0_corrected_v4b_075c,15.0,45.0,0.765625,0.49964957749975614
v4b_legacy_025c,15.0,45.0,0.7734375,0.4729367115358312
v5c0_corrected_v4b_075c,15.0,45.0,0.7734375,0.4749701524861049
v4b_legacy_025c,15.0,45.0,0.78125,0.454481226572707
v5c0_corrected_v4b_075c,15.0,45.0,0.78125,0.45629298924313944
v4b_legacy_025c,15.0,45.0,0.7890625,0.42512695432411163
v5c0_corrected_v4b_075c,15.0,45.0,0.7890625,0.42685242477360447
v4b_legacy_025c,15.0,45.0,0.796875,0.3942790205857989
v5c0_corrected_v4b_075c,15.0,45.0,0.796875,0.3959539978086908
v4b_legacy_025c,15.0,45.0,0.8046875,0.36965802715442214
v5c0_corrected_v4b_075c,15.0,45.0,0.8046875,0.3712307614007753
v4b_legacy_025c,15.0,45.0,0.8125,0.33588857923663235
v5c0_corrected_v4b_075c,15.0,45.0,0.8125,0.3370574476418416
v4b_legacy_025c,15.0,45.0,0.8203125,0.30120348681636927
v5c0_corrected_v4b_075c,15.0,45.0,0.8203125,0.30182557725360576
v4b_legacy_025c,15.0,45.0,0.828125,0.28158213821839906
v5c0_corrected_v4b_075c,15.0,45.0,0.828125,0.2817391469819961
v4b_legacy_025c,15.0,45.0,0.8359375,0.2519247238569842
v5c0_corrected_v4b_075c,15.0,45.0,0.8359375,0.25186795473620927
v4b_legacy_025c,15.0,45.0,0.84375,0.22994142756914027
v5c0_corrected_v4b_075c,15.0,45.0,0.84375,0.22985970084830137
v4b_legacy_025c,15.0,45.0,0.8515625,0.2027479728510443
v5c0_corrected_v4b_075c,15.0,45.0,0.8515625,0.20266548201969545
v4b_legacy_025c,15.0,45.0,0.859375,0.17617187689302094
v5c0_corrected_v4b_075c,15.0,45.0,0.859375,0.1761027439633863
v4b_legacy_025c,15.0,45.0,0.8671875,0.13973284738712555
v5c0_corrected_v4b_075c,15.0,45.0,0.8671875,0.13969121027277298
v4b_legacy_025c,15.0,45.0,0.875,0.09505680777545752
v5c0_corrected_v4b_075c,15.0,45.0,0.875,0.09505680777545752
v4b_legacy_025c,15.0,45.0,0.8828125,0.041978430280031086
v5c0_corrected_v4b_075c,15.0,45.0,0.8828125,0.042034194440578376
v4b_legacy_025c,15.0,45.0,0.890625,-7.398210600734384e-06
v5c0_corrected_v4b_075c,15.0,45.0,0.890625,0.0001182149073674808
v4b_legacy_025c,15.0,45.0,0.8984375,-0.033542763358798244
v5c0_corrected_v4b_075c,15.0,45.0,0.8984375,-0.03333330232288325
v4b_legacy_025c,15.0,45.0,0.90625,-0.08872361184021521
v5c0_corrected_v4b_075c,15.0,45.0,0.90625,-0.08841645383522528
v4b_legacy_025c,15.0,45.0,0.9140625,-0.13070049443241125
v5c0_corrected_v4b_075c,15.0,45.0,0.9140625,-0.1302820290501414
v4b_legacy_025c,15.0,45.0,0.921875,-0.1750287594016961
v5c0_corrected_v4b_075c,15.0,45.0,0.921875,-0.17448573131080433
v4b_legacy_025c,15.0,45.0,0.9296875,-0.19394573105729587
v5c0_corrected_v4b_075c,15.0,45.0,0.9296875,-0.19326538563146264
v4b_legacy_025c,15.0,45.0,0.9375,-0.21709877251526172
v5c0_corrected_v4b_075c,15.0,45.0,0.9375,-0.21626903023569544
v4b_legacy_025c,15.0,45.0,0.9453125,-0.24142132669264738
v5c0_corrected_v4b_075c,15.0,45.0,0.9453125,-0.24043098371758054
v4b_legacy_025c,15.0,45.0,0.953125,-0.256585199202657
v5c0_corrected_v4b_075c,15.0,45.0,0.953125,-0.25542414918014206
v4b_legacy_025c,15.0,45.0,0.9609375,-0.24621612455672445
v5c0_corrected_v4b_075c,15.0,45.0,0.9609375,-0.24487559450105797
v4b_legacy_025c,15.0,45.0,0.96875,-0.25151326165807425
v5c0_corrected_v4b_075c,15.0,45.0,0.96875,-0.2499860527311812
v4b_legacy_025c,15.0,45.0,0.9765625,-0.24683687219965172
v5c0_corrected_v4b_075c,15.0,45.0,0.9765625,-0.24511759475496867
v4b_legacy_025c,15.0,45.0,0.984375,-0.23258924350039506
v5c0_corrected_v4b_075c,15.0,45.0,0.984375,-0.2306745349464772
v4b_legacy_025c,15.0,45.0,0.9921875,-0.22254544059295858
v5c0_corrected_v4b_075c,15.0,45.0,0.9921875,-0.22043415464403476
v4b_legacy_025c,15.0,60.0,0.0,-0.1261155398919485
v5c0_corrected_v4b_075c,15.0,60.0,0.0,-0.1239451441557775
v4b_legacy_025c,15.0,60.0,0.0078125,-0.10918297449788744
v5c0_corrected_v4b_075c,15.0,60.0,0.0078125,-0.10687079885015888
v4b_legacy_025c,15.0,60.0,0.015625,-0.089172005901329
v5c0_corrected_v4b_075c,15.0,60.0,0.015625,-0.08641937127153715
v4b_legacy_025c,15.0,60.0,0.0234375,-0.06621041254072413
v5c0_corrected_v4b_075c,15.0,60.0,0.0234375,-0.06267496152139235
v4b_legacy_025c,15.0,60.0,0.03125,-0.04040336620385275
v5c0_corrected_v4b_075c,15.0,60.0,0.03125,-0.035927178644274915
v4b_legacy_025c,15.0,60.0,0.0390625,-0.011796688618878011
v5c0_corrected_v4b_075c,15.0,60.0,0.0390625,-0.006524943695647653
v4b_legacy_025c,15.0,60.0,0.046875,0.01941792671932513
v5c0_corrected_v4b_075c,15.0,60.0,0.046875,0.02520637014820409
v4b_legacy_025c,15.0,60.0,0.0546875,0.05261135781490203
v5c0_corrected_v4b_075c,15.0,60.0,0.0546875,0.0589186613170954
v4b_legacy_025c,15.0,60.0,0.0625,0.0874133427188392
v5c0_corrected_v4b_075c,15.0,60.0,0.0625,0.0942020777046803
v4b_legacy_025c,15.0,60.0,0.0703125,0.12345987062756028
v5c0_corrected_v4b_075c,15.0,60.0,0.0703125,0.13050997328983266
v4b_legacy_025c,15.0,60.0,0.078125,0.16038418052609266
v5c0_corrected_v4b_075c,15.0,60.0,0.078125,0.16748790153646795
v4b_legacy_025c,15.0,60.0,0.0859375,0.19782118226715842
v5c0_corrected_v4b_075c,15.0,60.0,0.0859375,0.20482859166355383
v4b_legacy_025c,15.0,60.0,0.09375,0.23539462073022355
v5c0_corrected_v4b_075c,15.0,60.0,0.09375,0.24222277014529034
v4b_legacy_025c,15.0,60.0,0.1015625,0.2727287764299554
v5c0_corrected_v4b_075c,15.0,60.0,0.1015625,0.27935806128417173
v4b_legacy_025c,15.0,60.0,0.109375,0.29990202212812456
v5c0_corrected_v4b_075c,15.0,60.0,0.109375,0.30636211882072706
v4b_legacy_025c,15.0,60.0,0.1171875,0.3266760619696984
v5c0_corrected_v4b_075c,15.0,60.0,0.1171875,0.3330253288417413
v4b_legacy_025c,15.0,60.0,0.125,0.354891635933378
v5c0_corrected_v4b_075c,15.0,60.0,0.125,0.36119262683872516
v4b_legacy_025c,15.0,60.0,0.1328125,0.3836389667016286
v5c0_corrected_v4b_075c,15.0,60.0,0.1328125,0.38987854559776747
v4b_legacy_025c,15.0,60.0,0.140625,0.4122512923140696
v5c0_corrected_v4b_075c,15.0,60.0,0.140625,0.4183810782618243
v4b_legacy_025c,15.0,60.0,0.1484375,0.4396786687968413
v5c0_corrected_v4b_075c,15.0,60.0,0.1484375,0.4456518107467848
v4b_legacy_025c,15.0,60.0,0.15625,0.4675524311669721
v5c0_corrected_v4b_075c,15.0,60.0,0.15625,0.47332464400442525
v4b_legacy_025c,15.0,60.0,0.1640625,0.49077436406715447
v5c0_corrected_v4b_075c,15.0,60.0,0.1640625,0.4963048798792757
v4b_legacy_025c,15.0,60.0,0.171875,0.5117887470613586
v5c0_corrected_v4b_075c,15.0,60.0,0.171875,0.5170411522617249
v4b_legacy_025c,15.0,60.0,0.1796875,0.52645914612627
v5c0_corrected_v4b_075c,15.0,60.0,0.1796875,0.5314020811598619
v4b_legacy_025c,15.0,60.0,0.1875,0.5446407870938623
v5c0_corrected_v4b_075c,15.0,60.0,0.1875,0.5492484920031364
v4b_legacy_025c,15.0,60.0,0.1953125,0.5568171928715508
v5c0_corrected_v4b_075c,15.0,60.0,0.1953125,0.5610698886777113
v4b_legacy_025c,15.0,60.0,0.203125,0.5695400756818471
v5c0_corrected_v4b_075c,15.0,60.0,0.203125,0.5734241780154044
v4b_legacy_025c,15.0,60.0,0.2109375,0.5676651021349378
v5c0_corrected_v4b_075c,15.0,60.0,0.2109375,0.5711732695804601
v4b_legacy_025c,15.0,60.0,0.21875,0.5575734151906366
v5c0_corrected_v4b_075c,15.0,60.0,0.21875,0.560704440193979
v4b_legacy_025c,15.0,60.0,0.2265625,0.5668634622539732
v5c0_corrected_v4b_075c,15.0,60.0,0.2265625,0.5696220170356432
v4b_legacy_025c,15.0,60.0,0.234375,0.5464626626371388
v5c0_corrected_v4b_075c,15.0,60.0,0.234375,0.5488730435606597
v4b_legacy_025c,15.0,60.0,0.2421875,0.5497015557611339
v5c0_corrected_v4b_075c,15.0,60.0,0.2421875,0.5518442457090321
v4b_legacy_025c,15.0,60.0,0.25,0.5120142214610418
v5c0_corrected_v4b_075c,15.0,60.0,0.25,0.5139715069323634
v4b_legacy_025c,15.0,60.0,0.2578125,0.5240354213805174
v5c0_corrected_v4b_075c,15.0,60.0,0.2578125,0.5258769075624224
v4b_legacy_025c,15.0,60.0,0.265625,0.4992376512177259
v5c0_corrected_v4b_075c,15.0,60.0,0.265625,0.5010127060726796
v4b_legacy_025c,15.0,60.0,0.2734375,0.4958271925466693
v5c0_corrected_v4b_075c,15.0,60.0,0.2734375,0.4975603888702926
v4b_legacy_025c,15.0,60.0,0.28125,0.45247601445278335
v5c0_corrected_v4b_075c,15.0,60.0,0.28125,0.45408140946178266
v4b_legacy_025c,15.0,60.0,0.2890625,0.4219846867907453
v5c0_corrected_v4b_075c,15.0,60.0,0.2890625,0.4232305054054807
v4b_legacy_025c,15.0,60.0,0.296875,0.3889141221114421
v5c0_corrected_v4b_075c,15.0,60.0,0.296875,0.38971728768085634
v4b_legacy_025c,15.0,60.0,0.3046875,0.35443319798712497
v5c0_corrected_v4b_075c,15.0,60.0,0.3046875,0.3548326564065753
v4b_legacy_025c,15.0,60.0,0.3125,0.3442773015331855
v5c0_corrected_v4b_075c,15.0,60.0,0.3125,0.34438729329785267
v4b_legacy_025c,15.0,60.0,0.3203125,0.2870405167985875
v5c0_corrected_v4b_075c,15.0,60.0,0.3203125,0.28701854508320174
v4b_legacy_025c,15.0,60.0,0.328125,0.2778814153841509
v5c0_corrected_v4b_075c,15.0,60.0,0.328125,0.2778681927190934
v4b_legacy_025c,15.0,60.0,0.3359375,0.2474811932305913
v5c0_corrected_v4b_075c,15.0,60.0,0.3359375,0.2474893477477008
v4b_legacy_025c,15.0,60.0,0.34375,0.22982632949915552
v5c0_corrected_v4b_075c,15.0,60.0,0.34375,0.2298650305644734
v4b_legacy_025c,15.0,60.0,0.3515625,0.20028484356435958
v5c0_corrected_v4b_075c,15.0,60.0,0.3515625,0.20036307596163075
v4b_legacy_025c,15.0,60.0,0.359375,0.18083280074348596
v5c0_corrected_v4b_075c,15.0,60.0,0.359375,0.1809593953687374
v4b_legacy_025c,15.0,60.0,0.3671875,0.14183677330773262
v5c0_corrected_v4b_075c,15.0,60.0,0.3671875,0.14202043590843752
v4b_legacy_025c,15.0,60.0,0.375,0.11415421013861579
v5c0_corrected_v4b_075c,15.0,60.0,0.375,0.11440354316732618
v4b_legacy_025c,15.0,60.0,0.3828125,0.05660518270188365
v5c0_corrected_v4b_075c,15.0,60.0,0.3828125,0.05692869526135931
v4b_legacy_025c,15.0,60.0,0.390625,0.02523416501670127
v5c0_corrected_v4b_075c,15.0,60.0,0.390625,0.02564026602694386
v4b_legacy_025c,15.0,60.0,0.3984375,0.006497457817144343
v5c0_corrected_v4b_075c,15.0,60.0,0.3984375,0.006994427979068643
v4b_legacy_025c,15.0,60.0,0.40625,0.011258712112434758
v5c0_corrected_v4b_075c,15.0,60.0,0.40625,0.01185465101427842
v4b_legacy_025c,15.0,60.0,0.4140625,-0.020126581615603323
v5c0_corrected_v4b_075c,15.0,60.0,0.4140625,-0.019423835784753058
v4b_legacy_025c,15.0,60.0,0.421875,-0.07900734381299167
v5c0_corrected_v4b_075c,15.0,60.0,0.421875,-0.07819032301804499
v4b_legacy_025c,15.0,60.0,0.4296875,-0.10825315756570117
v5c0_corrected_v4b_075c,15.0,60.0,0.4296875,-0.10731490046069976
v4b_legacy_025c,15.0,60.0,0.4375,-0.12551081219343274
v5c0_corrected_v4b_075c,15.0,60.0,0.4375,-0.12444502576008623
v4b_legacy_025c,15.0,60.0,0.4453125,-0.12974984371431011
v5c0_corrected_v4b_075c,15.0,60.0,0.4453125,-0.12855108523345127
v4b_legacy_025c,15.0,60.0,0.453125,-0.14494596378149857
v5c0_corrected_v4b_075c,15.0,60.0,0.453125,-0.14360983632725485
v4b_legacy_025c,15.0,60.0,0.4609375,-0.15165539553418148
v5c0_corrected_v4b_075c,15.0,60.0,0.4609375,-0.15017874838019604
v4b_legacy_025c,15.0,60.0,0.46875,-0.15331084297811515
v5c0_corrected_v4b_075c,15.0,60.0,0.46875,-0.15169196693654718
v4b_legacy_025c,15.0,60.0,0.4765625,-0.15116165812315807
v5c0_corrected_v4b_075c,15.0,60.0,0.4765625,-0.1494004650749503
v4b_legacy_025c,15.0,60.0,0.484375,-0.14495841465519677
v5c0_corrected_v4b_075c,15.0,60.0,0.484375,-0.14305659050311367
v4b_legacy_025c,15.0,60.0,0.4921875,-0.1348966449272027
v5c0_corrected_v4b_075c,15.0,60.0,0.4921875,-0.1328577659703772
v4b_legacy_025c,15.0,60.0,0.5,-0.12208467812483624
v5c0_corrected_v4b_075c,15.0,60.0,0.5,-0.11991428238866522
v4b_legacy_025c,15.0,60.0,0.5078125,-0.1062504786856423
v5c0_corrected_v4b_075c,15.0,60.0,0.5078125,-0.10393712915562818
v4b_legacy_025c,15.0,60.0,0.515625,-0.08705295088806658
v5c0_corrected_v4b_075c,15.0,60.0,0.515625,-0.08427884731708589
v4b_legacy_025c,15.0,60.0,0.5234375,-0.06475835954158159
v5c0_corrected_v4b_075c,15.0,60.0,0.5234375,-0.06116211859725346
v4b_legacy_025c,15.0,60.0,0.53125,-0.039553925485679355
v5c0_corrected_v4b_075c,15.0,60.0,0.53125,-0.03497137717465371
v4b_legacy_025c,15.0,60.0,0.5390625,-0.011533778128569821
v5c0_corrected_v4b_075c,15.0,60.0,0.5390625,-0.006120762349650537
v4b_legacy_025c,15.0,60.0,0.546875,0.019104074568614987
v5c0_corrected_v4b_075c,15.0,60.0,0.546875,0.02505258893467922
v4b_legacy_025c,15.0,60.0,0.5546875,0.051750155092862016
v5c0_corrected_v4b_075c,15.0,60.0,0.5546875,0.05823638584927213
v4b_legacy_025c,15.0,60.0,0.5625,0.0860544502996019
v5c0_corrected_v4b_075c,15.0,60.0,0.5625,0.09303925618445504
v4b_legacy_025c,15.0,60.0,0.5703125,0.12166911322398544
v5c0_corrected_v4b_075c,15.0,60.0,0.5703125,0.12892227209421067
v4b_legacy_025c,15.0,60.0,0.578125,0.1582204724438518
v5c0_corrected_v4b_075c,15.0,60.0,0.578125,0.1655255111090607
v4b_legacy_025c,15.0,60.0,0.5859375,0.19533907445693502
v5c0_corrected_v4b_075c,15.0,60.0,0.5859375,0.20254058133254813
v4b_legacy_025c,15.0,60.0,0.59375,0.23264103023666716
v5c0_corrected_v4b_075c,15.0,60.0,0.59375,0.23965385858028787
v4b_legacy_025c,15.0,60.0,0.6015625,0.2697396019161878
v5c0_corrected_v4b_075c,15.0,60.0,0.6015625,0.2765447791295017
v4b_legacy_025c,15.0,60.0,0.609375,0.3005181738703518
v5c0_corrected_v4b_075c,15.0,60.0,0.609375,0.3071480376584423
v4b_legacy_025c,15.0,60.0,0.6171875,0.326664837429864
v5c0_corrected_v4b_075c,15.0,60.0,0.6171875,0.3331814622637186
v4b_legacy_025c,15.0,60.0,0.625,0.3542383205821292
v5c0_corrected_v4b_075c,15.0,60.0,0.625,0.36070797616125083
v4b_legacy_025c,15.0,60.0,0.6328125,0.38247135662847187
v5c0_corrected_v4b_075c,15.0,60.0,0.6328125,0.38888124114045003
v4b_legacy_025c,15.0,60.0,0.640625,0.4106538829794816
v5c0_corrected_v4b_075c,15.0,60.0,0.640625,0.4169543758547723
v4b_legacy_025c,15.0,60.0,0.6484375,0.4383329451284965
v5c0_corrected_v4b_075c,15.0,60.0,0.6484375,0.44447595461746936
v4b_legacy_025c,15.0,60.0,0.65625,0.46339154096745905
v5c0_corrected_v4b_075c,15.0,60.0,0.65625,0.46933156262238956
v4b_legacy_025c,15.0,60.0,0.6640625,0.48572783951645404
v5c0_corrected_v4b_075c,15.0,60.0,0.6640625,0.49142292849896896
v4b_legacy_025c,15.0,60.0,0.671875,0.5071685032815132
v5c0_corrected_v4b_075c,15.0,60.0,0.671875,0.5125811306802716
v4b_legacy_025c,15.0,60.0,0.6796875,0.5313443608809835
v5c0_corrected_v4b_075c,15.0,60.0,0.6796875,0.5364421304160158
v4b_legacy_025c,15.0,60.0,0.6875,0.5380202471363292
v5c0_corrected_v4b_075c,15.0,60.0,0.6875,0.5427764552852082
v4b_legacy_025c,15.0,60.0,0.6953125,0.5547568389203812
v5c0_corrected_v4b_075c,15.0,60.0,0.6953125,0.559150868269382
v4b_legacy_025c,15.0,60.0,0.703125,0.560581286164733
v5c0_corrected_v4b_075c,15.0,60.0,0.703125,0.5645988283538513
v4b_legacy_025c,15.0,60.0,0.7109375,0.5583645312940956
v5c0_corrected_v4b_075c,15.0,60.0,0.7109375,0.56199764203097
v4b_legacy_025c,15.0,60.0,0.71875,0.559610153260635
v5c0_corrected_v4b_075c,15.0,60.0,0.71875,0.5628571473258502
v4b_legacy_025c,15.0,60.0,0.7265625,0.5586404172799224
v5c0_corrected_v4b_075c,15.0,60.0,0.7265625,0.5615056160939861
v4b_legacy_025c,15.0,60.0,0.734375,0.548235086446686
v5c0_corrected_v4b_075c,15.0,60.0,0.734375,0.5507432914514115
v4b_legacy_025c,15.0,60.0,0.7421875,0.5406959140482492
v5c0_corrected_v4b_075c,15.0,60.0,0.7421875,0.5429310552342059
v4b_legacy_025c,15.0,60.0,0.75,0.5237895394668283
v5c0_corrected_v4b_075c,15.0,60.0,0.75,0.5258377583062057
v4b_legacy_025c,15.0,60.0,0.7578125,0.5251898532168566
v5c0_corrected_v4b_075c,15.0,60.0,0.7578125,0.5271243142127255
v4b_legacy_025c,15.0,60.0,0.765625,0.49183724183000477
v5c0_corrected_v4b_075c,15.0,60.0,0.765625,0.49371012831153827
v4b_legacy_025c,15.0,60.0,0.7734375,0.5067231816711754
v5c0_corrected_v4b_075c,15.0,60.0,0.7734375,0.5085607461351657
v4b_legacy_025c,15.0,60.0,0.78125,0.4493038750211502
v5c0_corrected_v4b_075c,15.0,60.0,0.78125,0.45101463425999355
v4b_legacy_025c,15.0,60.0,0.7890625,0.4113021082382187
v5c0_corrected_v4b_075c,15.0,60.0,0.7890625,0.41263701523752744
v4b_legacy_025c,15.0,60.0,0.796875,0.3974835880870384
v5c0_corrected_v4b_075c,15.0,60.0,0.796875,0.3983500374177001
v4b_legacy_025c,15.0,60.0,0.8046875,0.37140578919565737
v5c0_corrected_v4b_075c,15.0,60.0,0.8046875,0.3718410167541878
v4b_legacy_025c,15.0,60.0,0.8125,0.33569416499075955
v5c0_corrected_v4b_075c,15.0,60.0,0.8125,0.3358170191020743
v4b_legacy_025c,15.0,60.0,0.8203125,0.3017644272335847
v5c0_corrected_v4b_075c,15.0,60.0,0.8203125,0.3017427924458642
v4b_legacy_025c,15.0,60.0,0.828125,0.2835327229810837
v5c0_corrected_v4b_075c,15.0,60.0,0.828125,0.2835195003160261
v4b_legacy_025c,15.0,60.0,0.8359375,0.26345992786606437
v5c0_corrected_v4b_075c,15.0,60.0,0.8359375,0.2634680823831738
v4b_legacy_025c,15.0,60.0,0.84375,0.20914181813366142
v5c0_corrected_v4b_075c,15.0,60.0,0.84375,0.20918051919897931
v4b_legacy_025c,15.0,60.0,0.8515625,0.22480515134488363
v5c0_corrected_v4b_075c,15.0,60.0,0.8515625,0.2248833837421548
v4b_legacy_025c,15.0,60.0,0.859375,0.1966376467596057
v5c0_corrected_v4b_075c,15.0,60.0,0.859375,0.1967642413848572
v4b_legacy_025c,15.0,60.0,0.8671875,0.157851318270956
v5c0_corrected_v4b_075c,15.0,60.0,0.8671875,0.15803498087166082
v4b_legacy_025c,15.0,60.0,0.875,0.11549605490804518
v5c0_corrected_v4b_075c,15.0,60.0,0.875,0.11574538793675555
v4b_legacy_025c,15.0,60.0,0.8828125,0.07487775541027425
v5c0_corrected_v4b_075c,15.0,60.0,0.8828125,0.07520126796974994
v4b_legacy_025c,15.0,60.0,0.890625,0.06442303688923524
v5c0_corrected_v4b_075c,15.0,60.0,0.890625,0.06482913789947801
v4b_legacy_025c,15.0,60.0,0.8984375,0.027967865874402163
v5c0_corrected_v4b_075c,15.0,60.0,0.8984375,0.02846483603632647
v4b_legacy_025c,15.0,60.0,0.90625,-0.023232000044597335
v5c0_corrected_v4b_075c,15.0,60.0,0.90625,-0.02263606114275383
v4b_legacy_025c,15.0,60.0,0.9140625,-0.04382380364840338
v5c0_corrected_v4b_075c,15.0,60.0,0.9140625,-0.04312105781755314
v4b_legacy_025c,15.0,60.0,0.921875,-0.08910029119722308
v5c0_corrected_v4b_075c,15.0,60.0,0.921875,-0.08828327040227642
v4b_legacy_025c,15.0,60.0,0.9296875,-0.11696183806989982
v5c0_corrected_v4b_075c,15.0,60.0,0.9296875,-0.11602358096489838
v4b_legacy_025c,15.0,60.0,0.9375,-0.1363894208444552
v5c0_corrected_v4b_075c,15.0,60.0,0.9375,-0.1353236344111087
v4b_legacy_025c,15.0,60.0,0.9453125,-0.14851194255617844
v5c0_corrected_v4b_075c,15.0,60.0,0.9453125,-0.14731318407531963
v4b_legacy_025c,15.0,60.0,0.953125,-0.15662847669054045
v5c0_corrected_v4b_075c,15.0,60.0,0.953125,-0.15529234923629673
v4b_legacy_025c,15.0,60.0,0.9609375,-0.15704093417075501
v5c0_corrected_v4b_075c,15.0,60.0,0.9609375,-0.15556428701676955
v4b_legacy_025c,15.0,60.0,0.96875,-0.15425006007013217
v5c0_corrected_v4b_075c,15.0,60.0,0.96875,-0.15263118402856427
v4b_legacy_025c,15.0,60.0,0.9765625,-0.15191316890282364
v5c0_corrected_v4b_075c,15.0,60.0,0.9765625,-0.1501519758546159
v4b_legacy_025c,15.0,60.0,0.984375,-0.14939163172348485
v5c0_corrected_v4b_075c,15.0,60.0,0.984375,-0.14748980757140165
v4b_legacy_025c,15.0,60.0,0.9921875,-0.13799796399299086
v5c0_corrected_v4b_075c,15.0,60.0,0.9921875,-0.1359590850361653
v4b_legacy_025c,15.0,75.0,0.0,-0.08018510609249642
v5c0_corrected_v4b_075c,15.0,75.0,0.0,-0.07866537980410006
v4b_legacy_025c,15.0,75.0,0.0078125,-0.06551439979731656
v5c0_corrected_v4b_075c,15.0,75.0,0.0078125,-0.06392938178222665
v4b_legacy_025c,15.0,75.0,0.015625,-0.0481941313171067
v5c0_corrected_v4b_075c,15.0,75.0,0.015625,-0.04655235253411127
v4b_legacy_025c,15.0,75.0,0.0234375,-0.02840712198943423
v5c0_corrected_v4b_075c,15.0,75.0,0.0234375,-0.026718369697230147
v4b_legacy_025c,15.0,75.0,0.03125,-0.006393857399856419
v5c0_corrected_v4b_075c,15.0,75.0,0.03125,-0.004636695070841182
v4b_legacy_025c,15.0,75.0,0.0390625,0.017429038137034916
v5c0_corrected_v4b_075c,15.0,75.0,0.0390625,0.019461099978653508
v4b_legacy_025c,15.0,75.0,0.046875,0.04281098919887499
v5c0_corrected_v4b_075c,15.0,75.0,0.046875,0.04532438670122327
v4b_legacy_025c,15.0,75.0,0.0546875,0.069556517056492
v5c0_corrected_v4b_075c,15.0,75.0,0.0546875,0.07268680577317009
v4b_legacy_025c,15.0,75.0,0.0625,0.09748487108595247
v5c0_corrected_v4b_075c,15.0,75.0,0.0625,0.10126918345208417
v4b_legacy_025c,15.0,75.0,0.0703125,0.12641388988173596
v5c0_corrected_v4b_075c,15.0,75.0,0.0703125,0.13078164571117992
v4b_legacy_025c,15.0,75.0,0.078125,0.15614459707053327
v5c0_corrected_v4b_075c,15.0,75.0,0.078125,0.16092740830679528
v4b_legacy_025c,15.0,75.0,0.0859375,0.18632888826995334
v5c0_corrected_v4b_075c,15.0,75.0,0.0859375,0.19140625434011166
v4b_legacy_025c,15.0,75.0,0.09375,0.21656220075365984
v5c0_corrected_v4b_075c,15.0,75.0,0.09375,0.22191766520716458
v4b_legacy_025c,15.0,75.0,0.1015625,0.24655226140829198
v5c0_corrected_v4b_075c,15.0,75.0,0.1015625,0.2521638339876711
v4b_legacy_025c,15.0,75.0,0.109375,0.27601230713513353
v5c0_corrected_v4b_075c,15.0,75.0,0.109375,0.281790880081708
v4b_legacy_025c,15.0,75.0,0.1171875,0.3046637572431613
v5c0_corrected_v4b_075c,15.0,75.0,0.1171875,0.31047048340342187
v4b_legacy_025c,15.0,75.0,0.125,0.33223867664294165
v5c0_corrected_v4b_075c,15.0,75.0,0.125,0.3379592585499312
v4b_legacy_025c,15.0,75.0,0.1328125,0.358482044608644
v5c0_corrected_v4b_075c,15.0,75.0,0.1328125,0.364028716307094
v4b_legacy_025c,15.0,75.0,0.140625,0.38315378335295713
v5c0_corrected_v4b_075c,15.0,75.0,0.140625,0.388464085995762
v4b_legacy_025c,15.0,75.0,0.1484375,0.40603052117991467
v5c0_corrected_v4b_075c,15.0,75.0,0.1484375,0.41106402363088057
v4b_legacy_025c,15.0,75.0,0.15625,0.4269074165323701
v5c0_corrected_v4b_075c,15.0,75.0,0.15625,0.4316414871040578
v4b_legacy_025c,15.0,75.0,0.1640625,0.44084284813182506
v5c0_corrected_v4b_075c,15.0,75.0,0.1640625,0.44526837465386765
v4b_legacy_025c,15.0,75.0,0.171875,0.45376064827083096
v5c0_corrected_v4b_075c,15.0,75.0,0.171875,0.4578783116278778
v4b_legacy_025c,15.0,75.0,0.1796875,0.46781160815570433
v5c0_corrected_v4b_075c,15.0,75.0,0.1796875,0.4716290115030118
v4b_legacy_025c,15.0,75.0,0.1875,0.48132921397538386
v5c0_corrected_v4b_075c,15.0,75.0,0.1875,0.4848589094018103
v4b_legacy_025c,15.0,75.0,0.1953125,0.49345914673676666
v5c0_corrected_v4b_075c,15.0,75.0,0.1953125,0.49671741392146046
v4b_legacy_025c,15.0,75.0,0.203125,0.5037687303363869
v5c0_corrected_v4b_075c,15.0,75.0,0.203125,0.5067748573471791
v4b_legacy_025c,15.0,75.0,0.2109375,0.5115209377446673
v5c0_corrected_v4b_075c,15.0,75.0,0.2109375,0.5142967258896937
v4b_legacy_025c,15.0,75.0,0.21875,0.5166060976494594
v5c0_corrected_v4b_075c,15.0,75.0,0.21875,0.5191753434360125
v4b_legacy_025c,15.0,75.0,0.2265625,0.5218362576548289
v5c0_corrected_v4b_075c,15.0,75.0,0.2265625,0.5242240344338647
v4b_legacy_025c,15.0,75.0,0.234375,0.5184697601637711
v5c0_corrected_v4b_075c,15.0,75.0,0.234375,0.5207014094110457
v4b_legacy_025c,15.0,75.0,0.2421875,0.5188359105069457
v5c0_corrected_v4b_075c,15.0,75.0,0.2421875,0.5209049262080675
v4b_legacy_025c,15.0,75.0,0.25,0.5096724054595397
v5c0_corrected_v4b_075c,15.0,75.0,0.25,0.51146067208634
v4b_legacy_025c,15.0,75.0,0.2578125,0.5055266290487906
v5c0_corrected_v4b_075c,15.0,75.0,0.2578125,0.5069451524421719
v4b_legacy_025c,15.0,75.0,0.265625,0.4852924612274777
v5c0_corrected_v4b_075c,15.0,75.0,0.265625,0.48630327814358115
v4b_legacy_025c,15.0,75.0,0.2734375,0.46971193280696744
v5c0_corrected_v4b_075c,15.0,75.0,0.2734375,0.4703292418528939
v4b_legacy_025c,15.0,75.0,0.28125,0.44856264895696174
v5c0_corrected_v4b_075c,15.0,75.0,0.28125,0.44884788117646085
v4b_legacy_025c,15.0,75.0,0.2890625,0.42534749398753136
v5c0_corrected_v4b_075c,15.0,75.0,0.2890625,0.4253990950406112
v4b_legacy_025c,15.0,75.0,0.296875,0.40431842610574403
v5c0_corrected_v4b_075c,15.0,75.0,0.296875,0.40425758993966565
v4b_legacy_025c,15.0,75.0,0.3046875,0.3824673927774473
v5c0_corrected_v4b_075c,15.0,75.0,0.3046875,0.3824213548751048
v4b_legacy_025c,15.0,75.0,0.3125,0.352704077662191
v5c0_corrected_v4b_075c,15.0,75.0,0.3125,0.35273409892713403
v4b_legacy_025c,15.0,75.0,0.3203125,0.33229159373906
v5c0_corrected_v4b_075c,15.0,75.0,0.3203125,0.3323542779859303
v4b_legacy_025c,15.0,75.0,0.328125,0.30064566243158425
v5c0_corrected_v4b_075c,15.0,75.0,0.328125,0.300735098817656
v4b_legacy_025c,15.0,75.0,0.3359375,0.2725476283446345
v5c0_corrected_v4b_075c,15.0,75.0,0.3359375,0.27266750194910944
v4b_legacy_025c,15.0,75.0,0.34375,0.2452343804299625
v5c0_corrected_v4b_075c,15.0,75.0,0.34375,0.24538825777466106
v4b_legacy_025c,15.0,75.0,0.3515625,0.22219943530866051
v5c0_corrected_v4b_075c,15.0,75.0,0.3515625,0.2223908390865821
v4b_legacy_025c,15.0,75.0,0.359375,0.18775711166882655
v5c0_corrected_v4b_075c,15.0,75.0,0.359375,0.18798958999266166
v4b_legacy_025c,15.0,75.0,0.3671875,0.13443707951338457
v5c0_corrected_v4b_075c,15.0,75.0,0.3671875,0.13471426482293863
v4b_legacy_025c,15.0,75.0,0.375,0.0864672021513425
v5c0_corrected_v4b_075c,15.0,75.0,0.375,0.08679285498073004
v4b_legacy_025c,15.0,75.0,0.3828125,0.055301168437118096
v5c0_corrected_v4b_075c,15.0,75.0,0.3828125,0.05567920152295934
v4b_legacy_025c,15.0,75.0,0.390625,0.027147181216589787
v5c0_corrected_v4b_075c,15.0,75.0,0.390625,0.02758165995932584
v4b_legacy_025c,15.0,75.0,0.3984375,0.0014617989320028471
v5c0_corrected_v4b_075c,15.0,75.0,0.3984375,0.001956915028807757
v4b_legacy_025c,15.0,75.0,0.40625,-0.02188601423563694
v5c0_corrected_v4b_075c,15.0,75.0,0.40625,-0.021325998073712268
v4b_legacy_025c,15.0,75.0,0.4140625,-0.04282191936660948
v5c0_corrected_v4b_075c,15.0,75.0,0.4140625,-0.042192754325537214
v4b_legacy_025c,15.0,75.0,0.421875,-0.06108200202440164
v5c0_corrected_v4b_075c,15.0,75.0,0.421875,-0.0603795668151052
v4b_legacy_025c,15.0,75.0,0.4296875,-0.07652841019371212
v5c0_corrected_v4b_075c,15.0,75.0,0.4296875,-0.07574885067856608
v4b_legacy_025c,15.0,75.0,0.4375,-0.08913037025013683
v5c0_corrected_v4b_075c,15.0,75.0,0.4375,-0.08827026045630713
v4b_legacy_025c,15.0,75.0,0.4453125,-0.0987819997404727
v5c0_corrected_v4b_075c,15.0,75.0,0.4453125,-0.09783851780029917
v4b_legacy_025c,15.0,75.0,0.453125,-0.10538902177181042
v5c0_corrected_v4b_075c,15.0,75.0,0.453125,-0.10436013268392966
v4b_legacy_025c,15.0,75.0,0.4609375,-0.10890213870837517
v5c0_corrected_v4b_075c,15.0,75.0,0.4609375,-0.1077867745361097
v4b_legacy_025c,15.0,75.0,0.46875,-0.10929601435455609
v5c0_corrected_v4b_075c,15.0,75.0,0.46875,-0.1080942417297427
v4b_legacy_025c,15.0,75.0,0.4765625,-0.10657319222245676
v5c0_corrected_v4b_075c,15.0,75.0,0.4765625,-0.10528635693124239
v4b_legacy_025c,15.0,75.0,0.484375,-0.10076161309552291
v5c0_corrected_v4b_075c,15.0,75.0,0.484375,-0.09939245216118495
v4b_legacy_025c,15.0,75.0,0.4921875,-0.09192078093718364
v5c0_corrected_v4b_075c,15.0,75.0,0.4921875,-0.09047349398499724
v4b_legacy_025c,15.0,75.0,0.5,-0.08014677689087511
v5c0_corrected_v4b_075c,15.0,75.0,0.5,-0.07862705060247874
v4b_legacy_025c,15.0,75.0,0.5078125,-0.06556654788222244
v5c0_corrected_v4b_075c,15.0,75.0,0.5078125,-0.06398152986713256
v4b_legacy_025c,15.0,75.0,0.515625,-0.0483353187273345
v5c0_corrected_v4b_075c,15.0,75.0,0.515625,-0.046693539944339106
v4b_legacy_025c,15.0,75.0,0.5234375,-0.02863632135303858
v5c0_corrected_v4b_075c,15.0,75.0,0.5234375,-0.026947569060834498
v4b_legacy_025c,15.0,75.0,0.53125,-0.006711432761137752
v5c0_corrected_v4b_075c,15.0,75.0,0.53125,-0.004952033153179784
v4b_legacy_025c,15.0,75.0,0.5390625,0.017012261546022183
v5c0_corrected_v4b_075c,15.0,75.0,0.5390625,0.01906285410326069
v4b_legacy_025c,15.0,75.0,0.546875,0.04228667869022661
v5c0_corrected_v4b_075c,15.0,75.0,0.546875,0.04484694067220399
v4b_legacy_025c,15.0,75.0,0.5546875,0.06892194181960908
v5c0_corrected_v4b_075c,15.0,75.0,0.5546875,0.07213377619793385
v4b_legacy_025c,15.0,75.0,0.5625,0.09674344662834108
v5c0_corrected_v4b_075c,15.0,75.0,0.5625,0.10064414905359133
v4b_legacy_025c,15.0,75.0,0.5703125,0.12557488925352903
v5c0_corrected_v4b_075c,15.0,75.0,0.5703125,0.1300883401102974
v4b_legacy_025c,15.0,75.0,0.578125,0.1552218374835052
v5c0_corrected_v4b_075c,15.0,75.0,0.578125,0.16016968812731205
v4b_legacy_025c,15.0,75.0,0.5859375,0.18533244664477203
v5c0_corrected_v4b_075c,15.0,75.0,0.5859375,0.19058778168121374
v4b_legacy_025c,15.0,75.0,0.59375,0.21549604174830025
v5c0_corrected_v4b_075c,15.0,75.0,0.59375,0.22104183794414384
v4b_legacy_025c,15.0,75.0,0.6015625,0.24542032736145766
v5c0_corrected_v4b_075c,15.0,75.0,0.6015625,0.2512338497389891
v4b_legacy_025c,15.0,75.0,0.609375,0.2748186843362983
v5c0_corrected_v4b_075c,15.0,75.0,0.609375,0.28080693961721725
v4b_legacy_025c,15.0,75.0,0.6171875,0.30341298696016117
v5c0_corrected_v4b_075c,15.0,75.0,0.6171875,0.3094311275325565
v4b_legacy_025c,15.0,75.0,0.625,0.3309356240711989
v5c0_corrected_v4b_075c,15.0,75.0,0.625,0.33686476082827765
v4b_legacy_025c,15.0,75.0,0.6328125,0.35713157350162444
v5c0_corrected_v4b_075c,15.0,75.0,0.6328125,0.3628806883808919
v4b_legacy_025c,15.0,75.0,0.640625,0.381760747515709
v5c0_corrected_v4b_075c,15.0,75.0,0.640625,0.3872652917599647
v4b_legacy_025c,15.0,75.0,0.6484375,0.40459986558822425
v5c0_corrected_v4b_075c,15.0,75.0,0.6484375,0.4098182501264298
v4b_legacy_025c,15.0,75.0,0.65625,0.42544410376451214
v5c0_corrected_v4b_075c,15.0,75.0,0.65625,0.4303532331638211
v4b_legacy_025c,15.0,75.0,0.6640625,0.4422140784728777
v5c0_corrected_v4b_075c,15.0,75.0,0.6640625,0.4468048577970028
v4b_legacy_025c,15.0,75.0,0.671875,0.45353897649809727
v5c0_corrected_v4b_075c,15.0,75.0,0.671875,0.45781241464263467
v4b_legacy_025c,15.0,75.0,0.6796875,0.46637748069874485
v5c0_corrected_v4b_075c,15.0,75.0,0.6796875,0.4703416986809372
v4b_legacy_025c,15.0,75.0,0.6875,0.4792446765370278
v5c0_corrected_v4b_075c,15.0,75.0,0.6875,0.4829128593935438
v4b_legacy_025c,15.0,75.0,0.6953125,0.49091513500165923
v5c0_corrected_v4b_075c,15.0,75.0,0.6953125,0.49430427257380244
v4b_legacy_025c,15.0,75.0,0.703125,0.5008519656983659
v5c0_corrected_v4b_075c,15.0,75.0,0.703125,0.5039821201301579
v4b_legacy_025c,15.0,75.0,0.7109375,0.5086322116114166
v5c0_corrected_v4b_075c,15.0,75.0,0.7109375,0.511526020662392
v4b_legacy_025c,15.0,75.0,0.71875,0.5134289982240902
v5c0_corrected_v4b_075c,15.0,75.0,0.71875,0.5161111560125794
v4b_legacy_025c,15.0,75.0,0.7265625,0.5163841614228118
v5c0_corrected_v4b_075c,15.0,75.0,0.7265625,0.5188806902401937
v4b_legacy_025c,15.0,75.0,0.734375,0.5181281228925972
v5c0_corrected_v4b_075c,15.0,75.0,0.734375,0.5204653400932252
v4b_legacy_025c,15.0,75.0,0.7421875,0.5110981989320308
v5c0_corrected_v4b_075c,15.0,75.0,0.7421875,0.5132689928783499
v4b_legacy_025c,15.0,75.0,0.75,0.5103115592396631
v5c0_corrected_v4b_075c,15.0,75.0,0.75,0.5121913004859268
v4b_legacy_025c,15.0,75.0,0.7578125,0.4959801447665361
v5c0_corrected_v4b_075c,15.0,75.0,0.7578125,0.49747425346042795
v4b_legacy_025c,15.0,75.0,0.765625,0.48499136434612056
v5c0_corrected_v4b_075c,15.0,75.0,0.765625,0.48605847860583534
v4b_legacy_025c,15.0,75.0,0.7734375,0.46196538793155506
v5c0_corrected_v4b_075c,15.0,75.0,0.7734375,0.46261882409090543
v4b_legacy_025c,15.0,75.0,0.78125,0.4433855815142253
v5c0_corrected_v4b_075c,15.0,75.0,0.78125,0.44368850056922227
v4b_legacy_025c,15.0,75.0,0.7890625,0.4216631285753436
v5c0_corrected_v4b_075c,15.0,75.0,0.7890625,0.42171817113714927
v4b_legacy_025c,15.0,75.0,0.796875,0.39949886221509007
v5c0_corrected_v4b_075c,15.0,75.0,0.796875,0.39943349507266795
v4b_legacy_025c,15.0,75.0,0.8046875,0.37298415471282426
v5c0_corrected_v4b_075c,15.0,75.0,0.8046875,0.37293335289727575
v4b_legacy_025c,15.0,75.0,0.8125,0.3461738602098831
v5c0_corrected_v4b_075c,15.0,75.0,0.8125,0.34620314024803744
v4b_legacy_025c,15.0,75.0,0.8203125,0.32071687537680926
v5c0_corrected_v4b_075c,15.0,75.0,0.8203125,0.32077955962367966
v4b_legacy_025c,15.0,75.0,0.828125,0.292728833658855
v5c0_corrected_v4b_075c,15.0,75.0,0.828125,0.2928182700449266
v4b_legacy_025c,15.0,75.0,0.8359375,0.26672478748891576
v5c0_corrected_v4b_075c,15.0,75.0,0.8359375,0.2668446610933906
v4b_legacy_025c,15.0,75.0,0.84375,0.23334925560323194
v5c0_corrected_v4b_075c,15.0,75.0,0.84375,0.23350313294793057
v4b_legacy_025c,15.0,75.0,0.8515625,0.23362770611043118
v5c0_corrected_v4b_075c,15.0,75.0,0.8515625,0.23381910988835275
v4b_legacy_025c,15.0,75.0,0.859375,0.16907975552218515
v5c0_corrected_v4b_075c,15.0,75.0,0.859375,0.1693122338460203
v4b_legacy_025c,15.0,75.0,0.8671875,0.11618437268360579
v5c0_corrected_v4b_075c,15.0,75.0,0.8671875,0.11646155799315987
v4b_legacy_025c,15.0,75.0,0.875,0.08220291257333547
v5c0_corrected_v4b_075c,15.0,75.0,0.875,0.08252856540272298
v4b_legacy_025c,15.0,75.0,0.8828125,0.05211230042218307
v5c0_corrected_v4b_075c,15.0,75.0,0.8828125,0.0524903335080243
v4b_legacy_025c,15.0,75.0,0.890625,0.024507197712684742
v5c0_corrected_v4b_075c,15.0,75.0,0.890625,0.02494167645542076
v4b_legacy_025c,15.0,75.0,0.8984375,-0.0007171660805949833
v5c0_corrected_v4b_075c,15.0,75.0,0.8984375,-0.00022204998379009636
v4b_legacy_025c,15.0,75.0,0.90625,-0.023605793996407616
v5c0_corrected_v4b_075c,15.0,75.0,0.90625,-0.023045777834482892
v4b_legacy_025c,15.0,75.0,0.9140625,-0.04411367688367107
v5c0_corrected_v4b_075c,15.0,75.0,0.9140625,-0.0434845118425988
v4b_legacy_025c,15.0,75.0,0.921875,-0.06205584143149609
v5c0_corrected_v4b_075c,15.0,75.0,0.921875,-0.06135340622219965
v4b_legacy_025c,15.0,75.0,0.9296875,-0.0773164908000653
v5c0_corrected_v4b_075c,15.0,75.0,0.9296875,-0.07653693128491926
v4b_legacy_025c,15.0,75.0,0.9375,-0.08977081498931815
v5c0_corrected_v4b_075c,15.0,75.0,0.9375,-0.0889107051954885
v4b_legacy_025c,15.0,75.0,0.9453125,-0.09930718094239212
v5c0_corrected_v4b_075c,15.0,75.0,0.9453125,-0.0983636990022186
v4b_legacy_025c,15.0,75.0,0.953125,-0.10583437131923609
v5c0_corrected_v4b_075c,15.0,75.0,0.953125,-0.10480548223135533
v4b_legacy_025c,15.0,75.0,0.9609375,-0.1092877392935402
v5c0_corrected_v4b_075c,15.0,75.0,0.9609375,-0.10817237512127473
v4b_legacy_025c,15.0,75.0,0.96875,-0.10962206669539215
v5c0_corrected_v4b_075c,15.0,75.0,0.96875,-0.10842029407057864
v4b_legacy_025c,15.0,75.0,0.9765625,-0.10682862376646873
v5c0_corrected_v4b_075c,15.0,75.0,0.9765625,-0.10554178847525435
v4b_legacy_025c,15.0,75.0,0.984375,-0.10094047135342418
v5c0_corrected_v4b_075c,15.0,75.0,0.984375,-0.09957131041908636
v4b_legacy_025c,15.0,75.0,0.9921875,-0.09202488225911937
v5c0_corrected_v4b_075c,15.0,75.0,0.9921875,-0.09057759530693296
v4b_legacy_025c,15.0,90.0,0.0,-0.05341991963608452
v5c0_corrected_v4b_075c,15.0,90.0,0.0,-0.052887342597256415
v4b_legacy_025c,15.0,90.0,0.0078125,-0.0431802860772707
v5c0_corrected_v4b_075c,15.0,90.0,0.0078125,-0.042611773179018486
v4b_legacy_025c,15.0,90.0,0.015625,-0.030632074405119
v5c0_corrected_v4b_075c,15.0,90.0,0.015625,-0.030032533796443026
v4b_legacy_025c,15.0,90.0,0.0234375,-0.015924503996838014
v5c0_corrected_v4b_075c,15.0,90.0,0.0234375,-0.015299745720618672
v4b_legacy_025c,15.0,90.0,0.03125,0.0007743007156976162
v5c0_corrected_v4b_075c,15.0,90.0,0.03125,0.0014177314036104515
v4b_legacy_025c,15.0,90.0,0.0390625,0.019279919720835904
v5c0_corrected_v4b_075c,15.0,90.0,0.0390625,0.01993493663954647
v4b_legacy_025c,15.0,90.0,0.046875,0.039394310218727156
v5c0_corrected_v4b_075c,15.0,90.0,0.046875,0.04005349881925808
v4b_legacy_025c,15.0,90.0,0.0546875,0.060908427525381725
v5c0_corrected_v4b_075c,15.0,90.0,0.0546875,0.06156426589883433
v4b_legacy_025c,15.0,90.0,0.0625,0.08360479648050283
v5c0_corrected_v4b_075c,15.0,90.0,0.0625,0.0842498751521348
v4b_legacy_025c,15.0,90.0,0.0703125,0.10725030052750711
v5c0_corrected_v4b_075c,15.0,90.0,0.0703125,0.10788693126792676
v4b_legacy_025c,15.0,90.0,0.078125,0.13153304853486908
v5c0_corrected_v4b_075c,15.0,90.0,0.078125,0.13224823079610185
v4b_legacy_025c,15.0,90.0,0.0859375,0.15621619772573955
v5c0_corrected_v4b_075c,15.0,90.0,0.0859375,0.15710471383817703
v4b_legacy_025c,15.0,90.0,0.09375,0.18109218181830306
v5c0_corrected_v4b_075c,15.0,90.0,0.09375,0.18222687777822424
v4b_legacy_025c,15.0,90.0,0.1015625,0.2059595538480435
v5c0_corrected_v4b_075c,15.0,90.0,0.1015625,0.20738750597330707
v4b_legacy_025c,15.0,90.0,0.109375,0.23062042743231762
v5c0_corrected_v4b_075c,15.0,90.0,0.109375,0.23236301676551457
v4b_legacy_025c,15.0,90.0,0.1171875,0.25487879126570956
v5c0_corrected_v4b_075c,15.0,90.0,0.1171875,0.2569346689984445
v4b_legacy_025c,15.0,90.0,0.125,0.2785403252163376
v5c0_corrected_v4b_075c,15.0,90.0,0.125,0.28089004389615874
v4b_legacy_025c,15.0,90.0,0.1328125,0.3014132194914688
v5c0_corrected_v4b_075c,15.0,90.0,0.1328125,0.30402436071238964
v4b_legacy_025c,15.0,90.0,0.140625,0.3233093896692874
v5c0_corrected_v4b_075c,15.0,90.0,0.140625,0.32614126384916964
v4b_legacy_025c,15.0,90.0,0.1484375,0.34404627767232654
v5c0_corrected_v4b_075c,15.0,90.0,0.1484375,0.3470536145550845
v4b_legacy_025c,15.0,90.0,0.15625,0.36344933442568106
v5c0_corrected_v4b_075c,15.0,90.0,0.15625,0.3665821795215248
v4b_legacy_025c,15.0,90.0,0.1640625,0.38135423102972316
v5c0_corrected_v4b_075c,15.0,90.0,0.1640625,0.3845196050198024
v4b_legacy_025c,15.0,90.0,0.171875,0.3976082982823003
v5c0_corrected_v4b_075c,15.0,90.0,0.171875,0.40070953655938213
v4b_legacy_025c,15.0,90.0,0.1796875,0.4120715626428322
v5c0_corrected_v4b_075c,15.0,90.0,0.1796875,0.41502686350503204
v4b_legacy_025c,15.0,90.0,0.1875,0.4246177300147444
v5c0_corrected_v4b_075c,15.0,90.0,0.1875,0.4273592297715145
v4b_legacy_025c,15.0,90.0,0.1953125,0.43513475545510766
v5c0_corrected_v4b_075c,15.0,90.0,0.1953125,0.4376072094263142
v4b_legacy_025c,15.0,90.0,0.203125,0.44352503093407064
v5c0_corrected_v4b_075c,15.0,90.0,0.203125,0.44568465593420364
v4b_legacy_025c,15.0,90.0,0.2109375,0.44970553146258707
v5c0_corrected_v4b_075c,15.0,90.0,0.2109375,0.4515193622925319
v4b_legacy_025c,15.0,90.0,0.21875,0.45360796509902207
v5c0_corrected_v4b_075c,15.0,90.0,0.21875,0.4550538732318408
v4b_legacy_025c,15.0,90.0,0.2265625,0.45517914605037546
v5c0_corrected_v4b_075c,15.0,90.0,0.2265625,0.45624648840278137
v4b_legacy_025c,15.0,90.0,0.234375,0.4543813705564326
v5c0_corrected_v4b_075c,15.0,90.0,0.234375,0.4550720945210241
v4b_legacy_025c,15.0,90.0,0.2421875,0.4511932561756814
v5c0_corrected_v4b_075c,15.0,90.0,0.2421875,0.4515231895188558
v4b_legacy_025c,15.0,90.0,0.25,0.44561084898789405
v5c0_corrected_v4b_075c,15.0,90.0,0.25,0.44561084898789405
v4b_legacy_025c,15.0,90.0,0.2578125,0.4376489098286521
v5c0_corrected_v4b_075c,15.0,90.0,0.2578125,0.4373655306820736
v4b_legacy_025c,15.0,90.0,0.265625,0.4273424504392334
v5c0_corrected_v4b_075c,15.0,90.0,0.265625,0.42683780580239666
v4b_legacy_025c,15.0,90.0,0.2734375,0.41474835004485544
v5c0_corrected_v4b_075c,15.0,90.0,0.2734375,0.4140988934648414
v4b_legacy_025c,15.0,90.0,0.28125,0.39994699463108224
v5c0_corrected_v4b_075c,15.0,90.0,0.28125,0.399241011083417
v4b_legacy_025c,15.0,90.0,0.2890625,0.3830437795759132
v5c0_corrected_v4b_075c,15.0,90.0,0.2890625,0.3823774748797325
v4b_legacy_025c,15.0,90.0,0.296875,0.3641820383482043
v5c0_corrected_v4b_075c,15.0,90.0,0.296875,0.36364254367195936
v4b_legacy_025c,15.0,90.0,0.3046875,0.3435907901800403
v5c0_corrected_v4b_075c,15.0,90.0,0.3046875,0.3431910743087679
v4b_legacy_025c,15.0,90.0,0.3125,0.3214643772230802
v5c0_corrected_v4b_075c,15.0,90.0,0.3125,0.3211979997663414
v4b_legacy_025c,15.0,90.0,0.3203125,0.29800520965130994
v5c0_corrected_v4b_075c,15.0,90.0,0.3203125,0.2978575786755262
v4b_legacy_025c,15.0,90.0,0.328125,0.2734338670208684
v5c0_corrected_v4b_075c,15.0,90.0,0.328125,0.27338236322140097
v4b_legacy_025c,15.0,90.0,0.3359375,0.24798726171569735
v5c0_corrected_v4b_075c,15.0,90.0,0.3359375,0.2480019638526229
v4b_legacy_025c,15.0,90.0,0.34375,0.2219164585206359
v5c0_corrected_v4b_075c,15.0,90.0,0.34375,0.22196163258681048
v4b_legacy_025c,15.0,90.0,0.3515625,0.19548409367786895
v5c0_corrected_v4b_075c,15.0,90.0,0.3515625,0.1955310342550177
v4b_legacy_025c,15.0,90.0,0.359375,0.1689614478230126
v5c0_corrected_v4b_075c,15.0,90.0,0.359375,0.16900910585844395
v4b_legacy_025c,15.0,90.0,0.3671875,0.1426252264033096
v5c0_corrected_v4b_075c,15.0,90.0,0.3671875,0.1426746553133707
v4b_legacy_025c,15.0,90.0,0.375,0.11675406277962463
v5c0_corrected_v4b_075c,15.0,90.0,0.375,0.11680690826799561
v4b_legacy_025c,15.0,90.0,0.3828125,0.0916249784491783
v5c0_corrected_v4b_075c,15.0,90.0,0.3828125,0.09168348701572297
v4b_legacy_025c,15.0,90.0,0.390625,0.06750979445875992
v5c0_corrected_v4b_075c,15.0,90.0,0.390625,0.06757679197133451
v4b_legacy_025c,15.0,90.0,0.3984375,0.04467079957070915
v5c0_corrected_v4b_075c,15.0,90.0,0.3984375,0.044749638453830065
v4b_legacy_025c,15.0,90.0,0.40625,0.02335705172464735
v5c0_corrected_v4b_075c,15.0,90.0,0.40625,0.023451526607753653
v4b_legacy_025c,15.0,90.0,0.4140625,0.003801082405182526
v5c0_corrected_v4b_075c,15.0,90.0,0.4140625,0.003915315551819572
v4b_legacy_025c,15.0,90.0,0.421875,-0.013784813980577446
v5c0_corrected_v4b_075c,15.0,90.0,0.421875,-0.013646514524502745
v4b_legacy_025c,15.0,90.0,0.4296875,-0.029211528404654328
v5c0_corrected_v4b_075c,15.0,90.0,0.4296875,-0.02904483332820568
v4b_legacy_025c,15.0,90.0,0.4375,-0.042315800331272885
v5c0_corrected_v4b_075c,15.0,90.0,0.4375,-0.04211653999282492
v4b_legacy_025c,15.0,90.0,0.4453125,-0.052940547965621934
v5c0_corrected_v4b_075c,15.0,90.0,0.4453125,-0.052704902033024255
v4b_legacy_025c,15.0,90.0,0.453125,-0.06097181695447934
v5c0_corrected_v4b_075c,15.0,90.0,0.453125,-0.06069650388775948
v4b_legacy_025c,15.0,90.0,0.4609375,-0.06636554985379138
v5c0_corrected_v4b_075c,15.0,90.0,0.4609375,-0.06604800666432048
v4b_legacy_025c,15.0,90.0,0.46875,-0.06908012796586374
v5c0_corrected_v4b_075c,15.0,90.0,0.46875,-0.06871867055171209
v4b_legacy_025c,15.0,90.0,0.4765625,-0.0691055188002003
v5c0_corrected_v4b_075c,15.0,90.0,0.4765625,-0.06869947367171188
v4b_legacy_025c,15.0,90.0,0.484375,-0.06646241955599094
v5c0_corrected_v4b_075c,15.0,90.0,0.484375,-0.06601221895096726
v4b_legacy_025c,15.0,90.0,0.4921875,-0.06120085022524588
v5c0_corrected_v4b_075c,15.0,90.0,0.4921875,-0.06070808442309421
v4b_legacy_025c,15.0,90.0,0.5,-0.05339879427771325
v5c0_corrected_v4b_075c,15.0,90.0,0.5,-0.05286621723888514
v4b_legacy_025c,15.0,90.0,0.5078125,-0.043160392863022104
v5c0_corrected_v4b_075c,15.0,90.0,0.5078125,-0.04259187996476992
v4b_legacy_025c,15.0,90.0,0.515625,-0.030613590589585883
v5c0_corrected_v4b_075c,15.0,90.0,0.515625,-0.030014049980909945
v4b_legacy_025c,15.0,90.0,0.5234375,-0.015907664399713507
v5c0_corrected_v4b_075c,15.0,90.0,0.5234375,-0.015282906123494162
v4b_legacy_025c,15.0,90.0,0.53125,0.0007893287310016251
v5c0_corrected_v4b_075c,15.0,90.0,0.53125,0.0014327594189145055
v4b_legacy_025c,15.0,90.0,0.5390625,0.01929306327014911
v5c0_corrected_v4b_075c,15.0,90.0,0.5390625,0.01994808018885966
v4b_legacy_025c,15.0,90.0,0.546875,0.03940562534500588
v5c0_corrected_v4b_075c,15.0,90.0,0.546875,0.040064813945536674
v4b_legacy_025c,15.0,90.0,0.5546875,0.060918031867736554
v5c0_corrected_v4b_075c,15.0,90.0,0.5546875,0.0615738702411892
v4b_legacy_025c,15.0,90.0,0.5625,0.08361265022196293
v5c0_corrected_v4b_075c,15.0,90.0,0.5625,0.08425772889359504
v4b_legacy_025c,15.0,90.0,0.5703125,0.10725571323843609
v5c0_corrected_v4b_075c,15.0,90.0,0.5703125,0.10789297810542495
v4b_legacy_025c,15.0,90.0,0.578125,0.131530004664222
v5c0_corrected_v4b_075c,15.0,90.0,0.578125,0.13225239469052538
v4b_legacy_025c,15.0,90.0,0.5859375,0.15619885942191744
v5c0_corrected_v4b_075c,15.0,90.0,0.5859375,0.15710673884742868
v4b_legacy_025c,15.0,90.0,0.59375,0.181056840460796
v5c0_corrected_v4b_075c,15.0,90.0,0.59375,0.18222666635591708
v4b_legacy_025c,15.0,90.0,0.6015625,0.2059045161458971
v5c0_corrected_v4b_075c,15.0,90.0,0.6015625,0.20738515346621048
v4b_legacy_025c,15.0,90.0,0.609375,0.23054547551227703
v5c0_corrected_v4b_075c,15.0,90.0,0.609375,0.23235856917843295
v4b_legacy_025c,15.0,90.0,0.6171875,0.25478494199985724
v5c0_corrected_v4b_075c,15.0,90.0,0.6171875,0.25692825004180675
v4b_legacy_025c,15.0,90.0,0.625,0.2784294559557428
v5c0_corrected_v4b_075c,15.0,90.0,0.625,0.28088185156718776
v4b_legacy_025c,15.0,90.0,0.6328125,0.30128753187271534
v5c0_corrected_v4b_075c,15.0,90.0,0.6328125,0.30401445663847854
v4b_legacy_025c,15.0,90.0,0.640625,0.3231712550085386
v5c0_corrected_v4b_075c,15.0,90.0,0.640625,0.32612967079130967
v4b_legacy_025c,15.0,90.0,0.6484375,0.34389838377828574
v5c0_corrected_v4b_075c,15.0,90.0,0.6484375,0.3470406325237626
v4b_legacy_025c,15.0,90.0,0.65625,0.3632943559397835
v5c0_corrected_v4b_075c,15.0,90.0,0.65625,0.3665680257101367
v4b_legacy_025c,15.0,90.0,0.6640625,0.3811944552798049
v5c0_corrected_v4b_075c,15.0,90.0,0.6640625,0.38450220369546567
v4b_legacy_025c,15.0,90.0,0.671875,0.39744582250975835
v5c0_corrected_v4b_075c,15.0,90.0,0.671875,0.4006866025484029
v4b_legacy_025c,15.0,90.0,0.6796875,0.411908632824785
v5c0_corrected_v4b_075c,15.0,90.0,0.6796875,0.4149970450138497
v4b_legacy_025c,15.0,90.0,0.6875,0.42445674943877965
v5c0_corrected_v4b_075c,15.0,90.0,0.6875,0.42732200038721035
v4b_legacy_025c,15.0,90.0,0.6953125,0.43497812037526645
v5c0_corrected_v4b_075c,15.0,90.0,0.6953125,0.43756258914529217
v4b_legacy_025c,15.0,90.0,0.703125,0.443375126830158
v5c0_corrected_v4b_075c,15.0,90.0,0.703125,0.44563311628590574
v4b_legacy_025c,15.0,90.0,0.7109375,0.4495646736029239
v5c0_corrected_v4b_075c,15.0,90.0,0.7109375,0.4514617117388329
v4b_legacy_025c,15.0,90.0,0.71875,0.45347825301798894
v5c0_corrected_v4b_075c,15.0,90.0,0.71875,0.4549910969935525
v4b_legacy_025c,15.0,90.0,0.7265625,0.4550622842014523
v5c0_corrected_v4b_075c,15.0,90.0,0.7265625,0.45617959312896533
v4b_legacy_025c,15.0,90.0,0.734375,0.45427869657485986
v5c0_corrected_v4b_075c,15.0,90.0,0.734375,0.45500219264659103
v4b_legacy_025c,15.0,90.0,0.7421875,0.4511057311636912
v5c0_corrected_v4b_075c,15.0,90.0,0.7421875,0.45145156788213453
v4b_legacy_025c,15.0,90.0,0.75,0.4455388878311232
v5c0_corrected_v4b_075c,15.0,90.0,0.75,0.4455388878311232
v4b_legacy_025c,15.0,90.0,0.7578125,0.4375922796763945
v5c0_corrected_v4b_075c,15.0,90.0,0.7578125,0.4372946881196537
v4b_legacy_025c,15.0,90.0,0.765625,0.42730019654963125
v5c0_corrected_v4b_075c,15.0,90.0,0.765625,0.4267696133311259
v4b_legacy_025c,15.0,90.0,0.7734375,0.414718636158161
v5c0_corrected_v4b_075c,15.0,90.0,0.7734375,0.414034835835364
v4b_legacy_025c,15.0,90.0,0.78125,0.3999269760739651
v5c0_corrected_v4b_075c,15.0,90.0,0.78125,0.3991823949288684
v4b_legacy_025c,15.0,90.0,0.7890625,0.3830296221050816
v5c0_corrected_v4b_075c,15.0,90.0,0.7890625,0.3823253856198664
v4b_legacy_025c,15.0,90.0,0.796875,0.3641697049449855
v5c0_corrected_v4b_075c,15.0,90.0,0.796875,0.36359784103222814
v4b_legacy_025c,15.0,90.0,0.8046875,0.34357974680355585
v5c0_corrected_v4b_075c,15.0,90.0,0.8046875,0.34315435822542034
v4b_legacy_025c,15.0,90.0,0.8125,0.32145475668301504
v5c0_corrected_v4b_075c,15.0,90.0,0.8125,0.3211695519808657
v4b_legacy_025c,15.0,90.0,0.8203125,0.2979971879307901
v5c0_corrected_v4b_075c,15.0,90.0,0.8203125,0.29783728298218864
v4b_legacy_025c,15.0,90.0,0.828125,0.2734276388508755
v5c0_corrected_v4b_075c,15.0,90.0,0.828125,0.27336958970113595
v4b_legacy_025c,15.0,90.0,0.8359375,0.24798299189487474
v5c0_corrected_v4b_075c,15.0,90.0,0.8359375,0.2479954322650644
v4b_legacy_025c,15.0,90.0,0.84375,0.22191423900307988
v5c0_corrected_v4b_075c,15.0,90.0,0.84375,0.22195929597209832
v4b_legacy_025c,15.0,90.0,0.8515625,0.19548393410245318
v5c0_corrected_v4b_075c,15.0,90.0,0.8515625,0.19553087467960192
v4b_legacy_025c,15.0,90.0,0.859375,0.16896329440661062
v5c0_corrected_v4b_075c,15.0,90.0,0.859375,0.16901095244204203
v4b_legacy_025c,15.0,90.0,0.8671875,0.14262897583756157
v5c0_corrected_v4b_075c,15.0,90.0,0.8671875,0.1426784047476227
v4b_legacy_025c,15.0,90.0,0.875,0.11675966123763938
v5c0_corrected_v4b_075c,15.0,90.0,0.875,0.11681250672601039
v4b_legacy_025c,15.0,90.0,0.8828125,0.09163250946621787
v5c0_corrected_v4b_075c,15.0,90.0,0.8828125,0.09169101803276261
v4b_legacy_025c,15.0,90.0,0.890625,0.06751914049064557
v5c0_corrected_v4b_075c,15.0,90.0,0.890625,0.06758613800322022
v4b_legacy_025c,15.0,90.0,0.8984375,0.04468206537026911
v5c0_corrected_v4b_075c,15.0,90.0,0.8984375,0.04476090425338986
v4b_legacy_025c,15.0,90.0,0.90625,0.023370176904453064
v5c0_corrected_v4b_075c,15.0,90.0,0.90625,0.023464651787559316
v4b_legacy_025c,15.0,90.0,0.9140625,0.0038156802258824583
v5c0_corrected_v4b_075c,15.0,90.0,0.9140625,0.003929913372519503
v4b_legacy_025c,15.0,90.0,0.921875,-0.013768770199694861
v5c0_corrected_v4b_075c,15.0,90.0,0.921875,-0.01363047074362018
v4b_legacy_025c,15.0,90.0,0.9296875,-0.029193755049054727
v5c0_corrected_v4b_075c,15.0,90.0,0.9296875,-0.02902705997260607
v4b_legacy_025c,15.0,90.0,0.9375,-0.0422965255228978
v5c0_corrected_v4b_075c,15.0,90.0,0.9375,-0.042097265184449846
v4b_legacy_025c,15.0,90.0,0.9453125,-0.052942251813667754
v5c0_corrected_v4b_075c,15.0,90.0,0.9453125,-0.052706605881069936
v4b_legacy_025c,15.0,90.0,0.953125,-0.06099577408500247
v5c0_corrected_v4b_075c,15.0,90.0,0.953125,-0.06072046101828279
v4b_legacy_025c,15.0,90.0,0.9609375,-0.06638925449888652
v5c0_corrected_v4b_075c,15.0,90.0,0.9609375,-0.06607171130941579
v4b_legacy_025c,15.0,90.0,0.96875,-0.06910324591176042
v5c0_corrected_v4b_075c,15.0,90.0,0.96875,-0.06874178849760865
v4b_legacy_025c,15.0,90.0,0.9765625,-0.06912782122201998
v5c0_corrected_v4b_075c,15.0,90.0,0.9765625,-0.06872177609353151
v4b_legacy_025c,15.0,90.0,0.984375,-0.06648368490999776
v5c0_corrected_v4b_075c,15.0,90.0,0.984375,-0.06603348430497409
v4b_legacy_025c,15.0,90.0,0.9921875,-0.061220905940828296
v5c0_corrected_v4b_075c,15.0,90.0,0.9921875,-0.06072814013867663
v4b_legacy_025c,15.0,105.0,0.0,-0.0455430449310052
v5c0_corrected_v4b_075c,15.0,105.0,0.0,-0.04606405249651797
v4b_legacy_025c,15.0,105.0,0.0078125,-0.039024934932053
v5c0_corrected_v4b_075c,15.0,105.0,0.0078125,-0.03950150043544696
v4b_legacy_025c,15.0,105.0,0.015625,-0.030351814351768633
v5c0_corrected_v4b_075c,15.0,105.0,0.015625,-0.03078481149760872
v4b_legacy_025c,15.0,105.0,0.0234375,-0.01963514921861957
v5c0_corrected_v4b_075c,15.0,105.0,0.0234375,-0.020026314772332608
v4b_legacy_025c,15.0,105.0,0.03125,-0.007000325373695096
v5c0_corrected_v4b_075c,15.0,105.0,0.03125,-0.0073521106507956294
v4b_legacy_025c,15.0,105.0,0.0390625,0.007415327757003594
v5c0_corrected_v4b_075c,15.0,105.0,0.0390625,0.007099924374953057
v4b_legacy_025c,15.0,105.0,0.046875,0.023464368261096796
v5c0_corrected_v4b_075c,15.0,105.0,0.046875,0.02318197845356161
v4b_legacy_025c,15.0,105.0,0.0546875,0.04099081892458088
v5c0_corrected_v4b_075c,15.0,105.0,0.0546875,0.040737881924033006
v4b_legacy_025c,15.0,105.0,0.0625,0.0598315238860494
v5c0_corrected_v4b_075c,15.0,105.0,0.0625,0.05960445568465845
v4b_legacy_025c,15.0,105.0,0.0703125,0.07981721848986044
v5c0_corrected_v4b_075c,15.0,105.0,0.0703125,0.07961256520665062
v4b_legacy_025c,15.0,105.0,0.078125,0.10077360361127076
v5c0_corrected_v4b_075c,15.0,105.0,0.078125,0.10058817289503971
v4b_legacy_025c,15.0,105.0,0.0859375,0.12252235385870126
v5c0_corrected_v4b_075c,15.0,105.0,0.0859375,0.12235331982336453
v4b_legacy_025c,15.0,105.0,0.09375,0.14488190588167713
v5c0_corrected_v4b_075c,15.0,105.0,0.09375,0.14472688475111772
v4b_legacy_025c,15.0,105.0,0.1015625,0.16766810828046838
v5c0_corrected_v4b_075c,15.0,105.0,0.1015625,0.16752520354712566
v4b_legacy_025c,15.0,105.0,0.109375,0.19069471422493903
v5c0_corrected_v4b_075c,15.0,105.0,0.109375,0.1905625316147205
v4b_legacy_025c,15.0,105.0,0.1171875,0.2137731425149548
v5c0_corrected_v4b_075c,15.0,105.0,0.1171875,0.21365077634315355
v4b_legacy_025c,15.0,105.0,0.125,0.23671356657937254
v5c0_corrected_v4b_075c,15.0,105.0,0.125,0.23660056014656117
v4b_legacy_025c,15.0,105.0,0.1328125,0.25932713877657626
v5c0_corrected_v4b_075c,15.0,105.0,0.1328125,0.2592234222798398
v4b_legacy_025c,15.0,105.0,0.140625,0.2814250960911344
v5c0_corrected_v4b_075c,15.0,105.0,0.140625,0.28133142772159986
v4b_legacy_025c,15.0,105.0,0.1484375,0.3028013561553644
v5c0_corrected_v4b_075c,15.0,105.0,0.1484375,0.30273786698427785
v4b_legacy_025c,15.0,105.0,0.15625,0.32326763995707214
v5c0_corrected_v4b_075c,15.0,105.0,0.15625,0.3232581822541073
v4b_legacy_025c,15.0,105.0,0.1640625,0.3426508955444139
v5c0_corrected_v4b_075c,15.0,105.0,0.1640625,0.34271102732738584
v4b_legacy_025c,15.0,105.0,0.171875,0.3607821455686139
v5c0_corrected_v4b_075c,15.0,105.0,0.171875,0.3609194755296256
v4b_legacy_025c,15.0,105.0,0.1796875,0.37749746876730894
v5c0_corrected_v4b_075c,15.0,105.0,0.1796875,0.37771237591082485
v4b_legacy_025c,15.0,105.0,0.1875,0.3926392837325582
v5c0_corrected_v4b_075c,15.0,105.0,0.1875,0.39290942959034203
v4b_legacy_025c,15.0,105.0,0.1953125,0.40605785836735037
v5c0_corrected_v4b_075c,15.0,105.0,0.1953125,0.4062948867481889
v4b_legacy_025c,15.0,105.0,0.203125,0.4176130247821151
v5c0_corrected_v4b_075c,15.0,105.0,0.203125,0.4177320219010348
v4b_legacy_025c,15.0,105.0,0.2109375,0.4271760379414745
v5c0_corrected_v4b_075c,15.0,105.0,0.2109375,0.4271061847460899
v4b_legacy_025c,15.0,105.0,0.21875,0.434631509007399
v5c0_corrected_v4b_075c,15.0,105.0,0.21875,0.43431807514302895
v4b_legacy_025c,15.0,105.0,0.2265625,0.4398793855224928
v5c0_corrected_v4b_075c,15.0,105.0,0.2265625,0.4392845706753268
v4b_legacy_025c,15.0,105.0,0.234375,0.44283690888982113
v5c0_corrected_v4b_075c,15.0,105.0,0.234375,0.4419397649151197
v4b_legacy_025c,15.0,105.0,0.2421875,0.443440511415215
v5c0_corrected_v4b_075c,15.0,105.0,0.2421875,0.4422361930958318
v4b_legacy_025c,15.0,105.0,0.25,0.44164759845357
v5c0_corrected_v4b_075c,15.0,105.0,0.25,0.44014618533811256
v4b_legacy_025c,15.0,105.0,0.2578125,0.43743818126833495
v5c0_corrected_v4b_075c,15.0,105.0,0.2578125,0.4356632899978516
v4b_legacy_025c,15.0,105.0,0.265625,0.43081630124778897
v5c0_corrected_v4b_075c,15.0,105.0,0.265625,0.42880366791533847
v4b_legacy_025c,15.0,105.0,0.2734375,0.42181122011879
v5c0_corrected_v4b_075c,15.0,105.0,0.2734375,0.41960737578664004
v4b_legacy_025c,15.0,105.0,0.28125,0.41047835690420725
v5c0_corrected_v4b_075c,15.0,105.0,0.28125,0.40813944729508994
v4b_legacy_025c,15.0,105.0,0.2890625,0.39689992273174335
v5c0_corrected_v4b_075c,15.0,105.0,0.2890625,0.39449063811373947
v4b_legacy_025c,15.0,105.0,0.296875,0.3811918812840708
v5c0_corrected_v4b_075c,15.0,105.0,0.296875,0.3787777368190673
v4b_legacy_025c,15.0,105.0,0.3046875,0.3635186957967895
v5c0_corrected_v4b_075c,15.0,105.0,0.3046875,0.3611433388456646
v4b_legacy_025c,15.0,105.0,0.3125,0.34405232915708883
v5c0_corrected_v4b_075c,15.0,105.0,0.3125,0.34175498524633413
v4b_legacy_025c,15.0,105.0,0.3203125,0.3229867899410383
v5c0_corrected_v4b_075c,15.0,105.0,0.3203125,0.32080364430699837
v4b_legacy_025c,15.0,105.0,0.328125,0.30053827638424696
v5c0_corrected_v4b_075c,15.0,105.0,0.328125,0.2985014778311063
v4b_legacy_025c,15.0,105.0,0.3359375,0.27694268578831716
v5c0_corrected_v4b_075c,15.0,105.0,0.3359375,0.2750789959646516
v4b_legacy_025c,15.0,105.0,0.34375,0.2524526591834773
v5c0_corrected_v4b_075c,15.0,105.0,0.34375,0.2507816851774035
v4b_legacy_025c,15.0,105.0,0.3515625,0.22733422905821996
v5c0_corrected_v4b_075c,15.0,105.0,0.3515625,0.22586631389293288
v4b_legacy_025c,15.0,105.0,0.359375,0.20186312202301576
v5c0_corrected_v4b_075c,15.0,105.0,0.359375,0.20059713951059838
v4b_legacy_025c,15.0,105.0,0.3671875,0.17632079397837552
v5c0_corrected_v4b_075c,15.0,105.0,0.3671875,0.1752422731639576
v4b_legacy_025c,15.0,105.0,0.375,0.15099028935980613
v5c0_corrected_v4b_075c,15.0,105.0,0.375,0.1500704379494774
v4b_legacy_025c,15.0,105.0,0.3828125,0.1261520182463404
v5c0_corrected_v4b_075c,15.0,105.0,0.3828125,0.12534827418457825
v4b_legacy_025c,15.0,105.0,0.390625,0.10207955507684462
v5c0_corrected_v4b_075c,15.0,105.0,0.390625,0.1013382222305715
v4b_legacy_025c,15.0,105.0,0.3984375,0.07903556558312494
v5c0_corrected_v4b_075c,15.0,105.0,0.3984375,0.07829684917156407
v4b_legacy_025c,15.0,105.0,0.40625,0.05726796518739114
v5c0_corrected_v4b_075c,15.0,105.0,0.40625,0.05650519764970858
v4b_legacy_025c,15.0,105.0,0.4140625,0.03700640632875677
v5c0_corrected_v4b_075c,15.0,105.0,0.4140625,0.03622697412916116
v4b_legacy_025c,15.0,105.0,0.421875,0.018459185029010367
v5c0_corrected_v4b_075c,15.0,105.0,0.421875,0.017670817440406668
v4b_legacy_025c,15.0,105.0,0.4296875,0.0018106414541793948
v5c0_corrected_v4b_075c,15.0,105.0,0.4296875,0.0010212045610183476
v4b_legacy_025c,15.0,105.0,0.4375,-0.012780888932509761
v5c0_corrected_v4b_075c,15.0,105.0,0.4375,-0.013563606915596127
v4b_legacy_025c,15.0,105.0,0.4453125,-0.025184541113853647
v5c0_corrected_v4b_075c,15.0,105.0,0.4453125,-0.02595304488441484
v4b_legacy_025c,15.0,105.0,0.453125,-0.03529778314810269
v5c0_corrected_v4b_075c,15.0,105.0,0.453125,-0.036045076804899275
v4b_legacy_025c,15.0,105.0,0.4609375,-0.043046681938800686
v5c0_corrected_v4b_075c,15.0,105.0,0.4609375,-0.04376645788149242
v4b_legacy_025c,15.0,105.0,0.46875,-0.04838560585729577
v5c0_corrected_v4b_075c,15.0,105.0,0.46875,-0.04907240748555811
v4b_legacy_025c,15.0,105.0,0.4765625,-0.05128377128790495
v5c0_corrected_v4b_075c,15.0,105.0,0.4765625,-0.05193312189557255
v4b_legacy_025c,15.0,105.0,0.484375,-0.0517287354083129
v5c0_corrected_v4b_075c,15.0,105.0,0.484375,-0.05233722723818062
v4b_legacy_025c,15.0,105.0,0.4921875,-0.04978958297112402
v5c0_corrected_v4b_075c,15.0,105.0,0.4921875,-0.05035492244921407
v4b_legacy_025c,15.0,105.0,0.5,-0.04552301804031044
v5c0_corrected_v4b_075c,15.0,105.0,0.5,-0.04604402560582321
v4b_legacy_025c,15.0,105.0,0.5078125,-0.039006195672483104
v5c0_corrected_v4b_075c,15.0,105.0,0.5078125,-0.03948276117587706
v4b_legacy_025c,15.0,105.0,0.515625,-0.030334518876402837
v5c0_corrected_v4b_075c,15.0,105.0,0.515625,-0.030767516022242935
v4b_legacy_025c,15.0,105.0,0.5234375,-0.019619437547393058
v5c0_corrected_v4b_075c,15.0,105.0,0.5234375,-0.020010603101106056
v4b_legacy_025c,15.0,105.0,0.53125,-0.006986320780572374
v5c0_corrected_v4b_075c,15.0,105.0,0.53125,-0.007338106057672894
v4b_legacy_025c,15.0,105.0,0.5390625,0.007427518993421425
v5c0_corrected_v4b_075c,15.0,105.0,0.5390625,0.007112115611370844
v4b_legacy_025c,15.0,105.0,0.546875,0.02347465725965094
v5c0_corrected_v4b_075c,15.0,105.0,0.546875,0.02319226745211576
v4b_legacy_025c,15.0,105.0,0.5546875,0.040999134188378035
v5c0_corrected_v4b_075c,15.0,105.0,0.5546875,0.04074619718783016
v4b_legacy_025c,15.0,105.0,0.5625,0.059837811257492185
v5c0_corrected_v4b_075c,15.0,105.0,0.5625,0.059610743056101215
v4b_legacy_025c,15.0,105.0,0.5703125,0.07982144100633386
v5c0_corrected_v4b_075c,15.0,105.0,0.5703125,0.07961678772312404
v4b_legacy_025c,15.0,105.0,0.578125,0.10077574126383712
v5c0_corrected_v4b_075c,15.0,105.0,0.578125,0.10059031054760607
v4b_legacy_025c,15.0,105.0,0.5859375,0.12252240327019533
v5c0_corrected_v4b_075c,15.0,105.0,0.5859375,0.12235336923485862
v4b_legacy_025c,15.0,105.0,0.59375,0.1448798799312266
v5c0_corrected_v4b_075c,15.0,105.0,0.59375,0.14472485880066724
v4b_legacy_025c,15.0,105.0,0.6015625,0.16766403569198293
v5c0_corrected_v4b_075c,15.0,105.0,0.6015625,0.16752113095864019
v4b_legacy_025c,15.0,105.0,0.609375,0.1906886391707131
v5c0_corrected_v4b_075c,15.0,105.0,0.609375,0.1905564565604946
v4b_legacy_025c,15.0,105.0,0.6171875,0.21376512437849612
v5c0_corrected_v4b_075c,15.0,105.0,0.6171875,0.21364275820669484
v4b_legacy_025c,15.0,105.0,0.625,0.23670367929568298
v5c0_corrected_v4b_075c,15.0,105.0,0.625,0.23659067286287153
v4b_legacy_025c,15.0,105.0,0.6328125,0.25931547018601936
v5c0_corrected_v4b_075c,15.0,105.0,0.6328125,0.25921175368928284
v4b_legacy_025c,15.0,105.0,0.640625,0.281411719292028
v5c0_corrected_v4b_075c,15.0,105.0,0.640625,0.281318079050498
v4b_legacy_025c,15.0,105.0,0.6484375,0.30278535762927966
v5c0_corrected_v4b_075c,15.0,105.0,0.6484375,0.3027229522709504
v4b_legacy_025c,15.0,105.0,0.65625,0.3232480180351056
v5c0_corrected_v4b_075c,15.0,105.0,0.65625,0.3232418277313093
v4b_legacy_025c,15.0,105.0,0.6640625,0.34262714617467094
v5c0_corrected_v4b_075c,15.0,105.0,0.6640625,0.34269337075384637
v4b_legacy_025c,15.0,105.0,0.671875,0.36075418207852594
v5c0_corrected_v4b_075c,15.0,105.0,0.671875,0.36090066545834454
v4b_legacy_025c,15.0,105.0,0.6796875,0.37746554212154754
v5c0_corrected_v4b_075c,15.0,105.0,0.6796875,0.37769257088163444
v4b_legacy_025c,15.0,105.0,0.6875,0.39260390771025727
v5c0_corrected_v4b_075c,15.0,105.0,0.6875,0.39288802568802383
v4b_legacy_025c,15.0,105.0,0.6953125,0.40601974179947037
v5c0_corrected_v4b_075c,15.0,105.0,0.6953125,0.4062685028143012
v4b_legacy_025c,15.0,105.0,0.703125,0.4175730112963525
v5c0_corrected_v4b_075c,15.0,105.0,0.703125,0.4176977370248543
v4b_legacy_025c,15.0,105.0,0.7109375,0.42713505251322914
v5c0_corrected_v4b_075c,15.0,105.0,0.7109375,0.42706190202753247
v4b_legacy_025c,15.0,105.0,0.71875,0.4345905099147508
v5c0_corrected_v4b_075c,15.0,105.0,0.71875,0.43426249346100776
v4b_legacy_025c,15.0,105.0,0.7265625,0.4398393199422402
v5c0_corrected_v4b_075c,15.0,105.0,0.7265625,0.4392171240682159
v4b_legacy_025c,15.0,105.0,0.734375,0.44279867026578623
v5c0_corrected_v4b_075c,15.0,105.0,0.734375,0.4418605395735874
v4b_legacy_025c,15.0,105.0,0.7421875,0.4434048968372478
v5c0_corrected_v4b_075c,15.0,105.0,0.7421875,0.4421458309235078
v4b_legacy_025c,15.0,105.0,0.75,0.44161526454869654
v5c0_corrected_v4b_075c,15.0,105.0,0.75,0.4400457820091131
v4b_legacy_025c,15.0,105.0,0.7578125,0.43740959751098574
v5c0_corrected_v4b_075c,15.0,105.0,0.7578125,0.4355542944287862
v4b_legacy_025c,15.0,105.0,0.765625,0.4307917002040987
v5c0_corrected_v4b_075c,15.0,105.0,0.765625,0.42868778905543825
v4b_legacy_025c,15.0,105.0,0.7734375,0.4217905449063948
v5c0_corrected_v4b_075c,15.0,105.0,0.7734375,0.4194865014339096
v4b_legacy_025c,15.0,105.0,0.78125,0.4104612071687125
v5c0_corrected_v4b_075c,15.0,105.0,0.78125,0.4080155782080952
v4b_legacy_025c,15.0,105.0,0.7890625,0.39688550172655196
v5c0_corrected_v4b_075c,15.0,105.0,0.7890625,0.394365838887795
v4b_legacy_025c,15.0,105.0,0.796875,0.3811792713993979
v5c0_corrected_v4b_075c,15.0,105.0,0.796875,0.37865410276040207
v4b_legacy_025c,15.0,105.0,0.8046875,0.3635079164190357
v5c0_corrected_v4b_075c,15.0,105.0,0.8046875,0.36102297548501117
v4b_legacy_025c,15.0,105.0,0.8125,0.3440434855242686
v5c0_corrected_v4b_075c,15.0,105.0,0.8125,0.34163999431778813
v4b_legacy_025c,15.0,105.0,0.8203125,0.32297996773179505
v5c0_corrected_v4b_075c,15.0,105.0,0.8203125,0.3206961073049697
v4b_legacy_025c,15.0,105.0,0.828125,0.30053354034562596
v5c0_corrected_v4b_075c,15.0,105.0,0.828125,0.29840342613517173
v4b_legacy_025c,15.0,105.0,0.8359375,0.2769400786160909
v5c0_corrected_v4b_075c,15.0,105.0,0.8359375,0.2749923555443755
v4b_legacy_025c,15.0,105.0,0.84375,0.25245220069549607
v5c0_corrected_v4b_075c,15.0,105.0,0.84375,0.250708184782296
v4b_legacy_025c,15.0,105.0,0.8515625,0.22733591568572467
v5c0_corrected_v4b_075c,15.0,105.0,0.8515625,0.2258073489628722
v4b_legacy_025c,15.0,105.0,0.859375,0.20186692664410216
v5c0_corrected_v4b_075c,15.0,105.0,0.859375,0.20055359026910208
v4b_legacy_025c,15.0,105.0,0.8671875,0.17632666610610964
v5c0_corrected_v4b_075c,15.0,105.0,0.8671875,0.17521428448525125
v4b_legacy_025c,15.0,105.0,0.875,0.15099815569304137
v5c0_corrected_v4b_075c,15.0,105.0,0.875,0.150057180093146
v4b_legacy_025c,15.0,105.0,0.8828125,0.12616178357669502
v5c0_corrected_v4b_075c,15.0,105.0,0.8828125,0.12534771608943804
v4b_legacy_025c,15.0,105.0,0.890625,0.10209110354112413
v5c0_corrected_v4b_075c,15.0,105.0,0.890625,0.1013469607579965
v4b_legacy_025c,15.0,105.0,0.8984375,0.07904876223765626
v5c0_corrected_v4b_075c,15.0,105.0,0.8984375,0.0783100458260892
v4b_legacy_025c,15.0,105.0,0.90625,0.05728265787234198
v5c0_corrected_v4b_075c,15.0,105.0,0.90625,0.056519890334659435
v4b_legacy_025c,15.0,105.0,0.9140625,0.03702242778411663
v5c0_corrected_v4b_075c,15.0,105.0,0.9140625,0.036242995584521154
v4b_legacy_025c,15.0,105.0,0.921875,0.018476355214267895
v5c0_corrected_v4b_075c,15.0,105.0,0.921875,0.017687987625664182
v4b_legacy_025c,15.0,105.0,0.9296875,0.001828770021271803
v5c0_corrected_v4b_075c,15.0,105.0,0.9296875,0.0010393331281107559
v4b_legacy_025c,15.0,105.0,0.9375,-0.012762000069159615
v5c0_corrected_v4b_075c,15.0,105.0,0.9375,-0.013544718052245983
v4b_legacy_025c,15.0,105.0,0.9453125,-0.025165095165820144
v5c0_corrected_v4b_075c,15.0,105.0,0.9453125,-0.02593359893638134
v4b_legacy_025c,15.0,105.0,0.953125,-0.035277985856171375
v5c0_corrected_v4b_075c,15.0,105.0,0.953125,-0.03602527951296789
v4b_legacy_025c,15.0,105.0,0.9609375,-0.04302673904382916
v5c0_corrected_v4b_075c,15.0,105.0,0.9609375,-0.0437465149865209
v4b_legacy_025c,15.0,105.0,0.96875,-0.04836572068703862
v5c0_corrected_v4b_075c,15.0,105.0,0.96875,-0.04905252231530098
v4b_legacy_025c,15.0,105.0,0.9765625,-0.05127678203911582
v5c0_corrected_v4b_075c,15.0,105.0,0.9765625,-0.051926132646783384
v4b_legacy_025c,15.0,105.0,0.984375,-0.05174796921505097
v5c0_corrected_v4b_075c,15.0,105.0,0.984375,-0.05235646104491869
v4b_legacy_025c,15.0,105.0,0.9921875,-0.049808129815748614
v5c0_corrected_v4b_075c,15.0,105.0,0.9921875,-0.050373469293838666
v4b_legacy_025c,25.0,45.0,0.0,-0.18449030647861872
v5c0_corrected_v4b_075c,25.0,45.0,0.0,-0.1740613959649974
v4b_legacy_025c,25.0,45.0,0.0078125,-0.14912392981982195
v5c0_corrected_v4b_075c,25.0,45.0,0.0078125,-0.13825094027012688
v4b_legacy_025c,25.0,45.0,0.015625,-0.12552609291245498
v5c0_corrected_v4b_075c,25.0,45.0,0.015625,-0.11413501955043223
v4b_legacy_025c,25.0,45.0,0.0234375,-0.10992489716395958
v5c0_corrected_v4b_075c,25.0,45.0,0.0234375,-0.09779148755215822
v4b_legacy_025c,25.0,45.0,0.03125,-0.09216297393142074
v5c0_corrected_v4b_075c,25.0,45.0,0.03125,-0.0792087861467553
v4b_legacy_025c,25.0,45.0,0.0390625,-0.06917178290216905
v5c0_corrected_v4b_075c,25.0,45.0,0.0390625,-0.05543812920451892
v4b_legacy_025c,25.0,45.0,0.046875,-0.038074533119661504
v5c0_corrected_v4b_075c,25.0,45.0,0.046875,-0.023618901915960232
v4b_legacy_025c,25.0,45.0,0.0546875,-0.0033726460431377676
v5c0_corrected_v4b_075c,25.0,45.0,0.0546875,0.011731072368319566
v4b_legacy_025c,25.0,45.0,0.0625,0.038977460816426585
v5c0_corrected_v4b_075c,25.0,45.0,0.0625,0.05463936613127876
v4b_legacy_025c,25.0,45.0,0.0703125,0.08720075169466324
v5c0_corrected_v4b_075c,25.0,45.0,0.0703125,0.1033159648516929
v4b_legacy_025c,25.0,45.0,0.078125,0.13194811265148956
v5c0_corrected_v4b_075c,25.0,45.0,0.078125,0.14839843184182688
v4b_legacy_025c,25.0,45.0,0.0859375,0.18366937445715603
v5c0_corrected_v4b_075c,25.0,45.0,0.0859375,0.20032550623647563
v4b_legacy_025c,25.0,45.0,0.09375,0.2331031515039588
v5c0_corrected_v4b_075c,25.0,45.0,0.09375,0.24982743592229611
v4b_legacy_025c,25.0,45.0,0.1015625,0.27940594658673684
v5c0_corrected_v4b_075c,25.0,45.0,0.1015625,0.2960554693161808
v4b_legacy_025c,25.0,45.0,0.109375,0.3253088284010427
v5c0_corrected_v4b_075c,25.0,45.0,0.109375,0.3417387937313709
v4b_legacy_025c,25.0,45.0,0.1171875,0.368344103011034
v5c0_corrected_v4b_075c,25.0,45.0,0.1171875,0.3844113300722199
v4b_legacy_025c,25.0,45.0,0.125,0.40741848234766725
v5c0_corrected_v4b_075c,25.0,45.0,0.125,0.42298488324758027
v4b_legacy_025c,25.0,45.0,0.1328125,0.44371683747038887
v5c0_corrected_v4b_075c,25.0,45.0,0.1328125,0.4586527399612278
v4b_legacy_025c,25.0,45.0,0.140625,0.4757559880091913
v5c0_corrected_v4b_075c,25.0,45.0,0.140625,0.4899431761511622
v4b_legacy_025c,25.0,45.0,0.1484375,0.5029589792057647
v5c0_corrected_v4b_075c,25.0,45.0,0.1484375,0.5162933422705176
v4b_legacy_025c,25.0,45.0,0.15625,0.5268358769305739
v5c0_corrected_v4b_075c,25.0,45.0,0.15625,0.5392295782101055
v4b_legacy_025c,25.0,45.0,0.1640625,0.5445592876288802
v5c0_corrected_v4b_075c,25.0,45.0,0.1640625,0.5559423894503225
v4b_legacy_025c,25.0,45.0,0.171875,0.5556713252318956
v5c0_corrected_v4b_075c,25.0,45.0,0.171875,0.5659928328128025
v4b_legacy_025c,25.0,45.0,0.1796875,0.5631666701833297
v5c0_corrected_v4b_075c,25.0,45.0,0.1796875,0.572394983500975
v4b_legacy_025c,25.0,45.0,0.1875,0.5666514737272732
v5c0_corrected_v4b_075c,25.0,45.0,0.1875,0.5747742619263447
v4b_legacy_025c,25.0,45.0,0.1953125,0.565625468974088
v5c0_corrected_v4b_075c,25.0,45.0,0.1953125,0.5726517338285594
v4b_legacy_025c,25.0,45.0,0.203125,0.5699623780361635
v5c0_corrected_v4b_075c,25.0,45.0,0.203125,0.5760696047568652
v4b_legacy_025c,25.0,45.0,0.2109375,0.5443221561203813
v5c0_corrected_v4b_075c,25.0,45.0,0.2109375,0.5496906283990368
v4b_legacy_025c,25.0,45.0,0.21875,0.527950413936036
v5c0_corrected_v4b_075c,25.0,45.0,0.21875,0.5326455254185386
v4b_legacy_025c,25.0,45.0,0.2265625,0.5056343711948345
v5c0_corrected_v4b_075c,25.0,45.0,0.2265625,0.5096330519616665
v4b_legacy_025c,25.0,45.0,0.234375,0.4777405570276008
v5c0_corrected_v4b_075c,25.0,45.0,0.234375,0.48096913245415185
v4b_legacy_025c,25.0,45.0,0.2421875,0.4474740750462751
v5c0_corrected_v4b_075c,25.0,45.0,0.2421875,0.4498497573156893
v4b_legacy_025c,25.0,45.0,0.25,0.4151014222760273
v5c0_corrected_v4b_075c,25.0,45.0,0.25,0.41659909092886727
v4b_legacy_025c,25.0,45.0,0.2578125,0.3819971833193894
v5c0_corrected_v4b_075c,25.0,45.0,0.2578125,0.3827258394386711
v4b_legacy_025c,25.0,45.0,0.265625,0.34612128446420054
v5c0_corrected_v4b_075c,25.0,45.0,0.265625,0.34614734590868274
v4b_legacy_025c,25.0,45.0,0.2734375,0.31056616606316373
v5c0_corrected_v4b_075c,25.0,45.0,0.2734375,0.30986152248485627
v4b_legacy_025c,25.0,45.0,0.28125,0.2727906934344247
v5c0_corrected_v4b_075c,25.0,45.0,0.28125,0.27157627395745404
v4b_legacy_025c,25.0,45.0,0.2890625,0.23088393007884472
v5c0_corrected_v4b_075c,25.0,45.0,0.2890625,0.22943936398688988
v4b_legacy_025c,25.0,45.0,0.296875,0.1854334116400481
v5c0_corrected_v4b_075c,25.0,45.0,0.296875,0.18392947471855126
v4b_legacy_025c,25.0,45.0,0.3046875,0.13302471235898086
v5c0_corrected_v4b_075c,25.0,45.0,0.3046875,0.13150850006203044
v4b_legacy_025c,25.0,45.0,0.3125,0.06877886610161295
v5c0_corrected_v4b_075c,25.0,45.0,0.3125,0.06729025104840786
v4b_legacy_025c,25.0,45.0,0.3203125,-0.002924390130767631
v5c0_corrected_v4b_075c,25.0,45.0,0.3203125,-0.004346642904298203
v4b_legacy_025c,25.0,45.0,0.328125,-0.07799370692961366
v5c0_corrected_v4b_075c,25.0,45.0,0.328125,-0.07931214958574088
v4b_legacy_025c,25.0,45.0,0.3359375,-0.15520552918819389
v5c0_corrected_v4b_075c,25.0,45.0,0.3359375,-0.1563841996156822
v4b_legacy_025c,25.0,45.0,0.34375,-0.2665956065479547
v5c0_corrected_v4b_075c,25.0,45.0,0.34375,-0.2676001597831387
v4b_legacy_025c,25.0,45.0,0.3515625,-0.3033273720711883
v5c0_corrected_v4b_075c,25.0,45.0,0.3515625,-0.3041251800343837
v4b_legacy_025c,25.0,45.0,0.359375,-0.33294016748135563
v5c0_corrected_v4b_075c,25.0,45.0,0.359375,-0.3335003937536996
v4b_legacy_025c,25.0,45.0,0.3671875,-0.3656114293375693
v5c0_corrected_v4b_075c,25.0,45.0,0.3671875,-0.36590508680300937
v4b_legacy_025c,25.0,45.0,0.375,-0.3828988332953801
v5c0_corrected_v4b_075c,25.0,45.0,0.375,-0.3828988332953801
v4b_legacy_025c,25.0,45.0,0.3828125,-0.43662613869417616
v5c0_corrected_v4b_075c,25.0,45.0,0.3828125,-0.4363073408054562
v4b_legacy_025c,25.0,45.0,0.390625,-0.4721818106567117
v5c0_corrected_v4b_075c,25.0,45.0,0.390625,-0.47152108221723366
v4b_legacy_025c,25.0,45.0,0.3984375,-0.49605918235079677
v5c0_corrected_v4b_075c,25.0,45.0,0.3984375,-0.49503547634244827
v4b_legacy_025c,25.0,45.0,0.40625,-0.47149413382207583
v5c0_corrected_v4b_075c,25.0,45.0,0.40625,-0.470088592602191
v4b_legacy_025c,25.0,45.0,0.4140625,-0.4991594662215594
v5c0_corrected_v4b_075c,25.0,45.0,0.4140625,-0.4973555568421785
v4b_legacy_025c,25.0,45.0,0.421875,-0.47396644138373906
v5c0_corrected_v4b_075c,25.0,45.0,0.421875,-0.47175012585647064
v4b_legacy_025c,25.0,45.0,0.4296875,-0.4396886156641506
v5c0_corrected_v4b_075c,25.0,45.0,0.4296875,-0.4370485565894948
v4b_legacy_025c,25.0,45.0,0.4375,-0.43138710963926913
v5c0_corrected_v4b_075c,25.0,45.0,0.4375,-0.4283149082623124
v4b_legacy_025c,25.0,45.0,0.4453125,-0.4051173038867003
v5c0_corrected_v4b_075c,25.0,45.0,0.4453125,-0.40148896786479343
v4b_legacy_025c,25.0,45.0,0.453125,-0.36176297232028753
v5c0_corrected_v4b_075c,25.0,45.0,0.453125,-0.35696258488642624
v4b_legacy_025c,25.0,45.0,0.4609375,-0.3118631028896526
v5c0_corrected_v4b_075c,25.0,45.0,0.4609375,-0.305552403458392
v4b_legacy_025c,25.0,45.0,0.46875,-0.25991346411265814
v5c0_corrected_v4b_075c,25.0,45.0,0.46875,-0.25248322774635334
v4b_legacy_025c,25.0,45.0,0.4765625,-0.25039264213361323
v5c0_corrected_v4b_075c,25.0,45.0,0.4765625,-0.24198040690089306
v4b_legacy_025c,25.0,45.0,0.484375,-0.2440161591757641
v5c0_corrected_v4b_075c,25.0,45.0,0.484375,-0.23466983054041599
v4b_legacy_025c,25.0,45.0,0.4921875,-0.213322430926281
v5c0_corrected_v4b_075c,25.0,45.0,0.4921875,-0.2032785759643595
v4b_legacy_025c,25.0,45.0,0.5,-0.1801945857833969
v5c0_corrected_v4b_075c,25.0,45.0,0.5,-0.1696350673681422
v4b_legacy_025c,25.0,45.0,0.5078125,-0.14524009080235664
v5c0_corrected_v4b_075c,25.0,45.0,0.5078125,-0.1342357344622076
v4b_legacy_025c,25.0,45.0,0.515625,-0.11768850721935294
v5c0_corrected_v4b_075c,25.0,45.0,0.515625,-0.10616168911371082
v4b_legacy_025c,25.0,45.0,0.5234375,-0.10125301399758244
v5c0_corrected_v4b_075c,25.0,45.0,0.5234375,-0.08897128652228001
v4b_legacy_025c,25.0,45.0,0.53125,-0.08532500717671637
v5c0_corrected_v4b_075c,25.0,45.0,0.53125,-0.07220629522735078
v4b_legacy_025c,25.0,45.0,0.5390625,-0.06362788161345052
v5c0_corrected_v4b_075c,25.0,45.0,0.5390625,-0.049713351132945754
v4b_legacy_025c,25.0,45.0,0.546875,-0.035609008601642074
v5c0_corrected_v4b_075c,25.0,45.0,0.546875,-0.02095626732488817
v4b_legacy_025c,25.0,45.0,0.5546875,-0.0012203571124479121
v5c0_corrected_v4b_075c,25.0,45.0,0.5546875,0.01409630405490737
v4b_legacy_025c,25.0,45.0,0.5625,0.0400078416948534
v5c0_corrected_v4b_075c,25.0,45.0,0.5625,0.05589783384599006
v4b_legacy_025c,25.0,45.0,0.5703125,0.09112405912602459
v5c0_corrected_v4b_075c,25.0,45.0,0.5703125,0.10748152916388878
v4b_legacy_025c,25.0,45.0,0.578125,0.13791514646445097
v5c0_corrected_v4b_075c,25.0,45.0,0.578125,0.1546206448574479
v4b_legacy_025c,25.0,45.0,0.5859375,0.1862845857099098
v5c0_corrected_v4b_075c,25.0,45.0,0.5859375,0.20320731803043268
v4b_legacy_025c,25.0,45.0,0.59375,0.23463472790382034
v5c0_corrected_v4b_075c,25.0,45.0,0.59375,0.2516353082046123
v4b_legacy_025c,25.0,45.0,0.6015625,0.2831159305120968
v5c0_corrected_v4b_075c,25.0,45.0,0.6015625,0.30004952837524135
v4b_legacy_025c,25.0,45.0,0.609375,0.32790220592355007
v5c0_corrected_v4b_075c,25.0,45.0,0.609375,0.34462195969497944
v4b_legacy_025c,25.0,45.0,0.6171875,0.369446101989636
v5c0_corrected_v4b_075c,25.0,45.0,0.6171875,0.38580665906385275
v4b_legacy_025c,25.0,45.0,0.625,0.4083009647252542
v5c0_corrected_v4b_075c,25.0,45.0,0.625,0.4241620060090341
v4b_legacy_025c,25.0,45.0,0.6328125,0.44383434422317813
v5c0_corrected_v4b_075c,25.0,45.0,0.6328125,0.4590639538333227
v4b_legacy_025c,25.0,45.0,0.640625,0.4757762665238671
v5c0_corrected_v4b_075c,25.0,45.0,0.640625,0.4902540186895663
v4b_legacy_025c,25.0,45.0,0.6484375,0.5026475962174378
v5c0_corrected_v4b_075c,25.0,45.0,0.6484375,0.5162672482437204
v4b_legacy_025c,25.0,45.0,0.65625,0.5248178251473151
v5c0_corrected_v4b_075c,25.0,45.0,0.65625,0.5374895268737487
v4b_legacy_025c,25.0,45.0,0.6640625,0.5413319201723163
v5c0_corrected_v4b_075c,25.0,45.0,0.6640625,0.5529838751835859
v4b_legacy_025c,25.0,45.0,0.671875,0.5549566997869234
v5c0_corrected_v4b_075c,25.0,45.0,0.671875,0.5655362401775451
v4b_legacy_025c,25.0,45.0,0.6796875,0.5631479605299266
v5c0_corrected_v4b_075c,25.0,45.0,0.6796875,0.572622023789787
v4b_legacy_025c,25.0,45.0,0.6875,0.5650881313419747
v5c0_corrected_v4b_075c,25.0,45.0,0.6875,0.5734431535104644
v4b_legacy_025c,25.0,45.0,0.6953125,0.5614804459381527
v5c0_corrected_v4b_075c,25.0,45.0,0.6953125,0.5687245594737796
v4b_legacy_025c,25.0,45.0,0.703125,0.5592958975001188
v5c0_corrected_v4b_075c,25.0,45.0,0.703125,0.5656131727151279
v4b_legacy_025c,25.0,45.0,0.7109375,0.55333309065463
v5c0_corrected_v4b_075c,25.0,45.0,0.7109375,0.5589115264960491
v4b_legacy_025c,25.0,45.0,0.71875,0.5199856071342767
v5c0_corrected_v4b_075c,25.0,45.0,0.71875,0.524893474080731
v4b_legacy_025c,25.0,45.0,0.7265625,0.4990299063639462
v5c0_corrected_v4b_075c,25.0,45.0,0.7265625,0.5032422006765928
v4b_legacy_025c,25.0,45.0,0.734375,0.47196647632973304
v5c0_corrected_v4b_075c,25.0,45.0,0.734375,0.4754034222312854
v4b_legacy_025c,25.0,45.0,0.7421875,0.44276414922612384
v5c0_corrected_v4b_075c,25.0,45.0,0.7421875,0.4453338267603874
v4b_legacy_025c,25.0,45.0,0.75,0.41157316123678434
v5c0_corrected_v4b_075c,25.0,45.0,0.75,0.4132421600482899
v4b_legacy_025c,25.0,45.0,0.7578125,0.37968579813010955
v5c0_corrected_v4b_075c,25.0,45.0,0.7578125,0.3805634186056719
v4b_legacy_025c,25.0,45.0,0.765625,0.3484680352694274
v5c0_corrected_v4b_075c,25.0,45.0,0.765625,0.3486158537687479
v4b_legacy_025c,25.0,45.0,0.7734375,0.31290451977929734
v5c0_corrected_v4b_075c,25.0,45.0,0.7734375,0.31227243327391496
v4b_legacy_025c,25.0,45.0,0.78125,0.2724961003216307
v5c0_corrected_v4b_075c,25.0,45.0,0.78125,0.2713079015280619
v4b_legacy_025c,25.0,45.0,0.7890625,0.23145687200637827
v5c0_corrected_v4b_075c,25.0,45.0,0.7890625,0.23001401823768342
v4b_legacy_025c,25.0,45.0,0.796875,0.18847783168071805
v5c0_corrected_v4b_075c,25.0,45.0,0.796875,0.1869738947592212
v4b_legacy_025c,25.0,45.0,0.8046875,0.13743804032701792
v5c0_corrected_v4b_075c,25.0,45.0,0.8046875,0.13592182803006755
v4b_legacy_025c,25.0,45.0,0.8125,0.07504972920402411
v5c0_corrected_v4b_075c,25.0,45.0,0.8125,0.07356111415081903
v4b_legacy_025c,25.0,45.0,0.8203125,0.006652014864098269
v5c0_corrected_v4b_075c,25.0,45.0,0.8203125,0.005229762090567656
v4b_legacy_025c,25.0,45.0,0.828125,-0.07177505968945698
v5c0_corrected_v4b_075c,25.0,45.0,0.828125,-0.07309350234558429
v4b_legacy_025c,25.0,45.0,0.8359375,-0.1469554542805773
v5c0_corrected_v4b_075c,25.0,45.0,0.8359375,-0.14813412470806567
v4b_legacy_025c,25.0,45.0,0.84375,-0.22329323189960826
v5c0_corrected_v4b_075c,25.0,45.0,0.84375,-0.22429778513479223
v4b_legacy_025c,25.0,45.0,0.8515625,-0.3216220605908968
v5c0_corrected_v4b_075c,25.0,45.0,0.8515625,-0.3224198685540923
v4b_legacy_025c,25.0,45.0,0.859375,-0.3629497850912134
v5c0_corrected_v4b_075c,25.0,45.0,0.859375,-0.3635100113635573
v4b_legacy_025c,25.0,45.0,0.8671875,-0.3670283272579947
v5c0_corrected_v4b_075c,25.0,45.0,0.8671875,-0.3673219847234347
v4b_legacy_025c,25.0,45.0,0.875,-0.38217709269086647
v5c0_corrected_v4b_075c,25.0,45.0,0.875,-0.38217709269086647
v4b_legacy_025c,25.0,45.0,0.8828125,-0.3851373800995924
v5c0_corrected_v4b_075c,25.0,45.0,0.8828125,-0.38481858221087245
v4b_legacy_025c,25.0,45.0,0.890625,-0.4138750917798384
v5c0_corrected_v4b_075c,25.0,45.0,0.890625,-0.41321436334036027
v4b_legacy_025c,25.0,45.0,0.8984375,-0.45251016517906945
v5c0_corrected_v4b_075c,25.0,45.0,0.8984375,-0.45148645917072094
v4b_legacy_025c,25.0,45.0,0.90625,-0.5101727914813539
v5c0_corrected_v4b_075c,25.0,45.0,0.90625,-0.5087672502614692
v4b_legacy_025c,25.0,45.0,0.9140625,-0.4813964612359712
v5c0_corrected_v4b_075c,25.0,45.0,0.9140625,-0.4795925518565904
v4b_legacy_025c,25.0,45.0,0.921875,-0.41749223657595985
v5c0_corrected_v4b_075c,25.0,45.0,0.921875,-0.41527592104869154
v4b_legacy_025c,25.0,45.0,0.9296875,-0.38999575413995025
v5c0_corrected_v4b_075c,25.0,45.0,0.9296875,-0.3873556950652945
v4b_legacy_025c,25.0,45.0,0.9375,-0.36989116806469813
v5c0_corrected_v4b_075c,25.0,45.0,0.9375,-0.3668189666877413
v4b_legacy_025c,25.0,45.0,0.9453125,-0.3647259746122565
v5c0_corrected_v4b_075c,25.0,45.0,0.9453125,-0.36110190980130386
v4b_legacy_025c,25.0,45.0,0.953125,-0.349557418627865
v5c0_corrected_v4b_075c,25.0,45.0,0.953125,-0.34478641160965473
v4b_legacy_025c,25.0,45.0,0.9609375,-0.33023849663642024
v5c0_corrected_v4b_075c,25.0,45.0,0.9609375,-0.32399173602303033
v4b_legacy_025c,25.0,45.0,0.96875,-0.3098171998908286
v5c0_corrected_v4b_075c,25.0,45.0,0.96875,-0.3024708441319042
v4b_legacy_025c,25.0,45.0,0.9765625,-0.2868280411905286
v5c0_corrected_v4b_075c,25.0,45.0,0.9765625,-0.27851458674731155
v4b_legacy_025c,25.0,45.0,0.984375,-0.260884123175989
v5c0_corrected_v4b_075c,25.0,45.0,0.984375,-0.2516498317630696
v4b_legacy_025c,25.0,45.0,0.9921875,-0.23037256855325716
v5c0_corrected_v4b_075c,25.0,45.0,0.9921875,-0.22044715882528074
v4b_legacy_025c,25.0,60.0,0.0,-0.07992993476134834
v5c0_corrected_v4b_075c,25.0,60.0,0.0,-0.06985028929140204
v4b_legacy_025c,25.0,60.0,0.0078125,-0.04484319739435163
v5c0_corrected_v4b_075c,25.0,60.0,0.0078125,-0.034110970801658425
v4b_legacy_025c,25.0,60.0,0.015625,-0.007733726303891136
v5c0_corrected_v4b_075c,25.0,60.0,0.015625,0.0036333189951794345
v4b_legacy_025c,25.0,60.0,0.0234375,0.03103578509867969
v5c0_corrected_v4b_075c,25.0,60.0,0.0234375,0.04300818291337375
v4b_legacy_025c,25.0,60.0,0.03125,0.070863895678178
v5c0_corrected_v4b_075c,25.0,60.0,0.03125,0.08339936317893891
v4b_legacy_025c,25.0,60.0,0.0390625,0.10379958837131797
v5c0_corrected_v4b_075c,25.0,60.0,0.0390625,0.11678526223839135
v4b_legacy_025c,25.0,60.0,0.046875,0.13227821110206933
v5c0_corrected_v4b_075c,25.0,60.0,0.046875,0.14555648971946392
v4b_legacy_025c,25.0,60.0,0.0546875,0.16053557946111813
v5c0_corrected_v4b_075c,25.0,60.0,0.0546875,0.1739649361194218
v4b_legacy_025c,25.0,60.0,0.0625,0.1903435385805577
v5c0_corrected_v4b_075c,25.0,60.0,0.0625,0.20380048619950922
v4b_legacy_025c,25.0,60.0,0.0703125,0.22184997585596683
v5c0_corrected_v4b_075c,25.0,60.0,0.0703125,0.23522811076223588
v4b_legacy_025c,25.0,60.0,0.078125,0.254355717863972
v5c0_corrected_v4b_075c,25.0,60.0,0.078125,0.26756305586789597
v4b_legacy_025c,25.0,60.0,0.0859375,0.28771182507655196
v5c0_corrected_v4b_075c,25.0,60.0,0.0859375,0.30066768942226835
v4b_legacy_025c,25.0,60.0,0.09375,0.32027885850003757
v5c0_corrected_v4b_075c,25.0,60.0,0.09375,0.332911286194047
v4b_legacy_025c,25.0,60.0,0.1015625,0.3515803278635491
v5c0_corrected_v4b_075c,25.0,60.0,0.1015625,0.36382445662444063
v4b_legacy_025c,25.0,60.0,0.109375,0.37909746058019106
v5c0_corrected_v4b_075c,25.0,60.0,0.109375,0.3908948220751173
v4b_legacy_025c,25.0,60.0,0.1171875,0.40644601153396054
v5c0_corrected_v4b_075c,25.0,60.0,0.1171875,0.41774425848423213
v4b_legacy_025c,25.0,60.0,0.125,0.42678917028199403
v5c0_corrected_v4b_075c,25.0,60.0,0.125,0.4375416165236256
v4b_legacy_025c,25.0,60.0,0.1328125,0.4399615824930141
v5c0_corrected_v4b_075c,25.0,60.0,0.1328125,0.45012605916109033
v4b_legacy_025c,25.0,60.0,0.140625,0.45260866951814377
v5c0_corrected_v4b_075c,25.0,60.0,0.140625,0.46214553360178307
v4b_legacy_025c,25.0,60.0,0.1484375,0.4580392848608345
v5c0_corrected_v4b_075c,25.0,60.0,0.1484375,0.46690883580368486
v4b_legacy_025c,25.0,60.0,0.15625,0.46621173695445695
v5c0_corrected_v4b_075c,25.0,60.0,0.15625,0.4743716629474484
v4b_legacy_025c,25.0,60.0,0.1640625,0.46327696780747957
v5c0_corrected_v4b_075c,25.0,60.0,0.1640625,0.4706806409008674
v4b_legacy_025c,25.0,60.0,0.171875,0.4723217461568176
v5c0_corrected_v4b_075c,25.0,60.0,0.171875,0.47891815388729564
v4b_legacy_025c,25.0,60.0,0.1796875,0.4576649501266364
v5c0_corrected_v4b_075c,25.0,60.0,0.1796875,0.4634007963316489
v4b_legacy_025c,25.0,60.0,0.1875,0.44841758859866776
v5c0_corrected_v4b_075c,25.0,60.0,0.1875,0.45324338457430363
v4b_legacy_025c,25.0,60.0,0.1953125,0.4403838645594581
v5c0_corrected_v4b_075c,25.0,60.0,0.1953125,0.4443135651709797
v4b_legacy_025c,25.0,60.0,0.203125,0.4306958847985164
v5c0_corrected_v4b_075c,25.0,60.0,0.203125,0.4337823713878377
v4b_legacy_025c,25.0,60.0,0.2109375,0.4071485770718647
v5c0_corrected_v4b_075c,25.0,60.0,0.2109375,0.4094558542915038
v4b_legacy_025c,25.0,60.0,0.21875,0.3563950413322792
v5c0_corrected_v4b_075c,25.0,60.0,0.21875,0.35797978481150317
v4b_legacy_025c,25.0,60.0,0.2265625,0.33629870969554004
v5c0_corrected_v4b_075c,25.0,60.0,0.2265625,0.33697969390183785
v4b_legacy_025c,25.0,60.0,0.234375,0.3056734567512633
v5c0_corrected_v4b_075c,25.0,60.0,0.234375,0.30543830597500937
v4b_legacy_025c,25.0,60.0,0.2421875,0.27985767434052516
v5c0_corrected_v4b_075c,25.0,60.0,0.2421875,0.2789167494658198
v4b_legacy_025c,25.0,60.0,0.25,0.24716920829106528
v5c0_corrected_v4b_075c,25.0,60.0,0.25,0.24583228665464854
v4b_legacy_025c,25.0,60.0,0.2578125,0.23890362039510296
v5c0_corrected_v4b_075c,25.0,60.0,0.2578125,0.23747168628491985
v4b_legacy_025c,25.0,60.0,0.265625,0.23066171878620445
v5c0_corrected_v4b_075c,25.0,60.0,0.265625,0.22924425736202655
v4b_legacy_025c,25.0,60.0,0.2734375,0.2019307186630197
v5c0_corrected_v4b_075c,25.0,60.0,0.2734375,0.20056327840106297
v4b_legacy_025c,25.0,60.0,0.28125,0.1983685149463803
v5c0_corrected_v4b_075c,25.0,60.0,0.28125,0.19708517362069453
v4b_legacy_025c,25.0,60.0,0.2890625,0.1606726677417407
v5c0_corrected_v4b_075c,25.0,60.0,0.2890625,0.15950575608362946
v4b_legacy_025c,25.0,60.0,0.296875,0.1280769194542409
v5c0_corrected_v4b_075c,25.0,60.0,0.296875,0.12705679288397714
v4b_legacy_025c,25.0,60.0,0.3046875,0.079930910537036
v5c0_corrected_v4b_075c,25.0,60.0,0.3046875,0.0790857694194531
v4b_legacy_025c,25.0,60.0,0.3125,0.04399073247817705
v5c0_corrected_v4b_075c,25.0,60.0,0.3125,0.04334649008050017
v4b_legacy_025c,25.0,60.0,0.3203125,-0.005990579376419104
v5c0_corrected_v4b_075c,25.0,60.0,0.3203125,-0.006410383323123162
v4b_legacy_025c,25.0,60.0,0.328125,-0.05027620261880293
v5c0_corrected_v4b_075c,25.0,60.0,0.328125,-0.050450446116742
v4b_legacy_025c,25.0,60.0,0.3359375,-0.08564220730858677
v5c0_corrected_v4b_075c,25.0,60.0,0.3359375,-0.08555219263762703
v4b_legacy_025c,25.0,60.0,0.34375,-0.10859203451836048
v5c0_corrected_v4b_075c,25.0,60.0,0.34375,-0.10822146287382516
v4b_legacy_025c,25.0,60.0,0.3515625,-0.11833461990809395
v5c0_corrected_v4b_075c,25.0,60.0,0.3515625,-0.11766954092448174
v4b_legacy_025c,25.0,60.0,0.359375,-0.1685074060494302
v5c0_corrected_v4b_075c,25.0,60.0,0.359375,-0.16753614988492238
v4b_legacy_025c,25.0,60.0,0.3671875,-0.18983736223538233
v5c0_corrected_v4b_075c,25.0,60.0,0.3671875,-0.1885504625469752
v4b_legacy_025c,25.0,60.0,0.375,-0.21157704186894236
v5c0_corrected_v4b_075c,25.0,60.0,0.375,-0.20996715836371768
v4b_legacy_025c,25.0,60.0,0.3828125,-0.2417501892474787
v5c0_corrected_v4b_075c,25.0,60.0,0.3828125,-0.2398120384756967
v4b_legacy_025c,25.0,60.0,0.390625,-0.2531164259652761
v5c0_corrected_v4b_075c,25.0,60.0,0.390625,-0.2508467285518605
v4b_legacy_025c,25.0,60.0,0.3984375,-0.2566731011302674
v5c0_corrected_v4b_075c,25.0,60.0,0.3984375,-0.2540705526608147
v4b_legacy_025c,25.0,60.0,0.40625,-0.2578602694679979
v5c0_corrected_v4b_075c,25.0,60.0,0.40625,-0.2549255407150285
v4b_legacy_025c,25.0,60.0,0.4140625,-0.26494645783952736
v5c0_corrected_v4b_075c,25.0,60.0,0.4140625,-0.2616822279319876
v4b_legacy_025c,25.0,60.0,0.421875,-0.2681378830976768
v5c0_corrected_v4b_075c,25.0,60.0,0.421875,-0.2645489066482488
v4b_legacy_025c,25.0,60.0,0.4296875,-0.2637408959370825
v5c0_corrected_v4b_075c,25.0,60.0,0.4296875,-0.2598341021527583
v4b_legacy_025c,25.0,60.0,0.4375,-0.25585782505630844
v5c0_corrected_v4b_075c,25.0,60.0,0.4375,-0.2516424436356533
v4b_legacy_025c,25.0,60.0,0.4453125,-0.24487493412680084
v5c0_corrected_v4b_075c,25.0,60.0,0.4453125,-0.2403598890380265
v4b_legacy_025c,25.0,60.0,0.453125,-0.23070290437728358
v5c0_corrected_v4b_075c,25.0,60.0,0.453125,-0.22561943836961135
v4b_legacy_025c,25.0,60.0,0.4609375,-0.21336548218217488
v5c0_corrected_v4b_075c,25.0,60.0,0.4609375,-0.20731021063500538
v4b_legacy_025c,25.0,60.0,0.46875,-0.19318841677833615
v5c0_corrected_v4b_075c,25.0,60.0,0.46875,-0.18596384174840308
v4b_legacy_025c,25.0,60.0,0.4765625,-0.16969762901498434
v5c0_corrected_v4b_075c,25.0,60.0,0.4765625,-0.16149275214486383
v4b_legacy_025c,25.0,60.0,0.484375,-0.1426471993887906
v5c0_corrected_v4b_075c,25.0,60.0,0.484375,-0.1337773832081005
v4b_legacy_025c,25.0,60.0,0.4921875,-0.11266565744436807
v5c0_corrected_v4b_075c,25.0,60.0,0.4921875,-0.10312346727877122
v4b_legacy_025c,25.0,60.0,0.5,-0.08007682936370346
v5c0_corrected_v4b_075c,25.0,60.0,0.5,-0.06986009365704231
v4b_legacy_025c,25.0,60.0,0.5078125,-0.045135833080588085
v5c0_corrected_v4b_075c,25.0,60.0,0.5078125,-0.03425140871885131
v4b_legacy_025c,25.0,60.0,0.515625,-0.008150604746858728
v5c0_corrected_v4b_075c,25.0,60.0,0.515625,0.003384089174742872
v4b_legacy_025c,25.0,60.0,0.5234375,0.030466276603661066
v5c0_corrected_v4b_075c,25.0,60.0,0.5234375,0.04262191174784311
v4b_legacy_025c,25.0,60.0,0.53125,0.07031045753777462
v5c0_corrected_v4b_075c,25.0,60.0,0.53125,0.08304465450148243
v4b_legacy_025c,25.0,60.0,0.5390625,0.10478528005663248
v5c0_corrected_v4b_075c,25.0,60.0,0.5390625,0.11798304846471877
v4b_legacy_025c,25.0,60.0,0.546875,0.13422255072911682
v5c0_corrected_v4b_075c,25.0,60.0,0.546875,0.14772298220975
v4b_legacy_025c,25.0,60.0,0.5546875,0.16236460182058637
v5c0_corrected_v4b_075c,25.0,60.0,0.5546875,0.1760235236067922
v4b_legacy_025c,25.0,60.0,0.5625,0.19179038981883562
v5c0_corrected_v4b_075c,25.0,60.0,0.5625,0.20548230854319652
v4b_legacy_025c,25.0,60.0,0.5703125,0.22287679551822376
v5c0_corrected_v4b_075c,25.0,60.0,0.5703125,0.2364938468563199
v4b_legacy_025c,25.0,60.0,0.578125,0.2550999260340627
v5c0_corrected_v4b_075c,25.0,60.0,0.578125,0.2685490801479273
v4b_legacy_025c,25.0,60.0,0.5859375,0.28792122611420373
v5c0_corrected_v4b_075c,25.0,60.0,0.5859375,0.3011210433623204
v4b_legacy_025c,25.0,60.0,0.59375,0.3205002345987679
v5c0_corrected_v4b_075c,25.0,60.0,0.59375,0.3333781632832115
v4b_legacy_025c,25.0,60.0,0.6015625,0.3510394796166073
v5c0_corrected_v4b_075c,25.0,60.0,0.6015625,0.36353016902058843
v4b_legacy_025c,25.0,60.0,0.609375,0.3805383703912648
v5c0_corrected_v4b_075c,25.0,60.0,0.609375,0.392582921057718
v4b_legacy_025c,25.0,60.0,0.6171875,0.40603907302483694
v5c0_corrected_v4b_075c,25.0,60.0,0.6171875,0.4175847368960522
v4b_legacy_025c,25.0,60.0,0.625,0.4269090771695014
v5c0_corrected_v4b_075c,25.0,60.0,0.625,0.43790876664425904
v4b_legacy_025c,25.0,60.0,0.6328125,0.44639154224169575
v5c0_corrected_v4b_075c,25.0,60.0,0.6328125,0.4568026332578881
v4b_legacy_025c,25.0,60.0,0.640625,0.45029846271056545
v5c0_corrected_v4b_075c,25.0,60.0,0.640625,0.46008071800617756
v4b_legacy_025c,25.0,60.0,0.6484375,0.4698651337491232
v5c0_corrected_v4b_075c,25.0,60.0,0.6484375,0.4789780033736693
v4b_legacy_025c,25.0,60.0,0.65625,0.459967069918106
v5c0_corrected_v4b_075c,25.0,60.0,0.65625,0.46836700390692054
v4b_legacy_025c,25.0,60.0,0.6640625,0.47447771331390814
v5c0_corrected_v4b_075c,25.0,60.0,0.6640625,0.4821163281777205
v4b_legacy_025c,25.0,60.0,0.671875,0.4764133950786912
v5c0_corrected_v4b_075c,25.0,60.0,0.671875,0.4832373088364801
v4b_legacy_025c,25.0,60.0,0.6796875,0.44715606684978265
v5c0_corrected_v4b_075c,25.0,60.0,0.6796875,0.4531089611502916
v4b_legacy_025c,25.0,60.0,0.6875,0.4461280149396989
v5c0_corrected_v4b_075c,25.0,60.0,0.6875,0.4511568379054049
v4b_legacy_025c,25.0,60.0,0.6953125,0.41541794285391853
v5c0_corrected_v4b_075c,25.0,60.0,0.6953125,0.4195350973353626
v4b_legacy_025c,25.0,60.0,0.703125,0.4188352051996325
v5c0_corrected_v4b_075c,25.0,60.0,0.703125,0.42209331388405
v4b_legacy_025c,25.0,60.0,0.7109375,0.40922845825100335
v5c0_corrected_v4b_075c,25.0,60.0,0.7109375,0.4116914946052553
v4b_legacy_025c,25.0,60.0,0.71875,0.379401279123969
v5c0_corrected_v4b_075c,25.0,60.0,0.71875,0.38112520268524464
v4b_legacy_025c,25.0,60.0,0.7265625,0.32854480109652484
v5c0_corrected_v4b_075c,25.0,60.0,0.7265625,0.32933304389065815
v4b_legacy_025c,25.0,60.0,0.734375,0.3204152633138725
v5c0_corrected_v4b_075c,25.0,60.0,0.734375,0.3202465393153515
v4b_legacy_025c,25.0,60.0,0.7421875,0.29890116554449886
v5c0_corrected_v4b_075c,25.0,60.0,0.7421875,0.2979898247448479
v4b_legacy_025c,25.0,60.0,0.75,0.2584996640086076
v5c0_corrected_v4b_075c,25.0,60.0,0.75,0.2571686566169024
v4b_legacy_025c,25.0,60.0,0.7578125,0.23901042166688632
v5c0_corrected_v4b_075c,25.0,60.0,0.7578125,0.23757848755670324
v4b_legacy_025c,25.0,60.0,0.765625,0.23168158912291273
v5c0_corrected_v4b_075c,25.0,60.0,0.765625,0.2302641276987348
v4b_legacy_025c,25.0,60.0,0.7734375,0.2072508240471155
v5c0_corrected_v4b_075c,25.0,60.0,0.7734375,0.20588338378515872
v4b_legacy_025c,25.0,60.0,0.78125,0.21786317542528796
v5c0_corrected_v4b_075c,25.0,60.0,0.78125,0.21657983409960224
v4b_legacy_025c,25.0,60.0,0.7890625,0.19602275979981404
v5c0_corrected_v4b_075c,25.0,60.0,0.7890625,0.1948558481417028
v4b_legacy_025c,25.0,60.0,0.796875,0.16348948860455773
v5c0_corrected_v4b_075c,25.0,60.0,0.796875,0.1624693620342942
v4b_legacy_025c,25.0,60.0,0.8046875,0.11473068702300215
v5c0_corrected_v4b_075c,25.0,60.0,0.8046875,0.11388554590541922
v4b_legacy_025c,25.0,60.0,0.8125,0.06037130196857562
v5c0_corrected_v4b_075c,25.0,60.0,0.8125,0.0597270595708986
v4b_legacy_025c,25.0,60.0,0.8203125,0.0045555221602135475
v5c0_corrected_v4b_075c,25.0,60.0,0.8203125,0.004135718213509489
v4b_legacy_025c,25.0,60.0,0.828125,-0.047132730220793596
v5c0_corrected_v4b_075c,25.0,60.0,0.828125,-0.047306973718732714
v4b_legacy_025c,25.0,60.0,0.8359375,-0.0946162918538359
v5c0_corrected_v4b_075c,25.0,60.0,0.8359375,-0.0945262771828762
v4b_legacy_025c,25.0,60.0,0.84375,-0.13108656525951945
v5c0_corrected_v4b_075c,25.0,60.0,0.84375,-0.13071599361498418
v4b_legacy_025c,25.0,60.0,0.8515625,-0.17925361028905873
v5c0_corrected_v4b_075c,25.0,60.0,0.8515625,-0.17858853130544647
v4b_legacy_025c,25.0,60.0,0.859375,-0.21836888444296593
v5c0_corrected_v4b_075c,25.0,60.0,0.859375,-0.21739762827845807
v4b_legacy_025c,25.0,60.0,0.8671875,-0.24562010845447327
v5c0_corrected_v4b_075c,25.0,60.0,0.8671875,-0.24433320876606615
v4b_legacy_025c,25.0,60.0,0.875,-0.2589102011383021
v5c0_corrected_v4b_075c,25.0,60.0,0.875,-0.2573003176330775
v4b_legacy_025c,25.0,60.0,0.8828125,-0.2657399191687934
v5c0_corrected_v4b_075c,25.0,60.0,0.8828125,-0.2638017683970114
v4b_legacy_025c,25.0,60.0,0.890625,-0.27260699292492335
v5c0_corrected_v4b_075c,25.0,60.0,0.890625,-0.27033729551150776
v4b_legacy_025c,25.0,60.0,0.8984375,-0.274334067839044
v5c0_corrected_v4b_075c,25.0,60.0,0.8984375,-0.2717315193695914
v4b_legacy_025c,25.0,60.0,0.90625,-0.26640078838431436
v5c0_corrected_v4b_075c,25.0,60.0,0.90625,-0.263466059631345
v4b_legacy_025c,25.0,60.0,0.9140625,-0.2503801207505909
v5c0_corrected_v4b_075c,25.0,60.0,0.9140625,-0.24711589084305113
v4b_legacy_025c,25.0,60.0,0.921875,-0.2662541650671019
v5c0_corrected_v4b_075c,25.0,60.0,0.921875,-0.2626651886176739
v4b_legacy_025c,25.0,60.0,0.9296875,-0.26619766825296315
v5c0_corrected_v4b_075c,25.0,60.0,0.9296875,-0.2622908744686389
v4b_legacy_025c,25.0,60.0,0.9375,-0.2591855839246065
v5c0_corrected_v4b_075c,25.0,60.0,0.9375,-0.25497020250395136
v4b_legacy_025c,25.0,60.0,0.9453125,-0.24789076585979708
v5c0_corrected_v4b_075c,25.0,60.0,0.9453125,-0.24337582525986534
v4b_legacy_025c,25.0,60.0,0.953125,-0.23355634202563966
v5c0_corrected_v4b_075c,25.0,60.0,0.953125,-0.22848336834690738
v4b_legacy_025c,25.0,60.0,0.9609375,-0.21635355627437372
v5c0_corrected_v4b_075c,25.0,60.0,0.9609375,-0.2103330439714888
v4b_legacy_025c,25.0,60.0,0.96875,-0.19580113480256142
v5c0_corrected_v4b_075c,25.0,60.0,0.96875,-0.18864120431386272
v4b_legacy_025c,25.0,60.0,0.9765625,-0.1717970372656917
v5c0_corrected_v4b_075c,25.0,60.0,0.9765625,-0.16367940900846903
v4b_legacy_025c,25.0,60.0,0.984375,-0.14427321771341947
v5c0_corrected_v4b_075c,25.0,60.0,0.984375,-0.13550290118042668
v4b_legacy_025c,25.0,60.0,0.9921875,-0.11386258228561626
v5c0_corrected_v4b_075c,25.0,60.0,0.9921875,-0.10443279959068458
v4b_legacy_025c,25.0,75.0,0.0,-0.008983001629913596
v5c0_corrected_v4b_075c,25.0,75.0,0.0,-0.0029533762958456346
v4b_legacy_025c,25.0,75.0,0.0078125,0.013569346879157796
v5c0_corrected_v4b_075c,25.0,75.0,0.0078125,0.02011333791310409
v4b_legacy_025c,25.0,75.0,0.015625,0.03729583038513896
v5c0_corrected_v4b_075c,25.0,75.0,0.015625,0.04420520759347113
v4b_legacy_025c,25.0,75.0,0.0234375,0.06192286083465484
v5c0_corrected_v4b_075c,25.0,75.0,0.0234375,0.06902292961267302
v4b_legacy_025c,25.0,75.0,0.03125,0.08699776181983147
v5c0_corrected_v4b_075c,25.0,75.0,0.03125,0.09424585317841115
v4b_legacy_025c,25.0,75.0,0.0390625,0.11217897456053659
v5c0_corrected_v4b_075c,25.0,75.0,0.0390625,0.11953846445689165
v4b_legacy_025c,25.0,75.0,0.046875,0.13712910532212497
v5c0_corrected_v4b_075c,25.0,75.0,0.046875,0.14455738162534146
v4b_legacy_025c,25.0,75.0,0.0546875,0.16150968397274085
v5c0_corrected_v4b_075c,25.0,75.0,0.0546875,0.16895867328460198
v4b_legacy_025c,25.0,75.0,0.0625,0.18498825179535072
v5c0_corrected_v4b_075c,25.0,75.0,0.0625,0.19240524590048055
v4b_legacy_025c,25.0,75.0,0.0703125,0.20724532185128264
v5c0_corrected_v4b_075c,25.0,75.0,0.0703125,0.2145740834895568
v4b_legacy_025c,25.0,75.0,0.078125,0.22798096986095678
v5c0_corrected_v4b_075c,25.0,75.0,0.078125,0.23516307860784103
v4b_legacy_025c,25.0,75.0,0.0859375,0.2469209266992542
v5c0_corrected_v4b_075c,25.0,75.0,0.0859375,0.25389730917266323
v4b_legacy_025c,25.0,75.0,0.09375,0.2638219368335415
v5c0_corrected_v4b_075c,25.0,75.0,0.09375,0.27053451263875006
v4b_legacy_025c,25.0,75.0,0.1015625,0.27847627816748416
v5c0_corrected_v4b_075c,25.0,75.0,0.1015625,0.2848696449669741
v4b_legacy_025c,25.0,75.0,0.109375,0.29071533860297005
v5c0_corrected_v4b_075c,25.0,75.0,0.109375,0.2967384169952718
v4b_legacy_025c,25.0,75.0,0.1171875,0.3004121129535826
v5c0_corrected_v4b_075c,25.0,75.0,0.1171875,0.30601967449766365
v4b_legacy_025c,25.0,75.0,0.125,0.3074826635390425
v5c0_corrected_v4b_075c,25.0,75.0,0.125,0.3126366728315174
v4b_legacy_025c,25.0,75.0,0.1328125,0.31188642425616653
v5c0_corrected_v4b_075c,25.0,75.0,0.1328125,0.31655713763183313
v4b_legacy_025c,25.0,75.0,0.140625,0.31362543841758106
v5c0_corrected_v4b_075c,25.0,75.0,0.140625,0.3177922164983737
v4b_legacy_025c,25.0,75.0,0.1484375,0.31275135162678236
v5c0_corrected_v4b_075c,25.0,75.0,0.1484375,0.3163944064981229
v4b_legacy_025c,25.0,75.0,0.15625,0.30949762591609536
v5c0_corrected_v4b_075c,25.0,75.0,0.15625,0.3124544969177192
v4b_legacy_025c,25.0,75.0,0.1640625,0.3039902860357607
v5c0_corrected_v4b_075c,25.0,75.0,0.1640625,0.3060977024436485
v4b_legacy_025c,25.0,75.0,0.171875,0.2962961559752607
v5c0_corrected_v4b_075c,25.0,75.0,0.171875,0.2974791527182819
v4b_legacy_025c,25.0,75.0,0.1796875,0.2864956756245036
v5c0_corrected_v4b_075c,25.0,75.0,0.1796875,0.2867788565094687
v4b_legacy_025c,25.0,75.0,0.1875,0.2746924857186659
v5c0_corrected_v4b_075c,25.0,75.0,0.1875,0.27419636406342013
v4b_legacy_025c,25.0,75.0,0.1953125,0.2610213434730333
v5c0_corrected_v4b_075c,25.0,75.0,0.1953125,0.259945315304039
v4b_legacy_025c,25.0,75.0,0.203125,0.2456526312201936
v5c0_corrected_v4b_075c,25.0,75.0,0.203125,0.24424797521363695
v4b_legacy_025c,25.0,75.0,0.2109375,0.22880516085023042
v5c0_corrected_v4b_075c,25.0,75.0,0.2109375,0.22733001529855992
v4b_legacy_025c,25.0,75.0,0.21875,0.21087484281472957
v5c0_corrected_v4b_075c,25.0,75.0,0.21875,0.20941568061982255
v4b_legacy_025c,25.0,75.0,0.2265625,0.19213439268182045
v5c0_corrected_v4b_075c,25.0,75.0,0.2265625,0.1907234027188696
v4b_legacy_025c,25.0,75.0,0.234375,0.17279388724271047
v5c0_corrected_v4b_075c,25.0,75.0,0.234375,0.17146203792336664
v4b_legacy_025c,25.0,75.0,0.2421875,0.1530511921881436
v5c0_corrected_v4b_075c,25.0,75.0,0.2421875,0.15182785411771393
v4b_legacy_025c,25.0,75.0,0.25,0.13308962459422266
v5c0_corrected_v4b_075c,25.0,75.0,0.25,0.13200223437157996
v4b_legacy_025c,25.0,75.0,0.2578125,0.11307638326207482
v5c0_corrected_v4b_075c,25.0,75.0,0.2578125,0.11215015309324305
v4b_legacy_025c,25.0,75.0,0.265625,0.09316185060054466
v5c0_corrected_v4b_075c,25.0,75.0,0.265625,0.09241952738847588
v4b_legacy_025c,25.0,75.0,0.2734375,0.07347962716735537
v5c0_corrected_v4b_075c,25.0,75.0,0.2734375,0.07294130368103514
v4b_legacy_025c,25.0,75.0,0.28125,0.05414728685380278
v5c0_corrected_v4b_075c,25.0,75.0,0.28125,0.0538302664736706
v4b_legacy_025c,25.0,75.0,0.2890625,0.03526780509574091
v5c0_corrected_v4b_075c,25.0,75.0,0.2890625,0.03518652048412838
v4b_legacy_025c,25.0,75.0,0.296875,0.016931565649849874
v5c0_corrected_v4b_075c,25.0,75.0,0.296875,0.017097550511107083
v4b_legacy_025c,25.0,75.0,0.3046875,-0.0007812056118784915
v5c0_corrected_v4b_075c,25.0,75.0,0.3046875,-0.00035929372711202706
v4b_legacy_025c,25.0,75.0,0.3125,-0.017797699878715316
v5c0_corrected_v4b_075c,25.0,75.0,0.3125,-0.017114008992847728
v4b_legacy_025c,25.0,75.0,0.3203125,-0.03404959825190301
v5c0_corrected_v4b_075c,25.0,75.0,0.3203125,-0.033100968085073304
v4b_legacy_025c,25.0,75.0,0.328125,-0.049470130920492954
v5c0_corrected_v4b_075c,25.0,75.0,0.328125,-0.04825594138054221
v4b_legacy_025c,25.0,75.0,0.3359375,-0.06399128676820737
v5c0_corrected_v4b_075c,25.0,75.0,0.3359375,-0.06251327557236187
v4b_legacy_025c,25.0,75.0,0.34375,-0.07753324660038588
v5c0_corrected_v4b_075c,25.0,75.0,0.34375,-0.07579530378494086
v4b_legacy_025c,25.0,75.0,0.3515625,-0.08999616435538266
v5c0_corrected_v4b_075c,25.0,75.0,0.3515625,-0.0880041122491214
v4b_legacy_025c,25.0,75.0,0.359375,-0.10132216389463557
v5c0_corrected_v4b_075c,25.0,75.0,0.359375,-0.09908353171907586
v4b_legacy_025c,25.0,75.0,0.3671875,-0.1114192986119906
v5c0_corrected_v4b_075c,25.0,75.0,0.3671875,-0.10894310115963758
v4b_legacy_025c,25.0,75.0,0.375,-0.12018768589513987
v5c0_corrected_v4b_075c,25.0,75.0,0.375,-0.11748421565689982
v4b_legacy_025c,25.0,75.0,0.3828125,-0.12752035320222516
v5c0_corrected_v4b_075c,25.0,75.0,0.3828125,-0.12460099480226065
v4b_legacy_025c,25.0,75.0,0.390625,-0.13330493588420345
v5c0_corrected_v4b_075c,25.0,75.0,0.390625,-0.13018201068186808
v4b_legacy_025c,25.0,75.0,0.3984375,-0.13742619917621327
v5c0_corrected_v4b_075c,25.0,75.0,0.3984375,-0.13411284637850346
v4b_legacy_025c,25.0,75.0,0.40625,-0.13976932670698966
v5c0_corrected_v4b_075c,25.0,75.0,0.40625,-0.13627942530109327
v4b_legacy_025c,25.0,75.0,0.4140625,-0.14022387766188152
v5c0_corrected_v4b_075c,25.0,75.0,0.4140625,-0.136572010967856
v4b_legacy_025c,25.0,75.0,0.421875,-0.13868826454738095
v5c0_corrected_v4b_075c,25.0,75.0,0.421875,-0.13488972629837273
v4b_legacy_025c,25.0,75.0,0.4296875,-0.1350745690995332
v5c0_corrected_v4b_075c,25.0,75.0,0.4296875,-0.13114540682920497
v4b_legacy_025c,25.0,75.0,0.4375,-0.12931351637212676
v5c0_corrected_v4b_075c,25.0,75.0,0.4375,-0.12527060472755328
v4b_legacy_025c,25.0,75.0,0.4453125,-0.1213593472065834
v5c0_corrected_v4b_075c,25.0,75.0,0.4453125,-0.11722048085473617
v4b_legacy_025c,25.0,75.0,0.453125,-0.11119439373759327
v5c0_corrected_v4b_075c,25.0,75.0,0.453125,-0.10697838706368115
v4b_legacy_025c,25.0,75.0,0.4609375,-0.09883312204750676
v5c0_corrected_v4b_075c,25.0,75.0,0.4609375,-0.09455990111893298
v4b_legacy_025c,25.0,75.0,0.46875,-0.08434613211515492
v5c0_corrected_v4b_075c,25.0,75.0,0.46875,-0.0800160772134255
v4b_legacy_025c,25.0,75.0,0.4765625,-0.06799244181075599
v5c0_corrected_v4b_075c,25.0,75.0,0.4765625,-0.0634357865043752
v4b_legacy_025c,25.0,75.0,0.484375,-0.049918894152672616
v5c0_corrected_v4b_075c,25.0,75.0,0.484375,-0.04494692132059736
v4b_legacy_025c,25.0,75.0,0.4921875,-0.030236452433195473
v5c0_corrected_v4b_075c,25.0,75.0,0.4921875,-0.024716439166524995
v4b_legacy_025c,25.0,75.0,0.5,-0.009063422230201307
v5c0_corrected_v4b_075c,25.0,75.0,0.5,-0.002949009299869864
v4b_legacy_025c,25.0,75.0,0.5078125,0.013462796011271287
v5c0_corrected_v4b_075c,25.0,75.0,0.5078125,0.02011564114950287
v4b_legacy_025c,25.0,75.0,0.515625,0.0371697987004454
v5c0_corrected_v4b_075c,25.0,75.0,0.515625,0.04420539299732588
v4b_legacy_025c,25.0,75.0,0.5234375,0.061784342585692605
v5c0_corrected_v4b_075c,25.0,75.0,0.5234375,0.0690209699354748
v4b_legacy_025c,25.0,75.0,0.53125,0.0868476530672707
v5c0_corrected_v4b_075c,25.0,75.0,0.53125,0.09424174945460544
v4b_legacy_025c,25.0,75.0,0.5390625,0.11201783614039153
v5c0_corrected_v4b_075c,25.0,75.0,0.5390625,0.11953224686030695
v4b_legacy_025c,25.0,75.0,0.546875,0.13695769792474757
v5c0_corrected_v4b_075c,25.0,75.0,0.546875,0.14454910968039586
v4b_legacy_025c,25.0,75.0,0.5546875,0.16132896100175098
v5c0_corrected_v4b_075c,25.0,75.0,0.5546875,0.1689484354140381
v4b_legacy_025c,25.0,75.0,0.5625,0.18479934558463945
v5c0_corrected_v4b_075c,25.0,75.0,0.5625,0.1923931583231553
v4b_legacy_025c,25.0,75.0,0.5703125,0.20704952364075266
v5c0_corrected_v4b_075c,25.0,75.0,0.5703125,0.21456028847800707
v4b_legacy_025c,25.0,75.0,0.578125,0.2277797042875296
v5c0_corrected_v4b_075c,25.0,75.0,0.578125,0.2351477421569125
v4b_legacy_025c,25.0,75.0,0.5859375,0.2467157218284554
v5c0_corrected_v4b_075c,25.0,75.0,0.5859375,0.2538806181394238
v4b_legacy_025c,25.0,75.0,0.59375,0.2636143909672886
v5c0_corrected_v4b_075c,25.0,75.0,0.59375,0.27051667143506547
v4b_legacy_025c,25.0,75.0,0.6015625,0.2782680247828799
v5c0_corrected_v4b_075c,25.0,75.0,0.6015625,0.2848508718958213
v4b_legacy_025c,25.0,75.0,0.609375,0.29050801081542954
v5c0_corrected_v4b_075c,25.0,75.0,0.609375,0.29671894033235224
v4b_legacy_025c,25.0,75.0,0.6171875,0.30020730885799135
v5c0_corrected_v4b_075c,25.0,75.0,0.6171875,0.3059997284289701
v4b_legacy_025c,25.0,75.0,0.625,0.3072819136642844
v5c0_corrected_v4b_075c,25.0,75.0,0.625,0.31261649335480235
v4b_legacy_025c,25.0,75.0,0.6328125,0.3116911622050862
v5c0_corrected_v4b_075c,25.0,75.0,0.6328125,0.3165369585356727
v4b_legacy_025c,25.0,75.0,0.640625,0.3134369755476345
v5c0_corrected_v4b_075c,25.0,75.0,0.640625,0.31777226552246
v4b_legacy_025c,25.0,75.0,0.6484375,0.31257120044907893
v5c0_corrected_v4b_075c,25.0,75.0,0.6484375,0.3163749017705486
v4b_legacy_025c,25.0,75.0,0.65625,0.30933326694634694
v5c0_corrected_v4b_075c,25.0,75.0,0.65625,0.3124356437552273
v4b_legacy_025c,25.0,75.0,0.6640625,0.30384989057960415
v5c0_corrected_v4b_075c,25.0,75.0,0.6640625,0.30607969058699414
v4b_legacy_025c,25.0,75.0,0.671875,0.29618501026748983
v5c0_corrected_v4b_075c,25.0,75.0,0.671875,0.2974621540536349
v4b_legacy_025c,25.0,75.0,0.6796875,0.28641546590625266
v5c0_corrected_v4b_075c,25.0,75.0,0.6796875,0.2867630233175436
v4b_legacy_025c,25.0,75.0,0.6875,0.2746410506931951
v5c0_corrected_v4b_075c,25.0,75.0,0.6875,0.27418182780894157
v4b_legacy_025c,25.0,75.0,0.6953125,0.26099290128798175
v5c0_corrected_v4b_075c,25.0,75.0,0.6953125,0.25993218596857204
v4b_legacy_025c,25.0,75.0,0.703125,0.24563843036007882
v5c0_corrected_v4b_075c,25.0,75.0,0.703125,0.24423634115444465
v4b_legacy_025c,25.0,75.0,0.7109375,0.22879508914921956
v5c0_corrected_v4b_075c,25.0,75.0,0.7109375,0.227319943597549
v4b_legacy_025c,25.0,75.0,0.71875,0.21086638006756508
v5c0_corrected_v4b_075c,25.0,75.0,0.71875,0.20940721787265804
v4b_legacy_025c,25.0,75.0,0.7265625,0.192127566172371
v5c0_corrected_v4b_075c,25.0,75.0,0.7265625,0.19071657620942034
v4b_legacy_025c,25.0,75.0,0.734375,0.1727887064270461
v5c0_corrected_v4b_075c,25.0,75.0,0.734375,0.17145685710770225
v4b_legacy_025c,25.0,75.0,0.7421875,0.15304765041120102
v5c0_corrected_v4b_075c,25.0,75.0,0.7421875,0.1518243123407713
v4b_legacy_025c,25.0,75.0,0.75,0.13308770096669048
v5c0_corrected_v4b_075c,25.0,75.0,0.75,0.13200031074404778
v4b_legacy_025c,25.0,75.0,0.7578125,0.1130760446053985
v5c0_corrected_v4b_075c,25.0,75.0,0.7578125,0.11214981443656673
v4b_legacy_025c,25.0,75.0,0.765625,0.09316305338933187
v5c0_corrected_v4b_075c,25.0,75.0,0.765625,0.09242073017726309
v4b_legacy_025c,25.0,75.0,0.7734375,0.0734823193904904
v5c0_corrected_v4b_075c,25.0,75.0,0.7734375,0.07294399590417014
v4b_legacy_025c,25.0,75.0,0.78125,0.054151409726991735
v5c0_corrected_v4b_075c,25.0,75.0,0.78125,0.05383438934685958
v4b_legacy_025c,25.0,75.0,0.7890625,0.03527329457309071
v5c0_corrected_v4b_075c,25.0,75.0,0.7890625,0.035192009961478185
v4b_legacy_025c,25.0,75.0,0.796875,0.016938353676912085
v5c0_corrected_v4b_075c,25.0,75.0,0.796875,0.017104338538169284
v4b_legacy_025c,25.0,75.0,0.8046875,-0.0007731901274664183
v5c0_corrected_v4b_075c,25.0,75.0,0.8046875,-0.0003512782426999199
v4b_legacy_025c,25.0,75.0,0.8125,-0.017788530405391776
v5c0_corrected_v4b_075c,25.0,75.0,0.8125,-0.01710483951952421
v4b_legacy_025c,25.0,75.0,0.8203125,-0.03403935028638232
v5c0_corrected_v4b_075c,25.0,75.0,0.8203125,-0.033090720119552615
v4b_legacy_025c,25.0,75.0,0.828125,-0.04945888194429723
v5c0_corrected_v4b_075c,25.0,75.0,0.828125,-0.04824469240434657
v4b_legacy_025c,25.0,75.0,0.8359375,-0.06397911648836173
v5c0_corrected_v4b_075c,25.0,75.0,0.8359375,-0.06250110529251623
v4b_legacy_025c,25.0,75.0,0.84375,-0.07752831276703252
v5c0_corrected_v4b_075c,25.0,75.0,0.84375,-0.0757903699515875
v4b_legacy_025c,25.0,75.0,0.8515625,-0.0900104106862753
v5c0_corrected_v4b_075c,25.0,75.0,0.8515625,-0.08801835858001407
v4b_legacy_025c,25.0,75.0,0.859375,-0.10133702946534746
v5c0_corrected_v4b_075c,25.0,75.0,0.859375,-0.09909839728978768
v4b_legacy_025c,25.0,75.0,0.8671875,-0.11143468844016675
v5c0_corrected_v4b_075c,25.0,75.0,0.8671875,-0.10895849098781374
v4b_legacy_025c,25.0,75.0,0.875,-0.12020349917053787
v5c0_corrected_v4b_075c,25.0,75.0,0.875,-0.11750002893229783
v4b_legacy_025c,25.0,75.0,0.8828125,-0.1275364824858132
v5c0_corrected_v4b_075c,25.0,75.0,0.8828125,-0.12461712408584888
v4b_legacy_025c,25.0,75.0,0.890625,-0.13332126646200498
v5c0_corrected_v4b_075c,25.0,75.0,0.890625,-0.13019834125966964
v4b_legacy_025c,25.0,75.0,0.8984375,-0.13744260864053692
v5c0_corrected_v4b_075c,25.0,75.0,0.8984375,-0.13412925584282703
v4b_legacy_025c,25.0,75.0,0.90625,-0.13978568483373086
v5c0_corrected_v4b_075c,25.0,75.0,0.90625,-0.13629578342783458
v4b_legacy_025c,25.0,75.0,0.9140625,-0.14024004663129
v5c0_corrected_v4b_075c,25.0,75.0,0.9140625,-0.13658817993726452
v4b_legacy_025c,25.0,75.0,0.921875,-0.13870409952091464
v5c0_corrected_v4b_075c,25.0,75.0,0.921875,-0.13490556127190637
v4b_legacy_025c,25.0,75.0,0.9296875,-0.1350899192271599
v5c0_corrected_v4b_075c,25.0,75.0,0.9296875,-0.1311607569568317
v4b_legacy_025c,25.0,75.0,0.9375,-0.1293282262618246
v5c0_corrected_v4b_075c,25.0,75.0,0.9375,-0.12528531461725118
v4b_legacy_025c,25.0,75.0,0.9453125,-0.12137325881255154
v5c0_corrected_v4b_075c,25.0,75.0,0.9453125,-0.1172343924607045
v4b_legacy_025c,25.0,75.0,0.953125,-0.11120734863815648
v5c0_corrected_v4b_075c,25.0,75.0,0.953125,-0.10699134196424435
v4b_legacy_025c,25.0,75.0,0.9609375,-0.09884496405946344
v5c0_corrected_v4b_075c,25.0,75.0,0.9609375,-0.09457174313088951
v4b_legacy_025c,25.0,75.0,0.96875,-0.08435571156398558
v5c0_corrected_v4b_075c,25.0,75.0,0.96875,-0.08002665527635247
v4b_legacy_025c,25.0,75.0,0.9765625,-0.06799090305672635
v5c0_corrected_v4b_075c,25.0,75.0,0.9765625,-0.06344495774878234
v4b_legacy_025c,25.0,75.0,0.984375,-0.04989765453055936
v5c0_corrected_v4b_075c,25.0,75.0,0.984375,-0.04495455422355398
v4b_legacy_025c,25.0,75.0,0.9921875,-0.03019021121593297
v5c0_corrected_v4b_075c,25.0,75.0,0.9921875,-0.02472241669129877
v4b_legacy_025c,25.0,90.0,0.0,-0.015009483860743961
v5c0_corrected_v4b_075c,25.0,90.0,0.0,-0.013542221983872534
v4b_legacy_025c,25.0,90.0,0.0078125,-0.005127848935606367
v5c0_corrected_v4b_075c,25.0,90.0,0.0078125,-0.0038312549273635844
v4b_legacy_025c,25.0,90.0,0.015625,0.005621652704158347
v5c0_corrected_v4b_075c,25.0,90.0,0.015625,0.006738321670816155
v4b_legacy_025c,25.0,90.0,0.0234375,0.01703083846065115
v5c0_corrected_v4b_075c,25.0,90.0,0.0234375,0.01795905696115225
v4b_legacy_025c,25.0,90.0,0.03125,0.02888428330599933
v5c0_corrected_v4b_075c,25.0,90.0,0.03125,0.029616543254952013
v4b_legacy_025c,25.0,90.0,0.0390625,0.040965664688348086
v5c0_corrected_v4b_075c,25.0,90.0,0.0390625,0.04149578222994919
v4b_legacy_025c,25.0,90.0,0.046875,0.05306346975998886
v5c0_corrected_v4b_075c,25.0,90.0,0.046875,0.053387304617272105
v4b_legacy_025c,25.0,90.0,0.0546875,0.06497112994805618
v5c0_corrected_v4b_075c,25.0,90.0,0.0546875,0.06509281248508016
v4b_legacy_025c,25.0,90.0,0.0625,0.07650695639338562
v5c0_corrected_v4b_075c,25.0,90.0,0.0625,0.07643017060774634
v4b_legacy_025c,25.0,90.0,0.0703125,0.08751249742558202
v5c0_corrected_v4b_075c,25.0,90.0,0.0703125,0.08723757979594482
v4b_legacy_025c,25.0,90.0,0.078125,0.09785113281707841
v5c0_corrected_v4b_075c,25.0,90.0,0.078125,0.09737683797709805
v4b_legacy_025c,25.0,90.0,0.0859375,0.10740953677009625
v5c0_corrected_v4b_075c,25.0,90.0,0.0859375,0.10673561878223455
v4b_legacy_025c,25.0,90.0,0.09375,0.1160982869599071
v5c0_corrected_v4b_075c,25.0,90.0,0.09375,0.11522865655744292
v4b_legacy_025c,25.0,90.0,0.1015625,0.1238513377317014
v5c0_corrected_v4b_075c,25.0,90.0,0.1015625,0.12279752567052293
v4b_legacy_025c,25.0,90.0,0.109375,0.13062642894134677
v5c0_corrected_v4b_075c,25.0,90.0,0.109375,0.12941093790679534
v4b_legacy_025c,25.0,90.0,0.1171875,0.13641654651605215
v5c0_corrected_v4b_075c,25.0,90.0,0.1171875,0.13506302673147597
v4b_legacy_025c,25.0,90.0,0.125,0.14124171072337513
v5c0_corrected_v4b_075c,25.0,90.0,0.125,0.1397708873171179
v4b_legacy_025c,25.0,90.0,0.1328125,0.14513691438011328
v5c0_corrected_v4b_075c,25.0,90.0,0.1328125,0.14357160300383637
v4b_legacy_025c,25.0,90.0,0.140625,0.14815399004813948
v5c0_corrected_v4b_075c,25.0,90.0,0.140625,0.14651877516811151
v4b_legacy_025c,25.0,90.0,0.1484375,0.15035780594582238
v5c0_corrected_v4b_075c,25.0,90.0,0.1484375,0.14867867665156329
v4b_legacy_025c,25.0,90.0,0.15625,0.15182224980422893
v5c0_corrected_v4b_075c,25.0,90.0,0.15625,0.15012620214995379
v4b_legacy_025c,25.0,90.0,0.1640625,0.1526261373199803
v5c0_corrected_v4b_075c,25.0,90.0,0.1640625,0.1509407526498647
v4b_legacy_025c,25.0,90.0,0.171875,0.15284919474907888
v5c0_corrected_v4b_075c,25.0,90.0,0.171875,0.15120220363737435
v4b_legacy_025c,25.0,90.0,0.1796875,0.15256825749485825
v5c0_corrected_v4b_075c,25.0,90.0,0.1796875,0.15098709889177825
v4b_legacy_025c,25.0,90.0,0.1875,0.1518538079963122
v5c0_corrected_v4b_075c,25.0,90.0,0.1875,0.15036519294310716
v4b_legacy_025c,25.0,90.0,0.1953125,0.15076697248204263
v5c0_corrected_v4b_075c,25.0,90.0,0.1953125,0.14939646137256848
v4b_legacy_025c,25.0,90.0,0.203125,0.14935706746150768
v5c0_corrected_v4b_075c,25.0,90.0,0.203125,0.14812866930701254
v4b_legacy_025c,25.0,90.0,0.2109375,0.14765977194618202
v5c0_corrected_v4b_075c,25.0,90.0,0.2109375,0.14659557346443924
v4b_legacy_025c,25.0,90.0,0.21875,0.1456959965453858
v5c0_corrected_v4b_075c,25.0,90.0,0.21875,0.14481582815980232
v4b_legacy_025c,25.0,90.0,0.2265625,0.1434714738696837
v5c0_corrected_v4b_075c,25.0,90.0,0.2265625,0.14279261887982572
v4b_legacy_025c,25.0,90.0,0.234375,0.1409770819904979
v5c0_corrected_v4b_075c,25.0,90.0,0.234375,0.14051403427080042
v4b_legacy_025c,25.0,90.0,0.2421875,0.1381899055720616
v5c0_corrected_v4b_075c,25.0,90.0,0.2421875,0.1379541801762841
v4b_legacy_025c,25.0,90.0,0.25,0.13507499369973866
v5c0_corrected_v4b_075c,25.0,90.0,0.25,0.13507499369973866
v4b_legacy_025c,25.0,90.0,0.2578125,0.13158776162991292
v5c0_corrected_v4b_075c,25.0,90.0,0.2578125,0.13182870340305122
v4b_legacy_025c,25.0,90.0,0.265625,0.12767694941377172
v5c0_corrected_v4b_075c,25.0,90.0,0.265625,0.12816084741910672
v4b_legacy_025c,25.0,90.0,0.2734375,0.12328805468756666
v5c0_corrected_v4b_075c,25.0,90.0,0.2734375,0.12401376554417592
v4b_legacy_025c,25.0,90.0,0.28125,0.11836711077150813
v5c0_corrected_v4b_075c,25.0,90.0,0.28125,0.11933043518297295
v4b_legacy_025c,25.0,90.0,0.2890625,0.11286466913813228
v5c0_corrected_v4b_075c,25.0,90.0,0.2890625,0.11405850890953273
v4b_legacy_025c,25.0,90.0,0.296875,0.10673983906531004
v5c0_corrected_v4b_075c,25.0,90.0,0.296875,0.10815440515186726
v4b_legacy_025c,25.0,90.0,0.3046875,0.09996422397082502
v5c0_corrected_v4b_075c,25.0,90.0,0.3046875,0.10158729020503843
v4b_legacy_025c,25.0,90.0,0.3125,0.09252558955613957
v5c0_corrected_v4b_075c,25.0,90.0,0.3125,0.09434278545344249
v4b_legacy_025c,25.0,90.0,0.3203125,0.0844310887471717
v5c0_corrected_v4b_075c,25.0,90.0,0.3203125,0.08642622362568997
v4b_legacy_025c,25.0,90.0,0.328125,0.07570989064336148
v5c0_corrected_v4b_075c,25.0,90.0,0.328125,0.07786530025455984
v4b_legacy_025c,25.0,90.0,0.3359375,0.06641506459058043
v5c0_corrected_v4b_075c,25.0,90.0,0.3359375,0.06871197059350062
v4b_legacy_025c,25.0,90.0,0.34375,0.056624599924182006
v5c0_corrected_v4b_075c,25.0,90.0,0.34375,0.05904347190036217
v4b_legacy_025c,25.0,90.0,0.3515625,0.04644145686825735
v5c0_corrected_v4b_075c,25.0,90.0,0.3515625,0.04896236622398452
v4b_legacy_025c,25.0,90.0,0.359375,0.03599259244182875
v5c0_corrected_v4b_075c,25.0,90.0,0.359375,0.038595547536013096
v4b_legacy_025c,25.0,90.0,0.3671875,0.02542693922280838
v5c0_corrected_v4b_075c,25.0,90.0,0.3671875,0.028092191445936048
v4b_legacy_025c,25.0,90.0,0.375,0.014912359916578863
v5c0_corrected_v4b_075c,25.0,90.0,0.375,0.01762067127417417
v4b_legacy_025c,25.0,90.0,0.3828125,0.004631644543199257
v5c0_corrected_v4b_075c,25.0,90.0,0.3828125,0.007364508597067925
v4b_legacy_025c,25.0,90.0,0.390625,-0.005222336158615201
v5c0_corrected_v4b_075c,25.0,90.0,0.390625,-0.0024825263562549627
v4b_legacy_025c,25.0,90.0,0.3984375,-0.014452160147760575
v5c0_corrected_v4b_075c,25.0,90.0,0.3984375,-0.0117220012466592
v4b_legacy_025c,25.0,90.0,0.40625,-0.02286187088793676
v5c0_corrected_v4b_075c,25.0,90.0,0.40625,-0.020156897022989027
v4b_legacy_025c,25.0,90.0,0.4140625,-0.03026325726345788
v5c0_corrected_v4b_075c,25.0,90.0,0.4140625,-0.02759794492378672
v4b_legacy_025c,25.0,90.0,0.421875,-0.036482132994474274
v5c0_corrected_v4b_075c,25.0,90.0,0.421875,-0.03386995833067141
v4b_legacy_025c,25.0,90.0,0.4296875,-0.04136435595344317
v5c0_corrected_v4b_075c,25.0,90.0,0.4296875,-0.03881789674228703
v4b_legacy_025c,25.0,90.0,0.4375,-0.044781336048292195
v5c0_corrected_v4b_075c,25.0,90.0,0.4375,-0.0423124076306446
v4b_legacy_025c,25.0,90.0,0.4453125,-0.04662687130706499
v5c0_corrected_v4b_075c,25.0,90.0,0.4453125,-0.04424668338068857
v4b_legacy_025c,25.0,90.0,0.453125,-0.04682831270790597
v5c0_corrected_v4b_075c,25.0,90.0,0.453125,-0.044547632131891696
v4b_legacy_025c,25.0,90.0,0.4609375,-0.04537617075979682
v5c0_corrected_v4b_075c,25.0,90.0,0.4609375,-0.04320547472150589
v4b_legacy_025c,25.0,90.0,0.46875,-0.04228197039316619
v5c0_corrected_v4b_075c,25.0,90.0,0.46875,-0.040231574553398514
v4b_legacy_025c,25.0,90.0,0.4765625,-0.03759512252392178
v5c0_corrected_v4b_075c,25.0,90.0,0.4765625,-0.035675270155895944
v4b_legacy_025c,25.0,90.0,0.484375,-0.03140152823974639
v5c0_corrected_v4b_075c,25.0,90.0,0.484375,-0.029622428870299585
v4b_legacy_025c,25.0,90.0,0.4921875,-0.02382090466480463
v5c0_corrected_v4b_075c,25.0,90.0,0.4921875,-0.02219271415666033
v4b_legacy_025c,25.0,90.0,0.5,-0.015002969561019725
v5c0_corrected_v4b_075c,25.0,90.0,0.5,-0.013535707684148272
v4b_legacy_025c,25.0,90.0,0.5078125,-0.0051226471930511065
v5c0_corrected_v4b_075c,25.0,90.0,0.5078125,-0.003826053184808347
v4b_legacy_025c,25.0,90.0,0.515625,0.005625484825793519
v5c0_corrected_v4b_075c,25.0,90.0,0.515625,0.006742153792451292
v4b_legacy_025c,25.0,90.0,0.5234375,0.017033269208552977
v5c0_corrected_v4b_075c,25.0,90.0,0.5234375,0.017961487709054105
v4b_legacy_025c,25.0,90.0,0.53125,0.028885306324408513
v5c0_corrected_v4b_075c,25.0,90.0,0.53125,0.029617566273361203
v4b_legacy_025c,25.0,90.0,0.5390625,0.0409652983787791
v5c0_corrected_v4b_075c,25.0,90.0,0.5390625,0.04149541592038017
v4b_legacy_025c,25.0,90.0,0.546875,0.05306172252150934
v5c0_corrected_v4b_075c,25.0,90.0,0.546875,0.05338559080562053
v4b_legacy_025c,25.0,90.0,0.5546875,0.06496755256489496
v5c0_corrected_v4b_075c,25.0,90.0,0.5546875,0.06508981449240865
v4b_legacy_025c,25.0,90.0,0.5625,0.07650140193859507
v5c0_corrected_v4b_075c,25.0,90.0,0.5625,0.07642597080926658
v4b_legacy_025c,25.0,90.0,0.5703125,0.08750526376262613
v5c0_corrected_v4b_075c,25.0,90.0,0.5703125,0.0872322767342762
v4b_legacy_025c,25.0,90.0,0.578125,0.09784276939087792
v5c0_corrected_v4b_075c,25.0,90.0,0.578125,0.09737054318099096
v4b_legacy_025c,25.0,90.0,0.5859375,0.10740064930097547
v5c0_corrected_v4b_075c,25.0,90.0,0.5859375,0.10672845339682667
v4b_legacy_025c,25.0,90.0,0.59375,0.11608934836478518
v5c0_corrected_v4b_075c,25.0,90.0,0.59375,0.11522074794854657
v4b_legacy_025c,25.0,90.0,0.6015625,0.1238425124598889
v5c0_corrected_v4b_075c,25.0,90.0,0.6015625,0.12278900409488767
v4b_legacy_025c,25.0,90.0,0.609375,0.13061742420200873
v5c0_corrected_v4b_075c,25.0,90.0,0.609375,0.12940193316745727
v4b_legacy_025c,25.0,90.0,0.6171875,0.13640718499122678
v5c0_corrected_v4b_075c,25.0,90.0,0.6171875,0.13505366520665063
v4b_legacy_025c,25.0,90.0,0.625,0.14123211272604058
v5c0_corrected_v4b_075c,25.0,90.0,0.625,0.13976128931978332
v4b_legacy_025c,25.0,90.0,0.6328125,0.14512719192878082
v5c0_corrected_v4b_075c,25.0,90.0,0.6328125,0.14356188055250385
v4b_legacy_025c,25.0,90.0,0.640625,0.1481442451012755
v5c0_corrected_v4b_075c,25.0,90.0,0.640625,0.14650903022124773
v4b_legacy_025c,25.0,90.0,0.6484375,0.1503481291333683
v5c0_corrected_v4b_075c,25.0,90.0,0.6484375,0.14866899983910925
v4b_legacy_025c,25.0,90.0,0.65625,0.1518127196744324
v5c0_corrected_v4b_075c,25.0,90.0,0.65625,0.1501166720201572
v4b_legacy_025c,25.0,90.0,0.6640625,0.15261682009745484
v5c0_corrected_v4b_075c,25.0,90.0,0.6640625,0.15093143542733925
v4b_legacy_025c,25.0,90.0,0.671875,0.15284014457949563
v5c0_corrected_v4b_075c,25.0,90.0,0.671875,0.1511931534677911
v4b_legacy_025c,25.0,90.0,0.6796875,0.1525595171443881
v5c0_corrected_v4b_075c,25.0,90.0,0.6796875,0.15097835854130812
v4b_legacy_025c,25.0,90.0,0.6875,0.15184540995074594
v5c0_corrected_v4b_075c,25.0,90.0,0.6875,0.1503567948975409
v4b_legacy_025c,25.0,90.0,0.6953125,0.15075894038067966
v5c0_corrected_v4b_075c,25.0,90.0,0.6953125,0.14938842927120552
v4b_legacy_025c,25.0,90.0,0.703125,0.14934941779069472
v5c0_corrected_v4b_075c,25.0,90.0,0.703125,0.1481210196361996
v4b_legacy_025c,25.0,90.0,0.7109375,0.14765251591388157
v5c0_corrected_v4b_075c,25.0,90.0,0.7109375,0.1465883174321388
v4b_legacy_025c,25.0,90.0,0.71875,0.14568914204535396
v5c0_corrected_v4b_075c,25.0,90.0,0.71875,0.14480897365977044
v4b_legacy_025c,25.0,90.0,0.7265625,0.14346502744760775
v5c0_corrected_v4b_075c,25.0,90.0,0.7265625,0.1427861724577498
v4b_legacy_025c,25.0,90.0,0.734375,0.14097105072753668
v5c0_corrected_v4b_075c,25.0,90.0,0.734375,0.1405080030078392
v4b_legacy_025c,25.0,90.0,0.7421875,0.13818429879862495
v5c0_corrected_v4b_075c,25.0,90.0,0.7421875,0.1379485734028475
v4b_legacy_025c,25.0,90.0,0.75,0.1350698244660417
v5c0_corrected_v4b_075c,25.0,90.0,0.75,0.1350698244660417
v4b_legacy_025c,25.0,90.0,0.7578125,0.13158304785895494
v5c0_corrected_v4b_075c,25.0,90.0,0.7578125,0.1318239896320932
v4b_legacy_025c,25.0,90.0,0.765625,0.12767271469045272
v5c0_corrected_v4b_075c,25.0,90.0,0.765625,0.12815661269578768
v4b_legacy_025c,25.0,90.0,0.7734375,0.12328432863385587
v5c0_corrected_v4b_075c,25.0,90.0,0.7734375,0.12401003949046513
v4b_legacy_025c,25.0,90.0,0.78125,0.11836392897838861
v5c0_corrected_v4b_075c,25.0,90.0,0.78125,0.11932725338985332
v4b_legacy_025c,25.0,90.0,0.7890625,0.11286207265337807
v5c0_corrected_v4b_075c,25.0,90.0,0.7890625,0.11405591242477851
v4b_legacy_025c,25.0,90.0,0.796875,0.10673787343254994
v5c0_corrected_v4b_075c,25.0,90.0,0.796875,0.10815243951910711
v4b_legacy_025c,25.0,90.0,0.8046875,0.09996293785239943
v5c0_corrected_v4b_075c,25.0,90.0,0.8046875,0.10158600408661286
v4b_legacy_025c,25.0,90.0,0.8125,0.09252503297618991
v5c0_corrected_v4b_075c,25.0,90.0,0.8125,0.094342228873493
v4b_legacy_025c,25.0,90.0,0.8203125,0.0844313110181044
v5c0_corrected_v4b_075c,25.0,90.0,0.8203125,0.08642644589662254
v4b_legacy_025c,25.0,90.0,0.828125,0.07571093804941013
v5c0_corrected_v4b_075c,25.0,90.0,0.828125,0.07786634766060851
v4b_legacy_025c,25.0,90.0,0.8359375,0.06641697791428347
v5c0_corrected_v4b_075c,25.0,90.0,0.8359375,0.06871388391720382
v4b_legacy_025c,25.0,90.0,0.84375,0.056627411915630005
v5c0_corrected_v4b_075c,25.0,90.0,0.84375,0.05904628389181018
v4b_legacy_025c,25.0,90.0,0.8515625,0.04644518976279012
v5c0_corrected_v4b_075c,25.0,90.0,0.8515625,0.04896609911851726
v4b_legacy_025c,25.0,90.0,0.859375,0.035997255635879626
v5c0_corrected_v4b_075c,25.0,90.0,0.859375,0.03860021073006382
v4b_legacy_025c,25.0,90.0,0.8671875,0.0254325272115355
v5c0_corrected_v4b_075c,25.0,90.0,0.8671875,0.028097779434663316
v4b_legacy_025c,25.0,90.0,0.875,0.014918850602220857
v5c0_corrected_v4b_075c,25.0,90.0,0.875,0.017627161959816253
v4b_legacy_025c,25.0,90.0,0.8828125,0.004638997996586271
v5c0_corrected_v4b_075c,25.0,90.0,0.8828125,0.007371862050454793
v4b_legacy_025c,25.0,90.0,0.890625,-0.00521417839673374
v5c0_corrected_v4b_075c,25.0,90.0,0.890625,-0.002474368594373446
v4b_legacy_025c,25.0,90.0,0.8984375,-0.014443275175636377
v5c0_corrected_v4b_075c,25.0,90.0,0.8984375,-0.011713116274535024
v4b_legacy_025c,25.0,90.0,0.90625,-0.022852353921696125
v5c0_corrected_v4b_075c,25.0,90.0,0.90625,-0.020147380056748373
v4b_legacy_025c,25.0,90.0,0.9140625,-0.03025322047562322
v5c0_corrected_v4b_075c,25.0,90.0,0.9140625,-0.02758790813595206
v4b_legacy_025c,25.0,90.0,0.921875,-0.03647170372907527
v5c0_corrected_v4b_075c,25.0,90.0,0.921875,-0.033859529065272356
v4b_legacy_025c,25.0,90.0,0.9296875,-0.04135367435901761
v5c0_corrected_v4b_075c,25.0,90.0,0.9296875,-0.038807215147861486
v4b_legacy_025c,25.0,90.0,0.9375,-0.04477055219725892
v5c0_corrected_v4b_075c,25.0,90.0,0.9375,-0.042301623779611365
v4b_legacy_025c,25.0,90.0,0.9453125,-0.04662404164590354
v5c0_corrected_v4b_075c,25.0,90.0,0.9453125,-0.044243853719527104
v4b_legacy_025c,25.0,90.0,0.953125,-0.046838799895746616
v5c0_corrected_v4b_075c,25.0,90.0,0.953125,-0.04455811931973231
v4b_legacy_025c,25.0,90.0,0.9609375,-0.04538625686479382
v5c0_corrected_v4b_075c,25.0,90.0,0.9609375,-0.043215560826502894
v4b_legacy_025c,25.0,90.0,0.96875,-0.042291503555925425
v5c0_corrected_v4b_075c,25.0,90.0,0.96875,-0.040241107716157784
v4b_legacy_025c,25.0,90.0,0.9765625,-0.037603959257763164
v5c0_corrected_v4b_075c,25.0,90.0,0.9765625,-0.03568410688973736
v4b_legacy_025c,25.0,90.0,0.984375,-0.03140953694542476
v5c0_corrected_v4b_075c,25.0,90.0,0.984375,-0.029630437575977817
v4b_legacy_025c,25.0,90.0,0.9921875,-0.02382796879991651
v5c0_corrected_v4b_075c,25.0,90.0,0.9921875,-0.022199778291772245
v4b_legacy_025c,25.0,105.0,0.0,-0.0799034579784583
v5c0_corrected_v4b_075c,25.0,105.0,0.0,-0.08134642047700621
v4b_legacy_025c,25.0,105.0,0.0078125,-0.07889616502479405
v5c0_corrected_v4b_075c,25.0,105.0,0.0078125,-0.0804680606208345
v4b_legacy_025c,25.0,105.0,0.015625,-0.07668145810825891
v5c0_corrected_v4b_075c,25.0,105.0,0.015625,-0.07837410620775317
v4b_legacy_025c,25.0,105.0,0.0234375,-0.07338121280844
v5c0_corrected_v4b_075c,25.0,105.0,0.0234375,-0.07518602922213283
v4b_legacy_025c,25.0,105.0,0.03125,-0.0691151027348538
v5c0_corrected_v4b_075c,25.0,105.0,0.03125,-0.07102293137369342
v4b_legacy_025c,25.0,105.0,0.0390625,-0.06399619871031494
v5c0_corrected_v4b_075c,25.0,105.0,0.0390625,-0.06599713231730513
v4b_legacy_025c,25.0,105.0,0.046875,-0.05812738533606758
v5c0_corrected_v4b_075c,25.0,105.0,0.046875,-0.06021059048726971
v4b_legacy_025c,25.0,105.0,0.0546875,-0.05158127715487178
v5c0_corrected_v4b_075c,25.0,105.0,0.0546875,-0.053734838061487614
v4b_legacy_025c,25.0,105.0,0.0625,-0.044453814627008405
v5c0_corrected_v4b_075c,25.0,105.0,0.0625,-0.04666460870944489
v4b_legacy_025c,25.0,105.0,0.0703125,-0.03680602754784511
v5c0_corrected_v4b_075c,25.0,105.0,0.0703125,-0.0390596435317203
v4b_legacy_025c,25.0,105.0,0.078125,-0.028682819495042294
v5c0_corrected_v4b_075c,25.0,105.0,0.078125,-0.030963526123999132
v4b_legacy_025c,25.0,105.0,0.0859375,-0.02011498616831125
v5c0_corrected_v4b_075c,25.0,105.0,0.0859375,-0.022405756763091037
v4b_legacy_025c,25.0,105.0,0.09375,-0.011121059917048854
v5c0_corrected_v4b_075c,25.0,105.0,0.09375,-0.013403655134796202
v4b_legacy_025c,25.0,105.0,0.1015625,-0.0017097865816200655
v5c0_corrected_v4b_075c,25.0,105.0,0.1015625,-0.00396489500666425
v4b_legacy_025c,25.0,105.0,0.109375,0.008116884356311435
v5c0_corrected_v4b_075c,25.0,105.0,0.109375,0.005909450609742093
v4b_legacy_025c,25.0,105.0,0.1171875,0.01836047784435622
v5c0_corrected_v4b_075c,25.0,105.0,0.1171875,0.016221537439993102
v4b_legacy_025c,25.0,105.0,0.125,0.029022472322223998
v5c0_corrected_v4b_075c,25.0,105.0,0.125,0.02697318556027199
v4b_legacy_025c,25.0,105.0,0.1328125,0.04010072703427968
v5c0_corrected_v4b_075c,25.0,105.0,0.1328125,0.038162271226043515
v4b_legacy_025c,25.0,105.0,0.140625,0.051585996594782746
v5c0_corrected_v4b_075c,25.0,105.0,0.140625,0.049779214867460335
v4b_legacy_025c,25.0,105.0,0.1484375,0.06345867641296135
v5c0_corrected_v4b_075c,25.0,105.0,0.1484375,0.061803709460160526
v4b_legacy_025c,25.0,105.0,0.15625,0.07568597631470148
v5c0_corrected_v4b_075c,25.0,105.0,0.15625,0.07420188689966876
v4b_legacy_025c,25.0,105.0,0.1640625,0.08821953755842447
v5c0_corrected_v4b_075c,25.0,105.0,0.1640625,0.0869239375974733
v4b_legacy_025c,25.0,105.0,0.171875,0.10099359455537008
v5c0_corrected_v4b_075c,25.0,105.0,0.171875,0.0999022843961046
v4b_legacy_025c,25.0,105.0,0.1796875,0.1139236307751632
v5c0_corrected_v4b_075c,25.0,105.0,0.1796875,0.11305025987148819
v4b_legacy_025c,25.0,105.0,0.1875,0.12690509210379555
v5c0_corrected_v4b_075c,25.0,105.0,0.1875,0.12626084970611864
v4b_legacy_025c,25.0,105.0,0.1953125,0.13981485436895538
v5c0_corrected_v4b_075c,25.0,105.0,0.1953125,0.13940819811700764
v4b_legacy_025c,25.0,105.0,0.203125,0.15251271874563715
v5c0_corrected_v4b_075c,25.0,105.0,0.203125,0.15234914819179374
v4b_legacy_025c,25.0,105.0,0.2109375,0.164842469388301
v5c0_corrected_v4b_075c,25.0,105.0,0.2109375,0.16492435050611726
v4b_legacy_025c,25.0,105.0,0.21875,0.1766343688516078
v5c0_corrected_v4b_075c,25.0,105.0,0.21875,0.1769608145096193
v4b_legacy_025c,25.0,105.0,0.2265625,0.18770838476283555
v5c0_corrected_v4b_075c,25.0,105.0,0.2265625,0.18827519497797887
v4b_legacy_025c,25.0,105.0,0.234375,0.19787809798223654
v5c0_corrected_v4b_075c,25.0,105.0,0.234375,0.19867776252064662
v4b_legacy_025c,25.0,105.0,0.2421875,0.20695518627520285
v5c0_corrected_v4b_075c,25.0,105.0,0.2421875,0.20797695085152446
v4b_legacy_025c,25.0,105.0,0.25,0.2147543224622404
v5c0_corrected_v4b_075c,25.0,105.0,0.25,0.21598431841475874
v4b_legacy_025c,25.0,105.0,0.2578125,0.22109835959103757
v5c0_corrected_v4b_075c,25.0,105.0,0.2578125,0.22251979549457288
v4b_legacy_025c,25.0,105.0,0.265625,0.22582371484623798
v5c0_corrected_v4b_075c,25.0,105.0,0.265625,0.22741712708717024
v4b_legacy_025c,25.0,105.0,0.2734375,0.22878574563911655
v5c0_corrected_v4b_075c,25.0,105.0,0.2734375,0.23052930354063628
v4b_legacy_025c,25.0,105.0,0.28125,0.22986388169442074
v5c0_corrected_v4b_075c,25.0,105.0,0.28125,0.2317337413731912
v4b_legacy_025c,25.0,105.0,0.2890625,0.22896639015672027
v5c0_corrected_v4b_075c,25.0,105.0,0.2890625,0.2309370899471337
v4b_legacy_025c,25.0,105.0,0.296875,0.2260345740484637
v5c0_corrected_v4b_075c,25.0,105.0,0.296875,0.22807946308434976
v4b_legacy_025c,25.0,105.0,0.3046875,0.22104621634804453
v5c0_corrected_v4b_075c,25.0,105.0,0.3046875,0.2231379067844302
v4b_legacy_025c,25.0,105.0,0.3125,0.2140180843621259
v5c0_corrected_v4b_075c,25.0,105.0,0.3125,0.21612891679444446
v4b_legacy_025c,25.0,105.0,0.3203125,0.20500738119760603
v5c0_corrected_v4b_075c,25.0,105.0,0.3203125,0.2071098921369654
v4b_legacy_025c,25.0,105.0,0.328125,0.19411202206584693
v5c0_corrected_v4b_075c,25.0,105.0,0.328125,0.19617940190076133
v4b_legacy_025c,25.0,105.0,0.3359375,0.18146967904559547
v5c0_corrected_v4b_075c,25.0,105.0,0.3359375,0.18347620880496254
v4b_legacy_025c,25.0,105.0,0.34375,0.16725554017530345
v5c0_corrected_v4b_075c,25.0,105.0,0.34375,0.16917699564216931
v4b_legacy_025c,25.0,105.0,0.3515625,0.15167884377926483
v5c0_corrected_v4b_075c,25.0,105.0,0.3515625,0.15349285612114463
v4b_legacy_025c,25.0,105.0,0.359375,0.13497823664730252
v5c0_corrected_v4b_075c,25.0,105.0,0.359375,0.13666459974821019
v4b_legacy_025c,25.0,105.0,0.3671875,0.11741610604090837
v5c0_corrected_v4b_075c,25.0,105.0,0.3671875,0.11895702215208064
v4b_legacy_025c,25.0,105.0,0.375,0.09927205978025795
v5c0_corrected_v4b_075c,25.0,105.0,0.375,0.10065231694451048
v4b_legacy_025c,25.0,105.0,0.3828125,0.08083576106259818
v5c0_corrected_v4b_075c,25.0,105.0,0.3828125,0.08204283798586118
v4b_legacy_025c,25.0,105.0,0.390625,0.06239939165765296
v5c0_corrected_v4b_075c,25.0,105.0,0.390625,0.06342348825242654
v4b_legacy_025c,25.0,105.0,0.3984375,0.04425001970380904
v5c0_corrected_v4b_075c,25.0,105.0,0.3984375,0.04508401433922937
v4b_legacy_025c,25.0,105.0,0.40625,0.0266621658856254
v5c0_corrected_v4b_075c,25.0,105.0,0.40625,0.027301503345510285
v4b_legacy_025c,25.0,105.0,0.4140625,0.009890856832914328
v5c0_corrected_v4b_075c,25.0,105.0,0.4140625,0.010333373975696879
v4b_legacy_025c,25.0,105.0,0.421875,-0.005834555691208589
v5c0_corrected_v4b_075c,25.0,105.0,0.421875,-0.005588856716173387
v4b_legacy_025c,25.0,105.0,0.4296875,-0.020315568939743324
v5c0_corrected_v4b_075c,25.0,105.0,0.4296875,-0.020264787515622672
v4b_legacy_025c,25.0,105.0,0.4375,-0.033388499609553736
v5c0_corrected_v4b_075c,25.0,105.0,0.4375,-0.0335291290635434
v4b_legacy_025c,25.0,105.0,0.4453125,-0.04492710805289251
v5c0_corrected_v4b_075c,25.0,105.0,0.4453125,-0.045254337844326094
v4b_legacy_025c,25.0,105.0,0.453125,-0.05484379773034752
v5c0_corrected_v4b_075c,25.0,105.0,0.453125,-0.055351809095222054
v4b_legacy_025c,25.0,105.0,0.4609375,-0.06308937951747183
v5c0_corrected_v4b_075c,25.0,105.0,0.4609375,-0.06377161870877247
v4b_legacy_025c,25.0,105.0,0.46875,-0.06965145986181272
v5c0_corrected_v4b_075c,25.0,105.0,0.46875,-0.07050087460258306
v4b_legacy_025c,25.0,105.0,0.4765625,-0.07455157410050034
v5c0_corrected_v4b_075c,25.0,105.0,0.4765625,-0.07556080132672977
v4b_legacy_025c,25.0,105.0,0.484375,-0.07784124523212853
v5c0_corrected_v4b_075c,25.0,105.0,0.484375,-0.07900274151583125
v4b_legacy_025c,25.0,105.0,0.4921875,-0.07959719400121502
v5c0_corrected_v4b_075c,25.0,105.0,0.4921875,-0.08090330399048204
v4b_legacy_025c,25.0,105.0,0.5,-0.07991595684346964
v5c0_corrected_v4b_075c,25.0,105.0,0.5,-0.08135891934201755
v4b_legacy_025c,25.0,105.0,0.5078125,-0.07890818658782024
v5c0_corrected_v4b_075c,25.0,105.0,0.5078125,-0.0804800821838607
v4b_legacy_025c,25.0,105.0,0.515625,-0.07669291446492771
v5c0_corrected_v4b_075c,25.0,105.0,0.515625,-0.07838556256442201
v4b_legacy_025c,25.0,105.0,0.5234375,-0.07339203248293312
v5c0_corrected_v4b_075c,25.0,105.0,0.5234375,-0.07519684889662594
v4b_legacy_025c,25.0,105.0,0.53125,-0.06912522967662242
v5c0_corrected_v4b_075c,25.0,105.0,0.53125,-0.071033058315462
v4b_legacy_025c,25.0,105.0,0.5390625,-0.06400559085590518
v5c0_corrected_v4b_075c,25.0,105.0,0.5390625,-0.06600652446289536
v4b_legacy_025c,25.0,105.0,0.546875,-0.058120767249506385
v5c0_corrected_v4b_075c,25.0,105.0,0.546875,-0.06020397240070851
v4b_legacy_025c,25.0,105.0,0.5546875,-0.05157457598400811
v5c0_corrected_v4b_075c,25.0,105.0,0.5546875,-0.05372813689062396
v4b_legacy_025c,25.0,105.0,0.5625,-0.044447955164148
v5c0_corrected_v4b_075c,25.0,105.0,0.5625,-0.046658749246584565
v4b_legacy_025c,25.0,105.0,0.5703125,-0.03680101119472765
v5c0_corrected_v4b_075c,25.0,105.0,0.5703125,-0.039054627178602724
v4b_legacy_025c,25.0,105.0,0.578125,-0.028678643923156298
v5c0_corrected_v4b_075c,25.0,105.0,0.578125,-0.03095935055211303
v4b_legacy_025c,25.0,105.0,0.5859375,-0.02011164708871878
v5c0_corrected_v4b_075c,25.0,105.0,0.5859375,-0.02240241768349876
v4b_legacy_025c,25.0,105.0,0.59375,-0.011118552610961572
v5c0_corrected_v4b_075c,25.0,105.0,0.59375,-0.01340114782870892
v4b_legacy_025c,25.0,105.0,0.6015625,-0.0017081071239194133
v5c0_corrected_v4b_075c,25.0,105.0,0.6015625,-0.003963215548963565
v4b_legacy_025c,25.0,105.0,0.609375,0.008117738231965554
v5c0_corrected_v4b_075c,25.0,105.0,0.609375,0.005910304485396246
v4b_legacy_025c,25.0,105.0,0.6171875,0.01836050624920241
v5c0_corrected_v4b_075c,25.0,105.0,0.6171875,0.016221565844839296
v4b_legacy_025c,25.0,105.0,0.625,0.029021673093175472
v5c0_corrected_v4b_075c,25.0,105.0,0.625,0.026972386331223466
v4b_legacy_025c,25.0,105.0,0.6328125,0.040099095989219916
v5c0_corrected_v4b_075c,25.0,105.0,0.6328125,0.03816064018098377
v4b_legacy_025c,25.0,105.0,0.640625,0.05158352814075627
v5c0_corrected_v4b_075c,25.0,105.0,0.640625,0.0497767464134338
v4b_legacy_025c,25.0,105.0,0.6484375,0.0634553644797874
v5c0_corrected_v4b_075c,25.0,105.0,0.6484375,0.06180039752698657
v4b_legacy_025c,25.0,105.0,0.65625,0.07568181555678616
v5c0_corrected_v4b_075c,25.0,105.0,0.65625,0.07419772614175348
v4b_legacy_025c,25.0,105.0,0.6640625,0.08821452478364401
v5c0_corrected_v4b_075c,25.0,105.0,0.6640625,0.0869189248226929
v4b_legacy_025c,25.0,105.0,0.671875,0.10098773031084443
v5c0_corrected_v4b_075c,25.0,105.0,0.671875,0.09989642015157897
v4b_legacy_025c,25.0,105.0,0.6796875,0.1139169210719213
v5c0_corrected_v4b_075c,25.0,105.0,0.6796875,0.11304355016824628
v4b_legacy_025c,25.0,105.0,0.6875,0.12689755026099012
v5c0_corrected_v4b_075c,25.0,105.0,0.6875,0.12625330786331326
v4b_legacy_025c,25.0,105.0,0.6953125,0.1398065024678053
v5c0_corrected_v4b_075c,25.0,105.0,0.6953125,0.1393998462158575
v4b_legacy_025c,25.0,105.0,0.703125,0.15250358914621476
v5c0_corrected_v4b_075c,25.0,105.0,0.703125,0.1523400185923713
v4b_legacy_025c,25.0,105.0,0.7109375,0.16483260606533573
v5c0_corrected_v4b_075c,25.0,105.0,0.7109375,0.16491448718315202
v4b_legacy_025c,25.0,105.0,0.71875,0.1766238284603356
v5c0_corrected_v4b_075c,25.0,105.0,0.71875,0.17695027411834718
v4b_legacy_025c,25.0,105.0,0.7265625,0.18769723738157326
v5c0_corrected_v4b_075c,25.0,105.0,0.7265625,0.18826404759671653
v4b_legacy_025c,25.0,105.0,0.734375,0.19786642747750646
v5c0_corrected_v4b_075c,25.0,105.0,0.734375,0.1986660920159166
v4b_legacy_025c,25.0,105.0,0.7421875,0.20694309024189844
v5c0_corrected_v4b_075c,25.0,105.0,0.7421875,0.20796485481822005
v4b_legacy_025c,25.0,105.0,0.75,0.21474191172185736
v5c0_corrected_v4b_075c,25.0,105.0,0.75,0.2159719076743757
v4b_legacy_025c,25.0,105.0,0.7578125,0.22108575722512383
v5c0_corrected_v4b_075c,25.0,105.0,0.7578125,0.2225071931286592
v4b_legacy_025c,25.0,105.0,0.765625,0.2258110547706756
v5c0_corrected_v4b_075c,25.0,105.0,0.765625,0.22740446701160788
v4b_legacy_025c,25.0,105.0,0.7734375,0.2287731707282649
v5c0_corrected_v4b_075c,25.0,105.0,0.7734375,0.2305167286297845
v4b_legacy_025c,25.0,105.0,0.78125,0.22985154149232884
v5c0_corrected_v4b_075c,25.0,105.0,0.78125,0.2317214011710993
v4b_legacy_025c,25.0,105.0,0.7890625,0.22895443823022396
v5c0_corrected_v4b_075c,25.0,105.0,0.7890625,0.23092513802063738
v4b_legacy_025c,25.0,105.0,0.796875,0.22602316503545897
v5c0_corrected_v4b_075c,25.0,105.0,0.796875,0.22806805407134498
v4b_legacy_025c,25.0,105.0,0.8046875,0.2210355027872068
v5c0_corrected_v4b_075c,25.0,105.0,0.8046875,0.22312719322359242
v4b_legacy_025c,25.0,105.0,0.8125,0.21400821339195444
v5c0_corrected_v4b_075c,25.0,105.0,0.8125,0.21611904582427302
v4b_legacy_025c,25.0,105.0,0.8203125,0.20499849122530603
v5c0_corrected_v4b_075c,25.0,105.0,0.8203125,0.2071010021646655
v4b_legacy_025c,25.0,105.0,0.828125,0.19410423951316852
v5c0_corrected_v4b_075c,25.0,105.0,0.828125,0.19617161934808297
v4b_legacy_025c,25.0,105.0,0.8359375,0.18146311527715936
v5c0_corrected_v4b_075c,25.0,105.0,0.8359375,0.18346964503652644
v4b_legacy_025c,25.0,105.0,0.84375,0.1672502887180846
v5c0_corrected_v4b_075c,25.0,105.0,0.84375,0.16917174418495048
v4b_legacy_025c,25.0,105.0,0.8515625,0.15167497793385523
v5c0_corrected_v4b_075c,25.0,105.0,0.8515625,0.15348899027573495
v4b_legacy_025c,25.0,105.0,0.859375,0.13497580758047076
v5c0_corrected_v4b_075c,25.0,105.0,0.859375,0.13666217068137837
v4b_legacy_025c,25.0,105.0,0.8671875,0.11741514143251319
v5c0_corrected_v4b_075c,25.0,105.0,0.8671875,0.11895605754368554
v4b_legacy_025c,25.0,105.0,0.875,0.09927256308524096
v5c0_corrected_v4b_075c,25.0,105.0,0.875,0.10065282024949367
v4b_legacy_025c,25.0,105.0,0.8828125,0.08083771141872163
v5c0_corrected_v4b_075c,25.0,105.0,0.8828125,0.08204478834198473
v4b_legacy_025c,25.0,105.0,0.890625,0.06240274445509586
v5c0_corrected_v4b_075c,25.0,105.0,0.890625,0.06342684104986937
v4b_legacy_025c,25.0,105.0,0.8984375,0.04425470779948912
v5c0_corrected_v4b_075c,25.0,105.0,0.8984375,0.045088702434909395
v4b_legacy_025c,25.0,105.0,0.90625,0.02666810142430226
v5c0_corrected_v4b_075c,25.0,105.0,0.90625,0.027307438884187046
v4b_legacy_025c,25.0,105.0,0.9140625,0.009897933612995999
v5c0_corrected_v4b_075c,25.0,105.0,0.9140625,0.010340450755778536
v4b_legacy_025c,25.0,105.0,0.921875,-0.005826459393580847
v5c0_corrected_v4b_075c,25.0,105.0,0.921875,-0.005580760418545544
v4b_legacy_025c,25.0,105.0,0.9296875,-0.02030658719046451
v5c0_corrected_v4b_075c,25.0,105.0,0.9296875,-0.020255805766343876
v4b_legacy_025c,25.0,105.0,0.9375,-0.03337877539780061
v5c0_corrected_v4b_075c,25.0,105.0,0.9375,-0.03351940485179031
v4b_legacy_025c,25.0,105.0,0.9453125,-0.04491678975883776
v5c0_corrected_v4b_075c,25.0,105.0,0.9453125,-0.04524401955027135
v4b_legacy_025c,25.0,105.0,0.953125,-0.054833035607994206
v5c0_corrected_v4b_075c,25.0,105.0,0.953125,-0.055341046972868665
v4b_legacy_025c,25.0,105.0,0.9609375,-0.06307832231710617
v5c0_corrected_v4b_075c,25.0,105.0,0.9609375,-0.06376056150840684
v4b_legacy_025c,25.0,105.0,0.96875,-0.06964025170800804
v5c0_corrected_v4b_075c,25.0,105.0,0.96875,-0.07048966644877838
v4b_legacy_025c,25.0,105.0,0.9765625,-0.07454035172703155
v5c0_corrected_v4b_075c,25.0,105.0,0.9765625,-0.07554957895326093
v4b_legacy_025c,25.0,105.0,0.984375,-0.07783013565642413
v5c0_corrected_v4b_075c,25.0,105.0,0.984375,-0.07899163194012687
v4b_legacy_025c,25.0,105.0,0.9921875,-0.07958631269849843
v5c0_corrected_v4b_075c,25.0,105.0,0.9921875,-0.08089242268776538
