case,phase_t_over_T,variable,value
W1,0.00389105058366,cd,0.166336633663
W1,0.00583657587549,cd,0.166336633663
W1,0.00778210116732,cd,0.164356435644
W1,0.00972762645914,cd,0.164356435644
W1,0.011673151751,cd,0.164356435644
W1,0.0136186770428,cd,0.162376237624
W1,0.0155642023346,cd,0.162376237624
W1,0.0175097276265,cd,0.162376237624
W1,0.0194552529183,cd,0.160396039604
W1,0.0214007782101,cd,0.160396039604
W1,0.0233463035019,cd,0.160396039604
W1,0.0252918287938,cd,0.158415841584
W1,0.0272373540856,cd,0.158415841584
W1,0.0291828793774,cd,0.156435643564
W1,0.0311284046693,cd,0.156435643564
W1,0.0330739299611,cd,0.154455445545
W1,0.0350194552529,cd,0.154455445545
W1,0.0369649805447,cd,0.152475247525
W1,0.0389105058366,cd,0.152475247525
W1,0.0408560311284,cd,0.150495049505
W1,0.0428015564202,cd,0.148514851485
W1,0.0447470817121,cd,0.148514851485
W1,0.0466926070039,cd,0.146534653465
W1,0.0486381322957,cd,0.144554455446
W1,0.0505836575875,cd,0.142574257426
W1,0.0525291828794,cd,0.140594059406
W1,0.0544747081712,cd,0.138613861386
W1,0.056420233463,cd,0.136633663366
W1,0.0583657587549,cd,0.134653465347
W1,0.0603112840467,cd,0.132673267327
W1,0.0622568093385,cd,0.130693069307
W1,0.0642023346304,cd,0.128712871287
W1,0.0661478599222,cd,0.124752475248
W1,0.068093385214,cd,0.122772277228
W1,0.0700389105058,cd,0.118811881188
W1,0.0719844357977,cd,0.116831683168
W1,0.0739299610895,cd,0.112871287129
W1,0.0758754863813,cd,0.110891089109
W1,0.0778210116732,cd,0.106930693069
W1,0.079766536965,cd,0.10297029703
W1,0.0817120622568,cd,0.0990099009901
W1,0.0836575875486,cd,0.0950495049505
W1,0.0856031128405,cd,0.0910891089109
W1,0.0875486381323,cd,0.0871287128713
W1,0.0894941634241,cd,0.0831683168317
W1,0.091439688716,cd,0.0792079207921
W1,0.0933852140078,cd,0.0752475247525
W1,0.0953307392996,cd,0.0693069306931
W1,0.0972762645914,cd,0.0653465346535
W1,0.0992217898833,cd,0.0594059405941
W1,0.101167315175,cd,0.0554455445545
W1,0.103112840467,cd,0.049504950495
W1,0.105058365759,cd,0.0455445544554
W1,0.107003891051,cd,0.039603960396
W1,0.108949416342,cd,0.0376237623762
W1,0.110894941634,cd,0.0257425742574
W1,0.112840466926,cd,0.0237623762376
W1,0.114785992218,cd,0.0178217821782
W1,0.11673151751,cd,0.0118811881188
W1,0.118677042802,cd,0.00594059405941
W1,0.120622568093,cd,0
W1,0.122568093385,cd,-0.00594059405941
W1,0.124513618677,cd,-0.0138613861386
W1,0.126459143969,cd,-0.0178217821782
W1,0.128404669261,cd,-0.0237623762376
W1,0.130350194553,cd,-0.029702970297
W1,0.132295719844,cd,-0.0356435643564
W1,0.134241245136,cd,-0.0435643564356
W1,0.136186770428,cd,-0.049504950495
W1,0.13813229572,cd,-0.0554455445545
W1,0.140077821012,cd,-0.0633663366337
W1,0.142023346304,cd,-0.0673267326733
W1,0.143968871595,cd,-0.0752475247525
W1,0.145914396887,cd,-0.0811881188119
W1,0.147859922179,cd,-0.0871287128713
W1,0.149805447471,cd,-0.0930693069307
W1,0.151750972763,cd,-0.0990099009901
W1,0.153696498054,cd,-0.10495049505
W1,0.155642023346,cd,-0.112871287129
W1,0.157587548638,cd,-0.118811881188
W1,0.15953307393,cd,-0.124752475248
W1,0.161478599222,cd,-0.130693069307
W1,0.163424124514,cd,-0.136633663366
W1,0.165369649805,cd,-0.142574257426
W1,0.167315175097,cd,-0.146534653465
W1,0.169260700389,cd,-0.152475247525
W1,0.171206225681,cd,-0.158415841584
W1,0.173151750973,cd,-0.164356435644
W1,0.175097276265,cd,-0.170297029703
W1,0.177042801556,cd,-0.174257425743
W1,0.178988326848,cd,-0.180198019802
W1,0.18093385214,cd,-0.186138613861
W1,0.182879377432,cd,-0.190099009901
W1,0.184824902724,cd,-0.194059405941
W1,0.186770428016,cd,-0.2
W1,0.188715953307,cd,-0.20396039604
W1,0.190661478599,cd,-0.209900990099
W1,0.192607003891,cd,-0.213861386139
W1,0.194552529183,cd,-0.217821782178
W1,0.196498054475,cd,-0.221782178218
W1,0.198443579767,cd,-0.225742574257
W1,0.200389105058,cd,-0.229702970297
W1,0.20233463035,cd,-0.233663366337
W1,0.204280155642,cd,-0.237623762376
W1,0.206225680934,cd,-0.241584158416
W1,0.208171206226,cd,-0.245544554455
W1,0.210116731518,cd,-0.249504950495
W1,0.212062256809,cd,-0.253465346535
W1,0.214007782101,cd,-0.255445544554
W1,0.215953307393,cd,-0.259405940594
W1,0.217898832685,cd,-0.261386138614
W1,0.219844357977,cd,-0.265346534653
W1,0.221789883268,cd,-0.269306930693
W1,0.22373540856,cd,-0.271287128713
W1,0.225680933852,cd,-0.273267326733
W1,0.227626459144,cd,-0.277227722772
W1,0.229571984436,cd,-0.279207920792
W1,0.231517509728,cd,-0.281188118812
W1,0.233463035019,cd,-0.283168316832
W1,0.235408560311,cd,-0.285148514851
W1,0.237354085603,cd,-0.289108910891
W1,0.239299610895,cd,-0.291089108911
W1,0.241245136187,cd,-0.293069306931
W1,0.243190661479,cd,-0.29504950495
W1,0.24513618677,cd,-0.29702970297
W1,0.247081712062,cd,-0.29900990099
W1,0.249027237354,cd,-0.29900990099
W1,0.250972762646,cd,-0.30099009901
W1,0.252918287938,cd,-0.30297029703
W1,0.25486381323,cd,-0.30495049505
W1,0.256809338521,cd,-0.30495049505
W1,0.258754863813,cd,-0.306930693069
W1,0.260700389105,cd,-0.306930693069
W1,0.262645914397,cd,-0.308910891089
W1,0.264591439689,cd,-0.308910891089
W1,0.266536964981,cd,-0.310891089109
W1,0.268482490272,cd,-0.310891089109
W1,0.270428015564,cd,-0.310891089109
W1,0.272373540856,cd,-0.310891089109
W1,0.274319066148,cd,-0.310891089109
W1,0.27626459144,cd,-0.310891089109
W1,0.278210116732,cd,-0.310891089109
W1,0.280155642023,cd,-0.310891089109
W1,0.282101167315,cd,-0.310891089109
W1,0.284046692607,cd,-0.310891089109
W1,0.285992217899,cd,-0.310891089109
W1,0.287937743191,cd,-0.308910891089
W1,0.289883268482,cd,-0.306930693069
W1,0.291828793774,cd,-0.306930693069
W1,0.293774319066,cd,-0.30495049505
W1,0.295719844358,cd,-0.30495049505
W1,0.29766536965,cd,-0.30297029703
W1,0.299610894942,cd,-0.30099009901
W1,0.301556420233,cd,-0.29702970297
W1,0.303501945525,cd,-0.29504950495
W1,0.305447470817,cd,-0.293069306931
W1,0.307392996109,cd,-0.291089108911
W1,0.309338521401,cd,-0.289108910891
W1,0.311284046693,cd,-0.285148514851
W1,0.313229571984,cd,-0.281188118812
W1,0.315175097276,cd,-0.279207920792
W1,0.317120622568,cd,-0.277227722772
W1,0.31906614786,cd,-0.271287128713
W1,0.321011673152,cd,-0.267326732673
W1,0.322957198444,cd,-0.265346534653
W1,0.324902723735,cd,-0.259405940594
W1,0.326848249027,cd,-0.255445544554
W1,0.328793774319,cd,-0.251485148515
W1,0.330739299611,cd,-0.247524752475
W1,0.332684824903,cd,-0.241584158416
W1,0.334630350195,cd,-0.235643564356
W1,0.336575875486,cd,-0.231683168317
W1,0.338521400778,cd,-0.225742574257
W1,0.34046692607,cd,-0.221782178218
W1,0.342412451362,cd,-0.213861386139
W1,0.344357976654,cd,-0.207920792079
W1,0.346303501946,cd,-0.20198019802
W1,0.348249027237,cd,-0.19603960396
W1,0.350194552529,cd,-0.190099009901
W1,0.352140077821,cd,-0.182178217822
W1,0.354085603113,cd,-0.176237623762
W1,0.356031128405,cd,-0.170297029703
W1,0.357976653696,cd,-0.162376237624
W1,0.359922178988,cd,-0.156435643564
W1,0.36186770428,cd,-0.150495049505
W1,0.363813229572,cd,-0.142574257426
W1,0.365758754864,cd,-0.134653465347
W1,0.367704280156,cd,-0.126732673267
W1,0.369649805447,cd,-0.120792079208
W1,0.371595330739,cd,-0.112871287129
W1,0.373540856031,cd,-0.106930693069
W1,0.375486381323,cd,-0.0990099009901
W1,0.377431906615,cd,-0.0910891089109
W1,0.379377431907,cd,-0.0851485148515
W1,0.381322957198,cd,-0.0772277227723
W1,0.38326848249,cd,-0.0693069306931
W1,0.385214007782,cd,-0.0633663366337
W1,0.387159533074,cd,-0.0554455445545
W1,0.389105058366,cd,-0.0475247524752
W1,0.391050583658,cd,-0.039603960396
W1,0.392996108949,cd,-0.0336633663366
W1,0.394941634241,cd,-0.0257425742574
W1,0.396887159533,cd,-0.0178217821782
W1,0.398832684825,cd,-0.0118811881188
W1,0.400778210117,cd,-0.0039603960396
W1,0.402723735409,cd,0.0019801980198
W1,0.4046692607,cd,0.00990099009901
W1,0.406614785992,cd,0.0158415841584
W1,0.408560311284,cd,0.0257425742574
W1,0.410505836576,cd,0.0376237623762
W1,0.412451361868,cd,0.039603960396
W1,0.41439688716,cd,0.0455445544554
W1,0.416342412451,cd,0.0514851485149
W1,0.418287937743,cd,0.0594059405941
W1,0.420233463035,cd,0.0673267326733
W1,0.422178988327,cd,0.0732673267327
W1,0.424124513619,cd,0.0811881188119
W1,0.426070038911,cd,0.0871287128713
W1,0.428015564202,cd,0.0950495049505
W1,0.429961089494,cd,0.10099009901
W1,0.431906614786,cd,0.106930693069
W1,0.433852140078,cd,0.112871287129
W1,0.43579766537,cd,0.120792079208
W1,0.437743190661,cd,0.126732673267
W1,0.439688715953,cd,0.132673267327
W1,0.441634241245,cd,0.140594059406
W1,0.443579766537,cd,0.146534653465
W1,0.445525291829,cd,0.152475247525
W1,0.447470817121,cd,0.158415841584
W1,0.449416342412,cd,0.164356435644
W1,0.451361867704,cd,0.170297029703
W1,0.453307392996,cd,0.176237623762
W1,0.455252918288,cd,0.182178217822
W1,0.45719844358,cd,0.186138613861
W1,0.459143968872,cd,0.194059405941
W1,0.461089494163,cd,0.2
W1,0.463035019455,cd,0.20396039604
W1,0.464980544747,cd,0.209900990099
W1,0.466926070039,cd,0.215841584158
W1,0.468871595331,cd,0.219801980198
W1,0.470817120623,cd,0.225742574257
W1,0.472762645914,cd,0.231683168317
W1,0.474708171206,cd,0.235643564356
W1,0.476653696498,cd,0.239603960396
W1,0.47859922179,cd,0.245544554455
W1,0.480544747082,cd,0.249504950495
W1,0.482490272374,cd,0.253465346535
W1,0.484435797665,cd,0.257425742574
W1,0.486381322957,cd,0.261386138614
W1,0.488326848249,cd,0.265346534653
W1,0.490272373541,cd,0.269306930693
W1,0.492217898833,cd,0.273267326733
W1,0.494163424125,cd,0.275247524752
W1,0.496108949416,cd,0.279207920792
W1,0.498054474708,cd,0.281188118812
W1,0.5,cd,0.285148514851
W1,0.501945525292,cd,0.287128712871
W1,0.503891050584,cd,0.289108910891
W1,0.505836575875,cd,0.291089108911
W1,0.507782101167,cd,0.293069306931
W1,0.509727626459,cd,0.293069306931
W1,0.511673151751,cd,0.29504950495
W1,0.513618677043,cd,0.29504950495
W1,0.515564202335,cd,0.29702970297
W1,0.517509727626,cd,0.29702970297
W1,0.519455252918,cd,0.29702970297
W1,0.52140077821,cd,0.29702970297
W1,0.523346303502,cd,0.29702970297
W1,0.525291828794,cd,0.29702970297
W1,0.527237354086,cd,0.29702970297
W1,0.529182879377,cd,0.29702970297
W1,0.531128404669,cd,0.29504950495
W1,0.533073929961,cd,0.29504950495
W1,0.535019455253,cd,0.293069306931
W1,0.536964980545,cd,0.291089108911
W1,0.538910505837,cd,0.289108910891
W1,0.540856031128,cd,0.287128712871
W1,0.54280155642,cd,0.285148514851
W1,0.544747081712,cd,0.283168316832
W1,0.546692607004,cd,0.281188118812
W1,0.548638132296,cd,0.277227722772
W1,0.550583657588,cd,0.275247524752
W1,0.552529182879,cd,0.273267326733
W1,0.554474708171,cd,0.269306930693
W1,0.556420233463,cd,0.265346534653
W1,0.558365758755,cd,0.263366336634
W1,0.560311284047,cd,0.259405940594
W1,0.562256809339,cd,0.255445544554
W1,0.56420233463,cd,0.251485148515
W1,0.566147859922,cd,0.247524752475
W1,0.568093385214,cd,0.243564356436
W1,0.570038910506,cd,0.239603960396
W1,0.571984435798,cd,0.235643564356
W1,0.573929961089,cd,0.231683168317
W1,0.575875486381,cd,0.227722772277
W1,0.577821011673,cd,0.223762376238
W1,0.579766536965,cd,0.219801980198
W1,0.581712062257,cd,0.215841584158
W1,0.583657587549,cd,0.211881188119
W1,0.58560311284,cd,0.207920792079
W1,0.587548638132,cd,0.20396039604
W1,0.589494163424,cd,0.2
W1,0.591439688716,cd,0.194059405941
W1,0.593385214008,cd,0.190099009901
W1,0.5953307393,cd,0.186138613861
W1,0.597276264591,cd,0.182178217822
W1,0.599221789883,cd,0.178217821782
W1,0.601167315175,cd,0.174257425743
W1,0.603112840467,cd,0.170297029703
W1,0.605058365759,cd,0.166336633663
W1,0.607003891051,cd,0.162376237624
W1,0.608949416342,cd,0.158415841584
W1,0.610894941634,cd,0.154455445545
W1,0.612840466926,cd,0.150495049505
W1,0.614785992218,cd,0.146534653465
W1,0.61673151751,cd,0.142574257426
W1,0.618677042802,cd,0.140594059406
W1,0.620622568093,cd,0.136633663366
W1,0.622568093385,cd,0.132673267327
W1,0.624513618677,cd,0.128712871287
W1,0.626459143969,cd,0.124752475248
W1,0.628404669261,cd,0.120792079208
W1,0.630350194553,cd,0.118811881188
W1,0.632295719844,cd,0.114851485149
W1,0.634241245136,cd,0.110891089109
W1,0.636186770428,cd,0.106930693069
W1,0.63813229572,cd,0.10495049505
W1,0.640077821012,cd,0.10099009901
W1,0.642023346304,cd,0.0970297029703
W1,0.643968871595,cd,0.0950495049505
W1,0.645914396887,cd,0.0910891089109
W1,0.647859922179,cd,0.0891089108911
W1,0.649805447471,cd,0.0851485148515
W1,0.651750972763,cd,0.0811881188119
W1,0.653696498054,cd,0.0792079207921
W1,0.655642023346,cd,0.0752475247525
W1,0.657587548638,cd,0.0732673267327
W1,0.65953307393,cd,0.0693069306931
W1,0.661478599222,cd,0.0653465346535
W1,0.663424124514,cd,0.0633663366337
W1,0.665369649805,cd,0.0594059405941
W1,0.667315175097,cd,0.0574257425743
W1,0.669260700389,cd,0.0534653465347
W1,0.671206225681,cd,0.0514851485149
W1,0.673151750973,cd,0.0475247524752
W1,0.675097276265,cd,0.0455445544554
W1,0.677042801556,cd,0.0415841584158
W1,0.678988326848,cd,0.039603960396
W1,0.68093385214,cd,0.0376237623762
W1,0.682879377432,cd,0.0376237623762
W1,0.684824902724,cd,0.0316831683168
W1,0.686770428016,cd,0.0257425742574
W1,0.688715953307,cd,0.0257425742574
W1,0.690661478599,cd,0.0237623762376
W1,0.692607003891,cd,0.019801980198
W1,0.694552529183,cd,0.0178217821782
W1,0.696498054475,cd,0.0158415841584
W1,0.698443579767,cd,0.0138613861386
W1,0.700389105058,cd,0.0118811881188
W1,0.70233463035,cd,0.00990099009901
W1,0.704280155642,cd,0.00792079207921
W1,0.706225680934,cd,0.0039603960396
W1,0.708171206226,cd,0.0019801980198
W1,0.710116731518,cd,0
W1,0.712062256809,cd,-0.0019801980198
W1,0.714007782101,cd,-0.0039603960396
W1,0.715953307393,cd,-0.0039603960396
W1,0.717898832685,cd,-0.00594059405941
W1,0.719844357977,cd,-0.00792079207921
W1,0.721789883268,cd,-0.00990099009901
W1,0.72373540856,cd,-0.00990099009901
W1,0.725680933852,cd,-0.0118811881188
W1,0.727626459144,cd,-0.0138613861386
W1,0.729571984436,cd,-0.0138613861386
W1,0.731517509728,cd,-0.0158415841584
W1,0.733463035019,cd,-0.0158415841584
W1,0.735408560311,cd,-0.0178217821782
W1,0.737354085603,cd,-0.0178217821782
W1,0.739299610895,cd,-0.0178217821782
W1,0.741245136187,cd,-0.0178217821782
W1,0.743190661479,cd,-0.0178217821782
W1,0.74513618677,cd,-0.0178217821782
W1,0.747081712062,cd,-0.0178217821782
W1,0.749027237354,cd,-0.0178217821782
W1,0.750972762646,cd,-0.0178217821782
W1,0.752918287938,cd,-0.0178217821782
W1,0.75486381323,cd,-0.0178217821782
W1,0.756809338521,cd,-0.0178217821782
W1,0.758754863813,cd,-0.0178217821782
W1,0.760700389105,cd,-0.0178217821782
W1,0.762645914397,cd,-0.0158415841584
W1,0.764591439689,cd,-0.0158415841584
W1,0.766536964981,cd,-0.0158415841584
W1,0.768482490272,cd,-0.0138613861386
W1,0.770428015564,cd,-0.0138613861386
W1,0.772373540856,cd,-0.0118811881188
W1,0.774319066148,cd,-0.00990099009901
W1,0.77626459144,cd,-0.00990099009901
W1,0.778210116732,cd,-0.00792079207921
W1,0.780155642023,cd,-0.00594059405941
W1,0.782101167315,cd,-0.00594059405941
W1,0.784046692607,cd,-0.0039603960396
W1,0.785992217899,cd,-0.0019801980198
W1,0.787937743191,cd,0
W1,0.789883268482,cd,0
W1,0.791828793774,cd,0.0039603960396
W1,0.793774319066,cd,0.0039603960396
W1,0.795719844358,cd,0.00594059405941
W1,0.79766536965,cd,0.00792079207921
W1,0.799610894942,cd,0.0118811881188
W1,0.801556420233,cd,0.0138613861386
W1,0.803501945525,cd,0.0158415841584
W1,0.805447470817,cd,0.0178217821782
W1,0.807392996109,cd,0.019801980198
W1,0.809338521401,cd,0.0217821782178
W1,0.811284046693,cd,0.0237623762376
W1,0.813229571984,cd,0.0257425742574
W1,0.815175097276,cd,0.0257425742574
W1,0.817120622568,cd,0.0316831683168
W1,0.81906614786,cd,0.0376237623762
W1,0.821011673152,cd,0.0376237623762
W1,0.822957198444,cd,0.039603960396
W1,0.824902723735,cd,0.0415841584158
W1,0.826848249027,cd,0.0455445544554
W1,0.828793774319,cd,0.0475247524752
W1,0.830739299611,cd,0.049504950495
W1,0.832684824903,cd,0.0534653465347
W1,0.834630350195,cd,0.0554455445545
W1,0.836575875486,cd,0.0574257425743
W1,0.838521400778,cd,0.0613861386139
W1,0.84046692607,cd,0.0633663366337
W1,0.842412451362,cd,0.0673267326733
W1,0.844357976654,cd,0.0693069306931
W1,0.846303501946,cd,0.0732673267327
W1,0.848249027237,cd,0.0752475247525
W1,0.850194552529,cd,0.0792079207921
W1,0.852140077821,cd,0.0811881188119
W1,0.854085603113,cd,0.0851485148515
W1,0.856031128405,cd,0.0871287128713
W1,0.857976653696,cd,0.0910891089109
W1,0.859922178988,cd,0.0950495049505
W1,0.86186770428,cd,0.0970297029703
W1,0.863813229572,cd,0.0990099009901
W1,0.865758754864,cd,0.10297029703
W1,0.867704280156,cd,0.10495049505
W1,0.869649805447,cd,0.108910891089
W1,0.871595330739,cd,0.112871287129
W1,0.873540856031,cd,0.114851485149
W1,0.875486381323,cd,0.118811881188
W1,0.877431906615,cd,0.120792079208
W1,0.879377431907,cd,0.122772277228
W1,0.881322957198,cd,0.126732673267
W1,0.88326848249,cd,0.128712871287
W1,0.885214007782,cd,0.132673267327
W1,0.887159533074,cd,0.134653465347
W1,0.889105058366,cd,0.136633663366
W1,0.891050583658,cd,0.138613861386
W1,0.892996108949,cd,0.140594059406
W1,0.894941634241,cd,0.144554455446
W1,0.896887159533,cd,0.146534653465
W1,0.898832684825,cd,0.148514851485
W1,0.900778210117,cd,0.150495049505
W1,0.902723735409,cd,0.152475247525
W1,0.9046692607,cd,0.154455445545
W1,0.906614785992,cd,0.156435643564
W1,0.908560311284,cd,0.158415841584
W1,0.910505836576,cd,0.160396039604
W1,0.912451361868,cd,0.162376237624
W1,0.91439688716,cd,0.162376237624
W1,0.916342412451,cd,0.164356435644
W1,0.918287937743,cd,0.166336633663
W1,0.920233463035,cd,0.166336633663
W1,0.922178988327,cd,0.168316831683
W1,0.924124513619,cd,0.170297029703
W1,0.926070038911,cd,0.170297029703
W1,0.928015564202,cd,0.170297029703
W1,0.929961089494,cd,0.172277227723
W1,0.931906614786,cd,0.172277227723
W1,0.933852140078,cd,0.174257425743
W1,0.93579766537,cd,0.174257425743
W1,0.937743190661,cd,0.174257425743
W1,0.939688715953,cd,0.174257425743
W1,0.941634241245,cd,0.176237623762
W1,0.943579766537,cd,0.176237623762
W1,0.945525291829,cd,0.176237623762
W1,0.947470817121,cd,0.176237623762
W1,0.949416342412,cd,0.176237623762
W1,0.951361867704,cd,0.176237623762
W1,0.953307392996,cd,0.176237623762
W1,0.955252918288,cd,0.176237623762
W1,0.95719844358,cd,0.176237623762
W1,0.959143968872,cd,0.176237623762
W1,0.961089494163,cd,0.176237623762
W1,0.963035019455,cd,0.174257425743
W1,0.964980544747,cd,0.174257425743
W1,0.966926070039,cd,0.174257425743
W1,0.968871595331,cd,0.174257425743
W1,0.970817120623,cd,0.174257425743
W1,0.972762645914,cd,0.174257425743
W1,0.974708171206,cd,0.172277227723
W1,0.976653696498,cd,0.172277227723
W1,0.97859922179,cd,0.172277227723
W1,0.980544747082,cd,0.172277227723
W1,0.982490272374,cd,0.172277227723
W1,0.984435797665,cd,0.170297029703
W1,0.986381322957,cd,0.170297029703
W1,0.988326848249,cd,0.170297029703
W1,0.990272373541,cd,0.170297029703
W1,0.992217898833,cd,0.168316831683
W1,0.994163424125,cd,0.168316831683
W1,0.996108949416,cd,0.168316831683
W1,0.00393700787402,cl,0.61
W1,0.00590551181102,cl,0.62
W1,0.00787401574803,cl,0.64
W1,0.00984251968504,cl,0.65
W1,0.011811023622,cl,0.67
W1,0.0137795275591,cl,0.69
W1,0.0157480314961,cl,0.7
W1,0.0177165354331,cl,0.72
W1,0.0196850393701,cl,0.74
W1,0.0216535433071,cl,0.75
W1,0.0236220472441,cl,0.77
W1,0.0255905511811,cl,0.79
W1,0.0275590551181,cl,0.81
W1,0.0295275590551,cl,0.83
W1,0.0314960629921,cl,0.85
W1,0.0334645669291,cl,0.87
W1,0.0354330708661,cl,0.89
W1,0.0374015748031,cl,0.91
W1,0.0393700787402,cl,0.93
W1,0.0413385826772,cl,0.95
W1,0.0433070866142,cl,0.97
W1,0.0452755905512,cl,0.99
W1,0.0472440944882,cl,1.01
W1,0.0492125984252,cl,1.01
W1,0.0511811023622,cl,1.07
W1,0.0531496062992,cl,1.08
W1,0.0551181102362,cl,1.1
W1,0.0570866141732,cl,1.12
W1,0.0590551181102,cl,1.14
W1,0.0610236220472,cl,1.16
W1,0.0629921259843,cl,1.19
W1,0.0649606299213,cl,1.21
W1,0.0669291338583,cl,1.23
W1,0.0688976377953,cl,1.25
W1,0.0708661417323,cl,1.27
W1,0.0728346456693,cl,1.29
W1,0.0748031496063,cl,1.32
W1,0.0767716535433,cl,1.34
W1,0.0787401574803,cl,1.36
W1,0.0807086614173,cl,1.38
W1,0.0826771653543,cl,1.41
W1,0.0846456692913,cl,1.43
W1,0.0866141732283,cl,1.45
W1,0.0885826771654,cl,1.47
W1,0.0905511811024,cl,1.49
W1,0.0925196850394,cl,1.51
W1,0.0944881889764,cl,1.53
W1,0.0964566929134,cl,1.55
W1,0.0984251968504,cl,1.57
W1,0.100393700787,cl,1.6
W1,0.102362204724,cl,1.62
W1,0.104330708661,cl,1.63
W1,0.106299212598,cl,1.65
W1,0.108267716535,cl,1.67
W1,0.110236220472,cl,1.69
W1,0.112204724409,cl,1.72
W1,0.114173228346,cl,1.74
W1,0.116141732283,cl,1.75
W1,0.11811023622,cl,1.77
W1,0.120078740157,cl,1.79
W1,0.122047244094,cl,1.81
W1,0.124015748031,cl,1.83
W1,0.125984251969,cl,1.85
W1,0.127952755906,cl,1.87
W1,0.129921259843,cl,1.89
W1,0.13188976378,cl,1.91
W1,0.133858267717,cl,1.92
W1,0.135826771654,cl,1.94
W1,0.137795275591,cl,1.96
W1,0.139763779528,cl,1.98
W1,0.141732283465,cl,2
W1,0.143700787402,cl,2.02
W1,0.145669291339,cl,2.04
W1,0.147637795276,cl,2.06
W1,0.149606299213,cl,2.07
W1,0.15157480315,cl,2.09
W1,0.153543307087,cl,2.11
W1,0.155511811024,cl,2.13
W1,0.157480314961,cl,2.15
W1,0.159448818898,cl,2.16
W1,0.161417322835,cl,2.18
W1,0.163385826772,cl,2.2
W1,0.165354330709,cl,2.21
W1,0.167322834646,cl,2.23
W1,0.169291338583,cl,2.25
W1,0.17125984252,cl,2.27
W1,0.173228346457,cl,2.29
W1,0.175196850394,cl,2.31
W1,0.177165354331,cl,2.33
W1,0.179133858268,cl,2.34
W1,0.181102362205,cl,2.36
W1,0.183070866142,cl,2.38
W1,0.185039370079,cl,2.39
W1,0.187007874016,cl,2.41
W1,0.188976377953,cl,2.42
W1,0.19094488189,cl,2.44
W1,0.192913385827,cl,2.46
W1,0.194881889764,cl,2.47
W1,0.196850393701,cl,2.49
W1,0.198818897638,cl,2.5
W1,0.200787401575,cl,2.52
W1,0.202755905512,cl,2.53
W1,0.204724409449,cl,2.55
W1,0.206692913386,cl,2.56
W1,0.208661417323,cl,2.58
W1,0.21062992126,cl,2.59
W1,0.212598425197,cl,2.6
W1,0.214566929134,cl,2.62
W1,0.216535433071,cl,2.63
W1,0.218503937008,cl,2.64
W1,0.220472440945,cl,2.65
W1,0.222440944882,cl,2.66
W1,0.224409448819,cl,2.68
W1,0.226377952756,cl,2.69
W1,0.228346456693,cl,2.7
W1,0.23031496063,cl,2.71
W1,0.232283464567,cl,2.72
W1,0.234251968504,cl,2.73
W1,0.236220472441,cl,2.74
W1,0.238188976378,cl,2.75
W1,0.240157480315,cl,2.75
W1,0.242125984252,cl,2.76
W1,0.244094488189,cl,2.77
W1,0.246062992126,cl,2.78
W1,0.248031496063,cl,2.79
W1,0.25,cl,2.79
W1,0.251968503937,cl,2.8
W1,0.253937007874,cl,2.81
W1,0.255905511811,cl,2.81
W1,0.257874015748,cl,2.81
W1,0.259842519685,cl,2.82
W1,0.261811023622,cl,2.83
W1,0.263779527559,cl,2.83
W1,0.265748031496,cl,2.83
W1,0.267716535433,cl,2.84
W1,0.26968503937,cl,2.84
W1,0.271653543307,cl,2.85
W1,0.273622047244,cl,2.85
W1,0.275590551181,cl,2.85
W1,0.277559055118,cl,2.85
W1,0.279527559055,cl,2.86
W1,0.281496062992,cl,2.86
W1,0.283464566929,cl,2.86
W1,0.285433070866,cl,2.86
W1,0.287401574803,cl,2.86
W1,0.28937007874,cl,2.86
W1,0.291338582677,cl,2.86
W1,0.293307086614,cl,2.86
W1,0.295275590551,cl,2.86
W1,0.297244094488,cl,2.86
W1,0.299212598425,cl,2.86
W1,0.301181102362,cl,2.86
W1,0.303149606299,cl,2.86
W1,0.305118110236,cl,2.86
W1,0.307086614173,cl,2.86
W1,0.30905511811,cl,2.86
W1,0.311023622047,cl,2.85
W1,0.312992125984,cl,2.85
W1,0.314960629921,cl,2.85
W1,0.316929133858,cl,2.85
W1,0.318897637795,cl,2.84
W1,0.320866141732,cl,2.84
W1,0.322834645669,cl,2.84
W1,0.324803149606,cl,2.84
W1,0.326771653543,cl,2.83
W1,0.32874015748,cl,2.83
W1,0.330708661417,cl,2.82
W1,0.332677165354,cl,2.82
W1,0.334645669291,cl,2.81
W1,0.336614173228,cl,2.81
W1,0.338582677165,cl,2.8
W1,0.340551181102,cl,2.8
W1,0.342519685039,cl,2.79
W1,0.344488188976,cl,2.79
W1,0.346456692913,cl,2.78
W1,0.34842519685,cl,2.78
W1,0.350393700787,cl,2.77
W1,0.352362204724,cl,2.76
W1,0.354330708661,cl,2.75
W1,0.356299212598,cl,2.75
W1,0.358267716535,cl,2.74
W1,0.360236220472,cl,2.73
W1,0.362204724409,cl,2.72
W1,0.364173228346,cl,2.72
W1,0.366141732283,cl,2.71
W1,0.36811023622,cl,2.7
W1,0.370078740157,cl,2.69
W1,0.372047244094,cl,2.68
W1,0.374015748031,cl,2.67
W1,0.375984251969,cl,2.66
W1,0.377952755906,cl,2.65
W1,0.379921259843,cl,2.63
W1,0.38188976378,cl,2.62
W1,0.383858267717,cl,2.61
W1,0.385826771654,cl,2.6
W1,0.387795275591,cl,2.59
W1,0.389763779528,cl,2.58
W1,0.391732283465,cl,2.56
W1,0.393700787402,cl,2.55
W1,0.395669291339,cl,2.53
W1,0.397637795276,cl,2.52
W1,0.399606299213,cl,2.5
W1,0.40157480315,cl,2.49
W1,0.403543307087,cl,2.47
W1,0.405511811024,cl,2.46
W1,0.407480314961,cl,2.44
W1,0.409448818898,cl,2.42
W1,0.411417322835,cl,2.41
W1,0.413385826772,cl,2.39
W1,0.415354330709,cl,2.37
W1,0.417322834646,cl,2.35
W1,0.419291338583,cl,2.33
W1,0.42125984252,cl,2.31
W1,0.423228346457,cl,2.29
W1,0.425196850394,cl,2.27
W1,0.427165354331,cl,2.25
W1,0.429133858268,cl,2.22
W1,0.431102362205,cl,2.2
W1,0.433070866142,cl,2.18
W1,0.435039370079,cl,2.16
W1,0.437007874016,cl,2.13
W1,0.438976377953,cl,2.11
W1,0.44094488189,cl,2.08
W1,0.442913385827,cl,2.05
W1,0.444881889764,cl,2.03
W1,0.446850393701,cl,2
W1,0.448818897638,cl,1.97
W1,0.450787401575,cl,1.94
W1,0.452755905512,cl,1.92
W1,0.454724409449,cl,1.89
W1,0.456692913386,cl,1.86
W1,0.458661417323,cl,1.83
W1,0.46062992126,cl,1.8
W1,0.462598425197,cl,1.76
W1,0.464566929134,cl,1.74
W1,0.466535433071,cl,1.71
W1,0.468503937008,cl,1.68
W1,0.470472440945,cl,1.64
W1,0.472440944882,cl,1.61
W1,0.474409448819,cl,1.58
W1,0.476377952756,cl,1.55
W1,0.478346456693,cl,1.51
W1,0.48031496063,cl,1.48
W1,0.482283464567,cl,1.45
W1,0.484251968504,cl,1.41
W1,0.486220472441,cl,1.38
W1,0.488188976378,cl,1.35
W1,0.490157480315,cl,1.31
W1,0.492125984252,cl,1.27
W1,0.494094488189,cl,1.23
W1,0.496062992126,cl,1.2
W1,0.498031496063,cl,1.17
W1,0.5,cl,1.14
W1,0.501968503937,cl,1.1
W1,0.503937007874,cl,1.07
W1,0.505905511811,cl,1.01
W1,0.507874015748,cl,0.99
W1,0.509842519685,cl,0.97
W1,0.511811023622,cl,0.93
W1,0.513779527559,cl,0.9
W1,0.515748031496,cl,0.86
W1,0.517716535433,cl,0.83
W1,0.51968503937,cl,0.8
W1,0.521653543307,cl,0.77
W1,0.523622047244,cl,0.73
W1,0.525590551181,cl,0.71
W1,0.527559055118,cl,0.67
W1,0.529527559055,cl,0.64
W1,0.531496062992,cl,0.61
W1,0.533464566929,cl,0.58
W1,0.535433070866,cl,0.55
W1,0.537401574803,cl,0.52
W1,0.53937007874,cl,0.49
W1,0.541338582677,cl,0.47
W1,0.543307086614,cl,0.44
W1,0.545275590551,cl,0.42
W1,0.547244094488,cl,0.39
W1,0.549212598425,cl,0.37
W1,0.551181102362,cl,0.34
W1,0.553149606299,cl,0.32
W1,0.555118110236,cl,0.3
W1,0.557086614173,cl,0.27
W1,0.55905511811,cl,0.25
W1,0.561023622047,cl,0.23
W1,0.562992125984,cl,0.21
W1,0.564960629921,cl,0.19
W1,0.566929133858,cl,0.17
W1,0.568897637795,cl,0.15
W1,0.570866141732,cl,0.14
W1,0.572834645669,cl,0.12
W1,0.574803149606,cl,0.11
W1,0.576771653543,cl,0.09
W1,0.57874015748,cl,0.08
W1,0.580708661417,cl,0.06
W1,0.582677165354,cl,0.05
W1,0.584645669291,cl,0.03
W1,0.586614173228,cl,0.02
W1,0.588582677165,cl,0.01
W1,0.590551181102,cl,-0.01
W1,0.592519685039,cl,-0.02
W1,0.594488188976,cl,-0.03
W1,0.596456692913,cl,-0.04
W1,0.59842519685,cl,-0.05
W1,0.600393700787,cl,-0.06
W1,0.602362204724,cl,-0.07
W1,0.604330708661,cl,-0.08
W1,0.606299212598,cl,-0.09
W1,0.608267716535,cl,-0.1
W1,0.610236220472,cl,-0.1
W1,0.612204724409,cl,-0.12
W1,0.614173228346,cl,-0.12
W1,0.616141732283,cl,-0.13
W1,0.61811023622,cl,-0.14
W1,0.620078740157,cl,-0.15
W1,0.622047244094,cl,-0.16
W1,0.624015748031,cl,-0.16
W1,0.625984251969,cl,-0.17
W1,0.627952755906,cl,-0.18
W1,0.629921259843,cl,-0.19
W1,0.63188976378,cl,-0.19
W1,0.633858267717,cl,-0.2
W1,0.635826771654,cl,-0.21
W1,0.637795275591,cl,-0.22
W1,0.639763779528,cl,-0.22
W1,0.641732283465,cl,-0.23
W1,0.643700787402,cl,-0.24
W1,0.645669291339,cl,-0.25
W1,0.647637795276,cl,-0.25
W1,0.649606299213,cl,-0.26
W1,0.65157480315,cl,-0.27
W1,0.653543307087,cl,-0.28
W1,0.655511811024,cl,-0.28
W1,0.657480314961,cl,-0.29
W1,0.659448818898,cl,-0.3
W1,0.661417322835,cl,-0.3
W1,0.663385826772,cl,-0.31
W1,0.665354330709,cl,-0.32
W1,0.667322834646,cl,-0.32
W1,0.669291338583,cl,-0.33
W1,0.67125984252,cl,-0.34
W1,0.673228346457,cl,-0.34
W1,0.675196850394,cl,-0.35
W1,0.677165354331,cl,-0.36
W1,0.679133858268,cl,-0.36
W1,0.681102362205,cl,-0.37
W1,0.683070866142,cl,-0.37
W1,0.685039370079,cl,-0.38
W1,0.687007874016,cl,-0.38
W1,0.688976377953,cl,-0.39
W1,0.69094488189,cl,-0.39
W1,0.692913385827,cl,-0.4
W1,0.694881889764,cl,-0.4
W1,0.696850393701,cl,-0.41
W1,0.698818897638,cl,-0.41
W1,0.700787401575,cl,-0.42
W1,0.702755905512,cl,-0.42
W1,0.704724409449,cl,-0.42
W1,0.706692913386,cl,-0.43
W1,0.708661417323,cl,-0.43
W1,0.71062992126,cl,-0.43
W1,0.712598425197,cl,-0.43
W1,0.714566929134,cl,-0.43
W1,0.716535433071,cl,-0.44
W1,0.718503937008,cl,-0.44
W1,0.720472440945,cl,-0.44
W1,0.722440944882,cl,-0.44
W1,0.724409448819,cl,-0.44
W1,0.726377952756,cl,-0.44
W1,0.728346456693,cl,-0.44
W1,0.73031496063,cl,-0.44
W1,0.732283464567,cl,-0.44
W1,0.734251968504,cl,-0.44
W1,0.736220472441,cl,-0.44
W1,0.738188976378,cl,-0.44
W1,0.740157480315,cl,-0.44
W1,0.742125984252,cl,-0.44
W1,0.744094488189,cl,-0.44
W1,0.746062992126,cl,-0.44
W1,0.748031496063,cl,-0.44
W1,0.75,cl,-0.43
W1,0.751968503937,cl,-0.43
W1,0.753937007874,cl,-0.43
W1,0.755905511811,cl,-0.43
W1,0.757874015748,cl,-0.43
W1,0.759842519685,cl,-0.42
W1,0.761811023622,cl,-0.42
W1,0.763779527559,cl,-0.42
W1,0.765748031496,cl,-0.42
W1,0.767716535433,cl,-0.41
W1,0.76968503937,cl,-0.41
W1,0.771653543307,cl,-0.41
W1,0.773622047244,cl,-0.41
W1,0.775590551181,cl,-0.4
W1,0.777559055118,cl,-0.4
W1,0.779527559055,cl,-0.4
W1,0.781496062992,cl,-0.39
W1,0.783464566929,cl,-0.39
W1,0.785433070866,cl,-0.39
W1,0.787401574803,cl,-0.38
W1,0.78937007874,cl,-0.38
W1,0.791338582677,cl,-0.38
W1,0.793307086614,cl,-0.37
W1,0.795275590551,cl,-0.37
W1,0.797244094488,cl,-0.37
W1,0.799212598425,cl,-0.36
W1,0.801181102362,cl,-0.36
W1,0.803149606299,cl,-0.35
W1,0.805118110236,cl,-0.35
W1,0.807086614173,cl,-0.34
W1,0.80905511811,cl,-0.34
W1,0.811023622047,cl,-0.34
W1,0.812992125984,cl,-0.33
W1,0.814960629921,cl,-0.33
W1,0.816929133858,cl,-0.32
W1,0.818897637795,cl,-0.31
W1,0.820866141732,cl,-0.31
W1,0.822834645669,cl,-0.3
W1,0.824803149606,cl,-0.3
W1,0.826771653543,cl,-0.29
W1,0.82874015748,cl,-0.28
W1,0.830708661417,cl,-0.28
W1,0.832677165354,cl,-0.27
W1,0.834645669291,cl,-0.26
W1,0.836614173228,cl,-0.26
W1,0.838582677165,cl,-0.25
W1,0.840551181102,cl,-0.24
W1,0.842519685039,cl,-0.24
W1,0.844488188976,cl,-0.23
W1,0.846456692913,cl,-0.22
W1,0.84842519685,cl,-0.21
W1,0.850393700787,cl,-0.2
W1,0.852362204724,cl,-0.19
W1,0.854330708661,cl,-0.18
W1,0.856299212598,cl,-0.18
W1,0.858267716535,cl,-0.17
W1,0.860236220472,cl,-0.16
W1,0.862204724409,cl,-0.15
W1,0.864173228346,cl,-0.14
W1,0.866141732283,cl,-0.13
W1,0.86811023622,cl,-0.12
W1,0.870078740157,cl,-0.11
W1,0.872047244094,cl,-0.1
W1,0.874015748031,cl,-0.09
W1,0.875984251969,cl,-0.07
W1,0.877952755906,cl,-0.06
W1,0.879921259843,cl,-0.05
W1,0.88188976378,cl,-0.04
W1,0.883858267717,cl,-0.03
W1,0.885826771654,cl,-0.02
W1,0.887795275591,cl,-0.01
W1,0.889763779528,cl,0
W1,0.891732283465,cl,0.01
W1,0.893700787402,cl,0.02
W1,0.895669291339,cl,0.03
W1,0.897637795276,cl,0.04
W1,0.899606299213,cl,0.05
W1,0.90157480315,cl,0.07
W1,0.903543307087,cl,0.08
W1,0.905511811024,cl,0.09
W1,0.907480314961,cl,0.1
W1,0.909448818898,cl,0.11
W1,0.911417322835,cl,0.12
W1,0.913385826772,cl,0.13
W1,0.915354330709,cl,0.14
W1,0.917322834646,cl,0.15
W1,0.919291338583,cl,0.16
W1,0.92125984252,cl,0.17
W1,0.923228346457,cl,0.17
W1,0.925196850394,cl,0.18
W1,0.927165354331,cl,0.19
W1,0.929133858268,cl,0.2
W1,0.931102362205,cl,0.21
W1,0.933070866142,cl,0.22
W1,0.935039370079,cl,0.23
W1,0.937007874016,cl,0.24
W1,0.938976377953,cl,0.25
W1,0.94094488189,cl,0.26
W1,0.942913385827,cl,0.27
W1,0.944881889764,cl,0.28
W1,0.946850393701,cl,0.29
W1,0.948818897638,cl,0.29
W1,0.950787401575,cl,0.3
W1,0.952755905512,cl,0.31
W1,0.954724409449,cl,0.32
W1,0.956692913386,cl,0.33
W1,0.958661417323,cl,0.34
W1,0.96062992126,cl,0.35
W1,0.962598425197,cl,0.36
W1,0.964566929134,cl,0.37
W1,0.966535433071,cl,0.38
W1,0.968503937008,cl,0.39
W1,0.970472440945,cl,0.4
W1,0.972440944882,cl,0.41
W1,0.974409448819,cl,0.42
W1,0.976377952756,cl,0.43
W1,0.978346456693,cl,0.44
W1,0.98031496063,cl,0.45
W1,0.982283464567,cl,0.46
W1,0.984251968504,cl,0.47
W1,0.986220472441,cl,0.49
W1,0.988188976378,cl,0.5
W1,0.990157480315,cl,0.51
W1,0.992125984252,cl,0.53
W1,0.994094488189,cl,0.54
W1,0.996062992126,cl,0.55
W2,0.0039603960396,cd,0.0439698492462
W2,0.00594059405941,cd,0.0439698492462
W2,0.00792079207921,cd,0.0552763819095
W2,0.00990099009901,cd,0.0552763819095
W2,0.0118811881188,cd,0.0665829145729
W2,0.0138613861386,cd,0.0665829145729
W2,0.0158415841584,cd,0.0665829145729
W2,0.0178217821782,cd,0.0778894472362
W2,0.019801980198,cd,0.0778894472362
W2,0.0217821782178,cd,0.0778894472362
W2,0.0237623762376,cd,0.0891959798995
W2,0.0257425742574,cd,0.0891959798995
W2,0.0277227722772,cd,0.0891959798995
W2,0.029702970297,cd,0.100502512563
W2,0.0316831683168,cd,0.100502512563
W2,0.0336633663366,cd,0.100502512563
W2,0.0356435643564,cd,0.100502512563
W2,0.0376237623762,cd,0.100502512563
W2,0.039603960396,cd,0.100502512563
W2,0.0415841584158,cd,0.100502512563
W2,0.0435643564356,cd,0.100502512563
W2,0.0455445544554,cd,0.100502512563
W2,0.0475247524752,cd,0.100502512563
W2,0.049504950495,cd,0.100502512563
W2,0.0514851485149,cd,0.100502512563
W2,0.0534653465347,cd,0.0891959798995
W2,0.0554455445545,cd,0.0891959798995
W2,0.0574257425743,cd,0.0891959798995
W2,0.0594059405941,cd,0.0891959798995
W2,0.0613861386139,cd,0.0778894472362
W2,0.0633663366337,cd,0.0665829145729
W2,0.0653465346535,cd,0.0665829145729
W2,0.0673267326733,cd,0.0552763819095
W2,0.0693069306931,cd,0.0439698492462
W2,0.0712871287129,cd,0.0326633165829
W2,0.0732673267327,cd,0.0213567839196
W2,0.0752475247525,cd,0.0100502512563
W2,0.0772277227723,cd,-0.00125628140704
W2,0.0792079207921,cd,-0.0125628140704
W2,0.0811881188119,cd,-0.0238693467337
W2,0.0831683168317,cd,-0.035175879397
W2,0.0851485148515,cd,-0.0577889447236
W2,0.0871287128713,cd,-0.0690954773869
W2,0.0891089108911,cd,-0.0917085427136
W2,0.0910891089109,cd,-0.0917085427136
W2,0.0930693069307,cd,-0.125628140704
W2,0.0950495049505,cd,-0.159547738693
W2,0.0970297029703,cd,-0.170854271357
W2,0.0990099009901,cd,-0.193467336683
W2,0.10099009901,cd,-0.21608040201
W2,0.10297029703,cd,-0.238693467337
W2,0.10495049505,cd,-0.261306532663
W2,0.106930693069,cd,-0.28391959799
W2,0.108910891089,cd,-0.306532663317
W2,0.110891089109,cd,-0.340452261307
W2,0.112871287129,cd,-0.363065326633
W2,0.114851485149,cd,-0.38567839196
W2,0.116831683168,cd,-0.41959798995
W2,0.118811881188,cd,-0.45351758794
W2,0.120792079208,cd,-0.48743718593
W2,0.122772277228,cd,-0.510050251256
W2,0.124752475248,cd,-0.543969849246
W2,0.126732673267,cd,-0.577889447236
W2,0.128712871287,cd,-0.611809045226
W2,0.130693069307,cd,-0.645728643216
W2,0.132673267327,cd,-0.679648241206
W2,0.134653465347,cd,-0.713567839196
W2,0.136633663366,cd,-0.736180904523
W2,0.138613861386,cd,-0.781407035176
W2,0.140594059406,cd,-0.815326633166
W2,0.142574257426,cd,-0.849246231156
W2,0.144554455446,cd,-0.883165829146
W2,0.146534653465,cd,-0.917085427136
W2,0.148514851485,cd,-0.951005025126
W2,0.150495049505,cd,-0.996231155779
W2,0.152475247525,cd,-1.03015075377
W2,0.154455445545,cd,-1.06407035176
W2,0.156435643564,cd,-1.09798994975
W2,0.158415841584,cd,-1.1432160804
W2,0.160396039604,cd,-1.17713567839
W2,0.162376237624,cd,-1.21105527638
W2,0.164356435644,cd,-1.25628140704
W2,0.166336633663,cd,-1.29020100503
W2,0.168316831683,cd,-1.32412060302
W2,0.170297029703,cd,-1.35804020101
W2,0.172277227723,cd,-1.40326633166
W2,0.174257425743,cd,-1.42587939698
W2,0.176237623762,cd,-1.47110552764
W2,0.178217821782,cd,-1.50502512563
W2,0.180198019802,cd,-1.53894472362
W2,0.182178217822,cd,-1.57286432161
W2,0.184158415842,cd,-1.6067839196
W2,0.186138613861,cd,-1.65201005025
W2,0.188118811881,cd,-1.68592964824
W2,0.190099009901,cd,-1.70854271357
W2,0.192079207921,cd,-1.74246231156
W2,0.194059405941,cd,-1.77638190955
W2,0.19603960396,cd,-1.79899497487
W2,0.19801980198,cd,-1.83291457286
W2,0.2,cd,-1.85552763819
W2,0.20198019802,cd,-1.88944723618
W2,0.20396039604,cd,-1.91206030151
W2,0.205940594059,cd,-1.9459798995
W2,0.207920792079,cd,-1.96859296482
W2,0.209900990099,cd,-1.99120603015
W2,0.211881188119,cd,-2.01381909548
W2,0.213861386139,cd,-2.04773869347
W2,0.215841584158,cd,-2.05904522613
W2,0.217821782178,cd,-2.08165829146
W2,0.219801980198,cd,-2.10427135678
W2,0.221782178218,cd,-2.12688442211
W2,0.223762376238,cd,-2.13819095477
W2,0.225742574257,cd,-2.1608040201
W2,0.227722772277,cd,-2.17211055276
W2,0.229702970297,cd,-2.19472361809
W2,0.231683168317,cd,-2.20603015075
W2,0.233663366337,cd,-2.21733668342
W2,0.235643564356,cd,-2.23994974874
W2,0.237623762376,cd,-2.25125628141
W2,0.239603960396,cd,-2.26256281407
W2,0.241584158416,cd,-2.26256281407
W2,0.243564356436,cd,-2.27386934673
W2,0.245544554455,cd,-2.2851758794
W2,0.247524752475,cd,-2.2851758794
W2,0.249504950495,cd,-2.29648241206
W2,0.251485148515,cd,-2.29648241206
W2,0.253465346535,cd,-2.29648241206
W2,0.255445544554,cd,-2.29648241206
W2,0.257425742574,cd,-2.30778894472
W2,0.259405940594,cd,-2.30778894472
W2,0.261386138614,cd,-2.30778894472
W2,0.263366336634,cd,-2.29648241206
W2,0.265346534653,cd,-2.29648241206
W2,0.267326732673,cd,-2.29648241206
W2,0.269306930693,cd,-2.2851758794
W2,0.271287128713,cd,-2.2851758794
W2,0.273267326733,cd,-2.27386934673
W2,0.275247524752,cd,-2.26256281407
W2,0.277227722772,cd,-2.26256281407
W2,0.279207920792,cd,-2.25125628141
W2,0.281188118812,cd,-2.23994974874
W2,0.283168316832,cd,-2.22864321608
W2,0.285148514851,cd,-2.21733668342
W2,0.287128712871,cd,-2.20603015075
W2,0.289108910891,cd,-2.18341708543
W2,0.291089108911,cd,-2.17211055276
W2,0.293069306931,cd,-2.1608040201
W2,0.29504950495,cd,-2.13819095477
W2,0.29702970297,cd,-2.12688442211
W2,0.29900990099,cd,-2.10427135678
W2,0.30099009901,cd,-2.09296482412
W2,0.30297029703,cd,-2.08165829146
W2,0.30495049505,cd,-2.04773869347
W2,0.306930693069,cd,-2.0364321608
W2,0.308910891089,cd,-2.02512562814
W2,0.310891089109,cd,-2.00251256281
W2,0.312871287129,cd,-1.97989949749
W2,0.314851485149,cd,-1.95728643216
W2,0.316831683168,cd,-1.93467336683
W2,0.318811881188,cd,-1.91206030151
W2,0.320792079208,cd,-1.88944723618
W2,0.322772277228,cd,-1.86683417085
W2,0.324752475248,cd,-1.84422110553
W2,0.326732673267,cd,-1.8216080402
W2,0.328712871287,cd,-1.79899497487
W2,0.330693069307,cd,-1.77638190955
W2,0.332673267327,cd,-1.75376884422
W2,0.334653465347,cd,-1.73115577889
W2,0.336633663366,cd,-1.70854271357
W2,0.338613861386,cd,-1.67462311558
W2,0.340594059406,cd,-1.65201005025
W2,0.342574257426,cd,-1.62939698492
W2,0.344554455446,cd,-1.6067839196
W2,0.346534653465,cd,-1.57286432161
W2,0.348514851485,cd,-1.55025125628
W2,0.350495049505,cd,-1.52763819095
W2,0.352475247525,cd,-1.50502512563
W2,0.354455445545,cd,-1.4824120603
W2,0.356435643564,cd,-1.44849246231
W2,0.358415841584,cd,-1.42587939698
W2,0.360396039604,cd,-1.40326633166
W2,0.362376237624,cd,-1.38065326633
W2,0.364356435644,cd,-1.34673366834
W2,0.366336633663,cd,-1.32412060302
W2,0.368316831683,cd,-1.30150753769
W2,0.370297029703,cd,-1.2675879397
W2,0.372277227723,cd,-1.24497487437
W2,0.374257425743,cd,-1.22236180905
W2,0.376237623762,cd,-1.18844221106
W2,0.378217821782,cd,-1.16582914573
W2,0.380198019802,cd,-1.1432160804
W2,0.382178217822,cd,-1.10929648241
W2,0.384158415842,cd,-1.08668341709
W2,0.386138613861,cd,-1.06407035176
W2,0.388118811881,cd,-1.04145728643
W2,0.390099009901,cd,-1.01884422111
W2,0.392079207921,cd,-0.984924623116
W2,0.394059405941,cd,-0.962311557789
W2,0.39603960396,cd,-0.939698492462
W2,0.39801980198,cd,-0.917085427136
W2,0.4,cd,-0.883165829146
W2,0.40198019802,cd,-0.860552763819
W2,0.40396039604,cd,-0.826633165829
W2,0.405940594059,cd,-0.815326633166
W2,0.407920792079,cd,-0.781407035176
W2,0.409900990099,cd,-0.758793969849
W2,0.411881188119,cd,-0.724874371859
W2,0.413861386139,cd,-0.702261306533
W2,0.415841584158,cd,-0.679648241206
W2,0.417821782178,cd,-0.657035175879
W2,0.419801980198,cd,-0.623115577889
W2,0.421782178218,cd,-0.600502512563
W2,0.423762376238,cd,-0.577889447236
W2,0.425742574257,cd,-0.543969849246
W2,0.427722772277,cd,-0.532663316583
W2,0.429702970297,cd,-0.498743718593
W2,0.431683168317,cd,-0.464824120603
W2,0.433663366337,cd,-0.442211055276
W2,0.435643564356,cd,-0.408291457286
W2,0.437623762376,cd,-0.38567839196
W2,0.439603960396,cd,-0.363065326633
W2,0.441584158416,cd,-0.329145728643
W2,0.443564356436,cd,-0.306532663317
W2,0.445544554455,cd,-0.272613065327
W2,0.447524752475,cd,-0.25
W2,0.449504950495,cd,-0.21608040201
W2,0.451485148515,cd,-0.193467336683
W2,0.453465346535,cd,-0.159547738693
W2,0.455445544554,cd,-0.159547738693
W2,0.457425742574,cd,-0.0917085427136
W2,0.459405940594,cd,-0.0690954773869
W2,0.461386138614,cd,-0.0464824120603
W2,0.463366336634,cd,-0.0125628140704
W2,0.465346534653,cd,0.0213567839196
W2,0.467326732673,cd,0.0439698492462
W2,0.469306930693,cd,0.0778894472362
W2,0.471287128713,cd,0.111809045226
W2,0.473267326733,cd,0.145728643216
W2,0.475247524752,cd,0.168341708543
W2,0.477227722772,cd,0.202261306533
W2,0.479207920792,cd,0.236180904523
W2,0.481188118812,cd,0.270100502513
W2,0.483168316832,cd,0.292713567839
W2,0.485148514851,cd,0.337939698492
W2,0.487128712871,cd,0.360552763819
W2,0.489108910891,cd,0.394472361809
W2,0.491089108911,cd,0.428391959799
W2,0.493069306931,cd,0.451005025126
W2,0.49504950495,cd,0.484924623116
W2,0.49702970297,cd,0.530150753769
W2,0.49900990099,cd,0.552763819095
W2,0.50099009901,cd,0.586683417085
W2,0.50297029703,cd,0.620603015075
W2,0.50495049505,cd,0.654522613065
W2,0.506930693069,cd,0.688442211055
W2,0.508910891089,cd,0.722361809045
W2,0.510891089109,cd,0.744974874372
W2,0.512871287129,cd,0.778894472362
W2,0.514851485149,cd,0.812814070352
W2,0.516831683168,cd,0.846733668342
W2,0.518811881188,cd,0.880653266332
W2,0.520792079208,cd,0.914572864322
W2,0.522772277228,cd,0.937185929648
W2,0.524752475248,cd,0.971105527638
W2,0.526732673267,cd,1.00502512563
W2,0.528712871287,cd,1.03894472362
W2,0.530693069307,cd,1.06155778894
W2,0.532673267327,cd,1.09547738693
W2,0.534653465347,cd,1.11809045226
W2,0.536633663366,cd,1.15201005025
W2,0.538613861386,cd,1.17462311558
W2,0.540594059406,cd,1.20854271357
W2,0.542574257426,cd,1.23115577889
W2,0.544554455446,cd,1.25376884422
W2,0.546534653465,cd,1.28768844221
W2,0.548514851485,cd,1.31030150754
W2,0.550495049505,cd,1.33291457286
W2,0.552475247525,cd,1.35552763819
W2,0.554455445545,cd,1.37814070352
W2,0.556435643564,cd,1.40075376884
W2,0.558415841584,cd,1.42336683417
W2,0.560396039604,cd,1.4459798995
W2,0.562376237624,cd,1.46859296482
W2,0.564356435644,cd,1.49120603015
W2,0.566336633663,cd,1.50251256281
W2,0.568316831683,cd,1.52512562814
W2,0.570297029703,cd,1.5364321608
W2,0.572277227723,cd,1.55904522613
W2,0.574257425743,cd,1.57035175879
W2,0.576237623762,cd,1.58165829146
W2,0.578217821782,cd,1.60427135678
W2,0.580198019802,cd,1.61557788945
W2,0.582178217822,cd,1.62688442211
W2,0.584158415842,cd,1.63819095477
W2,0.586138613861,cd,1.64949748744
W2,0.588118811881,cd,1.64949748744
W2,0.590099009901,cd,1.6608040201
W2,0.592079207921,cd,1.67211055276
W2,0.594059405941,cd,1.67211055276
W2,0.59603960396,cd,1.68341708543
W2,0.59801980198,cd,1.68341708543
W2,0.6,cd,1.68341708543
W2,0.60198019802,cd,1.69472361809
W2,0.60396039604,cd,1.69472361809
W2,0.605940594059,cd,1.69472361809
W2,0.607920792079,cd,1.69472361809
W2,0.609900990099,cd,1.69472361809
W2,0.611881188119,cd,1.68341708543
W2,0.613861386139,cd,1.68341708543
W2,0.615841584158,cd,1.68341708543
W2,0.617821782178,cd,1.67211055276
W2,0.619801980198,cd,1.67211055276
W2,0.621782178218,cd,1.6608040201
W2,0.623762376238,cd,1.6608040201
W2,0.625742574257,cd,1.64949748744
W2,0.627722772277,cd,1.63819095477
W2,0.629702970297,cd,1.62688442211
W2,0.631683168317,cd,1.61557788945
W2,0.633663366337,cd,1.60427135678
W2,0.635643564356,cd,1.59296482412
W2,0.637623762376,cd,1.58165829146
W2,0.639603960396,cd,1.57035175879
W2,0.641584158416,cd,1.55904522613
W2,0.643564356436,cd,1.5364321608
W2,0.645544554455,cd,1.52512562814
W2,0.647524752475,cd,1.51381909548
W2,0.649504950495,cd,1.49120603015
W2,0.651485148515,cd,1.47989949749
W2,0.653465346535,cd,1.45728643216
W2,0.655445544554,cd,1.4459798995
W2,0.657425742574,cd,1.42336683417
W2,0.659405940594,cd,1.41206030151
W2,0.661386138614,cd,1.38944723618
W2,0.663366336634,cd,1.36683417085
W2,0.665346534653,cd,1.34422110553
W2,0.667326732673,cd,1.3216080402
W2,0.669306930693,cd,1.31030150754
W2,0.671287128713,cd,1.28768844221
W2,0.673267326733,cd,1.26507537688
W2,0.675247524752,cd,1.24246231156
W2,0.677227722772,cd,1.23115577889
W2,0.679207920792,cd,1.20854271357
W2,0.681188118812,cd,1.18592964824
W2,0.683168316832,cd,1.16331658291
W2,0.685148514851,cd,1.14070351759
W2,0.687128712871,cd,1.11809045226
W2,0.689108910891,cd,1.09547738693
W2,0.691089108911,cd,1.07286432161
W2,0.693069306931,cd,1.06155778894
W2,0.69504950495,cd,1.03894472362
W2,0.69702970297,cd,1.01633165829
W2,0.69900990099,cd,0.993718592965
W2,0.70099009901,cd,0.971105527638
W2,0.70297029703,cd,0.959798994975
W2,0.70495049505,cd,0.937185929648
W2,0.706930693069,cd,0.914572864322
W2,0.708910891089,cd,0.891959798995
W2,0.710891089109,cd,0.880653266332
W2,0.712871287129,cd,0.858040201005
W2,0.714851485149,cd,0.835427135678
W2,0.716831683168,cd,0.824120603015
W2,0.718811881188,cd,0.801507537688
W2,0.720792079208,cd,0.790201005025
W2,0.722772277228,cd,0.767587939698
W2,0.724752475248,cd,0.756281407035
W2,0.726732673267,cd,0.733668341709
W2,0.728712871287,cd,0.722361809045
W2,0.730693069307,cd,0.711055276382
W2,0.732673267327,cd,0.688442211055
W2,0.734653465347,cd,0.677135678392
W2,0.736633663366,cd,0.654522613065
W2,0.738613861386,cd,0.643216080402
W2,0.740594059406,cd,0.631909547739
W2,0.742574257426,cd,0.620603015075
W2,0.744554455446,cd,0.609296482412
W2,0.746534653465,cd,0.597989949749
W2,0.748514851485,cd,0.586683417085
W2,0.750495049505,cd,0.575376884422
W2,0.752475247525,cd,0.564070351759
W2,0.754455445545,cd,0.552763819095
W2,0.756435643564,cd,0.541457286432
W2,0.758415841584,cd,0.530150753769
W2,0.760396039604,cd,0.518844221106
W2,0.762376237624,cd,0.507537688442
W2,0.764356435644,cd,0.496231155779
W2,0.766336633663,cd,0.496231155779
W2,0.768316831683,cd,0.484924623116
W2,0.770297029703,cd,0.473618090452
W2,0.772277227723,cd,0.473618090452
W2,0.774257425743,cd,0.462311557789
W2,0.776237623762,cd,0.451005025126
W2,0.778217821782,cd,0.451005025126
W2,0.780198019802,cd,0.439698492462
W2,0.782178217822,cd,0.439698492462
W2,0.784158415842,cd,0.428391959799
W2,0.786138613861,cd,0.428391959799
W2,0.788118811881,cd,0.417085427136
W2,0.790099009901,cd,0.417085427136
W2,0.792079207921,cd,0.405778894472
W2,0.794059405941,cd,0.405778894472
W2,0.79603960396,cd,0.405778894472
W2,0.79801980198,cd,0.394472361809
W2,0.8,cd,0.394472361809
W2,0.80198019802,cd,0.383165829146
W2,0.80396039604,cd,0.383165829146
W2,0.805940594059,cd,0.383165829146
W2,0.807920792079,cd,0.371859296482
W2,0.809900990099,cd,0.371859296482
W2,0.811881188119,cd,0.371859296482
W2,0.813861386139,cd,0.371859296482
W2,0.815841584158,cd,0.360552763819
W2,0.817821782178,cd,0.360552763819
W2,0.819801980198,cd,0.349246231156
W2,0.821782178218,cd,0.349246231156
W2,0.823762376238,cd,0.349246231156
W2,0.825742574257,cd,0.349246231156
W2,0.827722772277,cd,0.337939698492
W2,0.829702970297,cd,0.337939698492
W2,0.831683168317,cd,0.326633165829
W2,0.833663366337,cd,0.326633165829
W2,0.835643564356,cd,0.326633165829
W2,0.837623762376,cd,0.326633165829
W2,0.839603960396,cd,0.315326633166
W2,0.841584158416,cd,0.315326633166
W2,0.843564356436,cd,0.304020100503
W2,0.845544554455,cd,0.304020100503
W2,0.847524752475,cd,0.292713567839
W2,0.849504950495,cd,0.292713567839
W2,0.851485148515,cd,0.281407035176
W2,0.853465346535,cd,0.281407035176
W2,0.855445544554,cd,0.281407035176
W2,0.857425742574,cd,0.270100502513
W2,0.859405940594,cd,0.270100502513
W2,0.861386138614,cd,0.258793969849
W2,0.863366336634,cd,0.258793969849
W2,0.865346534653,cd,0.247487437186
W2,0.867326732673,cd,0.236180904523
W2,0.869306930693,cd,0.236180904523
W2,0.871287128713,cd,0.224874371859
W2,0.873267326733,cd,0.224874371859
W2,0.875247524752,cd,0.213567839196
W2,0.877227722772,cd,0.202261306533
W2,0.879207920792,cd,0.202261306533
W2,0.881188118812,cd,0.190954773869
W2,0.883168316832,cd,0.190954773869
W2,0.885148514851,cd,0.179648241206
W2,0.887128712871,cd,0.168341708543
W2,0.889108910891,cd,0.168341708543
W2,0.891089108911,cd,0.157035175879
W2,0.893069306931,cd,0.145728643216
W2,0.89504950495,cd,0.145728643216
W2,0.89702970297,cd,0.134422110553
W2,0.89900990099,cd,0.134422110553
W2,0.90099009901,cd,0.123115577889
W2,0.90297029703,cd,0.111809045226
W2,0.90495049505,cd,0.111809045226
W2,0.906930693069,cd,0.100502512563
W2,0.908910891089,cd,0.0891959798995
W2,0.910891089109,cd,0.0891959798995
W2,0.912871287129,cd,0.0778894472362
W2,0.914851485149,cd,0.0665829145729
W2,0.916831683168,cd,0.0665829145729
W2,0.918811881188,cd,0.0552763819095
W2,0.920792079208,cd,0.0552763819095
W2,0.922772277228,cd,0.0439698492462
W2,0.924752475248,cd,0.0439698492462
W2,0.926732673267,cd,0.0326633165829
W2,0.928712871287,cd,0.0326633165829
W2,0.930693069307,cd,0.0213567839196
W2,0.932673267327,cd,0.0213567839196
W2,0.934653465347,cd,0.0213567839196
W2,0.936633663366,cd,0.0100502512563
W2,0.938613861386,cd,0.0100502512563
W2,0.940594059406,cd,0.0100502512563
W2,0.942574257426,cd,-0.00125628140704
W2,0.944554455446,cd,-0.00125628140704
W2,0.946534653465,cd,-0.00125628140704
W2,0.948514851485,cd,-0.0125628140704
W2,0.950495049505,cd,-0.0125628140704
W2,0.952475247525,cd,-0.0125628140704
W2,0.954455445545,cd,-0.0125628140704
W2,0.956435643564,cd,-0.0125628140704
W2,0.958415841584,cd,-0.0125628140704
W2,0.960396039604,cd,-0.0125628140704
W2,0.962376237624,cd,-0.0125628140704
W2,0.964356435644,cd,-0.0125628140704
W2,0.966336633663,cd,-0.0125628140704
W2,0.968316831683,cd,-0.0125628140704
W2,0.970297029703,cd,-0.0125628140704
W2,0.972277227723,cd,-0.0125628140704
W2,0.974257425743,cd,-0.0125628140704
W2,0.976237623762,cd,-0.00125628140704
W2,0.978217821782,cd,-0.00125628140704
W2,0.980198019802,cd,-0.00125628140704
W2,0.982178217822,cd,-0.00125628140704
W2,0.984158415842,cd,0.0100502512563
W2,0.986138613861,cd,0.0100502512563
W2,0.988118811881,cd,0.0100502512563
W2,0.990099009901,cd,0.0100502512563
W2,0.992079207921,cd,0.0213567839196
W2,0.994059405941,cd,0.0213567839196
W2,0.99603960396,cd,0.0213567839196
W2,0.00385356454721,cl,-0.514705882353
W2,0.00578034682081,cl,-0.5
W2,0.00770712909441,cl,-0.5
W2,0.00963391136802,cl,-0.485294117647
W2,0.0115606936416,cl,-0.470588235294
W2,0.0134874759152,cl,-0.455882352941
W2,0.0154142581888,cl,-0.441176470588
W2,0.0173410404624,cl,-0.426470588235
W2,0.019267822736,cl,-0.411764705882
W2,0.0211946050096,cl,-0.382352941176
W2,0.0231213872832,cl,-0.367647058824
W2,0.0250481695568,cl,-0.352941176471
W2,0.0269749518304,cl,-0.323529411765
W2,0.028901734104,cl,-0.308823529412
W2,0.0308285163776,cl,-0.279411764706
W2,0.0327552986513,cl,-0.264705882353
W2,0.0346820809249,cl,-0.235294117647
W2,0.0366088631985,cl,-0.205882352941
W2,0.0385356454721,cl,-0.176470588235
W2,0.0404624277457,cl,-0.147058823529
W2,0.0423892100193,cl,-0.117647058824
W2,0.0443159922929,cl,-0.0735294117647
W2,0.0462427745665,cl,-0.0441176470588
W2,0.0481695568401,cl,-0.0147058823529
W2,0.0500963391137,cl,0.0294117647059
W2,0.0520231213873,cl,0.0735294117647
W2,0.0539499036609,cl,0.102941176471
W2,0.0558766859345,cl,0.147058823529
W2,0.0578034682081,cl,0.191176470588
W2,0.0597302504817,cl,0.235294117647
W2,0.0616570327553,cl,0.279411764706
W2,0.0635838150289,cl,0.323529411765
W2,0.0655105973025,cl,0.382352941176
W2,0.0674373795761,cl,0.426470588235
W2,0.0693641618497,cl,0.470588235294
W2,0.0712909441233,cl,0.514705882353
W2,0.0732177263969,cl,0.573529411765
W2,0.0751445086705,cl,0.617647058824
W2,0.0770712909441,cl,0.676470588235
W2,0.0789980732177,cl,0.720588235294
W2,0.0809248554913,cl,0.764705882353
W2,0.0828516377649,cl,0.838235294118
W2,0.0847784200385,cl,0.897058823529
W2,0.0867052023121,cl,0.955882352941
W2,0.0886319845857,cl,1
W2,0.0905587668593,cl,1.05882352941
W2,0.0924855491329,cl,1.11764705882
W2,0.0944123314066,cl,1.17647058824
W2,0.0963391136802,cl,1.23529411765
W2,0.0982658959538,cl,1.29411764706
W2,0.100192678227,cl,1.35294117647
W2,0.102119460501,cl,1.41176470588
W2,0.104046242775,cl,1.47058823529
W2,0.105973025048,cl,1.54411764706
W2,0.107899807322,cl,1.58823529412
W2,0.109826589595,cl,1.66176470588
W2,0.111753371869,cl,1.72058823529
W2,0.113680154143,cl,1.77941176471
W2,0.115606936416,cl,1.83823529412
W2,0.11753371869,cl,1.91176470588
W2,0.119460500963,cl,1.97058823529
W2,0.121387283237,cl,2.02941176471
W2,0.123314065511,cl,2.05882352941
W2,0.125240847784,cl,2.14705882353
W2,0.127167630058,cl,2.20588235294
W2,0.129094412331,cl,2.26470588235
W2,0.131021194605,cl,2.33823529412
W2,0.132947976879,cl,2.39705882353
W2,0.134874759152,cl,2.45588235294
W2,0.136801541426,cl,2.51470588235
W2,0.138728323699,cl,2.57352941176
W2,0.140655105973,cl,2.63235294118
W2,0.142581888247,cl,2.69117647059
W2,0.14450867052,cl,2.75
W2,0.146435452794,cl,2.80882352941
W2,0.148362235067,cl,2.86764705882
W2,0.150289017341,cl,2.92647058824
W2,0.152215799615,cl,2.97058823529
W2,0.154142581888,cl,3.04411764706
W2,0.156069364162,cl,3.10294117647
W2,0.157996146435,cl,3.16176470588
W2,0.159922928709,cl,3.20588235294
W2,0.161849710983,cl,3.26470588235
W2,0.163776493256,cl,3.30882352941
W2,0.16570327553,cl,3.36764705882
W2,0.167630057803,cl,3.41176470588
W2,0.169556840077,cl,3.45588235294
W2,0.171483622351,cl,3.51470588235
W2,0.173410404624,cl,3.55882352941
W2,0.175337186898,cl,3.60294117647
W2,0.177263969171,cl,3.64705882353
W2,0.179190751445,cl,3.70588235294
W2,0.181117533719,cl,3.73529411765
W2,0.183044315992,cl,3.77941176471
W2,0.184971098266,cl,3.82352941176
W2,0.186897880539,cl,3.86764705882
W2,0.188824662813,cl,3.91176470588
W2,0.190751445087,cl,3.94117647059
W2,0.19267822736,cl,3.98529411765
W2,0.194605009634,cl,4.01470588235
W2,0.196531791908,cl,4.05882352941
W2,0.198458574181,cl,4.10294117647
W2,0.200385356455,cl,4.11764705882
W2,0.202312138728,cl,4.16176470588
W2,0.204238921002,cl,4.19117647059
W2,0.206165703276,cl,4.22058823529
W2,0.208092485549,cl,4.25
W2,0.210019267823,cl,4.27941176471
W2,0.211946050096,cl,4.30882352941
W2,0.21387283237,cl,4.33823529412
W2,0.215799614644,cl,4.35294117647
W2,0.217726396917,cl,4.38235294118
W2,0.219653179191,cl,4.41176470588
W2,0.221579961464,cl,4.44117647059
W2,0.223506743738,cl,4.45588235294
W2,0.225433526012,cl,4.47058823529
W2,0.227360308285,cl,4.48529411765
W2,0.229287090559,cl,4.51470588235
W2,0.231213872832,cl,4.52941176471
W2,0.233140655106,cl,4.54411764706
W2,0.23506743738,cl,4.55882352941
W2,0.236994219653,cl,4.55882352941
W2,0.238921001927,cl,4.57352941176
W2,0.2408477842,cl,4.58823529412
W2,0.242774566474,cl,4.60294117647
W2,0.244701348748,cl,4.61764705882
W2,0.246628131021,cl,4.61764705882
W2,0.248554913295,cl,4.61764705882
W2,0.250481695568,cl,4.63235294118
W2,0.252408477842,cl,4.63235294118
W2,0.254335260116,cl,4.64705882353
W2,0.256262042389,cl,4.64705882353
W2,0.258188824663,cl,4.64705882353
W2,0.260115606936,cl,4.64705882353
W2,0.26204238921,cl,4.64705882353
W2,0.263969171484,cl,4.64705882353
W2,0.265895953757,cl,4.64705882353
W2,0.267822736031,cl,4.64705882353
W2,0.269749518304,cl,4.64705882353
W2,0.271676300578,cl,4.64705882353
W2,0.273603082852,cl,4.64705882353
W2,0.275529865125,cl,4.63235294118
W2,0.277456647399,cl,4.63235294118
W2,0.279383429672,cl,4.63235294118
W2,0.281310211946,cl,4.61764705882
W2,0.28323699422,cl,4.61764705882
W2,0.285163776493,cl,4.60294117647
W2,0.287090558767,cl,4.60294117647
W2,0.28901734104,cl,4.58823529412
W2,0.290944123314,cl,4.57352941176
W2,0.292870905588,cl,4.57352941176
W2,0.294797687861,cl,4.55882352941
W2,0.296724470135,cl,4.54411764706
W2,0.298651252408,cl,4.54411764706
W2,0.300578034682,cl,4.52941176471
W2,0.302504816956,cl,4.51470588235
W2,0.304431599229,cl,4.5
W2,0.306358381503,cl,4.48529411765
W2,0.308285163776,cl,4.47058823529
W2,0.31021194605,cl,4.47058823529
W2,0.312138728324,cl,4.45588235294
W2,0.314065510597,cl,4.44117647059
W2,0.315992292871,cl,4.42647058824
W2,0.317919075145,cl,4.41176470588
W2,0.319845857418,cl,4.39705882353
W2,0.321772639692,cl,4.38235294118
W2,0.323699421965,cl,4.36764705882
W2,0.325626204239,cl,4.35294117647
W2,0.327552986513,cl,4.33823529412
W2,0.329479768786,cl,4.32352941176
W2,0.33140655106,cl,4.30882352941
W2,0.333333333333,cl,4.29411764706
W2,0.335260115607,cl,4.27941176471
W2,0.337186897881,cl,4.26470588235
W2,0.339113680154,cl,4.25
W2,0.341040462428,cl,4.23529411765
W2,0.342967244701,cl,4.22058823529
W2,0.344894026975,cl,4.20588235294
W2,0.346820809249,cl,4.19117647059
W2,0.348747591522,cl,4.17647058824
W2,0.350674373796,cl,4.16176470588
W2,0.352601156069,cl,4.14705882353
W2,0.354527938343,cl,4.14705882353
W2,0.356454720617,cl,4.13235294118
W2,0.35838150289,cl,4.11764705882
W2,0.360308285164,cl,4.10294117647
W2,0.362235067437,cl,4.08823529412
W2,0.364161849711,cl,4.08823529412
W2,0.366088631985,cl,4.07352941176
W2,0.368015414258,cl,4.05882352941
W2,0.369942196532,cl,4.04411764706
W2,0.371868978805,cl,4.04411764706
W2,0.373795761079,cl,4.02941176471
W2,0.375722543353,cl,4.02941176471
W2,0.377649325626,cl,4.01470588235
W2,0.3795761079,cl,4
W2,0.381502890173,cl,4
W2,0.383429672447,cl,3.98529411765
W2,0.385356454721,cl,3.98529411765
W2,0.387283236994,cl,3.98529411765
W2,0.389210019268,cl,3.97058823529
W2,0.391136801541,cl,3.97058823529
W2,0.393063583815,cl,3.97058823529
W2,0.394990366089,cl,3.95588235294
W2,0.396917148362,cl,3.95588235294
W2,0.398843930636,cl,3.95588235294
W2,0.400770712909,cl,3.95588235294
W2,0.402697495183,cl,3.95588235294
W2,0.404624277457,cl,3.95588235294
W2,0.40655105973,cl,3.95588235294
W2,0.408477842004,cl,3.95588235294
W2,0.410404624277,cl,3.95588235294
W2,0.412331406551,cl,3.95588235294
W2,0.414258188825,cl,3.95588235294
W2,0.416184971098,cl,3.95588235294
W2,0.418111753372,cl,3.95588235294
W2,0.420038535645,cl,3.95588235294
W2,0.421965317919,cl,3.95588235294
W2,0.423892100193,cl,3.97058823529
W2,0.425818882466,cl,3.97058823529
W2,0.42774566474,cl,3.97058823529
W2,0.429672447013,cl,3.98529411765
W2,0.431599229287,cl,3.98529411765
W2,0.433526011561,cl,3.98529411765
W2,0.435452793834,cl,3.98529411765
W2,0.437379576108,cl,4
W2,0.439306358382,cl,4
W2,0.441233140655,cl,4.01470588235
W2,0.443159922929,cl,4.01470588235
W2,0.445086705202,cl,4.02941176471
W2,0.447013487476,cl,4.02941176471
W2,0.44894026975,cl,4.04411764706
W2,0.450867052023,cl,4.04411764706
W2,0.452793834297,cl,4.05882352941
W2,0.45472061657,cl,4.05882352941
W2,0.456647398844,cl,4.07352941176
W2,0.458574181118,cl,4.07352941176
W2,0.460500963391,cl,4.08823529412
W2,0.462427745665,cl,4.08823529412
W2,0.464354527938,cl,4.08823529412
W2,0.466281310212,cl,4.10294117647
W2,0.468208092486,cl,4.10294117647
W2,0.470134874759,cl,4.11764705882
W2,0.472061657033,cl,4.11764705882
W2,0.473988439306,cl,4.13235294118
W2,0.47591522158,cl,4.13235294118
W2,0.477842003854,cl,4.13235294118
W2,0.479768786127,cl,4.14705882353
W2,0.481695568401,cl,4.14705882353
W2,0.483622350674,cl,4.14705882353
W2,0.485549132948,cl,4.16176470588
W2,0.487475915222,cl,4.16176470588
W2,0.489402697495,cl,4.16176470588
W2,0.491329479769,cl,4.16176470588
W2,0.493256262042,cl,4.16176470588
W2,0.495183044316,cl,4.16176470588
W2,0.49710982659,cl,4.16176470588
W2,0.499036608863,cl,4.16176470588
W2,0.500963391137,cl,4.16176470588
W2,0.50289017341,cl,4.16176470588
W2,0.504816955684,cl,4.16176470588
W2,0.506743737958,cl,4.16176470588
W2,0.508670520231,cl,4.14705882353
W2,0.510597302505,cl,4.14705882353
W2,0.512524084778,cl,4.13235294118
W2,0.514450867052,cl,4.13235294118
W2,0.516377649326,cl,4.13235294118
W2,0.518304431599,cl,4.11764705882
W2,0.520231213873,cl,4.10294117647
W2,0.522157996146,cl,4.10294117647
W2,0.52408477842,cl,4.08823529412
W2,0.526011560694,cl,4.07352941176
W2,0.527938342967,cl,4.05882352941
W2,0.529865125241,cl,4.04411764706
W2,0.531791907514,cl,4.02941176471
W2,0.533718689788,cl,4.01470588235
W2,0.535645472062,cl,4
W2,0.537572254335,cl,3.98529411765
W2,0.539499036609,cl,3.95588235294
W2,0.541425818882,cl,3.94117647059
W2,0.543352601156,cl,3.92647058824
W2,0.54527938343,cl,3.89705882353
W2,0.547206165703,cl,3.88235294118
W2,0.549132947977,cl,3.85294117647
W2,0.55105973025,cl,3.83823529412
W2,0.552986512524,cl,3.80882352941
W2,0.554913294798,cl,3.76470588235
W2,0.556840077071,cl,3.75
W2,0.558766859345,cl,3.72058823529
W2,0.560693641618,cl,3.69117647059
W2,0.562620423892,cl,3.66176470588
W2,0.564547206166,cl,3.63235294118
W2,0.566473988439,cl,3.58823529412
W2,0.568400770713,cl,3.55882352941
W2,0.570327552987,cl,3.52941176471
W2,0.57225433526,cl,3.48529411765
W2,0.574181117534,cl,3.45588235294
W2,0.576107899807,cl,3.42647058824
W2,0.578034682081,cl,3.38235294118
W2,0.579961464355,cl,3.35294117647
W2,0.581888246628,cl,3.30882352941
W2,0.583815028902,cl,3.26470588235
W2,0.585741811175,cl,3.22058823529
W2,0.587668593449,cl,3.19117647059
W2,0.589595375723,cl,3.14705882353
W2,0.591522157996,cl,3.10294117647
W2,0.59344894027,cl,3.05882352941
W2,0.595375722543,cl,3.01470588235
W2,0.597302504817,cl,2.97058823529
W2,0.599229287091,cl,2.92647058824
W2,0.601156069364,cl,2.88235294118
W2,0.603082851638,cl,2.83823529412
W2,0.605009633911,cl,2.79411764706
W2,0.606936416185,cl,2.75
W2,0.608863198459,cl,2.72058823529
W2,0.610789980732,cl,2.64705882353
W2,0.612716763006,cl,2.61764705882
W2,0.614643545279,cl,2.57352941176
W2,0.616570327553,cl,2.52941176471
W2,0.618497109827,cl,2.47058823529
W2,0.6204238921,cl,2.44117647059
W2,0.622350674374,cl,2.38235294118
W2,0.624277456647,cl,2.33823529412
W2,0.626204238921,cl,2.29411764706
W2,0.628131021195,cl,2.23529411765
W2,0.630057803468,cl,2.19117647059
W2,0.631984585742,cl,2.14705882353
W2,0.633911368015,cl,2.05882352941
W2,0.635838150289,cl,2.05882352941
W2,0.637764932563,cl,2
W2,0.639691714836,cl,1.95588235294
W2,0.64161849711,cl,1.91176470588
W2,0.643545279383,cl,1.86764705882
W2,0.645472061657,cl,1.82352941176
W2,0.647398843931,cl,1.77941176471
W2,0.649325626204,cl,1.73529411765
W2,0.651252408478,cl,1.67647058824
W2,0.653179190751,cl,1.63235294118
W2,0.655105973025,cl,1.58823529412
W2,0.657032755299,cl,1.54411764706
W2,0.658959537572,cl,1.5
W2,0.660886319846,cl,1.45588235294
W2,0.662813102119,cl,1.41176470588
W2,0.664739884393,cl,1.36764705882
W2,0.666666666667,cl,1.33823529412
W2,0.66859344894,cl,1.29411764706
W2,0.670520231214,cl,1.25
W2,0.672447013487,cl,1.20588235294
W2,0.674373795761,cl,1.17647058824
W2,0.676300578035,cl,1.13235294118
W2,0.678227360308,cl,1.08823529412
W2,0.680154142582,cl,1.05882352941
W2,0.682080924855,cl,1.01470588235
W2,0.684007707129,cl,0.985294117647
W2,0.685934489403,cl,0.955882352941
W2,0.687861271676,cl,0.911764705882
W2,0.68978805395,cl,0.882352941176
W2,0.691714836224,cl,0.838235294118
W2,0.693641618497,cl,0.808823529412
W2,0.695568400771,cl,0.779411764706
W2,0.697495183044,cl,0.75
W2,0.699421965318,cl,0.720588235294
W2,0.701348747592,cl,0.691176470588
W2,0.703275529865,cl,0.661764705882
W2,0.705202312139,cl,0.632352941176
W2,0.707129094412,cl,0.602941176471
W2,0.709055876686,cl,0.573529411765
W2,0.71098265896,cl,0.544117647059
W2,0.712909441233,cl,0.529411764706
W2,0.714836223507,cl,0.5
W2,0.71676300578,cl,0.470588235294
W2,0.718689788054,cl,0.455882352941
W2,0.720616570328,cl,0.426470588235
W2,0.722543352601,cl,0.411764705882
W2,0.724470134875,cl,0.382352941176
W2,0.726396917148,cl,0.367647058824
W2,0.728323699422,cl,0.352941176471
W2,0.730250481696,cl,0.323529411765
W2,0.732177263969,cl,0.308823529412
W2,0.734104046243,cl,0.294117647059
W2,0.736030828516,cl,0.264705882353
W2,0.73795761079,cl,0.25
W2,0.739884393064,cl,0.235294117647
W2,0.741811175337,cl,0.220588235294
W2,0.743737957611,cl,0.205882352941
W2,0.745664739884,cl,0.205882352941
W2,0.747591522158,cl,0.191176470588
W2,0.749518304432,cl,0.176470588235
W2,0.751445086705,cl,0.161764705882
W2,0.753371868979,cl,0.147058823529
W2,0.755298651252,cl,0.132352941176
W2,0.757225433526,cl,0.132352941176
W2,0.7591522158,cl,0.117647058824
W2,0.761078998073,cl,0.117647058824
W2,0.763005780347,cl,0.102941176471
W2,0.76493256262,cl,0.102941176471
W2,0.766859344894,cl,0.0882352941176
W2,0.768786127168,cl,0.0735294117647
W2,0.770712909441,cl,0.0735294117647
W2,0.772639691715,cl,0.0735294117647
W2,0.774566473988,cl,0.0735294117647
W2,0.776493256262,cl,0.0588235294118
W2,0.778420038536,cl,0.0588235294118
W2,0.780346820809,cl,0.0441176470588
W2,0.782273603083,cl,0.0441176470588
W2,0.784200385356,cl,0.0441176470588
W2,0.78612716763,cl,0.0441176470588
W2,0.788053949904,cl,0.0441176470588
W2,0.789980732177,cl,0.0441176470588
W2,0.791907514451,cl,0.0441176470588
W2,0.793834296724,cl,0.0294117647059
W2,0.795761078998,cl,0.0294117647059
W2,0.797687861272,cl,0.0294117647059
W2,0.799614643545,cl,0.0294117647059
W2,0.801541425819,cl,0.0294117647059
W2,0.803468208092,cl,0.0294117647059
W2,0.805394990366,cl,0.0294117647059
W2,0.80732177264,cl,0.0294117647059
W2,0.809248554913,cl,0.0294117647059
W2,0.811175337187,cl,0.0294117647059
W2,0.813102119461,cl,0.0294117647059
W2,0.815028901734,cl,0.0294117647059
W2,0.816955684008,cl,0.0294117647059
W2,0.818882466281,cl,0.0441176470588
W2,0.820809248555,cl,0.0441176470588
W2,0.822736030829,cl,0.0441176470588
W2,0.824662813102,cl,0.0441176470588
W2,0.826589595376,cl,0.0441176470588
W2,0.828516377649,cl,0.0441176470588
W2,0.830443159923,cl,0.0441176470588
W2,0.832369942197,cl,0.0441176470588
W2,0.83429672447,cl,0.0441176470588
W2,0.836223506744,cl,0.0441176470588
W2,0.838150289017,cl,0.0441176470588
W2,0.840077071291,cl,0.0441176470588
W2,0.842003853565,cl,0.0441176470588
W2,0.843930635838,cl,0.0441176470588
W2,0.845857418112,cl,0.0441176470588
W2,0.847784200385,cl,0.0441176470588
W2,0.849710982659,cl,0.0441176470588
W2,0.851637764933,cl,0.0441176470588
W2,0.853564547206,cl,0.0441176470588
W2,0.85549132948,cl,0.0441176470588
W2,0.857418111753,cl,0.0294117647059
W2,0.859344894027,cl,0.0294117647059
W2,0.861271676301,cl,0.0294117647059
W2,0.863198458574,cl,0.0294117647059
W2,0.865125240848,cl,0.0294117647059
W2,0.867052023121,cl,0.0147058823529
W2,0.868978805395,cl,0.0147058823529
W2,0.870905587669,cl,0.0147058823529
W2,0.872832369942,cl,0.0147058823529
W2,0.874759152216,cl,0
W2,0.876685934489,cl,0
W2,0.878612716763,cl,-0.0147058823529
W2,0.880539499037,cl,-0.0147058823529
W2,0.88246628131,cl,-0.0147058823529
W2,0.884393063584,cl,-0.0294117647059
W2,0.886319845857,cl,-0.0294117647059
W2,0.888246628131,cl,-0.0441176470588
W2,0.890173410405,cl,-0.0441176470588
W2,0.892100192678,cl,-0.0588235294118
W2,0.894026974952,cl,-0.0588235294118
W2,0.895953757225,cl,-0.0735294117647
W2,0.897880539499,cl,-0.0735294117647
W2,0.899807321773,cl,-0.0882352941176
W2,0.901734104046,cl,-0.102941176471
W2,0.90366088632,cl,-0.117647058824
W2,0.905587668593,cl,-0.117647058824
W2,0.907514450867,cl,-0.132352941176
W2,0.909441233141,cl,-0.147058823529
W2,0.911368015414,cl,-0.147058823529
W2,0.913294797688,cl,-0.161764705882
W2,0.915221579961,cl,-0.176470588235
W2,0.917148362235,cl,-0.191176470588
W2,0.919075144509,cl,-0.205882352941
W2,0.921001926782,cl,-0.220588235294
W2,0.922928709056,cl,-0.220588235294
W2,0.924855491329,cl,-0.235294117647
W2,0.926782273603,cl,-0.25
W2,0.928709055877,cl,-0.264705882353
W2,0.93063583815,cl,-0.279411764706
W2,0.932562620424,cl,-0.294117647059
W2,0.934489402697,cl,-0.308823529412
W2,0.936416184971,cl,-0.308823529412
W2,0.938342967245,cl,-0.323529411765
W2,0.940269749518,cl,-0.338235294118
W2,0.942196531792,cl,-0.352941176471
W2,0.944123314066,cl,-0.367647058824
W2,0.946050096339,cl,-0.382352941176
W2,0.947976878613,cl,-0.397058823529
W2,0.949903660886,cl,-0.411764705882
W2,0.95183044316,cl,-0.411764705882
W2,0.953757225434,cl,-0.426470588235
W2,0.955684007707,cl,-0.441176470588
W2,0.957610789981,cl,-0.455882352941
W2,0.959537572254,cl,-0.455882352941
W2,0.961464354528,cl,-0.470588235294
W2,0.963391136802,cl,-0.485294117647
W2,0.965317919075,cl,-0.485294117647
W2,0.967244701349,cl,-0.5
W2,0.969171483622,cl,-0.5
W2,0.971098265896,cl,-0.514705882353
W2,0.97302504817,cl,-0.514705882353
W2,0.974951830443,cl,-0.529411764706
W2,0.976878612717,cl,-0.529411764706
W2,0.97880539499,cl,-0.529411764706
W2,0.980732177264,cl,-0.544117647059
W2,0.982658959538,cl,-0.544117647059
W2,0.984585741811,cl,-0.544117647059
W2,0.986512524085,cl,-0.544117647059
W2,0.988439306358,cl,-0.544117647059
W2,0.990366088632,cl,-0.544117647059
W2,0.992292870906,cl,-0.544117647059
W2,0.994219653179,cl,-0.544117647059
W2,0.996146435453,cl,-0.544117647059
W3,0.00395256916996,cd,0.221052631579
W3,0.00592885375494,cd,0.219298245614
W3,0.00790513833992,cd,0.219298245614
W3,0.0098814229249,cd,0.217543859649
W3,0.0118577075099,cd,0.215789473684
W3,0.0138339920949,cd,0.215789473684
W3,0.0158102766798,cd,0.214035087719
W3,0.0177865612648,cd,0.212280701754
W3,0.0197628458498,cd,0.210526315789
W3,0.0217391304348,cd,0.208771929825
W3,0.0237154150198,cd,0.208771929825
W3,0.0256916996047,cd,0.205263157895
W3,0.0276679841897,cd,0.205263157895
W3,0.0296442687747,cd,0.20350877193
W3,0.0316205533597,cd,0.201754385965
W3,0.0335968379447,cd,0.198245614035
W3,0.0355731225296,cd,0.19649122807
W3,0.0375494071146,cd,0.194736842105
W3,0.0395256916996,cd,0.19298245614
W3,0.0415019762846,cd,0.189473684211
W3,0.0434782608696,cd,0.187719298246
W3,0.0454545454545,cd,0.185964912281
W3,0.0474308300395,cd,0.182456140351
W3,0.0494071146245,cd,0.180701754386
W3,0.0513833992095,cd,0.177192982456
W3,0.0533596837945,cd,0.175438596491
W3,0.0553359683794,cd,0.171929824561
W3,0.0573122529644,cd,0.168421052632
W3,0.0592885375494,cd,0.166666666667
W3,0.0612648221344,cd,0.163157894737
W3,0.0632411067194,cd,0.159649122807
W3,0.0652173913043,cd,0.156140350877
W3,0.0671936758893,cd,0.152631578947
W3,0.0691699604743,cd,0.149122807018
W3,0.0711462450593,cd,0.145614035088
W3,0.0731225296443,cd,0.142105263158
W3,0.0750988142292,cd,0.138596491228
W3,0.0770750988142,cd,0.135087719298
W3,0.0790513833992,cd,0.131578947368
W3,0.0810276679842,cd,0.131578947368
W3,0.0830039525692,cd,0.121052631579
W3,0.0849802371542,cd,0.119298245614
W3,0.0869565217391,cd,0.114035087719
W3,0.0889328063241,cd,0.110526315789
W3,0.0909090909091,cd,0.10701754386
W3,0.0928853754941,cd,0.101754385965
W3,0.0948616600791,cd,0.0964912280702
W3,0.096837944664,cd,0.0929824561404
W3,0.098814229249,cd,0.0877192982456
W3,0.100790513834,cd,0.0842105263158
W3,0.102766798419,cd,0.0789473684211
W3,0.104743083004,cd,0.0736842105263
W3,0.106719367589,cd,0.0684210526316
W3,0.108695652174,cd,0.0631578947368
W3,0.110671936759,cd,0.059649122807
W3,0.112648221344,cd,0.0543859649123
W3,0.114624505929,cd,0.0491228070175
W3,0.116600790514,cd,0.0438596491228
W3,0.118577075099,cd,0.0368421052632
W3,0.120553359684,cd,0.0333333333333
W3,0.122529644269,cd,0.0280701754386
W3,0.124505928854,cd,0.0228070175439
W3,0.126482213439,cd,0.0175438596491
W3,0.128458498024,cd,0.0122807017544
W3,0.130434782609,cd,0.00526315789474
W3,0.132411067194,cd,5.55111512313e-17
W3,0.134387351779,cd,-0.00526315789474
W3,0.136363636364,cd,-0.0105263157895
W3,0.138339920949,cd,-0.0157894736842
W3,0.140316205534,cd,-0.0210526315789
W3,0.142292490119,cd,-0.0263157894737
W3,0.144268774704,cd,-0.0333333333333
W3,0.146245059289,cd,-0.0385964912281
W3,0.148221343874,cd,-0.0438596491228
W3,0.150197628458,cd,-0.0508771929825
W3,0.152173913043,cd,-0.0543859649123
W3,0.154150197628,cd,-0.059649122807
W3,0.156126482213,cd,-0.0666666666667
W3,0.158102766798,cd,-0.0719298245614
W3,0.160079051383,cd,-0.0771929824561
W3,0.162055335968,cd,-0.0824561403509
W3,0.164031620553,cd,-0.0877192982456
W3,0.166007905138,cd,-0.0947368421053
W3,0.167984189723,cd,-0.0982456140351
W3,0.169960474308,cd,-0.10350877193
W3,0.171936758893,cd,-0.108771929825
W3,0.173913043478,cd,-0.114035087719
W3,0.175889328063,cd,-0.119298245614
W3,0.177865612648,cd,-0.124561403509
W3,0.179841897233,cd,-0.129824561404
W3,0.181818181818,cd,-0.135087719298
W3,0.183794466403,cd,-0.138596491228
W3,0.185770750988,cd,-0.143859649123
W3,0.187747035573,cd,-0.149122807018
W3,0.189723320158,cd,-0.154385964912
W3,0.191699604743,cd,-0.157894736842
W3,0.193675889328,cd,-0.161403508772
W3,0.195652173913,cd,-0.166666666667
W3,0.197628458498,cd,-0.170175438596
W3,0.199604743083,cd,-0.173684210526
W3,0.201581027668,cd,-0.178947368421
W3,0.203557312253,cd,-0.182456140351
W3,0.205533596838,cd,-0.185964912281
W3,0.207509881423,cd,-0.189473684211
W3,0.209486166008,cd,-0.19298245614
W3,0.211462450593,cd,-0.19649122807
W3,0.213438735178,cd,-0.2
W3,0.215415019763,cd,-0.20350877193
W3,0.217391304348,cd,-0.205263157895
W3,0.219367588933,cd,-0.208771929825
W3,0.221343873518,cd,-0.210526315789
W3,0.223320158103,cd,-0.212280701754
W3,0.225296442688,cd,-0.215789473684
W3,0.227272727273,cd,-0.217543859649
W3,0.229249011858,cd,-0.219298245614
W3,0.231225296443,cd,-0.221052631579
W3,0.233201581028,cd,-0.222807017544
W3,0.235177865613,cd,-0.224561403509
W3,0.237154150198,cd,-0.226315789474
W3,0.239130434783,cd,-0.226315789474
W3,0.241106719368,cd,-0.228070175439
W3,0.243083003953,cd,-0.228070175439
W3,0.245059288538,cd,-0.229824561404
W3,0.247035573123,cd,-0.229824561404
W3,0.249011857708,cd,-0.229824561404
W3,0.250988142292,cd,-0.229824561404
W3,0.252964426877,cd,-0.231578947368
W3,0.254940711462,cd,-0.229824561404
W3,0.256916996047,cd,-0.229824561404
W3,0.258893280632,cd,-0.229824561404
W3,0.260869565217,cd,-0.229824561404
W3,0.262845849802,cd,-0.228070175439
W3,0.264822134387,cd,-0.228070175439
W3,0.266798418972,cd,-0.226315789474
W3,0.268774703557,cd,-0.224561403509
W3,0.270750988142,cd,-0.224561403509
W3,0.272727272727,cd,-0.222807017544
W3,0.274703557312,cd,-0.219298245614
W3,0.276679841897,cd,-0.217543859649
W3,0.278656126482,cd,-0.215789473684
W3,0.280632411067,cd,-0.214035087719
W3,0.282608695652,cd,-0.210526315789
W3,0.284584980237,cd,-0.208771929825
W3,0.286561264822,cd,-0.20701754386
W3,0.288537549407,cd,-0.20350877193
W3,0.290513833992,cd,-0.2
W3,0.292490118577,cd,-0.198245614035
W3,0.294466403162,cd,-0.194736842105
W3,0.296442687747,cd,-0.191228070175
W3,0.298418972332,cd,-0.189473684211
W3,0.300395256917,cd,-0.184210526316
W3,0.302371541502,cd,-0.180701754386
W3,0.304347826087,cd,-0.177192982456
W3,0.306324110672,cd,-0.173684210526
W3,0.308300395257,cd,-0.170175438596
W3,0.310276679842,cd,-0.164912280702
W3,0.312252964427,cd,-0.161403508772
W3,0.314229249012,cd,-0.157894736842
W3,0.316205533597,cd,-0.152631578947
W3,0.318181818182,cd,-0.147368421053
W3,0.320158102767,cd,-0.143859649123
W3,0.322134387352,cd,-0.138596491228
W3,0.324110671937,cd,-0.133333333333
W3,0.326086956522,cd,-0.129824561404
W3,0.328063241107,cd,-0.124561403509
W3,0.330039525692,cd,-0.119298245614
W3,0.332015810277,cd,-0.114035087719
W3,0.333992094862,cd,-0.108771929825
W3,0.335968379447,cd,-0.105263157895
W3,0.337944664032,cd,-0.0982456140351
W3,0.339920948617,cd,-0.0929824561404
W3,0.341897233202,cd,-0.0877192982456
W3,0.343873517787,cd,-0.0824561403509
W3,0.345849802372,cd,-0.0771929824561
W3,0.347826086957,cd,-0.0719298245614
W3,0.349802371542,cd,-0.0666666666667
W3,0.351778656126,cd,-0.0614035087719
W3,0.353754940711,cd,-0.0561403508772
W3,0.355731225296,cd,-0.0491228070175
W3,0.357707509881,cd,-0.0438596491228
W3,0.359683794466,cd,-0.0385964912281
W3,0.361660079051,cd,-0.0333333333333
W3,0.363636363636,cd,-0.0280701754386
W3,0.365612648221,cd,-0.0210526315789
W3,0.367588932806,cd,-0.0175438596491
W3,0.369565217391,cd,-0.0105263157895
W3,0.371541501976,cd,-0.00526315789474
W3,0.373517786561,cd,5.55111512313e-17
W3,0.375494071146,cd,0.00526315789474
W3,0.377470355731,cd,0.0122807017544
W3,0.379446640316,cd,0.0175438596491
W3,0.381422924901,cd,0.0210526315789
W3,0.383399209486,cd,0.0280701754386
W3,0.385375494071,cd,0.0333333333333
W3,0.387351778656,cd,0.0385964912281
W3,0.389328063241,cd,0.0438596491228
W3,0.391304347826,cd,0.0491228070175
W3,0.393280632411,cd,0.0561403508772
W3,0.395256916996,cd,0.0614035087719
W3,0.397233201581,cd,0.0666666666667
W3,0.399209486166,cd,0.0719298245614
W3,0.401185770751,cd,0.0754385964912
W3,0.403162055336,cd,0.080701754386
W3,0.405138339921,cd,0.0859649122807
W3,0.407114624506,cd,0.0912280701754
W3,0.409090909091,cd,0.0964912280702
W3,0.411067193676,cd,0.101754385965
W3,0.413043478261,cd,0.10701754386
W3,0.415019762846,cd,0.112280701754
W3,0.416996047431,cd,0.117543859649
W3,0.418972332016,cd,0.121052631579
W3,0.420948616601,cd,0.131578947368
W3,0.422924901186,cd,0.131578947368
W3,0.424901185771,cd,0.136842105263
W3,0.426877470356,cd,0.142105263158
W3,0.428853754941,cd,0.145614035088
W3,0.430830039526,cd,0.150877192982
W3,0.432806324111,cd,0.156140350877
W3,0.434782608696,cd,0.159649122807
W3,0.436758893281,cd,0.164912280702
W3,0.438735177866,cd,0.170175438596
W3,0.440711462451,cd,0.173684210526
W3,0.442687747036,cd,0.178947368421
W3,0.444664031621,cd,0.182456140351
W3,0.446640316206,cd,0.187719298246
W3,0.448616600791,cd,0.191228070175
W3,0.450592885375,cd,0.19649122807
W3,0.45256916996,cd,0.2
W3,0.454545454545,cd,0.205263157895
W3,0.45652173913,cd,0.208771929825
W3,0.458498023715,cd,0.214035087719
W3,0.4604743083,cd,0.217543859649
W3,0.462450592885,cd,0.221052631579
W3,0.46442687747,cd,0.226315789474
W3,0.466403162055,cd,0.229824561404
W3,0.46837944664,cd,0.233333333333
W3,0.470355731225,cd,0.238596491228
W3,0.47233201581,cd,0.242105263158
W3,0.474308300395,cd,0.245614035088
W3,0.47628458498,cd,0.249122807018
W3,0.478260869565,cd,0.252631578947
W3,0.48023715415,cd,0.257894736842
W3,0.482213438735,cd,0.261403508772
W3,0.48418972332,cd,0.264912280702
W3,0.486166007905,cd,0.268421052632
W3,0.48814229249,cd,0.271929824561
W3,0.490118577075,cd,0.275438596491
W3,0.49209486166,cd,0.278947368421
W3,0.494071146245,cd,0.282456140351
W3,0.49604743083,cd,0.285964912281
W3,0.498023715415,cd,0.289473684211
W3,0.5,cd,0.29298245614
W3,0.501976284585,cd,0.29649122807
W3,0.50395256917,cd,0.3
W3,0.505928853755,cd,0.30350877193
W3,0.50790513834,cd,0.30701754386
W3,0.509881422925,cd,0.310526315789
W3,0.51185770751,cd,0.312280701754
W3,0.513833992095,cd,0.315789473684
W3,0.51581027668,cd,0.319298245614
W3,0.517786561265,cd,0.322807017544
W3,0.51976284585,cd,0.326315789474
W3,0.521739130435,cd,0.329824561404
W3,0.52371541502,cd,0.331578947368
W3,0.525691699605,cd,0.335087719298
W3,0.52766798419,cd,0.336842105263
W3,0.529644268775,cd,0.338596491228
W3,0.53162055336,cd,0.342105263158
W3,0.533596837945,cd,0.343859649123
W3,0.53557312253,cd,0.347368421053
W3,0.537549407115,cd,0.349122807018
W3,0.5395256917,cd,0.352631578947
W3,0.541501976285,cd,0.354385964912
W3,0.54347826087,cd,0.356140350877
W3,0.545454545455,cd,0.357894736842
W3,0.54743083004,cd,0.359649122807
W3,0.549407114625,cd,0.363157894737
W3,0.551383399209,cd,0.363157894737
W3,0.553359683794,cd,0.364912280702
W3,0.555335968379,cd,0.366666666667
W3,0.557312252964,cd,0.368421052632
W3,0.559288537549,cd,0.370175438596
W3,0.561264822134,cd,0.371929824561
W3,0.563241106719,cd,0.373684210526
W3,0.565217391304,cd,0.375438596491
W3,0.567193675889,cd,0.375438596491
W3,0.569169960474,cd,0.377192982456
W3,0.571146245059,cd,0.377192982456
W3,0.573122529644,cd,0.378947368421
W3,0.575098814229,cd,0.378947368421
W3,0.577075098814,cd,0.380701754386
W3,0.579051383399,cd,0.380701754386
W3,0.581027667984,cd,0.380701754386
W3,0.583003952569,cd,0.382456140351
W3,0.584980237154,cd,0.382456140351
W3,0.586956521739,cd,0.382456140351
W3,0.588932806324,cd,0.382456140351
W3,0.590909090909,cd,0.382456140351
W3,0.592885375494,cd,0.382456140351
W3,0.594861660079,cd,0.382456140351
W3,0.596837944664,cd,0.380701754386
W3,0.598814229249,cd,0.380701754386
W3,0.600790513834,cd,0.380701754386
W3,0.602766798419,cd,0.378947368421
W3,0.604743083004,cd,0.378947368421
W3,0.606719367589,cd,0.378947368421
W3,0.608695652174,cd,0.377192982456
W3,0.610671936759,cd,0.375438596491
W3,0.612648221344,cd,0.375438596491
W3,0.614624505929,cd,0.373684210526
W3,0.616600790514,cd,0.371929824561
W3,0.618577075099,cd,0.370175438596
W3,0.620553359684,cd,0.368421052632
W3,0.622529644269,cd,0.366666666667
W3,0.624505928854,cd,0.364912280702
W3,0.626482213439,cd,0.363157894737
W3,0.628458498024,cd,0.361403508772
W3,0.630434782609,cd,0.359649122807
W3,0.632411067194,cd,0.356140350877
W3,0.634387351779,cd,0.354385964912
W3,0.636363636364,cd,0.352631578947
W3,0.638339920949,cd,0.349122807018
W3,0.640316205534,cd,0.347368421053
W3,0.642292490119,cd,0.343859649123
W3,0.644268774704,cd,0.342105263158
W3,0.646245059289,cd,0.338596491228
W3,0.648221343874,cd,0.335087719298
W3,0.650197628458,cd,0.333333333333
W3,0.652173913043,cd,0.329824561404
W3,0.654150197628,cd,0.326315789474
W3,0.656126482213,cd,0.322807017544
W3,0.658102766798,cd,0.319298245614
W3,0.660079051383,cd,0.315789473684
W3,0.662055335968,cd,0.312280701754
W3,0.664031620553,cd,0.308771929825
W3,0.666007905138,cd,0.305263157895
W3,0.667984189723,cd,0.301754385965
W3,0.669960474308,cd,0.298245614035
W3,0.671936758893,cd,0.294736842105
W3,0.673913043478,cd,0.291228070175
W3,0.675889328063,cd,0.287719298246
W3,0.677865612648,cd,0.284210526316
W3,0.679841897233,cd,0.280701754386
W3,0.681818181818,cd,0.277192982456
W3,0.683794466403,cd,0.273684210526
W3,0.685770750988,cd,0.268421052632
W3,0.687747035573,cd,0.264912280702
W3,0.689723320158,cd,0.261403508772
W3,0.691699604743,cd,0.257894736842
W3,0.693675889328,cd,0.254385964912
W3,0.695652173913,cd,0.250877192982
W3,0.697628458498,cd,0.245614035088
W3,0.699604743083,cd,0.242105263158
W3,0.701581027668,cd,0.238596491228
W3,0.703557312253,cd,0.235087719298
W3,0.705533596838,cd,0.229824561404
W3,0.707509881423,cd,0.226315789474
W3,0.709486166008,cd,0.224561403509
W3,0.711462450593,cd,0.221052631579
W3,0.713438735178,cd,0.215789473684
W3,0.715415019763,cd,0.214035087719
W3,0.717391304348,cd,0.208771929825
W3,0.719367588933,cd,0.205263157895
W3,0.721343873518,cd,0.201754385965
W3,0.723320158103,cd,0.198245614035
W3,0.725296442688,cd,0.19649122807
W3,0.727272727273,cd,0.19298245614
W3,0.729249011858,cd,0.189473684211
W3,0.731225296443,cd,0.187719298246
W3,0.733201581028,cd,0.184210526316
W3,0.735177865613,cd,0.180701754386
W3,0.737154150198,cd,0.177192982456
W3,0.739130434783,cd,0.175438596491
W3,0.741106719368,cd,0.171929824561
W3,0.743083003953,cd,0.170175438596
W3,0.745059288538,cd,0.166666666667
W3,0.747035573123,cd,0.164912280702
W3,0.749011857708,cd,0.163157894737
W3,0.750988142292,cd,0.159649122807
W3,0.752964426877,cd,0.157894736842
W3,0.754940711462,cd,0.156140350877
W3,0.756916996047,cd,0.154385964912
W3,0.758893280632,cd,0.152631578947
W3,0.760869565217,cd,0.150877192982
W3,0.762845849802,cd,0.149122807018
W3,0.764822134387,cd,0.147368421053
W3,0.766798418972,cd,0.145614035088
W3,0.768774703557,cd,0.143859649123
W3,0.770750988142,cd,0.142105263158
W3,0.772727272727,cd,0.142105263158
W3,0.774703557312,cd,0.140350877193
W3,0.776679841897,cd,0.140350877193
W3,0.778656126482,cd,0.138596491228
W3,0.780632411067,cd,0.138596491228
W3,0.782608695652,cd,0.136842105263
W3,0.784584980237,cd,0.136842105263
W3,0.786561264822,cd,0.135087719298
W3,0.788537549407,cd,0.135087719298
W3,0.790513833992,cd,0.135087719298
W3,0.792490118577,cd,0.135087719298
W3,0.794466403162,cd,0.135087719298
W3,0.796442687747,cd,0.135087719298
W3,0.798418972332,cd,0.135087719298
W3,0.800395256917,cd,0.135087719298
W3,0.802371541502,cd,0.135087719298
W3,0.804347826087,cd,0.135087719298
W3,0.806324110672,cd,0.135087719298
W3,0.808300395257,cd,0.135087719298
W3,0.810276679842,cd,0.135087719298
W3,0.812252964427,cd,0.136842105263
W3,0.814229249012,cd,0.136842105263
W3,0.816205533597,cd,0.138596491228
W3,0.818181818182,cd,0.138596491228
W3,0.820158102767,cd,0.138596491228
W3,0.822134387352,cd,0.140350877193
W3,0.824110671937,cd,0.142105263158
W3,0.826086956522,cd,0.142105263158
W3,0.828063241107,cd,0.143859649123
W3,0.830039525692,cd,0.145614035088
W3,0.832015810277,cd,0.145614035088
W3,0.833992094862,cd,0.147368421053
W3,0.835968379447,cd,0.149122807018
W3,0.837944664032,cd,0.150877192982
W3,0.839920948617,cd,0.150877192982
W3,0.841897233202,cd,0.152631578947
W3,0.843873517787,cd,0.154385964912
W3,0.845849802372,cd,0.156140350877
W3,0.847826086957,cd,0.156140350877
W3,0.849802371542,cd,0.157894736842
W3,0.851778656126,cd,0.159649122807
W3,0.853754940711,cd,0.161403508772
W3,0.855731225296,cd,0.163157894737
W3,0.857707509881,cd,0.164912280702
W3,0.859683794466,cd,0.166666666667
W3,0.861660079051,cd,0.168421052632
W3,0.863636363636,cd,0.170175438596
W3,0.865612648221,cd,0.171929824561
W3,0.867588932806,cd,0.173684210526
W3,0.869565217391,cd,0.175438596491
W3,0.871541501976,cd,0.177192982456
W3,0.873517786561,cd,0.177192982456
W3,0.875494071146,cd,0.180701754386
W3,0.877470355731,cd,0.180701754386
W3,0.879446640316,cd,0.182456140351
W3,0.881422924901,cd,0.184210526316
W3,0.883399209486,cd,0.185964912281
W3,0.885375494071,cd,0.187719298246
W3,0.887351778656,cd,0.189473684211
W3,0.889328063241,cd,0.191228070175
W3,0.891304347826,cd,0.19298245614
W3,0.893280632411,cd,0.194736842105
W3,0.895256916996,cd,0.19649122807
W3,0.897233201581,cd,0.198245614035
W3,0.899209486166,cd,0.198245614035
W3,0.901185770751,cd,0.2
W3,0.903162055336,cd,0.201754385965
W3,0.905138339921,cd,0.20350877193
W3,0.907114624506,cd,0.205263157895
W3,0.909090909091,cd,0.20701754386
W3,0.911067193676,cd,0.208771929825
W3,0.913043478261,cd,0.208771929825
W3,0.915019762846,cd,0.210526315789
W3,0.916996047431,cd,0.212280701754
W3,0.918972332016,cd,0.212280701754
W3,0.920948616601,cd,0.214035087719
W3,0.922924901186,cd,0.215789473684
W3,0.924901185771,cd,0.215789473684
W3,0.926877470356,cd,0.217543859649
W3,0.928853754941,cd,0.217543859649
W3,0.930830039526,cd,0.219298245614
W3,0.932806324111,cd,0.219298245614
W3,0.934782608696,cd,0.221052631579
W3,0.936758893281,cd,0.221052631579
W3,0.938735177866,cd,0.222807017544
W3,0.940711462451,cd,0.222807017544
W3,0.942687747036,cd,0.224561403509
W3,0.944664031621,cd,0.224561403509
W3,0.946640316206,cd,0.224561403509
W3,0.948616600791,cd,0.226315789474
W3,0.950592885375,cd,0.226315789474
W3,0.95256916996,cd,0.226315789474
W3,0.954545454545,cd,0.228070175439
W3,0.95652173913,cd,0.228070175439
W3,0.958498023715,cd,0.228070175439
W3,0.9604743083,cd,0.228070175439
W3,0.962450592885,cd,0.228070175439
W3,0.96442687747,cd,0.228070175439
W3,0.966403162055,cd,0.228070175439
W3,0.96837944664,cd,0.228070175439
W3,0.970355731225,cd,0.228070175439
W3,0.97233201581,cd,0.228070175439
W3,0.974308300395,cd,0.228070175439
W3,0.97628458498,cd,0.228070175439
W3,0.978260869565,cd,0.228070175439
W3,0.98023715415,cd,0.228070175439
W3,0.982213438735,cd,0.228070175439
W3,0.98418972332,cd,0.228070175439
W3,0.986166007905,cd,0.228070175439
W3,0.98814229249,cd,0.226315789474
W3,0.990118577075,cd,0.226315789474
W3,0.99209486166,cd,0.226315789474
W3,0.994071146245,cd,0.224561403509
W3,0.99604743083,cd,0.224561403509
W3,0.00391389432485,cl,0.800995024876
W3,0.00587084148728,cl,0.820895522388
W3,0.00782778864971,cl,0.830845771144
W3,0.00978473581213,cl,0.850746268657
W3,0.0117416829746,cl,0.860696517413
W3,0.013698630137,cl,0.880597014925
W3,0.0156555772994,cl,0.900497512438
W3,0.0176125244618,cl,0.910447761194
W3,0.0195694716243,cl,0.930348258706
W3,0.0215264187867,cl,0.940298507463
W3,0.0234833659491,cl,0.960199004975
W3,0.0254403131115,cl,0.980099502488
W3,0.027397260274,cl,0.990049751244
W3,0.0293542074364,cl,1.00995024876
W3,0.0313111545988,cl,1.02985074627
W3,0.0332681017613,cl,1.04975124378
W3,0.0352250489237,cl,1.05970149254
W3,0.0371819960861,cl,1.07960199005
W3,0.0391389432485,cl,1.08955223881
W3,0.041095890411,cl,1.10945273632
W3,0.0430528375734,cl,1.10945273632
W3,0.0450097847358,cl,1.16915422886
W3,0.0469667318982,cl,1.16915422886
W3,0.0489236790607,cl,1.17910447761
W3,0.0508806262231,cl,1.19900497512
W3,0.0528375733855,cl,1.21890547264
W3,0.0547945205479,cl,1.23880597015
W3,0.0567514677104,cl,1.25870646766
W3,0.0587084148728,cl,1.27860696517
W3,0.0606653620352,cl,1.29850746269
W3,0.0626223091977,cl,1.3184079602
W3,0.0645792563601,cl,1.32835820896
W3,0.0665362035225,cl,1.34825870647
W3,0.0684931506849,cl,1.36815920398
W3,0.0704500978474,cl,1.38805970149
W3,0.0724070450098,cl,1.407960199
W3,0.0743639921722,cl,1.42786069652
W3,0.0763209393346,cl,1.44776119403
W3,0.0782778864971,cl,1.46766169154
W3,0.0802348336595,cl,1.48756218905
W3,0.0821917808219,cl,1.50746268657
W3,0.0841487279843,cl,1.52736318408
W3,0.0861056751468,cl,1.54726368159
W3,0.0880626223092,cl,1.5671641791
W3,0.0900195694716,cl,1.58706467662
W3,0.0919765166341,cl,1.60696517413
W3,0.0939334637965,cl,1.62686567164
W3,0.0958904109589,cl,1.64676616915
W3,0.0978473581213,cl,1.66666666667
W3,0.0998043052838,cl,1.68656716418
W3,0.101761252446,cl,1.71641791045
W3,0.103718199609,cl,1.73631840796
W3,0.105675146771,cl,1.75621890547
W3,0.107632093933,cl,1.77611940299
W3,0.109589041096,cl,1.7960199005
W3,0.111545988258,cl,1.81592039801
W3,0.113502935421,cl,1.83582089552
W3,0.115459882583,cl,1.85572139303
W3,0.117416829746,cl,1.87562189055
W3,0.119373776908,cl,1.89552238806
W3,0.12133072407,cl,1.91542288557
W3,0.123287671233,cl,1.93532338308
W3,0.125244618395,cl,1.9552238806
W3,0.127201565558,cl,1.97512437811
W3,0.12915851272,cl,1.99502487562
W3,0.131115459883,cl,2.01492537313
W3,0.133072407045,cl,2.03482587065
W3,0.135029354207,cl,2.05472636816
W3,0.13698630137,cl,2.07462686567
W3,0.138943248532,cl,2.09452736318
W3,0.140900195695,cl,2.1144278607
W3,0.142857142857,cl,2.13432835821
W3,0.14481409002,cl,2.15422885572
W3,0.146771037182,cl,2.17412935323
W3,0.148727984344,cl,2.19402985075
W3,0.150684931507,cl,2.21393034826
W3,0.152641878669,cl,2.22388059701
W3,0.154598825832,cl,2.24378109453
W3,0.156555772994,cl,2.26368159204
W3,0.158512720157,cl,2.28358208955
W3,0.160469667319,cl,2.30348258706
W3,0.162426614481,cl,2.32338308458
W3,0.164383561644,cl,2.33333333333
W3,0.166340508806,cl,2.35323383085
W3,0.168297455969,cl,2.37313432836
W3,0.170254403131,cl,2.39303482587
W3,0.172211350294,cl,2.40298507463
W3,0.174168297456,cl,2.42288557214
W3,0.176125244618,cl,2.4328358209
W3,0.178082191781,cl,2.45273631841
W3,0.180039138943,cl,2.46268656716
W3,0.181996086106,cl,2.48258706468
W3,0.183953033268,cl,2.49253731343
W3,0.185909980431,cl,2.51243781095
W3,0.187866927593,cl,2.5223880597
W3,0.189823874755,cl,2.53233830846
W3,0.191780821918,cl,2.55223880597
W3,0.19373776908,cl,2.56218905473
W3,0.195694716243,cl,2.57213930348
W3,0.197651663405,cl,2.58208955224
W3,0.199608610568,cl,2.592039801
W3,0.20156555773,cl,2.60199004975
W3,0.203522504892,cl,2.61194029851
W3,0.205479452055,cl,2.62189054726
W3,0.207436399217,cl,2.63184079602
W3,0.20939334638,cl,2.64179104478
W3,0.211350293542,cl,2.65174129353
W3,0.213307240705,cl,2.66169154229
W3,0.215264187867,cl,2.67164179104
W3,0.217221135029,cl,2.6815920398
W3,0.219178082192,cl,2.6815920398
W3,0.221135029354,cl,2.69154228856
W3,0.223091976517,cl,2.70149253731
W3,0.225048923679,cl,2.71144278607
W3,0.227005870841,cl,2.71144278607
W3,0.228962818004,cl,2.71144278607
W3,0.230919765166,cl,2.72139303483
W3,0.232876712329,cl,2.72139303483
W3,0.234833659491,cl,2.73134328358
W3,0.236790606654,cl,2.73134328358
W3,0.238747553816,cl,2.74129353234
W3,0.240704500978,cl,2.74129353234
W3,0.242661448141,cl,2.74129353234
W3,0.244618395303,cl,2.74129353234
W3,0.246575342466,cl,2.74129353234
W3,0.248532289628,cl,2.75124378109
W3,0.250489236791,cl,2.75124378109
W3,0.252446183953,cl,2.75124378109
W3,0.254403131115,cl,2.74129353234
W3,0.256360078278,cl,2.74129353234
W3,0.25831702544,cl,2.74129353234
W3,0.260273972603,cl,2.74129353234
W3,0.262230919765,cl,2.74129353234
W3,0.264187866928,cl,2.74129353234
W3,0.26614481409,cl,2.73134328358
W3,0.268101761252,cl,2.73134328358
W3,0.270058708415,cl,2.73134328358
W3,0.272015655577,cl,2.72139303483
W3,0.27397260274,cl,2.72139303483
W3,0.275929549902,cl,2.71144278607
W3,0.277886497065,cl,2.71144278607
W3,0.279843444227,cl,2.70149253731
W3,0.281800391389,cl,2.70149253731
W3,0.283757338552,cl,2.69154228856
W3,0.285714285714,cl,2.6815920398
W3,0.287671232877,cl,2.67164179104
W3,0.289628180039,cl,2.67164179104
W3,0.291585127202,cl,2.66169154229
W3,0.293542074364,cl,2.65174129353
W3,0.295499021526,cl,2.64179104478
W3,0.297455968689,cl,2.63184079602
W3,0.299412915851,cl,2.62189054726
W3,0.301369863014,cl,2.61194029851
W3,0.303326810176,cl,2.60199004975
W3,0.305283757339,cl,2.592039801
W3,0.307240704501,cl,2.58208955224
W3,0.309197651663,cl,2.57213930348
W3,0.311154598826,cl,2.56218905473
W3,0.313111545988,cl,2.55223880597
W3,0.315068493151,cl,2.54228855721
W3,0.317025440313,cl,2.5223880597
W3,0.318982387476,cl,2.51243781095
W3,0.320939334638,cl,2.50248756219
W3,0.3228962818,cl,2.49253731343
W3,0.324853228963,cl,2.47263681592
W3,0.326810176125,cl,2.46268656716
W3,0.328767123288,cl,2.45273631841
W3,0.33072407045,cl,2.4328358209
W3,0.332681017613,cl,2.42288557214
W3,0.334637964775,cl,2.41293532338
W3,0.336594911937,cl,2.39303482587
W3,0.3385518591,cl,2.38308457711
W3,0.340508806262,cl,2.37313432836
W3,0.342465753425,cl,2.35323383085
W3,0.344422700587,cl,2.34328358209
W3,0.34637964775,cl,2.32338308458
W3,0.348336594912,cl,2.30348258706
W3,0.350293542074,cl,2.29353233831
W3,0.352250489237,cl,2.2736318408
W3,0.354207436399,cl,2.26368159204
W3,0.356164383562,cl,2.25373134328
W3,0.358121330724,cl,2.23383084577
W3,0.360078277886,cl,2.22388059701
W3,0.362035225049,cl,2.2039800995
W3,0.363992172211,cl,2.19402985075
W3,0.365949119374,cl,2.17412935323
W3,0.367906066536,cl,2.15422885572
W3,0.369863013699,cl,2.14427860697
W3,0.371819960861,cl,2.12437810945
W3,0.373776908023,cl,2.1144278607
W3,0.375733855186,cl,2.09452736318
W3,0.377690802348,cl,2.08457711443
W3,0.379647749511,cl,2.06467661692
W3,0.381604696673,cl,2.05472636816
W3,0.383561643836,cl,2.03482587065
W3,0.385518590998,cl,2.02487562189
W3,0.38747553816,cl,2.00497512438
W3,0.389432485323,cl,1.98507462687
W3,0.391389432485,cl,1.97512437811
W3,0.393346379648,cl,1.9552238806
W3,0.39530332681,cl,1.94527363184
W3,0.397260273973,cl,1.92537313433
W3,0.399217221135,cl,1.91542288557
W3,0.401174168297,cl,1.90547263682
W3,0.40313111546,cl,1.8855721393
W3,0.405088062622,cl,1.87562189055
W3,0.407045009785,cl,1.85572139303
W3,0.409001956947,cl,1.84577114428
W3,0.41095890411,cl,1.83582089552
W3,0.412915851272,cl,1.81592039801
W3,0.414872798434,cl,1.80597014925
W3,0.416829745597,cl,1.78606965174
W3,0.418786692759,cl,1.77611940299
W3,0.420743639922,cl,1.75621890547
W3,0.422700587084,cl,1.74626865672
W3,0.424657534247,cl,1.73631840796
W3,0.426614481409,cl,1.7263681592
W3,0.428571428571,cl,1.70646766169
W3,0.430528375734,cl,1.69651741294
W3,0.432485322896,cl,1.68656716418
W3,0.434442270059,cl,1.67661691542
W3,0.436399217221,cl,1.65671641791
W3,0.438356164384,cl,1.64676616915
W3,0.440313111546,cl,1.6368159204
W3,0.442270058708,cl,1.62686567164
W3,0.444227005871,cl,1.61691542289
W3,0.446183953033,cl,1.59701492537
W3,0.448140900196,cl,1.58706467662
W3,0.450097847358,cl,1.57711442786
W3,0.452054794521,cl,1.5671641791
W3,0.454011741683,cl,1.55721393035
W3,0.455968688845,cl,1.54726368159
W3,0.457925636008,cl,1.53731343284
W3,0.45988258317,cl,1.52736318408
W3,0.461839530333,cl,1.50746268657
W3,0.463796477495,cl,1.50746268657
W3,0.465753424658,cl,1.48756218905
W3,0.46771037182,cl,1.4776119403
W3,0.469667318982,cl,1.46766169154
W3,0.471624266145,cl,1.45771144279
W3,0.473581213307,cl,1.44776119403
W3,0.47553816047,cl,1.43781094527
W3,0.477495107632,cl,1.42786069652
W3,0.479452054795,cl,1.41791044776
W3,0.481409001957,cl,1.407960199
W3,0.483365949119,cl,1.407960199
W3,0.485322896282,cl,1.38805970149
W3,0.487279843444,cl,1.37810945274
W3,0.489236790607,cl,1.36815920398
W3,0.491193737769,cl,1.35820895522
W3,0.493150684932,cl,1.35820895522
W3,0.495107632094,cl,1.34825870647
W3,0.497064579256,cl,1.33830845771
W3,0.499021526419,cl,1.32835820896
W3,0.500978473581,cl,1.3184079602
W3,0.502935420744,cl,1.30845771144
W3,0.504892367906,cl,1.29850746269
W3,0.506849315068,cl,1.28855721393
W3,0.508806262231,cl,1.27860696517
W3,0.510763209393,cl,1.26865671642
W3,0.512720156556,cl,1.25870646766
W3,0.514677103718,cl,1.24875621891
W3,0.516634050881,cl,1.23880597015
W3,0.518590998043,cl,1.22885572139
W3,0.520547945205,cl,1.21890547264
W3,0.522504892368,cl,1.21890547264
W3,0.52446183953,cl,1.20895522388
W3,0.526418786693,cl,1.19900497512
W3,0.528375733855,cl,1.18905472637
W3,0.530332681018,cl,1.16915422886
W3,0.53228962818,cl,1.16915422886
W3,0.534246575342,cl,1.16915422886
W3,0.536203522505,cl,1.13930348259
W3,0.538160469667,cl,1.10945273632
W3,0.54011741683,cl,1.10945273632
W3,0.542074363992,cl,1.10945273632
W3,0.544031311155,cl,1.09950248756
W3,0.545988258317,cl,1.08955223881
W3,0.547945205479,cl,1.07960199005
W3,0.549902152642,cl,1.06965174129
W3,0.551859099804,cl,1.05970149254
W3,0.553816046967,cl,1.04975124378
W3,0.555772994129,cl,1.03980099502
W3,0.557729941292,cl,1.02985074627
W3,0.559686888454,cl,1.01990049751
W3,0.561643835616,cl,1.00995024876
W3,0.563600782779,cl,0.990049751244
W3,0.565557729941,cl,0.980099502488
W3,0.567514677104,cl,0.970149253731
W3,0.569471624266,cl,0.960199004975
W3,0.571428571429,cl,0.940298507463
W3,0.573385518591,cl,0.930348258706
W3,0.575342465753,cl,0.92039800995
W3,0.577299412916,cl,0.910447761194
W3,0.579256360078,cl,0.890547263682
W3,0.581213307241,cl,0.880597014925
W3,0.583170254403,cl,0.870646766169
W3,0.585127201566,cl,0.860696517413
W3,0.587084148728,cl,0.8407960199
W3,0.58904109589,cl,0.830845771144
W3,0.590998043053,cl,0.820895522388
W3,0.592954990215,cl,0.800995024876
W3,0.594911937378,cl,0.791044776119
W3,0.59686888454,cl,0.771144278607
W3,0.598825831703,cl,0.761194029851
W3,0.600782778865,cl,0.751243781095
W3,0.602739726027,cl,0.731343283582
W3,0.60469667319,cl,0.71144278607
W3,0.606653620352,cl,0.701492537313
W3,0.608610567515,cl,0.691542288557
W3,0.610567514677,cl,0.671641791045
W3,0.61252446184,cl,0.661691542289
W3,0.614481409002,cl,0.641791044776
W3,0.616438356164,cl,0.63184079602
W3,0.618395303327,cl,0.611940298507
W3,0.620352250489,cl,0.592039800995
W3,0.622309197652,cl,0.582089552239
W3,0.624266144814,cl,0.562189054726
W3,0.626223091977,cl,0.55223880597
W3,0.628180039139,cl,0.532338308458
W3,0.630136986301,cl,0.522388059701
W3,0.632093933464,cl,0.502487562189
W3,0.634050880626,cl,0.482587064677
W3,0.636007827789,cl,0.47263681592
W3,0.637964774951,cl,0.452736318408
W3,0.639921722114,cl,0.442786069652
W3,0.641878669276,cl,0.422885572139
W3,0.643835616438,cl,0.402985074627
W3,0.645792563601,cl,0.393034825871
W3,0.647749510763,cl,0.373134328358
W3,0.649706457926,cl,0.363184079602
W3,0.651663405088,cl,0.34328358209
W3,0.65362035225,cl,0.323383084577
W3,0.655577299413,cl,0.313432835821
W3,0.657534246575,cl,0.293532338308
W3,0.659491193738,cl,0.283582089552
W3,0.6614481409,cl,0.26368159204
W3,0.663405088063,cl,0.253731343284
W3,0.665362035225,cl,0.233830845771
W3,0.667318982387,cl,0.213930348259
W3,0.66927592955,cl,0.203980099502
W3,0.671232876712,cl,0.18407960199
W3,0.673189823875,cl,0.174129353234
W3,0.675146771037,cl,0.154228855721
W3,0.6771037182,cl,0.144278606965
W3,0.679060665362,cl,0.124378109453
W3,0.681017612524,cl,0.114427860697
W3,0.682974559687,cl,0.0945273631841
W3,0.684931506849,cl,0.0845771144279
W3,0.686888454012,cl,0.0646766169154
W3,0.688845401174,cl,0.0547263681592
W3,0.690802348337,cl,0.044776119403
W3,0.692759295499,cl,0.0248756218905
W3,0.694716242661,cl,0.0149253731343
W3,0.696673189824,cl,0.00497512437811
W3,0.698630136986,cl,-0.0149253731343
W3,0.700587084149,cl,-0.0248756218905
W3,0.702544031311,cl,-0.0348258706468
W3,0.704500978474,cl,-0.0547263681592
W3,0.706457925636,cl,-0.0646766169154
W3,0.708414872798,cl,-0.0746268656716
W3,0.710371819961,cl,-0.0945273631841
W3,0.712328767123,cl,-0.10447761194
W3,0.714285714286,cl,-0.114427860697
W3,0.716242661448,cl,-0.124378109453
W3,0.718199608611,cl,-0.134328358209
W3,0.720156555773,cl,-0.144278606965
W3,0.722113502935,cl,-0.154228855721
W3,0.724070450098,cl,-0.164179104478
W3,0.72602739726,cl,-0.174129353234
W3,0.727984344423,cl,-0.18407960199
W3,0.729941291585,cl,-0.194029850746
W3,0.731898238748,cl,-0.203980099502
W3,0.73385518591,cl,-0.213930348259
W3,0.735812133072,cl,-0.223880597015
W3,0.737769080235,cl,-0.223880597015
W3,0.739726027397,cl,-0.233830845771
W3,0.74168297456,cl,-0.243781094527
W3,0.743639921722,cl,-0.253731343284
W3,0.745596868885,cl,-0.26368159204
W3,0.747553816047,cl,-0.26368159204
W3,0.749510763209,cl,-0.273631840796
W3,0.751467710372,cl,-0.273631840796
W3,0.753424657534,cl,-0.283582089552
W3,0.755381604697,cl,-0.293532338308
W3,0.757338551859,cl,-0.293532338308
W3,0.759295499022,cl,-0.303482587065
W3,0.761252446184,cl,-0.303482587065
W3,0.763209393346,cl,-0.303482587065
W3,0.765166340509,cl,-0.313432835821
W3,0.767123287671,cl,-0.313432835821
W3,0.769080234834,cl,-0.313432835821
W3,0.771037181996,cl,-0.323383084577
W3,0.772994129159,cl,-0.323383084577
W3,0.774951076321,cl,-0.323383084577
W3,0.776908023483,cl,-0.323383084577
W3,0.778864970646,cl,-0.333333333333
W3,0.780821917808,cl,-0.333333333333
W3,0.782778864971,cl,-0.333333333333
W3,0.784735812133,cl,-0.333333333333
W3,0.786692759295,cl,-0.333333333333
W3,0.788649706458,cl,-0.333333333333
W3,0.79060665362,cl,-0.333333333333
W3,0.792563600783,cl,-0.333333333333
W3,0.794520547945,cl,-0.323383084577
W3,0.796477495108,cl,-0.323383084577
W3,0.79843444227,cl,-0.323383084577
W3,0.800391389432,cl,-0.323383084577
W3,0.802348336595,cl,-0.323383084577
W3,0.804305283757,cl,-0.313432835821
W3,0.80626223092,cl,-0.313432835821
W3,0.808219178082,cl,-0.313432835821
W3,0.810176125245,cl,-0.303482587065
W3,0.812133072407,cl,-0.303482587065
W3,0.814090019569,cl,-0.303482587065
W3,0.816046966732,cl,-0.293532338308
W3,0.818003913894,cl,-0.293532338308
W3,0.819960861057,cl,-0.283582089552
W3,0.821917808219,cl,-0.283582089552
W3,0.823874755382,cl,-0.273631840796
W3,0.825831702544,cl,-0.26368159204
W3,0.827788649706,cl,-0.26368159204
W3,0.829745596869,cl,-0.253731343284
W3,0.831702544031,cl,-0.253731343284
W3,0.833659491194,cl,-0.243781094527
W3,0.835616438356,cl,-0.233830845771
W3,0.837573385519,cl,-0.223880597015
W3,0.839530332681,cl,-0.223880597015
W3,0.841487279843,cl,-0.213930348259
W3,0.843444227006,cl,-0.203980099502
W3,0.845401174168,cl,-0.194029850746
W3,0.847358121331,cl,-0.194029850746
W3,0.849315068493,cl,-0.18407960199
W3,0.851272015656,cl,-0.174129353234
W3,0.853228962818,cl,-0.164179104478
W3,0.85518590998,cl,-0.154228855721
W3,0.857142857143,cl,-0.144278606965
W3,0.859099804305,cl,-0.134328358209
W3,0.861056751468,cl,-0.124378109453
W3,0.86301369863,cl,-0.114427860697
W3,0.864970645793,cl,-0.10447761194
W3,0.866927592955,cl,-0.0945273631841
W3,0.868884540117,cl,-0.0845771144279
W3,0.87084148728,cl,-0.0746268656716
W3,0.872798434442,cl,-0.0646766169154
W3,0.874755381605,cl,-0.0547263681592
W3,0.876712328767,cl,-0.044776119403
W3,0.87866927593,cl,-0.0348258706468
W3,0.880626223092,cl,-0.0248756218905
W3,0.882583170254,cl,-0.0149253731343
W3,0.884540117417,cl,-0.00497512437811
W3,0.886497064579,cl,0.0149253731343
W3,0.888454011742,cl,0.0248756218905
W3,0.890410958904,cl,0.0348258706468
W3,0.892367906067,cl,0.044776119403
W3,0.894324853229,cl,0.0547263681592
W3,0.896281800391,cl,0.0646766169154
W3,0.898238747554,cl,0.0746268656716
W3,0.900195694716,cl,0.0945273631841
W3,0.902152641879,cl,0.10447761194
W3,0.904109589041,cl,0.114427860697
W3,0.906066536204,cl,0.124378109453
W3,0.908023483366,cl,0.134328358209
W3,0.909980430528,cl,0.154228855721
W3,0.911937377691,cl,0.164179104478
W3,0.913894324853,cl,0.174129353234
W3,0.915851272016,cl,0.18407960199
W3,0.917808219178,cl,0.194029850746
W3,0.919765166341,cl,0.213930348259
W3,0.921722113503,cl,0.223880597015
W3,0.923679060665,cl,0.233830845771
W3,0.925636007828,cl,0.243781094527
W3,0.92759295499,cl,0.26368159204
W3,0.929549902153,cl,0.273631840796
W3,0.931506849315,cl,0.293532338308
W3,0.933463796477,cl,0.293532338308
W3,0.93542074364,cl,0.313432835821
W3,0.937377690802,cl,0.323383084577
W3,0.939334637965,cl,0.34328358209
W3,0.941291585127,cl,0.353233830846
W3,0.94324853229,cl,0.363184079602
W3,0.945205479452,cl,0.373134328358
W3,0.947162426614,cl,0.393034825871
W3,0.949119373777,cl,0.402985074627
W3,0.951076320939,cl,0.412935323383
W3,0.953033268102,cl,0.432835820896
W3,0.954990215264,cl,0.442786069652
W3,0.956947162427,cl,0.452736318408
W3,0.958904109589,cl,0.462686567164
W3,0.960861056751,cl,0.482587064677
W3,0.962818003914,cl,0.492537313433
W3,0.964774951076,cl,0.512437810945
W3,0.966731898239,cl,0.522388059701
W3,0.968688845401,cl,0.542288557214
W3,0.970645792564,cl,0.55223880597
W3,0.972602739726,cl,0.562189054726
W3,0.974559686888,cl,0.582089552239
W3,0.976516634051,cl,0.592039800995
W3,0.978473581213,cl,0.601990049751
W3,0.980430528376,cl,0.611940298507
W3,0.982387475538,cl,0.63184079602
W3,0.984344422701,cl,0.651741293532
W3,0.986301369863,cl,0.661691542289
W3,0.988258317025,cl,0.681592039801
W3,0.990215264188,cl,0.691542288557
W3,0.99217221135,cl,0.701492537313
W3,0.994129158513,cl,0.721393034826
W3,0.996086105675,cl,0.731343283582
W4,0.00390625,cd,0.209677419355
W4,0.005859375,cd,0.209677419355
W4,0.0078125,cd,0.219602977667
W4,0.009765625,cd,0.219602977667
W4,0.01171875,cd,0.22952853598
W4,0.013671875,cd,0.22952853598
W4,0.015625,cd,0.239454094293
W4,0.017578125,cd,0.239454094293
W4,0.01953125,cd,0.249379652605
W4,0.021484375,cd,0.249379652605
W4,0.0234375,cd,0.259305210918
W4,0.025390625,cd,0.259305210918
W4,0.02734375,cd,0.269230769231
W4,0.029296875,cd,0.269230769231
W4,0.03125,cd,0.269230769231
W4,0.033203125,cd,0.279156327543
W4,0.03515625,cd,0.279156327543
W4,0.037109375,cd,0.279156327543
W4,0.0390625,cd,0.279156327543
W4,0.041015625,cd,0.279156327543
W4,0.04296875,cd,0.279156327543
W4,0.044921875,cd,0.279156327543
W4,0.046875,cd,0.279156327543
W4,0.048828125,cd,0.279156327543
W4,0.05078125,cd,0.279156327543
W4,0.052734375,cd,0.279156327543
W4,0.0546875,cd,0.279156327543
W4,0.056640625,cd,0.279156327543
W4,0.05859375,cd,0.279156327543
W4,0.060546875,cd,0.269230769231
W4,0.0625,cd,0.269230769231
W4,0.064453125,cd,0.259305210918
W4,0.06640625,cd,0.259305210918
W4,0.068359375,cd,0.249379652605
W4,0.0703125,cd,0.249379652605
W4,0.072265625,cd,0.239454094293
W4,0.07421875,cd,0.22952853598
W4,0.076171875,cd,0.22952853598
W4,0.078125,cd,0.219602977667
W4,0.080078125,cd,0.209677419355
W4,0.08203125,cd,0.18982630273
W4,0.083984375,cd,0.179900744417
W4,0.0859375,cd,0.169975186104
W4,0.087890625,cd,0.160049627792
W4,0.08984375,cd,0.150124069479
W4,0.091796875,cd,0.140198511166
W4,0.09375,cd,0.130272952854
W4,0.095703125,cd,0.110421836228
W4,0.09765625,cd,0.100496277916
W4,0.099609375,cd,0.090570719603
W4,0.1015625,cd,0.0707196029777
W4,0.103515625,cd,0.0508684863524
W4,0.10546875,cd,0.0409429280397
W4,0.107421875,cd,0.0210918114144
W4,0.109375,cd,0.00124069478908
W4,0.111328125,cd,-0.00868486352357
W4,0.11328125,cd,-0.0285359801489
W4,0.115234375,cd,-0.0483870967742
W4,0.1171875,cd,-0.0682382133995
W4,0.119140625,cd,-0.0880893300248
W4,0.12109375,cd,-0.10794044665
W4,0.123046875,cd,-0.127791563275
W4,0.125,cd,-0.147642679901
W4,0.126953125,cd,-0.167493796526
W4,0.12890625,cd,-0.187344913151
W4,0.130859375,cd,-0.217121588089
W4,0.1328125,cd,-0.236972704715
W4,0.134765625,cd,-0.25682382134
W4,0.13671875,cd,-0.276674937965
W4,0.138671875,cd,-0.336228287841
W4,0.140625,cd,-0.336228287841
W4,0.142578125,cd,-0.356079404467
W4,0.14453125,cd,-0.385856079404
W4,0.146484375,cd,-0.40570719603
W4,0.1484375,cd,-0.44540942928
W4,0.150390625,cd,-0.465260545906
W4,0.15234375,cd,-0.495037220844
W4,0.154296875,cd,-0.514888337469
W4,0.15625,cd,-0.544665012407
W4,0.158203125,cd,-0.574441687345
W4,0.16015625,cd,-0.604218362283
W4,0.162109375,cd,-0.633995037221
W4,0.1640625,cd,-0.663771712159
W4,0.166015625,cd,-0.693548387097
W4,0.16796875,cd,-0.713399503722
W4,0.169921875,cd,-0.74317617866
W4,0.171875,cd,-0.772952853598
W4,0.173828125,cd,-0.812655086849
W4,0.17578125,cd,-0.842431761787
W4,0.177734375,cd,-0.872208436725
W4,0.1796875,cd,-0.901985111663
W4,0.181640625,cd,-0.9317617866
W4,0.18359375,cd,-0.961538461538
W4,0.185546875,cd,-0.991315136476
W4,0.1875,cd,-1.02109181141
W4,0.189453125,cd,-1.05086848635
W4,0.19140625,cd,-1.08064516129
W4,0.193359375,cd,-1.12034739454
W4,0.1953125,cd,-1.15012406948
W4,0.197265625,cd,-1.17990074442
W4,0.19921875,cd,-1.20967741935
W4,0.201171875,cd,-1.23945409429
W4,0.203125,cd,-1.26923076923
W4,0.205078125,cd,-1.29900744417
W4,0.20703125,cd,-1.32878411911
W4,0.208984375,cd,-1.35856079404
W4,0.2109375,cd,-1.38833746898
W4,0.212890625,cd,-1.41811414392
W4,0.21484375,cd,-1.43796526055
W4,0.216796875,cd,-1.46774193548
W4,0.21875,cd,-1.49751861042
W4,0.220703125,cd,-1.52729528536
W4,0.22265625,cd,-1.54714640199
W4,0.224609375,cd,-1.57692307692
W4,0.2265625,cd,-1.59677419355
W4,0.228515625,cd,-1.61662531017
W4,0.23046875,cd,-1.64640198511
W4,0.232421875,cd,-1.66625310174
W4,0.234375,cd,-1.68610421836
W4,0.236328125,cd,-1.70595533499
W4,0.23828125,cd,-1.72580645161
W4,0.240234375,cd,-1.74565756824
W4,0.2421875,cd,-1.76550868486
W4,0.244140625,cd,-1.77543424318
W4,0.24609375,cd,-1.7952853598
W4,0.248046875,cd,-1.80521091811
W4,0.25,cd,-1.82506203474
W4,0.251953125,cd,-1.83498759305
W4,0.25390625,cd,-1.84491315136
W4,0.255859375,cd,-1.85483870968
W4,0.2578125,cd,-1.86476426799
W4,0.259765625,cd,-1.8746898263
W4,0.26171875,cd,-1.88461538462
W4,0.263671875,cd,-1.89454094293
W4,0.265625,cd,-1.89454094293
W4,0.267578125,cd,-1.90446650124
W4,0.26953125,cd,-1.90446650124
W4,0.271484375,cd,-1.91439205955
W4,0.2734375,cd,-1.91439205955
W4,0.275390625,cd,-1.91439205955
W4,0.27734375,cd,-1.91439205955
W4,0.279296875,cd,-1.91439205955
W4,0.28125,cd,-1.91439205955
W4,0.283203125,cd,-1.91439205955
W4,0.28515625,cd,-1.91439205955
W4,0.287109375,cd,-1.90446650124
W4,0.2890625,cd,-1.90446650124
W4,0.291015625,cd,-1.89454094293
W4,0.29296875,cd,-1.89454094293
W4,0.294921875,cd,-1.88461538462
W4,0.296875,cd,-1.8746898263
W4,0.298828125,cd,-1.86476426799
W4,0.30078125,cd,-1.85483870968
W4,0.302734375,cd,-1.84491315136
W4,0.3046875,cd,-1.83498759305
W4,0.306640625,cd,-1.82506203474
W4,0.30859375,cd,-1.81513647643
W4,0.310546875,cd,-1.80521091811
W4,0.3125,cd,-1.78535980149
W4,0.314453125,cd,-1.77543424318
W4,0.31640625,cd,-1.76550868486
W4,0.318359375,cd,-1.74565756824
W4,0.3203125,cd,-1.73573200993
W4,0.322265625,cd,-1.7158808933
W4,0.32421875,cd,-1.70595533499
W4,0.326171875,cd,-1.68610421836
W4,0.328125,cd,-1.66625310174
W4,0.330078125,cd,-1.65632754342
W4,0.33203125,cd,-1.6364764268
W4,0.333984375,cd,-1.62655086849
W4,0.3359375,cd,-1.60669975186
W4,0.337890625,cd,-1.57692307692
W4,0.33984375,cd,-1.56699751861
W4,0.341796875,cd,-1.54714640199
W4,0.34375,cd,-1.52729528536
W4,0.345703125,cd,-1.50744416873
W4,0.34765625,cd,-1.48759305211
W4,0.349609375,cd,-1.46774193548
W4,0.3515625,cd,-1.43796526055
W4,0.353515625,cd,-1.41811414392
W4,0.35546875,cd,-1.3982630273
W4,0.357421875,cd,-1.37841191067
W4,0.359375,cd,-1.35856079404
W4,0.361328125,cd,-1.32878411911
W4,0.36328125,cd,-1.30893300248
W4,0.365234375,cd,-1.28908188586
W4,0.3671875,cd,-1.25930521092
W4,0.369140625,cd,-1.23945409429
W4,0.37109375,cd,-1.20967741935
W4,0.373046875,cd,-1.17990074442
W4,0.375,cd,-1.16004962779
W4,0.376953125,cd,-1.14019851117
W4,0.37890625,cd,-1.11042183623
W4,0.380859375,cd,-1.08064516129
W4,0.3828125,cd,-1.06079404467
W4,0.384765625,cd,-1.03101736973
W4,0.38671875,cd,-1.0111662531
W4,0.388671875,cd,-0.981389578164
W4,0.390625,cd,-0.951612903226
W4,0.392578125,cd,-0.921836228288
W4,0.39453125,cd,-0.901985111663
W4,0.396484375,cd,-0.872208436725
W4,0.3984375,cd,-0.842431761787
W4,0.400390625,cd,-0.812655086849
W4,0.40234375,cd,-0.782878411911
W4,0.404296875,cd,-0.763027295285
W4,0.40625,cd,-0.733250620347
W4,0.408203125,cd,-0.703473945409
W4,0.41015625,cd,-0.673697270471
W4,0.412109375,cd,-0.643920595533
W4,0.4140625,cd,-0.614143920596
W4,0.416015625,cd,-0.584367245658
W4,0.41796875,cd,-0.55459057072
W4,0.419921875,cd,-0.524813895782
W4,0.421875,cd,-0.504962779156
W4,0.423828125,cd,-0.475186104218
W4,0.42578125,cd,-0.44540942928
W4,0.427734375,cd,-0.415632754342
W4,0.4296875,cd,-0.385856079404
W4,0.431640625,cd,-0.356079404467
W4,0.43359375,cd,-0.336228287841
W4,0.435546875,cd,-0.276674937965
W4,0.4375,cd,-0.276674937965
W4,0.439453125,cd,-0.246898263027
W4,0.44140625,cd,-0.217121588089
W4,0.443359375,cd,-0.187344913151
W4,0.4453125,cd,-0.167493796526
W4,0.447265625,cd,-0.137717121588
W4,0.44921875,cd,-0.117866004963
W4,0.451171875,cd,-0.0880893300248
W4,0.453125,cd,-0.0583126550868
W4,0.455078125,cd,-0.0384615384615
W4,0.45703125,cd,-0.00868486352357
W4,0.458984375,cd,0.0210918114144
W4,0.4609375,cd,0.0409429280397
W4,0.462890625,cd,0.060794044665
W4,0.46484375,cd,0.090570719603
W4,0.466796875,cd,0.110421836228
W4,0.46875,cd,0.130272952854
W4,0.470703125,cd,0.160049627792
W4,0.47265625,cd,0.179900744417
W4,0.474609375,cd,0.199751861042
W4,0.4765625,cd,0.219602977667
W4,0.478515625,cd,0.239454094293
W4,0.48046875,cd,0.259305210918
W4,0.482421875,cd,0.279156327543
W4,0.484375,cd,0.299007444169
W4,0.486328125,cd,0.318858560794
W4,0.48828125,cd,0.338709677419
W4,0.490234375,cd,0.358560794045
W4,0.4921875,cd,0.37841191067
W4,0.494140625,cd,0.388337468983
W4,0.49609375,cd,0.408188585608
W4,0.498046875,cd,0.418114143921
W4,0.5,cd,0.437965260546
W4,0.501953125,cd,0.447890818859
W4,0.50390625,cd,0.467741935484
W4,0.505859375,cd,0.477667493797
W4,0.5078125,cd,0.487593052109
W4,0.509765625,cd,0.497518610422
W4,0.51171875,cd,0.507444168734
W4,0.513671875,cd,0.517369727047
W4,0.515625,cd,0.52729528536
W4,0.517578125,cd,0.537220843672
W4,0.51953125,cd,0.547146401985
W4,0.521484375,cd,0.557071960298
W4,0.5234375,cd,0.56699751861
W4,0.525390625,cd,0.56699751861
W4,0.52734375,cd,0.576923076923
W4,0.529296875,cd,0.576923076923
W4,0.53125,cd,0.586848635236
W4,0.533203125,cd,0.586848635236
W4,0.53515625,cd,0.596774193548
W4,0.537109375,cd,0.596774193548
W4,0.5390625,cd,0.596774193548
W4,0.541015625,cd,0.596774193548
W4,0.54296875,cd,0.606699751861
W4,0.544921875,cd,0.606699751861
W4,0.546875,cd,0.606699751861
W4,0.548828125,cd,0.606699751861
W4,0.55078125,cd,0.606699751861
W4,0.552734375,cd,0.596774193548
W4,0.5546875,cd,0.596774193548
W4,0.556640625,cd,0.596774193548
W4,0.55859375,cd,0.596774193548
W4,0.560546875,cd,0.596774193548
W4,0.5625,cd,0.586848635236
W4,0.564453125,cd,0.586848635236
W4,0.56640625,cd,0.576923076923
W4,0.568359375,cd,0.576923076923
W4,0.5703125,cd,0.576923076923
W4,0.572265625,cd,0.56699751861
W4,0.57421875,cd,0.557071960298
W4,0.576171875,cd,0.557071960298
W4,0.578125,cd,0.547146401985
W4,0.580078125,cd,0.547146401985
W4,0.58203125,cd,0.537220843672
W4,0.583984375,cd,0.52729528536
W4,0.5859375,cd,0.517369727047
W4,0.587890625,cd,0.517369727047
W4,0.58984375,cd,0.507444168734
W4,0.591796875,cd,0.497518610422
W4,0.59375,cd,0.497518610422
W4,0.595703125,cd,0.487593052109
W4,0.59765625,cd,0.477667493797
W4,0.599609375,cd,0.467741935484
W4,0.6015625,cd,0.467741935484
W4,0.603515625,cd,0.457816377171
W4,0.60546875,cd,0.447890818859
W4,0.607421875,cd,0.437965260546
W4,0.609375,cd,0.428039702233
W4,0.611328125,cd,0.428039702233
W4,0.61328125,cd,0.418114143921
W4,0.615234375,cd,0.408188585608
W4,0.6171875,cd,0.398263027295
W4,0.619140625,cd,0.398263027295
W4,0.62109375,cd,0.388337468983
W4,0.623046875,cd,0.37841191067
W4,0.625,cd,0.368486352357
W4,0.626953125,cd,0.358560794045
W4,0.62890625,cd,0.358560794045
W4,0.630859375,cd,0.348635235732
W4,0.6328125,cd,0.338709677419
W4,0.634765625,cd,0.328784119107
W4,0.63671875,cd,0.328784119107
W4,0.638671875,cd,0.318858560794
W4,0.640625,cd,0.308933002481
W4,0.642578125,cd,0.299007444169
W4,0.64453125,cd,0.299007444169
W4,0.646484375,cd,0.289081885856
W4,0.6484375,cd,0.279156327543
W4,0.650390625,cd,0.269230769231
W4,0.65234375,cd,0.269230769231
W4,0.654296875,cd,0.259305210918
W4,0.65625,cd,0.249379652605
W4,0.658203125,cd,0.239454094293
W4,0.66015625,cd,0.239454094293
W4,0.662109375,cd,0.22952853598
W4,0.6640625,cd,0.219602977667
W4,0.666015625,cd,0.209677419355
W4,0.66796875,cd,0.209677419355
W4,0.669921875,cd,0.199751861042
W4,0.671875,cd,0.18982630273
W4,0.673828125,cd,0.179900744417
W4,0.67578125,cd,0.169975186104
W4,0.677734375,cd,0.169975186104
W4,0.6796875,cd,0.160049627792
W4,0.681640625,cd,0.150124069479
W4,0.68359375,cd,0.140198511166
W4,0.685546875,cd,0.130272952854
W4,0.6875,cd,0.120347394541
W4,0.689453125,cd,0.120347394541
W4,0.69140625,cd,0.110421836228
W4,0.693359375,cd,0.100496277916
W4,0.6953125,cd,0.090570719603
W4,0.697265625,cd,0.0806451612903
W4,0.69921875,cd,0.0707196029777
W4,0.701171875,cd,0.060794044665
W4,0.703125,cd,0.0508684863524
W4,0.705078125,cd,0.0409429280397
W4,0.70703125,cd,0.0409429280397
W4,0.708984375,cd,0.031017369727
W4,0.7109375,cd,0.0210918114144
W4,0.712890625,cd,0.0111662531017
W4,0.71484375,cd,0.00124069478908
W4,0.716796875,cd,-0.00868486352357
W4,0.71875,cd,-0.0186104218362
W4,0.720703125,cd,-0.0285359801489
W4,0.72265625,cd,-0.0285359801489
W4,0.724609375,cd,-0.0384615384615
W4,0.7265625,cd,-0.0483870967742
W4,0.728515625,cd,-0.0583126550868
W4,0.73046875,cd,-0.0682382133995
W4,0.732421875,cd,-0.0781637717122
W4,0.734375,cd,-0.0880893300248
W4,0.736328125,cd,-0.0880893300248
W4,0.73828125,cd,-0.0980148883375
W4,0.740234375,cd,-0.10794044665
W4,0.7421875,cd,-0.117866004963
W4,0.744140625,cd,-0.127791563275
W4,0.74609375,cd,-0.127791563275
W4,0.748046875,cd,-0.137717121588
W4,0.75,cd,-0.147642679901
W4,0.751953125,cd,-0.157568238213
W4,0.75390625,cd,-0.157568238213
W4,0.755859375,cd,-0.167493796526
W4,0.7578125,cd,-0.177419354839
W4,0.759765625,cd,-0.177419354839
W4,0.76171875,cd,-0.187344913151
W4,0.763671875,cd,-0.197270471464
W4,0.765625,cd,-0.197270471464
W4,0.767578125,cd,-0.207196029777
W4,0.76953125,cd,-0.217121588089
W4,0.771484375,cd,-0.217121588089
W4,0.7734375,cd,-0.227047146402
W4,0.775390625,cd,-0.227047146402
W4,0.77734375,cd,-0.236972704715
W4,0.779296875,cd,-0.236972704715
W4,0.78125,cd,-0.246898263027
W4,0.783203125,cd,-0.246898263027
W4,0.78515625,cd,-0.246898263027
W4,0.787109375,cd,-0.25682382134
W4,0.7890625,cd,-0.25682382134
W4,0.791015625,cd,-0.266749379653
W4,0.79296875,cd,-0.266749379653
W4,0.794921875,cd,-0.266749379653
W4,0.796875,cd,-0.276674937965
W4,0.798828125,cd,-0.276674937965
W4,0.80078125,cd,-0.276674937965
W4,0.802734375,cd,-0.276674937965
W4,0.8046875,cd,-0.276674937965
W4,0.806640625,cd,-0.276674937965
W4,0.80859375,cd,-0.276674937965
W4,0.810546875,cd,-0.276674937965
W4,0.8125,cd,-0.276674937965
W4,0.814453125,cd,-0.276674937965
W4,0.81640625,cd,-0.276674937965
W4,0.818359375,cd,-0.276674937965
W4,0.8203125,cd,-0.276674937965
W4,0.822265625,cd,-0.276674937965
W4,0.82421875,cd,-0.276674937965
W4,0.826171875,cd,-0.276674937965
W4,0.828125,cd,-0.276674937965
W4,0.830078125,cd,-0.276674937965
W4,0.83203125,cd,-0.276674937965
W4,0.833984375,cd,-0.276674937965
W4,0.8359375,cd,-0.276674937965
W4,0.837890625,cd,-0.276674937965
W4,0.83984375,cd,-0.276674937965
W4,0.841796875,cd,-0.276674937965
W4,0.84375,cd,-0.276674937965
W4,0.845703125,cd,-0.266749379653
W4,0.84765625,cd,-0.266749379653
W4,0.849609375,cd,-0.266749379653
W4,0.8515625,cd,-0.25682382134
W4,0.853515625,cd,-0.25682382134
W4,0.85546875,cd,-0.246898263027
W4,0.857421875,cd,-0.246898263027
W4,0.859375,cd,-0.236972704715
W4,0.861328125,cd,-0.236972704715
W4,0.86328125,cd,-0.227047146402
W4,0.865234375,cd,-0.227047146402
W4,0.8671875,cd,-0.217121588089
W4,0.869140625,cd,-0.217121588089
W4,0.87109375,cd,-0.207196029777
W4,0.873046875,cd,-0.197270471464
W4,0.875,cd,-0.197270471464
W4,0.876953125,cd,-0.187344913151
W4,0.87890625,cd,-0.177419354839
W4,0.880859375,cd,-0.177419354839
W4,0.8828125,cd,-0.167493796526
W4,0.884765625,cd,-0.157568238213
W4,0.88671875,cd,-0.157568238213
W4,0.888671875,cd,-0.147642679901
W4,0.890625,cd,-0.137717121588
W4,0.892578125,cd,-0.127791563275
W4,0.89453125,cd,-0.127791563275
W4,0.896484375,cd,-0.117866004963
W4,0.8984375,cd,-0.10794044665
W4,0.900390625,cd,-0.10794044665
W4,0.90234375,cd,-0.0980148883375
W4,0.904296875,cd,-0.0880893300248
W4,0.90625,cd,-0.0880893300248
W4,0.908203125,cd,-0.0781637717122
W4,0.91015625,cd,-0.0682382133995
W4,0.912109375,cd,-0.0682382133995
W4,0.9140625,cd,-0.0583126550868
W4,0.916015625,cd,-0.0483870967742
W4,0.91796875,cd,-0.0384615384615
W4,0.919921875,cd,-0.0384615384615
W4,0.921875,cd,-0.0285359801489
W4,0.923828125,cd,-0.0285359801489
W4,0.92578125,cd,-0.0186104218362
W4,0.927734375,cd,-0.00868486352357
W4,0.9296875,cd,-0.00868486352357
W4,0.931640625,cd,0.00124069478908
W4,0.93359375,cd,0.00124069478908
W4,0.935546875,cd,0.0111662531017
W4,0.9375,cd,0.0210918114144
W4,0.939453125,cd,0.0210918114144
W4,0.94140625,cd,0.031017369727
W4,0.943359375,cd,0.031017369727
W4,0.9453125,cd,0.0409429280397
W4,0.947265625,cd,0.0409429280397
W4,0.94921875,cd,0.0508684863524
W4,0.951171875,cd,0.0508684863524
W4,0.953125,cd,0.060794044665
W4,0.955078125,cd,0.060794044665
W4,0.95703125,cd,0.0707196029777
W4,0.958984375,cd,0.0806451612903
W4,0.9609375,cd,0.0806451612903
W4,0.962890625,cd,0.090570719603
W4,0.96484375,cd,0.090570719603
W4,0.966796875,cd,0.100496277916
W4,0.96875,cd,0.100496277916
W4,0.970703125,cd,0.110421836228
W4,0.97265625,cd,0.110421836228
W4,0.974609375,cd,0.120347394541
W4,0.9765625,cd,0.120347394541
W4,0.978515625,cd,0.130272952854
W4,0.98046875,cd,0.140198511166
W4,0.982421875,cd,0.140198511166
W4,0.984375,cd,0.150124069479
W4,0.986328125,cd,0.150124069479
W4,0.98828125,cd,0.160049627792
W4,0.990234375,cd,0.160049627792
W4,0.9921875,cd,0.169975186104
W4,0.994140625,cd,0.179900744417
W4,0.99609375,cd,0.179900744417
W4,0.0038240917782,cl,-0.228155339806
W4,0.0057361376673,cl,-0.228155339806
W4,0.00764818355641,cl,-0.21359223301
W4,0.00956022944551,cl,-0.199029126214
W4,0.0114722753346,cl,-0.199029126214
W4,0.0133843212237,cl,-0.184466019417
W4,0.0152963671128,cl,-0.169902912621
W4,0.0172084130019,cl,-0.155339805825
W4,0.019120458891,cl,-0.140776699029
W4,0.0210325047801,cl,-0.111650485437
W4,0.0229445506692,cl,-0.111650485437
W4,0.0248565965583,cl,-0.0825242718447
W4,0.0267686424474,cl,-0.0679611650485
W4,0.0286806883365,cl,-0.0533980582524
W4,0.0305927342256,cl,-0.0242718446602
W4,0.0325047801147,cl,-0.00970873786408
W4,0.0344168260038,cl,0.00485436893204
W4,0.0363288718929,cl,0.0339805825243
W4,0.038240917782,cl,0.0485436893204
W4,0.0401529636711,cl,0.0776699029126
W4,0.0420650095602,cl,0.106796116505
W4,0.0439770554493,cl,0.121359223301
W4,0.0458891013384,cl,0.150485436893
W4,0.0478011472275,cl,0.179611650485
W4,0.0497131931166,cl,0.194174757282
W4,0.0516252390057,cl,0.223300970874
W4,0.0535372848948,cl,0.252427184466
W4,0.0554493307839,cl,0.281553398058
W4,0.057361376673,cl,0.31067961165
W4,0.0592734225621,cl,0.339805825243
W4,0.0611854684512,cl,0.368932038835
W4,0.0630975143403,cl,0.398058252427
W4,0.0650095602294,cl,0.427184466019
W4,0.0669216061185,cl,0.456310679612
W4,0.0688336520076,cl,0.485436893204
W4,0.0707456978967,cl,0.514563106796
W4,0.0726577437859,cl,0.558252427184
W4,0.074569789675,cl,0.587378640777
W4,0.0764818355641,cl,0.631067961165
W4,0.0783938814532,cl,0.660194174757
W4,0.0803059273423,cl,0.68932038835
W4,0.0822179732314,cl,0.733009708738
W4,0.0841300191205,cl,0.76213592233
W4,0.0860420650096,cl,0.791262135922
W4,0.0879541108987,cl,0.834951456311
W4,0.0898661567878,cl,0.864077669903
W4,0.0917782026769,cl,0.907766990291
W4,0.093690248566,cl,0.936893203883
W4,0.0956022944551,cl,0.980582524272
W4,0.0975143403442,cl,1.02427184466
W4,0.0994263862333,cl,1.05339805825
W4,0.101338432122,cl,1.09708737864
W4,0.103250478011,cl,1.12621359223
W4,0.105162523901,cl,1.16990291262
W4,0.10707456979,cl,1.19902912621
W4,0.108986615679,cl,1.2427184466
W4,0.110898661568,cl,1.28640776699
W4,0.112810707457,cl,1.31553398058
W4,0.114722753346,cl,1.33009708738
W4,0.116634799235,cl,1.41747572816
W4,0.118546845124,cl,1.44660194175
W4,0.120458891013,cl,1.47572815534
W4,0.122370936902,cl,1.51941747573
W4,0.124282982792,cl,1.56310679612
W4,0.126195028681,cl,1.6067961165
W4,0.12810707457,cl,1.6359223301
W4,0.130019120459,cl,1.67961165049
W4,0.131931166348,cl,1.72330097087
W4,0.133843212237,cl,1.76699029126
W4,0.135755258126,cl,1.81067961165
W4,0.137667304015,cl,1.85436893204
W4,0.139579349904,cl,1.88349514563
W4,0.141491395793,cl,1.92718446602
W4,0.143403441683,cl,1.97087378641
W4,0.145315487572,cl,2.0145631068
W4,0.147227533461,cl,2.05825242718
W4,0.14913957935,cl,2.10194174757
W4,0.151051625239,cl,2.14563106796
W4,0.152963671128,cl,2.18932038835
W4,0.154875717017,cl,2.23300970874
W4,0.156787762906,cl,2.27669902913
W4,0.158699808795,cl,2.30582524272
W4,0.160611854685,cl,2.3640776699
W4,0.162523900574,cl,2.40776699029
W4,0.164435946463,cl,2.43689320388
W4,0.166347992352,cl,2.48058252427
W4,0.168260038241,cl,2.52427184466
W4,0.17017208413,cl,2.56796116505
W4,0.172084130019,cl,2.61165048544
W4,0.173996175908,cl,2.66990291262
W4,0.175908221797,cl,2.69902912621
W4,0.177820267686,cl,2.7427184466
W4,0.179732313576,cl,2.80097087379
W4,0.181644359465,cl,2.84466019417
W4,0.183556405354,cl,2.87378640777
W4,0.185468451243,cl,2.91747572816
W4,0.187380497132,cl,2.97572815534
W4,0.189292543021,cl,3.01941747573
W4,0.19120458891,cl,3.04854368932
W4,0.193116634799,cl,3.09223300971
W4,0.195028680688,cl,3.1359223301
W4,0.196940726577,cl,3.16504854369
W4,0.198852772467,cl,3.20873786408
W4,0.200764818356,cl,3.25242718447
W4,0.202676864245,cl,3.29611650485
W4,0.204588910134,cl,3.33980582524
W4,0.206500956023,cl,3.36893203883
W4,0.208413001912,cl,3.41262135922
W4,0.210325047801,cl,3.44174757282
W4,0.21223709369,cl,3.4854368932
W4,0.214149139579,cl,3.5145631068
W4,0.216061185468,cl,3.54368932039
W4,0.217973231358,cl,3.58737864078
W4,0.219885277247,cl,3.61650485437
W4,0.221797323136,cl,3.64563106796
W4,0.223709369025,cl,3.68932038835
W4,0.225621414914,cl,3.71844660194
W4,0.227533460803,cl,3.74757281553
W4,0.229445506692,cl,3.77669902913
W4,0.231357552581,cl,3.80582524272
W4,0.23326959847,cl,3.83495145631
W4,0.235181644359,cl,3.8640776699
W4,0.237093690249,cl,3.8932038835
W4,0.239005736138,cl,3.92233009709
W4,0.240917782027,cl,3.93689320388
W4,0.242829827916,cl,3.96601941748
W4,0.244741873805,cl,3.98058252427
W4,0.246653919694,cl,4.00970873786
W4,0.248565965583,cl,4.02427184466
W4,0.250478011472,cl,4.05339805825
W4,0.252390057361,cl,4.06796116505
W4,0.25430210325,cl,4.08252427184
W4,0.25621414914,cl,4.11165048544
W4,0.258126195029,cl,4.12621359223
W4,0.260038240918,cl,4.14077669903
W4,0.261950286807,cl,4.15533980583
W4,0.263862332696,cl,4.15533980583
W4,0.265774378585,cl,4.16990291262
W4,0.267686424474,cl,4.18446601942
W4,0.269598470363,cl,4.19902912621
W4,0.271510516252,cl,4.21359223301
W4,0.273422562141,cl,4.21359223301
W4,0.275334608031,cl,4.22815533981
W4,0.27724665392,cl,4.22815533981
W4,0.279158699809,cl,4.2427184466
W4,0.281070745698,cl,4.2427184466
W4,0.282982791587,cl,4.2572815534
W4,0.284894837476,cl,4.2572815534
W4,0.286806883365,cl,4.2572815534
W4,0.288718929254,cl,4.27184466019
W4,0.290630975143,cl,4.27184466019
W4,0.292543021033,cl,4.27184466019
W4,0.294455066922,cl,4.27184466019
W4,0.296367112811,cl,4.28640776699
W4,0.2982791587,cl,4.28640776699
W4,0.300191204589,cl,4.28640776699
W4,0.302103250478,cl,4.28640776699
W4,0.304015296367,cl,4.28640776699
W4,0.305927342256,cl,4.28640776699
W4,0.307839388145,cl,4.28640776699
W4,0.309751434034,cl,4.28640776699
W4,0.311663479924,cl,4.27184466019
W4,0.313575525813,cl,4.27184466019
W4,0.315487571702,cl,4.27184466019
W4,0.317399617591,cl,4.27184466019
W4,0.31931166348,cl,4.27184466019
W4,0.321223709369,cl,4.2572815534
W4,0.323135755258,cl,4.2572815534
W4,0.325047801147,cl,4.2572815534
W4,0.326959847036,cl,4.2572815534
W4,0.328871892925,cl,4.2427184466
W4,0.330783938815,cl,4.2427184466
W4,0.332695984704,cl,4.22815533981
W4,0.334608030593,cl,4.22815533981
W4,0.336520076482,cl,4.22815533981
W4,0.338432122371,cl,4.22815533981
W4,0.34034416826,cl,4.21359223301
W4,0.342256214149,cl,4.21359223301
W4,0.344168260038,cl,4.19902912621
W4,0.346080305927,cl,4.19902912621
W4,0.347992351816,cl,4.18446601942
W4,0.349904397706,cl,4.18446601942
W4,0.351816443595,cl,4.16990291262
W4,0.353728489484,cl,4.16990291262
W4,0.355640535373,cl,4.15533980583
W4,0.357552581262,cl,4.14077669903
W4,0.359464627151,cl,4.14077669903
W4,0.36137667304,cl,4.12621359223
W4,0.363288718929,cl,4.12621359223
W4,0.365200764818,cl,4.11165048544
W4,0.367112810707,cl,4.09708737864
W4,0.369024856597,cl,4.08252427184
W4,0.370936902486,cl,4.08252427184
W4,0.372848948375,cl,4.06796116505
W4,0.374760994264,cl,4.05339805825
W4,0.376673040153,cl,4.03883495146
W4,0.378585086042,cl,4.03883495146
W4,0.380497131931,cl,4.02427184466
W4,0.38240917782,cl,4.00970873786
W4,0.384321223709,cl,3.99514563107
W4,0.386233269598,cl,3.98058252427
W4,0.388145315488,cl,3.96601941748
W4,0.390057361377,cl,3.95145631068
W4,0.391969407266,cl,3.93689320388
W4,0.393881453155,cl,3.92233009709
W4,0.395793499044,cl,3.90776699029
W4,0.397705544933,cl,3.8932038835
W4,0.399617590822,cl,3.8786407767
W4,0.401529636711,cl,3.84951456311
W4,0.4034416826,cl,3.83495145631
W4,0.405353728489,cl,3.82038834951
W4,0.407265774379,cl,3.80582524272
W4,0.409177820268,cl,3.77669902913
W4,0.411089866157,cl,3.76213592233
W4,0.413001912046,cl,3.73300970874
W4,0.414913957935,cl,3.71844660194
W4,0.416826003824,cl,3.70388349515
W4,0.418738049713,cl,3.67475728155
W4,0.420650095602,cl,3.66019417476
W4,0.422562141491,cl,3.63106796117
W4,0.42447418738,cl,3.61650485437
W4,0.42638623327,cl,3.58737864078
W4,0.428298279159,cl,3.55825242718
W4,0.430210325048,cl,3.52912621359
W4,0.432122370937,cl,3.5145631068
W4,0.434034416826,cl,3.4854368932
W4,0.435946462715,cl,3.45631067961
W4,0.437858508604,cl,3.42718446602
W4,0.439770554493,cl,3.41262135922
W4,0.441682600382,cl,3.38349514563
W4,0.443594646272,cl,3.35436893204
W4,0.445506692161,cl,3.32524271845
W4,0.44741873805,cl,3.29611650485
W4,0.449330783939,cl,3.26699029126
W4,0.451242829828,cl,3.23786407767
W4,0.453154875717,cl,3.20873786408
W4,0.455066921606,cl,3.17961165049
W4,0.456978967495,cl,3.15048543689
W4,0.458891013384,cl,3.1213592233
W4,0.460803059273,cl,3.09223300971
W4,0.462715105163,cl,3.04854368932
W4,0.464627151052,cl,3.01941747573
W4,0.466539196941,cl,2.97572815534
W4,0.46845124283,cl,2.94660194175
W4,0.470363288719,cl,2.91747572816
W4,0.472275334608,cl,2.87378640777
W4,0.474187380497,cl,2.84466019417
W4,0.476099426386,cl,2.81553398058
W4,0.478011472275,cl,2.77184466019
W4,0.479923518164,cl,2.7427184466
W4,0.481835564054,cl,2.69902912621
W4,0.483747609943,cl,2.66990291262
W4,0.485659655832,cl,2.62621359223
W4,0.487571701721,cl,2.58252427184
W4,0.48948374761,cl,2.55339805825
W4,0.491395793499,cl,2.50970873786
W4,0.493307839388,cl,2.46601941748
W4,0.495219885277,cl,2.43689320388
W4,0.497131931166,cl,2.3932038835
W4,0.499043977055,cl,2.34951456311
W4,0.500956022945,cl,2.30582524272
W4,0.502868068834,cl,2.27669902913
W4,0.504780114723,cl,2.21844660194
W4,0.506692160612,cl,2.17475728155
W4,0.508604206501,cl,2.14563106796
W4,0.51051625239,cl,2.10194174757
W4,0.512428298279,cl,2.05825242718
W4,0.514340344168,cl,2.0145631068
W4,0.516252390057,cl,1.97087378641
W4,0.518164435946,cl,1.92718446602
W4,0.520076481836,cl,1.88349514563
W4,0.521988527725,cl,1.83980582524
W4,0.523900573614,cl,1.79611650485
W4,0.525812619503,cl,1.75242718447
W4,0.527724665392,cl,1.70873786408
W4,0.529636711281,cl,1.66504854369
W4,0.53154875717,cl,1.6213592233
W4,0.533460803059,cl,1.57766990291
W4,0.535372848948,cl,1.53398058252
W4,0.537284894837,cl,1.49029126214
W4,0.539196940727,cl,1.44660194175
W4,0.541108986616,cl,1.41747572816
W4,0.543021032505,cl,1.33009708738
W4,0.544933078394,cl,1.31553398058
W4,0.546845124283,cl,1.27184466019
W4,0.548757170172,cl,1.22815533981
W4,0.550669216061,cl,1.18446601942
W4,0.55258126195,cl,1.15533980583
W4,0.554493307839,cl,1.11165048544
W4,0.556405353728,cl,1.06796116505
W4,0.558317399618,cl,1.02427184466
W4,0.560229445507,cl,0.995145631068
W4,0.562141491396,cl,0.95145631068
W4,0.564053537285,cl,0.922330097087
W4,0.565965583174,cl,0.878640776699
W4,0.567877629063,cl,0.834951456311
W4,0.569789674952,cl,0.805825242718
W4,0.571701720841,cl,0.76213592233
W4,0.57361376673,cl,0.733009708738
W4,0.57552581262,cl,0.703883495146
W4,0.577437858509,cl,0.660194174757
W4,0.579349904398,cl,0.631067961165
W4,0.581261950287,cl,0.601941747573
W4,0.583173996176,cl,0.572815533981
W4,0.585086042065,cl,0.543689320388
W4,0.586998087954,cl,0.514563106796
W4,0.588910133843,cl,0.485436893204
W4,0.590822179732,cl,0.456310679612
W4,0.592734225621,cl,0.427184466019
W4,0.594646271511,cl,0.398058252427
W4,0.5965583174,cl,0.383495145631
W4,0.598470363289,cl,0.354368932039
W4,0.600382409178,cl,0.325242718447
W4,0.602294455067,cl,0.31067961165
W4,0.604206500956,cl,0.281553398058
W4,0.606118546845,cl,0.266990291262
W4,0.608030592734,cl,0.252427184466
W4,0.609942638623,cl,0.223300970874
W4,0.611854684512,cl,0.208737864078
W4,0.613766730402,cl,0.194174757282
W4,0.615678776291,cl,0.179611650485
W4,0.61759082218,cl,0.165048543689
W4,0.619502868069,cl,0.150485436893
W4,0.621414913958,cl,0.135922330097
W4,0.623326959847,cl,0.121359223301
W4,0.625239005736,cl,0.106796116505
W4,0.627151051625,cl,0.0922330097087
W4,0.629063097514,cl,0.0776699029126
W4,0.630975143403,cl,0.0776699029126
W4,0.632887189293,cl,0.0631067961165
W4,0.634799235182,cl,0.0485436893204
W4,0.636711281071,cl,0.0485436893204
W4,0.63862332696,cl,0.0339805825243
W4,0.640535372849,cl,0.0194174757282
W4,0.642447418738,cl,0.0194174757282
W4,0.644359464627,cl,0.00485436893204
W4,0.646271510516,cl,0.00485436893204
W4,0.648183556405,cl,-0.00970873786408
W4,0.650095602294,cl,-0.00970873786408
W4,0.652007648184,cl,-0.0242718446602
W4,0.653919694073,cl,-0.0242718446602
W4,0.655831739962,cl,-0.0388349514563
W4,0.657743785851,cl,-0.0388349514563
W4,0.65965583174,cl,-0.0388349514563
W4,0.661567877629,cl,-0.0533980582524
W4,0.663479923518,cl,-0.0533980582524
W4,0.665391969407,cl,-0.0679611650485
W4,0.667304015296,cl,-0.0679611650485
W4,0.669216061185,cl,-0.0825242718447
W4,0.671128107075,cl,-0.0825242718447
W4,0.673040152964,cl,-0.0825242718447
W4,0.674952198853,cl,-0.0970873786408
W4,0.676864244742,cl,-0.0970873786408
W4,0.678776290631,cl,-0.111650485437
W4,0.68068833652,cl,-0.111650485437
W4,0.682600382409,cl,-0.111650485437
W4,0.684512428298,cl,-0.126213592233
W4,0.686424474187,cl,-0.126213592233
W4,0.688336520076,cl,-0.140776699029
W4,0.690248565966,cl,-0.140776699029
W4,0.692160611855,cl,-0.155339805825
W4,0.694072657744,cl,-0.169902912621
W4,0.695984703633,cl,-0.169902912621
W4,0.697896749522,cl,-0.169902912621
W4,0.699808795411,cl,-0.184466019417
W4,0.7017208413,cl,-0.199029126214
W4,0.703632887189,cl,-0.199029126214
W4,0.705544933078,cl,-0.21359223301
W4,0.707456978967,cl,-0.21359223301
W4,0.709369024857,cl,-0.228155339806
W4,0.711281070746,cl,-0.228155339806
W4,0.713193116635,cl,-0.242718446602
W4,0.715105162524,cl,-0.257281553398
W4,0.717017208413,cl,-0.257281553398
W4,0.718929254302,cl,-0.271844660194
W4,0.720841300191,cl,-0.271844660194
W4,0.72275334608,cl,-0.28640776699
W4,0.724665391969,cl,-0.300970873786
W4,0.726577437859,cl,-0.300970873786
W4,0.728489483748,cl,-0.315533980583
W4,0.730401529637,cl,-0.315533980583
W4,0.732313575526,cl,-0.330097087379
W4,0.734225621415,cl,-0.344660194175
W4,0.736137667304,cl,-0.344660194175
W4,0.738049713193,cl,-0.359223300971
W4,0.739961759082,cl,-0.359223300971
W4,0.741873804971,cl,-0.373786407767
W4,0.74378585086,cl,-0.388349514563
W4,0.74569789675,cl,-0.388349514563
W4,0.747609942639,cl,-0.402912621359
W4,0.749521988528,cl,-0.402912621359
W4,0.751434034417,cl,-0.417475728155
W4,0.753346080306,cl,-0.417475728155
W4,0.755258126195,cl,-0.432038834951
W4,0.757170172084,cl,-0.432038834951
W4,0.759082217973,cl,-0.446601941748
W4,0.760994263862,cl,-0.446601941748
W4,0.762906309751,cl,-0.461165048544
W4,0.764818355641,cl,-0.461165048544
W4,0.76673040153,cl,-0.47572815534
W4,0.768642447419,cl,-0.47572815534
W4,0.770554493308,cl,-0.47572815534
W4,0.772466539197,cl,-0.490291262136
W4,0.774378585086,cl,-0.490291262136
W4,0.776290630975,cl,-0.490291262136
W4,0.778202676864,cl,-0.504854368932
W4,0.780114722753,cl,-0.504854368932
W4,0.782026768642,cl,-0.504854368932
W4,0.783938814532,cl,-0.504854368932
W4,0.785850860421,cl,-0.519417475728
W4,0.78776290631,cl,-0.519417475728
W4,0.789674952199,cl,-0.519417475728
W4,0.791586998088,cl,-0.519417475728
W4,0.793499043977,cl,-0.533980582524
W4,0.795411089866,cl,-0.533980582524
W4,0.797323135755,cl,-0.533980582524
W4,0.799235181644,cl,-0.533980582524
W4,0.801147227533,cl,-0.533980582524
W4,0.803059273423,cl,-0.533980582524
W4,0.804971319312,cl,-0.533980582524
W4,0.806883365201,cl,-0.533980582524
W4,0.80879541109,cl,-0.533980582524
W4,0.810707456979,cl,-0.533980582524
W4,0.812619502868,cl,-0.533980582524
W4,0.814531548757,cl,-0.54854368932
W4,0.816443594646,cl,-0.54854368932
W4,0.818355640535,cl,-0.54854368932
W4,0.820267686424,cl,-0.54854368932
W4,0.822179732314,cl,-0.54854368932
W4,0.824091778203,cl,-0.54854368932
W4,0.826003824092,cl,-0.533980582524
W4,0.827915869981,cl,-0.533980582524
W4,0.82982791587,cl,-0.533980582524
W4,0.831739961759,cl,-0.533980582524
W4,0.833652007648,cl,-0.533980582524
W4,0.835564053537,cl,-0.533980582524
W4,0.837476099426,cl,-0.533980582524
W4,0.839388145315,cl,-0.533980582524
W4,0.841300191205,cl,-0.533980582524
W4,0.843212237094,cl,-0.533980582524
W4,0.845124282983,cl,-0.533980582524
W4,0.847036328872,cl,-0.519417475728
W4,0.848948374761,cl,-0.519417475728
W4,0.85086042065,cl,-0.519417475728
W4,0.852772466539,cl,-0.519417475728
W4,0.854684512428,cl,-0.519417475728
W4,0.856596558317,cl,-0.519417475728
W4,0.858508604207,cl,-0.504854368932
W4,0.860420650096,cl,-0.504854368932
W4,0.862332695985,cl,-0.504854368932
W4,0.864244741874,cl,-0.504854368932
W4,0.866156787763,cl,-0.490291262136
W4,0.868068833652,cl,-0.490291262136
W4,0.869980879541,cl,-0.490291262136
W4,0.87189292543,cl,-0.490291262136
W4,0.873804971319,cl,-0.47572815534
W4,0.875717017208,cl,-0.47572815534
W4,0.877629063098,cl,-0.47572815534
W4,0.879541108987,cl,-0.461165048544
W4,0.881453154876,cl,-0.461165048544
W4,0.883365200765,cl,-0.461165048544
W4,0.885277246654,cl,-0.461165048544
W4,0.887189292543,cl,-0.446601941748
W4,0.889101338432,cl,-0.446601941748
W4,0.891013384321,cl,-0.446601941748
W4,0.89292543021,cl,-0.432038834951
W4,0.894837476099,cl,-0.432038834951
W4,0.896749521989,cl,-0.432038834951
W4,0.898661567878,cl,-0.417475728155
W4,0.900573613767,cl,-0.417475728155
W4,0.902485659656,cl,-0.417475728155
W4,0.904397705545,cl,-0.402912621359
W4,0.906309751434,cl,-0.402912621359
W4,0.908221797323,cl,-0.402912621359
W4,0.910133843212,cl,-0.388349514563
W4,0.912045889101,cl,-0.388349514563
W4,0.91395793499,cl,-0.388349514563
W4,0.91586998088,cl,-0.388349514563
W4,0.917782026769,cl,-0.373786407767
W4,0.919694072658,cl,-0.373786407767
W4,0.921606118547,cl,-0.373786407767
W4,0.923518164436,cl,-0.373786407767
W4,0.925430210325,cl,-0.359223300971
W4,0.927342256214,cl,-0.359223300971
W4,0.929254302103,cl,-0.359223300971
W4,0.931166347992,cl,-0.359223300971
W4,0.933078393881,cl,-0.344660194175
W4,0.934990439771,cl,-0.344660194175
W4,0.93690248566,cl,-0.344660194175
W4,0.938814531549,cl,-0.344660194175
W4,0.940726577438,cl,-0.344660194175
W4,0.942638623327,cl,-0.344660194175
W4,0.944550669216,cl,-0.330097087379
W4,0.946462715105,cl,-0.330097087379
W4,0.948374760994,cl,-0.330097087379
W4,0.950286806883,cl,-0.330097087379
W4,0.952198852772,cl,-0.330097087379
W4,0.954110898662,cl,-0.330097087379
W4,0.956022944551,cl,-0.330097087379
W4,0.95793499044,cl,-0.330097087379
W4,0.959847036329,cl,-0.330097087379
W4,0.961759082218,cl,-0.330097087379
W4,0.963671128107,cl,-0.315533980583
W4,0.965583173996,cl,-0.315533980583
W4,0.967495219885,cl,-0.315533980583
W4,0.969407265774,cl,-0.315533980583
W4,0.971319311663,cl,-0.315533980583
W4,0.973231357553,cl,-0.315533980583
W4,0.975143403442,cl,-0.315533980583
W4,0.977055449331,cl,-0.315533980583
W4,0.97896749522,cl,-0.300970873786
W4,0.980879541109,cl,-0.300970873786
W4,0.982791586998,cl,-0.300970873786
W4,0.984703632887,cl,-0.300970873786
W4,0.986615678776,cl,-0.28640776699
W4,0.988527724665,cl,-0.28640776699
W4,0.990439770554,cl,-0.28640776699
W4,0.992351816444,cl,-0.271844660194
W4,0.994263862333,cl,-0.271844660194
W4,0.996175908222,cl,-0.271844660194
