model,model_label,data_role,phase,CL_alpha,CD_alpha,CL,CD,CT
paper_uvlm,Authors' UVLM reference,author_reference,0.00000000,-1.22024613,0.04180129,-0.3158229381566464,0.01081896996185355,-0.01081896996185355
paper_uvlm,Authors' UVLM reference,author_reference,0.00781250,-0.92387713,0.06504205,-0.23911699657865743,0.01683412127251041,-0.01683412127251041
paper_uvlm,Authors' UVLM reference,author_reference,0.01562500,-0.72177488,0.0652059,-0.1868090852205865,0.016876528773050455,-0.016876528773050455
paper_uvlm,Authors' UVLM reference,author_reference,0.02343750,-0.5333481,0.0652059,-0.13804064594924373,0.016876528773050455,-0.016876528773050455
paper_uvlm,Authors' UVLM reference,author_reference,0.03125000,-0.35949054,0.05228796,-0.09304299828618955,0.013533119877558801,-0.013533119877558801
paper_uvlm,Authors' UVLM reference,author_reference,0.03906250,-0.1166714,0.00600367,-0.030196780338774237,0.0015538641365106507,-0.0015538641365106507
paper_uvlm,Authors' UVLM reference,author_reference,0.04687500,0.07733913,-0.03141617,0.020016839775659715,-0.00813110312017846,0.00813110312017846
paper_uvlm,Authors' UVLM reference,author_reference,0.05468750,0.24725207,-0.08605292,0.06399354465702162,-0.02227213458268361,0.02227213458268361
paper_uvlm,Authors' UVLM reference,author_reference,0.06250000,0.44845521,-0.16375841,0.11606874922345041,-0.04238379530370708,0.04238379530370708
paper_uvlm,Authors' UVLM reference,author_reference,0.07031250,0.61430029,-0.24361732,0.15899261446400156,-0.06305280213283523,0.06305280213283523
paper_uvlm,Authors' UVLM reference,author_reference,0.07812500,0.76986182,-0.3188156,0.19925490111328872,-0.08251554915578721,0.08251554915578721
paper_uvlm,Authors' UVLM reference,author_reference,0.08593750,0.90123889,-0.39400377,0.23325778891905574,-0.1019756795181932,0.1019756795181932
paper_uvlm,Authors' UVLM reference,author_reference,0.09375000,1.09804393,-0.51439742,0.28419468144321913,-0.1331358490476003,0.1331358490476003
paper_uvlm,Authors' UVLM reference,author_reference,0.10156250,1.30764075,-0.63784437,0.33844233025214404,-0.16508627076741894,0.16508627076741894
paper_uvlm,Authors' UVLM reference,author_reference,0.10937500,1.50046707,-0.76766013,0.38834945426517714,-0.19868506180987694,0.19868506180987694
paper_uvlm,Authors' UVLM reference,author_reference,0.11718750,1.63433337,-0.87436157,0.4229966022025847,-0.22630142662174085,0.22630142662174085
paper_uvlm,Authors' UVLM reference,author_reference,0.12500000,1.75401051,-0.99354305,0.45397132529798545,-0.257147863469246,0.257147863469246
paper_uvlm,Authors' UVLM reference,author_reference,0.13281250,1.92671595,-1.12456896,0.4986707823627961,-0.29105986437913484,0.29105986437913484
paper_uvlm,Authors' UVLM reference,author_reference,0.14062500,2.10612052,-1.26542282,0.5451041018572245,-0.327515525923339,0.327515525923339
paper_uvlm,Authors' UVLM reference,author_reference,0.14843750,2.30369294,-1.4352988,0.5962396069402186,-0.3714826648527939,0.3714826648527939
paper_uvlm,Authors' UVLM reference,author_reference,0.15625000,2.47244885,-1.56661373,0.6399168504218256,-0.40546946964309827,0.40546946964309827
paper_uvlm,Authors' UVLM reference,author_reference,0.16406250,2.64140698,-1.71102623,0.6836464322907332,-0.44284617499396606,0.44284617499396606
paper_uvlm,Authors' UVLM reference,author_reference,0.17187500,2.8528683,-1.8831963,0.7383766492092516,-0.48740706810660017,0.48740706810660017
paper_uvlm,Authors' UVLM reference,author_reference,0.17968750,3.05122088,-2.04984335,0.789714074558473,-0.5305384984567523,0.5305384984567523
paper_uvlm,Authors' UVLM reference,author_reference,0.18750000,3.2338514,-2.19706433,0.8369823313514498,-0.5686420919194095,0.5686420919194095
paper_uvlm,Authors' UVLM reference,author_reference,0.19531250,3.40956444,-2.33535127,0.8824602125763109,-0.6044333856803591,0.6044333856803591
paper_uvlm,Authors' UVLM reference,author_reference,0.20312500,3.64542649,-2.52205893,0.943505803133234,-0.6527568839548852,0.6527568839548852
paper_uvlm,Authors' UVLM reference,author_reference,0.21093750,3.82699514,-2.65375466,0.9904992277467877,-0.6868422470375646,0.6868422470375646
paper_uvlm,Authors' UVLM reference,author_reference,0.21875000,4.00651179,-2.78501798,1.036961555679791,-0.7208156941769512,0.7208156941769512
paper_uvlm,Authors' UVLM reference,author_reference,0.22656250,4.1830445,-2.9175897,1.0826515831113515,-0.75512778015495,0.75512778015495
paper_uvlm,Authors' UVLM reference,author_reference,0.23437500,4.40471932,-3.05639377,1.1400252483470243,-0.7910529170086934,0.7910529170086934
paper_uvlm,Authors' UVLM reference,author_reference,0.24218750,4.57363104,-3.16911176,1.183742818424049,-0.8202264795463688,0.8202264795463688
paper_uvlm,Authors' UVLM reference,author_reference,0.25000000,4.72891334,-3.25838816,1.223932835031372,-0.8433329121445595,0.8433329121445595
paper_uvlm,Authors' UVLM reference,author_reference,0.25781250,4.92535479,-3.35176863,1.2747756235389265,-0.8675015562211842,0.8675015562211842
paper_uvlm,Authors' UVLM reference,author_reference,0.26562500,5.07263902,-3.41924744,1.3128955873061867,-0.8849663573900386,0.8849663573900386
paper_uvlm,Authors' UVLM reference,author_reference,0.27343750,5.19585123,-3.45714938,1.3447852538433578,-0.8947761013083717,0.8947761013083717
paper_uvlm,Authors' UVLM reference,author_reference,0.28125000,5.30826681,-3.48138707,1.373880546913604,-0.9010492770896624,0.9010492770896624
paper_uvlm,Authors' UVLM reference,author_reference,0.28906250,5.44144696,-3.49709217,1.4083501061632144,-0.9051140560749021,0.9051140560749021
paper_uvlm,Authors' UVLM reference,author_reference,0.29687500,5.53535293,-3.48463406,1.4326547596480403,-0.90188965994092,0.90188965994092
paper_uvlm,Authors' UVLM reference,author_reference,0.30468750,5.59553274,-3.44686818,1.4482304406066915,-0.8921151309418636,0.8921151309418636
paper_uvlm,Authors' UVLM reference,author_reference,0.31250000,5.6518442,-3.38004905,1.4628049189122203,-0.8748210675206824,0.8748210675206824
paper_uvlm,Authors' UVLM reference,author_reference,0.32031250,5.68806908,-3.30169904,1.4721806077627737,-0.8545425927487094,0.8545425927487094
paper_uvlm,Authors' UVLM reference,author_reference,0.32812500,5.68806908,-3.20779222,1.4721806077627737,-0.8302377192676951,0.8302377192676951
paper_uvlm,Authors' UVLM reference,author_reference,0.33593750,5.67717377,-3.10306493,1.4693606940324775,-0.8031323020737203,0.8031323020737203
paper_uvlm,Authors' UVLM reference,author_reference,0.34375000,5.63376969,-2.94205602,1.4581268914933243,-0.7614601297345226,0.7614601297345226
paper_uvlm,Authors' UVLM reference,author_reference,0.35156250,5.58583722,-2.80994069,1.4457210553785191,-0.7272661661805182,0.7272661661805182
paper_uvlm,Authors' UVLM reference,author_reference,0.35937500,5.51413054,-2.64971977,1.4271620009334471,-0.6857979406606709,0.6857979406606709
paper_uvlm,Authors' UVLM reference,author_reference,0.36718750,5.38248037,-2.48066234,1.3930884296464625,-0.6420426580605846,0.6420426580605846
paper_uvlm,Authors' UVLM reference,author_reference,0.37500000,5.20420757,-2.25560495,1.34694803378271,-0.583793519287519,0.583793519287519
paper_uvlm,Authors' UVLM reference,author_reference,0.38281250,5.04969736,-2.06746358,1.3069578487719198,-0.535098949559839,0.535098949559839
paper_uvlm,Authors' UVLM reference,author_reference,0.39062500,4.88022155,-1.8790368,1.2630942814597437,-0.4863305102884962,0.4863305102884962
paper_uvlm,Authors' UVLM reference,author_reference,0.39843750,4.69868579,-1.69187148,1.2161093694045833,-0.43788856088978856,0.43788856088978856
paper_uvlm,Authors' UVLM reference,author_reference,0.40625000,4.41820792,-1.45640807,1.1435163549187946,-0.37694614595700515,0.37694614595700515
paper_uvlm,Authors' UVLM reference,author_reference,0.41406250,4.1927794,-1.28101365,1.08517116063352,-0.33155072965629473,0.33155072965629473
paper_uvlm,Authors' UVLM reference,author_reference,0.42187500,3.93571897,-1.09733147,1.0186390256072764,-0.2840102832263454,0.2840102832263454
paper_uvlm,Authors' UVLM reference,author_reference,0.42968750,3.64495121,-0.89619594,0.9433827916174775,-0.23195257741555597,0.23195257741555597
paper_uvlm,Authors' UVLM reference,author_reference,0.43750000,3.38236967,-0.73370758,0.8754216881731283,-0.18989749524008134,0.18989749524008134
paper_uvlm,Authors' UVLM reference,author_reference,0.44531250,3.0997295,-0.58946089,0.8022690292661141,-0.152563704675082,0.152563704675082
paper_uvlm,Authors' UVLM reference,author_reference,0.45312500,2.82976088,-0.4583102,0.7323960088300687,-0.1186194083247453,0.1186194083247453
paper_uvlm,Authors' UVLM reference,author_reference,0.46093750,2.49992294,-0.31385878,0.6470276681606862,-0.08123262973664214,0.08123262973664214
paper_uvlm,Authors' UVLM reference,author_reference,0.46875000,2.24783689,-0.21165682,0.5817829974160199,-0.054780816041836114,0.054780816041836114
paper_uvlm,Authors' UVLM reference,author_reference,0.47656250,2.00396595,-0.13303238,0.5186645535969658,-0.03443131355931568,0.03443131355931568
paper_uvlm,Authors' UVLM reference,author_reference,0.48437500,1.71355831,-0.05530867,0.4435015255216892,-0.014314937155290435,0.014314937155290435
paper_uvlm,Authors' UVLM reference,author_reference,0.49218750,1.45376367,0.00786642,0.3762617248741361,0.0020359793127753714,-0.0020359793127753714
paper_uvlm,Authors' UVLM reference,author_reference,0.50000000,1.20963794,0.04128728,0.31307733655058023,0.010685934384480403,-0.010685934384480403
paper_uvlm,Authors' UVLM reference,author_reference,0.50781250,0.9747968,0.0598879,0.2522959769449929,0.015500129091195252,-0.015500129091195252
paper_uvlm,Authors' UVLM reference,author_reference,0.51562500,0.71435431,0.0652059,0.1848885003790701,0.016876528773050455,-0.016876528773050455
paper_uvlm,Authors' UVLM reference,author_reference,0.52343750,0.52623047,0.0652059,0.13619846774925068,0.016876528773050455,-0.016876528773050455
paper_uvlm,Authors' UVLM reference,author_reference,0.53125000,0.3514445,0.05278729,0.09096052989653285,0.013662355991349842,-0.013662355991349842
paper_uvlm,Authors' UVLM reference,author_reference,0.53906250,0.13657965,0.01371972,0.0353494145934365,0.0035509248294739557,-0.0035509248294739557
paper_uvlm,Authors' UVLM reference,author_reference,0.54687500,-0.08445676,-0.04259173,-0.021859017975652772,-0.011023550887864386,0.011023550887864386
paper_uvlm,Authors' UVLM reference,author_reference,0.55468750,-0.25488865,-0.08673752,-0.06597003700047062,-0.022449322100960796,0.022449322100960796
paper_uvlm,Authors' UVLM reference,author_reference,0.56250000,-0.42455833,-0.15521463,-0.10988378156092088,-0.04017250232254107,0.04017250232254107
paper_uvlm,Authors' UVLM reference,author_reference,0.57031250,-0.62028002,-0.24155633,-0.1605402824725725,-0.06251937866906938,0.06251937866906938
paper_uvlm,Authors' UVLM reference,author_reference,0.57812500,-0.76435423,-0.31675956,-0.19782943192867253,-0.08198340684629463,0.08198340684629463
paper_uvlm,Authors' UVLM reference,author_reference,0.58593750,-0.8956136,-0.40257861,-0.23180185673283096,-0.10419501141890011,0.10419501141890011
paper_uvlm,Authors' UVLM reference,author_reference,0.59375000,-1.06344476,-0.49988691,-0.27523975730247935,-0.12938025270544973,0.12938025270544973
paper_uvlm,Authors' UVLM reference,author_reference,0.60156250,-1.3180467,-0.64851004,-0.3411355882945286,-0.16784674929219753,0.16784674929219753
paper_uvlm,Authors' UVLM reference,author_reference,0.60937500,-1.50905019,-0.76517157,-0.39057092918757746,-0.1980409750869966,0.1980409750869966
paper_uvlm,Authors' UVLM reference,author_reference,0.61718750,-1.61734151,-0.87305437,-0.418598785222869,-0.22596309836598283,0.22596309836598283
paper_uvlm,Authors' UVLM reference,author_reference,0.62500000,-1.76092687,-1.00335517,-0.4557614109887707,-0.2596874269980774,0.2596874269980774
paper_uvlm,Authors' UVLM reference,author_reference,0.63281250,-1.93482291,-1.13604906,-0.5007690180086805,-0.29403113289881627,0.29403113289881627
paper_uvlm,Authors' UVLM reference,author_reference,0.64062500,-2.11375711,-1.27567832,-0.5470805967888639,-0.33016984464038784,0.33016984464038784
paper_uvlm,Authors' UVLM reference,author_reference,0.64843750,-2.26955254,-1.4124458,-0.5874034212128004,-0.365567873215066,0.365567873215066
paper_uvlm,Authors' UVLM reference,author_reference,0.65625000,-2.48012963,-1.57743732,-0.6419047825670681,-0.4082708208714794,0.4082708208714794
paper_uvlm,Authors' UVLM reference,author_reference,0.66406250,-2.66139733,-1.72128172,-0.6888203155889983,-0.44550049112282447,0.44550049112282447
paper_uvlm,Authors' UVLM reference,author_reference,0.67187500,-2.84708931,-1.88357029,-0.7368809365357947,-0.4875038638412781,0.4875038638412781
paper_uvlm,Authors' UVLM reference,author_reference,0.67968750,-3.05748667,-2.04955232,-0.7913357803430859,-0.5304631743500561,0.5304631743500561
paper_uvlm,Authors' UVLM reference,author_reference,0.68750000,-3.24148799,-2.20783878,-0.8389588262830893,-0.5714307247799143,0.5714307247799143
paper_uvlm,Authors' UVLM reference,author_reference,0.69531250,-3.41733449,-2.34614278,-0.8844712494977097,-0.6072264339937734,0.6072264339937734
paper_uvlm,Authors' UVLM reference,author_reference,0.70312500,-3.60472632,-2.49584085,-0.9329718239983237,-0.6459711455248637,0.6459711455248637
paper_uvlm,Authors' UVLM reference,author_reference,0.71093750,-3.8404216,-2.66439941,-0.9939742513030949,-0.6895973110679197,0.6895973110679197
paper_uvlm,Authors' UVLM reference,author_reference,0.71875000,-4.01780051,-2.79568808,-1.0398832914106209,-0.7235773192700996,0.7235773192700996
paper_uvlm,Authors' UVLM reference,author_reference,0.72656250,-4.20043103,-2.92617823,-1.0871515482035976,-0.7573506552883843,0.7573506552883843
paper_uvlm,Authors' UVLM reference,author_reference,0.73437500,-4.39079072,-3.05328742,-1.1364202613954095,-0.7902489344679392,0.7902489344679392
paper_uvlm,Authors' UVLM reference,author_reference,0.74218750,-4.58146034,-3.18060355,-1.1857691903738699,-0.8232007736606876,0.8232007736606876
paper_uvlm,Authors' UVLM reference,author_reference,0.75000000,-4.74678865,-3.2707391,-1.2285593056964836,-0.8465295706414782,0.8465295706414782
paper_uvlm,Authors' UVLM reference,author_reference,0.75781250,-4.8965349,-3.34561222,-1.267316487129167,-0.8659081600637245,0.8659081600637245
paper_uvlm,Authors' UVLM reference,author_reference,0.76562500,-5.0342203,-3.40765756,-1.3029520908817256,-0.8819666757155858,0.8819666757155858
paper_uvlm,Authors' UVLM reference,author_reference,0.77343750,-5.19872619,-3.45611148,-1.345529348245266,-0.8945074730214597,0.8945074730214597
paper_uvlm,Authors' UVLM reference,author_reference,0.78125000,-5.31747494,-3.48088775,-1.3762637863273839,-0.900920043564062,0.900920043564062
paper_uvlm,Authors' UVLM reference,author_reference,0.78906250,-5.42765451,-3.49444234,-1.40478035742459,-0.9044282296046181,0.9044282296046181
paper_uvlm,Authors' UVLM reference,author_reference,0.79687500,-5.52847508,-3.47231063,-1.430874641078682,-0.8987001215559322,0.8987001215559322
paper_uvlm,Authors' UVLM reference,author_reference,0.80468750,-5.59187593,-3.43599989,-1.44728398853437,-0.8893022105021663,0.8893022105021663
paper_uvlm,Authors' UVLM reference,author_reference,0.81250000,-5.641848,-3.38523275,-1.4602177119735666,-0.8761627078047803,0.8761627078047803
paper_uvlm,Authors' UVLM reference,author_reference,0.82031250,-5.67953881,-3.31038957,-1.469972811426907,-0.8567918674247442,0.8567918674247442
paper_uvlm,Authors' UVLM reference,author_reference,0.82812500,-5.68636551,-3.19595529,-1.4717396914021084,-0.8271740963481498,0.8271740963481498
paper_uvlm,Authors' UVLM reference,author_reference,0.83593750,-5.67598915,-3.09177153,-1.4690540918152684,-0.8002093550697595,0.8002093550697595
paper_uvlm,Authors' UVLM reference,author_reference,0.84375000,-5.64159128,-2.96411939,-1.4601512679483077,-0.7671705500896663,0.7671705500896663
paper_uvlm,Authors' UVLM reference,author_reference,0.85156250,-5.57798145,-2.80811559,-1.443687832488574,-0.7267937955413016,0.7267937955413016
paper_uvlm,Authors' UVLM reference,author_reference,0.85937500,-5.48651035,-2.64020168,-1.4200133697320967,-0.683334477695671,0.683334477695671
paper_uvlm,Authors' UVLM reference,author_reference,0.86718750,-5.38422117,-2.46651535,-1.3935389818401769,-0.6383811476177097,0.6383811476177097
paper_uvlm,Authors' UVLM reference,author_reference,0.87500000,-5.24421718,-2.28786206,-1.357303282837834,-0.592142273695486,0.592142273695486
paper_uvlm,Authors' UVLM reference,author_reference,0.88281250,-5.03324041,-2.05721727,-1.30269847668762,-0.5324470093898146,0.5324470093898146
paper_uvlm,Authors' UVLM reference,author_reference,0.89062500,-4.85413878,-1.87003993,-1.2563435638347151,-0.4840019489861847,0.4840019489861847
paper_uvlm,Authors' UVLM reference,author_reference,0.89843750,-4.66057892,-1.68300113,-1.2062465856993374,-0.43559274537306336,0.43559274537306336
paper_uvlm,Authors' UVLM reference,author_reference,0.90625000,-4.44436785,-1.48106865,-1.150287043021343,-0.38332877372427954,0.38332877372427954
paper_uvlm,Authors' UVLM reference,author_reference,0.91406250,-4.16842337,-1.25952836,-1.0788673562064315,-0.325989927414744,0.325989927414744
paper_uvlm,Authors' UVLM reference,author_reference,0.92187500,-3.91180491,-1.08794711,-1.012449611433552,-0.28158143213224707,0.28158143213224707
paper_uvlm,Authors' UVLM reference,author_reference,0.92968750,-3.66822856,-0.91932544,-0.9494074131169947,-0.23793893251925474,0.23793893251925474
paper_uvlm,Authors' UVLM reference,author_reference,0.93750000,-3.34678156,-0.72349645,-0.8662108075259247,-0.18725466032406363,0.18725466032406363
paper_uvlm,Authors' UVLM reference,author_reference,0.94531250,-3.07698114,-0.572797,-0.7963813204532657,-0.14825077257758856,0.14825077257758856
paper_uvlm,Authors' UVLM reference,author_reference,0.95312500,-2.79585654,-0.44397923,-0.7236209199264375,-0.11491028035395243,0.11491028035395243
paper_uvlm,Authors' UVLM reference,author_reference,0.96093750,-2.53853066,-0.32911954,-0.6570200813846718,-0.08518240506738088,0.08518240506738088
paper_uvlm,Authors' UVLM reference,author_reference,0.96875000,-2.22376602,-0.19984446,-0.575552997827833,-0.0517235523062289,0.0517235523062289
paper_uvlm,Authors' UVLM reference,author_reference,0.97656250,-1.98068712,-0.12070069,-0.5126395490452619,-0.031239637329015375,0.031239637329015375
paper_uvlm,Authors' UVLM reference,author_reference,0.98437500,-1.72155784,-0.04985711,-0.4455719562375582,-0.012903969601771339,0.012903969601771339
paper_uvlm,Authors' UVLM reference,author_reference,0.99218750,-1.432838,0.00634901,-0.37084576294660565,0.0016432447055463554,-0.0016432447055463554
6_state,6-State ULLT,author_model,0.00000000,-1.25334351,-0.29176213,-0.3243891704436417,-0.07551359588367752,0.07551359588367752
6_state,6-State ULLT,author_model,0.00781250,-0.9382646,-0.23531353,-0.24284074782549858,-0.060903623134303364,0.060903623134303364
6_state,6-State ULLT,author_model,0.01562500,-0.69876581,-0.21639862,-0.18085389969448945,-0.05600808418990325,0.05600808418990325
6_state,6-State ULLT,author_model,0.02343750,-0.47269043,-0.20660283,-0.12234128572169992,-0.053472747176078424,0.053472747176078424
6_state,6-State ULLT,author_model,0.03125000,-0.26134453,-0.20660283,-0.06764094169736709,-0.053472747176078424,0.053472747176078424
6_state,6-State ULLT,author_model,0.03906250,-0.01016254,-0.22280458,-0.002630258898616171,-0.057666068640068194,0.057666068640068194
6_state,6-State ULLT,author_model,0.04687500,0.17767397,-0.2476938,0.045985407254973916,-0.06410787279381475,0.06410787279381475
6_state,6-State ULLT,author_model,0.05468750,0.36431358,-0.28631139,0.0942912928934808,-0.07410284056177541,0.07410284056177541
6_state,6-State ULLT,author_model,0.06250000,0.57747349,-0.35316484,0.14946113725382007,-0.09140578665258452,0.09140578665258452
6_state,6-State ULLT,author_model,0.07031250,0.74300851,-0.41332659,0.19230475306124672,-0.10697679333928109,0.10697679333928109
6_state,6-State ULLT,author_model,0.07812500,0.90524039,-0.47611782,0.23429345332803347,-0.12322835952869386,0.12322835952869386
6_state,6-State ULLT,author_model,0.08593750,1.06664897,-0.55140407,0.27606906787498725,-0.14271387486304352,0.14271387486304352
6_state,6-State ULLT,author_model,0.09375000,1.25787635,-0.65959852,0.3255623557640442,-0.1707166590974359,0.1707166590974359
6_state,6-State ULLT,author_model,0.10156250,1.40870362,-0.74568498,0.36459932576086423,-0.1929974744708923,0.1929974744708923
6_state,6-State ULLT,author_model,0.10937500,1.55823805,-0.85319147,0.40330168414341394,-0.22082220155501595,0.22082220155501595
6_state,6-State ULLT,author_model,0.11718750,1.72893458,-0.96757656,0.44748119704032774,-0.2504272413227819,0.2504272413227819
6_state,6-State ULLT,author_model,0.12500000,1.89706818,-1.09383506,0.4909973748419769,-0.2831053457288585,0.2831053457288585
6_state,6-State ULLT,author_model,0.13281250,2.04662463,-1.20604797,0.5297054324198999,-0.31214818394323357,0.31214818394323357
6_state,6-State ULLT,author_model,0.14062500,2.20645536,-1.32795087,0.5710726693365387,-0.34369897611646166,0.34369897611646166
6_state,6-State ULLT,author_model,0.14843750,2.40361657,-1.49245676,0.6221017454399962,-0.386276233480002,0.386276233480002
6_state,6-State ULLT,author_model,0.15625000,2.57237248,-1.62401089,0.6657789889216031,-0.42032494778589485,0.42032494778589485
6_state,6-State ULLT,author_model,0.16406250,2.72882568,-1.75535487,0.7062720567488368,-0.4543192712694594,0.4543192712694594
6_state,6-State ULLT,author_model,0.17187500,2.91002627,-1.90210385,0.7531702204246502,-0.49230070214282834,0.49230070214282834
6_state,6-State ULLT,author_model,0.17968750,3.1206818,-2.07827643,0.8076918835448156,-0.5378975210716758,0.5378975210716758
6_state,6-State ULLT,author_model,0.18750000,3.29100936,-2.21372099,0.8517758999786579,-0.5729531527552069,0.5729531527552069
6_state,6-State ULLT,author_model,0.19531250,3.4667224,-2.36391962,0.897253781203519,-0.6118274187475137,0.6118274187475137
6_state,6-State ULLT,author_model,0.20312500,3.68819216,-2.55084352,0.9545743730058034,-0.6602068840523527,0.6602068840523527
6_state,6-State ULLT,author_model,0.21093750,3.86976081,-2.68862008,1.001567797619357,-0.695866081749063,0.695866081749063
6_state,6-State ULLT,author_model,0.21875000,4.04927747,-2.82778365,1.048030128140551,-0.7318842640495208,0.7318842640495208
6_state,6-State ULLT,author_model,0.22656250,4.22506358,-2.96154625,1.0935269212730376,-0.7665045724519511,0.7665045724519511
6_state,6-State ULLT,author_model,0.23437500,4.43350391,-3.12374866,1.147475248444492,-0.8084856453214787,0.8084856453214787
6_state,6-State ULLT,author_model,0.24218750,4.60260835,-3.25524703,1.1912426981278885,-0.8425199278774167,0.8425199278774167
6_state,6-State ULLT,author_model,0.25000000,4.771679,-3.36302356,1.235001402315751,-0.8704145464564799,0.8704145464564799
6_state,6-State ULLT,author_model,0.25781250,4.96851568,-3.49374963,1.2859464838745016,-0.9042489430638851,0.9042489430638851
6_state,6-State ULLT,author_model,0.26562500,5.1194536,-3.57437901,1.3250120921986621,-0.9251173622026934,0.9251173622026934
6_state,6-State ULLT,author_model,0.27343750,5.26161678,-3.65162316,1.3618066306949999,-0.9451096193454493,0.9451096193454493
6_state,6-State ULLT,author_model,0.28125000,5.39248535,-3.70772729,1.3956779090163325,-0.9596304366983569,0.9596304366983569
6_state,6-State ULLT,author_model,0.28906250,5.52738951,-3.76246988,1.43059367488789,-0.9737988615685957,0.9737988615685957
6_state,6-State ULLT,author_model,0.29687500,5.62129547,-3.78135901,1.4548983257845254,-0.9786877281580132,0.9786877281580132
6_state,6-State ULLT,author_model,0.30468750,5.71233477,-3.78329319,1.4784610304773274,-0.9791883307786696,0.9791883307786696
6_state,6-State ULLT,author_model,0.31250000,5.79101895,-3.76236012,1.4988259948096023,-0.9737704535902053,0.9737704535902053
6_state,6-State ULLT,author_model,0.32031250,5.83308593,-3.72044096,1.5097137304035493,-0.9629209766275055,0.9629209766275055
6_state,6-State ULLT,author_model,0.32812500,5.85197524,-3.65771616,1.5146026435803945,-0.946686603787259,0.946686603787259
6_state,6-State ULLT,author_model,0.33593750,5.85995418,-3.58253045,1.5166677452121249,-0.9272271101197039,0.9272271101197039
6_state,6-State ULLT,author_model,0.34375000,5.81980063,-3.46265576,1.5062752417436485,-0.8962012573219432,0.8962012573219432
6_state,6-State ULLT,author_model,0.35156250,5.7718196,-3.33946087,1.493856837376013,-0.8643160735306331,0.8643160735306331
6_state,6-State ULLT,author_model,0.35937500,5.70070379,-3.20808306,1.475450711340121,-0.8303129941987727,0.8303129941987727
6_state,6-State ULLT,author_model,0.36718750,5.60672299,-3.05792981,1.45112669042615,-0.7914504734147327,0.7914504734147327
6_state,6-State ULLT,author_model,0.37500000,5.4617,-2.85606377,1.4135919786364377,-0.7392036977033054,0.7392036977033054
6_state,6-State ULLT,author_model,0.38281250,5.3071138,-2.67273416,1.3735821259664103,-0.6917545031040879,0.6917545031040879
6_state,6-State ULLT,author_model,0.39062500,5.13763799,-2.49420452,1.329718558654234,-0.645547632156791,0.645547632156791
6_state,6-State ULLT,author_model,0.39843750,4.95610222,-2.30741618,1.2827336440108832,-0.5972032523617061,0.5972032523617061
6_state,6-State ULLT,author_model,0.40625000,4.69001664,-2.05736284,1.2138656282797327,-0.5324846856782102,0.5324846856782102
6_state,6-State ULLT,author_model,0.41406250,4.45197487,-1.8695362,1.152255884673819,-0.4838715740685952,0.4838715740685952
6_state,6-State ULLT,author_model,0.42187500,4.20477453,-1.66698035,1.0882757287260003,-0.43144626239166584,0.43144626239166584
6_state,6-State ULLT,author_model,0.42968750,3.89182564,-1.45420569,1.0072785958503065,-0.3763761280684523,0.3763761280684523
6_state,6-State ULLT,author_model,0.43750000,3.61141273,-1.26092045,0.9347023942496876,-0.32635022681924075,0.32635022681924075
6_state,6-State ULLT,author_model,0.44531250,3.32877256,-1.0980748,0.8615497353426734,-0.28420267118714143,0.28420267118714143
6_state,6-State ULLT,author_model,0.45312500,3.03663938,-0.94807972,0.7859401046523106,-0.24538108781146523,0.24538108781146523
6_state,6-State ULLT,author_model,0.46093750,2.67978644,-0.76553101,0.6935797674794835,-0.19813400500456826,0.19813400500456826
6_state,6-State ULLT,author_model,0.46875000,2.39864886,-0.6447582,0.62081600748145,-0.16687570164602009,0.16687570164602009
6_state,6-State ULLT,author_model,0.47656250,2.1181844,-0.53304065,0.5482264637590558,-0.13796107203382696,0.13796107203382696
6_state,6-State ULLT,author_model,0.48437500,1.79883586,-0.42659114,0.4655729795813717,-0.11040991150399573,0.11040991150399573
6_state,6-State ULLT,author_model,0.49218750,1.49706096,-0.34988486,0.387467888127463,-0.09055686536102917,0.09055686536102917
6_state,6-State ULLT,author_model,0.50000000,1.23396777,-0.28335194,0.31937435991868696,-0.07333687853874676,0.07333687853874676
6_state,6-State ULLT,author_model,0.50781250,0.98027122,-0.24592503,0.253712861101883,-0.06365008143140877,0.06365008143140877
6_state,6-State ULLT,author_model,0.51562500,0.69268609,-0.21690275,0.17928035236959874,-0.05613856263511078,0.05613856263511078
6_state,6-State ULLT,author_model,0.52343750,0.46659588,-0.20660283,0.12076390011037036,-0.053472747176078424,0.053472747176078424
6_state,6-State ULLT,author_model,0.53125000,0.25469177,-0.20660283,0.06591908070687083,-0.053472747176078424,0.053472747176078424
6_state,6-State ULLT,author_model,0.53906250,0.03188455,-0.22494417,0.008252328784523578,-0.05821983528077909,0.05821983528077909
6_state,6-State ULLT,author_model,0.54687500,-0.19883536,-0.25937348,-0.051462378007815945,-0.06713079641851775,0.06713079641851775
6_state,6-State ULLT,author_model,0.55468750,-0.37184242,-0.29658744,-0.09623990007301046,-0.07676247801020115,0.07676247801020115
6_state,6-State ULLT,author_model,0.56250000,-0.55348389,-0.34108082,-0.14325217188942863,-0.08827821213518476,0.08827821213518476
6_state,6-State ULLT,author_model,0.57031250,-0.75064511,-0.41344143,-0.19428125058107665,-0.10700651611842067,0.10700651611842067
6_state,6-State ULLT,author_model,0.57812500,-0.91361108,-0.48846875,-0.23645994732068268,-0.12642501543742193,0.12642501543742193
6_state,6-State ULLT,author_model,0.58593750,-1.07437807,-0.56341667,-0.2780695061564892,-0.14582296452424204,0.14582296452424204
6_state,6-State ULLT,author_model,0.59375000,-1.23175427,-0.64141841,-0.3188014639623525,-0.16601130038737713,0.16601130038737713
6_state,6-State ULLT,author_model,0.60156250,-1.41684433,-0.75708613,-0.36670629654952075,-0.19594830922696288,0.19594830922696288
6_state,6-State ULLT,author_model,0.60937500,-1.56639359,-0.8507056,-0.40541249321850936,-0.22017881105536696,0.22017881105536696
6_state,6-State ULLT,author_model,0.61718750,-1.71669813,-0.96360535,-0.444314170735883,-0.2493994165426803,0.2493994165426803
6_state,6-State ULLT,author_model,0.62500000,-1.90331037,-1.10369001,-0.49261297249712543,-0.28565599447739154,0.28565599447739154
6_state,6-State ULLT,author_model,0.63281250,-2.05555851,-1.21765186,-0.5320176907105604,-0.3151514916725082,0.3151514916725082
6_state,6-State ULLT,author_model,0.64062500,-2.21409194,-1.33872531,-0.5730491616799877,-0.34648760638877607,0.34648760638877607
6_state,6-State ULLT,author_model,0.64843750,-2.36951774,-1.46960376,-0.613276318820283,-0.38036144184227405,0.38036144184227405
6_state,6-State ULLT,author_model,0.65625000,-2.58027777,-1.63459528,-0.6678250285306616,-0.4230643894986875,0.4230643894986875
6_state,6-State ULLT,author_model,0.66406250,-2.73702463,-1.7660859,-0.7083941011586802,-0.45709666620702594,0.45709666620702594
6_state,6-State ULLT,author_model,0.67187500,-2.90674344,-1.90045874,-0.7523205614988163,-0.4918749163435397,0.4918749163435397
6_state,6-State ULLT,author_model,0.67968750,-3.11857595,-2.07803803,-0.8071468494586864,-0.5378358186113233,0.5378358186113233
6_state,6-State ULLT,author_model,0.68750000,-3.29864595,-2.22399131,-0.8537523949102974,-0.5756113071705042,0.5756113071705042
6_state,6-State ULLT,author_model,0.69531250,-3.47449245,-2.37451616,-0.8992648181249178,-0.6145700051117045,0.6145700051117045
6_state,6-State ULLT,author_model,0.70312500,-3.6513683,-2.51369825,-0.9450436567236145,-0.6505929807408775,0.6505929807408775
6_state,6-State ULLT,author_model,0.71093750,-3.87760576,-2.69868262,-1.0035982200872342,-0.6984704587431688,0.6984704587431688
6_state,6-State ULLT,author_model,0.71875000,-4.0568063,-2.83857292,-1.0499787327318904,-0.7346767326082739,0.7346767326082739
6_state,6-State ULLT,author_model,0.72656250,-4.22921562,-2.96959719,-1.0946015483010652,-0.7685883090549288,0.7685883090549288
6_state,6-State ULLT,author_model,0.73437500,-4.42671844,-3.11758852,-1.1457190395785204,-0.8068912837689809,0.8068912837689809
6_state,6-State ULLT,author_model,0.74218750,-4.61056549,-3.25215381,-1.1933021575044356,-0.8417193436307246,0.8417193436307246
6_state,6-State ULLT,author_model,0.75000000,-4.77935979,-3.36466594,-1.236989337049184,-0.8708396256797754,0.8708396256797754
6_state,6-State ULLT,author_model,0.75781250,-4.93954795,-3.46858655,-1.2784490836571138,-0.8977362587264468,0.8977362587264468
6_state,6-State ULLT,author_model,0.76562500,-5.09023662,-3.56279994,-1.3174501813342827,-0.9221204783621182,0.9221204783621182
6_state,6-State ULLT,author_model,0.77343750,-5.26415289,-3.6500663,-1.362463024263475,-0.944706674326891,0.944706674326891
6_state,6-State ULLT,author_model,0.78125000,-5.38902519,-3.70619994,-1.3947823537092303,-0.9592351294298196,0.9592351294298196
6_state,6-State ULLT,author_model,0.78906250,-5.5015191,-3.75715844,-1.4238979200752795,-0.9724241597396764,0.9724241597396764
6_state,6-State ULLT,author_model,0.79687500,-5.62480688,-3.77959572,-1.455807145567689,-0.9782313551239744,0.9782313551239744
6_state,6-State ULLT,author_model,0.80468750,-5.70821521,-3.78132604,-1.4773948098918848,-0.9786791948940962,0.9786791948940962
6_state,6-State ULLT,author_model,0.81250000,-5.7773068,-3.76237507,-1.4952770292402997,-0.9737743229349296,0.9737743229349296
6_state,6-State ULLT,author_model,0.82031250,-5.82263932,-3.72188546,-1.5070099487787907,-0.9632948407381562,0.9632948407381562
6_state,6-State ULLT,author_model,0.82812500,-5.84934644,-3.65127925,-1.5139222600746292,-0.945020608887648,0.945020608887648
6_state,6-State ULLT,author_model,0.83593750,-5.84746304,-3.57421509,-1.513434800285083,-0.9250749365848202,0.9250749365848202
6_state,6-State ULLT,author_model,0.84375000,-5.82839088,-3.47950519,-1.5084985620458404,-0.9005622107050649,0.9005622107050649
6_state,6-State ULLT,author_model,0.85156250,-5.77845365,-3.34501874,-1.4955738558621756,-0.865754556136837,0.865754556136837
6_state,6-State ULLT,author_model,0.85937500,-5.68718003,-3.19804759,-1.4719505046907253,-0.8277156234362177,0.8277156234362177
6_state,6-State ULLT,author_model,0.86718750,-5.58883106,-3.04326882,-1.4464959181885089,-0.7876559299826751,0.7876559299826751
6_state,6-State ULLT,author_model,0.87500000,-5.46742968,-2.8746564,-1.4150749289427806,-0.7440158244458499,0.7440158244458499
6_state,6-State ULLT,author_model,0.88281250,-5.29474693,-2.6584039,-1.3703813444821031,-0.6880455588948171,0.6880455588948171
6_state,6-State ULLT,author_model,0.89062500,-5.11793927,-2.47099102,-1.3246201547540921,-0.6395395362533037,0.6395395362533037
6_state,6-State ULLT,author_model,0.89843750,-4.9307248,-2.28377655,-1.2761654843993175,-0.5910848658985292,0.5910848658985292
6_state,6-State ULLT,author_model,0.90625000,-4.70598954,-2.07763883,-1.2179997190052507,-0.5377324980485184,0.5377324980485184
6_state,6-State ULLT,author_model,0.91406250,-4.4281378,-1.8459115,-1.146086396978377,-0.4777570517737617,0.4777570517737617
6_state,6-State ULLT,author_model,0.92187500,-4.18143846,-1.65769879,-1.0822359093721547,-0.42904401789540403,0.42904401789540403
6_state,6-State ULLT,author_model,0.92968750,-3.91937522,-1.47062477,-1.0144089518388821,-0.38062569867551416,0.38062569867551416
6_state,6-State ULLT,author_model,0.93750000,-3.57427209,-1.25116908,-0.925089689270391,-0.32382638654739937,0.32382638654739937
6_state,6-State ULLT,author_model,0.94531250,-3.29163192,-1.08169327,-0.8519370303633769,-0.27996281923522315,0.27996281923522315
6_state,6-State ULLT,author_model,0.95312500,-3.01050731,-0.92369448,-0.7791766272483583,-0.23906972328006942,0.23906972328006942
6_state,6-State ULLT,author_model,0.96093750,-2.72232313,-0.78578722,-0.7045890729671054,-0.20337669793416438,0.20337669793416438
6_state,6-State ULLT,author_model,0.96875000,-2.36149339,-0.63357656,-0.6111994642157146,-0.16398168025853993,0.16398168025853993
6_state,6-State ULLT,author_model,0.97656250,-2.0810423,-0.52123799,-0.5386133809039535,-0.13490631884295726,0.13490631884295726
6_state,6-State ULLT,author_model,0.98437500,-1.80295199,-0.43156331,-0.4666383124174895,-0.11169680379548313,0.11169680379548313
6_state,6-State ULLT,author_model,0.99218750,-1.47732721,-0.33873352,-0.3823604177961711,-0.08767068619061562,0.08767068619061562
1_state,1-State ULLT,author_model,0.00000000,-1.24391999,-0.2823386,-0.32195018399573716,-0.07307460684758256,0.07307460684758256
1_state,1-State ULLT,author_model,0.00781250,-0.9382646,-0.23531353,-0.24284074782549858,-0.060903623134303364,0.060903623134303364
1_state,1-State ULLT,author_model,0.01562500,-0.7131581,-0.21639862,-0.184578898449128,-0.05600808418990325,0.05600808418990325
1_state,1-State ULLT,author_model,0.02343750,-0.48708273,-0.20660283,-0.12606628706452894,-0.053472747176078424,0.053472747176078424
1_state,1-State ULLT,author_model,0.03125000,-0.27573682,-0.20660283,-0.07136594045200564,-0.053472747176078424,0.053472747176078424
1_state,1-State ULLT,author_model,0.03906250,-0.03072884,-0.22880219,-0.007953209025908143,-0.05921836433316552,0.05921836433316552
1_state,1-State ULLT,author_model,0.04687500,0.15056409,-0.2476938,0.03896885400053,-0.06410787279381475,0.06410787279381475
1_state,1-State ULLT,author_model,0.05468750,0.33319462,-0.28631139,0.08623711338169726,-0.07410284056177541,0.07410284056177541
1_state,1-State ULLT,author_model,0.06250000,0.53439776,-0.34262285,0.13831231794812607,-0.08867731886730419,0.08867731886730419
1_state,1-State ULLT,author_model,0.07031250,0.69806702,-0.41332659,0.18067303953396224,-0.10697679333928109,0.10697679333928109
1_state,1-State ULLT,author_model,0.07812500,0.84808243,-0.47611782,0.2194998847008254,-0.12322835952869386,0.12322835952869386
1_state,1-State ULLT,author_model,0.08593750,0.99833622,-0.55140407,0.25838842715166005,-0.14271387486304352,0.14271387486304352
1_state,1-State ULLT,author_model,0.09375000,1.18632609,-0.64544525,0.3070437857940071,-0.16705352327095777,0.16705352327095777
1_state,1-State ULLT,author_model,0.10156250,1.33715336,-0.73129269,0.34608075579082714,-0.18927247571625372,0.18927247571625372
1_state,1-State ULLT,author_model,0.10937500,1.48609229,-0.8248181,0.38462898743201834,-0.21347863302527545,0.21347863302527545
1_state,1-State ULLT,author_model,0.11718750,1.64318371,-0.93920318,0.42528723875021734,-0.24308367020485092,0.24308367020485092
1_state,1-State ULLT,author_model,0.12500000,1.81112686,-1.05065818,0.46875412446472675,-0.2719303468767524,0.2719303468767524
1_state,1-State ULLT,author_model,0.13281250,1.96096577,-1.16299863,0.5075352880701294,-0.3010061948721398,0.3010061948721398
1_state,1-State ULLT,author_model,0.14062500,2.11149061,-1.2851852,0.546493983423139,-0.3326304062438921,0.3326304062438921
1_state,1-State ULLT,author_model,0.14843750,2.30369294,-1.4352988,0.5962396069402186,-0.3714826648527939,0.3714826648527939
1_state,1-State ULLT,author_model,0.15625000,2.4640769,-1.56661373,0.6377500303171795,-0.40546946964309827,0.40546946964309827
1_state,1-State ULLT,author_model,0.16406250,2.62701468,-1.69815348,0.679921430947904,-0.43951446213112255,0.43951446213112255
1_state,1-State ULLT,author_model,0.17187500,2.80982043,-1.84043063,0.7272350406021542,-0.4763384982340306,0.4763384982340306
1_state,1-State ULLT,author_model,0.17968750,3.0084552,-1.99477472,0.7786455020977131,-0.5162856882250482,0.5162856882250482
1_state,1-State ULLT,author_model,0.18750000,3.17669344,-2.13990637,0.8221887627242418,-0.5538485232922014,0.5538485232922014
1_state,1-State ULLT,author_model,0.19531250,3.35240647,-2.27819331,0.8676666413609123,-0.5896398170531509,0.5896398170531509
1_state,1-State ULLT,author_model,0.20312500,3.57211504,-2.45226988,0.9245314036491526,-0.6346941486752731,0.6346941486752731
1_state,1-State ULLT,author_model,0.21093750,3.74731227,-2.59641785,0.9698757834223594,-0.6720023886241399,0.6720023886241399
1_state,1-State ULLT,author_model,0.21875000,3.92422138,-2.72775567,1.0156632303424962,-0.7059951177823867,0.7059951177823867
1_state,1-State ULLT,author_model,0.22656250,4.11033645,-2.86121141,1.063833355039085,-0.7405360049726369,0.7405360049726369
1_state,1-State ULLT,author_model,0.23437500,4.31877678,-3.02370163,1.1177816822105393,-0.7825915685515356,0.7825915685515356
1_state,1-State ULLT,author_model,0.24218750,4.48829242,-3.14052557,1.1616555582852819,-0.8128278291474497,0.8128278291474497
1_state,1-State ULLT,author_model,0.25000000,4.65265132,-3.24870763,1.2041947718373827,-0.8408274066138733,0.8408274066138733
1_state,1-State ULLT,author_model,0.25781250,4.85324479,-3.3794337,1.2561121821965837,-0.8746618032212785,0.8746618032212785
1_state,1-State ULLT,author_model,0.26562500,5.00108876,-3.45601417,1.2943770173361495,-0.8944822873401808,0.8944822873401808
1_state,1-State ULLT,author_model,0.27343750,5.13290856,-3.53127659,1.3284944920977546,-0.9139616350166857,0.9139616350166857
1_state,1-State ULLT,author_model,0.28125000,5.26377713,-3.59337275,1.3623657704190872,-0.930033303852419,0.930033303852419
1_state,1-State ULLT,author_model,0.28906250,5.40664256,-3.64172293,1.3993420645898482,-0.9425472512705539,0.9425472512705539
1_state,1-State ULLT,author_model,0.29687500,5.50697955,-3.66704309,1.4253111885301093,-0.949100590903597,0.949100590903597
1_state,1-State ULLT,author_model,0.30468750,5.59801885,-3.66649116,1.4488738932229113,-0.9489577409080336,0.9489577409080336
1_state,1-State ULLT,author_model,0.31250000,5.67640398,-3.64411844,1.4691614577197483,-0.9431672548812876,0.9431672548812876
1_state,1-State ULLT,author_model,0.32031250,5.72063159,-3.60607028,1.480608405507115,-0.9333196664421796,0.9333196664421796
1_state,1-State ULLT,author_model,0.32812500,5.7516404,-3.54317226,1.4886340761010806,-0.9170404609669404,0.9170404609669404
1_state,1-State ULLT,author_model,0.33593750,5.75961934,-3.46821453,1.490699177732811,-0.8976399728652877,0.8976399728652877
1_state,1-State ULLT,author_model,0.34375000,5.73385809,-3.34833983,1.4840316756071634,-0.8666141174793366,0.8666141174793366
1_state,1-State ULLT,author_model,0.35156250,5.68587704,-3.23517547,1.4716132660631471,-0.8373250258844988,0.8373250258844988
1_state,1-State ULLT,author_model,0.35937500,5.61476124,-3.10814932,1.4532071426154454,-0.8044482390384491,0.8044482390384491
1_state,1-State ULLT,author_model,0.36718750,5.52078044,-2.95759497,1.4288831217014744,-0.7654819059354185,0.7654819059354185
1_state,1-State ULLT,author_model,0.37500000,5.37575745,-2.75613083,1.391348409911762,-0.713339149598218,0.713339149598218
1_state,1-State ULLT,author_model,0.38281250,5.23556355,-2.58691173,1.3550635585845636,-0.66954202372311,0.66954202372311
1_state,1-State ULLT,author_model,0.39062500,5.06608774,-2.40867318,1.3111999912723875,-0.623410492411652,0.623410492411652
1_state,1-State ULLT,author_model,0.39843750,4.88455197,-2.22150785,1.2642150766290365,-0.5749685404247539,0.5749685404247539
1_state,1-State ULLT,author_model,0.40625000,4.62658133,-1.98581259,1.1974473619197503,-0.5139661182963635,0.5139661182963635
1_state,1-State ULLT,author_model,0.41406250,4.39481691,-1.79798595,1.1374623160466109,-0.46535300668674856,0.46535300668674856
1_state,1-State ULLT,author_model,0.42187500,4.15036974,-1.61257555,1.0741947329291974,-0.41736526400667223,0.41736526400667223
1_state,1-State ULLT,author_model,0.42968750,3.84905997,-1.40058795,0.9962100259777371,-0.3624988358010971,0.3624988358010971
1_state,1-State ULLT,author_model,0.43750000,3.56823585,-1.21815478,0.9235273953975814,-0.31528165694667126,0.31528165694667126
1_state,1-State ULLT,author_model,0.44531250,3.28578512,-1.0551197,0.8504237671704715,-0.2730850732228582,0.2730850732228582
1_state,1-State ULLT,author_model,0.45312500,3.00495599,-0.90521947,0.7777398399068999,-0.23428803883360994,0.23428803883360994
1_state,1-State ULLT,author_model,0.46093750,2.65141307,-0.73691793,0.686236198949743,-0.19072839496152624,0.19072839496152624
1_state,1-State ULLT,author_model,0.46875000,2.36997603,-0.61608537,0.6133949330004631,-0.15945462716503317,0.15945462716503317
1_state,1-State ULLT,author_model,0.47656250,2.08939982,-0.51864836,0.5407764662497787,-0.13423607327918843,0.13423607327918843
1_state,1-State ULLT,author_model,0.48437500,1.77757992,-0.41219884,0.4600715374878152,-0.10668491016116673,0.10668491016116673
1_state,1-State ULLT,author_model,0.49218750,1.48266867,-0.33549257,0.38374288937282447,-0.0868318666063906,0.0868318666063906
1_state,1-State ULLT,author_model,0.50000000,1.22403023,-0.27889718,0.31680233530521884,-0.07218390180938584,0.07218390180938584
1_state,1-State ULLT,author_model,0.50781250,0.98027122,-0.24045062,0.253712861101883,-0.062233199862709074,0.062233199862709074
1_state,1-State ULLT,author_model,0.51562500,0.69268609,-0.20660283,0.17928035236959874,-0.053472747176078424,0.053472747176078424
1_state,1-State ULLT,author_model,0.52343750,0.47470548,-0.20660283,0.12286281903853376,-0.053472747176078424,0.053472747176078424
1_state,1-State ULLT,author_model,0.53125000,0.2690381,-0.20660283,0.06963218413819648,-0.053472747176078424,0.053472747176078424
1_state,1-State ULLT,author_model,0.53906250,0.0506371,-0.22494417,0.013105845868760853,-0.05821983528077909,0.05821983528077909
1_state,1-State ULLT,author_model,0.54687500,-0.17039931,-0.25937348,-0.04410258670032841,-0.06713079641851775,0.06713079641851775
1_state,1-State ULLT,author_model,0.55468750,-0.3408312,-0.29658744,-0.08821360572514626,-0.07676247801020115,0.07676247801020115
1_state,1-State ULLT,author_model,0.56250000,-0.51030701,-0.34108082,-0.1320771730373225,-0.08827821213518476,0.08827821213518476
1_state,1-State ULLT,author_model,0.57031250,-0.70787944,-0.41178456,-0.18321268070850713,-0.10657768660716166,0.10657768660716166
1_state,1-State ULLT,author_model,0.57812500,-0.87066952,-0.47407646,-0.2253458537662701,-0.12270001668278337,0.12270001668278337
1_state,1-State ULLT,author_model,0.58593750,-1.02056536,-0.54932826,-0.2641417519399103,-0.14217661570102924,0.14217661570102924
1_state,1-State ULLT,author_model,0.59375000,-1.16020402,-0.62743732,-0.30028289658050583,-0.16239272802408472,0.16239272802408472
1_state,1-State ULLT,author_model,0.60156250,-1.34529407,-0.74310504,-0.3481877265794837,-0.19232973686367047,0.19232973686367047
1_state,1-State ULLT,author_model,0.60937500,-1.49475195,-0.83663045,-0.3868702723641308,-0.21653589417269223,0.21653589417269223
1_state,1-State ULLT,author_model,0.61718750,-1.63103512,-0.93062354,-0.4221429522870753,-0.2408630959727275,0.2408630959727275
1_state,1-State ULLT,author_model,0.62500000,-1.81736783,-1.06053362,-0.47036940636064023,-0.27448629882751957,0.27448629882751957
1_state,1-State ULLT,author_model,0.63281250,-1.96991162,-1.17488619,-0.5098506444247597,-0.3040829217999388,0.3040829217999388
1_state,1-State ULLT,author_model,0.64062500,-2.11964614,-1.29571669,-0.548604789910044,-0.33535615642919886,0.33535615642919886
1_state,1-State ULLT,author_model,0.64843750,-2.28249008,-1.41385899,-0.5907519029615762,-0.3659336337014144,0.3659336337014144
1_state,1-State ULLT,author_model,0.65625000,-2.48012963,-1.57743732,-0.6419047825670681,-0.4082708208714794,0.4082708208714794
1_state,1-State ULLT,author_model,0.66406250,-2.63668978,-1.70892794,-0.6824255310911755,-0.44230309757981784,0.44230309757981784
1_state,1-State ULLT,author_model,0.67187500,-2.80398375,-1.84046473,-0.7257243966579853,-0.4763473239634687,0.4763473239634687
1_state,1-State ULLT,author_model,0.67968750,-3.00426003,-2.00648777,-0.7775597122042703,-0.5193172486412863,0.5193172486412863
1_state,1-State ULLT,author_model,0.68750000,-3.18614203,-2.15062905,-0.824634237765607,-0.5566237570907413,0.5566237570907413
1_state,1-State ULLT,author_model,0.69531250,-3.36819813,-2.28875563,-0.871753823722696,-0.5923735466296183,0.5923735466296183
1_state,1-State ULLT,author_model,0.70312500,-3.53674308,-2.42785762,-0.9153764667385481,-0.6283757908532787,0.6283757908532787
1_state,1-State ULLT,author_model,0.71093750,-3.76312567,-2.60724144,-0.9739685925101835,-0.6748037398525212,0.6748037398525212
1_state,1-State ULLT,author_model,0.71875000,-3.94207917,-2.73853011,-1.0202851664979375,-0.7087837480547011,0.7087837480547011
1_state,1-State ULLT,author_model,0.72656250,-4.11448848,-2.86926948,-1.064907979478922,-0.7426215869554061,0.7426215869554061
1_state,1-State ULLT,author_model,0.73437500,-4.30505226,-3.0174608,-1.1142295150496488,-0.7809763228902883,0.7809763228902883
1_state,1-State ULLT,author_model,0.74218750,-4.49592901,-3.15181897,-1.1636320532169215,-0.8157507761514105,0.8157507761514105
1_state,1-State ULLT,author_model,0.75000000,-4.66504386,-3.26054456,-1.2074021972065774,-0.8438910295334187,0.8438910295334187
1_state,1-State ULLT,author_model,0.75781250,-4.82498464,-3.35427062,-1.24879791715913,-0.8681491188838402,0.8681491188838402
1_state,1-State ULLT,author_model,0.76562500,-4.97588712,-3.44848401,-1.2878543529363322,-0.8925333385195116,0.8925333385195116
1_state,1-State ULLT,author_model,0.77343750,-5.14156823,-3.53551927,-1.3307357796180577,-0.9150597214029612,0.9150597214029612
1_state,1-State ULLT,author_model,0.78125000,-5.27248593,-3.59183072,-1.3646197737190762,-0.9296341971202995,0.9296341971202995
1_state,1-State ULLT,author_model,0.78906250,-5.38720317,-3.63110005,-1.3943107802326729,-0.9397978476127153,0.9397978476127153
1_state,1-State ULLT,author_model,0.79687500,-5.51049095,-3.66527979,-1.4262200057250825,-0.9486442152813678,0.9486442152813678
1_state,1-State ULLT,author_model,0.80468750,-5.60626822,-3.66701011,-1.4510089872890086,-0.9490920550514895,0.9490920550514895
1_state,1-State ULLT,author_model,0.81250000,-5.66276612,-3.64805914,-1.4656317198173063,-0.944187183092323,0.944187183092323
1_state,1-State ULLT,author_model,0.82031250,-5.71898865,-3.60756954,-1.4801831813451543,-0.93370770348374,0.93370770348374
1_state,1-State ULLT,author_model,0.82812500,-5.74942281,-3.54521362,-1.4880601215748517,-0.9175688038128509,0.9175688038128509
1_state,1-State ULLT,author_model,0.83593750,-5.74753941,-3.45989916,-1.4875726617853053,-0.8954877967422136,0.8954877967422136
1_state,1-State ULLT,author_model,0.84375000,-5.72805604,-3.3651739,-1.4825299945665265,-0.8709710954019255,0.8709710954019255
1_state,1-State ULLT,author_model,0.85156250,-5.67811881,-3.23798583,-1.4696052883828614,-0.8380524005760931,0.8380524005760931
1_state,1-State ULLT,author_model,0.85937500,-5.61530209,-3.09771743,-1.453347124895989,-0.8017482672300346,0.8017482672300346
1_state,1-State ULLT,author_model,0.86718750,-5.51728081,-2.94757228,-1.4279773508066622,-0.7628878428802599,0.7628878428802599
1_state,1-State ULLT,author_model,0.87500000,-5.39587942,-2.78871386,-1.3965563589727434,-0.7217722583093648,0.7217722583093648
1_state,1-State ULLT,author_model,0.88281250,-5.22319668,-2.57246135,-1.3518627771002565,-0.6658019901701414,0.6658019901701414
1_state,1-State ULLT,author_model,0.89062500,-5.05463279,-2.39329225,-1.3082352320516903,-0.6194296147962634,0.6194296147962634
1_state,1-State ULLT,author_model,0.89843750,-4.8608863,-2.2122263,-1.258089950517925,-0.5725662985166826,0.5725662985166826
1_state,1-State ULLT,author_model,0.90625000,-4.63864452,-2.01029382,-1.2005695452364407,-0.5203023268678987,0.5203023268678987
1_state,1-State ULLT,author_model,0.91406250,-4.37097984,-1.78875354,-1.131292828351169,-0.46296348314655367,0.46296348314655367
1_state,1-State ULLT,author_model,0.92187500,-4.12645568,-1.60054082,-1.068005318755473,-0.41425044668000555,0.41425044668000555
1_state,1-State ULLT,author_model,0.92968750,-3.87619835,-1.4199569,-1.0032339555749665,-0.3675118889447356,0.3675118889447356
1_state,1-State ULLT,author_model,0.93750000,-3.5454875,-1.20840341,-0.9176396891729235,-0.3127578166748299,0.3127578166748299
1_state,1-State ULLT,author_model,0.94531250,-3.26284733,-1.04503881,-0.8444870302659094,-0.2704759468992746,0.2704759468992746
1_state,1-State ULLT,author_model,0.95312500,-2.98172272,-0.89501915,-0.7717266271508908,-0.23164800175146977,0.23164800175146977
1_state,1-State ULLT,author_model,0.96093750,-2.69498661,-0.75738422,-0.6975138609642795,-0.1960254605961175,0.1960254605961175
1_state,1-State ULLT,author_model,0.96875000,-2.34722768,-0.60479197,-0.6075072267758052,-0.15653168016107236,0.15653168016107236
1_state,1-State ULLT,author_model,0.97656250,-2.06665001,-0.50683552,-0.534888382149315,-0.13117868531043955,0.13117868531043955
1_state,1-State ULLT,author_model,0.98437500,-1.78855969,-0.41717101,-0.4629133110746605,-0.10797180245265413,0.10797180245265413
1_state,1-State ULLT,author_model,0.99218750,-1.46332151,-0.32434123,-0.3787354758961788,-0.08394568743597705,0.08394568743597705
qs_added_mass,QS + added mass,author_model,0.00000000,-1.10960171,-0.23460416,-0.2871860550263241,-0.06072002466827899,0.06072002466827899
qs_added_mass,QS + added mass,author_model,0.00781250,-0.72411982,-0.17815557,-0.18741600035220918,-0.046110054507095294,0.046110054507095294
qs_added_mass,QS + added mass,author_model,0.01562500,-0.41415501,-0.14484837,-0.10719120421262493,-0.037489516808056615,0.037489516808056615
qs_added_mass,QS + added mass,author_model,0.02343750,-0.13151484,-0.13505258,-0.0340385453056108,-0.03495417979423179,0.03495417979423179
qs_added_mass,QS + added mass,author_model,0.03125000,0.14921833,-0.14797052,0.03862054568239283,-0.038297588689723445,0.038297588689723445
qs_added_mass,QS + added mass,author_model,0.03906250,0.48015067,-0.1942548,0.12427213791473556,-0.050276841842581146,0.050276841842581146
qs_added_mass,QS + added mass,author_model,0.04687500,0.73029625,-0.24439224,0.18901457806695177,-0.06325336618726607,0.06325336618726607
qs_added_mass,QS + added mass,author_model,0.05468750,0.97091293,-0.30311651,0.25129075742029056,-0.07845232567300868,0.07845232567300868
qs_added_mass,QS + added mass,author_model,0.06250000,1.23927957,-0.40365351,0.32074915492246253,-0.1044732160104808,0.1044732160104808
qs_added_mass,QS + added mass,author_model,0.07031250,1.47684378,-0.50573442,0.38223529690519725,-0.13089369965987718,0.13089369965987718
qs_added_mass,QS + added mass,author_model,0.07812500,1.68351969,-0.61816675,0.43572695857709176,-0.15999332794912866,0.15999332794912866
qs_added_mass,QS + added mass,author_model,0.08593750,1.89008493,-0.73088773,0.48918997674526477,-0.189167664355749,0.189167664355749
qs_added_mass,QS + added mass,author_model,0.09375000,2.14251318,-0.89818246,0.5545232153671651,-0.23246672662503304,0.23246672662503304
qs_added_mass,QS + added mass,author_model,0.10156250,2.33093996,-1.03836132,0.6032916546385079,-0.26874768531379295,0.26874768531379295
qs_added_mass,QS + added mass,author_model,0.10937500,2.51799077,-1.18500392,0.651703966668361,-0.3067015830171439,0.3067015830171439
qs_added_mass,QS + added mass,author_model,0.11718750,2.73139364,-1.36926019,0.7069366937038982,-0.35439061487269613,0.35439061487269613
qs_added_mass,QS + added mass,author_model,0.12500000,2.92723081,-1.55163725,0.7576230830388784,-0.4015932713905012,0.4015932713905012
qs_added_mass,QS + added mass,author_model,0.13281250,3.10982218,-1.72000669,0.8048812070662394,-0.4451704890757474,0.4451704890757474
qs_added_mass,QS + added mass,author_model,0.14062500,3.2883202,-1.88976618,0.8510798941553299,-0.48910747817463834,0.48910747817463834
qs_added_mass,QS + added mass,author_model,0.14843750,3.50524378,-2.11571197,0.9072238479911502,-0.547586551787373,0.547586551787373
qs_added_mass,QS + added mass,author_model,0.15625000,3.68237164,-2.29283983,0.9530679115774032,-0.5934306153736261,0.5934306153736261
qs_added_mass,QS + added mass,author_model,0.16406250,3.85735012,-2.46781831,0.9983556746844938,-0.6387183784807166,0.6387183784807166
qs_added_mass,QS + added mass,author_model,0.17187500,4.04043806,-2.6694026,1.0457423204850813,-0.6908922319261862,0.6908922319261862
qs_added_mass,QS + added mass,author_model,0.17968750,4.2510936,-2.87763221,1.1002639861934373,-0.7447860207484563,0.7447860207484563
qs_added_mass,QS + added mass,author_model,0.18750000,4.42142116,-3.06026272,1.1443480026272796,-0.7920542749532428,0.7920542749532428
qs_added_mass,QS + added mass,author_model,0.19531250,4.59031017,-3.23597576,1.1880596949237898,-0.8375321561781038,0.8375321561781038
qs_added_mass,QS + added mass,author_model,0.20312500,4.81684276,-3.45568433,1.2466906435521905,-0.8943969184663442,0.8943969184663442
qs_added_mass,QS + added mass,author_model,0.21093750,4.98578031,-3.62462188,1.2904148989251498,-0.9381211738393035,0.9381211738393035
qs_added_mass,QS + added mass,author_model,0.21875000,5.15455681,-3.78296507,1.3340974714908953,-0.9791034070735906,0.9791034070735906
qs_added_mass,QS + added mass,author_model,0.22656250,5.32553299,-3.93558996,1.3783493631337722,-1.018605635362268,1.018605635362268
qs_added_mass,QS + added mass,author_model,0.23437500,5.52073883,-4.12101009,1.4288723522410076,-1.066595896351653,1.066595896351653
qs_added_mass,QS + added mass,author_model,0.24218750,5.67525824,-4.25654507,1.4688649183870124,-1.1016749304532423,1.1016749304532423
qs_added_mass,QS + added mass,author_model,0.25000000,5.82582878,-4.3694389,1.5078354417703834,-1.1308940037318085,1.1308940037318085
qs_added_mass,QS + added mass,author_model,0.25781250,6.01258972,-4.5098455,1.5561727299236325,-1.1672339058699002,1.1672339058699002
qs_added_mass,QS + added mass,author_model,0.26562500,6.14548164,-4.58642597,1.590567689759873,-1.1870543899888024,1.1870543899888024
qs_added_mass,QS + added mass,author_model,0.27343750,6.26869386,-4.66168839,1.622457358885235,-1.2065337376653074,1.2065337376653074
qs_added_mass,QS + added mass,author_model,0.28125000,6.38110944,-4.71074367,1.6515526519554808,-1.2192301783921442,1.2192301783921442
qs_added_mass,QS + added mass,author_model,0.28906250,6.5003085,-4.74978116,1.6824036388417989,-1.2293338242771434,1.2293338242771434
qs_added_mass,QS + added mass,author_model,0.29687500,6.58175635,-4.75621218,1.7034838936044523,-1.2309982947325786,1.2309982947325786
qs_added_mass,QS + added mass,author_model,0.30468750,6.64000199,-4.75123997,1.7185589745306376,-1.2297113920883294,1.2297113920883294
qs_added_mass,QS + added mass,author_model,0.31250000,6.69631344,-4.70679357,1.7331334502479758,-1.2182078172820847,1.2182078172820847
qs_added_mass,QS + added mass,author_model,0.32031250,6.72006238,-4.6342309,1.7392801282209729,-1.1994272163225954,1.1994272163225954
qs_added_mass,QS + added mass,author_model,0.32812500,6.72612498,-4.55262681,1.7408492445638113,-1.178306523672335,1.178306523672335
qs_added_mass,QS + added mass,author_model,0.33593750,6.70756202,-4.43723218,1.7360447969823352,-1.1484401957257764,1.1484401957257764
qs_added_mass,QS + added mass,author_model,0.34375000,6.64385225,-4.27247985,1.7195554951472338,-1.105799154996761,1.105799154996761
qs_added_mass,QS + added mass,author_model,0.35156250,6.56688972,-4.12025489,1.6996361266239597,-1.0664004362087915,1.0664004362087915
qs_added_mass,QS + added mass,author_model,0.35937500,6.47265723,-3.95130958,1.675246963544527,-1.0226741724000423,1.0226741724000423
qs_added_mass,QS + added mass,author_model,0.36718750,6.34100707,-3.74930922,1.6411733948457328,-0.9703926321144769,0.9703926321144769
qs_added_mass,QS + added mass,author_model,0.37500000,6.14866789,-3.4865922,1.591392351942331,-0.902396463865897,0.902396463865897
qs_added_mass,QS + added mass,author_model,0.38281250,5.97115148,-3.26101752,1.5454477242161033,-0.8440134405889903,0.8440134405889903
qs_added_mass,QS + added mass,author_model,0.39062500,5.76406482,-3.03493916,1.491849752621433,-0.7855000553354464,0.7855000553354464
qs_added_mass,QS + added mass,author_model,0.39843750,5.54525784,-2.79709194,1.4352183389960667,-0.7239406649747573,0.7239406649747573
qs_added_mass,QS + added mass,author_model,0.40625000,5.21740423,-2.49092479,1.3503635807224523,-0.6446987755699971,0.6446987755699971
qs_added_mass,QS + added mass,author_model,0.41406250,4.94194162,-2.24696605,1.2790686110408043,-0.5815576074387829,0.5815576074387829
qs_added_mass,QS + added mass,author_model,0.42187500,4.65702177,-2.00215849,1.205325927533051,-0.5181967485257047,0.5181967485257047
qs_added_mass,QS + added mass,author_model,0.42968750,4.28857097,-1.7222428,1.1099638433097911,-0.44574923693069163,0.44574923693069163
qs_added_mass,QS + added mass,author_model,0.43750000,3.94861644,-1.48374905,1.0219771364769148,-0.3840225122927723,0.3840225122927723
qs_added_mass,QS + added mass,author_model,0.44531250,3.60947539,-1.26423993,0.9342009737608487,-0.32720937146307766,0.32720937146307766
qs_added_mass,QS + added mass,author_model,0.45312500,3.27220789,-1.06933231,0.8469097214667342,-0.27676356737147273,0.27676356737147273
qs_added_mass,QS + added mass,author_model,0.46093750,2.84222462,-0.8396397,0.7356218621152749,-0.21731474538416698,0.21731474538416698
qs_added_mass,QS + added mass,author_model,0.46875000,2.49602678,-0.68106655,0.6460192677499196,-0.1762729941222682,0.1762729941222682
qs_added_mass,QS + added mass,author_model,0.47656250,2.15943856,-0.54641558,0.5589038260567624,-0.14142275864474002,0.14142275864474002
qs_added_mass,QS + added mass,author_model,0.48437500,1.77624991,-0.41219884,0.4597273055696384,-0.10668491016116673,0.10668491016116673
qs_added_mass,QS + added mass,author_model,0.49218750,1.39696873,-0.30683015,0.3615621127366811,-0.07941348643166321,0.07941348643166321
qs_added_mass,QS + added mass,author_model,0.50000000,1.07750299,-0.23613151,0.2788782949669109,-0.06111533193681632,0.06111533193681632
qs_added_mass,QS + added mass,author_model,0.50781250,0.76774978,-0.17984919,0.1987082649372704,-0.04654839561826182,0.04654839561826182
qs_added_mass,QS + added mass,author_model,0.51562500,0.39522503,-0.1453525,0.1022917648652151,-0.03761999525326414,0.03761999525326414
qs_added_mass,QS + added mass,author_model,0.52343750,0.11258486,-0.13505258,0.029139105958200982,-0.03495417979423179,0.03495417979423179
qs_added_mass,QS + added mass,author_model,0.53125000,-0.16822202,-0.14747119,-0.04353906258161715,-0.03816835257593241,0.03816835257593241
qs_added_mass,QS + added mass,author_model,0.53906250,-0.45313883,-0.18653876,-0.11728095927947348,-0.04827978373780829,0.04827978373780829
qs_added_mass,QS + added mass,author_model,0.54687500,-0.75026414,-0.2428502,-0.19418264828946394,-0.06285425686695618,0.06285425686695618
qs_added_mass,QS + added mass,author_model,0.55468750,-0.99139977,-0.31536937,-0.2565931417862587,-0.08162359919798355,0.08162359919798355
qs_added_mass,QS + added mass,author_model,0.56250000,-1.21738091,-0.3974171,-0.31508136465223774,-0.102859114329413,0.102859114329413
qs_added_mass,QS + added mass,author_model,0.57031250,-1.49783477,-0.51667879,-0.3876681648927538,-0.13372631105252586,0.13372631105252586
qs_added_mass,QS + added mass,author_model,0.57812500,-1.70456474,-0.62948966,-0.4411738183222265,-0.16292391270311044,0.16292391270311044
qs_added_mass,QS + added mass,author_model,0.58593750,-1.91077204,-0.74218114,-0.49454419480139555,-0.19209061394790025,0.19209061394790025
qs_added_mass,QS + added mass,author_model,0.59375000,-2.10791401,-0.87403705,-0.5455682912264254,-0.22621743466522418,0.22621743466522418
qs_added_mass,QS + added mass,author_model,0.60156250,-2.35244988,-1.05921666,-0.6088588315931395,-0.27414544449788136,0.27414544449788136
qs_added_mass,QS + added mass,author_model,0.60937500,-2.53940664,-1.208645,-0.6572468016918007,-0.3128203447679362,0.3128203447679362
qs_added_mass,QS + added mass,author_model,0.61718750,-2.71309459,-1.35922639,-0.7022005510566149,-0.3517936763379464,0.3517936763379464
qs_added_mass,QS + added mass,author_model,0.62500000,-2.94634561,-1.55923438,-0.7625703573222039,-0.40355955332262095,0.40355955332262095
qs_added_mass,QS + added mass,author_model,0.63281250,-3.12239267,-1.73052036,-0.8081346892845102,-0.44789162710567043,0.44789162710567043
qs_added_mass,QS + added mass,author_model,0.64062500,-3.30132687,-1.9076096,-0.8544462680646936,-0.49372569510040154,0.49372569510040154
qs_added_mass,QS + added mass,author_model,0.64843750,-3.46969019,-2.08186196,-0.8980219017773838,-0.5388255245224622,0.5388255245224622
qs_added_mass,QS + added mass,author_model,0.65625000,-3.69607277,-2.30824453,-0.9566140249608287,-0.5974176451177168,0.5974176451177168
qs_added_mass,QS + added mass,author_model,0.66406250,-3.86533967,-2.48951225,-1.0004235223862927,-0.644333183316028,0.644333183316028
qs_added_mass,QS + added mass,author_model,0.67187500,-4.04905136,-2.66364797,-1.047971606566263,-0.6894028240846678,0.6894028240846678
qs_added_mass,QS + added mass,author_model,0.67968750,-4.24898775,-2.88560157,-1.0997189521073083,-0.7468486428937346,0.7468486428937346
qs_added_mass,QS + added mass,author_model,0.68750000,-4.43086976,-3.0718261,-1.1467934802568354,-0.7950470979230004,0.7950470979230004
qs_added_mass,QS + added mass,author_model,0.69531250,-4.61292585,-3.2538822,-1.1939130636257338,-0.8421666838800894,0.8421666838800894
qs_added_mass,QS + added mass,author_model,0.70312500,-4.7814708,-3.42242716,-1.237535706641586,-0.8857893294841319,0.8857893294841319
qs_added_mass,QS + added mass,author_model,0.71093750,-4.9934611,-3.63441745,-1.2924028336585829,-0.9406564539129384,0.9406564539129384
qs_added_mass,QS + added mass,author_model,0.71875000,-5.16248543,-3.79292853,-1.3361495493482762,-0.9816821402767077,0.9816821402767077
qs_added_mass,QS + added mass,author_model,0.72656250,-5.33084283,-3.95690848,-1.3797236508522193,-1.0241232743516668,1.0241232743516668
qs_added_mass,QS + added mass,author_model,0.73437500,-5.51405938,-4.11204294,-1.4271435833701975,-1.0642750271513621,1.0642750271513621
qs_added_mass,QS + added mass,author_model,0.74218750,-5.69747984,-4.26752707,-1.4746162916796626,-1.1045172812065582,1.1045172812065582
qs_added_mass,QS + added mass,author_model,0.75000000,-5.84421812,-4.38076181,-1.5125949531892489,-1.1338245884857905,1.1338245884857905
qs_added_mass,QS + added mass,author_model,0.75781250,-5.9840172,-4.48468242,-1.54877761758106,-1.160721221532462,1.160721221532462
qs_added_mass,QS + added mass,author_model,0.76562500,-6.12148879,-4.57851818,-1.5843578832335852,-1.1850077033321311,1.1850077033321311
qs_added_mass,QS + added mass,author_model,0.77343750,-6.27828368,-4.66593106,-1.62493938694034,-1.2076318214633925,1.2076318214633925
qs_added_mass,QS + added mass,author_model,0.78125000,-6.39037086,-4.7218846,-1.6539496838361742,-1.222113663256298,1.222113663256298
qs_added_mass,QS + added mass,author_model,0.78906250,-6.48618055,-4.74446972,-1.678747056313543,-1.2279591224482238,1.2279591224482238
qs_added_mass,QS + added mass,author_model,0.79687500,-6.58703105,-4.75621218,-1.7048490864216546,-1.2309982947325786,1.2309982947325786
qs_added_mass,QS + added mass,author_model,0.80468750,-6.65073746,-4.75227787,-1.7213375186247644,-1.2299800203752413,1.2299800203752413
qs_added_mass,QS + added mass,author_model,0.81250000,-6.69418371,-4.70803655,-1.7325822355630496,-1.2185295241787661,1.2185295241787661
qs_added_mass,QS + added mass,author_model,0.82031250,-6.71302911,-4.65203878,-1.7374597839956247,-1.2040362348194955,1.2040362348194955
qs_added_mass,QS + added mass,author_model,0.82812500,-6.72493541,-4.54101786,-1.7405413611923286,-1.1753019063186922,1.1753019063186922
qs_added_mass,QS + added mass,author_model,0.83593750,-6.69568975,-4.42645774,-1.7329720273977358,-1.145651565453462,1.145651565453462
qs_added_mass,QS + added mass,author_model,0.84375000,-6.65713422,-4.29425209,-1.722993121939714,-1.1114342253633038,1.1114342253633038
qs_added_mass,QS + added mass,author_model,0.85156250,-6.57200704,-4.12439356,-1.7009605864998438,-1.067471602826186,1.067471602826186
qs_added_mass,QS + added mass,author_model,0.85937500,-6.45959318,-3.92802275,-1.6718657385983553,-1.0166470972959776,1.0166470972959776
qs_added_mass,QS + added mass,author_model,0.86718750,-6.32835558,-3.73567624,-1.6378989482848088,-0.9668641572489751,0.9668641572489751
qs_added_mass,QS + added mass,author_model,0.87500000,-6.17953803,-3.5296068,-1.599382132099312,-0.9135294615633639,0.9135294615633639
qs_added_mass,QS + added mass,author_model,0.88281250,-5.94889324,-3.24792629,-1.5396868677936408,-0.8406251809411729,0.8406251809411729
qs_added_mass,QS + added mass,author_model,0.89062500,-5.74522833,-3.01251321,-1.48697451026655,-0.7796957923709295,0.7796957923709295
qs_added_mass,QS + added mass,author_model,0.89843750,-5.52053145,-2.77532243,-1.4288186783474341,-0.7183063011842075,0.7183063011842075
qs_added_mass,QS + added mass,author_model,0.90625000,-5.24131665,-2.51292216,-1.3565525704329429,-0.6503921138681639,0.6503921138681639
qs_added_mass,QS + added mass,author_model,0.91406250,-4.91919328,-2.22488338,-1.273180907404337,-0.5758421918760688,0.5758421918760688
qs_added_mass,QS + added mass,author_model,0.92187500,-4.63245988,-1.98035922,-1.1989688426173377,-0.5125546822803728,0.5125546822803728
qs_added_mass,QS + added mass,author_model,0.92968750,-4.31424153,-1.74346384,-1.116607873136238,-0.451241646239574,0.451241646239574
qs_added_mass,QS + added mass,author_model,0.93750000,-3.91301783,-1.46275914,-1.0127635382297377,-0.37858992382978446,0.37858992382978446
qs_added_mass,QS + added mass,author_model,0.94531250,-3.5800028,-1.25574823,-0.9265729061603505,-0.32501155777778057,0.32501155777778057
qs_added_mass,QS + added mass,author_model,0.95312500,-3.24034491,-1.06005075,-0.8386629754090136,-0.2743613228752109,0.2743613228752109
qs_added_mass,QS + added mass,author_model,0.96093750,-2.89213452,-0.86965606,-0.7485394947744372,-0.22508355101682048,0.22508355101682048
qs_added_mass,QS + added mass,author_model,0.96875000,-2.46474697,-0.67081106,-0.6379234571947314,-0.17361867799340974,0.17361867799340974
qs_added_mass,QS + added mass,author_model,0.97656250,-2.1238382,-0.53564016,-0.5496897748762564,-0.13863387472976144,0.13863387472976144
qs_added_mass,QS + added mass,author_model,0.98437500,-1.78475837,-0.41262261,-0.4619294570621314,-0.10679458990790983,0.10679458990790983
qs_added_mass,QS + added mass,author_model,0.99218750,-1.37993965,-0.29641842,-0.3571546625121067,-0.07671873241519794,0.07671873241519794
fluxv_uvpm,FluxV old (UVLM load channel),local_model,0.0,-4.939654911038751,-0.32910050175721256,-1.2784767672110267,-0.08517747760756221,0.08517747760756221
fluxv_uvpm,FluxV old (UVLM load channel),local_model,0.0078125,-4.587019884232691,-0.20536416538216748,-1.1872081063033804,-0.05315215718248873,0.05315215718248873
fluxv_uvpm,FluxV old (UVLM load channel),local_model,0.015625,-4.2343848574266305,-0.08162782900712237,-1.0959394453957338,-0.021126836757415255,0.021126836757415255
fluxv_uvpm,FluxV old (UVLM load channel),local_model,0.0234375,-3.8817498306205693,0.0421085073679227,-1.0046707844880873,0.010898483667658212,-0.010898483667658212
fluxv_uvpm,FluxV old (UVLM load channel),local_model,0.03125,-3.5291148038145086,0.16584484374296785,-0.9134021235804409,0.0429238040927317,-0.0429238040927317
fluxv_uvpm,FluxV old (UVLM load channel),local_model,0.0390625,-3.176479777008448,0.289581180118013,-0.8221334626727945,0.07494912451780518,-0.07494912451780518
fluxv_uvpm,FluxV old (UVLM load channel),local_model,0.046875,-2.864124246393088,0.3450615289216303,-0.7412899025064359,0.0893084954171122,-0.0893084954171122
fluxv_uvpm,FluxV old (UVLM load channel),local_model,0.0546875,-2.571908463873076,0.3664138839395367,-0.6656588927107205,0.09483489155353675,-0.09483489155353675
fluxv_uvpm,FluxV old (UVLM load channel),local_model,0.0625,-2.279692681353065,0.3877662389574431,-0.5900278829150053,0.1003612876899613,-0.1003612876899613
fluxv_uvpm,FluxV old (UVLM load channel),local_model,0.0703125,-1.987476898833053,0.40911859397534955,-0.5143968731192899,0.10588768382638587,-0.10588768382638587
fluxv_uvpm,FluxV old (UVLM load channel),local_model,0.078125,-1.6952611163130409,0.430470948993256,-0.4387658633235746,0.11141407996281043,-0.11141407996281043
fluxv_uvpm,FluxV old (UVLM load channel),local_model,0.0859375,-1.4201436354451253,0.4245308669821119,-0.36756021963432967,0.10987667360885545,-0.10987667360885545
fluxv_uvpm,FluxV old (UVLM load channel),local_model,0.09375,-1.1792227578814054,0.3640059109128623,-0.3052053081580264,0.09421166227414025,-0.09421166227414025
fluxv_uvpm,FluxV old (UVLM load channel),local_model,0.1015625,-0.9383018803176851,0.3034809548436126,-0.24285039668172295,0.07854665093942503,-0.07854665093942503
fluxv_uvpm,FluxV old (UVLM load channel),local_model,0.109375,-0.697381002753965,0.242955998774363,-0.1804954852054196,0.06288163960470983,-0.06288163960470983
fluxv_uvpm,FluxV old (UVLM load channel),local_model,0.1171875,-0.4564601251902448,0.18243104270511334,-0.11814057372911624,0.04721662826999462,-0.04721662826999462
fluxv_uvpm,FluxV old (UVLM load channel),local_model,0.125,-0.2155392476265247,0.12190608663586369,-0.05578566225281289,0.03155161693527941,-0.03155161693527941
fluxv_uvpm,FluxV old (UVLM load channel),local_model,0.1328125,0.012393604827758154,-0.003503963689017793,0.0032077009668983565,-0.0009068925360654911,0.0009068925360654911
fluxv_uvpm,FluxV old (UVLM load channel),local_model,0.140625,0.24032645728204105,-0.12891401401389926,0.0622010641866096,-0.03336540200741039,0.03336540200741039
fluxv_uvpm,FluxV old (UVLM load channel),local_model,0.1484375,0.46825930973632385,-0.25432406433878074,0.12119442740632083,-0.06582391147875528,0.06582391147875528
fluxv_uvpm,FluxV old (UVLM load channel),local_model,0.15625,0.6961921621906068,-0.37973411466366225,0.18018779062603207,-0.09828242095010019,0.09828242095010019
fluxv_uvpm,FluxV old (UVLM load channel),local_model,0.1640625,0.9241250146448898,-0.5051441649885438,0.23918115384574337,-0.13074093042144508,0.13074093042144508
fluxv_uvpm,FluxV old (UVLM load channel),local_model,0.171875,1.1643572578022012,-0.6631519352098515,0.3013578336225553,-0.17163635062890248,0.17163635062890248
fluxv_uvpm,FluxV old (UVLM load channel),local_model,0.1796875,1.410739196311027,-0.8374585653793711,0.36512617167791755,-0.21675022620441578,0.21675022620441578
fluxv_uvpm,FluxV old (UVLM load channel),local_model,0.1875,1.6571211348198527,-1.0117651955488909,0.4288945097332798,-0.2618641017799291,0.2618641017799291
fluxv_uvpm,FluxV old (UVLM load channel),local_model,0.1953125,1.9035030733286786,-1.1860718257184104,0.4926628477886421,-0.30697797735544236,0.30697797735544236
fluxv_uvpm,FluxV old (UVLM load channel),local_model,0.203125,2.149885011837504,-1.3603784558879297,0.5564311858440043,-0.3520918529309556,0.3520918529309556
fluxv_uvpm,FluxV old (UVLM load channel),local_model,0.2109375,2.4054050510167473,-1.541578338753759,0.6225646383889347,-0.39898983358697815,0.39898983358697815
fluxv_uvpm,FluxV old (UVLM load channel),local_model,0.21875,2.679201291536824,-1.7365647270122087,0.693428319913001,-0.44945602440401944,0.44945602440401944
fluxv_uvpm,FluxV old (UVLM load channel),local_model,0.2265625,2.9529975320569015,-1.9315511152706577,0.7642920014370677,-0.4999222152210606,0.4999222152210606
fluxv_uvpm,FluxV old (UVLM load channel),local_model,0.234375,3.2267937725769786,-2.126537503529107,0.8351556829611341,-0.5503884060381019,0.5503884060381019
fluxv_uvpm,FluxV old (UVLM load channel),local_model,0.2421875,3.5005900130970558,-2.3215238917875567,0.9060193644852006,-0.6008545968551431,0.6008545968551431
fluxv_uvpm,FluxV old (UVLM load channel),local_model,0.25,3.774386253617133,-2.516510280046006,0.976883046009267,-0.6513207876721844,0.6513207876721844
fluxv_uvpm,FluxV old (UVLM load channel),local_model,0.2578125,4.057033701248383,-2.68326401605181,1.0500375885058517,-0.6944798303924843,0.6944798303924843
fluxv_uvpm,FluxV old (UVLM load channel),local_model,0.265625,4.339681148879631,-2.850017752057613,1.1231921310024362,-0.7376388731127841,0.7376388731127841
fluxv_uvpm,FluxV old (UVLM load channel),local_model,0.2734375,4.622328596510879,-3.016771488063416,1.1963466734990207,-0.7807979158330839,0.7807979158330839
fluxv_uvpm,FluxV old (UVLM load channel),local_model,0.28125,4.904976044142129,-3.18352522406922,1.2695012159956054,-0.8239569585533839,0.8239569585533839
fluxv_uvpm,FluxV old (UVLM load channel),local_model,0.2890625,5.187623491773377,-3.3502789600750233,1.3426557584921899,-0.8671160012736837,0.8671160012736837
fluxv_uvpm,FluxV old (UVLM load channel),local_model,0.296875,5.448208145787604,-3.459978578662533,1.4101000298125228,-0.8955083518046137,0.8955083518046137
fluxv_uvpm,FluxV old (UVLM load channel),local_model,0.3046875,5.697761402993322,-3.541151138540899,1.4746891655447305,-0.9165173562408596,0.9165173562408596
fluxv_uvpm,FluxV old (UVLM load channel),local_model,0.3125,5.94731466019904,-3.622323698419265,1.5392783012769382,-0.9375263606771055,0.9375263606771055
fluxv_uvpm,FluxV old (UVLM load channel),local_model,0.3203125,6.1968679174047585,-3.703496258297631,1.603867437009146,-0.9585353651133514,0.9585353651133514
fluxv_uvpm,FluxV old (UVLM load channel),local_model,0.328125,6.4464211746104745,-3.7846688181759967,1.6684565727413532,-0.9795443695495971,0.9795443695495971
fluxv_uvpm,FluxV old (UVLM load channel),local_model,0.3359375,6.6659192204463595,-3.8242571737809903,1.7252668473664663,-0.9897905899444606,0.9897905899444606
fluxv_uvpm,FluxV old (UVLM load channel),local_model,0.34375,6.8253068435425766,-3.7806771208392314,1.7665193997773896,-0.9785112422565573,0.9785112422565573
fluxv_uvpm,FluxV old (UVLM load channel),local_model,0.3515625,6.984694466638794,-3.737097067897473,1.8077719521883129,-0.967231894568654,0.967231894568654
fluxv_uvpm,FluxV old (UVLM load channel),local_model,0.359375,7.14408208973501,-3.693517014955714,1.8490245045992362,-0.9559525468807507,0.9559525468807507
fluxv_uvpm,FluxV old (UVLM load channel),local_model,0.3671875,7.303469712831225,-3.6499369620139555,1.890277057010159,-0.9446731991928474,0.9446731991928474
fluxv_uvpm,FluxV old (UVLM load channel),local_model,0.375,7.462857335927442,-3.6063569090721965,1.9315296094210823,-0.9333938515049441,0.9333938515049441
fluxv_uvpm,FluxV old (UVLM load channel),local_model,0.3828125,7.474180985111852,-3.440967020559958,1.9344603854900673,-0.8905877984905941,0.8905877984905941
fluxv_uvpm,FluxV old (UVLM load channel),local_model,0.390625,7.485504634296263,-3.2755771320477196,1.9373911615590527,-0.8477817454762443,0.8477817454762443
fluxv_uvpm,FluxV old (UVLM load channel),local_model,0.3984375,7.496828283480673,-3.110187243535481,1.9403219376280376,-0.8049756924618943,0.8049756924618943
fluxv_uvpm,FluxV old (UVLM load channel),local_model,0.40625,7.508151932665084,-2.9447973550232422,1.9432527136970226,-0.7621696394475443,0.7621696394475443
fluxv_uvpm,FluxV old (UVLM load channel),local_model,0.4140625,7.519475581849496,-2.7794074665110045,1.946183489766008,-0.7193635864331945,0.7193635864331945
fluxv_uvpm,FluxV old (UVLM load channel),local_model,0.421875,7.410375399257165,-2.5682503306497044,1.9179462846869504,-0.6647120981629896,0.6647120981629896
fluxv_uvpm,FluxV old (UVLM load channel),local_model,0.4296875,7.241063300776469,-2.334209571113876,1.8741250890338728,-0.6041378922648579,0.6041378922648579
fluxv_uvpm,FluxV old (UVLM load channel),local_model,0.4375,7.071751202295776,-2.1001688115780484,1.8303038933807956,-0.5435636863667263,0.5435636863667263
fluxv_uvpm,FluxV old (UVLM load channel),local_model,0.4453125,6.902439103815079,-1.8661280520422203,1.786482697727718,-0.4829894804685946,0.4829894804685946
fluxv_uvpm,FluxV old (UVLM load channel),local_model,0.453125,6.733127005334384,-1.632087292506392,1.7426615020746403,-0.42241527457046285,0.42241527457046285
fluxv_uvpm,FluxV old (UVLM load channel),local_model,0.4609375,6.515216538088972,-1.404375567212529,1.6862621230243386,-0.36347914327125774,0.36347914327125774
fluxv_uvpm,FluxV old (UVLM load channel),local_model,0.46875,6.200109333314114,-1.1893219104025978,1.6047063771795855,-0.3078191611699061,0.3078191611699061
fluxv_uvpm,FluxV old (UVLM load channel),local_model,0.4765625,5.885002128539258,-0.9742682535926664,1.5231506313348329,-0.25215917906855445,0.25215917906855445
fluxv_uvpm,FluxV old (UVLM load channel),local_model,0.484375,5.5698949237644015,-0.7592145967827351,1.44159488549008,-0.1964991969672028,0.1964991969672028
fluxv_uvpm,FluxV old (UVLM load channel),local_model,0.4921875,5.254787718989545,-0.5441609399728037,1.360039139645327,-0.14083921486585116,0.14083921486585116
fluxv_uvpm,FluxV old (UVLM load channel),local_model,0.5,4.939680514214688,-0.32910728316287235,1.2784833938005742,-0.08517923276449953,0.08517923276449953
fluxv_uvpm,FluxV old (UVLM load channel),local_model,0.5078125,4.587043851580053,-0.2053697448296482,1.1872143095093382,-0.0531536012497579,0.0531536012497579
fluxv_uvpm,FluxV old (UVLM load channel),local_model,0.515625,4.234407188945417,-0.08163220649642408,1.095945225218102,-0.02112796973501627,0.02112796973501627
fluxv_uvpm,FluxV old (UVLM load channel),local_model,0.5234375,3.8817705263107816,0.04210533183680004,1.0046761409268659,0.010897661779725353,-0.010897661779725353
fluxv_uvpm,FluxV old (UVLM load channel),local_model,0.53125,3.529133863676146,0.16584287017002422,0.9134070566356297,0.04292329329446699,-0.04292329329446699
fluxv_uvpm,FluxV old (UVLM load channel),local_model,0.5390625,3.1764972010415105,0.28958040850324834,0.8221379723443936,0.07494892480920862,-0.07494892480920862
fluxv_uvpm,FluxV old (UVLM load channel),local_model,0.546875,2.8641405765838797,0.3450616617539652,0.7412941290708229,0.08930852979665027,-0.08930852979665027
fluxv_uvpm,FluxV old (UVLM load channel),local_model,0.5546875,2.571923971214755,0.3664147724634226,0.6656629063060858,0.09483512152044045,-0.09483512152044045
fluxv_uvpm,FluxV old (UVLM load channel),local_model,0.5625,2.2797073658456295,0.38776788317287997,0.5900316835413487,0.10036171324423061,-0.10036171324423061
fluxv_uvpm,FluxV old (UVLM load channel),local_model,0.5703125,1.9874907604765046,0.40912099388233736,0.5144004607766117,0.10588830496802078,-0.10588830496802078
fluxv_uvpm,FluxV old (UVLM load channel),local_model,0.578125,1.6952741551073796,0.43047410459179464,0.4387692380118746,0.11141489669181093,-0.11141489669181093
fluxv_uvpm,FluxV old (UVLM load channel),local_model,0.5859375,1.420156023072345,0.42453469582266606,0.36756342578817774,0.10987766458571153,-0.10987766458571153
fluxv_uvpm,FluxV old (UVLM load channel),local_model,0.59375,1.1792348377054944,0.36401024809636073,0.3052084346465621,0.09421278481983175,-0.09421278481983175
fluxv_uvpm,FluxV old (UVLM load channel),local_model,0.6015625,0.9383136523386443,0.3034858003700554,0.24285344350494653,0.07854790505395197,-0.07854790505395197
fluxv_uvpm,FluxV old (UVLM load channel),local_model,0.609375,0.6973924669717938,0.24296135264375,0.1804984523633309,0.06288302528807217,-0.06288302528807217
fluxv_uvpm,FluxV old (UVLM load channel),local_model,0.6171875,0.45647128160494344,0.18243690491744466,0.1181434612217153,0.047218145522192397,-0.047218145522192397
fluxv_uvpm,FluxV old (UVLM load channel),local_model,0.625,0.21555009623809293,0.12191245719113929,0.05578847008009966,0.03155326575631261,-0.03155326575631261
fluxv_uvpm,FluxV old (UVLM load channel),local_model,0.6328125,-0.01238281687363063,-0.0034972385003318967,-0.0032049088389124606,-0.0009051519291516732,0.0009051519291516732
fluxv_uvpm,FluxV old (UVLM load channel),local_model,0.640625,-0.24031572998535422,-0.1289069341918031,-0.06219828775792459,-0.03336356961461596,0.03336356961461596
fluxv_uvpm,FluxV old (UVLM load channel),local_model,0.6484375,-0.4682486430970777,-0.25431662988327425,-0.12119166667693669,-0.06582198730008024,0.06582198730008024
fluxv_uvpm,FluxV old (UVLM load channel),local_model,0.65625,-0.6961815562088014,-0.37972632557474545,-0.18018504559594883,-0.09828040498554452,0.09828040498554452
fluxv_uvpm,FluxV old (UVLM load channel),local_model,0.6640625,-0.924114469320525,-0.5051360212662167,-0.23917842451496096,-0.1307388226710088,0.1307388226710088
fluxv_uvpm,FluxV old (UVLM load channel),local_model,0.671875,-1.1643467055428227,-0.6631435128111123,-0.30135510249685926,-0.1716341707517033,0.1716341707517033
fluxv_uvpm,FluxV old (UVLM load channel),local_model,0.6796875,-1.4107286033204083,-0.8374499022827229,-0.3651234300102008,-0.21674798403001364,0.21674798403001364
fluxv_uvpm,FluxV old (UVLM load channel),local_model,0.6875,-1.657110501097994,-1.0117562917543335,-0.42889175752354247,-0.261861797308324,0.261861797308324
fluxv_uvpm,FluxV old (UVLM load channel),local_model,0.6953125,-1.9034923988755796,-1.186062681225944,-0.492660085036884,-0.3069756105866343,0.3069756105866343
fluxv_uvpm,FluxV old (UVLM load channel),local_model,0.703125,-2.149874296653165,-1.3603690706975546,-0.5564284125502256,-0.35208942386494463,0.35208942386494463
fluxv_uvpm,FluxV old (UVLM load channel),local_model,0.7109375,-2.405394292043812,-1.5415687536859572,-0.6225618537618334,-0.3989873527888825,0.3989873527888825
fluxv_uvpm,FluxV old (UVLM load channel),local_model,0.71875,-2.679190482660584,-1.7365550237079457,-0.693425522369974,-0.44945351300407577,0.44945351300407577
fluxv_uvpm,FluxV old (UVLM load channel),local_model,0.7265625,-2.9529866732773558,-1.9315412937299339,-0.7642891909781147,-0.499919673219269,0.499919673219269
fluxv_uvpm,FluxV old (UVLM load channel),local_model,0.734375,-3.226782863894128,-2.126527563751922,-0.8351528595862553,-0.5503858334344622,0.5503858334344622
fluxv_uvpm,FluxV old (UVLM load channel),local_model,0.7421875,-3.500579054510899,-2.3215138337739103,-0.9060165281943958,-0.6008519936496555,0.6008519936496555
fluxv_uvpm,FluxV old (UVLM load channel),local_model,0.75,-3.774375245127671,-2.5165001037958983,-0.9768801968025365,-0.6513181538648487,0.6513181538648487
fluxv_uvpm,FluxV old (UVLM load channel),local_model,0.7578125,-4.057022677290531,-2.683253860486257,-1.0500347352956074,-0.6944772019387054,0.6944772019387054
fluxv_uvpm,FluxV old (UVLM load channel),local_model,0.765625,-4.33967010945339,-2.8500076171766158,-1.1231892737886782,-0.7376362500125622,0.7376362500125622
fluxv_uvpm,FluxV old (UVLM load channel),local_model,0.7734375,-4.622317541616251,-3.016761373866974,-1.1963438122817494,-0.7807952980864188,0.7807952980864188
fluxv_uvpm,FluxV old (UVLM load channel),local_model,0.78125,-4.904964973779111,-3.1835151305573333,-1.2694983507748203,-0.8239543461602756,0.8239543461602756
fluxv_uvpm,FluxV old (UVLM load channel),local_model,0.7890625,-5.18761240594197,-3.3502688872476916,-1.342652889267891,-0.8671133942341323,0.8671133942341323
fluxv_uvpm,FluxV old (UVLM load channel),local_model,0.796875,-5.448197082620551,-3.4599686218237724,-1.4100971664541901,-0.8955057747851135,0.8955057747851135
fluxv_uvpm,FluxV old (UVLM load channel),local_model,0.8046875,-5.697750381556989,-3.5411413453427087,-1.474686312987103,-0.9165148215746555,0.9165148215746555
fluxv_uvpm,FluxV old (UVLM load channel),local_model,0.8125,-5.947303680493426,-3.6223140688616455,-1.5392754595200155,-0.9375238683641977,0.9375238683641977
fluxv_uvpm,FluxV old (UVLM load channel),local_model,0.8203125,-6.196856979429863,-3.7034867923805814,-1.603864606052928,-0.9585329151537396,0.9585329151537396
fluxv_uvpm,FluxV old (UVLM load channel),local_model,0.828125,-6.446410278366301,-3.784659515899518,-1.668453752585841,-0.9795419619432817,0.9795419619432817
fluxv_uvpm,FluxV old (UVLM load channel),local_model,0.8359375,-6.66590839228585,-3.82424807807128,-1.725264044832303,-0.9897882358015588,0.9897882358015588
fluxv_uvpm,FluxV old (UVLM load channel),local_model,0.84375,-6.825296136171617,-3.7806683175486855,-1.7665166285058622,-0.9785089637973045,0.9785089637973045
fluxv_uvpm,FluxV old (UVLM load channel),local_model,0.8515625,-6.984683880057386,-3.7370885570260914,-1.807769212179422,-0.9672296917930501,0.9672296917930501
fluxv_uvpm,FluxV old (UVLM load channel),local_model,0.859375,-7.1440716239431525,-3.693508796503497,-1.8490217958529813,-0.9559504197887957,0.9559504197887957
fluxv_uvpm,FluxV old (UVLM load channel),local_model,0.8671875,-7.30345936782892,-3.649929035980903,-1.8902743795265409,-0.9446711477845413,0.9446711477845413
fluxv_uvpm,FluxV old (UVLM load channel),local_model,0.875,-7.462847111714688,-3.6063492754583084,-1.9315269632001004,-0.9333918757802869,0.9333918757802869
fluxv_uvpm,FluxV old (UVLM load channel),local_model,0.8828125,-7.474170992400773,-3.4409597749026672,-1.9344577991861278,-0.890585923176493,0.890585923176493
fluxv_uvpm,FluxV old (UVLM load channel),local_model,0.890625,-7.485494873086858,-3.275570274347026,-1.9373886351721552,-0.8477799705726992,0.8477799705726992
fluxv_uvpm,FluxV old (UVLM load channel),local_model,0.8984375,-7.496818753772944,-3.1101807737913845,-1.9403194711581828,-0.8049740179689052,0.8049740179689052
fluxv_uvpm,FluxV old (UVLM load channel),local_model,0.90625,-7.50814263445903,-2.9447912732357437,-1.9432503071442104,-0.7621680653651114,0.7621680653651114
fluxv_uvpm,FluxV old (UVLM load channel),local_model,0.9140625,-7.5194665151451145,-2.779401772680102,-1.9461811431302378,-0.7193621127613175,0.7193621127613175
fluxv_uvpm,FluxV old (UVLM load channel),local_model,0.921875,-7.4103666542541005,-2.5682450474474634,-1.9179440213136076,-0.6647107307696305,0.6647107307696305
fluxv_uvpm,FluxV old (UVLM load channel),local_model,0.9296875,-7.241054922574527,-2.3342047098763214,-1.8741229205956464,-0.604136634083996,0.604136634083996
fluxv_uvpm,FluxV old (UVLM load channel),local_model,0.9375,-7.071743190894954,-2.10016437230518,-1.830301819877685,-0.5435625373983615,0.5435625373983615
fluxv_uvpm,FluxV old (UVLM load channel),local_model,0.9453125,-6.90243145921538,-1.866124034734038,-1.7864807191597236,-0.48298844071272695,0.48298844071272695
fluxv_uvpm,FluxV old (UVLM load channel),local_model,0.953125,-6.733119727535807,-1.632083697162896,-1.7426596184417622,-0.4224143440270924,0.4224143440270924
fluxv_uvpm,FluxV old (UVLM load channel),local_model,0.9609375,-6.5151816510511935,-1.404360140984712,-1.6862530935945343,-0.36347515066970454,0.36347515066970454
fluxv_uvpm,FluxV old (UVLM load channel),local_model,0.96875,-6.2000763030487045,-1.1893082131392119,-1.6046978283178328,-0.30781561605727603,0.30781561605727603
fluxv_uvpm,FluxV old (UVLM load channel),local_model,0.9765625,-5.884970955046216,-0.9742562852937123,-1.5231425630411313,-0.25215608144484764,0.25215608144484764
fluxv_uvpm,FluxV old (UVLM load channel),local_model,0.984375,-5.569865607043728,-0.7592043574482122,-1.4415872977644297,-0.19649654683241913,0.19649654683241913
fluxv_uvpm,FluxV old (UVLM load channel),local_model,0.9921875,-5.25476025904124,-0.5441524296027125,-1.3600320324877282,-0.14083701221999068,0.14083701221999068
ptera_free_wake_uvlm,Ptera free-wake UVLM,local_model,0.0,-4.826400825168267,-0.366310077492682,-1.249164452852069,-0.09480802446808634,0.09480802446808634
ptera_free_wake_uvlm,Ptera free-wake UVLM,local_model,0.0078125,-4.478049300939025,-0.23634704774109855,-1.159004443991049,-0.061171117209151006,0.061171117209151006
ptera_free_wake_uvlm,Ptera free-wake UVLM,local_model,0.015625,-4.129697776709783,-0.10638401798951501,-1.068844435130029,-0.027534209950215664,0.027534209950215664
ptera_free_wake_uvlm,Ptera free-wake UVLM,local_model,0.0234375,-3.781346252480542,0.02357901176206851,-0.9786844262690092,0.006102697308719676,-0.006102697308719676
ptera_free_wake_uvlm,Ptera free-wake UVLM,local_model,0.03125,-3.4329947282513005,0.15354204151365197,-0.8885244174079893,0.039739604567655004,-0.039739604567655004
ptera_free_wake_uvlm,Ptera free-wake UVLM,local_model,0.0390625,-3.0846432040220586,0.2835050712652355,-0.7983644085469692,0.07337651182659034,-0.07337651182659034
ptera_free_wake_uvlm,Ptera free-wake UVLM,local_model,0.046875,-2.744195398608841,0.3381654939273979,-0.7102500326426715,0.0875236702249114,-0.0875236702249114
ptera_free_wake_uvlm,Ptera free-wake UVLM,local_model,0.0546875,-2.4076994526036346,0.355174613044853,-0.6231584732167346,0.09192595419292615,-0.09192595419292615
ptera_free_wake_uvlm,Ptera free-wake UVLM,local_model,0.0625,-2.071203506598428,0.37218373216230793,-0.5360669137907976,0.09632823816094088,-0.09632823816094088
ptera_free_wake_uvlm,Ptera free-wake UVLM,local_model,0.0703125,-1.7347075605932212,0.389192851279763,-0.44897535436486063,0.10073052212895563,-0.10073052212895563
ptera_free_wake_uvlm,Ptera free-wake UVLM,local_model,0.078125,-1.3982116145880146,0.406201970397218,-0.3618837949389237,0.10513280609697036,-0.10513280609697036
ptera_free_wake_uvlm,Ptera free-wake UVLM,local_model,0.0859375,-1.116820953434003,0.4046822082874792,-0.2890545327182754,0.10473946271894477,-0.10473946271894477
ptera_free_wake_uvlm,Ptera free-wake UVLM,local_model,0.09375,-0.9456408619823905,0.36610468372334953,-0.2447498649082069,0.0947548646488377,-0.0947548646488377
ptera_free_wake_uvlm,Ptera free-wake UVLM,local_model,0.1015625,-0.7744607705307781,0.3275271591592199,-0.20044519709813843,0.08477026657873063,-0.08477026657873063
ptera_free_wake_uvlm,Ptera free-wake UVLM,local_model,0.109375,-0.6032806790791657,0.2889496345950903,-0.15614052928806993,0.07478566850862357,-0.07478566850862357
ptera_free_wake_uvlm,Ptera free-wake UVLM,local_model,0.1171875,-0.43210058762755327,0.2503721100309607,-0.11183586147800142,0.0648010704385165,-0.0648010704385165
ptera_free_wake_uvlm,Ptera free-wake UVLM,local_model,0.125,-0.2609204961759407,0.21179458546683103,-0.06753119366793289,0.054816472368409426,-0.054816472368409426
ptera_free_wake_uvlm,Ptera free-wake UVLM,local_model,0.1328125,-0.023380285945654913,0.07103540530489869,-0.006051263282678291,0.018385315769484413,-0.018385315769484413
ptera_free_wake_uvlm,Ptera free-wake UVLM,local_model,0.140625,0.2141599242846309,-0.06972377485703368,0.05542866710257631,-0.018045840829440603,0.018045840829440603
ptera_free_wake_uvlm,Ptera free-wake UVLM,local_model,0.1484375,0.45170013451491664,-0.21048295501896602,0.11690859748783089,-0.05447699742836561,0.05447699742836561
ptera_free_wake_uvlm,Ptera free-wake UVLM,local_model,0.15625,0.6892403447452025,-0.3512421351808984,0.1783885278730855,-0.09090815402729063,0.09090815402729063
ptera_free_wake_uvlm,Ptera free-wake UVLM,local_model,0.1640625,0.9267805549754883,-0.49200131534283076,0.2398684582583401,-0.12733931062621565,0.12733931062621565
ptera_free_wake_uvlm,Ptera free-wake UVLM,local_model,0.171875,1.1678409072858047,-0.6514365782253331,0.30225946845537344,-0.16860419312113425,0.16860419312113425
ptera_free_wake_uvlm,Ptera free-wake UVLM,local_model,0.1796875,1.4106613306361366,-0.8202098824681193,0.36510601855829616,-0.2122859385640494,0.2122859385640494
ptera_free_wake_uvlm,Ptera free-wake UVLM,local_model,0.1875,1.6534817539864683,-0.9889831867109058,0.42795256866121884,-0.2559676840069646,0.2559676840069646
ptera_free_wake_uvlm,Ptera free-wake UVLM,local_model,0.1953125,1.8963021773368,-1.1577564909536922,0.49079911876414156,-0.29964942944987977,0.29964942944987977
ptera_free_wake_uvlm,Ptera free-wake UVLM,local_model,0.203125,2.1391226006871324,-1.3265297951964785,0.5536456688670643,-0.34333117489279497,0.34333117489279497
ptera_free_wake_uvlm,Ptera free-wake UVLM,local_model,0.2109375,2.3939974432711373,-1.5056556987417555,0.6196121322453119,-0.3896923702015098,0.3896923702015098
ptera_free_wake_uvlm,Ptera free-wake UVLM,local_model,0.21875,2.6729811243224924,-1.705486800892016,0.6918184221742097,-0.44141246524182454,0.44141246524182454
ptera_free_wake_uvlm,Ptera free-wake UVLM,local_model,0.2265625,2.951964805373847,-1.9053179030422762,0.7640247121031075,-0.49313256028213914,0.49313256028213914
ptera_free_wake_uvlm,Ptera free-wake UVLM,local_model,0.234375,3.230948486425201,-2.105149005192537,0.8362310020320053,-0.5448526553224539,0.5448526553224539
ptera_free_wake_uvlm,Ptera free-wake UVLM,local_model,0.2421875,3.509932167476556,-2.304980107342797,0.9084372919609031,-0.5965727503627685,0.5965727503627685
ptera_free_wake_uvlm,Ptera free-wake UVLM,local_model,0.25,3.788915848527911,-2.5048112094930577,0.9806435818898009,-0.6482928454030832,0.6482928454030832
ptera_free_wake_uvlm,Ptera free-wake UVLM,local_model,0.2578125,4.0779314773240705,-2.6767772018762988,1.0554463309545277,-0.692800919341821,0.692800919341821
ptera_free_wake_uvlm,Ptera free-wake UVLM,local_model,0.265625,4.366947106120231,-2.84874319425954,1.1302490800192546,-0.7373089932805589,0.7373089932805589
ptera_free_wake_uvlm,Ptera free-wake UVLM,local_model,0.2734375,4.655962734916391,-3.020709186642781,1.2050518290839811,-0.7818170672192967,0.7818170672192967
ptera_free_wake_uvlm,Ptera free-wake UVLM,local_model,0.28125,4.9449783637125515,-3.192675179026022,1.279854578148708,-0.8263251411580345,0.8263251411580345
ptera_free_wake_uvlm,Ptera free-wake UVLM,local_model,0.2890625,5.233993992508712,-3.3646411714092634,1.3546573272134348,-0.8708332150967724,0.8708332150967724
ptera_free_wake_uvlm,Ptera free-wake UVLM,local_model,0.296875,5.499553964715491,-3.4770073998472046,1.4233893056374454,-0.899915735042852,0.899915735042852
ptera_free_wake_uvlm,Ptera free-wake UVLM,local_model,0.3046875,5.753386108627581,-3.5595737463124992,1.489085898741098,-0.9212854779926034,0.9212854779926034
ptera_free_wake_uvlm,Ptera free-wake UVLM,local_model,0.3125,6.007218252539668,-3.6421400927777934,1.5547824918447501,-0.9426552209423548,0.9426552209423548
ptera_free_wake_uvlm,Ptera free-wake UVLM,local_model,0.3203125,6.261050396451758,-3.7247064392430875,1.6204790849484028,-0.9640249638921061,0.9640249638921061
ptera_free_wake_uvlm,Ptera free-wake UVLM,local_model,0.328125,6.514882540363846,-3.807272785708382,1.6861756780520551,-0.9853947068418575,0.9853947068418575
ptera_free_wake_uvlm,Ptera free-wake UVLM,local_model,0.3359375,6.734557707373425,-3.8468552465586687,1.7430317950102112,-0.9956394015619366,0.9956394015619366
ptera_free_wake_uvlm,Ptera free-wake UVLM,local_model,0.34375,6.88591892057798,-3.800469936178936,1.7822069596773733,-0.9836339998226701,0.9836339998226701
ptera_free_wake_uvlm,Ptera free-wake UVLM,local_model,0.3515625,7.0372801337825335,-3.754084625799202,1.8213821243445347,-0.9716285980834034,0.9716285980834034
ptera_free_wake_uvlm,Ptera free-wake UVLM,local_model,0.359375,7.188641346987088,-3.707699315419469,1.8605572890116964,-0.9596231963441368,0.9596231963441368
ptera_free_wake_uvlm,Ptera free-wake UVLM,local_model,0.3671875,7.340002560191642,-3.6613140050397357,1.8997324536788582,-0.9476177946048702,0.9476177946048702
ptera_free_wake_uvlm,Ptera free-wake UVLM,local_model,0.375,7.491363773396196,-3.6149286946600023,1.9389076183460199,-0.9356123928656036,0.9356123928656036
ptera_free_wake_uvlm,Ptera free-wake UVLM,local_model,0.3828125,7.480916377949481,-3.4489308926319673,1.9362036334326929,-0.8926490002555902,0.8926490002555902
ptera_free_wake_uvlm,Ptera free-wake UVLM,local_model,0.390625,7.470468982502766,-3.282933090603932,1.9334996485193656,-0.8496856076455769,0.8496856076455769
ptera_free_wake_uvlm,Ptera free-wake UVLM,local_model,0.3984375,7.460021587056052,-3.1169352885758967,1.9307956636060386,-0.8067222150355635,0.8067222150355635
ptera_free_wake_uvlm,Ptera free-wake UVLM,local_model,0.40625,7.449574191609336,-2.9509374865478617,1.9280916786927111,-0.7637588224255502,0.7637588224255502
ptera_free_wake_uvlm,Ptera free-wake UVLM,local_model,0.4140625,7.43912679616262,-2.784939684519826,1.925387693779384,-0.7207954298155368,0.7207954298155368
ptera_free_wake_uvlm,Ptera free-wake UVLM,local_model,0.421875,7.311754177617351,-2.575285786917256,1.8924212342752895,-0.6665330082360179,0.6665330082360179
ptera_free_wake_uvlm,Ptera free-wake UVLM,local_model,0.4296875,7.125918947522806,-2.3438038415274205,1.8443235374758125,-0.6066210721717468,0.6066210721717468
ptera_free_wake_uvlm,Ptera free-wake UVLM,local_model,0.4375,6.940083717428263,-2.112321896137585,1.7962258406763354,-0.5467091361074757,0.5467091361074757
ptera_free_wake_uvlm,Ptera free-wake UVLM,local_model,0.4453125,6.75424848733372,-1.8808399507477491,1.7481281438768586,-0.4867972000432046,0.4867972000432046
ptera_free_wake_uvlm,Ptera free-wake UVLM,local_model,0.453125,6.568413257239177,-1.6493580053579138,1.7000304470773817,-0.4268852639789335,0.4268852639789335
ptera_free_wake_uvlm,Ptera free-wake UVLM,local_model,0.4609375,6.343391311897632,-1.4244888990022362,1.6417904820569713,-0.3686848565988999,0.3686848565988999
ptera_free_wake_uvlm,Ptera free-wake UVLM,local_model,0.46875,6.039995936062075,-1.2128454707148766,1.5632659805946922,-0.3139075065873416,0.3139075065873416
ptera_free_wake_uvlm,Ptera free-wake UVLM,local_model,0.4765625,5.736600560226521,-1.0012020424275165,1.4847414791324138,-0.2591301565757833,0.2591301565757833
ptera_free_wake_uvlm,Ptera free-wake UVLM,local_model,0.484375,5.433205184390967,-0.7895586141401565,1.406216977670135,-0.20435280656422494,0.20435280656422494
ptera_free_wake_uvlm,Ptera free-wake UVLM,local_model,0.4921875,5.12980980855541,-0.5779151858527964,1.327692476207856,-0.14957545655266657,0.14957545655266657
ptera_free_wake_uvlm,Ptera free-wake UVLM,local_model,0.5,4.826414432719855,-0.3662717575654365,1.2491679747455773,-0.09479810654110825,0.09479810654110825
ptera_free_wake_uvlm,Ptera free-wake UVLM,local_model,0.5078125,4.478102054801981,-0.23630851903291505,1.159018097695485,-0.06116114524568992,0.06116114524568992
ptera_free_wake_uvlm,Ptera free-wake UVLM,local_model,0.515625,4.1297896768841085,-0.10634528050039356,1.0688682206453926,-0.02752418395027158,0.02752418395027158
ptera_free_wake_uvlm,Ptera free-wake UVLM,local_model,0.5234375,3.7814772989662337,0.02361795803212792,0.9787183435953,0.006112777345146758,-0.006112777345146758
ptera_free_wake_uvlm,Ptera free-wake UVLM,local_model,0.53125,3.4331649210483604,0.15358119656464936,0.8885684665452076,0.03974973864056509,-0.03974973864056509
ptera_free_wake_uvlm,Ptera free-wake UVLM,local_model,0.5390625,3.0848525431304865,0.2835444350971708,0.7984185894951152,0.07338669993598342,-0.07338669993598342
ptera_free_wake_uvlm,Ptera free-wake UVLM,local_model,0.546875,2.74439467323634,0.33820133177523076,0.7103016087114739,0.08753294574246603,-0.08753294574246603
ptera_free_wake_uvlm,Ptera free-wake UVLM,local_model,0.5546875,2.4078640573540566,0.35520505752605336,0.6232010760610581,0.09193383380447907,-0.09193383380447907
ptera_free_wake_uvlm,Ptera free-wake UVLM,local_model,0.5625,2.0713334414717735,0.3722087832768759,0.5361005434106424,0.09633472186649211,-0.09633472186649211
ptera_free_wake_uvlm,Ptera free-wake UVLM,local_model,0.5703125,1.73480282558949,0.38921250902769844,0.44900001076022666,0.10073560992850514,-0.10073560992850514
ptera_free_wake_uvlm,Ptera free-wake UVLM,local_model,0.578125,1.3982722097072071,0.406216234778521,0.361899478109811,0.10513649799051818,-0.10513649799051818
ptera_free_wake_uvlm,Ptera free-wake UVLM,local_model,0.5859375,1.1168418106541675,0.40468686520421776,0.28905993096408195,0.10474066801768817,-0.10474066801768817
ptera_free_wake_uvlm,Ptera free-wake UVLM,local_model,0.59375,0.9456118452596242,0.3660913049796596,0.24474235482772852,0.09475140197517119,-0.09475140197517119
ptera_free_wake_uvlm,Ptera free-wake UVLM,local_model,0.6015625,0.7743818798650809,0.32749574475510146,0.20042477869137518,0.08476213593265422,-0.08476213593265422
ptera_free_wake_uvlm,Ptera free-wake UVLM,local_model,0.609375,0.6031519144705375,0.2889001845305433,0.15610720255502178,0.07477286989013725,-0.07477286989013725
ptera_free_wake_uvlm,Ptera free-wake UVLM,local_model,0.6171875,0.431921949075994,0.25030462430598516,0.11178962641866837,0.06478360384762027,-0.06478360384762027
ptera_free_wake_uvlm,Ptera free-wake UVLM,local_model,0.625,0.2606919836814507,0.21170906408142698,0.06747205028231498,0.0547943378051033,-0.0547943378051033
ptera_free_wake_uvlm,Ptera free-wake UVLM,local_model,0.6328125,0.023185078357238025,0.07095599193925652,0.006000739841047466,0.01836476207802053,-0.01836476207802053
ptera_free_wake_uvlm,Ptera free-wake UVLM,local_model,0.640625,-0.21432182696697463,-0.06979708020291395,-0.05547057060022005,-0.01806481364906224,0.01806481364906224
ptera_free_wake_uvlm,Ptera free-wake UVLM,local_model,0.6484375,-0.45182873229118725,-0.21055015234508445,-0.11694188104148756,-0.05449438937614502,0.05449438937614502
ptera_free_wake_uvlm,Ptera free-wake UVLM,local_model,0.65625,-0.6893356376154,-0.3513032244872549,-0.17841319148275508,-0.09092396510322778,0.09092396510322778
ptera_free_wake_uvlm,Ptera free-wake UVLM,local_model,0.6640625,-0.9268425429396127,-0.49205629662942535,-0.23988450192402264,-0.12735354083031056,0.12735354083031056
ptera_free_wake_uvlm,Ptera free-wake UVLM,local_model,0.671875,-1.1679144473901037,-0.6515037530627864,-0.30227850203494483,-0.16862157924841886,0.16862157924841886
ptera_free_wake_uvlm,Ptera free-wake UVLM,local_model,0.6796875,-1.410768851403734,-0.8202984016417442,-0.3651338469806944,-0.21230884901204025,0.21230884901204025
ptera_free_wake_uvlm,Ptera free-wake UVLM,local_model,0.6875,-1.6536232554173642,-0.989093050220702,-0.42798919192644397,-0.2559961187756617,0.2559961187756617
ptera_free_wake_uvlm,Ptera free-wake UVLM,local_model,0.6953125,-1.8964776594309944,-1.15788769879966,-0.49084453687219354,-0.29968338853928317,0.29968338853928317
ptera_free_wake_uvlm,Ptera free-wake UVLM,local_model,0.703125,-2.139332063444625,-1.3266823473786178,-0.5536998818179432,-0.3433706583029046,0.3433706583029046
ptera_free_wake_uvlm,Ptera free-wake UVLM,local_model,0.7109375,-2.394235054060557,-1.5058273660605654,-0.6196736304429354,-0.3897368009730395,0.3897368009730395
ptera_free_wake_uvlm,Ptera free-wake UVLM,local_model,0.71875,-2.6732352178810945,-1.7056731249484935,-0.6918841864264139,-0.44146068945620165,0.44146068945620165
ptera_free_wake_uvlm,Ptera free-wake UVLM,local_model,0.7265625,-2.9522353817016325,-1.9055188838364223,-0.7640947424098924,-0.493184577939364,0.493184577939364
ptera_free_wake_uvlm,Ptera free-wake UVLM,local_model,0.734375,-3.23123554552217,-2.1053646427243504,-0.8363052983933708,-0.5449084664225261,0.5449084664225261
ptera_free_wake_uvlm,Ptera free-wake UVLM,local_model,0.7421875,-3.510235709342708,-2.3052104016122787,-0.9085158543768492,-0.5966323549056883,0.5966323549056883
ptera_free_wake_uvlm,Ptera free-wake UVLM,local_model,0.75,-3.789235873163246,-2.505056160500207,-0.9807264103603277,-0.6483562433888506,0.6483562433888506
ptera_free_wake_uvlm,Ptera free-wake UVLM,local_model,0.7578125,-4.07826615201412,-2.6770342867237287,-1.055532951138226,-0.6928674577965431,0.6928674577965431
ptera_free_wake_uvlm,Ptera free-wake UVLM,local_model,0.765625,-4.367296430864992,-2.8490124129472503,-1.1303394919161243,-0.7373786722042358,0.7373786722042358
ptera_free_wake_uvlm,Ptera free-wake UVLM,local_model,0.7734375,-4.656326709715866,-3.020990539170771,-1.2051460326940227,-0.7818898866119283,0.7818898866119283
ptera_free_wake_uvlm,Ptera free-wake UVLM,local_model,0.78125,-4.945356988566738,-3.192968665394292,-1.2799525734719208,-0.8264011010196207,0.8264011010196207
ptera_free_wake_uvlm,Ptera free-wake UVLM,local_model,0.7890625,-5.234387267417612,-3.3649467916178133,-1.3547591142498192,-0.8709123154273133,0.8709123154273133
ptera_free_wake_uvlm,Ptera free-wake UVLM,local_model,0.796875,-5.499913866727934,-3.4772955719839644,-1.4234824551326364,-0.8999903194801133,0.8999903194801133
ptera_free_wake_uvlm,Ptera free-wake UVLM,local_model,0.8046875,-5.753688626267977,-3.5598296794214246,-1.4891641960679123,-0.9213517183554656,0.9213517183554656
ptera_free_wake_uvlm,Ptera free-wake UVLM,local_model,0.8125,-6.007463385808022,-3.6423637868588843,-1.5548459370031884,-0.9427131172308179,0.9427131172308179
ptera_free_wake_uvlm,Ptera free-wake UVLM,local_model,0.8203125,-6.2612381453480666,-3.724897894296345,-1.6205276779384645,-0.9640745161061702,0.9640745161061702
ptera_free_wake_uvlm,Ptera free-wake UVLM,local_model,0.828125,-6.51501290488811,-3.807432001733805,-1.6862094188737404,-0.9854359149815225,0.9854359149815225
ptera_free_wake_uvlm,Ptera free-wake UVLM,local_model,0.8359375,-6.734686969017911,-3.8470070035872372,-1.7430652503856054,-0.9956786791711584,0.9956786791711584
ptera_free_wake_uvlm,Ptera free-wake UVLM,local_model,0.84375,-6.886159642327217,-3.8006637942726056,-1.782269263050646,-0.9836841739893591,0.9836841739893591
ptera_free_wake_uvlm,Ptera free-wake UVLM,local_model,0.8515625,-7.0376323156365235,-3.7543205849579744,-1.8214732757156868,-0.97168966880756,0.97168966880756
ptera_free_wake_uvlm,Ptera free-wake UVLM,local_model,0.859375,-7.1891049889458305,-3.7079773756433436,-1.8606772883807277,-0.959695163625761,0.959695163625761
ptera_free_wake_uvlm,Ptera free-wake UVLM,local_model,0.8671875,-7.3405776622551375,-3.661634166328712,-1.8998813010457687,-0.9477006584439618,0.9477006584439618
ptera_free_wake_uvlm,Ptera free-wake UVLM,local_model,0.875,-7.492050335564444,-3.6152909570140803,-1.9390853137108095,-0.9357061532621627,0.9357061532621627
ptera_free_wake_uvlm,Ptera free-wake UVLM,local_model,0.8828125,-7.481477634774197,-3.449242878093831,-1.936348897388123,-0.8927297480349157,0.8927297480349157
ptera_free_wake_uvlm,Ptera free-wake UVLM,local_model,0.890625,-7.470904933983949,-3.283194799173582,-1.9336124810654365,-0.8497533428076688,0.8497533428076688
ptera_free_wake_uvlm,Ptera free-wake UVLM,local_model,0.8984375,-7.4603322331937,-3.117146720253332,-1.9308760647427496,-0.8067769375804218,0.8067769375804218
ptera_free_wake_uvlm,Ptera free-wake UVLM,local_model,0.90625,-7.449759532403453,-2.9510986413330835,-1.9281396484200632,-0.763800532353175,0.763800532353175
ptera_free_wake_uvlm,Ptera free-wake UVLM,local_model,0.9140625,-7.439186831613206,-2.785050562412834,-1.9254032320973768,-0.720824127125928,0.720824127125928
ptera_free_wake_uvlm,Ptera free-wake UVLM,local_model,0.921875,-7.31174741179471,-2.575369452679127,-1.8924194831515342,-0.6665546625286131,0.6665546625286131
ptera_free_wake_uvlm,Ptera free-wake UVLM,local_model,0.9296875,-7.125874632462079,-2.343871827538687,-1.8443120678941112,-0.6066386682462631,0.6066386682462631
ptera_free_wake_uvlm,Ptera free-wake UVLM,local_model,0.9375,-6.940001853129448,-2.112374202398247,-1.796204652636688,-0.5467226739639132,0.5467226739639132
ptera_free_wake_uvlm,Ptera free-wake UVLM,local_model,0.9453125,-6.7541290737968165,-1.880876577257807,-1.748097237379265,-0.4868066796815632,0.4868066796815632
ptera_free_wake_uvlm,Ptera free-wake UVLM,local_model,0.953125,-6.568256294464186,-1.6493789521173672,-1.699989822121842,-0.42689068539921327,0.42689068539921327
ptera_free_wake_uvlm,Ptera free-wake UVLM,local_model,0.9609375,-6.34327810669972,-1.4245256008883784,-1.6417611823957472,-0.36869435574602466,0.36869435574602466
ptera_free_wake_uvlm,Ptera free-wake UVLM,local_model,0.96875,-6.0399026503934286,-1.212882496209239,-1.5632418364870113,-0.313917089490437,0.313917089490437
ptera_free_wake_uvlm,Ptera free-wake UVLM,local_model,0.9765625,-5.736527194087139,-1.0012393915300999,-1.4847224905782759,-0.25913982323484935,0.25913982323484935
ptera_free_wake_uvlm,Ptera free-wake UVLM,local_model,0.984375,-5.433151737780848,-0.7895962868509608,-1.4062031446695402,-0.20436255697926173,0.20436255697926173
ptera_free_wake_uvlm,Ptera free-wake UVLM,local_model,0.9921875,-5.129776281474557,-0.5779531821718215,-1.3276837987608046,-0.14958529072367405,0.14958529072367405
fluxv_periodic_v1,FluxV augmented v1 (exploratory),exploratory_local_model,0.0,-4.624692722665171,-0.5065282628808648,-1.1969585543727763,-0.13109916131626403,0.13109916131626403
fluxv_periodic_v1,FluxV augmented v1 (exploratory),exploratory_local_model,0.0078125,-4.317468486130628,-0.3890377764382642,-1.117443070840555,-0.10069038580655948,0.10069038580655948
fluxv_periodic_v1,FluxV augmented v1 (exploratory),exploratory_local_model,0.015625,-4.010244249596084,-0.2715472899956635,-1.0379275873083333,-0.07028161029685491,0.07028161029685491
fluxv_periodic_v1,FluxV augmented v1 (exploratory),exploratory_local_model,0.0234375,-3.7030200130615403,-0.15405680355306278,-0.9584121037761117,-0.039872834787150334,0.039872834787150334
fluxv_periodic_v1,FluxV augmented v1 (exploratory),exploratory_local_model,0.03125,-3.3957957765269975,-0.03656631711046209,-0.8788966202438904,-0.009464059277445765,0.009464059277445765
fluxv_periodic_v1,FluxV augmented v1 (exploratory),exploratory_local_model,0.0390625,-3.0885715399924543,0.0809241693321386,-0.799381136711669,0.020944716232258805,-0.020944716232258805
fluxv_periodic_v1,FluxV augmented v1 (exploratory),exploratory_local_model,0.046875,-2.813434424913245,0.1373199256211172,-0.7281704113146057,0.035541012022806726,-0.035541012022806726
fluxv_periodic_v1,FluxV augmented v1 (exploratory),exploratory_local_model,0.0546875,-2.5543408705617012,0.1631683168332873,-0.661112064985121,0.042231067953776985,-0.042231067953776985
fluxv_periodic_v1,FluxV augmented v1 (exploratory),exploratory_local_model,0.0625,-2.295247316210157,0.18901670804545748,-0.5940537186556363,0.04892112388474725,-0.04892112388474725
fluxv_periodic_v1,FluxV augmented v1 (exploratory),exploratory_local_model,0.0703125,-2.0361537618586127,0.2148650992576276,-0.5269953723261516,0.05561117981571751,-0.05561117981571751
fluxv_periodic_v1,FluxV augmented v1 (exploratory),exploratory_local_model,0.078125,-1.7770602075070692,0.24071349046979776,-0.45993702599666697,0.062301235746687784,-0.062301235746687784
fluxv_periodic_v1,FluxV augmented v1 (exploratory),exploratory_local_model,0.0859375,-1.531691690953386,0.2414203886151313,-0.3964309808440207,0.06248419444964775,-0.06248419444964775
fluxv_periodic_v1,FluxV augmented v1 (exploratory),exploratory_local_model,0.09375,-1.3137732499954262,0.1918443006267873,-0.3400295380450515,0.049652958696586015,-0.049652958696586015
fluxv_periodic_v1,FluxV augmented v1 (exploratory),exploratory_local_model,0.1015625,-1.0958548090374667,0.14226821263844336,-0.28362809524608235,0.03682172294352428,-0.03682172294352428
fluxv_periodic_v1,FluxV augmented v1 (exploratory),exploratory_local_model,0.109375,-0.8779363680795073,0.09269212465009936,-0.22722665244711324,0.023990487190462543,-0.023990487190462543
fluxv_periodic_v1,FluxV augmented v1 (exploratory),exploratory_local_model,0.1171875,-0.6600179271215478,0.0431160366617554,-0.17082520964814413,0.011159251437400809,-0.011159251437400809
fluxv_periodic_v1,FluxV augmented v1 (exploratory),exploratory_local_model,0.125,-0.4420994861635884,-0.0064600513265885805,-0.11442376684917503,-0.0016719843156609287,0.0016719843156609287
fluxv_periodic_v1,FluxV augmented v1 (exploratory),exploratory_local_model,0.1328125,-0.23322383217014328,-0.11702128355099556,-0.060362769537427044,-0.03028733686533999,0.03028733686533999
fluxv_periodic_v1,FluxV augmented v1 (exploratory),exploratory_local_model,0.140625,-0.024348178176698182,-0.22758251577540253,-0.006301772225679058,-0.05890268941501905,0.05890268941501905
fluxv_periodic_v1,FluxV augmented v1 (exploratory),exploratory_local_model,0.1484375,0.18452747581674694,-0.33814374799980956,0.04775922508606893,-0.08751804196469812,0.08751804196469812
fluxv_periodic_v1,FluxV augmented v1 (exploratory),exploratory_local_model,0.15625,0.39340312981019204,-0.4487049802242165,0.10182022239781692,-0.11613339451437717,0.11613339451437717
fluxv_periodic_v1,FluxV augmented v1 (exploratory),exploratory_local_model,0.1640625,0.6022787838036371,-0.5592662124486234,0.1558812197095649,-0.14474874706405622,0.14474874706405622
fluxv_periodic_v1,FluxV augmented v1 (exploratory),exploratory_local_model,0.171875,0.8227476058615671,-0.7007620743166328,0.2129427497094759,-0.18137057091869258,0.18137057091869258
fluxv_periodic_v1,FluxV augmented v1 (exploratory),exploratory_local_model,0.1796875,1.049013011951739,-0.857725251006442,0.27150454605346824,-0.22199563042580725,0.22199563042580725
fluxv_periodic_v1,FluxV augmented v1 (exploratory),exploratory_local_model,0.1875,1.2752784180419108,-1.0146884276962513,0.3300663423974606,-0.2626206899329219,0.2626206899329219
fluxv_periodic_v1,FluxV augmented v1 (exploratory),exploratory_local_model,0.1953125,1.5015438241320824,-1.1716516043860605,0.3886281387414529,-0.30324574944003657,0.30324574944003657
fluxv_periodic_v1,FluxV augmented v1 (exploratory),exploratory_local_model,0.203125,1.727809230222254,-1.32861478107587,0.44718993508544524,-0.3438708089471513,0.3438708089471513
fluxv_periodic_v1,FluxV augmented v1 (exploratory),exploratory_local_model,0.2109375,1.962300082059066,-1.4924201278790084,0.5078806334431255,-0.3862667523894268,0.3862667523894268
fluxv_periodic_v1,FluxV augmented v1 (exploratory),exploratory_local_model,0.21875,2.213241825389158,-1.6699098149088067,0.5728291358281818,-0.43220446370202453,0.43220446370202453
fluxv_periodic_v1,FluxV augmented v1 (exploratory),exploratory_local_model,0.2265625,2.4641835687192506,-1.8473995019386051,0.6377776382132382,-0.4781421750146222,0.4781421750146222
fluxv_periodic_v1,FluxV augmented v1 (exploratory),exploratory_local_model,0.234375,2.7151253120493424,-2.0248891889684035,0.7027261405982944,-0.5240798863272199,0.5240798863272199
fluxv_periodic_v1,FluxV augmented v1 (exploratory),exploratory_local_model,0.2421875,2.9660670553794346,-2.202378875998202,0.7676746429833508,-0.5700175976398175,0.5700175976398175
fluxv_periodic_v1,FluxV augmented v1 (exploratory),exploratory_local_model,0.25,3.2170087987095264,-2.3798685630280008,0.832623145368407,-0.6159553089524153,0.6159553089524153
fluxv_periodic_v1,FluxV augmented v1 (exploratory),exploratory_local_model,0.2578125,3.476315801944427,-2.533583541816281,0.8997367363340601,-0.6557396729803522,0.6557396729803522
fluxv_periodic_v1,FluxV augmented v1 (exploratory),exploratory_local_model,0.265625,3.7356228051793274,-2.68729852060456,0.9668503272997134,-0.6955240370082889,0.6955240370082889
fluxv_periodic_v1,FluxV augmented v1 (exploratory),exploratory_local_model,0.2734375,3.994929808414228,-2.8410134993928398,1.0339639182653666,-0.7353084010362256,0.7353084010362256
fluxv_periodic_v1,FluxV augmented v1 (exploratory),exploratory_local_model,0.28125,4.254236811649128,-2.9947284781811194,1.1010775092310197,-0.7750927650641625,0.7750927650641625
fluxv_periodic_v1,FluxV augmented v1 (exploratory),exploratory_local_model,0.2890625,4.513543814884029,-3.1484434569693995,1.168191100196673,-0.8148771290920993,0.8148771290920993
fluxv_periodic_v1,FluxV augmented v1 (exploratory),exploratory_local_model,0.296875,4.754169285530856,-3.251779083065461,1.2304695547368294,-0.8416223571633531,0.8416223571633531
fluxv_periodic_v1,FluxV augmented v1 (exploratory),exploratory_local_model,0.3046875,4.9854539898836485,-3.3299250328154164,1.290330441064238,-0.8618480172562661,0.8618480172562661
fluxv_periodic_v1,FluxV augmented v1 (exploratory),exploratory_local_model,0.3125,5.216738694236441,-3.408070982565372,1.3501913273916466,-0.8820736773491792,0.8820736773491792
fluxv_periodic_v1,FluxV augmented v1 (exploratory),exploratory_local_model,0.3203125,5.448023398589233,-3.4862169323153265,1.410052213719055,-0.902299337442092,0.902299337442092
fluxv_periodic_v1,FluxV augmented v1 (exploratory),exploratory_local_model,0.328125,5.6793081029420245,-3.564362882065282,1.4699131000464634,-0.922524997535005,0.922524997535005
fluxv_periodic_v1,FluxV augmented v1 (exploratory),exploratory_local_model,0.3359375,5.884670207331113,-3.6053261993176897,1.5230647238046915,-0.9331270841905048,0.9331270841905048
fluxv_periodic_v1,FluxV augmented v1 (exploratory),exploratory_local_model,0.34375,6.038187111792786,-3.5719242515749965,1.5627978224245567,-0.9244820239711766,0.9244820239711766
fluxv_periodic_v1,FluxV augmented v1 (exploratory),exploratory_local_model,0.3515625,6.19170401625446,-3.538522303832303,1.6025309210444219,-0.9158369637518484,0.9158369637518484
fluxv_periodic_v1,FluxV augmented v1 (exploratory),exploratory_local_model,0.359375,6.345220920716134,-3.505120356089609,1.6422640196642873,-0.9071919035325201,0.9071919035325201
fluxv_periodic_v1,FluxV augmented v1 (exploratory),exploratory_local_model,0.3671875,6.498737825177807,-3.471718408346916,1.6819971182841524,-0.8985468433131919,0.8985468433131919
fluxv_periodic_v1,FluxV augmented v1 (exploratory),exploratory_local_model,0.375,6.652254729639481,-3.4383164606042222,1.7217302169040178,-0.8899017830938637,0.8899017830938637
fluxv_periodic_v1,FluxV augmented v1 (exploratory),exploratory_local_model,0.3828125,6.676506196113232,-3.2942467915919633,1.7280069582990898,-0.8526138089318746,0.8526138089318746
fluxv_periodic_v1,FluxV augmented v1 (exploratory),exploratory_local_model,0.390625,6.700757662586981,-3.1501771225797044,1.7342836996941613,-0.8153258347698855,0.8153258347698855
fluxv_periodic_v1,FluxV augmented v1 (exploratory),exploratory_local_model,0.3984375,6.725009129060732,-3.006107453567445,1.7405604410892332,-0.7780378606078964,0.7780378606078964
fluxv_periodic_v1,FluxV augmented v1 (exploratory),exploratory_local_model,0.40625,6.749260595534482,-2.8620377845551865,1.746837182484305,-0.7407498864459073,0.7407498864459073
fluxv_periodic_v1,FluxV augmented v1 (exploratory),exploratory_local_model,0.4140625,6.7735120620082325,-2.7179681155429276,1.753113923879377,-0.7034619122839183,0.7034619122839183
fluxv_periodic_v1,FluxV augmented v1 (exploratory),exploratory_local_model,0.421875,6.6909628367043315,-2.5305066106716656,1.7317486122122685,-0.6549433045996567,0.6549433045996567
fluxv_periodic_v1,FluxV augmented v1 (exploratory),exploratory_local_model,0.4296875,6.555013265511611,-2.3213491878709043,1.6965622740140713,-0.6008093801542594,0.6008093801542594
fluxv_periodic_v1,FluxV augmented v1 (exploratory),exploratory_local_model,0.4375,6.419063694318892,-2.112191765070143,1.6613759358158746,-0.5466754557088622,0.5466754557088622
fluxv_periodic_v1,FluxV augmented v1 (exploratory),exploratory_local_model,0.4453125,6.28311412312617,-1.9030343422693814,1.6261895976176772,-0.4925415312634649,0.4925415312634649
fluxv_periodic_v1,FluxV augmented v1 (exploratory),exploratory_local_model,0.453125,6.147164551933451,-1.69387691946862,1.5910032594194805,-0.4384076068180677,0.4384076068180677
fluxv_periodic_v1,FluxV augmented v1 (exploratory),exploratory_local_model,0.4609375,5.967043133623829,-1.4889446249458398,1.5443844059300724,-0.38536722603901313,0.38536722603901313
fluxv_periodic_v1,FluxV augmented v1 (exploratory),exploratory_local_model,0.46875,5.6985780210804,-1.2924625869790225,1.4749005218582414,-0.3345139325926443,0.3345139325926443
fluxv_periodic_v1,FluxV augmented v1 (exploratory),exploratory_local_model,0.4765625,5.43011290853697,-1.0959805490122052,1.4054166377864101,-0.2836606391462754,0.2836606391462754
fluxv_periodic_v1,FluxV augmented v1 (exploratory),exploratory_local_model,0.484375,5.16164779599354,-0.8994985110453879,1.3359327537145789,-0.2328073456999065,0.2328073456999065
fluxv_periodic_v1,FluxV augmented v1 (exploratory),exploratory_local_model,0.4921875,4.893182683450109,-0.7030164730785705,1.2664488696427474,-0.18195405225353758,0.18195405225353758
fluxv_periodic_v1,FluxV augmented v1 (exploratory),exploratory_local_model,0.5,4.624717570906681,-0.5065344351117531,1.1969649855709164,-0.1311007588071687,0.1311007588071687
fluxv_periodic_v1,FluxV augmented v1 (exploratory),exploratory_local_model,0.5078125,4.317491850406779,-0.38904283240360293,1.117449117960198,-0.10069169438668052,0.10069169438668052
fluxv_periodic_v1,FluxV augmented v1 (exploratory),exploratory_local_model,0.515625,4.010266129906878,-0.2715512296954526,1.0379332503494796,-0.07028262996619232,0.07028262996619232
fluxv_periodic_v1,FluxV augmented v1 (exploratory),exploratory_local_model,0.5234375,3.703040409406977,-0.1540596269873023,0.9584173827387612,-0.039873565545704114,0.039873565545704114
fluxv_periodic_v1,FluxV augmented v1 (exploratory),exploratory_local_model,0.53125,3.395814688907076,-0.03656802427915206,0.8789015151280429,-0.00946450112521593,0.00946450112521593
fluxv_periodic_v1,FluxV augmented v1 (exploratory),exploratory_local_model,0.5390625,3.088588968407175,0.08092357842899818,0.7993856475173247,0.020944563295272254,-0.020944563295272254
fluxv_periodic_v1,FluxV augmented v1 (exploratory),exploratory_local_model,0.546875,2.813450850189358,0.13732017730550794,0.7281746624888847,0.0355410771635204,-0.0355410771635204
fluxv_periodic_v1,FluxV augmented v1 (exploratory),exploratory_local_model,0.5546875,2.554356533112585,0.16316927426619218,0.6611161187515847,0.04223131575564717,-0.04223131575564717
fluxv_periodic_v1,FluxV augmented v1 (exploratory),exploratory_local_model,0.5625,2.295262216035813,0.18901837122687642,0.5940575750142848,0.04892155434777394,-0.04892155434777394
fluxv_periodic_v1,FluxV augmented v1 (exploratory),exploratory_local_model,0.5703125,2.036167898959041,0.2148674681875607,0.5269990312769849,0.05561179293990071,-0.05561179293990071
fluxv_periodic_v1,FluxV augmented v1 (exploratory),exploratory_local_model,0.578125,1.7770735818822685,0.24071656514824494,0.4599404875396849,0.06230203153202748,-0.06230203153202748
fluxv_periodic_v1,FluxV augmented v1 (exploratory),exploratory_local_model,0.5859375,1.5317044546865823,0.24142409078310145,0.3964342843412585,0.062485152641226595,-0.062485152641226595
fluxv_periodic_v1,FluxV augmented v1 (exploratory),exploratory_local_model,0.59375,1.313785707253071,0.19184847376629813,0.3400327622205797,0.04965403878456928,-0.04965403878456928
fluxv_periodic_v1,FluxV augmented v1 (exploratory),exploratory_local_model,0.6015625,1.0958669598195596,0.14227285674949483,0.28363124009990087,0.036822924927911976,-0.036822924927911976
fluxv_periodic_v1,FluxV augmented v1 (exploratory),exploratory_local_model,0.609375,0.8779482123860481,0.09269723973269152,0.22722971797922206,0.023991811071254664,-0.023991811071254664
fluxv_periodic_v1,FluxV augmented v1 (exploratory),exploratory_local_model,0.6171875,0.6600294649525367,0.04312162271588822,0.17082819585854322,0.011160697214597356,-0.011160697214597356
fluxv_periodic_v1,FluxV augmented v1 (exploratory),exploratory_local_model,0.625,0.44211071751902525,-0.0064539943009150925,0.1144266737378644,-0.0016704166420599552,0.0016704166420599552
fluxv_periodic_v1,FluxV augmented v1 (exploratory),exploratory_local_model,0.6328125,0.23323497783595395,-0.11701490542953519,0.060365654248009194,-0.030285686086034068,0.030285686086034068
fluxv_periodic_v1,FluxV augmented v1 (exploratory),exploratory_local_model,0.640625,0.024359238152882677,-0.22757581655815529,0.006304634758153986,-0.05890095553000818,0.05890095553000818
fluxv_periodic_v1,FluxV augmented v1 (exploratory),exploratory_local_model,0.6484375,-0.18451650153018864,-0.33813672768677544,-0.04775638473170123,-0.0875162249739823,0.0875162249739823
fluxv_periodic_v1,FluxV augmented v1 (exploratory),exploratory_local_model,0.65625,-0.3933922412132599,-0.4486976388153955,-0.10181740422155643,-0.11613149441795641,0.11613149441795641
fluxv_periodic_v1,FluxV augmented v1 (exploratory),exploratory_local_model,0.6640625,-0.602267980896331,-0.5592585499440155,-0.1558784237114116,-0.1447467638619305,0.1447467638619305
fluxv_periodic_v1,FluxV augmented v1 (exploratory),exploratory_local_model,0.671875,-0.8227368259851129,-0.7007541644678577,-0.21293995967214568,-0.18136852369918569,0.18136852369918569
fluxv_periodic_v1,FluxV augmented v1 (exploratory),exploratory_local_model,0.6796875,-1.0490022237767507,-0.8577171306893132,-0.2715017538683194,-0.22199352873308204,0.22199352873308204
fluxv_periodic_v1,FluxV augmented v1 (exploratory),exploratory_local_model,0.6875,-1.2752676215683887,-1.0146800969107688,-0.3300635480644931,-0.26261853376697836,0.26261853376697836
fluxv_periodic_v1,FluxV augmented v1 (exploratory),exploratory_local_model,0.6953125,-1.5015330193600263,-1.171643063132224,-0.3886253422606668,-0.3032435388008747,0.3032435388008747
fluxv_periodic_v1,FluxV augmented v1 (exploratory),exploratory_local_model,0.703125,-1.7277984171516643,-1.3286060293536799,-0.44718713645684055,-0.34386854383477106,0.34386854383477106
fluxv_periodic_v1,FluxV augmented v1 (exploratory),exploratory_local_model,0.7109375,-1.9622892561371932,-1.492411203654415,-0.5078778314883641,-0.3862644426301393,0.3862644426301393
fluxv_periodic_v1,FluxV augmented v1 (exploratory),exploratory_local_model,0.71875,-2.2132309775105057,-1.6699007941137105,-0.5728263281905877,-0.4322021289484516,0.4322021289484516
fluxv_periodic_v1,FluxV augmented v1 (exploratory),exploratory_local_model,0.7265625,-2.4641726988838184,-1.8473903845730058,-0.6377748248928112,-0.4781398152667639,0.4781398152667639
fluxv_periodic_v1,FluxV augmented v1 (exploratory),exploratory_local_model,0.734375,-2.7151144202571307,-2.024879975032301,-0.7027233215950347,-0.5240775015850762,0.5240775015850762
fluxv_periodic_v1,FluxV augmented v1 (exploratory),exploratory_local_model,0.7421875,-2.966056141630443,-2.2023695654915962,-0.7676718182972583,-0.5700151879033885,0.5700151879033885
fluxv_periodic_v1,FluxV augmented v1 (exploratory),exploratory_local_model,0.75,-3.2169978630037557,-2.3798591559508915,-0.8326203149994819,-0.6159528742217008,0.6159528742217008
fluxv_periodic_v1,FluxV augmented v1 (exploratory),exploratory_local_model,0.7578125,-3.476304868509783,-2.5335741631049156,-0.8997339065529459,-0.6557372455912324,0.6557372455912324
fluxv_periodic_v1,FluxV augmented v1 (exploratory),exploratory_local_model,0.765625,-3.7356118740158095,-2.687289170258939,-0.9668474981064098,-0.695521616960764,0.695521616960764
fluxv_periodic_v1,FluxV augmented v1 (exploratory),exploratory_local_model,0.7734375,-3.994918879521836,-2.8410041774129637,-1.0339610896598737,-0.7353059883302957,0.7353059883302957
fluxv_periodic_v1,FluxV augmented v1 (exploratory),exploratory_local_model,0.78125,-4.254225885027863,-2.9947191845669874,-1.1010746812133378,-0.7750903596998272,0.7750903596998272
fluxv_periodic_v1,FluxV augmented v1 (exploratory),exploratory_local_model,0.7890625,-4.513532890533891,-3.1484341917210115,-1.1681882727668018,-0.8148747310693589,0.8148747310693589
fluxv_periodic_v1,FluxV augmented v1 (exploratory),exploratory_local_model,0.796875,-4.754158393028464,-3.2517699305851737,-1.2304667355497616,-0.8416199883271448,0.8416199883271448
fluxv_periodic_v1,FluxV augmented v1 (exploratory),exploratory_local_model,0.8046875,-4.985443144017312,-3.3299160353043993,-1.2903276339474694,-0.8618456885290564,0.8618456885290564
fluxv_periodic_v1,FluxV augmented v1 (exploratory),exploratory_local_model,0.8125,-5.216727895006159,-3.408062140023626,-1.350188532345177,-0.8820713887309682,0.8820713887309682
fluxv_periodic_v1,FluxV augmented v1 (exploratory),exploratory_local_model,0.8203125,-5.4480126459950045,-3.4862082447428517,-1.4100494307428844,-0.9022970889328799,0.9022970889328799
fluxv_periodic_v1,FluxV augmented v1 (exploratory),exploratory_local_model,0.828125,-5.679297396983852,-3.5643543494620786,-1.4699103291405922,-0.9225227891347917,0.9225227891347917
fluxv_periodic_v1,FluxV augmented v1 (exploratory),exploratory_local_model,0.8359375,-5.884659569575115,-3.605317859692509,-1.523061970550842,-0.933124925736679,0.933124925736679
fluxv_periodic_v1,FluxV augmented v1 (exploratory),exploratory_local_model,0.84375,-6.038176585371209,-3.5719161809453404,-1.5627950979861758,-0.9244799351385157,0.9244799351385157
fluxv_periodic_v1,FluxV augmented v1 (exploratory),exploratory_local_model,0.8515625,-6.191693601167303,-3.538514502198171,-1.6025282254215094,-0.9158349445403522,0.9158349445403522
fluxv_periodic_v1,FluxV augmented v1 (exploratory),exploratory_local_model,0.859375,-6.345210616963398,-3.505112823451003,-1.6422613528568433,-0.9071899539421889,0.9071899539421889
fluxv_periodic_v1,FluxV augmented v1 (exploratory),exploratory_local_model,0.8671875,-6.498727632759493,-3.4717111447038347,-1.6819944802921771,-0.8985449633440257,0.8985449633440257
fluxv_periodic_v1,FluxV augmented v1 (exploratory),exploratory_local_model,0.875,-6.6522446485555875,-3.438309465956666,-1.7217276077275108,-0.8898999727458623,0.8898999727458623
fluxv_periodic_v1,FluxV augmented v1 (exploratory),exploratory_local_model,0.8828125,-6.676496321487793,-3.2942401516782147,-1.7280044025579628,-0.8526120903957386,0.8526120903957386
fluxv_periodic_v1,FluxV augmented v1 (exploratory),exploratory_local_model,0.890625,-6.700747994419999,-3.1501708373997634,-1.734281197388415,-0.8153242080456149,0.8153242080456149
fluxv_periodic_v1,FluxV augmented v1 (exploratory),exploratory_local_model,0.8984375,-6.724999667352204,-3.0061015231213117,-1.740557992218867,-0.7780363256954911,0.7780363256954911
fluxv_periodic_v1,FluxV augmented v1 (exploratory),exploratory_local_model,0.90625,-6.749251340284408,-2.8620322088428605,-1.7468347870493186,-0.7407484433453674,0.7407484433453674
fluxv_periodic_v1,FluxV augmented v1 (exploratory),exploratory_local_model,0.9140625,-6.7735030132166125,-2.717962894564409,-1.7531115818797707,-0.7034605609952437,0.7034605609952437
fluxv_periodic_v1,FluxV augmented v1 (exploratory),exploratory_local_model,0.921875,-6.6909540747645,-2.5305017657276982,-1.731746344455368,-0.6549420506358855,0.6549420506358855
fluxv_periodic_v1,FluxV augmented v1 (exploratory),exploratory_local_model,0.9296875,-6.5550048306202156,-2.3213447296118526,-1.696560090903535,-0.6008082262719089,0.6008082262719089
fluxv_periodic_v1,FluxV augmented v1 (exploratory),exploratory_local_model,0.9375,-6.419055586475935,-2.1121876934960073,-1.6613738373517026,-0.5466744019079324,0.5466744019079324
fluxv_periodic_v1,FluxV augmented v1 (exploratory),exploratory_local_model,0.9453125,-6.283106342331651,-1.9030306573801623,-1.6261875837998698,-0.4925405775439559,0.4925405775439559
fluxv_periodic_v1,FluxV augmented v1 (exploratory),exploratory_local_model,0.953125,-6.147157098187369,-1.6938736212643166,-1.5910013302480372,-0.4384067531799793,0.4384067531799793
fluxv_periodic_v1,FluxV augmented v1 (exploratory),exploratory_local_model,0.9609375,-5.967034797127058,-1.4889413887929475,-1.5443822482859386,-0.38536638846101173,0.38536638846101173
fluxv_periodic_v1,FluxV augmented v1 (exploratory),exploratory_local_model,0.96875,-5.69856638223468,-1.2924587636105311,-1.4748975095033061,-0.33451294303206225,0.33451294303206225
fluxv_periodic_v1,FluxV augmented v1 (exploratory),exploratory_local_model,0.9765625,-5.430097967342302,-1.0959761384281144,-1.4054127707206736,-0.28365949760311265,0.28365949760311265
fluxv_periodic_v1,FluxV augmented v1 (exploratory),exploratory_local_model,0.984375,-5.161629552449925,-0.8994935132456979,-1.335928031938041,-0.23280605217416314,0.23280605217416314
fluxv_periodic_v1,FluxV augmented v1 (exploratory),exploratory_local_model,0.9921875,-4.893161137557548,-0.7030108880632815,-1.2664432931554086,-0.1819526067452136,0.1819526067452136
one_state_ullt_local,Local one-state ULLT reconstruction,exploratory_local_model,0.0,-1.3165749827862414,-0.30831520703011067,-0.3407546798506027,-0.07979784747411924,0.07979784747411924
one_state_ullt_local,Local one-state ULLT reconstruction,exploratory_local_model,0.0078125,-1.0533981927215752,-0.2644174578906648,-0.2726395143529192,-0.06843627395969785,0.06843627395969785
one_state_ullt_local,Local one-state ULLT reconstruction,exploratory_local_model,0.015625,-0.8028544349216665,-0.23653458163831012,-0.20779401820274962,-0.06121965455335166,0.06121965455335166
one_state_ullt_local,Local one-state ULLT reconstruction,exploratory_local_model,0.0234375,-0.5653204616242928,-0.22373769902794727,-0.1463157020545157,-0.05790757761584849,0.05790757761584849
one_state_ullt_local,Local one-state ULLT reconstruction,exploratory_local_model,0.03125,-0.3407059524460244,-0.2249981894763011,-0.08818118927282488,-0.05823381655005228,0.05823381655005228
one_state_ullt_local,Local one-state ULLT reconstruction,exploratory_local_model,0.0390625,-0.12849962627396913,-0.23925294882199205,-0.033258150568259474,-0.06192321975207025,0.06192321975207025
one_state_ullt_local,Local one-state ULLT reconstruction,exploratory_local_model,0.046875,0.07216923303340679,-0.2654607720003407,0.01867877197948764,-0.06870630352130615,0.06870630352130615
one_state_ullt_local,Local one-state ULLT reconstruction,exploratory_local_model,0.0546875,0.2624590538756673,-0.3026470159067809,0.06792940170261126,-0.07833081166012043,0.07833081166012043
one_state_ullt_local,Local one-state ULLT reconstruction,exploratory_local_model,0.0625,0.4437394962492106,-0.3499351086422487,0.11484823269349427,-0.09056987066663366,0.09056987066663366
one_state_ullt_local,Local one-state ULLT reconstruction,exploratory_local_model,0.0703125,0.6175152747506739,-0.40656481057021765,0.15982471374719015,-0.10522671604407097,0.10522671604407097
one_state_ullt_local,Local one-state ULLT reconstruction,exploratory_local_model,0.078125,0.7853545062651741,-0.4718982254648139,0.20326470337851402,-0.12213624810037717,0.12213624810037717
one_state_ullt_local,Local one-state ULLT reconstruction,exploratory_local_model,0.0859375,0.948824690033318,-0.5454153079072697,0.2455739002441186,-0.14116386917685686,0.14116386917685686
one_state_ullt_local,Local one-state ULLT reconstruction,exploratory_local_model,0.09375,1.1094382380387064,-0.6267009985551876,0.2871437453694011,-0.16220215401084986,0.16220215401084986
one_state_ullt_local,Local one-state ULLT reconstruction,exploratory_local_model,0.1015625,1.268608370866491,-0.7154261901298405,0.3283400071567297,-0.18516592337073978,0.18516592337073978
one_state_ullt_local,Local one-state ULLT reconstruction,exploratory_local_model,0.109375,1.4276152869318521,-0.8113245707468453,0.3694940253374631,-0.20998625066891102,0.20998625066891102
one_state_ullt_local,Local one-state ULLT reconstruction,exploratory_local_model,0.1171875,1.587581850295732,-0.9141671045306177,0.41089641851563435,-0.23660385705875073,0.23660385705875073
one_state_ullt_local,Local one-state ULLT reconstruction,exploratory_local_model,0.125,1.74945762380644,-1.023735577655613,0.45279295164090777,-0.26496226464630324,0.26496226464630324
one_state_ullt_local,Local one-state ULLT reconstruction,exploratory_local_model,0.1328125,1.9140098667177345,-1.1397963227376442,0.49538220602068705,-0.29500099586232165,0.29500099586232165
one_state_ullt_local,Local one-state ULLT reconstruction,exploratory_local_model,0.140625,2.0818200710799935,-1.262074971527515,0.5388146828721857,-0.32664903897854247,0.32664903897854247
one_state_ullt_local,Local one-state ULLT reconstruction,exploratory_local_model,0.1484375,2.2532846788587118,-1.3902328882625867,0.5831929889263519,-0.3598187486102421,0.3598187486102421
one_state_ullt_local,Local one-state ULLT reconstruction,exploratory_local_model,0.15625,2.4286187594346913,-1.523845801564311,0.6285727882349553,-0.3944003152443603,0.3944003152443603
one_state_ullt_local,Local one-state ULLT reconstruction,exploratory_local_model,0.1640625,2.607861601713862,-1.6623850698903933,0.674964249515112,-0.43025691638171876,0.43025691638171876
one_state_ullt_local,Local one-state ULLT reconstruction,exploratory_local_model,0.171875,2.7908833650036984,-1.8052019696874302,0.722333767522767,-0.4672206500116903,0.4672206500116903
one_state_ullt_local,Local one-state ULLT reconstruction,exploratory_local_model,0.1796875,2.977392123912111,-1.9515153714913083,0.7706057864066986,-0.5050893449522714,0.5050893449522714
one_state_ullt_local,Local one-state ULLT reconstruction,exploratory_local_model,0.1875,3.1669408278422178,-2.1004031545814854,0.8196646009583093,-0.5436243387991023,0.5436243387991023
one_state_ullt_local,Local one-state ULLT reconstruction,exploratory_local_model,0.1953125,3.358933871041871,-2.25079769483428,0.8693560570655706,-0.5825493100959632,0.5825493100959632
one_state_ullt_local,Local one-state ULLT reconstruction,exploratory_local_model,0.203125,3.5526331330942007,-2.40148573541056,0.9194891151070175,-0.621550244866286,0.621550244866286
one_state_ullt_local,Local one-state ULLT reconstruction,exploratory_local_model,0.2109375,3.7471635010394766,-2.55111291023154,0.9698372791820559,-0.66027660737484,0.66027660737484
one_state_ullt_local,Local one-state ULLT reconstruction,exploratory_local_model,0.21875,3.941518021724629,-2.6981931320978148,1.020139930637145,-0.698343769951736,0.698343769951736
one_state_ullt_local,Local one-state ULLT reconstruction,exploratory_local_model,0.2265625,4.134562954917093,-2.8411229787340324,1.0701036359078984,-0.7353367363747716,0.7353367363747716
one_state_ullt_local,Local one-state ULLT reconstruction,exploratory_local_model,0.234375,4.325043101962783,-2.97820111032322,1.1194035256772517,-0.7708151674971229,0.7708151674971229
one_state_ullt_local,Local one-state ULLT reconstruction,exploratory_local_model,0.2421875,4.511587868415531,-3.1076526318176363,1.1676848639994248,-0.8043196866773761,0.8043196866773761
one_state_ullt_local,Local one-state ULLT reconstruction,exploratory_local_model,0.25,4.692718579253417,-3.2276581745606285,1.214564941617227,-0.8353794066571271,0.8353794066571271
one_state_ullt_local,Local one-state ULLT reconstruction,exploratory_local_model,0.2578125,4.8668575983102,-3.3363873175053524,1.2596354362445934,-0.8635205796088959,0.8635205796088959
one_state_ullt_local,Local one-state ULLT reconstruction,exploratory_local_model,0.265625,5.0323398067965055,-3.4320358033108715,1.3024653834264752,-0.8882762293705825,0.8882762293705825
one_state_ullt_local,Local one-state ULLT reconstruction,exploratory_local_model,0.2734375,5.187426965978723,-3.5128658341181933,1.3426048938736794,-0.9091965807597409,0.9091965807597409
one_state_ullt_local,Local one-state ULLT reconstruction,exploratory_local_model,0.28125,5.330325424764923,-3.5772485627445243,1.3795897365233456,-0.9258600571039025,0.9258600571039025
one_state_ullt_local,Local one-state ULLT reconstruction,exploratory_local_model,0.2890625,5.459207532829454,-3.623707734598812,1.4129468806634073,-0.9378845755994831,0.9378845755994831
one_state_ullt_local,Local one-state ULLT reconstruction,exploratory_local_model,0.296875,5.572236984900341,-3.650963292024057,1.4422010555168556,-0.944938832946022,0.944938832946022
one_state_ullt_local,Local one-state ULLT reconstruction,exploratory_local_model,0.3046875,5.667598153534323,-3.657973633946909,1.4668823421225632,-0.9467532429483367,0.9467532429483367
one_state_ullt_local,Local one-state ULLT reconstruction,exploratory_local_model,0.3125,5.743529270649967,-3.643975138033377,1.4865347613480018,-0.9431301656031248,0.9431301656031248
one_state_ullt_local,Local one-state ULLT reconstruction,exploratory_local_model,0.3203125,5.798359097448259,-3.608517507155889,1.5007257647630723,-0.9339530554378157,0.9339530554378157
one_state_ullt_local,Local one-state ULLT reconstruction,exploratory_local_model,0.328125,5.830546486274656,-3.5514935036282553,1.509056474003464,-0.9191941572968708,0.9191941572968708
one_state_ullt_local,Local one-state ULLT reconstruction,exploratory_local_model,0.3359375,5.838721995346271,-3.4731616882592142,1.5111724514546063,-0.8989203916419086,0.8989203916419086
one_state_ullt_local,Local one-state ULLT reconstruction,exploratory_local_model,0.34375,5.8217304791492115,-3.3741608904273894,1.5067747234576394,-0.8732970996826881,0.8732970996826881
one_state_ullt_local,Local one-state ULLT reconstruction,exploratory_local_model,0.3515625,5.778673354681062,-3.2555153012976326,1.4956307196179326,-0.8425893615984984,0.8425893615984984
one_state_ullt_local,Local one-state ULLT reconstruction,exploratory_local_model,0.359375,5.708949049303667,-3.1186293047921696,1.4775847414797187,-0.8071606586950475,0.8071606586950475
one_state_ullt_local,Local one-state ULLT reconstruction,exploratory_local_model,0.3671875,5.612289980745729,-2.9652714370961895,1.452567533655054,-0.7674687218190152,0.7674687218190152
one_state_ullt_local,Local one-state ULLT reconstruction,exploratory_local_model,0.375,5.488794315741944,-2.7975471913847363,1.4206045035644737,-0.7240584927034363,0.7240584927034363
one_state_ullt_local,Local one-state ULLT reconstruction,exploratory_local_model,0.3828125,5.338950710662792,-2.6178607541324683,1.3818221247831683,-0.6775522205959302,0.6775522205959302
one_state_ullt_local,Local one-state ULLT reconstruction,exploratory_local_model,0.390625,5.163654264768717,-2.4288661660685755,1.3364520660469983,-0.6286368217836893,0.6286368217836893
one_state_ullt_local,Local one-state ULLT reconstruction,exploratory_local_model,0.3984375,4.964212023072631,-2.2334088368333234,1.284832615498111,-0.5780487424727323,0.5780487424727323
one_state_ullt_local,Local one-state ULLT reconstruction,exploratory_local_model,0.40625,4.742336558942063,-2.0344587986776372,1.2274070197401588,-0.5265566835741675,0.5265566835741675
one_state_ullt_local,Local one-state ULLT reconstruction,exploratory_local_model,0.4140625,4.500126455915956,-1.835037550717342,1.1647184321607587,-0.4749426666039309,0.4749426666039309
one_state_ullt_local,Local one-state ULLT reconstruction,exploratory_local_model,0.421875,4.240032902183297,-1.6381408068822523,1.0974012669463507,-0.42398203938073736,0.42398203938073736
one_state_ullt_local,Local one-state ULLT reconstruction,exploratory_local_model,0.4296875,3.9648121196155177,-1.4466598977788794,1.0261688868097896,-0.37442313333123983,0.37442313333123983
one_state_ullt_local,Local one-state ULLT reconstruction,exploratory_local_model,0.4375,3.677463979224314,-1.2633049597576886,0.9517977155017531,-0.3269673833577634,0.3269673833577634
one_state_ullt_local,Local one-state ULLT reconstruction,exploratory_local_model,0.4453125,3.3811579058999395,-1.0905333317560904,0.875108060545861,-0.28225079557758176,0.28225079557758176
one_state_ullt_local,Local one-state ULLT reconstruction,exploratory_local_model,0.453125,3.0791480332725993,-0.9304867172377174,0.7969421537009189,-0.24082768363604523,0.24082768363604523
one_state_ullt_local,Local one-state ULLT reconstruction,exploratory_local_model,0.4609375,2.7746804951382664,-0.7849405895181244,0.7181401562162756,-0.20315757384129066,0.20315757384129066
one_state_ullt_local,Local one-state ULLT reconstruction,exploratory_local_model,0.46875,2.47089666202754,-0.6552689582818998,0.6395151146129738,-0.1695960860678448,0.1695960860678448
one_state_ullt_local,Local one-state ULLT reconstruction,exploratory_local_model,0.4765625,2.1707369426814496,-0.5424269234168576,0.5618280626735781,-0.14039041835664923,0.14039041835664923
one_state_ullt_local,Local one-state ULLT reconstruction,exploratory_local_model,0.484375,1.8768503339503735,-0.4469524076731665,0.4857646112333828,-0.11567979536024152,0.11567979536024152
one_state_ullt_local,Local one-state ULLT reconstruction,exploratory_local_model,0.4921875,1.5915150739315527,-0.36898712965022795,0.41191441170123216,-0.09550089655119201,0.09550089655119201
one_state_ullt_local,Local one-state ULLT reconstruction,exploratory_local_model,0.5,1.3165754133261935,-0.3083153718727487,0.340754791282542,-0.0797978901385334,0.0797978901385334
one_state_ullt_local,Local one-state ULLT reconstruction,exploratory_local_model,0.5078125,1.0533986132827573,-0.26441759813852556,0.2726396232021628,-0.06843631025851525,0.06843631025851525
one_state_ullt_local,Local one-state ULLT reconstruction,exploratory_local_model,0.515625,0.8028548460110692,-0.23653469820901116,0.20779412460051624,-0.06121968472406919,0.06121968472406919
one_state_ullt_local,Local one-state ULLT reconstruction,exploratory_local_model,0.5234375,0.5653208636268983,-0.22373779283116274,0.14631580610044614,-0.05790760189390715,0.05790760189390715
one_state_ullt_local,Local one-state ULLT reconstruction,exploratory_local_model,0.53125,0.34070634563947544,-0.22499826142647764,0.08818129103877842,-0.05823383517212827,0.05823383517212827
one_state_ullt_local,Local one-state ULLT reconstruction,exploratory_local_model,0.5390625,0.12850001083320642,-0.2392529998501006,0.03325825009951405,-0.06192323295911657,0.06192323295911657
one_state_ullt_local,Local one-state ULLT reconstruction,exploratory_local_model,0.546875,-0.07216885703524276,-0.26546080306467335,-0.018678674664001867,-0.06870631156134707,0.06870631156134707
one_state_ullt_local,Local one-state ULLT reconstruction,exploratory_local_model,0.5546875,-0.26245868644192466,-0.3026470279982869,-0.06792930660376084,-0.07833081478963248,0.07833081478963248
one_state_ullt_local,Local one-state ULLT reconstruction,exploratory_local_model,0.5625,-0.4437391374499433,-0.3499351027885421,-0.11484813982941053,-0.09056986915158291,0.09056986915158291
one_state_ullt_local,Local one-state ULLT reconstruction,exploratory_local_model,0.5703125,-0.617514924709949,-0.40656478783647587,-0.15982462314998397,-0.10522671016014562,0.10522671016014562
one_state_ullt_local,Local one-state ULLT reconstruction,exploratory_local_model,0.578125,-0.7853541651390679,-0.47189818694994934,-0.20326461508858093,-0.1221362381319967,0.1221362381319967
one_state_ullt_local,Local one-state ULLT reconstruction,exploratory_local_model,0.5859375,-0.9488243580074239,-0.5454152547417745,-0.24557381430949374,-0.1411638554166142,0.1411638554166142
one_state_ullt_local,Local one-state ULLT reconstruction,exploratory_local_model,0.59375,-1.1094379152990106,-0.6267009318906794,-0.2871436618382212,-0.16220213675680553,0.16220213675680553
one_state_ullt_local,Local one-state ULLT reconstruction,exploratory_local_model,0.6015625,-1.268608057599763,-0.7154261111341672,-0.32833992607733425,-0.18516590292515503,0.18516590292515503
one_state_ullt_local,Local one-state ULLT reconstruction,exploratory_local_model,0.609375,-1.4276149833080567,-0.8113244805932069,-0.36949394675384234,-0.20998622733543243,0.20998622733543243
one_state_ullt_local,Local one-state ULLT reconstruction,exploratory_local_model,0.6171875,-1.5875815564683633,-0.9141670043912467,-0.4108963424675154,-0.23660383114077435,0.23660383114077435
one_state_ullt_local,Local one-state ULLT reconstruction,exploratory_local_model,0.625,-1.7494573398926978,-1.0237354686883589,-0.4527928781586241,-0.26496223644350253,0.26496223644350253
one_state_ullt_local,Local one-state ULLT reconstruction,exploratory_local_model,0.6328125,-1.914009592806631,-1.1397962060815827,-0.4953821351272768,-0.2950009656695112,0.2950009656695112
one_state_ullt_local,Local one-state ULLT reconstruction,exploratory_local_model,0.640625,-2.081819807216626,-1.2620748482902355,-0.5388146145793209,-0.3266490070823875,0.3266490070823875
one_state_ullt_local,Local one-state ULLT reconstruction,exploratory_local_model,0.6484375,-2.253284425058537,-1.3902327595190427,-0.5831929232380331,-0.359818715288961,0.359818715288961
one_state_ullt_local,Local one-state ULLT reconstruction,exploratory_local_model,0.65625,-2.4286185156616784,-1.5238456683415014,-0.6285727251418569,-0.3944002807637599,0.3944002807637599
one_state_ullt_local,Local one-state ULLT reconstruction,exploratory_local_model,0.6640625,-2.6078613679029563,-1.6623849331709233,-0.6749641890003967,-0.43025688099611614,0.43025688099611614
one_state_ullt_local,Local one-state ULLT reconstruction,exploratory_local_model,0.671875,-2.790883141038439,-1.8052018303942692,-0.7223337095562925,-0.46722061395996733,0.46722061395996733
one_state_ullt_local,Local one-state ULLT reconstruction,exploratory_local_model,0.6796875,-2.9773919096496893,-1.9515152304942163,-0.7706057309515033,-0.5050893084595387,0.5050893084595387
one_state_ullt_local,Local one-state ULLT reconstruction,exploratory_local_model,0.6875,-3.166940623102374,-2.100403012688185,-0.8196645479677385,-0.5436243020744138,0.5436243020744138
one_state_ullt_local,Local one-state ULLT reconstruction,exploratory_local_model,0.6953125,-3.358933675611728,-2.2507975527891917,-0.8693560064845276,-0.5825492733319891,0.5825492733319891
one_state_ullt_local,Local one-state ULLT reconstruction,exploratory_local_model,0.703125,-3.5526329467337026,-2.401485593894843,-0.9194890668733713,-0.6215502082393232,0.6215502082393232
one_state_ullt_local,Local one-state ULLT reconstruction,exploratory_local_model,0.7109375,-3.7471633234870385,-2.5511127698641007,-0.9698372332281033,-0.6602765710450733,0.6602765710450733
one_state_ullt_local,Local one-state ULLT reconstruction,exploratory_local_model,0.71875,-3.941517852690443,-2.698192993430444,-1.0201398868878784,-0.6983437340619795,0.6983437340619795
one_state_ullt_local,Local one-state ULLT reconstruction,exploratory_local_model,0.7265625,-4.134562794106806,-2.8411228422635477,-1.0701035942871335,-0.735336701053611,0.735336701053611
one_state_ullt_local,Local one-state ULLT reconstruction,exploratory_local_model,0.734375,-4.325042949058877,-2.978200976481597,-1.1194034861028086,-0.7708151328563618,0.7708151328563618
one_state_ullt_local,Local one-state ULLT reconstruction,exploratory_local_model,0.7421875,-4.511587723098996,-3.1076525009842015,-1.167684826388738,-0.8043196528151915,0.8043196528151915
one_state_ullt_local,Local one-state ULLT reconstruction,exploratory_local_model,0.75,-4.692718441188358,-3.2276580470549274,-1.2145649058833605,-0.8353793736562233,0.8353793736562233
one_state_ullt_local,Local one-state ULLT reconstruction,exploratory_local_model,0.7578125,-4.866857467168547,-3.3363871936018805,-1.259635402302636,-0.8635205475403177,0.8635205475403177
one_state_ullt_local,Local one-state ULLT reconstruction,exploratory_local_model,0.765625,-5.032339682245242,-3.4320356832344925,-1.3024653511902362,-0.8882761982925287,0.8882761982925287
one_state_ullt_local,Local one-state ULLT reconstruction,exploratory_local_model,0.7734375,-5.187426847684206,-3.512865718048216,-1.3426048632568055,-0.9091965507186202,0.9091965507186202
one_state_ullt_local,Local one-state ULLT reconstruction,exploratory_local_model,0.78125,-5.330325312402057,-3.5772484508225375,-1.379589707441696,-0.9258600281363608,0.9258600281363608
one_state_ullt_local,Local one-state ULLT reconstruction,exploratory_local_model,0.7890625,-5.459207426080907,-3.6237076269304804,-1.4129468530348503,-0.9378845477328684,0.9378845477328684
one_state_ullt_local,Local one-state ULLT reconstruction,exploratory_local_model,0.796875,-5.572236883450602,-3.6509631886787943,-1.442201029259731,-0.9449388061982998,0.9449388061982998
one_state_ullt_local,Local one-state ULLT reconstruction,exploratory_local_model,0.8046875,-5.667598057082911,-3.657973534967448,-1.4668823171591008,-0.946753217330567,0.946753217330567
one_state_ullt_local,Local one-state ULLT reconstruction,exploratory_local_model,0.8125,-5.74352917890467,-3.6439750434350677,-1.4865347376025717,-0.9431301411192807,0.9431301411192807
one_state_ullt_local,Local one-state ULLT reconstruction,exploratory_local_model,0.8203125,-5.798359010126418,-3.6085174169298297,-1.500725742162517,-0.9339530320855932,0.9339530320855932
one_state_ullt_local,Local one-state ULLT reconstruction,exploratory_local_model,0.828125,-5.830546403109624,-3.5514934177474147,-1.5090564524787697,-0.9191941350692736,0.9191941350692736
one_state_ullt_local,Local one-state ULLT reconstruction,exploratory_local_model,0.8359375,-5.838721916084224,-3.4731616066788917,-1.5111724309400791,-0.8989203705273675,0.8989203705273675
one_state_ullt_local,Local one-state ULLT reconstruction,exploratory_local_model,0.84375,-5.821730403544284,-3.3741608130857017,-1.5067747038896442,-0.8732970796651863,0.8732970796651863
one_state_ullt_local,Local one-state ULLT reconstruction,exploratory_local_model,0.8515625,-5.778673282504578,-3.255515228121733,-1.495630700937284,-0.842589342659182,0.842589342659182
one_state_ullt_local,Local one-state ULLT reconstruction,exploratory_local_model,0.859375,-5.708948980340017,-3.1186292356984766,-1.4775847236306126,-0.8071606408122838,0.8071606408122838
one_state_ullt_local,Local one-state ULLT reconstruction,exploratory_local_model,0.8671875,-5.6122899147827106,-2.965271371988509,-1.4525675165825687,-0.7674687049679074,0.7674687049679074
one_state_ullt_local,Local one-state ULLT reconstruction,exploratory_local_model,0.875,-5.4887942525978906,-2.7975471301667625,-1.4206044872215902,-0.7240584768590588,0.7240584768590588
one_state_ullt_local,Local one-state ULLT reconstruction,exploratory_local_model,0.8828125,-5.338950650145854,-2.61786069669394,-1.3818221091202323,-0.6775522057297453,0.6775522057297453
one_state_ullt_local,Local one-state ULLT reconstruction,exploratory_local_model,0.890625,-5.163654206716946,-2.428866112301448,-1.336452051022094,-0.6286368078677327,0.6286368078677327
one_state_ullt_local,Local one-state ULLT reconstruction,exploratory_local_model,0.8984375,-4.964211967321278,-2.2334087866218275,-1.284832601068599,-0.5780487294770409,0.5780487294770409
one_state_ullt_local,Local one-state ULLT reconstruction,exploratory_local_model,0.90625,-4.74233650533678,-2.0344587519044004,-1.2274070058660906,-0.526556671468363,0.526556671468363
one_state_ullt_local,Local one-state ULLT reconstruction,exploratory_local_model,0.9140625,-4.500126404322256,-1.8350375072670086,-1.1647184188073265,-0.47494265535815716,0.47494265535815716
one_state_ullt_local,Local one-state ULLT reconstruction,exploratory_local_model,0.921875,-4.240032852461371,-1.638140766635736,-1.0974012540773692,-0.4239820289641724,0.4239820289641724
one_state_ullt_local,Local one-state ULLT reconstruction,exploratory_local_model,0.9296875,-3.9648120716375526,-1.4466598606191878,-1.0261688743921784,-0.3744231237136039,0.3744231237136039
one_state_ullt_local,Local one-state ULLT reconstruction,exploratory_local_model,0.9375,-3.6774639328763796,-1.2633049255711932,-0.951797703506025,-0.32696737450964725,0.32696737450964725
one_state_ullt_local,Local one-state ULLT reconstruction,exploratory_local_model,0.9453125,-3.381157861061896,-1.090533300429035,-0.8751080489409214,-0.2822507874695432,0.2822507874695432
one_state_ullt_local,Local one-state ULLT reconstruction,exploratory_local_model,0.953125,-3.079147989837415,-0.9304866886612321,-0.796942142459066,-0.24082767623990659,0.24082767623990659
one_state_ullt_local,Local one-state ULLT reconstruction,exploratory_local_model,0.9609375,-2.7746804530097116,-0.7849405635877152,-0.7181401453126032,-0.20315756713000693,0.20315756713000693
one_state_ullt_local,Local one-state ULLT reconstruction,exploratory_local_model,0.96875,-2.4708966211044485,-0.6552689348961541,-0.6395151040212984,-0.16959608001516843,0.16959608001516843
one_state_ullt_local,Local one-state ULLT reconstruction,exploratory_local_model,0.9765625,-2.170736902881236,-0.5424269024802603,-0.5618280523725249,-0.1403904129378591,0.1403904129378591
one_state_ullt_local,Local one-state ULLT reconstruction,exploratory_local_model,0.984375,-1.8768502951912769,-0.4469523890942181,-0.48576460120179044,-0.11567979055165582,0.11567979055165582
one_state_ullt_local,Local one-state ULLT reconstruction,exploratory_local_model,0.9921875,-1.591515036144791,-0.3689871133419757,-0.4119144019212986,-0.09550089233030574,0.09550089233030574
fluxv_periodic_v2,"FluxV augmented v2 (ULLT-state, exploratory)",exploratory_local_model,0.0,-1.3165689726926035,-0.054197196189063115,-0.34075312432390636,-0.014027266564887291,0.014027266564887291
fluxv_periodic_v2,"FluxV augmented v2 (ULLT-state, exploratory)",exploratory_local_model,0.0078125,-1.0533921826279373,-0.010299447049617279,-0.2726379588262229,-0.0026656930504659186,0.0026656930504659186
fluxv_periodic_v2,"FluxV augmented v2 (ULLT-state, exploratory)",exploratory_local_model,0.015625,-0.8028484248280287,0.017583429202737585,-0.20779246267605328,0.004550926355880319,-0.004550926355880319
fluxv_periodic_v2,"FluxV augmented v2 (ULLT-state, exploratory)",exploratory_local_model,0.0234375,-0.5653144515306551,0.030380311813100292,-0.14631414652781938,0.007863003293383448,-0.007863003293383448
fluxv_periodic_v2,"FluxV augmented v2 (ULLT-state, exploratory)",exploratory_local_model,0.03125,-0.34069994235238654,0.02911982136474635,-0.08817963374612856,0.007536764359179632,-0.007536764359179632
fluxv_periodic_v2,"FluxV augmented v2 (ULLT-state, exploratory)",exploratory_local_model,0.0390625,-0.12849361618033128,0.0148650620190555,-0.03325659504156315,0.0038473611571616935,-0.0038473611571616935
fluxv_periodic_v2,"FluxV augmented v2 (ULLT-state, exploratory)",exploratory_local_model,0.046875,0.07217524312704465,-0.011342761159293007,0.01868032750618397,-0.0029357226120741774,0.0029357226120741774
fluxv_periodic_v2,"FluxV augmented v2 (ULLT-state, exploratory)",exploratory_local_model,0.0546875,0.2624650639693052,-0.04852900506573333,0.06793095722930759,-0.012560230750888492,0.012560230750888492
fluxv_periodic_v2,"FluxV augmented v2 (ULLT-state, exploratory)",exploratory_local_model,0.0625,0.44374550634284843,-0.09581709780120128,0.1148497882201906,-0.024799289757401755,0.024799289757401755
fluxv_periodic_v2,"FluxV augmented v2 (ULLT-state, exploratory)",exploratory_local_model,0.0703125,0.6175212848443117,-0.1524467997291699,0.15982626927388646,-0.03945613513483898,0.03945613513483898
fluxv_periodic_v2,"FluxV augmented v2 (ULLT-state, exploratory)",exploratory_local_model,0.078125,0.7853605163588121,-0.21778021462376618,0.20326625890521036,-0.056365667191145184,0.056365667191145184
fluxv_periodic_v2,"FluxV augmented v2 (ULLT-state, exploratory)",exploratory_local_model,0.0859375,0.9488307001269559,-0.29129729706622204,0.24557545577081494,-0.07539328826762491,0.07539328826762491
fluxv_periodic_v2,"FluxV augmented v2 (ULLT-state, exploratory)",exploratory_local_model,0.09375,1.1094442481323445,-0.37258298771413995,0.28714530089609747,-0.09643157310161792,0.09643157310161792
fluxv_periodic_v2,"FluxV augmented v2 (ULLT-state, exploratory)",exploratory_local_model,0.1015625,1.268614380960129,-0.46130817928879303,0.328341562683426,-0.11939534246150785,0.11939534246150785
fluxv_periodic_v2,"FluxV augmented v2 (ULLT-state, exploratory)",exploratory_local_model,0.109375,1.4276212970254898,-0.5572065599057976,0.3694955808641594,-0.14421566975967906,0.14421566975967906
fluxv_periodic_v2,"FluxV augmented v2 (ULLT-state, exploratory)",exploratory_local_model,0.1171875,1.5875878603893696,-0.66004909368957,0.41089797404233064,-0.17083327614951876,0.17083327614951876
fluxv_periodic_v2,"FluxV augmented v2 (ULLT-state, exploratory)",exploratory_local_model,0.125,1.7494636339000778,-0.7696175668145655,0.45279450716760405,-0.1991916837370713,0.1991916837370713
fluxv_periodic_v2,"FluxV augmented v2 (ULLT-state, exploratory)",exploratory_local_model,0.1328125,1.914015876811372,-0.8856783118965967,0.4953837615473833,-0.2292304149530897,0.2292304149530897
fluxv_periodic_v2,"FluxV augmented v2 (ULLT-state, exploratory)",exploratory_local_model,0.140625,2.0818260811736313,-1.0079569606864673,0.538816238398882,-0.26087845806931054,0.26087845806931054
fluxv_periodic_v2,"FluxV augmented v2 (ULLT-state, exploratory)",exploratory_local_model,0.1484375,2.253290688952349,-1.136114877421539,0.5831945444530481,-0.2940481677010101,0.2940481677010101
fluxv_periodic_v2,"FluxV augmented v2 (ULLT-state, exploratory)",exploratory_local_model,0.15625,2.4286247695283287,-1.2697277907232634,0.6285743437616516,-0.3286297343351283,0.3286297343351283
fluxv_periodic_v2,"FluxV augmented v2 (ULLT-state, exploratory)",exploratory_local_model,0.1640625,2.6078676118075,-1.4082670590493456,0.6749658050418084,-0.3644863354724868,0.3644863354724868
fluxv_periodic_v2,"FluxV augmented v2 (ULLT-state, exploratory)",exploratory_local_model,0.171875,2.7908893750973367,-1.5510839588463827,0.7223353230494635,-0.40145006910245834,0.40145006910245834
fluxv_periodic_v2,"FluxV augmented v2 (ULLT-state, exploratory)",exploratory_local_model,0.1796875,2.9773981340057487,-1.6973973606502606,0.770607341933395,-0.43931876404303943,0.43931876404303943
fluxv_periodic_v2,"FluxV augmented v2 (ULLT-state, exploratory)",exploratory_local_model,0.1875,3.1669468379358556,-1.8462851437404377,0.8196661564850056,-0.47785375788987033,0.47785375788987033
fluxv_periodic_v2,"FluxV augmented v2 (ULLT-state, exploratory)",exploratory_local_model,0.1953125,3.358939881135509,-1.9966796839932324,0.869357612592267,-0.5167787291867313,0.5167787291867313
fluxv_periodic_v2,"FluxV augmented v2 (ULLT-state, exploratory)",exploratory_local_model,0.203125,3.5526391431878386,-2.147367724569513,0.9194906706337138,-0.555779663957054,0.555779663957054
fluxv_periodic_v2,"FluxV augmented v2 (ULLT-state, exploratory)",exploratory_local_model,0.2109375,3.747169511133115,-2.296994899390492,0.9698388347087522,-0.5945060264656079,0.5945060264656079
fluxv_periodic_v2,"FluxV augmented v2 (ULLT-state, exploratory)",exploratory_local_model,0.21875,3.941524031818267,-2.444075121256767,1.0201414861638414,-0.632573189042504,0.632573189042504
fluxv_periodic_v2,"FluxV augmented v2 (ULLT-state, exploratory)",exploratory_local_model,0.2265625,4.134568965010731,-2.5870049678929847,1.0701051914345947,-0.6695661554655397,0.6695661554655397
fluxv_periodic_v2,"FluxV augmented v2 (ULLT-state, exploratory)",exploratory_local_model,0.234375,4.325049112056421,-2.7240830994821725,1.119405081203948,-0.7050445865878909,0.7050445865878909
fluxv_periodic_v2,"FluxV augmented v2 (ULLT-state, exploratory)",exploratory_local_model,0.2421875,4.511593878509169,-2.8535346209765886,1.1676864195261212,-0.7385491057681441,0.7385491057681441
fluxv_periodic_v2,"FluxV augmented v2 (ULLT-state, exploratory)",exploratory_local_model,0.25,4.692724589347055,-2.973540163719581,1.2145664971439234,-0.7696088257478951,0.7696088257478951
fluxv_periodic_v2,"FluxV augmented v2 (ULLT-state, exploratory)",exploratory_local_model,0.2578125,4.866863608403838,-3.0822693066643043,1.2596369917712897,-0.7977499986996639,0.7977499986996639
fluxv_periodic_v2,"FluxV augmented v2 (ULLT-state, exploratory)",exploratory_local_model,0.265625,5.032345816890143,-3.1779177924698243,1.3024669389531716,-0.8225056484613505,0.8225056484613505
fluxv_periodic_v2,"FluxV augmented v2 (ULLT-state, exploratory)",exploratory_local_model,0.2734375,5.187432976072361,-3.2587478232771456,1.3426064494003758,-0.8434259998505088,0.8434259998505088
fluxv_periodic_v2,"FluxV augmented v2 (ULLT-state, exploratory)",exploratory_local_model,0.28125,5.33033143485856,-3.3231305519034766,1.3795912920500417,-0.8600894761946706,0.8600894761946706
fluxv_periodic_v2,"FluxV augmented v2 (ULLT-state, exploratory)",exploratory_local_model,0.2890625,5.459213542923091,-3.369589723757764,1.4129484361901035,-0.8721139946902511,0.8721139946902511
fluxv_periodic_v2,"FluxV augmented v2 (ULLT-state, exploratory)",exploratory_local_model,0.296875,5.572242994993979,-3.396845281183009,1.442202611043552,-0.87916825203679,0.87916825203679
fluxv_periodic_v2,"FluxV augmented v2 (ULLT-state, exploratory)",exploratory_local_model,0.3046875,5.66760416362796,-3.4038556231058616,1.4668838976492593,-0.8809826620391048,0.8809826620391048
fluxv_periodic_v2,"FluxV augmented v2 (ULLT-state, exploratory)",exploratory_local_model,0.3125,5.743535280743605,-3.3898571271923292,1.4865363168746981,-0.8773595846938929,0.8773595846938929
fluxv_periodic_v2,"FluxV augmented v2 (ULLT-state, exploratory)",exploratory_local_model,0.3203125,5.798365107541897,-3.354399496314841,1.5007273202897686,-0.8681824745285838,0.8681824745285838
fluxv_periodic_v2,"FluxV augmented v2 (ULLT-state, exploratory)",exploratory_local_model,0.328125,5.830552496368293,-3.2973754927872077,1.50905802953016,-0.8534235763876389,0.8534235763876389
fluxv_periodic_v2,"FluxV augmented v2 (ULLT-state, exploratory)",exploratory_local_model,0.3359375,5.838728005439908,-3.2190436774181665,1.5111740069813024,-0.8331498107326767,0.8331498107326767
fluxv_periodic_v2,"FluxV augmented v2 (ULLT-state, exploratory)",exploratory_local_model,0.34375,5.8217364892428485,-3.120042879586342,1.5067762789843355,-0.8075265187734562,0.8075265187734562
fluxv_periodic_v2,"FluxV augmented v2 (ULLT-state, exploratory)",exploratory_local_model,0.3515625,5.7786793647747,-3.0013972904565853,1.495632275144629,-0.7768187806892665,0.7768187806892665
fluxv_periodic_v2,"FluxV augmented v2 (ULLT-state, exploratory)",exploratory_local_model,0.359375,5.708955059397305,-2.8645112939511224,1.477586297006415,-0.7413900777858156,0.7413900777858156
fluxv_periodic_v2,"FluxV augmented v2 (ULLT-state, exploratory)",exploratory_local_model,0.3671875,5.612295990839367,-2.7111534262551418,1.4525690891817504,-0.7016981409097832,0.7016981409097832
fluxv_periodic_v2,"FluxV augmented v2 (ULLT-state, exploratory)",exploratory_local_model,0.375,5.488800325835582,-2.5434291805436886,1.42060605909117,-0.6582879117942043,0.6582879117942043
fluxv_periodic_v2,"FluxV augmented v2 (ULLT-state, exploratory)",exploratory_local_model,0.3828125,5.338956720756429,-2.3637427432914206,1.3818236803098645,-0.6117816396866983,0.6117816396866983
fluxv_periodic_v2,"FluxV augmented v2 (ULLT-state, exploratory)",exploratory_local_model,0.390625,5.163660274862356,-2.174748155227528,1.3364536215736948,-0.5628662408744574,0.5628662408744574
fluxv_periodic_v2,"FluxV augmented v2 (ULLT-state, exploratory)",exploratory_local_model,0.3984375,4.964218033166269,-1.979290825992276,1.2848341710248072,-0.5122781615635004,0.5122781615635004
fluxv_periodic_v2,"FluxV augmented v2 (ULLT-state, exploratory)",exploratory_local_model,0.40625,4.742342569035701,-1.7803407878365893,1.227408575266855,-0.4607861026649355,0.4607861026649355
fluxv_periodic_v2,"FluxV augmented v2 (ULLT-state, exploratory)",exploratory_local_model,0.4140625,4.500132466009594,-1.5809195398762943,1.164719987687455,-0.40917208569469893,0.40917208569469893
fluxv_periodic_v2,"FluxV augmented v2 (ULLT-state, exploratory)",exploratory_local_model,0.421875,4.240038912276935,-1.3840227960412048,1.097402822473047,-0.35821145847150543,0.35821145847150543
fluxv_periodic_v2,"FluxV augmented v2 (ULLT-state, exploratory)",exploratory_local_model,0.4296875,3.9648181297091556,-1.192541886937832,1.026170442336486,-0.3086525524220079,0.3086525524220079
fluxv_periodic_v2,"FluxV augmented v2 (ULLT-state, exploratory)",exploratory_local_model,0.4375,3.677469989317952,-1.0091869489166412,0.9517992710284494,-0.26119680244853144,0.26119680244853144
fluxv_periodic_v2,"FluxV augmented v2 (ULLT-state, exploratory)",exploratory_local_model,0.4453125,3.3811639159935774,-0.8364153209150428,0.8751096160725573,-0.21648021466834982,0.21648021466834982
fluxv_periodic_v2,"FluxV augmented v2 (ULLT-state, exploratory)",exploratory_local_model,0.453125,3.079154043366237,-0.6763687063966698,0.7969437092276153,-0.1750571027268133,0.1750571027268133
fluxv_periodic_v2,"FluxV augmented v2 (ULLT-state, exploratory)",exploratory_local_model,0.4609375,2.7746865052319043,-0.5308225786770767,0.7181417117429719,-0.1373869929320587,0.1373869929320587
fluxv_periodic_v2,"FluxV augmented v2 (ULLT-state, exploratory)",exploratory_local_model,0.46875,2.470902672121178,-0.4011509474408522,0.6395166701396702,-0.10382550515861286,0.10382550515861286
fluxv_periodic_v2,"FluxV augmented v2 (ULLT-state, exploratory)",exploratory_local_model,0.4765625,2.170742952775087,-0.28830891257580993,0.5618296182002743,-0.07461983744741726,0.07461983744741726
fluxv_periodic_v2,"FluxV augmented v2 (ULLT-state, exploratory)",exploratory_local_model,0.484375,1.8768563440440111,-0.19283439683211887,0.4857661667600791,-0.049909214451009556,0.049909214451009556
fluxv_periodic_v2,"FluxV augmented v2 (ULLT-state, exploratory)",exploratory_local_model,0.4921875,1.5915210840251903,-0.11486911880918037,0.41191596722792845,-0.02973031564196007,0.02973031564196007
fluxv_periodic_v2,"FluxV augmented v2 (ULLT-state, exploratory)",exploratory_local_model,0.5,1.3165814234198314,-0.054197361031701106,0.34075634680923833,-0.01402730922930145,0.01402730922930145
fluxv_periodic_v2,"FluxV augmented v2 (ULLT-state, exploratory)",exploratory_local_model,0.5078125,1.0534046233763952,-0.010299587297477913,0.2726411787288591,-0.002665729349283286,0.002665729349283286
fluxv_periodic_v2,"FluxV augmented v2 (ULLT-state, exploratory)",exploratory_local_model,0.515625,0.802860856104707,0.017583312632036517,0.20779568012721258,0.004550896185162782,-0.004550896185162782
fluxv_periodic_v2,"FluxV augmented v2 (ULLT-state, exploratory)",exploratory_local_model,0.5234375,0.565326873720536,0.03038021800988488,0.14631736162714246,0.007862979015324808,-0.007862979015324808
fluxv_periodic_v2,"FluxV augmented v2 (ULLT-state, exploratory)",exploratory_local_model,0.53125,0.3407123557331133,0.029119749414569792,0.08818284656547475,0.007536745737103641,-0.007536745737103641
fluxv_periodic_v2,"FluxV augmented v2 (ULLT-state, exploratory)",exploratory_local_model,0.5390625,0.12850602092684427,0.01486501099094699,0.03325980562621038,0.003847347950115376,-0.003847347950115376
fluxv_periodic_v2,"FluxV augmented v2 (ULLT-state, exploratory)",exploratory_local_model,0.546875,-0.0721628469416049,-0.011342792223625612,-0.018677119137305537,-0.0029357306521150786,0.0029357306521150786
fluxv_periodic_v2,"FluxV augmented v2 (ULLT-state, exploratory)",exploratory_local_model,0.5546875,-0.2624526763482868,-0.048529017157239326,-0.06792775107706452,-0.012560233880400527,0.012560233880400527
fluxv_periodic_v2,"FluxV augmented v2 (ULLT-state, exploratory)",exploratory_local_model,0.5625,-0.44373312735630543,-0.09581709194749453,-0.1148465843027142,-0.024799288242350965,0.024799288242350965
fluxv_periodic_v2,"FluxV augmented v2 (ULLT-state, exploratory)",exploratory_local_model,0.5703125,-0.6175089146163111,-0.15244677699542827,-0.15982306762328766,-0.03945612925091367,0.03945612925091367
fluxv_periodic_v2,"FluxV augmented v2 (ULLT-state, exploratory)",exploratory_local_model,0.578125,-0.78534815504543,-0.21778017610890174,-0.2032630595618846,-0.05636565722276475,0.05636565722276475
fluxv_periodic_v2,"FluxV augmented v2 (ULLT-state, exploratory)",exploratory_local_model,0.5859375,-0.948818347913786,-0.29129724390072703,-0.2455722587827974,-0.07539327450738226,0.07539327450738226
fluxv_periodic_v2,"FluxV augmented v2 (ULLT-state, exploratory)",exploratory_local_model,0.59375,-1.1094319052053727,-0.3725829210496318,-0.28714210631152487,-0.09643155584757358,0.09643155584757358
fluxv_periodic_v2,"FluxV augmented v2 (ULLT-state, exploratory)",exploratory_local_model,0.6015625,-1.268602047506125,-0.4613081002931195,-0.3283383705506379,-0.11939532201592307,0.11939532201592307
fluxv_periodic_v2,"FluxV augmented v2 (ULLT-state, exploratory)",exploratory_local_model,0.609375,-1.427608973214419,-0.5572064697521593,-0.36949239122714606,-0.14421564642620047,0.14421564642620047
fluxv_periodic_v2,"FluxV augmented v2 (ULLT-state, exploratory)",exploratory_local_model,0.6171875,-1.5875755463747256,-0.6600489935501992,-0.4108947869408191,-0.17083325023154242,0.17083325023154242
fluxv_periodic_v2,"FluxV augmented v2 (ULLT-state, exploratory)",exploratory_local_model,0.625,-1.7494513297990604,-0.7696174578473111,-0.4527913226319279,-0.19919165553427057,0.19919165553427057
fluxv_periodic_v2,"FluxV augmented v2 (ULLT-state, exploratory)",exploratory_local_model,0.6328125,-1.9140035827129933,-0.8856781952405351,-0.4953805796005805,-0.22923038476027924,0.22923038476027924
fluxv_periodic_v2,"FluxV augmented v2 (ULLT-state, exploratory)",exploratory_local_model,0.640625,-2.0818137971229884,-1.0079568374491878,-0.5388130590526247,-0.26087842617315554,0.26087842617315554
fluxv_periodic_v2,"FluxV augmented v2 (ULLT-state, exploratory)",exploratory_local_model,0.6484375,-2.2532784149648997,-1.1361147486779952,-0.5831913677113368,-0.29404813437972904,0.29404813437972904
fluxv_periodic_v2,"FluxV augmented v2 (ULLT-state, exploratory)",exploratory_local_model,0.65625,-2.428612505568041,-1.2697276575004537,-0.6285711696151607,-0.32862969985452795,0.32862969985452795
fluxv_periodic_v2,"FluxV augmented v2 (ULLT-state, exploratory)",exploratory_local_model,0.6640625,-2.6078553578093184,-1.4082669223298758,-0.6749626334737003,-0.3644863000868842,0.3644863000868842
fluxv_periodic_v2,"FluxV augmented v2 (ULLT-state, exploratory)",exploratory_local_model,0.671875,-2.7908771309448013,-1.5510838195532215,-0.7223321540295962,-0.4014500330507354,0.4014500330507354
fluxv_periodic_v2,"FluxV augmented v2 (ULLT-state, exploratory)",exploratory_local_model,0.6796875,-2.9773858995560514,-1.6973972196531684,-0.770604175424807,-0.4393187275503067,0.4393187275503067
fluxv_periodic_v2,"FluxV augmented v2 (ULLT-state, exploratory)",exploratory_local_model,0.6875,-3.166934613008736,-1.8462850018471373,-0.8196629924410421,-0.4778537211651818,0.4778537211651818
fluxv_periodic_v2,"FluxV augmented v2 (ULLT-state, exploratory)",exploratory_local_model,0.6953125,-3.35892766551809,-1.9966795419481442,-0.8693544509578313,-0.5167786924227572,0.5167786924227572
fluxv_periodic_v2,"FluxV augmented v2 (ULLT-state, exploratory)",exploratory_local_model,0.703125,-3.5526269366400647,-2.1473675830537955,-0.919487511346675,-0.5557796273300912,0.5557796273300912
fluxv_periodic_v2,"FluxV augmented v2 (ULLT-state, exploratory)",exploratory_local_model,0.7109375,-3.7471573133934006,-2.2969947590230526,-0.969835677701407,-0.5945059901358413,0.5945059901358413
fluxv_periodic_v2,"FluxV augmented v2 (ULLT-state, exploratory)",exploratory_local_model,0.71875,-3.941511842596805,-2.444074982589396,-1.020138331361182,-0.6325731531527475,0.6325731531527475
fluxv_periodic_v2,"FluxV augmented v2 (ULLT-state, exploratory)",exploratory_local_model,0.7265625,-4.134556784013168,-2.5870048314225,-1.0701020387604372,-0.6695661201443791,0.6695661201443791
fluxv_periodic_v2,"FluxV augmented v2 (ULLT-state, exploratory)",exploratory_local_model,0.734375,-4.325036938965239,-2.72408296564055,-1.1194019305761123,-0.7050445519471299,0.7050445519471299
fluxv_periodic_v2,"FluxV augmented v2 (ULLT-state, exploratory)",exploratory_local_model,0.7421875,-4.511581713005358,-2.853534490143154,-1.1676832708620417,-0.7385490719059594,0.7385490719059594
fluxv_periodic_v2,"FluxV augmented v2 (ULLT-state, exploratory)",exploratory_local_model,0.75,-4.69271243109472,-2.9735400362138797,-1.2145633503566642,-0.7696087927469913,0.7696087927469913
fluxv_periodic_v2,"FluxV augmented v2 (ULLT-state, exploratory)",exploratory_local_model,0.7578125,-4.866851457074909,-3.082269182760833,-1.2596338467759396,-0.7977499666310858,0.7977499666310858
fluxv_periodic_v2,"FluxV augmented v2 (ULLT-state, exploratory)",exploratory_local_model,0.765625,-5.032333672151604,-3.177917672393445,-1.3024637956635399,-0.8225056173832967,0.8225056173832967
fluxv_periodic_v2,"FluxV augmented v2 (ULLT-state, exploratory)",exploratory_local_model,0.7734375,-5.187420837590568,-3.2587477072071684,-1.3426033077301092,-0.8434259698093882,0.8434259698093882
fluxv_periodic_v2,"FluxV augmented v2 (ULLT-state, exploratory)",exploratory_local_model,0.78125,-5.33031930230842,-3.3231304399814903,-1.379588151915,-0.8600894472271289,0.8600894472271289
fluxv_periodic_v2,"FluxV augmented v2 (ULLT-state, exploratory)",exploratory_local_model,0.7890625,-5.459201415987269,-3.369589616089433,-1.412945297508154,-0.8721139668236365,0.8721139668236365
fluxv_periodic_v2,"FluxV augmented v2 (ULLT-state, exploratory)",exploratory_local_model,0.796875,-5.572230873356965,-3.3968451778377466,-1.4421994737330348,-0.8791682252890678,0.8791682252890678
fluxv_periodic_v2,"FluxV augmented v2 (ULLT-state, exploratory)",exploratory_local_model,0.8046875,-5.667592046989274,-3.4038555241264,-1.4668807616324047,-0.8809826364213351,0.8809826364213351
fluxv_periodic_v2,"FluxV augmented v2 (ULLT-state, exploratory)",exploratory_local_model,0.8125,-5.743523168811032,-3.38985703259402,-1.4865331820758754,-0.8773595602100488,0.8773595602100488
fluxv_periodic_v2,"FluxV augmented v2 (ULLT-state, exploratory)",exploratory_local_model,0.8203125,-5.798353000032781,-3.354399406088782,-1.500724186635821,-0.8681824511763613,0.8681824511763613
fluxv_periodic_v2,"FluxV augmented v2 (ULLT-state, exploratory)",exploratory_local_model,0.828125,-5.830540393015986,-3.297375406906367,-1.5090548969520734,-0.8534235541600417,0.8534235541600417
fluxv_periodic_v2,"FluxV augmented v2 (ULLT-state, exploratory)",exploratory_local_model,0.8359375,-5.838715905990587,-3.2190435958378445,-1.511170875413383,-0.8331497896181356,0.8331497896181356
fluxv_periodic_v2,"FluxV augmented v2 (ULLT-state, exploratory)",exploratory_local_model,0.84375,-5.821724393450647,-3.1200428022446545,-1.506773148362948,-0.8075264987559544,0.8075264987559544
fluxv_periodic_v2,"FluxV augmented v2 (ULLT-state, exploratory)",exploratory_local_model,0.8515625,-5.778667272410941,-3.0013972172806858,-1.495629145410588,-0.77681876174995,0.77681876174995
fluxv_periodic_v2,"FluxV augmented v2 (ULLT-state, exploratory)",exploratory_local_model,0.859375,-5.708942970246379,-2.864511224857429,-1.4775831681039162,-0.7413900599030518,0.7413900599030518
fluxv_periodic_v2,"FluxV augmented v2 (ULLT-state, exploratory)",exploratory_local_model,0.8671875,-5.612283904689073,-2.711153361147461,-1.4525659610558723,-0.7016981240586755,0.7016981240586755
fluxv_periodic_v2,"FluxV augmented v2 (ULLT-state, exploratory)",exploratory_local_model,0.875,-5.488788242504253,-2.543429119325715,-1.4206029316948938,-0.6582878959498268,0.6582878959498268
fluxv_periodic_v2,"FluxV augmented v2 (ULLT-state, exploratory)",exploratory_local_model,0.8828125,-5.338944640052216,-2.3637426858528925,-1.381820553593536,-0.6117816248205133,0.6117816248205133
fluxv_periodic_v2,"FluxV augmented v2 (ULLT-state, exploratory)",exploratory_local_model,0.890625,-5.163648196623307,-2.1747481014604007,-1.3364504954953977,-0.5628662269585007,0.5628662269585007
fluxv_periodic_v2,"FluxV augmented v2 (ULLT-state, exploratory)",exploratory_local_model,0.8984375,-4.96420595722764,-1.97929077578078,-1.2848310455419027,-0.512278148567809,0.512278148567809
fluxv_periodic_v2,"FluxV augmented v2 (ULLT-state, exploratory)",exploratory_local_model,0.90625,-4.742330495243142,-1.7803407410633527,-1.2274054503393943,-0.46078609055913106,0.46078609055913106
fluxv_periodic_v2,"FluxV augmented v2 (ULLT-state, exploratory)",exploratory_local_model,0.9140625,-4.5001203942286185,-1.5809194964259612,-1.1647168632806302,-0.4091720744489252,0.4091720744489252
fluxv_periodic_v2,"FluxV augmented v2 (ULLT-state, exploratory)",exploratory_local_model,0.921875,-4.240026842367733,-1.384022755794688,-1.0973996985506729,-0.35821144805494043,0.35821144805494043
fluxv_periodic_v2,"FluxV augmented v2 (ULLT-state, exploratory)",exploratory_local_model,0.9296875,-3.9648060615439147,-1.1925418497781402,-1.026167318865482,-0.308652542804372,0.308652542804372
fluxv_periodic_v2,"FluxV augmented v2 (ULLT-state, exploratory)",exploratory_local_model,0.9375,-3.6774579227827418,-1.0091869147301455,-0.9517961479793287,-0.2611967936004153,0.2611967936004153
fluxv_periodic_v2,"FluxV augmented v2 (ULLT-state, exploratory)",exploratory_local_model,0.9453125,-3.381151850968258,-0.8364152895879874,-0.8751064934142251,-0.21648020656031125,0.21648020656031125
fluxv_periodic_v2,"FluxV augmented v2 (ULLT-state, exploratory)",exploratory_local_model,0.953125,-3.079141979743777,-0.6763686778201844,-0.7969405869323697,-0.17505709533067462,0.17505709533067462
fluxv_periodic_v2,"FluxV augmented v2 (ULLT-state, exploratory)",exploratory_local_model,0.9609375,-2.7746744429160737,-0.5308225527466678,-0.7181385897859068,-0.137386986220775,0.137386986220775
fluxv_periodic_v2,"FluxV augmented v2 (ULLT-state, exploratory)",exploratory_local_model,0.96875,-2.470890611010811,-0.40115092405510644,-0.6395135484946022,-0.10382549910593647,0.10382549910593647
fluxv_periodic_v2,"FluxV augmented v2 (ULLT-state, exploratory)",exploratory_local_model,0.9765625,-2.1707308927875983,-0.28830889163921264,-0.5618264968458285,-0.07461983202862714,0.07461983202862714
fluxv_periodic_v2,"FluxV augmented v2 (ULLT-state, exploratory)",exploratory_local_model,0.984375,-1.876844285097639,-0.19283437825317032,-0.48576304567509415,-0.04990920964242383,0.04990920964242383
fluxv_periodic_v2,"FluxV augmented v2 (ULLT-state, exploratory)",exploratory_local_model,0.9921875,-1.5915090260511535,-0.11486910250092806,-0.41191284639460235,-0.02973031142107378,0.02973031142107378
